[RUN 1/12 髢句ｧ犠
=== IME key matrix spike (awase 非依存) ===
観測: A=IMM(ImmGet*) / B=WM_IME_CONTROL / T=TSFスレッドcompartment / G=TSFグローバルcompartment
conv の目安: 0x19=ひらがな(NATIVE|FULLSHAPE|ROMAN) 0x10=半角英数(ROMAN) 0x00=直接入力系
手順: awase を止める → 画面中段の案内に従ってキーを1回ずつ押す（全 2ラウンド×20ステップ、各押下後は3秒待機）
ROUND1=標準EDIT / ROUND2=RichEdit(TSFネイティブ)。そのキーが無い場合は Ctrl+Shift+F12 でスキップ
ログファイル: C:\Users\cuzic\scoop\persist\msys2\home\cuzic\awase-spike\target\debug\examples\ime_key_matrix_spike.log

=== ROUND 2/2: 対象コントロール = RichEdit 5.0(TSFネイティブ) ===
[AUTO] フォーカス復帰(前面ウィンドウ)
[03:32:33.392Z] KEY [準備/その他] VK_IME_OFF vk=0x1A scan=0x00 press=03:32:32.904Z (injected)  状態=直接入力
    前     : A(open=0 conv=0x09) B(open=0 conv=0x09) T(open=0 conv=0x09) G(open=0 conv=0x00) comp="" tail=""
    +100ms: A(open=0 conv=0x09) B(open=0 conv=0x09) T(open=0 conv=0x09) G(open=0 conv=0x00) comp="" tail=""
    +400ms: A(open=0 conv=0x09) B(open=0 conv=0x09) T(open=0 conv=0x09) G(open=0 conv=0x00) comp="" tail=""
    差分 (前→+100ms): Δなし   (前→+400ms): Δなし
[03:32:33.496Z] KEY [準備/その他] VK_IME_ON vk=0x16 scan=0x00 press=03:32:32.912Z (injected)  状態=直接入力
    前     : A(open=0 conv=0x09) B(open=0 conv=0x09) T(open=0 conv=0x09) G(open=0 conv=0x00) comp="" tail=""
    +100ms: A(open=0 conv=0x09) B(open=0 conv=0x09) T(open=0 conv=0x09) G(open=0 conv=0x00) comp="" tail=""
    +400ms: A(open=0 conv=0x09) B(open=0 conv=0x09) T(open=0 conv=0x09) G(open=0 conv=0x00) comp="" tail=""
    差分 (前→+100ms): Δなし   (前→+400ms): Δなし
[AUTO] 準備 STEP 1: 現在=直接入力 必要=IME ON・かな・入力なし → VK 0x1C を注入
[03:32:34.080Z] KEY [準備/その他] 変換 vk=0x1C scan=0x79 press=03:32:33.628Z (auto)  状態=IME ON・入力なし
    前     : A(open=1 conv=0x09) B(open=1 conv=0x09) T(open=1 conv=0x09) G(open=0 conv=0x00) comp="" tail=""
    +100ms: A(open=0 conv=0x19) B(open=0 conv=0x19) T(open=0 conv=0x19) G(open=0 conv=0x00) comp="" tail=""
    +400ms: A(open=0 conv=0x19) B(open=0 conv=0x19) T(open=0 conv=0x19) G(open=0 conv=0x00) comp="" tail=""
    差分 (前→+100ms): Δ open A:1→0 B:1→0 / conv A:0x09→0x19 B:0x09→0x19 / tsf-thread open:1→0 conv:0x09→0x19   (前→+400ms): Δ open A:1→0 B:1→0 / conv A:0x09→0x19 B:0x09→0x19 / tsf-thread open:1→0 conv:0x09→0x19
[AUTO] 準備 STEP 1: 現在=直接入力 必要=IME ON・かな・入力なし → VK 0x1C を注入
[03:32:35.261Z] KEY [準備/その他] 変換 vk=0x1C scan=0x79 press=03:32:34.762Z (auto)  状態=直接入力
    前     : A(open=0 conv=0x19) B(open=0 conv=0x19) T(open=0 conv=0x19) G(open=0 conv=0x00) comp="" tail=""
    +100ms: A(open=1 conv=0x19) B(open=1 conv=0x19) T(open=1 conv=0x19) G(open=0 conv=0x00) comp="" tail=""
    +400ms: A(open=1 conv=0x19) B(open=1 conv=0x19) T(open=1 conv=0x19) G(open=0 conv=0x00) comp="" tail=""
    差分 (前→+100ms): Δ open A:0→1 B:0→1 / tsf-thread open:0→1 conv:0x19→0x19   (前→+400ms): Δ open A:0→1 B:0→1 / tsf-thread open:0→1 conv:0x19→0x19
[03:32:36.583Z] KEY [SCRIPT 1/10 ひらがなキー 期待=ONのまま半角英数へ(conv 0x10)。Engine OFF(決定3保留のため遅延の可能性あり)] ひらがな(0xF2) vk=0xF2 scan=0x70 press=03:32:36.074Z (auto)  状態=IME ON・入力なし
    前     : A(open=1 conv=0x19) B(open=1 conv=0x19) T(open=1 conv=0x19) G(open=0 conv=0x00) comp="" tail=""
    +100ms: A(open=1 conv=0x10) B(open=1 conv=0x10) T(open=1 conv=0x10) G(open=0 conv=0x00) comp="" tail=""
    +400ms: A(open=1 conv=0x10) B(open=1 conv=0x10) T(open=1 conv=0x10) G(open=0 conv=0x00) comp="k" tail=""
    差分 (前→+100ms): Δ conv A:0x19→0x10 B:0x19→0x10 / tsf-thread open:1→1 conv:0x19→0x10   (前→+400ms): Δ conv A:0x19→0x10 B:0x19→0x10 / tsf-thread open:1→1 conv:0x19→0x10 / comp:Some("")→Some("k")
[03:32:37.142Z] KEY [準備/その他] ESC vk=0x1B scan=0x01 press=03:32:36.688Z (auto)  状態=IME ON・入力中
    前     : A(open=1 conv=0x10) B(open=1 conv=0x10) T(open=1 conv=0x10) G(open=0 conv=0x00) comp="k" tail=""
    +100ms: A(open=1 conv=0x10) B(open=1 conv=0x10) T(open=1 conv=0x10) G(open=0 conv=0x00) comp="" tail=""
    +400ms: A(open=1 conv=0x10) B(open=1 conv=0x10) T(open=1 conv=0x10) G(open=0 conv=0x00) comp="" tail=""
    差分 (前→+100ms): Δ comp:Some("k")→Some("")   (前→+400ms): Δ comp:Some("k")→Some("")
[03:32:38.211Z] KEY [SCRIPT 2/10 無変換 期待=IME OFF(直接入力)。Engine OFF] 無変換 vk=0x1D scan=0x7B press=03:32:37.712Z (auto)  状態=IME ON・入力なし
    前     : A(open=1 conv=0x10) B(open=1 conv=0x10) T(open=1 conv=0x10) G(open=0 conv=0x00) comp="" tail=""
    +100ms: A(open=0 conv=0x10) B(open=0 conv=0x10) T(open=0 conv=0x10) G(open=0 conv=0x00) comp="" tail=""
    +400ms: A(open=0 conv=0x10) B(open=0 conv=0x10) T(open=0 conv=0x10) G(open=0 conv=0x00) comp="" tail="k"
    差分 (前→+100ms): Δ open A:1→0 B:1→0 / tsf-thread open:1→0 conv:0x10→0x10   (前→+400ms): Δ open A:1→0 B:1→0 / tsf-thread open:1→0 conv:0x10→0x10 / tail:""→"k"
[03:32:38.779Z] KEY [準備/その他] ESC vk=0x1B scan=0x01 press=03:32:38.288Z (auto)  状態=直接入力
    前     : A(open=0 conv=0x10) B(open=0 conv=0x10) T(open=0 conv=0x10) G(open=0 conv=0x00) comp="" tail="k"
    +100ms: A(open=0 conv=0x10) B(open=0 conv=0x10) T(open=0 conv=0x10) G(open=0 conv=0x00) comp="" tail="k"
    +400ms: A(open=0 conv=0x10) B(open=0 conv=0x10) T(open=0 conv=0x10) G(open=0 conv=0x00) comp="" tail="k"
    差分 (前→+100ms): Δなし   (前→+400ms): Δなし
[03:32:39.845Z] KEY [SCRIPT 3/10 無変換 期待=IME ON・半角英数のまま(conv 0x10)。Engine は OFF のまま ← 決定2の核心] 無変換 vk=0x1D scan=0x7B press=03:32:39.346Z (auto)  状態=直接入力
    前     : A(open=0 conv=0x10) B(open=0 conv=0x10) T(open=0 conv=0x10) G(open=0 conv=0x00) comp="" tail="k"
    +100ms: A(open=1 conv=0x10) B(open=1 conv=0x10) T(open=1 conv=0x10) G(open=0 conv=0x00) comp="" tail="k"
    +400ms: A(open=1 conv=0x10) B(open=1 conv=0x10) T(open=1 conv=0x10) G(open=0 conv=0x00) comp="k" tail="k"
    差分 (前→+100ms): Δ open A:0→1 B:0→1 / tsf-thread open:0→1 conv:0x10→0x10   (前→+400ms): Δ open A:0→1 B:0→1 / tsf-thread open:0→1 conv:0x10→0x10 / comp:Some("")→Some("k")
[03:32:40.409Z] KEY [準備/その他] ESC vk=0x1B scan=0x01 press=03:32:39.914Z (auto)  状態=IME ON・入力中
    前     : A(open=1 conv=0x10) B(open=1 conv=0x10) T(open=1 conv=0x10) G(open=0 conv=0x00) comp="k" tail="k"
    +100ms: A(open=1 conv=0x10) B(open=1 conv=0x10) T(open=1 conv=0x10) G(open=0 conv=0x00) comp="" tail="k"
    +400ms: A(open=1 conv=0x10) B(open=1 conv=0x10) T(open=1 conv=0x10) G(open=0 conv=0x00) comp="" tail="k"
    差分 (前→+100ms): Δ comp:Some("k")→Some("")   (前→+400ms): Δ comp:Some("k")→Some("")
[03:32:41.532Z] KEY [SCRIPT 4/10 ひらがなキー 期待=かなに戻る(conv 0x19)。Engine ON(遅延の可能性あり)] ひらがな(0xF2) vk=0xF2 scan=0x70 press=03:32:41.033Z (auto)  状態=IME ON・入力なし
    前     : A(open=1 conv=0x10) B(open=1 conv=0x10) T(open=1 conv=0x10) G(open=0 conv=0x00) comp="" tail="k"
    +100ms: A(open=1 conv=0x19) B(open=1 conv=0x19) T(open=1 conv=0x19) G(open=0 conv=0x00) comp="" tail="k"
    +400ms: A(open=1 conv=0x19) B(open=1 conv=0x19) T(open=1 conv=0x19) G(open=0 conv=0x00) comp="き" tail="k"
    差分 (前→+100ms): Δ conv A:0x10→0x19 B:0x10→0x19 / tsf-thread open:1→1 conv:0x10→0x19   (前→+400ms): Δ conv A:0x10→0x19 B:0x10→0x19 / tsf-thread open:1→1 conv:0x10→0x19 / comp:Some("")→Some("き")
[03:32:42.090Z] KEY [準備/その他] ESC vk=0x1B scan=0x01 press=03:32:41.609Z (auto)  状態=IME ON・入力中
    前     : A(open=1 conv=0x19) B(open=1 conv=0x19) T(open=1 conv=0x19) G(open=0 conv=0x00) comp="き" tail="k"
    +100ms: A(open=1 conv=0x19) B(open=1 conv=0x19) T(open=1 conv=0x19) G(open=0 conv=0x00) comp="" tail="k"
    +400ms: A(open=1 conv=0x19) B(open=1 conv=0x19) T(open=1 conv=0x19) G(open=0 conv=0x00) comp="" tail="k"
    差分 (前→+100ms): Δ comp:Some("き")→Some("")   (前→+400ms): Δ comp:Some("き")→Some("")
[03:32:43.153Z] KEY [SCRIPT 5/10 無変換 期待=IME OFF。Engine OFF] 無変換 vk=0x1D scan=0x7B press=03:32:42.650Z (auto)  状態=IME ON・入力なし
    前     : A(open=1 conv=0x19) B(open=1 conv=0x19) T(open=1 conv=0x19) G(open=0 conv=0x00) comp="" tail="k"
    +100ms: A(open=0 conv=0x19) B(open=0 conv=0x19) T(open=0 conv=0x19) G(open=0 conv=0x00) comp="" tail="k"
    +400ms: A(open=0 conv=0x19) B(open=0 conv=0x19) T(open=0 conv=0x19) G(open=0 conv=0x00) comp="" tail="kk"
    差分 (前→+100ms): Δ open A:1→0 B:1→0 / tsf-thread open:1→0 conv:0x19→0x19   (前→+400ms): Δ open A:1→0 B:1→0 / tsf-thread open:1→0 conv:0x19→0x19 / tail:"k"→"kk"
[03:32:43.719Z] KEY [準備/その他] ESC vk=0x1B scan=0x01 press=03:32:43.265Z (auto)  状態=直接入力
    前     : A(open=0 conv=0x19) B(open=0 conv=0x19) T(open=0 conv=0x19) G(open=0 conv=0x00) comp="" tail="kk"
    +100ms: A(open=0 conv=0x19) B(open=0 conv=0x19) T(open=0 conv=0x19) G(open=0 conv=0x00) comp="" tail="kk"
    +400ms: A(open=0 conv=0x19) B(open=0 conv=0x19) T(open=0 conv=0x19) G(open=0 conv=0x00) comp="" tail="kk"
    差分 (前→+100ms): Δなし   (前→+400ms): Δなし
[03:32:44.819Z] KEY [SCRIPT 6/10 無変換 期待=IME ON(かな)。Engine ON] 無変換 vk=0x1D scan=0x7B press=03:32:44.347Z (auto)  状態=直接入力
    前     : A(open=0 conv=0x19) B(open=0 conv=0x19) T(open=0 conv=0x19) G(open=0 conv=0x00) comp="" tail="kk"
    +100ms: A(open=1 conv=0x19) B(open=1 conv=0x19) T(open=1 conv=0x19) G(open=0 conv=0x00) comp="" tail="kk"
    +400ms: A(open=1 conv=0x19) B(open=1 conv=0x19) T(open=1 conv=0x19) G(open=0 conv=0x00) comp="き" tail="kk"
    差分 (前→+100ms): Δ open A:0→1 B:0→1 / tsf-thread open:0→1 conv:0x19→0x19   (前→+400ms): Δ open A:0→1 B:0→1 / tsf-thread open:0→1 conv:0x19→0x19 / comp:Some("")→Some("き")
[03:32:45.413Z] KEY [準備/その他] ESC vk=0x1B scan=0x01 press=03:32:44.933Z (auto)  状態=IME ON・入力中
    前     : A(open=1 conv=0x19) B(open=1 conv=0x19) T(open=1 conv=0x19) G(open=0 conv=0x00) comp="き" tail="kk"
    +100ms: A(open=1 conv=0x19) B(open=1 conv=0x19) T(open=1 conv=0x19) G(open=0 conv=0x00) comp="" tail="kk"
    +400ms: A(open=1 conv=0x19) B(open=1 conv=0x19) T(open=1 conv=0x19) G(open=0 conv=0x00) comp="" tail="kk"
    差分 (前→+100ms): Δ comp:Some("き")→Some("")   (前→+400ms): Δ comp:Some("き")→Some("")
[03:32:46.469Z] KEY [SCRIPT 7/10 ひらがなキー 期待=ONのまま半角英数へ。Engine は(遅延で)OFF] ひらがな(0xF2) vk=0xF2 scan=0x70 press=03:32:45.973Z (auto)  状態=IME ON・入力なし
    前     : A(open=1 conv=0x19) B(open=1 conv=0x19) T(open=1 conv=0x19) G(open=0 conv=0x00) comp="" tail="kk"
    +100ms: A(open=1 conv=0x10) B(open=1 conv=0x10) T(open=1 conv=0x10) G(open=0 conv=0x00) comp="" tail="kk"
    +400ms: A(open=1 conv=0x10) B(open=1 conv=0x10) T(open=1 conv=0x10) G(open=0 conv=0x00) comp="k" tail="kk"
    差分 (前→+100ms): Δ conv A:0x19→0x10 B:0x19→0x10 / tsf-thread open:1→1 conv:0x19→0x10   (前→+400ms): Δ conv A:0x19→0x10 B:0x19→0x10 / tsf-thread open:1→1 conv:0x19→0x10 / comp:Some("")→Some("k")
[03:32:47.042Z] KEY [準備/その他] ESC vk=0x1B scan=0x01 press=03:32:46.543Z (auto)  状態=IME ON・入力中
    前     : A(open=1 conv=0x10) B(open=1 conv=0x10) T(open=1 conv=0x10) G(open=0 conv=0x00) comp="k" tail="kk"
    +100ms: A(open=1 conv=0x10) B(open=1 conv=0x10) T(open=1 conv=0x10) G(open=0 conv=0x00) comp="" tail="kk"
    +400ms: A(open=1 conv=0x10) B(open=1 conv=0x10) T(open=1 conv=0x10) G(open=0 conv=0x00) comp="" tail="kk"
    差分 (前→+100ms): Δ comp:Some("k")→Some("")   (前→+400ms): Δ comp:Some("k")→Some("")
[03:32:48.098Z] KEY [SCRIPT 8/10 無変換 期待=IME OFF。Engine OFF] 無変換 vk=0x1D scan=0x7B press=03:32:47.588Z (auto)  状態=IME ON・入力なし
    前     : A(open=1 conv=0x10) B(open=1 conv=0x10) T(open=1 conv=0x10) G(open=0 conv=0x00) comp="" tail="kk"
    +100ms: A(open=0 conv=0x10) B(open=0 conv=0x10) T(open=0 conv=0x10) G(open=0 conv=0x00) comp="" tail="kk"
    +400ms: A(open=0 conv=0x10) B(open=0 conv=0x10) T(open=0 conv=0x10) G(open=0 conv=0x00) comp="" tail="kkk"
    差分 (前→+100ms): Δ open A:1→0 B:1→0 / tsf-thread open:1→0 conv:0x10→0x10   (前→+400ms): Δ open A:1→0 B:1→0 / tsf-thread open:1→0 conv:0x10→0x10 / tail:"kk"→"kkk"
[03:32:48.660Z] KEY [準備/その他] ESC vk=0x1B scan=0x01 press=03:32:48.169Z (auto)  状態=直接入力
    前     : A(open=0 conv=0x10) B(open=0 conv=0x10) T(open=0 conv=0x10) G(open=0 conv=0x00) comp="" tail="kkk"
    +100ms: A(open=0 conv=0x10) B(open=0 conv=0x10) T(open=0 conv=0x10) G(open=0 conv=0x00) comp="" tail="kkk"
    +400ms: A(open=0 conv=0x10) B(open=0 conv=0x10) T(open=0 conv=0x10) G(open=0 conv=0x00) comp="" tail="kkk"
    差分 (前→+100ms): Δなし   (前→+400ms): Δなし
[03:32:49.800Z] KEY [SCRIPT 9/10 無変換 期待=IME ON・半角英数のまま。Engine が ON にならないこと ← 退行窓の確認] 無変換 vk=0x1D scan=0x7B press=03:32:49.288Z (auto)  状態=直接入力
    前     : A(open=0 conv=0x10) B(open=0 conv=0x10) T(open=0 conv=0x10) G(open=0 conv=0x00) comp="" tail="kkk"
    +100ms: A(open=1 conv=0x10) B(open=1 conv=0x10) T(open=1 conv=0x10) G(open=0 conv=0x00) comp="" tail="kkk"
    +400ms: A(open=1 conv=0x10) B(open=1 conv=0x10) T(open=1 conv=0x10) G(open=0 conv=0x00) comp="k" tail="kkk"
    差分 (前→+100ms): Δ open A:0→1 B:0→1 / tsf-thread open:0→1 conv:0x10→0x10   (前→+400ms): Δ open A:0→1 B:0→1 / tsf-thread open:0→1 conv:0x10→0x10 / comp:Some("")→Some("k")
[03:32:50.355Z] KEY [準備/その他] ESC vk=0x1B scan=0x01 press=03:32:49.874Z (auto)  状態=IME ON・入力中
    前     : A(open=1 conv=0x10) B(open=1 conv=0x10) T(open=1 conv=0x10) G(open=0 conv=0x00) comp="k" tail="kkk"
    +100ms: A(open=1 conv=0x10) B(open=1 conv=0x10) T(open=1 conv=0x10) G(open=0 conv=0x00) comp="" tail="kkk"
    +400ms: A(open=1 conv=0x10) B(open=1 conv=0x10) T(open=1 conv=0x10) G(open=0 conv=0x00) comp="" tail="kkk"
    差分 (前→+100ms): Δ comp:Some("k")→Some("")   (前→+400ms): Δ comp:Some("k")→Some("")
[03:32:51.420Z] KEY [SCRIPT 10/10 ひらがなキー 期待=かなに戻る(後片付け)] ひらがな(0xF2) vk=0xF2 scan=0x70 press=03:32:50.918Z (auto)  状態=IME ON・入力なし
    前     : A(open=1 conv=0x10) B(open=1 conv=0x10) T(open=1 conv=0x10) G(open=0 conv=0x00) comp="" tail="kkk"
    +100ms: A(open=1 conv=0x19) B(open=1 conv=0x19) T(open=1 conv=0x19) G(open=0 conv=0x00) comp="" tail="kkk"
    +400ms: A(open=1 conv=0x19) B(open=1 conv=0x19) T(open=1 conv=0x19) G(open=0 conv=0x00) comp="き" tail="kkk"
    差分 (前→+100ms): Δ conv A:0x10→0x19 B:0x10→0x19 / tsf-thread open:1→1 conv:0x10→0x19   (前→+400ms): Δ conv A:0x10→0x19 B:0x10→0x19 / tsf-thread open:1→1 conv:0x10→0x19 / comp:Some("")→Some("き")
[03:32:51.982Z] KEY [準備/その他] ESC vk=0x1B scan=0x01 press=03:32:51.485Z (auto)  状態=IME ON・入力中
    前     : A(open=1 conv=0x19) B(open=1 conv=0x19) T(open=1 conv=0x19) G(open=0 conv=0x00) comp="き" tail="kkk"
    +100ms: A(open=1 conv=0x19) B(open=1 conv=0x19) T(open=1 conv=0x19) G(open=0 conv=0x00) comp="" tail="kkk"
    +400ms: A(open=1 conv=0x19) B(open=1 conv=0x19) T(open=1 conv=0x19) G(open=0 conv=0x00) comp="" tail="kkk"
    差分 (前→+100ms): Δ comp:Some("き")→Some("")   (前→+400ms): Δ comp:Some("き")→Some("")
[AUTO] 全手順完了（1.5秒後に自動で閉じます）
[RUN 2/12 髢句ｧ犠
=== IME key matrix spike (awase 非依存) ===
観測: A=IMM(ImmGet*) / B=WM_IME_CONTROL / T=TSFスレッドcompartment / G=TSFグローバルcompartment
conv の目安: 0x19=ひらがな(NATIVE|FULLSHAPE|ROMAN) 0x10=半角英数(ROMAN) 0x00=直接入力系
手順: awase を止める → 画面中段の案内に従ってキーを1回ずつ押す（全 2ラウンド×20ステップ、各押下後は3秒待機）
ROUND1=標準EDIT / ROUND2=RichEdit(TSFネイティブ)。そのキーが無い場合は Ctrl+Shift+F12 でスキップ
ログファイル: C:\Users\cuzic\scoop\persist\msys2\home\cuzic\awase-spike\target\debug\examples\ime_key_matrix_spike.log

=== ROUND 2/2: 対象コントロール = RichEdit 5.0(TSFネイティブ) ===
[AUTO] フォーカス復帰(前面ウィンドウ)
[AUTO] 準備 STEP 1: 現在=直接入力 必要=IME ON・かな・入力なし → VK 0x1C を注入
[03:32:55.952Z] KEY [準備/その他] 変換 vk=0x1C scan=0x79 press=03:32:55.448Z (auto)  状態=直接入力
    前     : A(open=0 conv=0x09) B(open=0 conv=0x09) T(open=0 conv=0x09) G(open=0 conv=0x00) comp="" tail=""
    +100ms: A(open=1 conv=0x19) B(open=1 conv=0x19) T(open=1 conv=0x19) G(open=0 conv=0x00) comp="" tail=""
    +400ms: A(open=1 conv=0x19) B(open=1 conv=0x19) T(open=1 conv=0x19) G(open=0 conv=0x00) comp="" tail=""
    差分 (前→+100ms): Δ open A:0→1 B:0→1 / conv A:0x09→0x19 B:0x09→0x19 / tsf-thread open:0→1 conv:0x09→0x19   (前→+400ms): Δ open A:0→1 B:0→1 / conv A:0x09→0x19 B:0x09→0x19 / tsf-thread open:0→1 conv:0x09→0x19
[03:32:57.260Z] KEY [SCRIPT 1/10 ひらがなキー 期待=ONのまま半角英数へ(conv 0x10)。Engine OFF(決定3保留のため遅延の可能性あり)] ひらがな(0xF2) vk=0xF2 scan=0x70 press=03:32:56.761Z (auto)  状態=IME ON・入力なし
    前     : A(open=1 conv=0x19) B(open=1 conv=0x19) T(open=1 conv=0x19) G(open=0 conv=0x00) comp="" tail=""
    +100ms: A(open=1 conv=0x10) B(open=1 conv=0x10) T(open=1 conv=0x10) G(open=0 conv=0x00) comp="" tail=""
    +400ms: A(open=1 conv=0x10) B(open=1 conv=0x10) T(open=1 conv=0x10) G(open=0 conv=0x00) comp="k" tail=""
    差分 (前→+100ms): Δ conv A:0x19→0x10 B:0x19→0x10 / tsf-thread open:1→1 conv:0x19→0x10   (前→+400ms): Δ conv A:0x19→0x10 B:0x19→0x10 / tsf-thread open:1→1 conv:0x19→0x10 / comp:Some("")→Some("k")
[03:32:57.823Z] KEY [準備/その他] ESC vk=0x1B scan=0x01 press=03:32:57.331Z (auto)  状態=IME ON・入力中
    前     : A(open=1 conv=0x10) B(open=1 conv=0x10) T(open=1 conv=0x10) G(open=0 conv=0x00) comp="k" tail=""
    +100ms: A(open=1 conv=0x10) B(open=1 conv=0x10) T(open=1 conv=0x10) G(open=0 conv=0x00) comp="" tail=""
    +400ms: A(open=1 conv=0x10) B(open=1 conv=0x10) T(open=1 conv=0x10) G(open=0 conv=0x00) comp="" tail=""
    差分 (前→+100ms): Δ comp:Some("k")→Some("")   (前→+400ms): Δ comp:Some("k")→Some("")
[03:32:58.889Z] KEY [SCRIPT 2/10 無変換 期待=IME OFF(直接入力)。Engine OFF] 無変換 vk=0x1D scan=0x7B press=03:32:58.385Z (auto)  状態=IME ON・入力なし
    前     : A(open=1 conv=0x10) B(open=1 conv=0x10) T(open=1 conv=0x10) G(open=0 conv=0x00) comp="" tail=""
    +100ms: A(open=0 conv=0x10) B(open=0 conv=0x10) T(open=0 conv=0x10) G(open=0 conv=0x00) comp="" tail=""
    +400ms: A(open=0 conv=0x10) B(open=0 conv=0x10) T(open=0 conv=0x10) G(open=0 conv=0x00) comp="" tail="k"
    差分 (前→+100ms): Δ open A:1→0 B:1→0 / tsf-thread open:1→0 conv:0x10→0x10   (前→+400ms): Δ open A:1→0 B:1→0 / tsf-thread open:1→0 conv:0x10→0x10 / tail:""→"k"
[03:32:59.461Z] KEY [準備/その他] ESC vk=0x1B scan=0x01 press=03:32:58.979Z (auto)  状態=直接入力
    前     : A(open=0 conv=0x10) B(open=0 conv=0x10) T(open=0 conv=0x10) G(open=0 conv=0x00) comp="" tail="k"
    +100ms: A(open=0 conv=0x10) B(open=0 conv=0x10) T(open=0 conv=0x10) G(open=0 conv=0x00) comp="" tail="k"
    +400ms: A(open=0 conv=0x10) B(open=0 conv=0x10) T(open=0 conv=0x10) G(open=0 conv=0x00) comp="" tail="k"
    差分 (前→+100ms): Δなし   (前→+400ms): Δなし
[03:33:00.526Z] KEY [SCRIPT 3/10 無変換 期待=IME ON・半角英数のまま(conv 0x10)。Engine は OFF のまま ← 決定2の核心] 無変換 vk=0x1D scan=0x7B press=03:33:00.026Z (auto)  状態=直接入力
    前     : A(open=0 conv=0x10) B(open=0 conv=0x10) T(open=0 conv=0x10) G(open=0 conv=0x00) comp="" tail="k"
    +100ms: A(open=1 conv=0x10) B(open=1 conv=0x10) T(open=1 conv=0x10) G(open=0 conv=0x00) comp="" tail="k"
    +400ms: A(open=1 conv=0x10) B(open=1 conv=0x10) T(open=1 conv=0x10) G(open=0 conv=0x00) comp="k" tail="k"
    差分 (前→+100ms): Δ open A:0→1 B:0→1 / tsf-thread open:0→1 conv:0x10→0x10   (前→+400ms): Δ open A:0→1 B:0→1 / tsf-thread open:0→1 conv:0x10→0x10 / comp:Some("")→Some("k")
[03:33:01.103Z] KEY [準備/その他] ESC vk=0x1B scan=0x01 press=03:33:00.601Z (auto)  状態=IME ON・入力中
    前     : A(open=1 conv=0x10) B(open=1 conv=0x10) T(open=1 conv=0x10) G(open=0 conv=0x00) comp="k" tail="k"
    +100ms: A(open=1 conv=0x10) B(open=1 conv=0x10) T(open=1 conv=0x10) G(open=0 conv=0x00) comp="" tail="k"
    +400ms: A(open=1 conv=0x10) B(open=1 conv=0x10) T(open=1 conv=0x10) G(open=0 conv=0x00) comp="" tail="k"
    差分 (前→+100ms): Δ comp:Some("k")→Some("")   (前→+400ms): Δ comp:Some("k")→Some("")
[03:33:02.289Z] KEY [SCRIPT 4/10 ひらがなキー 期待=かなに戻る(conv 0x19)。Engine ON(遅延の可能性あり)] ひらがな(0xF2) vk=0xF2 scan=0x70 press=03:33:01.660Z (auto)  状態=IME ON・入力なし
    前     : A(open=1 conv=0x10) B(open=1 conv=0x10) T(open=1 conv=0x10) G(open=0 conv=0x00) comp="" tail="k"
    +100ms: A(open=1 conv=0x19) B(open=1 conv=0x19) T(open=1 conv=0x19) G(open=0 conv=0x00) comp="" tail="k"
    +400ms: A(open=1 conv=0x19) B(open=1 conv=0x19) T(open=1 conv=0x19) G(open=0 conv=0x00) comp="き" tail="k"
    差分 (前→+100ms): Δ conv A:0x10→0x19 B:0x10→0x19 / tsf-thread open:1→1 conv:0x10→0x19   (前→+400ms): Δ conv A:0x10→0x19 B:0x10→0x19 / tsf-thread open:1→1 conv:0x10→0x19 / comp:Some("")→Some("き")
[03:33:02.903Z] KEY [準備/その他] ESC vk=0x1B scan=0x01 press=03:33:02.446Z (auto)  状態=IME ON・入力中
    前     : A(open=1 conv=0x19) B(open=1 conv=0x19) T(open=1 conv=0x19) G(open=0 conv=0x00) comp="き" tail="k"
    +100ms: A(open=1 conv=0x19) B(open=1 conv=0x19) T(open=1 conv=0x19) G(open=0 conv=0x00) comp="" tail="k"
    +400ms: A(open=1 conv=0x19) B(open=1 conv=0x19) T(open=1 conv=0x19) G(open=0 conv=0x00) comp="" tail="k"
    差分 (前→+100ms): Δ comp:Some("き")→Some("")   (前→+400ms): Δ comp:Some("き")→Some("")
[03:33:02.994Z] KEY [準備/その他] ESC vk=0x1B scan=0x01 press=03:33:02.448Z (injected)  状態=IME ON・入力中
    前     : A(open=1 conv=0x19) B(open=1 conv=0x19) T(open=1 conv=0x19) G(open=0 conv=0x00) comp="き" tail="k"
    +100ms: A(open=1 conv=0x19) B(open=1 conv=0x19) T(open=1 conv=0x19) G(open=0 conv=0x00) comp="" tail="k"
    +400ms: A(open=1 conv=0x19) B(open=1 conv=0x19) T(open=1 conv=0x19) G(open=0 conv=0x00) comp="" tail="k"
    差分 (前→+100ms): Δ comp:Some("き")→Some("")   (前→+400ms): Δ comp:Some("き")→Some("")
[03:33:03.780Z] KEY [SCRIPT 5/10 無変換 期待=IME OFF。Engine OFF] 無変換 vk=0x1D scan=0x7B press=03:33:03.285Z (auto)  状態=IME ON・入力なし
    前     : A(open=1 conv=0x19) B(open=1 conv=0x19) T(open=1 conv=0x19) G(open=0 conv=0x00) comp="" tail="k"
    +100ms: A(open=0 conv=0x19) B(open=0 conv=0x19) T(open=0 conv=0x19) G(open=0 conv=0x00) comp="" tail="k"
    +400ms: A(open=0 conv=0x19) B(open=0 conv=0x19) T(open=0 conv=0x19) G(open=0 conv=0x00) comp="" tail="kk"
    差分 (前→+100ms): Δ open A:1→0 B:1→0 / tsf-thread open:1→0 conv:0x19→0x19   (前→+400ms): Δ open A:1→0 B:1→0 / tsf-thread open:1→0 conv:0x19→0x19 / tail:"k"→"kk"
[03:33:04.346Z] KEY [準備/その他] ESC vk=0x1B scan=0x01 press=03:33:03.864Z (auto)  状態=直接入力
    前     : A(open=0 conv=0x19) B(open=0 conv=0x19) T(open=0 conv=0x19) G(open=0 conv=0x00) comp="" tail="kk"
    +100ms: A(open=0 conv=0x19) B(open=0 conv=0x19) T(open=0 conv=0x19) G(open=0 conv=0x00) comp="" tail="kk"
    +400ms: A(open=0 conv=0x19) B(open=0 conv=0x19) T(open=0 conv=0x19) G(open=0 conv=0x00) comp="" tail="kk"
    差分 (前→+100ms): Δなし   (前→+400ms): Δなし
[03:33:04.430Z] KEY [準備/その他] ESC vk=0x1B scan=0x01 press=03:33:03.923Z (injected)  状態=直接入力
    前     : A(open=0 conv=0x19) B(open=0 conv=0x19) T(open=0 conv=0x19) G(open=0 conv=0x00) comp="" tail="kk"
    +100ms: A(open=0 conv=0x19) B(open=0 conv=0x19) T(open=0 conv=0x19) G(open=0 conv=0x00) comp="" tail="kk"
    +400ms: A(open=0 conv=0x19) B(open=0 conv=0x19) T(open=0 conv=0x19) G(open=0 conv=0x00) comp="" tail="kk"
    差分 (前→+100ms): Δなし   (前→+400ms): Δなし
[03:33:05.438Z] KEY [SCRIPT 6/10 無変換 期待=IME ON(かな)。Engine ON] 無変換 vk=0x1D scan=0x7B press=03:33:04.970Z (auto)  状態=直接入力
    前     : A(open=0 conv=0x19) B(open=0 conv=0x19) T(open=0 conv=0x19) G(open=0 conv=0x00) comp="" tail="kk"
    +100ms: A(open=1 conv=0x19) B(open=1 conv=0x19) T(open=1 conv=0x19) G(open=0 conv=0x00) comp="" tail="kk"
    +400ms: A(open=1 conv=0x19) B(open=1 conv=0x19) T(open=1 conv=0x19) G(open=0 conv=0x00) comp="き" tail="kk"
    差分 (前→+100ms): Δ open A:0→1 B:0→1 / tsf-thread open:0→1 conv:0x19→0x19   (前→+400ms): Δ open A:0→1 B:0→1 / tsf-thread open:0→1 conv:0x19→0x19 / comp:Some("")→Some("き")
[03:33:05.965Z] KEY [準備/その他] ESC vk=0x1B scan=0x01 press=03:33:05.517Z (auto)  状態=IME ON・入力中
    前     : A(open=1 conv=0x19) B(open=1 conv=0x19) T(open=1 conv=0x19) G(open=0 conv=0x00) comp="き" tail="kk"
    +100ms: A(open=1 conv=0x19) B(open=1 conv=0x19) T(open=1 conv=0x19) G(open=0 conv=0x00) comp="" tail="kk"
    +400ms: A(open=1 conv=0x19) B(open=1 conv=0x19) T(open=1 conv=0x19) G(open=0 conv=0x00) comp="" tail="kk"
    差分 (前→+100ms): Δ comp:Some("き")→Some("")   (前→+400ms): Δ comp:Some("き")→Some("")
[03:33:07.182Z] KEY [SCRIPT 7/10 ひらがなキー 期待=ONのまま半角英数へ。Engine は(遅延で)OFF] ひらがな(0xF2) vk=0xF2 scan=0x70 press=03:33:06.649Z (auto)  状態=IME ON・入力なし
    前     : A(open=1 conv=0x19) B(open=1 conv=0x19) T(open=1 conv=0x19) G(open=0 conv=0x00) comp="" tail="kk"
    +100ms: A(open=1 conv=0x10) B(open=1 conv=0x10) T(open=1 conv=0x10) G(open=0 conv=0x00) comp="" tail="kk"
    +400ms: A(open=1 conv=0x10) B(open=1 conv=0x10) T(open=1 conv=0x10) G(open=0 conv=0x00) comp="k" tail="kk"
    差分 (前→+100ms): Δ conv A:0x19→0x10 B:0x19→0x10 / tsf-thread open:1→1 conv:0x19→0x10   (前→+400ms): Δ conv A:0x19→0x10 B:0x19→0x10 / tsf-thread open:1→1 conv:0x19→0x10 / comp:Some("")→Some("k")
[03:33:07.729Z] KEY [準備/その他] ESC vk=0x1B scan=0x01 press=03:33:07.245Z (auto)  状態=IME ON・入力中
    前     : A(open=1 conv=0x10) B(open=1 conv=0x10) T(open=1 conv=0x10) G(open=0 conv=0x00) comp="k" tail="kk"
    +100ms: A(open=1 conv=0x10) B(open=1 conv=0x10) T(open=1 conv=0x10) G(open=0 conv=0x00) comp="" tail="kk"
    +400ms: A(open=1 conv=0x10) B(open=1 conv=0x10) T(open=1 conv=0x10) G(open=0 conv=0x00) comp="" tail="kk"
    差分 (前→+100ms): Δ comp:Some("k")→Some("")   (前→+400ms): Δ comp:Some("k")→Some("")
[03:33:08.796Z] KEY [SCRIPT 8/10 無変換 期待=IME OFF。Engine OFF] 無変換 vk=0x1D scan=0x7B press=03:33:08.304Z (auto)  状態=IME ON・入力なし
    前     : A(open=1 conv=0x10) B(open=1 conv=0x10) T(open=1 conv=0x10) G(open=0 conv=0x00) comp="" tail="kk"
    +100ms: A(open=0 conv=0x10) B(open=0 conv=0x10) T(open=0 conv=0x10) G(open=0 conv=0x00) comp="" tail="kk"
    +400ms: A(open=0 conv=0x10) B(open=0 conv=0x10) T(open=0 conv=0x10) G(open=0 conv=0x00) comp="" tail="kkk"
    差分 (前→+100ms): Δ open A:1→0 B:1→0 / tsf-thread open:1→0 conv:0x10→0x10   (前→+400ms): Δ open A:1→0 B:1→0 / tsf-thread open:1→0 conv:0x10→0x10 / tail:"kk"→"kkk"
[03:33:09.427Z] KEY [準備/その他] ESC vk=0x1B scan=0x01 press=03:33:08.932Z (auto)  状態=直接入力
    前     : A(open=0 conv=0x10) B(open=0 conv=0x10) T(open=0 conv=0x10) G(open=0 conv=0x00) comp="" tail="kkk"
    +100ms: A(open=0 conv=0x10) B(open=0 conv=0x10) T(open=0 conv=0x10) G(open=0 conv=0x00) comp="" tail="kkk"
    +400ms: A(open=0 conv=0x10) B(open=0 conv=0x10) T(open=0 conv=0x10) G(open=0 conv=0x00) comp="" tail="kkk"
    差分 (前→+100ms): Δなし   (前→+400ms): Δなし
[03:33:09.479Z] KEY [準備/その他] ESC vk=0x1B scan=0x01 press=03:33:08.933Z (injected)  状態=直接入力
    前     : A(open=0 conv=0x10) B(open=0 conv=0x10) T(open=0 conv=0x10) G(open=0 conv=0x00) comp="" tail="kkk"
    +100ms: A(open=0 conv=0x10) B(open=0 conv=0x10) T(open=0 conv=0x10) G(open=0 conv=0x00) comp="" tail="kkk"
    +400ms: A(open=0 conv=0x10) B(open=0 conv=0x10) T(open=0 conv=0x10) G(open=0 conv=0x00) comp="" tail="kkk"
    差分 (前→+100ms): Δなし   (前→+400ms): Δなし
[03:33:10.478Z] KEY [SCRIPT 9/10 無変換 期待=IME ON・半角英数のまま。Engine が ON にならないこと ← 退行窓の確認] 無変換 vk=0x1D scan=0x7B press=03:33:09.990Z (auto)  状態=直接入力
    前     : A(open=0 conv=0x10) B(open=0 conv=0x10) T(open=0 conv=0x10) G(open=0 conv=0x00) comp="" tail="kkk"
    +100ms: A(open=1 conv=0x10) B(open=1 conv=0x10) T(open=1 conv=0x10) G(open=0 conv=0x00) comp="" tail="kkk"
    +400ms: A(open=1 conv=0x10) B(open=1 conv=0x10) T(open=1 conv=0x10) G(open=0 conv=0x00) comp="k" tail="kkk"
    差分 (前→+100ms): Δ open A:0→1 B:0→1 / tsf-thread open:0→1 conv:0x10→0x10   (前→+400ms): Δ open A:0→1 B:0→1 / tsf-thread open:0→1 conv:0x10→0x10 / comp:Some("")→Some("k")
[03:33:11.053Z] KEY [準備/その他] ESC vk=0x1B scan=0x01 press=03:33:10.551Z (auto)  状態=IME ON・入力中
    前     : A(open=1 conv=0x10) B(open=1 conv=0x10) T(open=1 conv=0x10) G(open=0 conv=0x00) comp="k" tail="kkk"
    +100ms: A(open=1 conv=0x10) B(open=1 conv=0x10) T(open=1 conv=0x10) G(open=0 conv=0x00) comp="" tail="kkk"
    +400ms: A(open=1 conv=0x10) B(open=1 conv=0x10) T(open=1 conv=0x10) G(open=0 conv=0x00) comp="" tail="kkk"
    差分 (前→+100ms): Δ comp:Some("k")→Some("")   (前→+400ms): Δ comp:Some("k")→Some("")
[03:33:12.111Z] KEY [SCRIPT 10/10 ひらがなキー 期待=かなに戻る(後片付け)] ひらがな(0xF2) vk=0xF2 scan=0x70 press=03:33:11.614Z (auto)  状態=IME ON・入力なし
    前     : A(open=1 conv=0x10) B(open=1 conv=0x10) T(open=1 conv=0x10) G(open=0 conv=0x00) comp="" tail="kkk"
    +100ms: A(open=1 conv=0x19) B(open=1 conv=0x19) T(open=1 conv=0x19) G(open=0 conv=0x00) comp="" tail="kkk"
    +400ms: A(open=1 conv=0x19) B(open=1 conv=0x19) T(open=1 conv=0x19) G(open=0 conv=0x00) comp="き" tail="kkk"
    差分 (前→+100ms): Δ conv A:0x10→0x19 B:0x10→0x19 / tsf-thread open:1→1 conv:0x10→0x19   (前→+400ms): Δ conv A:0x10→0x19 B:0x10→0x19 / tsf-thread open:1→1 conv:0x10→0x19 / comp:Some("")→Some("き")
[03:33:12.677Z] KEY [準備/その他] ESC vk=0x1B scan=0x01 press=03:33:12.178Z (auto)  状態=IME ON・入力中
    前     : A(open=1 conv=0x19) B(open=1 conv=0x19) T(open=1 conv=0x19) G(open=0 conv=0x00) comp="き" tail="kkk"
    +100ms: A(open=1 conv=0x19) B(open=1 conv=0x19) T(open=1 conv=0x19) G(open=0 conv=0x00) comp="" tail="kkk"
    +400ms: A(open=1 conv=0x19) B(open=1 conv=0x19) T(open=1 conv=0x19) G(open=0 conv=0x00) comp="" tail="kkk"
    差分 (前→+100ms): Δ comp:Some("き")→Some("")   (前→+400ms): Δ comp:Some("き")→Some("")
[AUTO] 全手順完了（1.5秒後に自動で閉じます）
[RUN 3/12 髢句ｧ犠
=== IME key matrix spike (awase 非依存) ===
観測: A=IMM(ImmGet*) / B=WM_IME_CONTROL / T=TSFスレッドcompartment / G=TSFグローバルcompartment
conv の目安: 0x19=ひらがな(NATIVE|FULLSHAPE|ROMAN) 0x10=半角英数(ROMAN) 0x00=直接入力系
手順: awase を止める → 画面中段の案内に従ってキーを1回ずつ押す（全 2ラウンド×20ステップ、各押下後は3秒待機）
ROUND1=標準EDIT / ROUND2=RichEdit(TSFネイティブ)。そのキーが無い場合は Ctrl+Shift+F12 でスキップ
ログファイル: C:\Users\cuzic\scoop\persist\msys2\home\cuzic\awase-spike\target\debug\examples\ime_key_matrix_spike.log

=== ROUND 2/2: 対象コントロール = RichEdit 5.0(TSFネイティブ) ===
[AUTO] フォーカス復帰(前面ウィンドウ)
[AUTO] 準備 STEP 1: 現在=直接入力 必要=IME ON・かな・入力なし → VK 0x1C を注入
[03:33:16.551Z] KEY [準備/その他] 変換 vk=0x1C scan=0x79 press=03:33:16.050Z (auto)  状態=直接入力
    前     : A(open=0 conv=0x09) B(open=0 conv=0x09) T(open=0 conv=0x09) G(open=0 conv=0x00) comp="" tail=""
    +100ms: A(open=1 conv=0x19) B(open=1 conv=0x19) T(open=1 conv=0x19) G(open=0 conv=0x00) comp="" tail=""
    +400ms: A(open=1 conv=0x19) B(open=1 conv=0x19) T(open=1 conv=0x19) G(open=0 conv=0x00) comp="" tail=""
    差分 (前→+100ms): Δ open A:0→1 B:0→1 / conv A:0x09→0x19 B:0x09→0x19 / tsf-thread open:0→1 conv:0x09→0x19   (前→+400ms): Δ open A:0→1 B:0→1 / conv A:0x09→0x19 B:0x09→0x19 / tsf-thread open:0→1 conv:0x09→0x19
[03:33:17.796Z] KEY [SCRIPT 1/10 ひらがなキー 期待=ONのまま半角英数へ(conv 0x10)。Engine OFF(決定3保留のため遅延の可能性あり)] ひらがな(0xF2) vk=0xF2 scan=0x70 press=03:33:17.301Z (auto)  状態=IME ON・入力なし
    前     : A(open=1 conv=0x19) B(open=1 conv=0x19) T(open=1 conv=0x19) G(open=0 conv=0x00) comp="" tail=""
    +100ms: A(open=1 conv=0x10) B(open=1 conv=0x10) T(open=1 conv=0x10) G(open=0 conv=0x00) comp="" tail=""
    +400ms: A(open=1 conv=0x10) B(open=1 conv=0x10) T(open=1 conv=0x10) G(open=0 conv=0x00) comp="k" tail=""
    差分 (前→+100ms): Δ conv A:0x19→0x10 B:0x19→0x10 / tsf-thread open:1→1 conv:0x19→0x10   (前→+400ms): Δ conv A:0x19→0x10 B:0x19→0x10 / tsf-thread open:1→1 conv:0x19→0x10 / comp:Some("")→Some("k")
[03:33:18.419Z] KEY [準備/その他] ESC vk=0x1B scan=0x01 press=03:33:17.902Z (auto)  状態=IME ON・入力中
    前     : A(open=1 conv=0x10) B(open=1 conv=0x10) T(open=1 conv=0x10) G(open=0 conv=0x00) comp="k" tail=""
    +100ms: A(open=1 conv=0x10) B(open=1 conv=0x10) T(open=1 conv=0x10) G(open=0 conv=0x00) comp="" tail=""
    +400ms: A(open=1 conv=0x10) B(open=1 conv=0x10) T(open=1 conv=0x10) G(open=0 conv=0x00) comp="" tail=""
    差分 (前→+100ms): Δ comp:Some("k")→Some("")   (前→+400ms): Δ comp:Some("k")→Some("")
[03:33:19.491Z] KEY [SCRIPT 2/10 無変換 期待=IME OFF(直接入力)。Engine OFF] 無変換 vk=0x1D scan=0x7B press=03:33:18.979Z (auto)  状態=IME ON・入力なし
    前     : A(open=1 conv=0x10) B(open=1 conv=0x10) T(open=1 conv=0x10) G(open=0 conv=0x00) comp="" tail=""
    +100ms: A(open=0 conv=0x10) B(open=0 conv=0x10) T(open=0 conv=0x10) G(open=0 conv=0x00) comp="" tail=""
    +400ms: A(open=0 conv=0x10) B(open=0 conv=0x10) T(open=0 conv=0x10) G(open=0 conv=0x00) comp="" tail="k"
    差分 (前→+100ms): Δ open A:1→0 B:1→0 / tsf-thread open:1→0 conv:0x10→0x10   (前→+400ms): Δ open A:1→0 B:1→0 / tsf-thread open:1→0 conv:0x10→0x10 / tail:""→"k"
[03:33:20.050Z] KEY [準備/その他] ESC vk=0x1B scan=0x01 press=03:33:19.555Z (auto)  状態=直接入力
    前     : A(open=0 conv=0x10) B(open=0 conv=0x10) T(open=0 conv=0x10) G(open=0 conv=0x00) comp="" tail="k"
    +100ms: A(open=0 conv=0x10) B(open=0 conv=0x10) T(open=0 conv=0x10) G(open=0 conv=0x00) comp="" tail="k"
    +400ms: A(open=0 conv=0x10) B(open=0 conv=0x10) T(open=0 conv=0x10) G(open=0 conv=0x00) comp="" tail="k"
    差分 (前→+100ms): Δなし   (前→+400ms): Δなし
[03:33:21.110Z] KEY [SCRIPT 3/10 無変換 期待=IME ON・半角英数のまま(conv 0x10)。Engine は OFF のまま ← 決定2の核心] 無変換 vk=0x1D scan=0x7B press=03:33:20.615Z (auto)  状態=直接入力
    前     : A(open=0 conv=0x10) B(open=0 conv=0x10) T(open=0 conv=0x10) G(open=0 conv=0x00) comp="" tail="k"
    +100ms: A(open=1 conv=0x10) B(open=1 conv=0x10) T(open=1 conv=0x10) G(open=0 conv=0x00) comp="" tail="k"
    +400ms: A(open=1 conv=0x10) B(open=1 conv=0x10) T(open=1 conv=0x10) G(open=0 conv=0x00) comp="k" tail="k"
    差分 (前→+100ms): Δ open A:0→1 B:0→1 / tsf-thread open:0→1 conv:0x10→0x10   (前→+400ms): Δ open A:0→1 B:0→1 / tsf-thread open:0→1 conv:0x10→0x10 / comp:Some("")→Some("k")
[03:33:21.671Z] KEY [準備/その他] ESC vk=0x1B scan=0x01 press=03:33:21.179Z (auto)  状態=IME ON・入力中
    前     : A(open=1 conv=0x10) B(open=1 conv=0x10) T(open=1 conv=0x10) G(open=0 conv=0x00) comp="k" tail="k"
    +100ms: A(open=1 conv=0x10) B(open=1 conv=0x10) T(open=1 conv=0x10) G(open=0 conv=0x00) comp="" tail="k"
    +400ms: A(open=1 conv=0x10) B(open=1 conv=0x10) T(open=1 conv=0x10) G(open=0 conv=0x00) comp="" tail="k"
    差分 (前→+100ms): Δ comp:Some("k")→Some("")   (前→+400ms): Δ comp:Some("k")→Some("")
[03:33:22.825Z] KEY [SCRIPT 4/10 ひらがなキー 期待=かなに戻る(conv 0x19)。Engine ON(遅延の可能性あり)] ひらがな(0xF2) vk=0xF2 scan=0x70 press=03:33:22.308Z (auto)  状態=IME ON・入力なし
    前     : A(open=1 conv=0x10) B(open=1 conv=0x10) T(open=1 conv=0x10) G(open=0 conv=0x00) comp="" tail="k"
    +100ms: A(open=1 conv=0x19) B(open=1 conv=0x19) T(open=1 conv=0x19) G(open=0 conv=0x00) comp="" tail="k"
    +400ms: A(open=1 conv=0x19) B(open=1 conv=0x19) T(open=1 conv=0x19) G(open=0 conv=0x00) comp="き" tail="k"
    差分 (前→+100ms): Δ conv A:0x10→0x19 B:0x10→0x19 / tsf-thread open:1→1 conv:0x10→0x19   (前→+400ms): Δ conv A:0x10→0x19 B:0x10→0x19 / tsf-thread open:1→1 conv:0x10→0x19 / comp:Some("")→Some("き")
[03:33:23.427Z] KEY [準備/その他] ESC vk=0x1B scan=0x01 press=03:33:22.925Z (auto)  状態=IME ON・入力中
    前     : A(open=1 conv=0x19) B(open=1 conv=0x19) T(open=1 conv=0x19) G(open=0 conv=0x00) comp="き" tail="k"
    +100ms: A(open=1 conv=0x19) B(open=1 conv=0x19) T(open=1 conv=0x19) G(open=0 conv=0x00) comp="" tail="k"
    +400ms: A(open=1 conv=0x19) B(open=1 conv=0x19) T(open=1 conv=0x19) G(open=0 conv=0x00) comp="" tail="k"
    差分 (前→+100ms): Δ comp:Some("き")→Some("")   (前→+400ms): Δ comp:Some("き")→Some("")
[03:33:23.510Z] KEY [準備/その他] ESC vk=0x1B scan=0x01 press=03:33:22.928Z (injected)  状態=IME ON・入力中
    前     : A(open=1 conv=0x19) B(open=1 conv=0x19) T(open=1 conv=0x19) G(open=0 conv=0x00) comp="き" tail="k"
    +100ms: A(open=1 conv=0x19) B(open=1 conv=0x19) T(open=1 conv=0x19) G(open=0 conv=0x00) comp="" tail="k"
    +400ms: A(open=1 conv=0x19) B(open=1 conv=0x19) T(open=1 conv=0x19) G(open=0 conv=0x00) comp="" tail="k"
    差分 (前→+100ms): Δ comp:Some("き")→Some("")   (前→+400ms): Δ comp:Some("き")→Some("")
[03:33:24.492Z] KEY [SCRIPT 5/10 無変換 期待=IME OFF。Engine OFF] 無変換 vk=0x1D scan=0x7B press=03:33:23.992Z (auto)  状態=IME ON・入力なし
    前     : A(open=1 conv=0x19) B(open=1 conv=0x19) T(open=1 conv=0x19) G(open=0 conv=0x00) comp="" tail="k"
    +100ms: A(open=0 conv=0x19) B(open=0 conv=0x19) T(open=0 conv=0x19) G(open=0 conv=0x00) comp="" tail="k"
    +400ms: A(open=0 conv=0x19) B(open=0 conv=0x19) T(open=0 conv=0x19) G(open=0 conv=0x00) comp="" tail="kk"
    差分 (前→+100ms): Δ open A:1→0 B:1→0 / tsf-thread open:1→0 conv:0x19→0x19   (前→+400ms): Δ open A:1→0 B:1→0 / tsf-thread open:1→0 conv:0x19→0x19 / tail:"k"→"kk"
[03:33:25.049Z] KEY [準備/その他] ESC vk=0x1B scan=0x01 press=03:33:24.556Z (auto)  状態=直接入力
    前     : A(open=0 conv=0x19) B(open=0 conv=0x19) T(open=0 conv=0x19) G(open=0 conv=0x00) comp="" tail="kk"
    +100ms: A(open=0 conv=0x19) B(open=0 conv=0x19) T(open=0 conv=0x19) G(open=0 conv=0x00) comp="" tail="kk"
    +400ms: A(open=0 conv=0x19) B(open=0 conv=0x19) T(open=0 conv=0x19) G(open=0 conv=0x00) comp="" tail="kk"
    差分 (前→+100ms): Δなし   (前→+400ms): Δなし
[03:33:25.113Z] KEY [準備/その他] ESC vk=0x1B scan=0x01 press=03:33:24.627Z (injected)  状態=直接入力
    前     : A(open=0 conv=0x19) B(open=0 conv=0x19) T(open=0 conv=0x19) G(open=0 conv=0x00) comp="" tail="kk"
    +100ms: A(open=0 conv=0x19) B(open=0 conv=0x19) T(open=0 conv=0x19) G(open=0 conv=0x00) comp="" tail="kk"
    +400ms: A(open=0 conv=0x19) B(open=0 conv=0x19) T(open=0 conv=0x19) G(open=0 conv=0x00) comp="" tail="kk"
    差分 (前→+100ms): Δなし   (前→+400ms): Δなし
[03:33:26.106Z] KEY [SCRIPT 6/10 無変換 期待=IME ON(かな)。Engine ON] 無変換 vk=0x1D scan=0x7B press=03:33:25.608Z (auto)  状態=直接入力
    前     : A(open=0 conv=0x19) B(open=0 conv=0x19) T(open=0 conv=0x19) G(open=0 conv=0x00) comp="" tail="kk"
    +100ms: A(open=1 conv=0x19) B(open=1 conv=0x19) T(open=1 conv=0x19) G(open=0 conv=0x00) comp="" tail="kk"
    +400ms: A(open=1 conv=0x19) B(open=1 conv=0x19) T(open=1 conv=0x19) G(open=0 conv=0x00) comp="き" tail="kk"
    差分 (前→+100ms): Δ open A:0→1 B:0→1 / tsf-thread open:0→1 conv:0x19→0x19   (前→+400ms): Δ open A:0→1 B:0→1 / tsf-thread open:0→1 conv:0x19→0x19 / comp:Some("")→Some("き")
[03:33:26.671Z] KEY [準備/その他] ESC vk=0x1B scan=0x01 press=03:33:26.170Z (auto)  状態=IME ON・入力中
    前     : A(open=1 conv=0x19) B(open=1 conv=0x19) T(open=1 conv=0x19) G(open=0 conv=0x00) comp="き" tail="kk"
    +100ms: A(open=1 conv=0x19) B(open=1 conv=0x19) T(open=1 conv=0x19) G(open=0 conv=0x00) comp="" tail="kk"
    +400ms: A(open=1 conv=0x19) B(open=1 conv=0x19) T(open=1 conv=0x19) G(open=0 conv=0x00) comp="" tail="kk"
    差分 (前→+100ms): Δ comp:Some("き")→Some("")   (前→+400ms): Δ comp:Some("き")→Some("")
[03:33:27.757Z] KEY [SCRIPT 7/10 ひらがなキー 期待=ONのまま半角英数へ。Engine は(遅延で)OFF] ひらがな(0xF2) vk=0xF2 scan=0x70 press=03:33:27.292Z (auto)  状態=IME ON・入力なし
    前     : A(open=1 conv=0x19) B(open=1 conv=0x19) T(open=1 conv=0x19) G(open=0 conv=0x00) comp="" tail="kk"
    +100ms: A(open=1 conv=0x10) B(open=1 conv=0x10) T(open=1 conv=0x10) G(open=0 conv=0x00) comp="" tail="kk"
    +400ms: A(open=1 conv=0x10) B(open=1 conv=0x10) T(open=1 conv=0x10) G(open=0 conv=0x00) comp="k" tail="kk"
    差分 (前→+100ms): Δ conv A:0x19→0x10 B:0x19→0x10 / tsf-thread open:1→1 conv:0x19→0x10   (前→+400ms): Δ conv A:0x19→0x10 B:0x19→0x10 / tsf-thread open:1→1 conv:0x19→0x10 / comp:Some("")→Some("k")
[03:33:28.375Z] KEY [準備/その他] ESC vk=0x1B scan=0x01 press=03:33:27.881Z (auto)  状態=IME ON・入力中
    前     : A(open=1 conv=0x10) B(open=1 conv=0x10) T(open=1 conv=0x10) G(open=0 conv=0x00) comp="k" tail="kk"
    +100ms: A(open=1 conv=0x10) B(open=1 conv=0x10) T(open=1 conv=0x10) G(open=0 conv=0x00) comp="" tail="kk"
    +400ms: A(open=1 conv=0x10) B(open=1 conv=0x10) T(open=1 conv=0x10) G(open=0 conv=0x00) comp="" tail="kk"
    差分 (前→+100ms): Δ comp:Some("k")→Some("")   (前→+400ms): Δ comp:Some("k")→Some("")
[03:33:29.435Z] KEY [SCRIPT 8/10 無変換 期待=IME OFF。Engine OFF] 無変換 vk=0x1D scan=0x7B press=03:33:28.935Z (auto)  状態=IME ON・入力なし
    前     : A(open=1 conv=0x10) B(open=1 conv=0x10) T(open=1 conv=0x10) G(open=0 conv=0x00) comp="" tail="kk"
    +100ms: A(open=0 conv=0x10) B(open=0 conv=0x10) T(open=0 conv=0x10) G(open=0 conv=0x00) comp="" tail="kk"
    +400ms: A(open=0 conv=0x10) B(open=0 conv=0x10) T(open=0 conv=0x10) G(open=0 conv=0x00) comp="" tail="kkk"
    差分 (前→+100ms): Δ open A:1→0 B:1→0 / tsf-thread open:1→0 conv:0x10→0x10   (前→+400ms): Δ open A:1→0 B:1→0 / tsf-thread open:1→0 conv:0x10→0x10 / tail:"kk"→"kkk"
[03:33:29.995Z] KEY [準備/その他] ESC vk=0x1B scan=0x01 press=03:33:29.514Z (auto)  状態=直接入力
    前     : A(open=0 conv=0x10) B(open=0 conv=0x10) T(open=0 conv=0x10) G(open=0 conv=0x00) comp="" tail="kkk"
    +100ms: A(open=0 conv=0x10) B(open=0 conv=0x10) T(open=0 conv=0x10) G(open=0 conv=0x00) comp="" tail="kkk"
    +400ms: A(open=0 conv=0x10) B(open=0 conv=0x10) T(open=0 conv=0x10) G(open=0 conv=0x00) comp="" tail="kkk"
    差分 (前→+100ms): Δなし   (前→+400ms): Δなし
[03:33:31.071Z] KEY [SCRIPT 9/10 無変換 期待=IME ON・半角英数のまま。Engine が ON にならないこと ← 退行窓の確認] 無変換 vk=0x1D scan=0x7B press=03:33:30.558Z (auto)  状態=直接入力
    前     : A(open=0 conv=0x10) B(open=0 conv=0x10) T(open=0 conv=0x10) G(open=0 conv=0x00) comp="" tail="kkk"
    +100ms: A(open=1 conv=0x10) B(open=1 conv=0x10) T(open=1 conv=0x10) G(open=0 conv=0x00) comp="" tail="kkk"
    +400ms: A(open=1 conv=0x10) B(open=1 conv=0x10) T(open=1 conv=0x10) G(open=0 conv=0x00) comp="k" tail="kkk"
    差分 (前→+100ms): Δ open A:0→1 B:0→1 / tsf-thread open:0→1 conv:0x10→0x10   (前→+400ms): Δ open A:0→1 B:0→1 / tsf-thread open:0→1 conv:0x10→0x10 / comp:Some("")→Some("k")
[03:33:31.631Z] KEY [準備/その他] ESC vk=0x1B scan=0x01 press=03:33:31.135Z (auto)  状態=IME ON・入力中
    前     : A(open=1 conv=0x10) B(open=1 conv=0x10) T(open=1 conv=0x10) G(open=0 conv=0x00) comp="k" tail="kkk"
    +100ms: A(open=1 conv=0x10) B(open=1 conv=0x10) T(open=1 conv=0x10) G(open=0 conv=0x00) comp="" tail="kkk"
    +400ms: A(open=1 conv=0x10) B(open=1 conv=0x10) T(open=1 conv=0x10) G(open=0 conv=0x00) comp="" tail="kkk"
    差分 (前→+100ms): Δ comp:Some("k")→Some("")   (前→+400ms): Δ comp:Some("k")→Some("")
[03:33:32.875Z] KEY [SCRIPT 10/10 ひらがなキー 期待=かなに戻る(後片付け)] ひらがな(0xF2) vk=0xF2 scan=0x70 press=03:33:32.254Z (auto)  状態=IME ON・入力なし
    前     : A(open=1 conv=0x10) B(open=1 conv=0x10) T(open=1 conv=0x10) G(open=0 conv=0x00) comp="" tail="kkk"
    +100ms: A(open=1 conv=0x19) B(open=1 conv=0x19) T(open=1 conv=0x19) G(open=0 conv=0x00) comp="" tail="kkk"
    +400ms: A(open=1 conv=0x19) B(open=1 conv=0x19) T(open=1 conv=0x19) G(open=0 conv=0x00) comp="き" tail="kkk"
    差分 (前→+100ms): Δ conv A:0x10→0x19 B:0x10→0x19 / tsf-thread open:1→1 conv:0x10→0x19   (前→+400ms): Δ conv A:0x10→0x19 B:0x10→0x19 / tsf-thread open:1→1 conv:0x10→0x19 / comp:Some("")→Some("き")
[03:33:33.436Z] KEY [準備/その他] ESC vk=0x1B scan=0x01 press=03:33:32.985Z (auto)  状態=IME ON・入力中
    前     : A(open=1 conv=0x19) B(open=1 conv=0x19) T(open=1 conv=0x19) G(open=0 conv=0x00) comp="き" tail="kkk"
    +100ms: A(open=1 conv=0x19) B(open=1 conv=0x19) T(open=1 conv=0x19) G(open=0 conv=0x00) comp="" tail="kkk"
    +400ms: A(open=1 conv=0x19) B(open=1 conv=0x19) T(open=1 conv=0x19) G(open=0 conv=0x00) comp="" tail="kkk"
    差分 (前→+100ms): Δ comp:Some("き")→Some("")   (前→+400ms): Δ comp:Some("き")→Some("")
[03:33:33.500Z] KEY [準備/その他] ESC vk=0x1B scan=0x01 press=03:33:32.993Z (injected)  状態=IME ON・入力中
    前     : A(open=1 conv=0x19) B(open=1 conv=0x19) T(open=1 conv=0x19) G(open=0 conv=0x00) comp="き" tail="kkk"
    +100ms: A(open=1 conv=0x19) B(open=1 conv=0x19) T(open=1 conv=0x19) G(open=0 conv=0x00) comp="" tail="kkk"
    +400ms: A(open=1 conv=0x19) B(open=1 conv=0x19) T(open=1 conv=0x19) G(open=0 conv=0x00) comp="" tail="kkk"
    差分 (前→+100ms): Δ comp:Some("き")→Some("")   (前→+400ms): Δ comp:Some("き")→Some("")
[AUTO] 全手順完了（1.5秒後に自動で閉じます）
[RUN 4/12 髢句ｧ犠
=== IME key matrix spike (awase 非依存) ===
観測: A=IMM(ImmGet*) / B=WM_IME_CONTROL / T=TSFスレッドcompartment / G=TSFグローバルcompartment
conv の目安: 0x19=ひらがな(NATIVE|FULLSHAPE|ROMAN) 0x10=半角英数(ROMAN) 0x00=直接入力系
手順: awase を止める → 画面中段の案内に従ってキーを1回ずつ押す（全 2ラウンド×20ステップ、各押下後は3秒待機）
ROUND1=標準EDIT / ROUND2=RichEdit(TSFネイティブ)。そのキーが無い場合は Ctrl+Shift+F12 でスキップ
ログファイル: C:\Users\cuzic\scoop\persist\msys2\home\cuzic\awase-spike\target\debug\examples\ime_key_matrix_spike.log

=== ROUND 2/2: 対象コントロール = RichEdit 5.0(TSFネイティブ) ===
[AUTO] フォーカス復帰(前面ウィンドウ)
[AUTO] 準備 STEP 1: 現在=直接入力 必要=IME ON・かな・入力なし → VK 0x1C を注入
[03:33:37.126Z] KEY [準備/その他] 変換 vk=0x1C scan=0x79 press=03:33:36.627Z (auto)  状態=直接入力
    前     : A(open=0 conv=0x09) B(open=0 conv=0x09) T(open=0 conv=0x09) G(open=0 conv=0x00) comp="" tail=""
    +100ms: A(open=1 conv=0x19) B(open=1 conv=0x19) T(open=1 conv=0x19) G(open=0 conv=0x00) comp="" tail=""
    +400ms: A(open=1 conv=0x19) B(open=1 conv=0x19) T(open=1 conv=0x19) G(open=0 conv=0x00) comp="" tail=""
    差分 (前→+100ms): Δ open A:0→1 B:0→1 / conv A:0x09→0x19 B:0x09→0x19 / tsf-thread open:0→1 conv:0x09→0x19   (前→+400ms): Δ open A:0→1 B:0→1 / conv A:0x09→0x19 B:0x09→0x19 / tsf-thread open:0→1 conv:0x09→0x19
[03:33:38.432Z] KEY [SCRIPT 1/10 ひらがなキー 期待=ONのまま半角英数へ(conv 0x10)。Engine OFF(決定3保留のため遅延の可能性あり)] ひらがな(0xF2) vk=0xF2 scan=0x70 press=03:33:37.937Z (auto)  状態=IME ON・入力なし
    前     : A(open=1 conv=0x19) B(open=1 conv=0x19) T(open=1 conv=0x19) G(open=0 conv=0x00) comp="" tail=""
    +100ms: A(open=1 conv=0x10) B(open=1 conv=0x10) T(open=1 conv=0x10) G(open=0 conv=0x00) comp="" tail=""
    +400ms: A(open=1 conv=0x10) B(open=1 conv=0x10) T(open=1 conv=0x10) G(open=0 conv=0x00) comp="k" tail=""
    差分 (前→+100ms): Δ conv A:0x19→0x10 B:0x19→0x10 / tsf-thread open:1→1 conv:0x19→0x10   (前→+400ms): Δ conv A:0x19→0x10 B:0x19→0x10 / tsf-thread open:1→1 conv:0x19→0x10 / comp:Some("")→Some("k")
[03:33:39.071Z] KEY [準備/その他] ESC vk=0x1B scan=0x01 press=03:33:38.541Z (auto)  状態=IME ON・入力中
    前     : A(open=1 conv=0x10) B(open=1 conv=0x10) T(open=1 conv=0x10) G(open=0 conv=0x00) comp="k" tail=""
    +100ms: A(open=1 conv=0x10) B(open=1 conv=0x10) T(open=1 conv=0x10) G(open=0 conv=0x00) comp="" tail=""
    +400ms: A(open=1 conv=0x10) B(open=1 conv=0x10) T(open=1 conv=0x10) G(open=0 conv=0x00) comp="" tail=""
    差分 (前→+100ms): Δ comp:Some("k")→Some("")   (前→+400ms): Δ comp:Some("k")→Some("")
[03:33:40.066Z] KEY [SCRIPT 2/10 無変換 期待=IME OFF(直接入力)。Engine OFF] 無変換 vk=0x1D scan=0x7B press=03:33:39.569Z (auto)  状態=IME ON・入力なし
    前     : A(open=1 conv=0x10) B(open=1 conv=0x10) T(open=1 conv=0x10) G(open=0 conv=0x00) comp="" tail=""
    +100ms: A(open=0 conv=0x10) B(open=0 conv=0x10) T(open=0 conv=0x10) G(open=0 conv=0x00) comp="" tail=""
    +400ms: A(open=0 conv=0x10) B(open=0 conv=0x10) T(open=0 conv=0x10) G(open=0 conv=0x00) comp="" tail="k"
    差分 (前→+100ms): Δ open A:1→0 B:1→0 / tsf-thread open:1→0 conv:0x10→0x10   (前→+400ms): Δ open A:1→0 B:1→0 / tsf-thread open:1→0 conv:0x10→0x10 / tail:""→"k"
[03:33:40.625Z] KEY [準備/その他] ESC vk=0x1B scan=0x01 press=03:33:40.130Z (auto)  状態=直接入力
    前     : A(open=0 conv=0x10) B(open=0 conv=0x10) T(open=0 conv=0x10) G(open=0 conv=0x00) comp="" tail="k"
    +100ms: A(open=0 conv=0x10) B(open=0 conv=0x10) T(open=0 conv=0x10) G(open=0 conv=0x00) comp="" tail="k"
    +400ms: A(open=0 conv=0x10) B(open=0 conv=0x10) T(open=0 conv=0x10) G(open=0 conv=0x00) comp="" tail="k"
    差分 (前→+100ms): Δなし   (前→+400ms): Δなし
[03:33:41.672Z] KEY [SCRIPT 3/10 無変換 期待=IME ON・半角英数のまま(conv 0x10)。Engine は OFF のまま ← 決定2の核心] 無変換 vk=0x1D scan=0x7B press=03:33:41.189Z (auto)  状態=直接入力
    前     : A(open=0 conv=0x10) B(open=0 conv=0x10) T(open=0 conv=0x10) G(open=0 conv=0x00) comp="" tail="k"
    +100ms: A(open=1 conv=0x10) B(open=1 conv=0x10) T(open=1 conv=0x10) G(open=0 conv=0x00) comp="" tail="k"
    +400ms: A(open=1 conv=0x10) B(open=1 conv=0x10) T(open=1 conv=0x10) G(open=0 conv=0x00) comp="k" tail="k"
    差分 (前→+100ms): Δ open A:0→1 B:0→1 / tsf-thread open:0→1 conv:0x10→0x10   (前→+400ms): Δ open A:0→1 B:0→1 / tsf-thread open:0→1 conv:0x10→0x10 / comp:Some("")→Some("k")
[03:33:42.252Z] KEY [準備/その他] ESC vk=0x1B scan=0x01 press=03:33:41.797Z (auto)  状態=IME ON・入力中
    前     : A(open=1 conv=0x10) B(open=1 conv=0x10) T(open=1 conv=0x10) G(open=0 conv=0x00) comp="k" tail="k"
    +100ms: A(open=1 conv=0x10) B(open=1 conv=0x10) T(open=1 conv=0x10) G(open=0 conv=0x00) comp="" tail="k"
    +400ms: A(open=1 conv=0x10) B(open=1 conv=0x10) T(open=1 conv=0x10) G(open=0 conv=0x00) comp="" tail="k"
    差分 (前→+100ms): Δ comp:Some("k")→Some("")   (前→+400ms): Δ comp:Some("k")→Some("")
[03:33:43.373Z] KEY [SCRIPT 4/10 ひらがなキー 期待=かなに戻る(conv 0x19)。Engine ON(遅延の可能性あり)] ひらがな(0xF2) vk=0xF2 scan=0x70 press=03:33:42.876Z (auto)  状態=IME ON・入力なし
    前     : A(open=1 conv=0x10) B(open=1 conv=0x10) T(open=1 conv=0x10) G(open=0 conv=0x00) comp="" tail="k"
    +100ms: A(open=1 conv=0x19) B(open=1 conv=0x19) T(open=1 conv=0x19) G(open=0 conv=0x00) comp="" tail="k"
    +400ms: A(open=1 conv=0x19) B(open=1 conv=0x19) T(open=1 conv=0x19) G(open=0 conv=0x00) comp="き" tail="k"
    差分 (前→+100ms): Δ conv A:0x10→0x19 B:0x10→0x19 / tsf-thread open:1→1 conv:0x10→0x19   (前→+400ms): Δ conv A:0x10→0x19 B:0x10→0x19 / tsf-thread open:1→1 conv:0x10→0x19 / comp:Some("")→Some("き")
[03:33:43.930Z] KEY [準備/その他] ESC vk=0x1B scan=0x01 press=03:33:43.438Z (auto)  状態=IME ON・入力中
    前     : A(open=1 conv=0x19) B(open=1 conv=0x19) T(open=1 conv=0x19) G(open=0 conv=0x00) comp="き" tail="k"
    +100ms: A(open=1 conv=0x19) B(open=1 conv=0x19) T(open=1 conv=0x19) G(open=0 conv=0x00) comp="" tail="k"
    +400ms: A(open=1 conv=0x19) B(open=1 conv=0x19) T(open=1 conv=0x19) G(open=0 conv=0x00) comp="" tail="k"
    差分 (前→+100ms): Δ comp:Some("き")→Some("")   (前→+400ms): Δ comp:Some("き")→Some("")
[03:33:45.058Z] KEY [SCRIPT 5/10 無変換 期待=IME OFF。Engine OFF] 無変換 vk=0x1D scan=0x7B press=03:33:44.556Z (auto)  状態=IME ON・入力なし
    前     : A(open=1 conv=0x19) B(open=1 conv=0x19) T(open=1 conv=0x19) G(open=0 conv=0x00) comp="" tail="k"
    +100ms: A(open=0 conv=0x19) B(open=0 conv=0x19) T(open=0 conv=0x19) G(open=0 conv=0x00) comp="" tail="k"
    +400ms: A(open=0 conv=0x19) B(open=0 conv=0x19) T(open=0 conv=0x19) G(open=0 conv=0x00) comp="" tail="kk"
    差分 (前→+100ms): Δ open A:1→0 B:1→0 / tsf-thread open:1→0 conv:0x19→0x19   (前→+400ms): Δ open A:1→0 B:1→0 / tsf-thread open:1→0 conv:0x19→0x19 / tail:"k"→"kk"
[03:33:45.620Z] KEY [準備/その他] ESC vk=0x1B scan=0x01 press=03:33:45.139Z (auto)  状態=直接入力
    前     : A(open=0 conv=0x19) B(open=0 conv=0x19) T(open=0 conv=0x19) G(open=0 conv=0x00) comp="" tail="kk"
    +100ms: A(open=0 conv=0x19) B(open=0 conv=0x19) T(open=0 conv=0x19) G(open=0 conv=0x00) comp="" tail="kk"
    +400ms: A(open=0 conv=0x19) B(open=0 conv=0x19) T(open=0 conv=0x19) G(open=0 conv=0x00) comp="" tail="kk"
    差分 (前→+100ms): Δなし   (前→+400ms): Δなし
[03:33:45.685Z] KEY [準備/その他] ESC vk=0x1B scan=0x01 press=03:33:45.199Z (injected)  状態=直接入力
    前     : A(open=0 conv=0x19) B(open=0 conv=0x19) T(open=0 conv=0x19) G(open=0 conv=0x00) comp="" tail="kk"
    +100ms: A(open=0 conv=0x19) B(open=0 conv=0x19) T(open=0 conv=0x19) G(open=0 conv=0x00) comp="" tail="kk"
    +400ms: A(open=0 conv=0x19) B(open=0 conv=0x19) T(open=0 conv=0x19) G(open=0 conv=0x00) comp="" tail="kk"
    差分 (前→+100ms): Δなし   (前→+400ms): Δなし
[03:33:46.755Z] KEY [SCRIPT 6/10 無変換 期待=IME ON(かな)。Engine ON] 無変換 vk=0x1D scan=0x7B press=03:33:46.243Z (auto)  状態=直接入力
    前     : A(open=0 conv=0x19) B(open=0 conv=0x19) T(open=0 conv=0x19) G(open=0 conv=0x00) comp="" tail="kk"
    +100ms: A(open=1 conv=0x19) B(open=1 conv=0x19) T(open=1 conv=0x19) G(open=0 conv=0x00) comp="" tail="kk"
    +400ms: A(open=1 conv=0x19) B(open=1 conv=0x19) T(open=1 conv=0x19) G(open=0 conv=0x00) comp="き" tail="kk"
    差分 (前→+100ms): Δ open A:0→1 B:0→1 / tsf-thread open:0→1 conv:0x19→0x19   (前→+400ms): Δ open A:0→1 B:0→1 / tsf-thread open:0→1 conv:0x19→0x19 / comp:Some("")→Some("き")
[03:33:47.323Z] KEY [準備/その他] ESC vk=0x1B scan=0x01 press=03:33:46.830Z (auto)  状態=IME ON・入力中
    前     : A(open=1 conv=0x19) B(open=1 conv=0x19) T(open=1 conv=0x19) G(open=0 conv=0x00) comp="き" tail="kk"
    +100ms: A(open=1 conv=0x19) B(open=1 conv=0x19) T(open=1 conv=0x19) G(open=0 conv=0x00) comp="" tail="kk"
    +400ms: A(open=1 conv=0x19) B(open=1 conv=0x19) T(open=1 conv=0x19) G(open=0 conv=0x00) comp="" tail="kk"
    差分 (前→+100ms): Δ comp:Some("き")→Some("")   (前→+400ms): Δ comp:Some("き")→Some("")
[03:33:48.373Z] KEY [SCRIPT 7/10 ひらがなキー 期待=ONのまま半角英数へ。Engine は(遅延で)OFF] ひらがな(0xF2) vk=0xF2 scan=0x70 press=03:33:47.872Z (auto)  状態=IME ON・入力なし
    前     : A(open=1 conv=0x19) B(open=1 conv=0x19) T(open=1 conv=0x19) G(open=0 conv=0x00) comp="" tail="kk"
    +100ms: A(open=1 conv=0x10) B(open=1 conv=0x10) T(open=1 conv=0x10) G(open=0 conv=0x00) comp="" tail="kk"
    +400ms: A(open=1 conv=0x10) B(open=1 conv=0x10) T(open=1 conv=0x10) G(open=0 conv=0x00) comp="k" tail="kk"
    差分 (前→+100ms): Δ conv A:0x19→0x10 B:0x19→0x10 / tsf-thread open:1→1 conv:0x19→0x10   (前→+400ms): Δ conv A:0x19→0x10 B:0x19→0x10 / tsf-thread open:1→1 conv:0x19→0x10 / comp:Some("")→Some("k")
[03:33:48.933Z] KEY [準備/その他] ESC vk=0x1B scan=0x01 press=03:33:48.438Z (auto)  状態=IME ON・入力中
    前     : A(open=1 conv=0x10) B(open=1 conv=0x10) T(open=1 conv=0x10) G(open=0 conv=0x00) comp="k" tail="kk"
    +100ms: A(open=1 conv=0x10) B(open=1 conv=0x10) T(open=1 conv=0x10) G(open=0 conv=0x00) comp="" tail="kk"
    +400ms: A(open=1 conv=0x10) B(open=1 conv=0x10) T(open=1 conv=0x10) G(open=0 conv=0x00) comp="" tail="kk"
    差分 (前→+100ms): Δ comp:Some("k")→Some("")   (前→+400ms): Δ comp:Some("k")→Some("")
[03:33:50.059Z] KEY [SCRIPT 8/10 無変換 期待=IME OFF。Engine OFF] 無変換 vk=0x1D scan=0x7B press=03:33:49.560Z (auto)  状態=IME ON・入力なし
    前     : A(open=1 conv=0x10) B(open=1 conv=0x10) T(open=1 conv=0x10) G(open=0 conv=0x00) comp="" tail="kk"
    +100ms: A(open=0 conv=0x10) B(open=0 conv=0x10) T(open=0 conv=0x10) G(open=0 conv=0x00) comp="" tail="kk"
    +400ms: A(open=0 conv=0x10) B(open=0 conv=0x10) T(open=0 conv=0x10) G(open=0 conv=0x00) comp="" tail="kkk"
    差分 (前→+100ms): Δ open A:1→0 B:1→0 / tsf-thread open:1→0 conv:0x10→0x10   (前→+400ms): Δ open A:1→0 B:1→0 / tsf-thread open:1→0 conv:0x10→0x10 / tail:"kk"→"kkk"
[03:33:50.622Z] KEY [準備/その他] ESC vk=0x1B scan=0x01 press=03:33:50.134Z (auto)  状態=直接入力
    前     : A(open=0 conv=0x10) B(open=0 conv=0x10) T(open=0 conv=0x10) G(open=0 conv=0x00) comp="" tail="kkk"
    +100ms: A(open=0 conv=0x10) B(open=0 conv=0x10) T(open=0 conv=0x10) G(open=0 conv=0x00) comp="" tail="kkk"
    +400ms: A(open=0 conv=0x10) B(open=0 conv=0x10) T(open=0 conv=0x10) G(open=0 conv=0x00) comp="" tail="kkk"
    差分 (前→+100ms): Δなし   (前→+400ms): Δなし
[03:33:51.754Z] KEY [SCRIPT 9/10 無変換 期待=IME ON・半角英数のまま。Engine が ON にならないこと ← 退行窓の確認] 無変換 vk=0x1D scan=0x7B press=03:33:51.243Z (auto)  状態=直接入力
    前     : A(open=0 conv=0x10) B(open=0 conv=0x10) T(open=0 conv=0x10) G(open=0 conv=0x00) comp="" tail="kkk"
    +100ms: A(open=1 conv=0x10) B(open=1 conv=0x10) T(open=1 conv=0x10) G(open=0 conv=0x00) comp="" tail="kkk"
    +400ms: A(open=1 conv=0x10) B(open=1 conv=0x10) T(open=1 conv=0x10) G(open=0 conv=0x00) comp="k" tail="kkk"
    差分 (前→+100ms): Δ open A:0→1 B:0→1 / tsf-thread open:0→1 conv:0x10→0x10   (前→+400ms): Δ open A:0→1 B:0→1 / tsf-thread open:0→1 conv:0x10→0x10 / comp:Some("")→Some("k")
[03:33:52.314Z] KEY [準備/その他] ESC vk=0x1B scan=0x01 press=03:33:51.843Z (auto)  状態=IME ON・入力中
    前     : A(open=1 conv=0x10) B(open=1 conv=0x10) T(open=1 conv=0x10) G(open=0 conv=0x00) comp="k" tail="kkk"
    +100ms: A(open=1 conv=0x10) B(open=1 conv=0x10) T(open=1 conv=0x10) G(open=0 conv=0x00) comp="" tail="kkk"
    +400ms: A(open=1 conv=0x10) B(open=1 conv=0x10) T(open=1 conv=0x10) G(open=0 conv=0x00) comp="" tail="kkk"
    差分 (前→+100ms): Δ comp:Some("k")→Some("")   (前→+400ms): Δ comp:Some("k")→Some("")
[03:33:53.439Z] KEY [SCRIPT 10/10 ひらがなキー 期待=かなに戻る(後片付け)] ひらがな(0xF2) vk=0xF2 scan=0x70 press=03:33:52.939Z (auto)  状態=IME ON・入力なし
    前     : A(open=1 conv=0x10) B(open=1 conv=0x10) T(open=1 conv=0x10) G(open=0 conv=0x00) comp="" tail="kkk"
    +100ms: A(open=1 conv=0x19) B(open=1 conv=0x19) T(open=1 conv=0x19) G(open=0 conv=0x00) comp="" tail="kkk"
    +400ms: A(open=1 conv=0x19) B(open=1 conv=0x19) T(open=1 conv=0x19) G(open=0 conv=0x00) comp="き" tail="kkk"
    差分 (前→+100ms): Δ conv A:0x10→0x19 B:0x10→0x19 / tsf-thread open:1→1 conv:0x10→0x19   (前→+400ms): Δ conv A:0x10→0x19 B:0x10→0x19 / tsf-thread open:1→1 conv:0x10→0x19 / comp:Some("")→Some("き")
[03:33:54.003Z] KEY [準備/その他] ESC vk=0x1B scan=0x01 press=03:33:53.498Z (auto)  状態=IME ON・入力中
    前     : A(open=1 conv=0x19) B(open=1 conv=0x19) T(open=1 conv=0x19) G(open=0 conv=0x00) comp="き" tail="kkk"
    +100ms: A(open=1 conv=0x19) B(open=1 conv=0x19) T(open=1 conv=0x19) G(open=0 conv=0x00) comp="" tail="kkk"
    +400ms: A(open=1 conv=0x19) B(open=1 conv=0x19) T(open=1 conv=0x19) G(open=0 conv=0x00) comp="" tail="kkk"
    差分 (前→+100ms): Δ comp:Some("き")→Some("")   (前→+400ms): Δ comp:Some("き")→Some("")
[AUTO] 全手順完了（1.5秒後に自動で閉じます）
[RUN 5/12 髢句ｧ犠
=== IME key matrix spike (awase 非依存) ===
観測: A=IMM(ImmGet*) / B=WM_IME_CONTROL / T=TSFスレッドcompartment / G=TSFグローバルcompartment
conv の目安: 0x19=ひらがな(NATIVE|FULLSHAPE|ROMAN) 0x10=半角英数(ROMAN) 0x00=直接入力系
手順: awase を止める → 画面中段の案内に従ってキーを1回ずつ押す（全 2ラウンド×20ステップ、各押下後は3秒待機）
ROUND1=標準EDIT / ROUND2=RichEdit(TSFネイティブ)。そのキーが無い場合は Ctrl+Shift+F12 でスキップ
ログファイル: C:\Users\cuzic\scoop\persist\msys2\home\cuzic\awase-spike\target\debug\examples\ime_key_matrix_spike.log

=== ROUND 2/2: 対象コントロール = RichEdit 5.0(TSFネイティブ) ===
[AUTO] フォーカス復帰(前面ウィンドウ)
[AUTO] 準備 STEP 1: 現在=直接入力 必要=IME ON・かな・入力なし → VK 0x1C を注入
[03:33:57.821Z] KEY [準備/その他] 変換 vk=0x1C scan=0x79 press=03:33:57.328Z (auto)  状態=直接入力
    前     : A(open=0 conv=0x09) B(open=0 conv=0x09) T(open=0 conv=0x09) G(open=0 conv=0x00) comp="" tail=""
    +100ms: A(open=1 conv=0x09) B(open=1 conv=0x09) T(open=1 conv=0x09) G(open=0 conv=0x00) comp="" tail=""
    +400ms: A(open=1 conv=0x09) B(open=1 conv=0x09) T(open=1 conv=0x09) G(open=0 conv=0x00) comp="" tail=""
    差分 (前→+100ms): Δ open A:0→1 B:0→1 / tsf-thread open:0→1 conv:0x09→0x09   (前→+400ms): Δ open A:0→1 B:0→1 / tsf-thread open:0→1 conv:0x09→0x09
[03:33:59.138Z] KEY [SCRIPT 1/10 ひらがなキー 期待=ONのまま半角英数へ(conv 0x10)。Engine OFF(決定3保留のため遅延の可能性あり)] ひらがな(0xF2) vk=0xF2 scan=0x70 press=03:33:58.637Z (auto)  状態=IME ON・入力なし
    前     : A(open=1 conv=0x09) B(open=1 conv=0x09) T(open=1 conv=0x09) G(open=0 conv=0x00) comp="" tail=""
    +100ms: A(open=1 conv=0x10) B(open=1 conv=0x10) T(open=1 conv=0x10) G(open=0 conv=0x00) comp="" tail=""
    +400ms: A(open=1 conv=0x10) B(open=1 conv=0x10) T(open=1 conv=0x10) G(open=0 conv=0x00) comp="k" tail=""
    差分 (前→+100ms): Δ conv A:0x09→0x10 B:0x09→0x10 / tsf-thread open:1→1 conv:0x09→0x10   (前→+400ms): Δ conv A:0x09→0x10 B:0x09→0x10 / tsf-thread open:1→1 conv:0x09→0x10 / comp:Some("")→Some("k")
[03:33:59.699Z] KEY [準備/その他] ESC vk=0x1B scan=0x01 press=03:33:59.252Z (auto)  状態=IME ON・入力中
    前     : A(open=1 conv=0x10) B(open=1 conv=0x10) T(open=1 conv=0x10) G(open=0 conv=0x00) comp="k" tail=""
    +100ms: A(open=1 conv=0x10) B(open=1 conv=0x10) T(open=1 conv=0x10) G(open=0 conv=0x00) comp="" tail=""
    +400ms: A(open=1 conv=0x10) B(open=1 conv=0x10) T(open=1 conv=0x10) G(open=0 conv=0x00) comp="" tail=""
    差分 (前→+100ms): Δ comp:Some("k")→Some("")   (前→+400ms): Δ comp:Some("k")→Some("")
[03:34:00.769Z] KEY [SCRIPT 2/10 無変換 期待=IME OFF(直接入力)。Engine OFF] 無変換 vk=0x1D scan=0x7B press=03:34:00.265Z (auto)  状態=IME ON・入力なし
    前     : A(open=1 conv=0x10) B(open=1 conv=0x10) T(open=1 conv=0x10) G(open=0 conv=0x00) comp="" tail=""
    +100ms: A(open=0 conv=0x10) B(open=0 conv=0x10) T(open=0 conv=0x10) G(open=0 conv=0x00) comp="" tail=""
    +400ms: A(open=0 conv=0x10) B(open=0 conv=0x10) T(open=0 conv=0x10) G(open=0 conv=0x00) comp="" tail="k"
    差分 (前→+100ms): Δ open A:1→0 B:1→0 / tsf-thread open:1→0 conv:0x10→0x10   (前→+400ms): Δ open A:1→0 B:1→0 / tsf-thread open:1→0 conv:0x10→0x10 / tail:""→"k"
[03:34:01.325Z] KEY [準備/その他] ESC vk=0x1B scan=0x01 press=03:34:00.885Z (auto)  状態=直接入力
    前     : A(open=0 conv=0x10) B(open=0 conv=0x10) T(open=0 conv=0x10) G(open=0 conv=0x00) comp="" tail="k"
    +100ms: A(open=0 conv=0x10) B(open=0 conv=0x10) T(open=0 conv=0x10) G(open=0 conv=0x00) comp="" tail="k"
    +400ms: A(open=0 conv=0x10) B(open=0 conv=0x10) T(open=0 conv=0x10) G(open=0 conv=0x00) comp="" tail="k"
    差分 (前→+100ms): Δなし   (前→+400ms): Δなし
[03:34:01.388Z] KEY [準備/その他] ESC vk=0x1B scan=0x01 press=03:34:00.888Z (injected)  状態=直接入力
    前     : A(open=0 conv=0x10) B(open=0 conv=0x10) T(open=0 conv=0x10) G(open=0 conv=0x00) comp="" tail="k"
    +100ms: A(open=0 conv=0x10) B(open=0 conv=0x10) T(open=0 conv=0x10) G(open=0 conv=0x00) comp="" tail="k"
    +400ms: A(open=0 conv=0x10) B(open=0 conv=0x10) T(open=0 conv=0x10) G(open=0 conv=0x00) comp="" tail="k"
    差分 (前→+100ms): Δなし   (前→+400ms): Δなし
[03:34:02.448Z] KEY [SCRIPT 3/10 無変換 期待=IME ON・半角英数のまま(conv 0x10)。Engine は OFF のまま ← 決定2の核心] 無変換 vk=0x1D scan=0x7B press=03:34:01.950Z (auto)  状態=直接入力
    前     : A(open=0 conv=0x10) B(open=0 conv=0x10) T(open=0 conv=0x10) G(open=0 conv=0x00) comp="" tail="k"
    +100ms: A(open=1 conv=0x10) B(open=1 conv=0x10) T(open=1 conv=0x10) G(open=0 conv=0x00) comp="" tail="k"
    +400ms: A(open=1 conv=0x10) B(open=1 conv=0x10) T(open=1 conv=0x10) G(open=0 conv=0x00) comp="k" tail="k"
    差分 (前→+100ms): Δ open A:0→1 B:0→1 / tsf-thread open:0→1 conv:0x10→0x10   (前→+400ms): Δ open A:0→1 B:0→1 / tsf-thread open:0→1 conv:0x10→0x10 / comp:Some("")→Some("k")
[03:34:03.016Z] KEY [準備/その他] ESC vk=0x1B scan=0x01 press=03:34:02.511Z (auto)  状態=IME ON・入力中
    前     : A(open=1 conv=0x10) B(open=1 conv=0x10) T(open=1 conv=0x10) G(open=0 conv=0x00) comp="k" tail="k"
    +100ms: A(open=1 conv=0x10) B(open=1 conv=0x10) T(open=1 conv=0x10) G(open=0 conv=0x00) comp="" tail="k"
    +400ms: A(open=1 conv=0x10) B(open=1 conv=0x10) T(open=1 conv=0x10) G(open=0 conv=0x00) comp="" tail="k"
    差分 (前→+100ms): Δ comp:Some("k")→Some("")   (前→+400ms): Δ comp:Some("k")→Some("")
[03:34:04.075Z] KEY [SCRIPT 4/10 ひらがなキー 期待=かなに戻る(conv 0x19)。Engine ON(遅延の可能性あり)] ひらがな(0xF2) vk=0xF2 scan=0x70 press=03:34:03.575Z (auto)  状態=IME ON・入力なし
    前     : A(open=1 conv=0x10) B(open=1 conv=0x10) T(open=1 conv=0x10) G(open=0 conv=0x00) comp="" tail="k"
    +100ms: A(open=1 conv=0x19) B(open=1 conv=0x19) T(open=1 conv=0x19) G(open=0 conv=0x00) comp="" tail="k"
    +400ms: A(open=1 conv=0x19) B(open=1 conv=0x19) T(open=1 conv=0x19) G(open=0 conv=0x00) comp="き" tail="k"
    差分 (前→+100ms): Δ conv A:0x10→0x19 B:0x10→0x19 / tsf-thread open:1→1 conv:0x10→0x19   (前→+400ms): Δ conv A:0x10→0x19 B:0x10→0x19 / tsf-thread open:1→1 conv:0x10→0x19 / comp:Some("")→Some("き")
[03:34:04.638Z] KEY [準備/その他] ESC vk=0x1B scan=0x01 press=03:34:04.143Z (auto)  状態=IME ON・入力中
    前     : A(open=1 conv=0x19) B(open=1 conv=0x19) T(open=1 conv=0x19) G(open=0 conv=0x00) comp="き" tail="k"
    +100ms: A(open=1 conv=0x19) B(open=1 conv=0x19) T(open=1 conv=0x19) G(open=0 conv=0x00) comp="" tail="k"
    +400ms: A(open=1 conv=0x19) B(open=1 conv=0x19) T(open=1 conv=0x19) G(open=0 conv=0x00) comp="" tail="k"
    差分 (前→+100ms): Δ comp:Some("き")→Some("")   (前→+400ms): Δ comp:Some("き")→Some("")
[03:34:05.760Z] KEY [SCRIPT 5/10 無変換 期待=IME OFF。Engine OFF] 無変換 vk=0x1D scan=0x7B press=03:34:05.260Z (auto)  状態=IME ON・入力なし
    前     : A(open=1 conv=0x19) B(open=1 conv=0x19) T(open=1 conv=0x19) G(open=0 conv=0x00) comp="" tail="k"
    +100ms: A(open=0 conv=0x19) B(open=0 conv=0x19) T(open=0 conv=0x19) G(open=0 conv=0x00) comp="" tail="k"
    +400ms: A(open=0 conv=0x19) B(open=0 conv=0x19) T(open=0 conv=0x19) G(open=0 conv=0x00) comp="" tail="kk"
    差分 (前→+100ms): Δ open A:1→0 B:1→0 / tsf-thread open:1→0 conv:0x19→0x19   (前→+400ms): Δ open A:1→0 B:1→0 / tsf-thread open:1→0 conv:0x19→0x19 / tail:"k"→"kk"
[03:34:06.396Z] KEY [準備/その他] ESC vk=0x1B scan=0x01 press=03:34:05.931Z (auto)  状態=直接入力
    前     : A(open=0 conv=0x19) B(open=0 conv=0x19) T(open=0 conv=0x19) G(open=0 conv=0x00) comp="" tail="kk"
    +100ms: A(open=0 conv=0x19) B(open=0 conv=0x19) T(open=0 conv=0x19) G(open=0 conv=0x00) comp="" tail="kk"
    +400ms: A(open=0 conv=0x19) B(open=0 conv=0x19) T(open=0 conv=0x19) G(open=0 conv=0x00) comp="" tail="kk"
    差分 (前→+100ms): Δなし   (前→+400ms): Δなし
[03:34:06.473Z] KEY [準備/その他] ESC vk=0x1B scan=0x01 press=03:34:06.007Z (injected)  状態=直接入力
    前     : A(open=0 conv=0x19) B(open=0 conv=0x19) T(open=0 conv=0x19) G(open=0 conv=0x00) comp="" tail="kk"
    +100ms: A(open=0 conv=0x19) B(open=0 conv=0x19) T(open=0 conv=0x19) G(open=0 conv=0x00) comp="" tail="kk"
    +400ms: A(open=0 conv=0x19) B(open=0 conv=0x19) T(open=0 conv=0x19) G(open=0 conv=0x00) comp="" tail="kk"
    差分 (前→+100ms): Δなし   (前→+400ms): Δなし
[03:34:07.395Z] KEY [SCRIPT 6/10 無変換 期待=IME ON(かな)。Engine ON] 無変換 vk=0x1D scan=0x7B press=03:34:06.892Z (auto)  状態=直接入力
    前     : A(open=0 conv=0x19) B(open=0 conv=0x19) T(open=0 conv=0x19) G(open=0 conv=0x00) comp="" tail="kk"
    +100ms: A(open=1 conv=0x19) B(open=1 conv=0x19) T(open=1 conv=0x19) G(open=0 conv=0x00) comp="" tail="kk"
    +400ms: A(open=1 conv=0x19) B(open=1 conv=0x19) T(open=1 conv=0x19) G(open=0 conv=0x00) comp="き" tail="kk"
    差分 (前→+100ms): Δ open A:0→1 B:0→1 / tsf-thread open:0→1 conv:0x19→0x19   (前→+400ms): Δ open A:0→1 B:0→1 / tsf-thread open:0→1 conv:0x19→0x19 / comp:Some("")→Some("き")
[03:34:07.950Z] KEY [準備/その他] ESC vk=0x1B scan=0x01 press=03:34:07.464Z (auto)  状態=IME ON・入力中
    前     : A(open=1 conv=0x19) B(open=1 conv=0x19) T(open=1 conv=0x19) G(open=0 conv=0x00) comp="き" tail="kk"
    +100ms: A(open=1 conv=0x19) B(open=1 conv=0x19) T(open=1 conv=0x19) G(open=0 conv=0x00) comp="" tail="kk"
    +400ms: A(open=1 conv=0x19) B(open=1 conv=0x19) T(open=1 conv=0x19) G(open=0 conv=0x00) comp="" tail="kk"
    差分 (前→+100ms): Δ comp:Some("き")→Some("")   (前→+400ms): Δ comp:Some("き")→Some("")
[03:34:09.013Z] KEY [SCRIPT 7/10 ひらがなキー 期待=ONのまま半角英数へ。Engine は(遅延で)OFF] ひらがな(0xF2) vk=0xF2 scan=0x70 press=03:34:08.516Z (auto)  状態=IME ON・入力なし
    前     : A(open=1 conv=0x19) B(open=1 conv=0x19) T(open=1 conv=0x19) G(open=0 conv=0x00) comp="" tail="kk"
    +100ms: A(open=1 conv=0x10) B(open=1 conv=0x10) T(open=1 conv=0x10) G(open=0 conv=0x00) comp="" tail="kk"
    +400ms: A(open=1 conv=0x10) B(open=1 conv=0x10) T(open=1 conv=0x10) G(open=0 conv=0x00) comp="k" tail="kk"
    差分 (前→+100ms): Δ conv A:0x19→0x10 B:0x19→0x10 / tsf-thread open:1→1 conv:0x19→0x10   (前→+400ms): Δ conv A:0x19→0x10 B:0x19→0x10 / tsf-thread open:1→1 conv:0x19→0x10 / comp:Some("")→Some("k")
[03:34:09.639Z] KEY [準備/その他] ESC vk=0x1B scan=0x01 press=03:34:09.140Z (auto)  状態=IME ON・入力中
    前     : A(open=1 conv=0x10) B(open=1 conv=0x10) T(open=1 conv=0x10) G(open=0 conv=0x00) comp="k" tail="kk"
    +100ms: A(open=1 conv=0x10) B(open=1 conv=0x10) T(open=1 conv=0x10) G(open=0 conv=0x00) comp="" tail="kk"
    +400ms: A(open=1 conv=0x10) B(open=1 conv=0x10) T(open=1 conv=0x10) G(open=0 conv=0x00) comp="" tail="kk"
    差分 (前→+100ms): Δ comp:Some("k")→Some("")   (前→+400ms): Δ comp:Some("k")→Some("")
[03:34:09.703Z] KEY [準備/その他] ESC vk=0x1B scan=0x01 press=03:34:09.141Z (injected)  状態=IME ON・入力中
    前     : A(open=1 conv=0x10) B(open=1 conv=0x10) T(open=1 conv=0x10) G(open=0 conv=0x00) comp="k" tail="kk"
    +100ms: A(open=1 conv=0x10) B(open=1 conv=0x10) T(open=1 conv=0x10) G(open=0 conv=0x00) comp="" tail="kk"
    +400ms: A(open=1 conv=0x10) B(open=1 conv=0x10) T(open=1 conv=0x10) G(open=0 conv=0x00) comp="" tail="kk"
    差分 (前→+100ms): Δ comp:Some("k")→Some("")   (前→+400ms): Δ comp:Some("k")→Some("")
[03:34:10.698Z] KEY [SCRIPT 8/10 無変換 期待=IME OFF。Engine OFF] 無変換 vk=0x1D scan=0x7B press=03:34:10.200Z (auto)  状態=IME ON・入力なし
    前     : A(open=1 conv=0x10) B(open=1 conv=0x10) T(open=1 conv=0x10) G(open=0 conv=0x00) comp="" tail="kk"
    +100ms: A(open=0 conv=0x10) B(open=0 conv=0x10) T(open=0 conv=0x10) G(open=0 conv=0x00) comp="" tail="kk"
    +400ms: A(open=0 conv=0x10) B(open=0 conv=0x10) T(open=0 conv=0x10) G(open=0 conv=0x00) comp="" tail="kkk"
    差分 (前→+100ms): Δ open A:1→0 B:1→0 / tsf-thread open:1→0 conv:0x10→0x10   (前→+400ms): Δ open A:1→0 B:1→0 / tsf-thread open:1→0 conv:0x10→0x10 / tail:"kk"→"kkk"
[03:34:11.261Z] KEY [準備/その他] ESC vk=0x1B scan=0x01 press=03:34:10.768Z (auto)  状態=直接入力
    前     : A(open=0 conv=0x10) B(open=0 conv=0x10) T(open=0 conv=0x10) G(open=0 conv=0x00) comp="" tail="kkk"
    +100ms: A(open=0 conv=0x10) B(open=0 conv=0x10) T(open=0 conv=0x10) G(open=0 conv=0x00) comp="" tail="kkk"
    +400ms: A(open=0 conv=0x10) B(open=0 conv=0x10) T(open=0 conv=0x10) G(open=0 conv=0x00) comp="" tail="kkk"
    差分 (前→+100ms): Δなし   (前→+400ms): Δなし
[03:34:12.320Z] KEY [SCRIPT 9/10 無変換 期待=IME ON・半角英数のまま。Engine が ON にならないこと ← 退行窓の確認] 無変換 vk=0x1D scan=0x7B press=03:34:11.830Z (auto)  状態=直接入力
    前     : A(open=0 conv=0x10) B(open=0 conv=0x10) T(open=0 conv=0x10) G(open=0 conv=0x00) comp="" tail="kkk"
    +100ms: A(open=1 conv=0x10) B(open=1 conv=0x10) T(open=1 conv=0x10) G(open=0 conv=0x00) comp="" tail="kkk"
    +400ms: A(open=1 conv=0x10) B(open=1 conv=0x10) T(open=1 conv=0x10) G(open=0 conv=0x00) comp="k" tail="kkk"
    差分 (前→+100ms): Δ open A:0→1 B:0→1 / tsf-thread open:0→1 conv:0x10→0x10   (前→+400ms): Δ open A:0→1 B:0→1 / tsf-thread open:0→1 conv:0x10→0x10 / comp:Some("")→Some("k")
[03:34:12.896Z] KEY [準備/その他] ESC vk=0x1B scan=0x01 press=03:34:12.385Z (auto)  状態=IME ON・入力中
    前     : A(open=1 conv=0x10) B(open=1 conv=0x10) T(open=1 conv=0x10) G(open=0 conv=0x00) comp="k" tail="kkk"
    +100ms: A(open=1 conv=0x10) B(open=1 conv=0x10) T(open=1 conv=0x10) G(open=0 conv=0x00) comp="" tail="kkk"
    +400ms: A(open=1 conv=0x10) B(open=1 conv=0x10) T(open=1 conv=0x10) G(open=0 conv=0x00) comp="" tail="kkk"
    差分 (前→+100ms): Δ comp:Some("k")→Some("")   (前→+400ms): Δ comp:Some("k")→Some("")
[03:34:13.957Z] KEY [SCRIPT 10/10 ひらがなキー 期待=かなに戻る(後片付け)] ひらがな(0xF2) vk=0xF2 scan=0x70 press=03:34:13.455Z (auto)  状態=IME ON・入力なし
    前     : A(open=1 conv=0x10) B(open=1 conv=0x10) T(open=1 conv=0x10) G(open=0 conv=0x00) comp="" tail="kkk"
    +100ms: A(open=1 conv=0x19) B(open=1 conv=0x19) T(open=1 conv=0x19) G(open=0 conv=0x00) comp="" tail="kkk"
    +400ms: A(open=1 conv=0x19) B(open=1 conv=0x19) T(open=1 conv=0x19) G(open=0 conv=0x00) comp="き" tail="kkk"
    差分 (前→+100ms): Δ conv A:0x10→0x19 B:0x10→0x19 / tsf-thread open:1→1 conv:0x10→0x19   (前→+400ms): Δ conv A:0x10→0x19 B:0x10→0x19 / tsf-thread open:1→1 conv:0x10→0x19 / comp:Some("")→Some("き")
[03:34:14.520Z] KEY [準備/その他] ESC vk=0x1B scan=0x01 press=03:34:14.057Z (auto)  状態=IME ON・入力中
    前     : A(open=1 conv=0x19) B(open=1 conv=0x19) T(open=1 conv=0x19) G(open=0 conv=0x00) comp="き" tail="kkk"
    +100ms: A(open=1 conv=0x19) B(open=1 conv=0x19) T(open=1 conv=0x19) G(open=0 conv=0x00) comp="" tail="kkk"
    +400ms: A(open=1 conv=0x19) B(open=1 conv=0x19) T(open=1 conv=0x19) G(open=0 conv=0x00) comp="" tail="kkk"
    差分 (前→+100ms): Δ comp:Some("き")→Some("")   (前→+400ms): Δ comp:Some("き")→Some("")
[03:34:14.623Z] KEY [準備/その他] ESC vk=0x1B scan=0x01 press=03:34:14.112Z (injected)  状態=IME ON・入力中
    前     : A(open=1 conv=0x19) B(open=1 conv=0x19) T(open=1 conv=0x19) G(open=0 conv=0x00) comp="き" tail="kkk"
    +100ms: A(open=1 conv=0x19) B(open=1 conv=0x19) T(open=1 conv=0x19) G(open=0 conv=0x00) comp="" tail="kkk"
    +400ms: A(open=1 conv=0x19) B(open=1 conv=0x19) T(open=1 conv=0x19) G(open=0 conv=0x00) comp="" tail="kkk"
    差分 (前→+100ms): Δ comp:Some("き")→Some("")   (前→+400ms): Δ comp:Some("き")→Some("")
[AUTO] 全手順完了（1.5秒後に自動で閉じます）
[RUN 6/12 髢句ｧ犠
=== IME key matrix spike (awase 非依存) ===
観測: A=IMM(ImmGet*) / B=WM_IME_CONTROL / T=TSFスレッドcompartment / G=TSFグローバルcompartment
conv の目安: 0x19=ひらがな(NATIVE|FULLSHAPE|ROMAN) 0x10=半角英数(ROMAN) 0x00=直接入力系
手順: awase を止める → 画面中段の案内に従ってキーを1回ずつ押す（全 2ラウンド×20ステップ、各押下後は3秒待機）
ROUND1=標準EDIT / ROUND2=RichEdit(TSFネイティブ)。そのキーが無い場合は Ctrl+Shift+F12 でスキップ
ログファイル: C:\Users\cuzic\scoop\persist\msys2\home\cuzic\awase-spike\target\debug\examples\ime_key_matrix_spike.log

=== ROUND 2/2: 対象コントロール = RichEdit 5.0(TSFネイティブ) ===
[AUTO] フォーカス復帰(前面ウィンドウ)
[AUTO] 準備 STEP 1: 現在=直接入力 必要=IME ON・かな・入力なし → VK 0x1C を注入
[03:34:18.244Z] KEY [準備/その他] 変換 vk=0x1C scan=0x79 press=03:34:17.757Z (auto)  状態=直接入力
    前     : A(open=0 conv=0x09) B(open=0 conv=0x09) T(open=0 conv=0x09) G(open=0 conv=0x00) comp="" tail=""
    +100ms: A(open=1 conv=0x19) B(open=1 conv=0x19) T(open=1 conv=0x19) G(open=0 conv=0x00) comp="" tail=""
    +400ms: A(open=1 conv=0x19) B(open=1 conv=0x19) T(open=1 conv=0x19) G(open=0 conv=0x00) comp="" tail=""
    差分 (前→+100ms): Δ open A:0→1 B:0→1 / conv A:0x09→0x19 B:0x09→0x19 / tsf-thread open:0→1 conv:0x09→0x19   (前→+400ms): Δ open A:0→1 B:0→1 / conv A:0x09→0x19 B:0x09→0x19 / tsf-thread open:0→1 conv:0x09→0x19
[03:34:19.494Z] KEY [SCRIPT 1/10 ひらがなキー 期待=ONのまま半角英数へ(conv 0x10)。Engine OFF(決定3保留のため遅延の可能性あり)] ひらがな(0xF2) vk=0xF2 scan=0x70 press=03:34:18.993Z (auto)  状態=IME ON・入力なし
    前     : A(open=1 conv=0x19) B(open=1 conv=0x19) T(open=1 conv=0x19) G(open=0 conv=0x00) comp="" tail=""
    +100ms: A(open=1 conv=0x10) B(open=1 conv=0x10) T(open=1 conv=0x10) G(open=0 conv=0x00) comp="" tail=""
    +400ms: A(open=1 conv=0x10) B(open=1 conv=0x10) T(open=1 conv=0x10) G(open=0 conv=0x00) comp="k" tail=""
    差分 (前→+100ms): Δ conv A:0x19→0x10 B:0x19→0x10 / tsf-thread open:1→1 conv:0x19→0x10   (前→+400ms): Δ conv A:0x19→0x10 B:0x19→0x10 / tsf-thread open:1→1 conv:0x19→0x10 / comp:Some("")→Some("k")
[03:34:20.057Z] KEY [準備/その他] ESC vk=0x1B scan=0x01 press=03:34:19.582Z (auto)  状態=IME ON・入力中
    前     : A(open=1 conv=0x10) B(open=1 conv=0x10) T(open=1 conv=0x10) G(open=0 conv=0x00) comp="k" tail=""
    +100ms: A(open=1 conv=0x10) B(open=1 conv=0x10) T(open=1 conv=0x10) G(open=0 conv=0x00) comp="" tail=""
    +400ms: A(open=1 conv=0x10) B(open=1 conv=0x10) T(open=1 conv=0x10) G(open=0 conv=0x00) comp="" tail=""
    差分 (前→+100ms): Δ comp:Some("k")→Some("")   (前→+400ms): Δ comp:Some("k")→Some("")
[03:34:21.128Z] KEY [SCRIPT 2/10 無変換 期待=IME OFF(直接入力)。Engine OFF] 無変換 vk=0x1D scan=0x7B press=03:34:20.620Z (auto)  状態=IME ON・入力なし
    前     : A(open=1 conv=0x10) B(open=1 conv=0x10) T(open=1 conv=0x10) G(open=0 conv=0x00) comp="" tail=""
    +100ms: A(open=0 conv=0x10) B(open=0 conv=0x10) T(open=0 conv=0x10) G(open=0 conv=0x00) comp="" tail=""
    +400ms: A(open=0 conv=0x10) B(open=0 conv=0x10) T(open=0 conv=0x10) G(open=0 conv=0x00) comp="" tail="k"
    差分 (前→+100ms): Δ open A:1→0 B:1→0 / tsf-thread open:1→0 conv:0x10→0x10   (前→+400ms): Δ open A:1→0 B:1→0 / tsf-thread open:1→0 conv:0x10→0x10 / tail:""→"k"
[03:34:21.688Z] KEY [準備/その他] ESC vk=0x1B scan=0x01 press=03:34:21.216Z (auto)  状態=直接入力
    前     : A(open=0 conv=0x10) B(open=0 conv=0x10) T(open=0 conv=0x10) G(open=0 conv=0x00) comp="" tail="k"
    +100ms: A(open=0 conv=0x10) B(open=0 conv=0x10) T(open=0 conv=0x10) G(open=0 conv=0x00) comp="" tail="k"
    +400ms: A(open=0 conv=0x10) B(open=0 conv=0x10) T(open=0 conv=0x10) G(open=0 conv=0x00) comp="" tail="k"
    差分 (前→+100ms): Δなし   (前→+400ms): Δなし
[03:34:22.755Z] KEY [SCRIPT 3/10 無変換 期待=IME ON・半角英数のまま(conv 0x10)。Engine は OFF のまま ← 決定2の核心] 無変換 vk=0x1D scan=0x7B press=03:34:22.251Z (auto)  状態=直接入力
    前     : A(open=0 conv=0x10) B(open=0 conv=0x10) T(open=0 conv=0x10) G(open=0 conv=0x00) comp="" tail="k"
    +100ms: A(open=1 conv=0x10) B(open=1 conv=0x10) T(open=1 conv=0x10) G(open=0 conv=0x00) comp="" tail="k"
    +400ms: A(open=1 conv=0x10) B(open=1 conv=0x10) T(open=1 conv=0x10) G(open=0 conv=0x00) comp="k" tail="k"
    差分 (前→+100ms): Δ open A:0→1 B:0→1 / tsf-thread open:0→1 conv:0x10→0x10   (前→+400ms): Δ open A:0→1 B:0→1 / tsf-thread open:0→1 conv:0x10→0x10 / comp:Some("")→Some("k")
[03:34:23.320Z] KEY [準備/その他] ESC vk=0x1B scan=0x01 press=03:34:22.821Z (auto)  状態=IME ON・入力中
    前     : A(open=1 conv=0x10) B(open=1 conv=0x10) T(open=1 conv=0x10) G(open=0 conv=0x00) comp="k" tail="k"
    +100ms: A(open=1 conv=0x10) B(open=1 conv=0x10) T(open=1 conv=0x10) G(open=0 conv=0x00) comp="" tail="k"
    +400ms: A(open=1 conv=0x10) B(open=1 conv=0x10) T(open=1 conv=0x10) G(open=0 conv=0x00) comp="" tail="k"
    差分 (前→+100ms): Δ comp:Some("k")→Some("")   (前→+400ms): Δ comp:Some("k")→Some("")
[03:34:24.392Z] KEY [SCRIPT 4/10 ひらがなキー 期待=かなに戻る(conv 0x19)。Engine ON(遅延の可能性あり)] ひらがな(0xF2) vk=0xF2 scan=0x70 press=03:34:23.888Z (auto)  状態=IME ON・入力なし
    前     : A(open=1 conv=0x10) B(open=1 conv=0x10) T(open=1 conv=0x10) G(open=0 conv=0x00) comp="" tail="k"
    +100ms: A(open=1 conv=0x19) B(open=1 conv=0x19) T(open=1 conv=0x19) G(open=0 conv=0x00) comp="" tail="k"
    +400ms: A(open=1 conv=0x19) B(open=1 conv=0x19) T(open=1 conv=0x19) G(open=0 conv=0x00) comp="き" tail="k"
    差分 (前→+100ms): Δ conv A:0x10→0x19 B:0x10→0x19 / tsf-thread open:1→1 conv:0x10→0x19   (前→+400ms): Δ conv A:0x10→0x19 B:0x10→0x19 / tsf-thread open:1→1 conv:0x10→0x19 / comp:Some("")→Some("き")
[03:34:24.952Z] KEY [準備/その他] ESC vk=0x1B scan=0x01 press=03:34:24.455Z (auto)  状態=IME ON・入力中
    前     : A(open=1 conv=0x19) B(open=1 conv=0x19) T(open=1 conv=0x19) G(open=0 conv=0x00) comp="き" tail="k"
    +100ms: A(open=1 conv=0x19) B(open=1 conv=0x19) T(open=1 conv=0x19) G(open=0 conv=0x00) comp="" tail="k"
    +400ms: A(open=1 conv=0x19) B(open=1 conv=0x19) T(open=1 conv=0x19) G(open=0 conv=0x00) comp="" tail="k"
    差分 (前→+100ms): Δ comp:Some("き")→Some("")   (前→+400ms): Δ comp:Some("き")→Some("")
[03:34:26.011Z] KEY [SCRIPT 5/10 無変換 期待=IME OFF。Engine OFF] 無変換 vk=0x1D scan=0x7B press=03:34:25.512Z (auto)  状態=IME ON・入力なし
    前     : A(open=1 conv=0x19) B(open=1 conv=0x19) T(open=1 conv=0x19) G(open=0 conv=0x00) comp="" tail="k"
    +100ms: A(open=0 conv=0x19) B(open=0 conv=0x19) T(open=0 conv=0x19) G(open=0 conv=0x00) comp="" tail="k"
    +400ms: A(open=0 conv=0x19) B(open=0 conv=0x19) T(open=0 conv=0x19) G(open=0 conv=0x00) comp="" tail="kk"
    差分 (前→+100ms): Δ open A:1→0 B:1→0 / tsf-thread open:1→0 conv:0x19→0x19   (前→+400ms): Δ open A:1→0 B:1→0 / tsf-thread open:1→0 conv:0x19→0x19 / tail:"k"→"kk"
[03:34:26.576Z] KEY [準備/その他] ESC vk=0x1B scan=0x01 press=03:34:26.098Z (auto)  状態=直接入力
    前     : A(open=0 conv=0x19) B(open=0 conv=0x19) T(open=0 conv=0x19) G(open=0 conv=0x00) comp="" tail="kk"
    +100ms: A(open=0 conv=0x19) B(open=0 conv=0x19) T(open=0 conv=0x19) G(open=0 conv=0x00) comp="" tail="kk"
    +400ms: A(open=0 conv=0x19) B(open=0 conv=0x19) T(open=0 conv=0x19) G(open=0 conv=0x00) comp="" tail="kk"
    差分 (前→+100ms): Δなし   (前→+400ms): Δなし
[03:34:26.666Z] KEY [準備/その他] ESC vk=0x1B scan=0x01 press=03:34:26.154Z (injected)  状態=直接入力
    前     : A(open=0 conv=0x19) B(open=0 conv=0x19) T(open=0 conv=0x19) G(open=0 conv=0x00) comp="" tail="kk"
    +100ms: A(open=0 conv=0x19) B(open=0 conv=0x19) T(open=0 conv=0x19) G(open=0 conv=0x00) comp="" tail="kk"
    +400ms: A(open=0 conv=0x19) B(open=0 conv=0x19) T(open=0 conv=0x19) G(open=0 conv=0x00) comp="" tail="kk"
    差分 (前→+100ms): Δなし   (前→+400ms): Δなし
[03:34:27.612Z] KEY [SCRIPT 6/10 無変換 期待=IME ON(かな)。Engine ON] 無変換 vk=0x1D scan=0x7B press=03:34:27.144Z (auto)  状態=直接入力
    前     : A(open=0 conv=0x19) B(open=0 conv=0x19) T(open=0 conv=0x19) G(open=0 conv=0x00) comp="" tail="kk"
    +100ms: A(open=1 conv=0x19) B(open=1 conv=0x19) T(open=1 conv=0x19) G(open=0 conv=0x00) comp="" tail="kk"
    +400ms: A(open=1 conv=0x19) B(open=1 conv=0x19) T(open=1 conv=0x19) G(open=0 conv=0x00) comp="き" tail="kk"
    差分 (前→+100ms): Δ open A:0→1 B:0→1 / tsf-thread open:0→1 conv:0x19→0x19   (前→+400ms): Δ open A:0→1 B:0→1 / tsf-thread open:0→1 conv:0x19→0x19 / comp:Some("")→Some("き")
[03:34:28.203Z] KEY [準備/その他] ESC vk=0x1B scan=0x01 press=03:34:27.730Z (auto)  状態=IME ON・入力中
    前     : A(open=1 conv=0x19) B(open=1 conv=0x19) T(open=1 conv=0x19) G(open=0 conv=0x00) comp="き" tail="kk"
    +100ms: A(open=1 conv=0x19) B(open=1 conv=0x19) T(open=1 conv=0x19) G(open=0 conv=0x00) comp="" tail="kk"
    +400ms: A(open=1 conv=0x19) B(open=1 conv=0x19) T(open=1 conv=0x19) G(open=0 conv=0x00) comp="" tail="kk"
    差分 (前→+100ms): Δ comp:Some("き")→Some("")   (前→+400ms): Δ comp:Some("き")→Some("")
[03:34:29.324Z] KEY [SCRIPT 7/10 ひらがなキー 期待=ONのまま半角英数へ。Engine は(遅延で)OFF] ひらがな(0xF2) vk=0xF2 scan=0x70 press=03:34:28.829Z (auto)  状態=IME ON・入力なし
    前     : A(open=1 conv=0x19) B(open=1 conv=0x19) T(open=1 conv=0x19) G(open=0 conv=0x00) comp="" tail="kk"
    +100ms: A(open=1 conv=0x10) B(open=1 conv=0x10) T(open=1 conv=0x10) G(open=0 conv=0x00) comp="" tail="kk"
    +400ms: A(open=1 conv=0x10) B(open=1 conv=0x10) T(open=1 conv=0x10) G(open=0 conv=0x00) comp="k" tail="kk"
    差分 (前→+100ms): Δ conv A:0x19→0x10 B:0x19→0x10 / tsf-thread open:1→1 conv:0x19→0x10   (前→+400ms): Δ conv A:0x19→0x10 B:0x19→0x10 / tsf-thread open:1→1 conv:0x19→0x10 / comp:Some("")→Some("k")
[03:34:29.887Z] KEY [準備/その他] ESC vk=0x1B scan=0x01 press=03:34:29.388Z (auto)  状態=IME ON・入力中
    前     : A(open=1 conv=0x10) B(open=1 conv=0x10) T(open=1 conv=0x10) G(open=0 conv=0x00) comp="k" tail="kk"
    +100ms: A(open=1 conv=0x10) B(open=1 conv=0x10) T(open=1 conv=0x10) G(open=0 conv=0x00) comp="" tail="kk"
    +400ms: A(open=1 conv=0x10) B(open=1 conv=0x10) T(open=1 conv=0x10) G(open=0 conv=0x00) comp="" tail="kk"
    差分 (前→+100ms): Δ comp:Some("k")→Some("")   (前→+400ms): Δ comp:Some("k")→Some("")
[03:34:31.013Z] KEY [SCRIPT 8/10 無変換 期待=IME OFF。Engine OFF] 無変換 vk=0x1D scan=0x7B press=03:34:30.514Z (auto)  状態=IME ON・入力なし
    前     : A(open=1 conv=0x10) B(open=1 conv=0x10) T(open=1 conv=0x10) G(open=0 conv=0x00) comp="" tail="kk"
    +100ms: A(open=0 conv=0x10) B(open=0 conv=0x10) T(open=0 conv=0x10) G(open=0 conv=0x00) comp="" tail="kk"
    +400ms: A(open=0 conv=0x10) B(open=0 conv=0x10) T(open=0 conv=0x10) G(open=0 conv=0x00) comp="" tail="kkk"
    差分 (前→+100ms): Δ open A:1→0 B:1→0 / tsf-thread open:1→0 conv:0x10→0x10   (前→+400ms): Δ open A:1→0 B:1→0 / tsf-thread open:1→0 conv:0x10→0x10 / tail:"kk"→"kkk"
[03:34:31.578Z] KEY [準備/その他] ESC vk=0x1B scan=0x01 press=03:34:31.077Z (auto)  状態=直接入力
    前     : A(open=0 conv=0x10) B(open=0 conv=0x10) T(open=0 conv=0x10) G(open=0 conv=0x00) comp="" tail="kkk"
    +100ms: A(open=0 conv=0x10) B(open=0 conv=0x10) T(open=0 conv=0x10) G(open=0 conv=0x00) comp="" tail="kkk"
    +400ms: A(open=0 conv=0x10) B(open=0 conv=0x10) T(open=0 conv=0x10) G(open=0 conv=0x00) comp="" tail="kkk"
    差分 (前→+100ms): Δなし   (前→+400ms): Δなし
[03:34:32.689Z] KEY [SCRIPT 9/10 無変換 期待=IME ON・半角英数のまま。Engine が ON にならないこと ← 退行窓の確認] 無変換 vk=0x1D scan=0x7B press=03:34:32.199Z (auto)  状態=直接入力
    前     : A(open=0 conv=0x10) B(open=0 conv=0x10) T(open=0 conv=0x10) G(open=0 conv=0x00) comp="" tail="kkk"
    +100ms: A(open=1 conv=0x10) B(open=1 conv=0x10) T(open=1 conv=0x10) G(open=0 conv=0x00) comp="" tail="kkk"
    +400ms: A(open=1 conv=0x10) B(open=1 conv=0x10) T(open=1 conv=0x10) G(open=0 conv=0x00) comp="k" tail="kkk"
    差分 (前→+100ms): Δ open A:0→1 B:0→1 / tsf-thread open:0→1 conv:0x10→0x10   (前→+400ms): Δ open A:0→1 B:0→1 / tsf-thread open:0→1 conv:0x10→0x10 / comp:Some("")→Some("k")
[03:34:33.278Z] KEY [準備/その他] ESC vk=0x1B scan=0x01 press=03:34:32.782Z (auto)  状態=IME ON・入力中
    前     : A(open=1 conv=0x10) B(open=1 conv=0x10) T(open=1 conv=0x10) G(open=0 conv=0x00) comp="k" tail="kkk"
    +100ms: A(open=1 conv=0x10) B(open=1 conv=0x10) T(open=1 conv=0x10) G(open=0 conv=0x00) comp="" tail="kkk"
    +400ms: A(open=1 conv=0x10) B(open=1 conv=0x10) T(open=1 conv=0x10) G(open=0 conv=0x00) comp="" tail="kkk"
    差分 (前→+100ms): Δ comp:Some("k")→Some("")   (前→+400ms): Δ comp:Some("k")→Some("")
[03:34:34.350Z] KEY [SCRIPT 10/10 ひらがなキー 期待=かなに戻る(後片付け)] ひらがな(0xF2) vk=0xF2 scan=0x70 press=03:34:33.850Z (auto)  状態=IME ON・入力なし
    前     : A(open=1 conv=0x10) B(open=1 conv=0x10) T(open=1 conv=0x10) G(open=0 conv=0x00) comp="" tail="kkk"
    +100ms: A(open=1 conv=0x19) B(open=1 conv=0x19) T(open=1 conv=0x19) G(open=0 conv=0x00) comp="" tail="kkk"
    +400ms: A(open=1 conv=0x19) B(open=1 conv=0x19) T(open=1 conv=0x19) G(open=0 conv=0x00) comp="き" tail="kkk"
    差分 (前→+100ms): Δ conv A:0x10→0x19 B:0x10→0x19 / tsf-thread open:1→1 conv:0x10→0x19   (前→+400ms): Δ conv A:0x10→0x19 B:0x10→0x19 / tsf-thread open:1→1 conv:0x10→0x19 / comp:Some("")→Some("き")
[03:34:34.907Z] KEY [準備/その他] ESC vk=0x1B scan=0x01 press=03:34:34.411Z (auto)  状態=IME ON・入力中
    前     : A(open=1 conv=0x19) B(open=1 conv=0x19) T(open=1 conv=0x19) G(open=0 conv=0x00) comp="き" tail="kkk"
    +100ms: A(open=1 conv=0x19) B(open=1 conv=0x19) T(open=1 conv=0x19) G(open=0 conv=0x00) comp="" tail="kkk"
    +400ms: A(open=1 conv=0x19) B(open=1 conv=0x19) T(open=1 conv=0x19) G(open=0 conv=0x00) comp="" tail="kkk"
    差分 (前→+100ms): Δ comp:Some("き")→Some("")   (前→+400ms): Δ comp:Some("き")→Some("")
[AUTO] 全手順完了（1.5秒後に自動で閉じます）
[RUN 7/12 髢句ｧ犠
=== IME key matrix spike (awase 非依存) ===
観測: A=IMM(ImmGet*) / B=WM_IME_CONTROL / T=TSFスレッドcompartment / G=TSFグローバルcompartment
conv の目安: 0x19=ひらがな(NATIVE|FULLSHAPE|ROMAN) 0x10=半角英数(ROMAN) 0x00=直接入力系
手順: awase を止める → 画面中段の案内に従ってキーを1回ずつ押す（全 2ラウンド×20ステップ、各押下後は3秒待機）
ROUND1=標準EDIT / ROUND2=RichEdit(TSFネイティブ)。そのキーが無い場合は Ctrl+Shift+F12 でスキップ
ログファイル: C:\Users\cuzic\scoop\persist\msys2\home\cuzic\awase-spike\target\debug\examples\ime_key_matrix_spike.log

=== ROUND 2/2: 対象コントロール = RichEdit 5.0(TSFネイティブ) ===
[AUTO] フォーカス復帰(前面ウィンドウ)
[AUTO] 準備 STEP 1: 現在=直接入力 必要=IME ON・かな・入力なし → VK 0x1C を注入
[03:34:38.653Z] KEY [準備/その他] 変換 vk=0x1C scan=0x79 press=03:34:38.156Z (auto)  状態=直接入力
    前     : A(open=0 conv=0x09) B(open=0 conv=0x09) T(open=0 conv=0x09) G(open=0 conv=0x00) comp="" tail=""
    +100ms: A(open=1 conv=0x19) B(open=1 conv=0x19) T(open=1 conv=0x19) G(open=0 conv=0x00) comp="" tail=""
    +400ms: A(open=1 conv=0x19) B(open=1 conv=0x19) T(open=1 conv=0x19) G(open=0 conv=0x00) comp="" tail=""
    差分 (前→+100ms): Δ open A:0→1 B:0→1 / conv A:0x09→0x19 B:0x09→0x19 / tsf-thread open:0→1 conv:0x09→0x19   (前→+400ms): Δ open A:0→1 B:0→1 / conv A:0x09→0x19 B:0x09→0x19 / tsf-thread open:0→1 conv:0x09→0x19
[03:34:39.908Z] KEY [SCRIPT 1/10 ひらがなキー 期待=ONのまま半角英数へ(conv 0x10)。Engine OFF(決定3保留のため遅延の可能性あり)] ひらがな(0xF2) vk=0xF2 scan=0x70 press=03:34:39.407Z (auto)  状態=IME ON・入力なし
    前     : A(open=1 conv=0x19) B(open=1 conv=0x19) T(open=1 conv=0x19) G(open=0 conv=0x00) comp="" tail=""
    +100ms: A(open=1 conv=0x10) B(open=1 conv=0x10) T(open=1 conv=0x10) G(open=0 conv=0x00) comp="" tail=""
    +400ms: A(open=1 conv=0x10) B(open=1 conv=0x10) T(open=1 conv=0x10) G(open=0 conv=0x00) comp="k" tail=""
    差分 (前→+100ms): Δ conv A:0x19→0x10 B:0x19→0x10 / tsf-thread open:1→1 conv:0x19→0x10   (前→+400ms): Δ conv A:0x19→0x10 B:0x19→0x10 / tsf-thread open:1→1 conv:0x19→0x10 / comp:Some("")→Some("k")
[03:34:40.465Z] KEY [準備/その他] ESC vk=0x1B scan=0x01 press=03:34:39.985Z (auto)  状態=IME ON・入力中
    前     : A(open=1 conv=0x10) B(open=1 conv=0x10) T(open=1 conv=0x10) G(open=0 conv=0x00) comp="k" tail=""
    +100ms: A(open=1 conv=0x10) B(open=1 conv=0x10) T(open=1 conv=0x10) G(open=0 conv=0x00) comp="" tail=""
    +400ms: A(open=1 conv=0x10) B(open=1 conv=0x10) T(open=1 conv=0x10) G(open=0 conv=0x00) comp="" tail=""
    差分 (前→+100ms): Δ comp:Some("k")→Some("")   (前→+400ms): Δ comp:Some("k")→Some("")
[03:34:41.597Z] KEY [SCRIPT 2/10 無変換 期待=IME OFF(直接入力)。Engine OFF] 無変換 vk=0x1D scan=0x7B press=03:34:41.092Z (auto)  状態=IME ON・入力なし
    前     : A(open=1 conv=0x10) B(open=1 conv=0x10) T(open=1 conv=0x10) G(open=0 conv=0x00) comp="" tail=""
    +100ms: A(open=0 conv=0x10) B(open=0 conv=0x10) T(open=0 conv=0x10) G(open=0 conv=0x00) comp="" tail=""
    +400ms: A(open=0 conv=0x10) B(open=0 conv=0x10) T(open=0 conv=0x10) G(open=0 conv=0x00) comp="" tail="k"
    差分 (前→+100ms): Δ open A:1→0 B:1→0 / tsf-thread open:1→0 conv:0x10→0x10   (前→+400ms): Δ open A:1→0 B:1→0 / tsf-thread open:1→0 conv:0x10→0x10 / tail:""→"k"
[03:34:42.158Z] KEY [準備/その他] ESC vk=0x1B scan=0x01 press=03:34:41.661Z (auto)  状態=直接入力
    前     : A(open=0 conv=0x10) B(open=0 conv=0x10) T(open=0 conv=0x10) G(open=0 conv=0x00) comp="" tail="k"
    +100ms: A(open=0 conv=0x10) B(open=0 conv=0x10) T(open=0 conv=0x10) G(open=0 conv=0x00) comp="" tail="k"
    +400ms: A(open=0 conv=0x10) B(open=0 conv=0x10) T(open=0 conv=0x10) G(open=0 conv=0x00) comp="" tail="k"
    差分 (前→+100ms): Δなし   (前→+400ms): Δなし
[03:34:43.220Z] KEY [SCRIPT 3/10 無変換 期待=IME ON・半角英数のまま(conv 0x10)。Engine は OFF のまま ← 決定2の核心] 無変換 vk=0x1D scan=0x7B press=03:34:42.725Z (auto)  状態=直接入力
    前     : A(open=0 conv=0x10) B(open=0 conv=0x10) T(open=0 conv=0x10) G(open=0 conv=0x00) comp="" tail="k"
    +100ms: A(open=1 conv=0x10) B(open=1 conv=0x10) T(open=1 conv=0x10) G(open=0 conv=0x00) comp="" tail="k"
    +400ms: A(open=1 conv=0x10) B(open=1 conv=0x10) T(open=1 conv=0x10) G(open=0 conv=0x00) comp="k" tail="k"
    差分 (前→+100ms): Δ open A:0→1 B:0→1 / tsf-thread open:0→1 conv:0x10→0x10   (前→+400ms): Δ open A:0→1 B:0→1 / tsf-thread open:0→1 conv:0x10→0x10 / comp:Some("")→Some("k")
[03:34:43.781Z] KEY [準備/その他] ESC vk=0x1B scan=0x01 press=03:34:43.303Z (auto)  状態=IME ON・入力中
    前     : A(open=1 conv=0x10) B(open=1 conv=0x10) T(open=1 conv=0x10) G(open=0 conv=0x00) comp="k" tail="k"
    +100ms: A(open=1 conv=0x10) B(open=1 conv=0x10) T(open=1 conv=0x10) G(open=0 conv=0x00) comp="" tail="k"
    +400ms: A(open=1 conv=0x10) B(open=1 conv=0x10) T(open=1 conv=0x10) G(open=0 conv=0x00) comp="" tail="k"
    差分 (前→+100ms): Δ comp:Some("k")→Some("")   (前→+400ms): Δ comp:Some("k")→Some("")
[03:34:44.838Z] KEY [SCRIPT 4/10 ひらがなキー 期待=かなに戻る(conv 0x19)。Engine ON(遅延の可能性あり)] ひらがな(0xF2) vk=0xF2 scan=0x70 press=03:34:44.350Z (auto)  状態=IME ON・入力なし
    前     : A(open=1 conv=0x10) B(open=1 conv=0x10) T(open=1 conv=0x10) G(open=0 conv=0x00) comp="" tail="k"
    +100ms: A(open=1 conv=0x19) B(open=1 conv=0x19) T(open=1 conv=0x19) G(open=0 conv=0x00) comp="" tail="k"
    +400ms: A(open=1 conv=0x19) B(open=1 conv=0x19) T(open=1 conv=0x19) G(open=0 conv=0x00) comp="き" tail="k"
    差分 (前→+100ms): Δ conv A:0x10→0x19 B:0x10→0x19 / tsf-thread open:1→1 conv:0x10→0x19   (前→+400ms): Δ conv A:0x10→0x19 B:0x10→0x19 / tsf-thread open:1→1 conv:0x10→0x19 / comp:Some("")→Some("き")
[03:34:45.413Z] KEY [準備/その他] ESC vk=0x1B scan=0x01 press=03:34:44.911Z (auto)  状態=IME ON・入力中
    前     : A(open=1 conv=0x19) B(open=1 conv=0x19) T(open=1 conv=0x19) G(open=0 conv=0x00) comp="き" tail="k"
    +100ms: A(open=1 conv=0x19) B(open=1 conv=0x19) T(open=1 conv=0x19) G(open=0 conv=0x00) comp="" tail="k"
    +400ms: A(open=1 conv=0x19) B(open=1 conv=0x19) T(open=1 conv=0x19) G(open=0 conv=0x00) comp="" tail="k"
    差分 (前→+100ms): Δ comp:Some("き")→Some("")   (前→+400ms): Δ comp:Some("き")→Some("")
[03:34:46.470Z] KEY [SCRIPT 5/10 無変換 期待=IME OFF。Engine OFF] 無変換 vk=0x1D scan=0x7B press=03:34:45.971Z (auto)  状態=IME ON・入力なし
    前     : A(open=1 conv=0x19) B(open=1 conv=0x19) T(open=1 conv=0x19) G(open=0 conv=0x00) comp="" tail="k"
    +100ms: A(open=0 conv=0x19) B(open=0 conv=0x19) T(open=0 conv=0x19) G(open=0 conv=0x00) comp="" tail="k"
    +400ms: A(open=0 conv=0x19) B(open=0 conv=0x19) T(open=0 conv=0x19) G(open=0 conv=0x00) comp="" tail="kk"
    差分 (前→+100ms): Δ open A:1→0 B:1→0 / tsf-thread open:1→0 conv:0x19→0x19   (前→+400ms): Δ open A:1→0 B:1→0 / tsf-thread open:1→0 conv:0x19→0x19 / tail:"k"→"kk"
[03:34:47.025Z] KEY [準備/その他] ESC vk=0x1B scan=0x01 press=03:34:46.543Z (auto)  状態=直接入力
    前     : A(open=0 conv=0x19) B(open=0 conv=0x19) T(open=0 conv=0x19) G(open=0 conv=0x00) comp="" tail="kk"
    +100ms: A(open=0 conv=0x19) B(open=0 conv=0x19) T(open=0 conv=0x19) G(open=0 conv=0x00) comp="" tail="kk"
    +400ms: A(open=0 conv=0x19) B(open=0 conv=0x19) T(open=0 conv=0x19) G(open=0 conv=0x00) comp="" tail="kk"
    差分 (前→+100ms): Δなし   (前→+400ms): Δなし
[03:34:47.088Z] KEY [準備/その他] ESC vk=0x1B scan=0x01 press=03:34:46.609Z (injected)  状態=直接入力
    前     : A(open=0 conv=0x19) B(open=0 conv=0x19) T(open=0 conv=0x19) G(open=0 conv=0x00) comp="" tail="kk"
    +100ms: A(open=0 conv=0x19) B(open=0 conv=0x19) T(open=0 conv=0x19) G(open=0 conv=0x00) comp="" tail="kk"
    +400ms: A(open=0 conv=0x19) B(open=0 conv=0x19) T(open=0 conv=0x19) G(open=0 conv=0x00) comp="" tail="kk"
    差分 (前→+100ms): Δなし   (前→+400ms): Δなし
[03:34:48.231Z] KEY [SCRIPT 6/10 無変換 期待=IME ON(かな)。Engine ON] 無変換 vk=0x1D scan=0x7B press=03:34:47.653Z (auto)  状態=直接入力
    前     : A(open=0 conv=0x19) B(open=0 conv=0x19) T(open=0 conv=0x19) G(open=0 conv=0x00) comp="" tail="kk"
    +100ms: A(open=1 conv=0x19) B(open=1 conv=0x19) T(open=1 conv=0x19) G(open=0 conv=0x00) comp="" tail="kk"
    +400ms: A(open=1 conv=0x19) B(open=1 conv=0x19) T(open=1 conv=0x19) G(open=0 conv=0x00) comp="き" tail="kk"
    差分 (前→+100ms): Δ open A:0→1 B:0→1 / tsf-thread open:0→1 conv:0x19→0x19   (前→+400ms): Δ open A:0→1 B:0→1 / tsf-thread open:0→1 conv:0x19→0x19 / comp:Some("")→Some("き")
[03:34:48.774Z] KEY [準備/その他] ESC vk=0x1B scan=0x01 press=03:34:48.304Z (auto)  状態=IME ON・入力中
    前     : A(open=1 conv=0x19) B(open=1 conv=0x19) T(open=1 conv=0x19) G(open=0 conv=0x00) comp="き" tail="kk"
    +100ms: A(open=1 conv=0x19) B(open=1 conv=0x19) T(open=1 conv=0x19) G(open=0 conv=0x00) comp="" tail="kk"
    +400ms: A(open=1 conv=0x19) B(open=1 conv=0x19) T(open=1 conv=0x19) G(open=0 conv=0x00) comp="" tail="kk"
    差分 (前→+100ms): Δ comp:Some("き")→Some("")   (前→+400ms): Δ comp:Some("き")→Some("")
[03:34:49.776Z] KEY [SCRIPT 7/10 ひらがなキー 期待=ONのまま半角英数へ。Engine は(遅延で)OFF] ひらがな(0xF2) vk=0xF2 scan=0x70 press=03:34:49.285Z (auto)  状態=IME ON・入力なし
    前     : A(open=1 conv=0x19) B(open=1 conv=0x19) T(open=1 conv=0x19) G(open=0 conv=0x00) comp="" tail="kk"
    +100ms: A(open=1 conv=0x10) B(open=1 conv=0x10) T(open=1 conv=0x10) G(open=0 conv=0x00) comp="" tail="kk"
    +400ms: A(open=1 conv=0x10) B(open=1 conv=0x10) T(open=1 conv=0x10) G(open=0 conv=0x00) comp="k" tail="kk"
    差分 (前→+100ms): Δ conv A:0x19→0x10 B:0x19→0x10 / tsf-thread open:1→1 conv:0x19→0x10   (前→+400ms): Δ conv A:0x19→0x10 B:0x19→0x10 / tsf-thread open:1→1 conv:0x19→0x10 / comp:Some("")→Some("k")
[03:34:50.339Z] KEY [準備/その他] ESC vk=0x1B scan=0x01 press=03:34:49.844Z (auto)  状態=IME ON・入力中
    前     : A(open=1 conv=0x10) B(open=1 conv=0x10) T(open=1 conv=0x10) G(open=0 conv=0x00) comp="k" tail="kk"
    +100ms: A(open=1 conv=0x10) B(open=1 conv=0x10) T(open=1 conv=0x10) G(open=0 conv=0x00) comp="" tail="kk"
    +400ms: A(open=1 conv=0x10) B(open=1 conv=0x10) T(open=1 conv=0x10) G(open=0 conv=0x00) comp="" tail="kk"
    差分 (前→+100ms): Δ comp:Some("k")→Some("")   (前→+400ms): Δ comp:Some("k")→Some("")
[03:34:51.477Z] KEY [SCRIPT 8/10 無変換 期待=IME OFF。Engine OFF] 無変換 vk=0x1D scan=0x7B press=03:34:50.980Z (auto)  状態=IME ON・入力なし
    前     : A(open=1 conv=0x10) B(open=1 conv=0x10) T(open=1 conv=0x10) G(open=0 conv=0x00) comp="" tail="kk"
    +100ms: A(open=0 conv=0x10) B(open=0 conv=0x10) T(open=0 conv=0x10) G(open=0 conv=0x00) comp="" tail="kk"
    +400ms: A(open=0 conv=0x10) B(open=0 conv=0x10) T(open=0 conv=0x10) G(open=0 conv=0x00) comp="" tail="kkk"
    差分 (前→+100ms): Δ open A:1→0 B:1→0 / tsf-thread open:1→0 conv:0x10→0x10   (前→+400ms): Δ open A:1→0 B:1→0 / tsf-thread open:1→0 conv:0x10→0x10 / tail:"kk"→"kkk"
[03:34:51.624Z] KEY [準備/その他] 無変換 vk=0x1D scan=0x7B press=03:34:50.986Z (injected)  状態=IME ON・入力なし
    前     : A(open=1 conv=0x10) B(open=1 conv=0x10) T(open=1 conv=0x10) G(open=0 conv=0x00) comp="" tail="kk"
    +100ms: A(open=0 conv=0x10) B(open=0 conv=0x10) T(open=0 conv=0x10) G(open=0 conv=0x00) comp="" tail="kk"
    +400ms: A(open=0 conv=0x10) B(open=0 conv=0x10) T(open=0 conv=0x10) G(open=0 conv=0x00) comp="" tail="kkk"
    差分 (前→+100ms): Δ open A:1→0 B:1→0 / tsf-thread open:1→0 conv:0x10→0x10   (前→+400ms): Δ open A:1→0 B:1→0 / tsf-thread open:1→0 conv:0x10→0x10 / tail:"kk"→"kkk"
[03:34:52.157Z] KEY [準備/その他] ESC vk=0x1B scan=0x01 press=03:34:51.702Z (auto)  状態=直接入力
    前     : A(open=0 conv=0x10) B(open=0 conv=0x10) T(open=0 conv=0x10) G(open=0 conv=0x00) comp="" tail="kkk"
    +100ms: A(open=0 conv=0x10) B(open=0 conv=0x10) T(open=0 conv=0x10) G(open=0 conv=0x00) comp="" tail="kkk"
    +400ms: A(open=0 conv=0x10) B(open=0 conv=0x10) T(open=0 conv=0x10) G(open=0 conv=0x00) comp="" tail="kkk"
    差分 (前→+100ms): Δなし   (前→+400ms): Δなし
[03:34:52.223Z] KEY [準備/その他] ESC vk=0x1B scan=0x01 press=03:34:51.705Z (injected)  状態=直接入力
    前     : A(open=0 conv=0x10) B(open=0 conv=0x10) T(open=0 conv=0x10) G(open=0 conv=0x00) comp="" tail="kkk"
    +100ms: A(open=0 conv=0x10) B(open=0 conv=0x10) T(open=0 conv=0x10) G(open=0 conv=0x00) comp="" tail="kkk"
    +400ms: A(open=0 conv=0x10) B(open=0 conv=0x10) T(open=0 conv=0x10) G(open=0 conv=0x00) comp="" tail="kkk"
    差分 (前→+100ms): Δなし   (前→+400ms): Δなし
[03:34:53.154Z] KEY [SCRIPT 9/10 無変換 期待=IME ON・半角英数のまま。Engine が ON にならないこと ← 退行窓の確認] 無変換 vk=0x1D scan=0x7B press=03:34:52.656Z (auto)  状態=直接入力
    前     : A(open=0 conv=0x10) B(open=0 conv=0x10) T(open=0 conv=0x10) G(open=0 conv=0x00) comp="" tail="kkk"
    +100ms: A(open=1 conv=0x10) B(open=1 conv=0x10) T(open=1 conv=0x10) G(open=0 conv=0x00) comp="" tail="kkk"
    +400ms: A(open=1 conv=0x10) B(open=1 conv=0x10) T(open=1 conv=0x10) G(open=0 conv=0x00) comp="k" tail="kkk"
    差分 (前→+100ms): Δ open A:0→1 B:0→1 / tsf-thread open:0→1 conv:0x10→0x10   (前→+400ms): Δ open A:0→1 B:0→1 / tsf-thread open:0→1 conv:0x10→0x10 / comp:Some("")→Some("k")
[03:34:53.714Z] KEY [準備/その他] ESC vk=0x1B scan=0x01 press=03:34:53.220Z (auto)  状態=IME ON・入力中
    前     : A(open=1 conv=0x10) B(open=1 conv=0x10) T(open=1 conv=0x10) G(open=0 conv=0x00) comp="k" tail="kkk"
    +100ms: A(open=1 conv=0x10) B(open=1 conv=0x10) T(open=1 conv=0x10) G(open=0 conv=0x00) comp="" tail="kkk"
    +400ms: A(open=1 conv=0x10) B(open=1 conv=0x10) T(open=1 conv=0x10) G(open=0 conv=0x00) comp="" tail="kkk"
    差分 (前→+100ms): Δ comp:Some("k")→Some("")   (前→+400ms): Δ comp:Some("k")→Some("")
[03:34:54.838Z] KEY [SCRIPT 10/10 ひらがなキー 期待=かなに戻る(後片付け)] ひらがな(0xF2) vk=0xF2 scan=0x70 press=03:34:54.341Z (auto)  状態=IME ON・入力なし
    前     : A(open=1 conv=0x10) B(open=1 conv=0x10) T(open=1 conv=0x10) G(open=0 conv=0x00) comp="" tail="kkk"
    +100ms: A(open=1 conv=0x19) B(open=1 conv=0x19) T(open=1 conv=0x19) G(open=0 conv=0x00) comp="" tail="kkk"
    +400ms: A(open=1 conv=0x19) B(open=1 conv=0x19) T(open=1 conv=0x19) G(open=0 conv=0x00) comp="き" tail="kkk"
    差分 (前→+100ms): Δ conv A:0x10→0x19 B:0x10→0x19 / tsf-thread open:1→1 conv:0x10→0x19   (前→+400ms): Δ conv A:0x10→0x19 B:0x10→0x19 / tsf-thread open:1→1 conv:0x10→0x19 / comp:Some("")→Some("き")
[03:34:55.411Z] KEY [準備/その他] ESC vk=0x1B scan=0x01 press=03:34:54.928Z (auto)  状態=IME ON・入力中
    前     : A(open=1 conv=0x19) B(open=1 conv=0x19) T(open=1 conv=0x19) G(open=0 conv=0x00) comp="き" tail="kkk"
    +100ms: A(open=1 conv=0x19) B(open=1 conv=0x19) T(open=1 conv=0x19) G(open=0 conv=0x00) comp="" tail="kkk"
    +400ms: A(open=1 conv=0x19) B(open=1 conv=0x19) T(open=1 conv=0x19) G(open=0 conv=0x00) comp="" tail="kkk"
    差分 (前→+100ms): Δ comp:Some("き")→Some("")   (前→+400ms): Δ comp:Some("き")→Some("")
[AUTO] 全手順完了（1.5秒後に自動で閉じます）
[RUN 8/12 髢句ｧ犠
=== IME key matrix spike (awase 非依存) ===
観測: A=IMM(ImmGet*) / B=WM_IME_CONTROL / T=TSFスレッドcompartment / G=TSFグローバルcompartment
conv の目安: 0x19=ひらがな(NATIVE|FULLSHAPE|ROMAN) 0x10=半角英数(ROMAN) 0x00=直接入力系
手順: awase を止める → 画面中段の案内に従ってキーを1回ずつ押す（全 2ラウンド×20ステップ、各押下後は3秒待機）
ROUND1=標準EDIT / ROUND2=RichEdit(TSFネイティブ)。そのキーが無い場合は Ctrl+Shift+F12 でスキップ
ログファイル: C:\Users\cuzic\scoop\persist\msys2\home\cuzic\awase-spike\target\debug\examples\ime_key_matrix_spike.log

=== ROUND 2/2: 対象コントロール = RichEdit 5.0(TSFネイティブ) ===
[AUTO] フォーカス復帰(前面ウィンドウ)
[AUTO] 準備 STEP 1: 現在=直接入力 必要=IME ON・かな・入力なし → VK 0x1C を注入
[03:34:59.234Z] KEY [準備/その他] 変換 vk=0x1C scan=0x79 press=03:34:58.739Z (auto)  状態=直接入力
    前     : A(open=0 conv=0x09) B(open=0 conv=0x09) T(open=0 conv=0x09) G(open=0 conv=0x00) comp="" tail=""
    +100ms: A(open=1 conv=0x19) B(open=1 conv=0x19) T(open=1 conv=0x19) G(open=0 conv=0x00) comp="" tail=""
    +400ms: A(open=1 conv=0x19) B(open=1 conv=0x19) T(open=1 conv=0x19) G(open=0 conv=0x00) comp="" tail=""
    差分 (前→+100ms): Δ open A:0→1 B:0→1 / conv A:0x09→0x19 B:0x09→0x19 / tsf-thread open:0→1 conv:0x09→0x19   (前→+400ms): Δ open A:0→1 B:0→1 / conv A:0x09→0x19 B:0x09→0x19 / tsf-thread open:0→1 conv:0x09→0x19
[03:35:00.539Z] KEY [SCRIPT 1/10 ひらがなキー 期待=ONのまま半角英数へ(conv 0x10)。Engine OFF(決定3保留のため遅延の可能性あり)] ひらがな(0xF2) vk=0xF2 scan=0x70 press=03:35:00.047Z (auto)  状態=IME ON・入力なし
    前     : A(open=1 conv=0x19) B(open=1 conv=0x19) T(open=1 conv=0x19) G(open=0 conv=0x00) comp="" tail=""
    +100ms: A(open=1 conv=0x10) B(open=1 conv=0x10) T(open=1 conv=0x10) G(open=0 conv=0x00) comp="" tail=""
    +400ms: A(open=1 conv=0x10) B(open=1 conv=0x10) T(open=1 conv=0x10) G(open=0 conv=0x00) comp="k" tail=""
    差分 (前→+100ms): Δ conv A:0x19→0x10 B:0x19→0x10 / tsf-thread open:1→1 conv:0x19→0x10   (前→+400ms): Δ conv A:0x19→0x10 B:0x19→0x10 / tsf-thread open:1→1 conv:0x19→0x10 / comp:Some("")→Some("k")
[03:35:01.103Z] KEY [準備/その他] ESC vk=0x1B scan=0x01 press=03:35:00.616Z (auto)  状態=IME ON・入力中
    前     : A(open=1 conv=0x10) B(open=1 conv=0x10) T(open=1 conv=0x10) G(open=0 conv=0x00) comp="k" tail=""
    +100ms: A(open=1 conv=0x10) B(open=1 conv=0x10) T(open=1 conv=0x10) G(open=0 conv=0x00) comp="" tail=""
    +400ms: A(open=1 conv=0x10) B(open=1 conv=0x10) T(open=1 conv=0x10) G(open=0 conv=0x00) comp="" tail=""
    差分 (前→+100ms): Δ comp:Some("k")→Some("")   (前→+400ms): Δ comp:Some("k")→Some("")
[03:35:02.236Z] KEY [SCRIPT 2/10 無変換 期待=IME OFF(直接入力)。Engine OFF] 無変換 vk=0x1D scan=0x7B press=03:35:01.737Z (auto)  状態=IME ON・入力なし
    前     : A(open=1 conv=0x10) B(open=1 conv=0x10) T(open=1 conv=0x10) G(open=0 conv=0x00) comp="" tail=""
    +100ms: A(open=0 conv=0x10) B(open=0 conv=0x10) T(open=0 conv=0x10) G(open=0 conv=0x00) comp="" tail=""
    +400ms: A(open=0 conv=0x10) B(open=0 conv=0x10) T(open=0 conv=0x10) G(open=0 conv=0x00) comp="" tail="k"
    差分 (前→+100ms): Δ open A:1→0 B:1→0 / tsf-thread open:1→0 conv:0x10→0x10   (前→+400ms): Δ open A:1→0 B:1→0 / tsf-thread open:1→0 conv:0x10→0x10 / tail:""→"k"
[03:35:02.800Z] KEY [準備/その他] ESC vk=0x1B scan=0x01 press=03:35:02.301Z (auto)  状態=直接入力
    前     : A(open=0 conv=0x10) B(open=0 conv=0x10) T(open=0 conv=0x10) G(open=0 conv=0x00) comp="" tail="k"
    +100ms: A(open=0 conv=0x10) B(open=0 conv=0x10) T(open=0 conv=0x10) G(open=0 conv=0x00) comp="" tail="k"
    +400ms: A(open=0 conv=0x10) B(open=0 conv=0x10) T(open=0 conv=0x10) G(open=0 conv=0x00) comp="" tail="k"
    差分 (前→+100ms): Δなし   (前→+400ms): Δなし
[03:35:03.919Z] KEY [SCRIPT 3/10 無変換 期待=IME ON・半角英数のまま(conv 0x10)。Engine は OFF のまま ← 決定2の核心] 無変換 vk=0x1D scan=0x7B press=03:35:03.421Z (auto)  状態=直接入力
    前     : A(open=0 conv=0x10) B(open=0 conv=0x10) T(open=0 conv=0x10) G(open=0 conv=0x00) comp="" tail="k"
    +100ms: A(open=1 conv=0x10) B(open=1 conv=0x10) T(open=1 conv=0x10) G(open=0 conv=0x00) comp="" tail="k"
    +400ms: A(open=1 conv=0x10) B(open=1 conv=0x10) T(open=1 conv=0x10) G(open=0 conv=0x00) comp="k" tail="k"
    差分 (前→+100ms): Δ open A:0→1 B:0→1 / tsf-thread open:0→1 conv:0x10→0x10   (前→+400ms): Δ open A:0→1 B:0→1 / tsf-thread open:0→1 conv:0x10→0x10 / comp:Some("")→Some("k")
[03:35:04.491Z] KEY [準備/その他] ESC vk=0x1B scan=0x01 press=03:35:03.983Z (auto)  状態=IME ON・入力中
    前     : A(open=1 conv=0x10) B(open=1 conv=0x10) T(open=1 conv=0x10) G(open=0 conv=0x00) comp="k" tail="k"
    +100ms: A(open=1 conv=0x10) B(open=1 conv=0x10) T(open=1 conv=0x10) G(open=0 conv=0x00) comp="" tail="k"
    +400ms: A(open=1 conv=0x10) B(open=1 conv=0x10) T(open=1 conv=0x10) G(open=0 conv=0x00) comp="" tail="k"
    差分 (前→+100ms): Δ comp:Some("k")→Some("")   (前→+400ms): Δ comp:Some("k")→Some("")
[03:35:05.550Z] KEY [SCRIPT 4/10 ひらがなキー 期待=かなに戻る(conv 0x19)。Engine ON(遅延の可能性あり)] ひらがな(0xF2) vk=0xF2 scan=0x70 press=03:35:05.052Z (auto)  状態=IME ON・入力なし
    前     : A(open=1 conv=0x10) B(open=1 conv=0x10) T(open=1 conv=0x10) G(open=0 conv=0x00) comp="" tail="k"
    +100ms: A(open=1 conv=0x19) B(open=1 conv=0x19) T(open=1 conv=0x19) G(open=0 conv=0x00) comp="" tail="k"
    +400ms: A(open=1 conv=0x19) B(open=1 conv=0x19) T(open=1 conv=0x19) G(open=0 conv=0x00) comp="き" tail="k"
    差分 (前→+100ms): Δ conv A:0x10→0x19 B:0x10→0x19 / tsf-thread open:1→1 conv:0x10→0x19   (前→+400ms): Δ conv A:0x10→0x19 B:0x10→0x19 / tsf-thread open:1→1 conv:0x10→0x19 / comp:Some("")→Some("き")
[03:35:06.111Z] KEY [準備/その他] ESC vk=0x1B scan=0x01 press=03:35:05.631Z (auto)  状態=IME ON・入力中
    前     : A(open=1 conv=0x19) B(open=1 conv=0x19) T(open=1 conv=0x19) G(open=0 conv=0x00) comp="き" tail="k"
    +100ms: A(open=1 conv=0x19) B(open=1 conv=0x19) T(open=1 conv=0x19) G(open=0 conv=0x00) comp="" tail="k"
    +400ms: A(open=1 conv=0x19) B(open=1 conv=0x19) T(open=1 conv=0x19) G(open=0 conv=0x00) comp="" tail="k"
    差分 (前→+100ms): Δ comp:Some("き")→Some("")   (前→+400ms): Δ comp:Some("き")→Some("")
[03:35:07.166Z] KEY [SCRIPT 5/10 無変換 期待=IME OFF。Engine OFF] 無変換 vk=0x1D scan=0x7B press=03:35:06.673Z (auto)  状態=IME ON・入力なし
    前     : A(open=1 conv=0x19) B(open=1 conv=0x19) T(open=1 conv=0x19) G(open=0 conv=0x00) comp="" tail="k"
    +100ms: A(open=0 conv=0x19) B(open=0 conv=0x19) T(open=0 conv=0x19) G(open=0 conv=0x00) comp="" tail="k"
    +400ms: A(open=0 conv=0x19) B(open=0 conv=0x19) T(open=0 conv=0x19) G(open=0 conv=0x00) comp="" tail="kk"
    差分 (前→+100ms): Δ open A:1→0 B:1→0 / tsf-thread open:1→0 conv:0x19→0x19   (前→+400ms): Δ open A:1→0 B:1→0 / tsf-thread open:1→0 conv:0x19→0x19 / tail:"k"→"kk"
[03:35:07.730Z] KEY [準備/その他] ESC vk=0x1B scan=0x01 press=03:35:07.230Z (auto)  状態=直接入力
    前     : A(open=0 conv=0x19) B(open=0 conv=0x19) T(open=0 conv=0x19) G(open=0 conv=0x00) comp="" tail="kk"
    +100ms: A(open=0 conv=0x19) B(open=0 conv=0x19) T(open=0 conv=0x19) G(open=0 conv=0x00) comp="" tail="kk"
    +400ms: A(open=0 conv=0x19) B(open=0 conv=0x19) T(open=0 conv=0x19) G(open=0 conv=0x00) comp="" tail="kk"
    差分 (前→+100ms): Δなし   (前→+400ms): Δなし
[03:35:07.805Z] KEY [準備/その他] ESC vk=0x1B scan=0x01 press=03:35:07.292Z (injected)  状態=直接入力
    前     : A(open=0 conv=0x19) B(open=0 conv=0x19) T(open=0 conv=0x19) G(open=0 conv=0x00) comp="" tail="kk"
    +100ms: A(open=0 conv=0x19) B(open=0 conv=0x19) T(open=0 conv=0x19) G(open=0 conv=0x00) comp="" tail="kk"
    +400ms: A(open=0 conv=0x19) B(open=0 conv=0x19) T(open=0 conv=0x19) G(open=0 conv=0x00) comp="" tail="kk"
    差分 (前→+100ms): Δなし   (前→+400ms): Δなし
[03:35:08.793Z] KEY [SCRIPT 6/10 無変換 期待=IME ON(かな)。Engine ON] 無変換 vk=0x1D scan=0x7B press=03:35:08.304Z (auto)  状態=直接入力
    前     : A(open=0 conv=0x19) B(open=0 conv=0x19) T(open=0 conv=0x19) G(open=0 conv=0x00) comp="" tail="kk"
    +100ms: A(open=1 conv=0x19) B(open=1 conv=0x19) T(open=1 conv=0x19) G(open=0 conv=0x00) comp="" tail="kk"
    +400ms: A(open=1 conv=0x19) B(open=1 conv=0x19) T(open=1 conv=0x19) G(open=0 conv=0x00) comp="き" tail="kk"
    差分 (前→+100ms): Δ open A:0→1 B:0→1 / tsf-thread open:0→1 conv:0x19→0x19   (前→+400ms): Δ open A:0→1 B:0→1 / tsf-thread open:0→1 conv:0x19→0x19 / comp:Some("")→Some("き")
[03:35:09.367Z] KEY [準備/その他] ESC vk=0x1B scan=0x01 press=03:35:08.860Z (auto)  状態=IME ON・入力中
    前     : A(open=1 conv=0x19) B(open=1 conv=0x19) T(open=1 conv=0x19) G(open=0 conv=0x00) comp="き" tail="kk"
    +100ms: A(open=1 conv=0x19) B(open=1 conv=0x19) T(open=1 conv=0x19) G(open=0 conv=0x00) comp="" tail="kk"
    +400ms: A(open=1 conv=0x19) B(open=1 conv=0x19) T(open=1 conv=0x19) G(open=0 conv=0x00) comp="" tail="kk"
    差分 (前→+100ms): Δ comp:Some("き")→Some("")   (前→+400ms): Δ comp:Some("き")→Some("")
[03:35:10.492Z] KEY [SCRIPT 7/10 ひらがなキー 期待=ONのまま半角英数へ。Engine は(遅延で)OFF] ひらがな(0xF2) vk=0xF2 scan=0x70 press=03:35:09.994Z (auto)  状態=IME ON・入力なし
    前     : A(open=1 conv=0x19) B(open=1 conv=0x19) T(open=1 conv=0x19) G(open=0 conv=0x00) comp="" tail="kk"
    +100ms: A(open=1 conv=0x10) B(open=1 conv=0x10) T(open=1 conv=0x10) G(open=0 conv=0x00) comp="" tail="kk"
    +400ms: A(open=1 conv=0x10) B(open=1 conv=0x10) T(open=1 conv=0x10) G(open=0 conv=0x00) comp="k" tail="kk"
    差分 (前→+100ms): Δ conv A:0x19→0x10 B:0x19→0x10 / tsf-thread open:1→1 conv:0x19→0x10   (前→+400ms): Δ conv A:0x19→0x10 B:0x19→0x10 / tsf-thread open:1→1 conv:0x19→0x10 / comp:Some("")→Some("k")
[03:35:11.056Z] KEY [準備/その他] ESC vk=0x1B scan=0x01 press=03:35:10.556Z (auto)  状態=IME ON・入力中
    前     : A(open=1 conv=0x10) B(open=1 conv=0x10) T(open=1 conv=0x10) G(open=0 conv=0x00) comp="k" tail="kk"
    +100ms: A(open=1 conv=0x10) B(open=1 conv=0x10) T(open=1 conv=0x10) G(open=0 conv=0x00) comp="" tail="kk"
    +400ms: A(open=1 conv=0x10) B(open=1 conv=0x10) T(open=1 conv=0x10) G(open=0 conv=0x00) comp="" tail="kk"
    差分 (前→+100ms): Δ comp:Some("k")→Some("")   (前→+400ms): Δ comp:Some("k")→Some("")
[03:35:12.135Z] KEY [SCRIPT 8/10 無変換 期待=IME OFF。Engine OFF] 無変換 vk=0x1D scan=0x7B press=03:35:11.636Z (auto)  状態=IME ON・入力なし
    前     : A(open=1 conv=0x10) B(open=1 conv=0x10) T(open=1 conv=0x10) G(open=0 conv=0x00) comp="" tail="kk"
    +100ms: A(open=0 conv=0x10) B(open=0 conv=0x10) T(open=0 conv=0x10) G(open=0 conv=0x00) comp="" tail="kk"
    +400ms: A(open=0 conv=0x10) B(open=0 conv=0x10) T(open=0 conv=0x10) G(open=0 conv=0x00) comp="" tail="kkk"
    差分 (前→+100ms): Δ open A:1→0 B:1→0 / tsf-thread open:1→0 conv:0x10→0x10   (前→+400ms): Δ open A:1→0 B:1→0 / tsf-thread open:1→0 conv:0x10→0x10 / tail:"kk"→"kkk"
[03:35:12.698Z] KEY [準備/その他] ESC vk=0x1B scan=0x01 press=03:35:12.231Z (auto)  状態=直接入力
    前     : A(open=0 conv=0x10) B(open=0 conv=0x10) T(open=0 conv=0x10) G(open=0 conv=0x00) comp="" tail="kkk"
    +100ms: A(open=0 conv=0x10) B(open=0 conv=0x10) T(open=0 conv=0x10) G(open=0 conv=0x00) comp="" tail="kkk"
    +400ms: A(open=0 conv=0x10) B(open=0 conv=0x10) T(open=0 conv=0x10) G(open=0 conv=0x00) comp="" tail="kkk"
    差分 (前→+100ms): Δなし   (前→+400ms): Δなし
[03:35:13.765Z] KEY [SCRIPT 9/10 無変換 期待=IME ON・半角英数のまま。Engine が ON にならないこと ← 退行窓の確認] 無変換 vk=0x1D scan=0x7B press=03:35:13.268Z (auto)  状態=直接入力
    前     : A(open=0 conv=0x10) B(open=0 conv=0x10) T(open=0 conv=0x10) G(open=0 conv=0x00) comp="" tail="kkk"
    +100ms: A(open=1 conv=0x10) B(open=1 conv=0x10) T(open=1 conv=0x10) G(open=0 conv=0x00) comp="" tail="kkk"
    +400ms: A(open=1 conv=0x10) B(open=1 conv=0x10) T(open=1 conv=0x10) G(open=0 conv=0x00) comp="k" tail="kkk"
    差分 (前→+100ms): Δ open A:0→1 B:0→1 / tsf-thread open:0→1 conv:0x10→0x10   (前→+400ms): Δ open A:0→1 B:0→1 / tsf-thread open:0→1 conv:0x10→0x10 / comp:Some("")→Some("k")
[03:35:14.328Z] KEY [準備/その他] ESC vk=0x1B scan=0x01 press=03:35:13.858Z (auto)  状態=IME ON・入力中
    前     : A(open=1 conv=0x10) B(open=1 conv=0x10) T(open=1 conv=0x10) G(open=0 conv=0x00) comp="k" tail="kkk"
    +100ms: A(open=1 conv=0x10) B(open=1 conv=0x10) T(open=1 conv=0x10) G(open=0 conv=0x00) comp="" tail="kkk"
    +400ms: A(open=1 conv=0x10) B(open=1 conv=0x10) T(open=1 conv=0x10) G(open=0 conv=0x00) comp="" tail="kkk"
    差分 (前→+100ms): Δ comp:Some("k")→Some("")   (前→+400ms): Δ comp:Some("k")→Some("")
[03:35:15.531Z] KEY [SCRIPT 10/10 ひらがなキー 期待=かなに戻る(後片付け)] ひらがな(0xF2) vk=0xF2 scan=0x70 press=03:35:14.952Z (auto)  状態=IME ON・入力なし
    前     : A(open=1 conv=0x10) B(open=1 conv=0x10) T(open=1 conv=0x10) G(open=0 conv=0x00) comp="" tail="kkk"
    +100ms: A(open=1 conv=0x19) B(open=1 conv=0x19) T(open=1 conv=0x19) G(open=0 conv=0x00) comp="" tail="kkk"
    +400ms: A(open=1 conv=0x19) B(open=1 conv=0x19) T(open=1 conv=0x19) G(open=0 conv=0x00) comp="き" tail="kkk"
    差分 (前→+100ms): Δ conv A:0x10→0x19 B:0x10→0x19 / tsf-thread open:1→1 conv:0x10→0x19   (前→+400ms): Δ conv A:0x10→0x19 B:0x10→0x19 / tsf-thread open:1→1 conv:0x10→0x19 / comp:Some("")→Some("き")
[03:35:16.073Z] KEY [準備/その他] ESC vk=0x1B scan=0x01 press=03:35:15.586Z (auto)  状態=IME ON・入力中
    前     : A(open=1 conv=0x19) B(open=1 conv=0x19) T(open=1 conv=0x19) G(open=0 conv=0x00) comp="き" tail="kkk"
    +100ms: A(open=1 conv=0x19) B(open=1 conv=0x19) T(open=1 conv=0x19) G(open=0 conv=0x00) comp="" tail="kkk"
    +400ms: A(open=1 conv=0x19) B(open=1 conv=0x19) T(open=1 conv=0x19) G(open=0 conv=0x00) comp="" tail="kkk"
    差分 (前→+100ms): Δ comp:Some("き")→Some("")   (前→+400ms): Δ comp:Some("き")→Some("")
[AUTO] 全手順完了（1.5秒後に自動で閉じます）
[RUN 9/12 髢句ｧ犠
=== IME key matrix spike (awase 非依存) ===
観測: A=IMM(ImmGet*) / B=WM_IME_CONTROL / T=TSFスレッドcompartment / G=TSFグローバルcompartment
conv の目安: 0x19=ひらがな(NATIVE|FULLSHAPE|ROMAN) 0x10=半角英数(ROMAN) 0x00=直接入力系
手順: awase を止める → 画面中段の案内に従ってキーを1回ずつ押す（全 2ラウンド×20ステップ、各押下後は3秒待機）
ROUND1=標準EDIT / ROUND2=RichEdit(TSFネイティブ)。そのキーが無い場合は Ctrl+Shift+F12 でスキップ
ログファイル: C:\Users\cuzic\scoop\persist\msys2\home\cuzic\awase-spike\target\debug\examples\ime_key_matrix_spike.log

=== ROUND 2/2: 対象コントロール = RichEdit 5.0(TSFネイティブ) ===
[AUTO] フォーカス復帰(前面ウィンドウ)
[AUTO] 準備 STEP 1: 現在=直接入力 必要=IME ON・かな・入力なし → VK 0x1C を注入
[03:35:20.104Z] KEY [準備/その他] 変換 vk=0x1C scan=0x79 press=03:35:19.610Z (auto)  状態=直接入力
    前     : A(open=0 conv=0x09) B(open=0 conv=0x09) T(open=0 conv=0x09) G(open=0 conv=0x00) comp="" tail=""
    +100ms: A(open=1 conv=0x19) B(open=1 conv=0x19) T(open=1 conv=0x19) G(open=0 conv=0x00) comp="" tail=""
    +400ms: A(open=1 conv=0x19) B(open=1 conv=0x19) T(open=1 conv=0x19) G(open=0 conv=0x00) comp="" tail=""
    差分 (前→+100ms): Δ open A:0→1 B:0→1 / conv A:0x09→0x19 B:0x09→0x19 / tsf-thread open:0→1 conv:0x09→0x19   (前→+400ms): Δ open A:0→1 B:0→1 / conv A:0x09→0x19 B:0x09→0x19 / tsf-thread open:0→1 conv:0x09→0x19
[03:35:21.419Z] KEY [SCRIPT 1/10 ひらがなキー 期待=ONのまま半角英数へ(conv 0x10)。Engine OFF(決定3保留のため遅延の可能性あり)] ひらがな(0xF2) vk=0xF2 scan=0x70 press=03:35:20.918Z (auto)  状態=IME ON・入力なし
    前     : A(open=1 conv=0x19) B(open=1 conv=0x19) T(open=1 conv=0x19) G(open=0 conv=0x00) comp="" tail=""
    +100ms: A(open=1 conv=0x10) B(open=1 conv=0x10) T(open=1 conv=0x10) G(open=0 conv=0x00) comp="" tail=""
    +400ms: A(open=1 conv=0x10) B(open=1 conv=0x10) T(open=1 conv=0x10) G(open=0 conv=0x00) comp="k" tail=""
    差分 (前→+100ms): Δ conv A:0x19→0x10 B:0x19→0x10 / tsf-thread open:1→1 conv:0x19→0x10   (前→+400ms): Δ conv A:0x19→0x10 B:0x19→0x10 / tsf-thread open:1→1 conv:0x19→0x10 / comp:Some("")→Some("k")
[03:35:21.977Z] KEY [準備/その他] ESC vk=0x1B scan=0x01 press=03:35:21.519Z (auto)  状態=IME ON・入力中
    前     : A(open=1 conv=0x10) B(open=1 conv=0x10) T(open=1 conv=0x10) G(open=0 conv=0x00) comp="k" tail=""
    +100ms: A(open=1 conv=0x10) B(open=1 conv=0x10) T(open=1 conv=0x10) G(open=0 conv=0x00) comp="" tail=""
    +400ms: A(open=1 conv=0x10) B(open=1 conv=0x10) T(open=1 conv=0x10) G(open=0 conv=0x00) comp="" tail=""
    差分 (前→+100ms): Δ comp:Some("k")→Some("")   (前→+400ms): Δ comp:Some("k")→Some("")
[03:35:23.051Z] KEY [SCRIPT 2/10 無変換 期待=IME OFF(直接入力)。Engine OFF] 無変換 vk=0x1D scan=0x7B press=03:35:22.551Z (auto)  状態=IME ON・入力なし
    前     : A(open=1 conv=0x10) B(open=1 conv=0x10) T(open=1 conv=0x10) G(open=0 conv=0x00) comp="" tail=""
    +100ms: A(open=0 conv=0x10) B(open=0 conv=0x10) T(open=0 conv=0x10) G(open=0 conv=0x00) comp="" tail=""
    +400ms: A(open=0 conv=0x10) B(open=0 conv=0x10) T(open=0 conv=0x10) G(open=0 conv=0x00) comp="" tail="k"
    差分 (前→+100ms): Δ open A:1→0 B:1→0 / tsf-thread open:1→0 conv:0x10→0x10   (前→+400ms): Δ open A:1→0 B:1→0 / tsf-thread open:1→0 conv:0x10→0x10 / tail:""→"k"
[03:35:23.613Z] KEY [準備/その他] ESC vk=0x1B scan=0x01 press=03:35:23.115Z (auto)  状態=直接入力
    前     : A(open=0 conv=0x10) B(open=0 conv=0x10) T(open=0 conv=0x10) G(open=0 conv=0x00) comp="" tail="k"
    +100ms: A(open=0 conv=0x10) B(open=0 conv=0x10) T(open=0 conv=0x10) G(open=0 conv=0x00) comp="" tail="k"
    +400ms: A(open=0 conv=0x10) B(open=0 conv=0x10) T(open=0 conv=0x10) G(open=0 conv=0x00) comp="" tail="k"
    差分 (前→+100ms): Δなし   (前→+400ms): Δなし
[03:35:24.727Z] KEY [SCRIPT 3/10 無変換 期待=IME ON・半角英数のまま(conv 0x10)。Engine は OFF のまま ← 決定2の核心] 無変換 vk=0x1D scan=0x7B press=03:35:24.234Z (auto)  状態=直接入力
    前     : A(open=0 conv=0x10) B(open=0 conv=0x10) T(open=0 conv=0x10) G(open=0 conv=0x00) comp="" tail="k"
    +100ms: A(open=1 conv=0x10) B(open=1 conv=0x10) T(open=1 conv=0x10) G(open=0 conv=0x00) comp="" tail="k"
    +400ms: A(open=1 conv=0x10) B(open=1 conv=0x10) T(open=1 conv=0x10) G(open=0 conv=0x00) comp="k" tail="k"
    差分 (前→+100ms): Δ open A:0→1 B:0→1 / tsf-thread open:0→1 conv:0x10→0x10   (前→+400ms): Δ open A:0→1 B:0→1 / tsf-thread open:0→1 conv:0x10→0x10 / comp:Some("")→Some("k")
[03:35:25.294Z] KEY [準備/その他] ESC vk=0x1B scan=0x01 press=03:35:24.798Z (auto)  状態=IME ON・入力中
    前     : A(open=1 conv=0x10) B(open=1 conv=0x10) T(open=1 conv=0x10) G(open=0 conv=0x00) comp="k" tail="k"
    +100ms: A(open=1 conv=0x10) B(open=1 conv=0x10) T(open=1 conv=0x10) G(open=0 conv=0x00) comp="" tail="k"
    +400ms: A(open=1 conv=0x10) B(open=1 conv=0x10) T(open=1 conv=0x10) G(open=0 conv=0x00) comp="" tail="k"
    差分 (前→+100ms): Δ comp:Some("k")→Some("")   (前→+400ms): Δ comp:Some("k")→Some("")
[03:35:26.387Z] KEY [SCRIPT 4/10 ひらがなキー 期待=かなに戻る(conv 0x19)。Engine ON(遅延の可能性あり)] ひらがな(0xF2) vk=0xF2 scan=0x70 press=03:35:25.918Z (auto)  状態=IME ON・入力なし
    前     : A(open=1 conv=0x10) B(open=1 conv=0x10) T(open=1 conv=0x10) G(open=0 conv=0x00) comp="" tail="k"
    +100ms: A(open=1 conv=0x19) B(open=1 conv=0x19) T(open=1 conv=0x19) G(open=0 conv=0x00) comp="" tail="k"
    +400ms: A(open=1 conv=0x19) B(open=1 conv=0x19) T(open=1 conv=0x19) G(open=0 conv=0x00) comp="き" tail="k"
    差分 (前→+100ms): Δ conv A:0x10→0x19 B:0x10→0x19 / tsf-thread open:1→1 conv:0x10→0x19   (前→+400ms): Δ conv A:0x10→0x19 B:0x10→0x19 / tsf-thread open:1→1 conv:0x10→0x19 / comp:Some("")→Some("き")
[03:35:26.991Z] KEY [準備/その他] ESC vk=0x1B scan=0x01 press=03:35:26.486Z (auto)  状態=IME ON・入力中
    前     : A(open=1 conv=0x19) B(open=1 conv=0x19) T(open=1 conv=0x19) G(open=0 conv=0x00) comp="き" tail="k"
    +100ms: A(open=1 conv=0x19) B(open=1 conv=0x19) T(open=1 conv=0x19) G(open=0 conv=0x00) comp="" tail="k"
    +400ms: A(open=1 conv=0x19) B(open=1 conv=0x19) T(open=1 conv=0x19) G(open=0 conv=0x00) comp="" tail="k"
    差分 (前→+100ms): Δ comp:Some("き")→Some("")   (前→+400ms): Δ comp:Some("き")→Some("")
[03:35:28.047Z] KEY [SCRIPT 5/10 無変換 期待=IME OFF。Engine OFF] 無変換 vk=0x1D scan=0x7B press=03:35:27.551Z (auto)  状態=IME ON・入力なし
    前     : A(open=1 conv=0x19) B(open=1 conv=0x19) T(open=1 conv=0x19) G(open=0 conv=0x00) comp="" tail="k"
    +100ms: A(open=0 conv=0x19) B(open=0 conv=0x19) T(open=0 conv=0x19) G(open=0 conv=0x00) comp="" tail="k"
    +400ms: A(open=0 conv=0x19) B(open=0 conv=0x19) T(open=0 conv=0x19) G(open=0 conv=0x00) comp="" tail="kk"
    差分 (前→+100ms): Δ open A:1→0 B:1→0 / tsf-thread open:1→0 conv:0x19→0x19   (前→+400ms): Δ open A:1→0 B:1→0 / tsf-thread open:1→0 conv:0x19→0x19 / tail:"k"→"kk"
[03:35:28.605Z] KEY [準備/その他] ESC vk=0x1B scan=0x01 press=03:35:28.127Z (auto)  状態=直接入力
    前     : A(open=0 conv=0x19) B(open=0 conv=0x19) T(open=0 conv=0x19) G(open=0 conv=0x00) comp="" tail="kk"
    +100ms: A(open=0 conv=0x19) B(open=0 conv=0x19) T(open=0 conv=0x19) G(open=0 conv=0x00) comp="" tail="kk"
    +400ms: A(open=0 conv=0x19) B(open=0 conv=0x19) T(open=0 conv=0x19) G(open=0 conv=0x00) comp="" tail="kk"
    差分 (前→+100ms): Δなし   (前→+400ms): Δなし
[03:35:28.673Z] KEY [準備/その他] ESC vk=0x1B scan=0x01 press=03:35:28.185Z (injected)  状態=直接入力
    前     : A(open=0 conv=0x19) B(open=0 conv=0x19) T(open=0 conv=0x19) G(open=0 conv=0x00) comp="" tail="kk"
    +100ms: A(open=0 conv=0x19) B(open=0 conv=0x19) T(open=0 conv=0x19) G(open=0 conv=0x00) comp="" tail="kk"
    +400ms: A(open=0 conv=0x19) B(open=0 conv=0x19) T(open=0 conv=0x19) G(open=0 conv=0x00) comp="" tail="kk"
    差分 (前→+100ms): Δなし   (前→+400ms): Δなし
[03:35:29.718Z] KEY [SCRIPT 6/10 無変換 期待=IME ON(かな)。Engine ON] 無変換 vk=0x1D scan=0x7B press=03:35:29.229Z (auto)  状態=直接入力
    前     : A(open=0 conv=0x19) B(open=0 conv=0x19) T(open=0 conv=0x19) G(open=0 conv=0x00) comp="" tail="kk"
    +100ms: A(open=1 conv=0x19) B(open=1 conv=0x19) T(open=1 conv=0x19) G(open=0 conv=0x00) comp="" tail="kk"
    +400ms: A(open=1 conv=0x19) B(open=1 conv=0x19) T(open=1 conv=0x19) G(open=0 conv=0x00) comp="き" tail="kk"
    差分 (前→+100ms): Δ open A:0→1 B:0→1 / tsf-thread open:0→1 conv:0x19→0x19   (前→+400ms): Δ open A:0→1 B:0→1 / tsf-thread open:0→1 conv:0x19→0x19 / comp:Some("")→Some("き")
[03:35:30.308Z] KEY [準備/その他] ESC vk=0x1B scan=0x01 press=03:35:29.819Z (auto)  状態=IME ON・入力中
    前     : A(open=1 conv=0x19) B(open=1 conv=0x19) T(open=1 conv=0x19) G(open=0 conv=0x00) comp="き" tail="kk"
    +100ms: A(open=1 conv=0x19) B(open=1 conv=0x19) T(open=1 conv=0x19) G(open=0 conv=0x00) comp="" tail="kk"
    +400ms: A(open=1 conv=0x19) B(open=1 conv=0x19) T(open=1 conv=0x19) G(open=0 conv=0x00) comp="" tail="kk"
    差分 (前→+100ms): Δ comp:Some("き")→Some("")   (前→+400ms): Δ comp:Some("き")→Some("")
[03:35:31.383Z] KEY [SCRIPT 7/10 ひらがなキー 期待=ONのまま半角英数へ。Engine は(遅延で)OFF] ひらがな(0xF2) vk=0xF2 scan=0x70 press=03:35:30.871Z (auto)  状態=IME ON・入力なし
    前     : A(open=1 conv=0x19) B(open=1 conv=0x19) T(open=1 conv=0x19) G(open=0 conv=0x00) comp="" tail="kk"
    +100ms: A(open=1 conv=0x10) B(open=1 conv=0x10) T(open=1 conv=0x10) G(open=0 conv=0x00) comp="" tail="kk"
    +400ms: A(open=1 conv=0x10) B(open=1 conv=0x10) T(open=1 conv=0x10) G(open=0 conv=0x00) comp="k" tail="kk"
    差分 (前→+100ms): Δ conv A:0x19→0x10 B:0x19→0x10 / tsf-thread open:1→1 conv:0x19→0x10   (前→+400ms): Δ conv A:0x19→0x10 B:0x19→0x10 / tsf-thread open:1→1 conv:0x19→0x10 / comp:Some("")→Some("k")
[03:35:31.942Z] KEY [準備/その他] ESC vk=0x1B scan=0x01 press=03:35:31.443Z (auto)  状態=IME ON・入力中
    前     : A(open=1 conv=0x10) B(open=1 conv=0x10) T(open=1 conv=0x10) G(open=0 conv=0x00) comp="k" tail="kk"
    +100ms: A(open=1 conv=0x10) B(open=1 conv=0x10) T(open=1 conv=0x10) G(open=0 conv=0x00) comp="" tail="kk"
    +400ms: A(open=1 conv=0x10) B(open=1 conv=0x10) T(open=1 conv=0x10) G(open=0 conv=0x00) comp="" tail="kk"
    差分 (前→+100ms): Δ comp:Some("k")→Some("")   (前→+400ms): Δ comp:Some("k")→Some("")
[03:35:33.006Z] KEY [SCRIPT 8/10 無変換 期待=IME OFF。Engine OFF] 無変換 vk=0x1D scan=0x7B press=03:35:32.505Z (auto)  状態=IME ON・入力なし
    前     : A(open=1 conv=0x10) B(open=1 conv=0x10) T(open=1 conv=0x10) G(open=0 conv=0x00) comp="" tail="kk"
    +100ms: A(open=0 conv=0x10) B(open=0 conv=0x10) T(open=0 conv=0x10) G(open=0 conv=0x00) comp="" tail="kk"
    +400ms: A(open=0 conv=0x10) B(open=0 conv=0x10) T(open=0 conv=0x10) G(open=0 conv=0x00) comp="" tail="kkk"
    差分 (前→+100ms): Δ open A:1→0 B:1→0 / tsf-thread open:1→0 conv:0x10→0x10   (前→+400ms): Δ open A:1→0 B:1→0 / tsf-thread open:1→0 conv:0x10→0x10 / tail:"kk"→"kkk"
[03:35:33.565Z] KEY [準備/その他] ESC vk=0x1B scan=0x01 press=03:35:33.103Z (auto)  状態=直接入力
    前     : A(open=0 conv=0x10) B(open=0 conv=0x10) T(open=0 conv=0x10) G(open=0 conv=0x00) comp="" tail="kkk"
    +100ms: A(open=0 conv=0x10) B(open=0 conv=0x10) T(open=0 conv=0x10) G(open=0 conv=0x00) comp="" tail="kkk"
    +400ms: A(open=0 conv=0x10) B(open=0 conv=0x10) T(open=0 conv=0x10) G(open=0 conv=0x00) comp="" tail="kkk"
    差分 (前→+100ms): Δなし   (前→+400ms): Δなし
[03:35:34.690Z] KEY [SCRIPT 9/10 無変換 期待=IME ON・半角英数のまま。Engine が ON にならないこと ← 退行窓の確認] 無変換 vk=0x1D scan=0x7B press=03:35:34.191Z (auto)  状態=直接入力
    前     : A(open=0 conv=0x10) B(open=0 conv=0x10) T(open=0 conv=0x10) G(open=0 conv=0x00) comp="" tail="kkk"
    +100ms: A(open=1 conv=0x10) B(open=1 conv=0x10) T(open=1 conv=0x10) G(open=0 conv=0x00) comp="" tail="kkk"
    +400ms: A(open=1 conv=0x10) B(open=1 conv=0x10) T(open=1 conv=0x10) G(open=0 conv=0x00) comp="k" tail="kkk"
    差分 (前→+100ms): Δ open A:0→1 B:0→1 / tsf-thread open:0→1 conv:0x10→0x10   (前→+400ms): Δ open A:0→1 B:0→1 / tsf-thread open:0→1 conv:0x10→0x10 / comp:Some("")→Some("k")
[03:35:35.250Z] KEY [準備/その他] ESC vk=0x1B scan=0x01 press=03:35:34.753Z (auto)  状態=IME ON・入力中
    前     : A(open=1 conv=0x10) B(open=1 conv=0x10) T(open=1 conv=0x10) G(open=0 conv=0x00) comp="k" tail="kkk"
    +100ms: A(open=1 conv=0x10) B(open=1 conv=0x10) T(open=1 conv=0x10) G(open=0 conv=0x00) comp="" tail="kkk"
    +400ms: A(open=1 conv=0x10) B(open=1 conv=0x10) T(open=1 conv=0x10) G(open=0 conv=0x00) comp="" tail="kkk"
    差分 (前→+100ms): Δ comp:Some("k")→Some("")   (前→+400ms): Δ comp:Some("k")→Some("")
[03:35:36.369Z] KEY [SCRIPT 10/10 ひらがなキー 期待=かなに戻る(後片付け)] ひらがな(0xF2) vk=0xF2 scan=0x70 press=03:35:35.878Z (auto)  状態=IME ON・入力なし
    前     : A(open=1 conv=0x10) B(open=1 conv=0x10) T(open=1 conv=0x10) G(open=0 conv=0x00) comp="" tail="kkk"
    +100ms: A(open=1 conv=0x19) B(open=1 conv=0x19) T(open=1 conv=0x19) G(open=0 conv=0x00) comp="" tail="kkk"
    +400ms: A(open=1 conv=0x19) B(open=1 conv=0x19) T(open=1 conv=0x19) G(open=0 conv=0x00) comp="き" tail="kkk"
    差分 (前→+100ms): Δ conv A:0x10→0x19 B:0x10→0x19 / tsf-thread open:1→1 conv:0x10→0x19   (前→+400ms): Δ conv A:0x10→0x19 B:0x10→0x19 / tsf-thread open:1→1 conv:0x10→0x19 / comp:Some("")→Some("き")
[03:35:36.930Z] KEY [準備/その他] ESC vk=0x1B scan=0x01 press=03:35:36.464Z (auto)  状態=IME ON・入力中
    前     : A(open=1 conv=0x19) B(open=1 conv=0x19) T(open=1 conv=0x19) G(open=0 conv=0x00) comp="き" tail="kkk"
    +100ms: A(open=1 conv=0x19) B(open=1 conv=0x19) T(open=1 conv=0x19) G(open=0 conv=0x00) comp="" tail="kkk"
    +400ms: A(open=1 conv=0x19) B(open=1 conv=0x19) T(open=1 conv=0x19) G(open=0 conv=0x00) comp="" tail="kkk"
    差分 (前→+100ms): Δ comp:Some("き")→Some("")   (前→+400ms): Δ comp:Some("き")→Some("")
[AUTO] 全手順完了（1.5秒後に自動で閉じます）
[RUN 10/12 髢句ｧ犠
=== IME key matrix spike (awase 非依存) ===
観測: A=IMM(ImmGet*) / B=WM_IME_CONTROL / T=TSFスレッドcompartment / G=TSFグローバルcompartment
conv の目安: 0x19=ひらがな(NATIVE|FULLSHAPE|ROMAN) 0x10=半角英数(ROMAN) 0x00=直接入力系
手順: awase を止める → 画面中段の案内に従ってキーを1回ずつ押す（全 2ラウンド×20ステップ、各押下後は3秒待機）
ROUND1=標準EDIT / ROUND2=RichEdit(TSFネイティブ)。そのキーが無い場合は Ctrl+Shift+F12 でスキップ
ログファイル: C:\Users\cuzic\scoop\persist\msys2\home\cuzic\awase-spike\target\debug\examples\ime_key_matrix_spike.log

=== ROUND 2/2: 対象コントロール = RichEdit 5.0(TSFネイティブ) ===
[AUTO] フォーカス復帰(前面ウィンドウ)
[AUTO] 準備 STEP 1: 現在=直接入力 必要=IME ON・かな・入力なし → VK 0x1C を注入
[03:35:41.163Z] KEY [準備/その他] 変換 vk=0x1C scan=0x79 press=03:35:40.654Z (auto)  状態=直接入力
    前     : A(open=0 conv=0x09) B(open=0 conv=0x09) T(open=0 conv=0x09) G(open=0 conv=0x00) comp="" tail=""
    +100ms: A(open=1 conv=0x19) B(open=1 conv=0x19) T(open=1 conv=0x19) G(open=0 conv=0x00) comp="" tail=""
    +400ms: A(open=1 conv=0x19) B(open=1 conv=0x19) T(open=1 conv=0x19) G(open=0 conv=0x00) comp="" tail=""
    差分 (前→+100ms): Δ open A:0→1 B:0→1 / conv A:0x09→0x19 B:0x09→0x19 / tsf-thread open:0→1 conv:0x09→0x19   (前→+400ms): Δ open A:0→1 B:0→1 / conv A:0x09→0x19 B:0x09→0x19 / tsf-thread open:0→1 conv:0x09→0x19
[03:35:42.481Z] KEY [SCRIPT 1/10 ひらがなキー 期待=ONのまま半角英数へ(conv 0x10)。Engine OFF(決定3保留のため遅延の可能性あり)] ひらがな(0xF2) vk=0xF2 scan=0x70 press=03:35:41.978Z (auto)  状態=IME ON・入力なし
    前     : A(open=1 conv=0x19) B(open=1 conv=0x19) T(open=1 conv=0x19) G(open=0 conv=0x00) comp="" tail=""
    +100ms: A(open=1 conv=0x10) B(open=1 conv=0x10) T(open=1 conv=0x10) G(open=0 conv=0x00) comp="" tail=""
    +400ms: A(open=1 conv=0x10) B(open=1 conv=0x10) T(open=1 conv=0x10) G(open=0 conv=0x00) comp="k" tail=""
    差分 (前→+100ms): Δ conv A:0x19→0x10 B:0x19→0x10 / tsf-thread open:1→1 conv:0x19→0x10   (前→+400ms): Δ conv A:0x19→0x10 B:0x19→0x10 / tsf-thread open:1→1 conv:0x19→0x10 / comp:Some("")→Some("k")
[03:35:43.041Z] KEY [準備/その他] ESC vk=0x1B scan=0x01 press=03:35:42.598Z (auto)  状態=IME ON・入力中
    前     : A(open=1 conv=0x10) B(open=1 conv=0x10) T(open=1 conv=0x10) G(open=0 conv=0x00) comp="k" tail=""
    +100ms: A(open=1 conv=0x10) B(open=1 conv=0x10) T(open=1 conv=0x10) G(open=0 conv=0x00) comp="" tail=""
    +400ms: A(open=1 conv=0x10) B(open=1 conv=0x10) T(open=1 conv=0x10) G(open=0 conv=0x00) comp="" tail=""
    差分 (前→+100ms): Δ comp:Some("k")→Some("")   (前→+400ms): Δ comp:Some("k")→Some("")
[03:35:43.122Z] KEY [準備/その他] ESC vk=0x1B scan=0x01 press=03:35:42.602Z (injected)  状態=IME ON・入力中
    前     : A(open=1 conv=0x10) B(open=1 conv=0x10) T(open=1 conv=0x10) G(open=0 conv=0x00) comp="k" tail=""
    +100ms: A(open=1 conv=0x10) B(open=1 conv=0x10) T(open=1 conv=0x10) G(open=0 conv=0x00) comp="" tail=""
    +400ms: A(open=1 conv=0x10) B(open=1 conv=0x10) T(open=1 conv=0x10) G(open=0 conv=0x00) comp="" tail=""
    差分 (前→+100ms): Δ comp:Some("k")→Some("")   (前→+400ms): Δ comp:Some("k")→Some("")
[03:35:44.103Z] KEY [SCRIPT 2/10 無変換 期待=IME OFF(直接入力)。Engine OFF] 無変換 vk=0x1D scan=0x7B press=03:35:43.618Z (auto)  状態=IME ON・入力なし
    前     : A(open=1 conv=0x10) B(open=1 conv=0x10) T(open=1 conv=0x10) G(open=0 conv=0x00) comp="" tail=""
    +100ms: A(open=0 conv=0x10) B(open=0 conv=0x10) T(open=0 conv=0x10) G(open=0 conv=0x00) comp="" tail=""
    +400ms: A(open=0 conv=0x10) B(open=0 conv=0x10) T(open=0 conv=0x10) G(open=0 conv=0x00) comp="" tail="k"
    差分 (前→+100ms): Δ open A:1→0 B:1→0 / tsf-thread open:1→0 conv:0x10→0x10   (前→+400ms): Δ open A:1→0 B:1→0 / tsf-thread open:1→0 conv:0x10→0x10 / tail:""→"k"
[03:35:44.667Z] KEY [準備/その他] ESC vk=0x1B scan=0x01 press=03:35:44.165Z (auto)  状態=直接入力
    前     : A(open=0 conv=0x10) B(open=0 conv=0x10) T(open=0 conv=0x10) G(open=0 conv=0x00) comp="" tail="k"
    +100ms: A(open=0 conv=0x10) B(open=0 conv=0x10) T(open=0 conv=0x10) G(open=0 conv=0x00) comp="" tail="k"
    +400ms: A(open=0 conv=0x10) B(open=0 conv=0x10) T(open=0 conv=0x10) G(open=0 conv=0x00) comp="" tail="k"
    差分 (前→+100ms): Δなし   (前→+400ms): Δなし
[03:35:45.735Z] KEY [SCRIPT 3/10 無変換 期待=IME ON・半角英数のまま(conv 0x10)。Engine は OFF のまま ← 決定2の核心] 無変換 vk=0x1D scan=0x7B press=03:35:45.243Z (auto)  状態=直接入力
    前     : A(open=0 conv=0x10) B(open=0 conv=0x10) T(open=0 conv=0x10) G(open=0 conv=0x00) comp="" tail="k"
    +100ms: A(open=1 conv=0x10) B(open=1 conv=0x10) T(open=1 conv=0x10) G(open=0 conv=0x00) comp="" tail="k"
    +400ms: A(open=1 conv=0x10) B(open=1 conv=0x10) T(open=1 conv=0x10) G(open=0 conv=0x00) comp="k" tail="k"
    差分 (前→+100ms): Δ open A:0→1 B:0→1 / tsf-thread open:0→1 conv:0x10→0x10   (前→+400ms): Δ open A:0→1 B:0→1 / tsf-thread open:0→1 conv:0x10→0x10 / comp:Some("")→Some("k")
[03:35:46.298Z] KEY [準備/その他] ESC vk=0x1B scan=0x01 press=03:35:45.802Z (auto)  状態=IME ON・入力中
    前     : A(open=1 conv=0x10) B(open=1 conv=0x10) T(open=1 conv=0x10) G(open=0 conv=0x00) comp="k" tail="k"
    +100ms: A(open=1 conv=0x10) B(open=1 conv=0x10) T(open=1 conv=0x10) G(open=0 conv=0x00) comp="" tail="k"
    +400ms: A(open=1 conv=0x10) B(open=1 conv=0x10) T(open=1 conv=0x10) G(open=0 conv=0x00) comp="" tail="k"
    差分 (前→+100ms): Δ comp:Some("k")→Some("")   (前→+400ms): Δ comp:Some("k")→Some("")
[03:35:47.419Z] KEY [SCRIPT 4/10 ひらがなキー 期待=かなに戻る(conv 0x19)。Engine ON(遅延の可能性あり)] ひらがな(0xF2) vk=0xF2 scan=0x70 press=03:35:46.917Z (auto)  状態=IME ON・入力なし
    前     : A(open=1 conv=0x10) B(open=1 conv=0x10) T(open=1 conv=0x10) G(open=0 conv=0x00) comp="" tail="k"
    +100ms: A(open=1 conv=0x19) B(open=1 conv=0x19) T(open=1 conv=0x19) G(open=0 conv=0x00) comp="" tail="k"
    +400ms: A(open=1 conv=0x19) B(open=1 conv=0x19) T(open=1 conv=0x19) G(open=0 conv=0x00) comp="き" tail="k"
    差分 (前→+100ms): Δ conv A:0x10→0x19 B:0x10→0x19 / tsf-thread open:1→1 conv:0x10→0x19   (前→+400ms): Δ conv A:0x10→0x19 B:0x10→0x19 / tsf-thread open:1→1 conv:0x10→0x19 / comp:Some("")→Some("き")
[03:35:47.980Z] KEY [準備/その他] ESC vk=0x1B scan=0x01 press=03:35:47.499Z (auto)  状態=IME ON・入力中
    前     : A(open=1 conv=0x19) B(open=1 conv=0x19) T(open=1 conv=0x19) G(open=0 conv=0x00) comp="き" tail="k"
    +100ms: A(open=1 conv=0x19) B(open=1 conv=0x19) T(open=1 conv=0x19) G(open=0 conv=0x00) comp="" tail="k"
    +400ms: A(open=1 conv=0x19) B(open=1 conv=0x19) T(open=1 conv=0x19) G(open=0 conv=0x00) comp="" tail="k"
    差分 (前→+100ms): Δ comp:Some("き")→Some("")   (前→+400ms): Δ comp:Some("き")→Some("")
[03:35:49.056Z] KEY [SCRIPT 5/10 無変換 期待=IME OFF。Engine OFF] 無変換 vk=0x1D scan=0x7B press=03:35:48.541Z (auto)  状態=IME ON・入力なし
    前     : A(open=1 conv=0x19) B(open=1 conv=0x19) T(open=1 conv=0x19) G(open=0 conv=0x00) comp="" tail="k"
    +100ms: A(open=0 conv=0x19) B(open=0 conv=0x19) T(open=0 conv=0x19) G(open=0 conv=0x00) comp="" tail="k"
    +400ms: A(open=0 conv=0x19) B(open=0 conv=0x19) T(open=0 conv=0x19) G(open=0 conv=0x00) comp="" tail="kk"
    差分 (前→+100ms): Δ open A:1→0 B:1→0 / tsf-thread open:1→0 conv:0x19→0x19   (前→+400ms): Δ open A:1→0 B:1→0 / tsf-thread open:1→0 conv:0x19→0x19 / tail:"k"→"kk"
[03:35:49.630Z] KEY [準備/その他] ESC vk=0x1B scan=0x01 press=03:35:49.132Z (auto)  状態=直接入力
    前     : A(open=0 conv=0x19) B(open=0 conv=0x19) T(open=0 conv=0x19) G(open=0 conv=0x00) comp="" tail="kk"
    +100ms: A(open=0 conv=0x19) B(open=0 conv=0x19) T(open=0 conv=0x19) G(open=0 conv=0x00) comp="" tail="kk"
    +400ms: A(open=0 conv=0x19) B(open=0 conv=0x19) T(open=0 conv=0x19) G(open=0 conv=0x00) comp="" tail="kk"
    差分 (前→+100ms): Δなし   (前→+400ms): Δなし
[03:35:49.716Z] KEY [準備/その他] ESC vk=0x1B scan=0x01 press=03:35:49.209Z (injected)  状態=直接入力
    前     : A(open=0 conv=0x19) B(open=0 conv=0x19) T(open=0 conv=0x19) G(open=0 conv=0x00) comp="" tail="kk"
    +100ms: A(open=0 conv=0x19) B(open=0 conv=0x19) T(open=0 conv=0x19) G(open=0 conv=0x00) comp="" tail="kk"
    +400ms: A(open=0 conv=0x19) B(open=0 conv=0x19) T(open=0 conv=0x19) G(open=0 conv=0x00) comp="" tail="kk"
    差分 (前→+100ms): Δなし   (前→+400ms): Δなし
[03:35:50.685Z] KEY [SCRIPT 6/10 無変換 期待=IME ON(かな)。Engine ON] 無変換 vk=0x1D scan=0x7B press=03:35:50.191Z (auto)  状態=直接入力
    前     : A(open=0 conv=0x19) B(open=0 conv=0x19) T(open=0 conv=0x19) G(open=0 conv=0x00) comp="" tail="kk"
    +100ms: A(open=1 conv=0x19) B(open=1 conv=0x19) T(open=1 conv=0x19) G(open=0 conv=0x00) comp="" tail="kk"
    +400ms: A(open=1 conv=0x19) B(open=1 conv=0x19) T(open=1 conv=0x19) G(open=0 conv=0x00) comp="き" tail="kk"
    差分 (前→+100ms): Δ open A:0→1 B:0→1 / tsf-thread open:0→1 conv:0x19→0x19   (前→+400ms): Δ open A:0→1 B:0→1 / tsf-thread open:0→1 conv:0x19→0x19 / comp:Some("")→Some("き")
[03:35:51.253Z] KEY [準備/その他] ESC vk=0x1B scan=0x01 press=03:35:50.765Z (auto)  状態=IME ON・入力中
    前     : A(open=1 conv=0x19) B(open=1 conv=0x19) T(open=1 conv=0x19) G(open=0 conv=0x00) comp="き" tail="kk"
    +100ms: A(open=1 conv=0x19) B(open=1 conv=0x19) T(open=1 conv=0x19) G(open=0 conv=0x00) comp="" tail="kk"
    +400ms: A(open=1 conv=0x19) B(open=1 conv=0x19) T(open=1 conv=0x19) G(open=0 conv=0x00) comp="" tail="kk"
    差分 (前→+100ms): Δ comp:Some("き")→Some("")   (前→+400ms): Δ comp:Some("き")→Some("")
[03:35:52.376Z] KEY [SCRIPT 7/10 ひらがなキー 期待=ONのまま半角英数へ。Engine は(遅延で)OFF] ひらがな(0xF2) vk=0xF2 scan=0x70 press=03:35:51.876Z (auto)  状態=IME ON・入力なし
    前     : A(open=1 conv=0x19) B(open=1 conv=0x19) T(open=1 conv=0x19) G(open=0 conv=0x00) comp="" tail="kk"
    +100ms: A(open=1 conv=0x10) B(open=1 conv=0x10) T(open=1 conv=0x10) G(open=0 conv=0x00) comp="" tail="kk"
    +400ms: A(open=1 conv=0x10) B(open=1 conv=0x10) T(open=1 conv=0x10) G(open=0 conv=0x00) comp="k" tail="kk"
    差分 (前→+100ms): Δ conv A:0x19→0x10 B:0x19→0x10 / tsf-thread open:1→1 conv:0x19→0x10   (前→+400ms): Δ conv A:0x19→0x10 B:0x19→0x10 / tsf-thread open:1→1 conv:0x19→0x10 / comp:Some("")→Some("k")
[03:35:52.936Z] KEY [準備/その他] ESC vk=0x1B scan=0x01 press=03:35:52.436Z (auto)  状態=IME ON・入力中
    前     : A(open=1 conv=0x10) B(open=1 conv=0x10) T(open=1 conv=0x10) G(open=0 conv=0x00) comp="k" tail="kk"
    +100ms: A(open=1 conv=0x10) B(open=1 conv=0x10) T(open=1 conv=0x10) G(open=0 conv=0x00) comp="" tail="kk"
    +400ms: A(open=1 conv=0x10) B(open=1 conv=0x10) T(open=1 conv=0x10) G(open=0 conv=0x00) comp="" tail="kk"
    差分 (前→+100ms): Δ comp:Some("k")→Some("")   (前→+400ms): Δ comp:Some("k")→Some("")
[03:35:54.056Z] KEY [SCRIPT 8/10 無変換 期待=IME OFF。Engine OFF] 無変換 vk=0x1D scan=0x7B press=03:35:53.558Z (auto)  状態=IME ON・入力なし
    前     : A(open=1 conv=0x10) B(open=1 conv=0x10) T(open=1 conv=0x10) G(open=0 conv=0x00) comp="" tail="kk"
    +100ms: A(open=0 conv=0x10) B(open=0 conv=0x10) T(open=0 conv=0x10) G(open=0 conv=0x00) comp="" tail="kk"
    +400ms: A(open=0 conv=0x10) B(open=0 conv=0x10) T(open=0 conv=0x10) G(open=0 conv=0x00) comp="" tail="kkk"
    差分 (前→+100ms): Δ open A:1→0 B:1→0 / tsf-thread open:1→0 conv:0x10→0x10   (前→+400ms): Δ open A:1→0 B:1→0 / tsf-thread open:1→0 conv:0x10→0x10 / tail:"kk"→"kkk"
[03:35:54.622Z] KEY [準備/その他] ESC vk=0x1B scan=0x01 press=03:35:54.123Z (auto)  状態=直接入力
    前     : A(open=0 conv=0x10) B(open=0 conv=0x10) T(open=0 conv=0x10) G(open=0 conv=0x00) comp="" tail="kkk"
    +100ms: A(open=0 conv=0x10) B(open=0 conv=0x10) T(open=0 conv=0x10) G(open=0 conv=0x00) comp="" tail="kkk"
    +400ms: A(open=0 conv=0x10) B(open=0 conv=0x10) T(open=0 conv=0x10) G(open=0 conv=0x00) comp="" tail="kkk"
    差分 (前→+100ms): Δなし   (前→+400ms): Δなし
[03:35:55.752Z] KEY [SCRIPT 9/10 無変換 期待=IME ON・半角英数のまま。Engine が ON にならないこと ← 退行窓の確認] 無変換 vk=0x1D scan=0x7B press=03:35:55.261Z (auto)  状態=直接入力
    前     : A(open=0 conv=0x10) B(open=0 conv=0x10) T(open=0 conv=0x10) G(open=0 conv=0x00) comp="" tail="kkk"
    +100ms: A(open=1 conv=0x10) B(open=1 conv=0x10) T(open=1 conv=0x10) G(open=0 conv=0x00) comp="" tail="kkk"
    +400ms: A(open=1 conv=0x10) B(open=1 conv=0x10) T(open=1 conv=0x10) G(open=0 conv=0x00) comp="k" tail="kkk"
    差分 (前→+100ms): Δ open A:0→1 B:0→1 / tsf-thread open:0→1 conv:0x10→0x10   (前→+400ms): Δ open A:0→1 B:0→1 / tsf-thread open:0→1 conv:0x10→0x10 / comp:Some("")→Some("k")
[03:35:55.821Z] KEY [準備/その他] 無変換 vk=0x1D scan=0x7B press=03:35:55.263Z (injected)  状態=直接入力
    前     : A(open=0 conv=0x10) B(open=0 conv=0x10) T(open=0 conv=0x10) G(open=0 conv=0x00) comp="" tail="kkk"
    +100ms: A(open=1 conv=0x10) B(open=1 conv=0x10) T(open=1 conv=0x10) G(open=0 conv=0x00) comp="" tail="kkk"
    +400ms: A(open=1 conv=0x10) B(open=1 conv=0x10) T(open=1 conv=0x10) G(open=0 conv=0x00) comp="k" tail="kkk"
    差分 (前→+100ms): Δ open A:0→1 B:0→1 / tsf-thread open:0→1 conv:0x10→0x10   (前→+400ms): Δ open A:0→1 B:0→1 / tsf-thread open:0→1 conv:0x10→0x10 / comp:Some("")→Some("k")
[03:35:56.376Z] KEY [準備/その他] ESC vk=0x1B scan=0x01 press=03:35:55.883Z (auto)  状態=IME ON・入力中
    前     : A(open=1 conv=0x10) B(open=1 conv=0x10) T(open=1 conv=0x10) G(open=0 conv=0x00) comp="k" tail="kkk"
    +100ms: A(open=1 conv=0x10) B(open=1 conv=0x10) T(open=1 conv=0x10) G(open=0 conv=0x00) comp="" tail="kkk"
    +400ms: A(open=1 conv=0x10) B(open=1 conv=0x10) T(open=1 conv=0x10) G(open=0 conv=0x00) comp="" tail="kkk"
    差分 (前→+100ms): Δ comp:Some("k")→Some("")   (前→+400ms): Δ comp:Some("k")→Some("")
[03:35:56.434Z] KEY [準備/その他] ESC vk=0x1B scan=0x01 press=03:35:55.886Z (injected)  状態=IME ON・入力中
    前     : A(open=1 conv=0x10) B(open=1 conv=0x10) T(open=1 conv=0x10) G(open=0 conv=0x00) comp="k" tail="kkk"
    +100ms: A(open=1 conv=0x10) B(open=1 conv=0x10) T(open=1 conv=0x10) G(open=0 conv=0x00) comp="" tail="kkk"
    +400ms: A(open=1 conv=0x10) B(open=1 conv=0x10) T(open=1 conv=0x10) G(open=0 conv=0x00) comp="" tail="kkk"
    差分 (前→+100ms): Δ comp:Some("k")→Some("")   (前→+400ms): Δ comp:Some("k")→Some("")
[03:35:57.439Z] KEY [SCRIPT 10/10 ひらがなキー 期待=かなに戻る(後片付け)] ひらがな(0xF2) vk=0xF2 scan=0x70 press=03:35:56.940Z (auto)  状態=IME ON・入力なし
    前     : A(open=1 conv=0x10) B(open=1 conv=0x10) T(open=1 conv=0x10) G(open=0 conv=0x00) comp="" tail="kkk"
    +100ms: A(open=1 conv=0x19) B(open=1 conv=0x19) T(open=1 conv=0x19) G(open=0 conv=0x00) comp="" tail="kkk"
    +400ms: A(open=1 conv=0x19) B(open=1 conv=0x19) T(open=1 conv=0x19) G(open=0 conv=0x00) comp="き" tail="kkk"
    差分 (前→+100ms): Δ conv A:0x10→0x19 B:0x10→0x19 / tsf-thread open:1→1 conv:0x10→0x19   (前→+400ms): Δ conv A:0x10→0x19 B:0x10→0x19 / tsf-thread open:1→1 conv:0x10→0x19 / comp:Some("")→Some("き")
[03:35:58.001Z] KEY [準備/その他] ESC vk=0x1B scan=0x01 press=03:35:57.499Z (auto)  状態=IME ON・入力中
    前     : A(open=1 conv=0x19) B(open=1 conv=0x19) T(open=1 conv=0x19) G(open=0 conv=0x00) comp="き" tail="kkk"
    +100ms: A(open=1 conv=0x19) B(open=1 conv=0x19) T(open=1 conv=0x19) G(open=0 conv=0x00) comp="" tail="kkk"
    +400ms: A(open=1 conv=0x19) B(open=1 conv=0x19) T(open=1 conv=0x19) G(open=0 conv=0x00) comp="" tail="kkk"
    差分 (前→+100ms): Δ comp:Some("き")→Some("")   (前→+400ms): Δ comp:Some("き")→Some("")
[AUTO] 全手順完了（1.5秒後に自動で閉じます）
[RUN 11/12 髢句ｧ犠
=== IME key matrix spike (awase 非依存) ===
観測: A=IMM(ImmGet*) / B=WM_IME_CONTROL / T=TSFスレッドcompartment / G=TSFグローバルcompartment
conv の目安: 0x19=ひらがな(NATIVE|FULLSHAPE|ROMAN) 0x10=半角英数(ROMAN) 0x00=直接入力系
手順: awase を止める → 画面中段の案内に従ってキーを1回ずつ押す（全 2ラウンド×20ステップ、各押下後は3秒待機）
ROUND1=標準EDIT / ROUND2=RichEdit(TSFネイティブ)。そのキーが無い場合は Ctrl+Shift+F12 でスキップ
ログファイル: C:\Users\cuzic\scoop\persist\msys2\home\cuzic\awase-spike\target\debug\examples\ime_key_matrix_spike.log

=== ROUND 2/2: 対象コントロール = RichEdit 5.0(TSFネイティブ) ===
[AUTO] フォーカス復帰(前面ウィンドウ)
[AUTO] 準備 STEP 1: 現在=直接入力 必要=IME ON・かな・入力なし → VK 0x1C を注入
[03:36:01.754Z] KEY [準備/その他] 変換 vk=0x1C scan=0x79 press=03:36:01.249Z (auto)  状態=直接入力
    前     : A(open=0 conv=0x09) B(open=0 conv=0x09) T(open=0 conv=0x09) G(open=0 conv=0x00) comp="" tail=""
    +100ms: A(open=1 conv=0x19) B(open=1 conv=0x19) T(open=1 conv=0x19) G(open=0 conv=0x00) comp="" tail=""
    +400ms: A(open=1 conv=0x19) B(open=1 conv=0x19) T(open=1 conv=0x19) G(open=0 conv=0x00) comp="" tail=""
    差分 (前→+100ms): Δ open A:0→1 B:0→1 / conv A:0x09→0x19 B:0x09→0x19 / tsf-thread open:0→1 conv:0x09→0x19   (前→+400ms): Δ open A:0→1 B:0→1 / conv A:0x09→0x19 B:0x09→0x19 / tsf-thread open:0→1 conv:0x09→0x19
[03:36:03.010Z] KEY [SCRIPT 1/10 ひらがなキー 期待=ONのまま半角英数へ(conv 0x10)。Engine OFF(決定3保留のため遅延の可能性あり)] ひらがな(0xF2) vk=0xF2 scan=0x70 press=03:36:02.501Z (auto)  状態=IME ON・入力なし
    前     : A(open=1 conv=0x19) B(open=1 conv=0x19) T(open=1 conv=0x19) G(open=0 conv=0x00) comp="" tail=""
    +100ms: A(open=1 conv=0x10) B(open=1 conv=0x10) T(open=1 conv=0x10) G(open=0 conv=0x00) comp="" tail=""
    +400ms: A(open=1 conv=0x10) B(open=1 conv=0x10) T(open=1 conv=0x10) G(open=0 conv=0x00) comp="k" tail=""
    差分 (前→+100ms): Δ conv A:0x19→0x10 B:0x19→0x10 / tsf-thread open:1→1 conv:0x19→0x10   (前→+400ms): Δ conv A:0x19→0x10 B:0x19→0x10 / tsf-thread open:1→1 conv:0x19→0x10 / comp:Some("")→Some("k")
[03:36:03.628Z] KEY [準備/その他] ESC vk=0x1B scan=0x01 press=03:36:03.127Z (auto)  状態=IME ON・入力中
    前     : A(open=1 conv=0x10) B(open=1 conv=0x10) T(open=1 conv=0x10) G(open=0 conv=0x00) comp="k" tail=""
    +100ms: A(open=1 conv=0x10) B(open=1 conv=0x10) T(open=1 conv=0x10) G(open=0 conv=0x00) comp="" tail=""
    +400ms: A(open=1 conv=0x10) B(open=1 conv=0x10) T(open=1 conv=0x10) G(open=0 conv=0x00) comp="" tail=""
    差分 (前→+100ms): Δ comp:Some("k")→Some("")   (前→+400ms): Δ comp:Some("k")→Some("")
[03:36:03.721Z] KEY [準備/その他] ESC vk=0x1B scan=0x01 press=03:36:03.131Z (injected)  状態=IME ON・入力中
    前     : A(open=1 conv=0x10) B(open=1 conv=0x10) T(open=1 conv=0x10) G(open=0 conv=0x00) comp="k" tail=""
    +100ms: A(open=1 conv=0x10) B(open=1 conv=0x10) T(open=1 conv=0x10) G(open=0 conv=0x00) comp="" tail=""
    +400ms: A(open=1 conv=0x10) B(open=1 conv=0x10) T(open=1 conv=0x10) G(open=0 conv=0x00) comp="" tail=""
    差分 (前→+100ms): Δ comp:Some("k")→Some("")   (前→+400ms): Δ comp:Some("k")→Some("")
[03:36:04.684Z] KEY [SCRIPT 2/10 無変換 期待=IME OFF(直接入力)。Engine OFF] 無変換 vk=0x1D scan=0x7B press=03:36:04.187Z (auto)  状態=IME ON・入力なし
    前     : A(open=1 conv=0x10) B(open=1 conv=0x10) T(open=1 conv=0x10) G(open=0 conv=0x00) comp="" tail=""
    +100ms: A(open=0 conv=0x10) B(open=0 conv=0x10) T(open=0 conv=0x10) G(open=0 conv=0x00) comp="" tail=""
    +400ms: A(open=0 conv=0x10) B(open=0 conv=0x10) T(open=0 conv=0x10) G(open=0 conv=0x00) comp="" tail="k"
    差分 (前→+100ms): Δ open A:1→0 B:1→0 / tsf-thread open:1→0 conv:0x10→0x10   (前→+400ms): Δ open A:1→0 B:1→0 / tsf-thread open:1→0 conv:0x10→0x10 / tail:""→"k"
[03:36:05.246Z] KEY [準備/その他] ESC vk=0x1B scan=0x01 press=03:36:04.751Z (auto)  状態=直接入力
    前     : A(open=0 conv=0x10) B(open=0 conv=0x10) T(open=0 conv=0x10) G(open=0 conv=0x00) comp="" tail="k"
    +100ms: A(open=0 conv=0x10) B(open=0 conv=0x10) T(open=0 conv=0x10) G(open=0 conv=0x00) comp="" tail="k"
    +400ms: A(open=0 conv=0x10) B(open=0 conv=0x10) T(open=0 conv=0x10) G(open=0 conv=0x00) comp="" tail="k"
    差分 (前→+100ms): Δなし   (前→+400ms): Δなし
[03:36:06.359Z] KEY [SCRIPT 3/10 無変換 期待=IME ON・半角英数のまま(conv 0x10)。Engine は OFF のまま ← 決定2の核心] 無変換 vk=0x1D scan=0x7B press=03:36:05.868Z (auto)  状態=直接入力
    前     : A(open=0 conv=0x10) B(open=0 conv=0x10) T(open=0 conv=0x10) G(open=0 conv=0x00) comp="" tail="k"
    +100ms: A(open=1 conv=0x10) B(open=1 conv=0x10) T(open=1 conv=0x10) G(open=0 conv=0x00) comp="" tail="k"
    +400ms: A(open=1 conv=0x10) B(open=1 conv=0x10) T(open=1 conv=0x10) G(open=0 conv=0x00) comp="k" tail="k"
    差分 (前→+100ms): Δ open A:0→1 B:0→1 / tsf-thread open:0→1 conv:0x10→0x10   (前→+400ms): Δ open A:0→1 B:0→1 / tsf-thread open:0→1 conv:0x10→0x10 / comp:Some("")→Some("k")
[03:36:06.943Z] KEY [準備/その他] ESC vk=0x1B scan=0x01 press=03:36:06.454Z (auto)  状態=IME ON・入力中
    前     : A(open=1 conv=0x10) B(open=1 conv=0x10) T(open=1 conv=0x10) G(open=0 conv=0x00) comp="k" tail="k"
    +100ms: A(open=1 conv=0x10) B(open=1 conv=0x10) T(open=1 conv=0x10) G(open=0 conv=0x00) comp="" tail="k"
    +400ms: A(open=1 conv=0x10) B(open=1 conv=0x10) T(open=1 conv=0x10) G(open=0 conv=0x00) comp="" tail="k"
    差分 (前→+100ms): Δ comp:Some("k")→Some("")   (前→+400ms): Δ comp:Some("k")→Some("")
[03:36:08.002Z] KEY [SCRIPT 4/10 ひらがなキー 期待=かなに戻る(conv 0x19)。Engine ON(遅延の可能性あり)] ひらがな(0xF2) vk=0xF2 scan=0x70 press=03:36:07.508Z (auto)  状態=IME ON・入力なし
    前     : A(open=1 conv=0x10) B(open=1 conv=0x10) T(open=1 conv=0x10) G(open=0 conv=0x00) comp="" tail="k"
    +100ms: A(open=1 conv=0x19) B(open=1 conv=0x19) T(open=1 conv=0x19) G(open=0 conv=0x00) comp="" tail="k"
    +400ms: A(open=1 conv=0x19) B(open=1 conv=0x19) T(open=1 conv=0x19) G(open=0 conv=0x00) comp="き" tail="k"
    差分 (前→+100ms): Δ conv A:0x10→0x19 B:0x10→0x19 / tsf-thread open:1→1 conv:0x10→0x19   (前→+400ms): Δ conv A:0x10→0x19 B:0x10→0x19 / tsf-thread open:1→1 conv:0x10→0x19 / comp:Some("")→Some("き")
[03:36:08.556Z] KEY [準備/その他] ESC vk=0x1B scan=0x01 press=03:36:08.076Z (auto)  状態=IME ON・入力中
    前     : A(open=1 conv=0x19) B(open=1 conv=0x19) T(open=1 conv=0x19) G(open=0 conv=0x00) comp="き" tail="k"
    +100ms: A(open=1 conv=0x19) B(open=1 conv=0x19) T(open=1 conv=0x19) G(open=0 conv=0x00) comp="" tail="k"
    +400ms: A(open=1 conv=0x19) B(open=1 conv=0x19) T(open=1 conv=0x19) G(open=0 conv=0x00) comp="" tail="k"
    差分 (前→+100ms): Δ comp:Some("き")→Some("")   (前→+400ms): Δ comp:Some("き")→Some("")
[03:36:09.629Z] KEY [SCRIPT 5/10 無変換 期待=IME OFF。Engine OFF] 無変換 vk=0x1D scan=0x7B press=03:36:09.133Z (auto)  状態=IME ON・入力なし
    前     : A(open=1 conv=0x19) B(open=1 conv=0x19) T(open=1 conv=0x19) G(open=0 conv=0x00) comp="" tail="k"
    +100ms: A(open=0 conv=0x19) B(open=0 conv=0x19) T(open=0 conv=0x19) G(open=0 conv=0x00) comp="" tail="k"
    +400ms: A(open=0 conv=0x19) B(open=0 conv=0x19) T(open=0 conv=0x19) G(open=0 conv=0x00) comp="" tail="kk"
    差分 (前→+100ms): Δ open A:1→0 B:1→0 / tsf-thread open:1→0 conv:0x19→0x19   (前→+400ms): Δ open A:1→0 B:1→0 / tsf-thread open:1→0 conv:0x19→0x19 / tail:"k"→"kk"
[03:36:10.191Z] KEY [準備/その他] ESC vk=0x1B scan=0x01 press=03:36:09.692Z (auto)  状態=直接入力
    前     : A(open=0 conv=0x19) B(open=0 conv=0x19) T(open=0 conv=0x19) G(open=0 conv=0x00) comp="" tail="kk"
    +100ms: A(open=0 conv=0x19) B(open=0 conv=0x19) T(open=0 conv=0x19) G(open=0 conv=0x00) comp="" tail="kk"
    +400ms: A(open=0 conv=0x19) B(open=0 conv=0x19) T(open=0 conv=0x19) G(open=0 conv=0x00) comp="" tail="kk"
    差分 (前→+100ms): Δなし   (前→+400ms): Δなし
[03:36:10.255Z] KEY [準備/その他] ESC vk=0x1B scan=0x01 press=03:36:09.752Z (injected)  状態=直接入力
    前     : A(open=0 conv=0x19) B(open=0 conv=0x19) T(open=0 conv=0x19) G(open=0 conv=0x00) comp="" tail="kk"
    +100ms: A(open=0 conv=0x19) B(open=0 conv=0x19) T(open=0 conv=0x19) G(open=0 conv=0x00) comp="" tail="kk"
    +400ms: A(open=0 conv=0x19) B(open=0 conv=0x19) T(open=0 conv=0x19) G(open=0 conv=0x00) comp="" tail="kk"
    差分 (前→+100ms): Δなし   (前→+400ms): Δなし
[03:36:11.259Z] KEY [SCRIPT 6/10 無変換 期待=IME ON(かな)。Engine ON] 無変換 vk=0x1D scan=0x7B press=03:36:10.753Z (auto)  状態=直接入力
    前     : A(open=0 conv=0x19) B(open=0 conv=0x19) T(open=0 conv=0x19) G(open=0 conv=0x00) comp="" tail="kk"
    +100ms: A(open=1 conv=0x19) B(open=1 conv=0x19) T(open=1 conv=0x19) G(open=0 conv=0x00) comp="" tail="kk"
    +400ms: A(open=1 conv=0x19) B(open=1 conv=0x19) T(open=1 conv=0x19) G(open=0 conv=0x00) comp="き" tail="kk"
    差分 (前→+100ms): Δ open A:0→1 B:0→1 / tsf-thread open:0→1 conv:0x19→0x19   (前→+400ms): Δ open A:0→1 B:0→1 / tsf-thread open:0→1 conv:0x19→0x19 / comp:Some("")→Some("き")
[03:36:11.817Z] KEY [準備/その他] ESC vk=0x1B scan=0x01 press=03:36:11.326Z (auto)  状態=IME ON・入力中
    前     : A(open=1 conv=0x19) B(open=1 conv=0x19) T(open=1 conv=0x19) G(open=0 conv=0x00) comp="き" tail="kk"
    +100ms: A(open=1 conv=0x19) B(open=1 conv=0x19) T(open=1 conv=0x19) G(open=0 conv=0x00) comp="" tail="kk"
    +400ms: A(open=1 conv=0x19) B(open=1 conv=0x19) T(open=1 conv=0x19) G(open=0 conv=0x00) comp="" tail="kk"
    差分 (前→+100ms): Δ comp:Some("き")→Some("")   (前→+400ms): Δ comp:Some("き")→Some("")
[03:36:12.877Z] KEY [SCRIPT 7/10 ひらがなキー 期待=ONのまま半角英数へ。Engine は(遅延で)OFF] ひらがな(0xF2) vk=0xF2 scan=0x70 press=03:36:12.376Z (auto)  状態=IME ON・入力なし
    前     : A(open=1 conv=0x19) B(open=1 conv=0x19) T(open=1 conv=0x19) G(open=0 conv=0x00) comp="" tail="kk"
    +100ms: A(open=1 conv=0x10) B(open=1 conv=0x10) T(open=1 conv=0x10) G(open=0 conv=0x00) comp="" tail="kk"
    +400ms: A(open=1 conv=0x10) B(open=1 conv=0x10) T(open=1 conv=0x10) G(open=0 conv=0x00) comp="k" tail="kk"
    差分 (前→+100ms): Δ conv A:0x19→0x10 B:0x19→0x10 / tsf-thread open:1→1 conv:0x19→0x10   (前→+400ms): Δ conv A:0x19→0x10 B:0x19→0x10 / tsf-thread open:1→1 conv:0x19→0x10 / comp:Some("")→Some("k")
[03:36:13.432Z] KEY [準備/その他] ESC vk=0x1B scan=0x01 press=03:36:12.936Z (auto)  状態=IME ON・入力中
    前     : A(open=1 conv=0x10) B(open=1 conv=0x10) T(open=1 conv=0x10) G(open=0 conv=0x00) comp="k" tail="kk"
    +100ms: A(open=1 conv=0x10) B(open=1 conv=0x10) T(open=1 conv=0x10) G(open=0 conv=0x00) comp="" tail="kk"
    +400ms: A(open=1 conv=0x10) B(open=1 conv=0x10) T(open=1 conv=0x10) G(open=0 conv=0x00) comp="" tail="kk"
    差分 (前→+100ms): Δ comp:Some("k")→Some("")   (前→+400ms): Δ comp:Some("k")→Some("")
[03:36:14.554Z] KEY [SCRIPT 8/10 無変換 期待=IME OFF。Engine OFF] 無変換 vk=0x1D scan=0x7B press=03:36:14.055Z (auto)  状態=IME ON・入力なし
    前     : A(open=1 conv=0x10) B(open=1 conv=0x10) T(open=1 conv=0x10) G(open=0 conv=0x00) comp="" tail="kk"
    +100ms: A(open=0 conv=0x10) B(open=0 conv=0x10) T(open=0 conv=0x10) G(open=0 conv=0x00) comp="" tail="kk"
    +400ms: A(open=0 conv=0x10) B(open=0 conv=0x10) T(open=0 conv=0x10) G(open=0 conv=0x00) comp="" tail="kkk"
    差分 (前→+100ms): Δ open A:1→0 B:1→0 / tsf-thread open:1→0 conv:0x10→0x10   (前→+400ms): Δ open A:1→0 B:1→0 / tsf-thread open:1→0 conv:0x10→0x10 / tail:"kk"→"kkk"
[03:36:15.120Z] KEY [準備/その他] ESC vk=0x1B scan=0x01 press=03:36:14.657Z (auto)  状態=直接入力
    前     : A(open=0 conv=0x10) B(open=0 conv=0x10) T(open=0 conv=0x10) G(open=0 conv=0x00) comp="" tail="kkk"
    +100ms: A(open=0 conv=0x10) B(open=0 conv=0x10) T(open=0 conv=0x10) G(open=0 conv=0x00) comp="" tail="kkk"
    +400ms: A(open=0 conv=0x10) B(open=0 conv=0x10) T(open=0 conv=0x10) G(open=0 conv=0x00) comp="" tail="kkk"
    差分 (前→+100ms): Δなし   (前→+400ms): Δなし
[03:36:16.203Z] KEY [SCRIPT 9/10 無変換 期待=IME ON・半角英数のまま。Engine が ON にならないこと ← 退行窓の確認] 無変換 vk=0x1D scan=0x7B press=03:36:15.708Z (auto)  状態=直接入力
    前     : A(open=0 conv=0x10) B(open=0 conv=0x10) T(open=0 conv=0x10) G(open=0 conv=0x00) comp="" tail="kkk"
    +100ms: A(open=1 conv=0x10) B(open=1 conv=0x10) T(open=1 conv=0x10) G(open=0 conv=0x00) comp="" tail="kkk"
    +400ms: A(open=1 conv=0x10) B(open=1 conv=0x10) T(open=1 conv=0x10) G(open=0 conv=0x00) comp="k" tail="kkk"
    差分 (前→+100ms): Δ open A:0→1 B:0→1 / tsf-thread open:0→1 conv:0x10→0x10   (前→+400ms): Δ open A:0→1 B:0→1 / tsf-thread open:0→1 conv:0x10→0x10 / comp:Some("")→Some("k")
[03:36:16.771Z] KEY [準備/その他] ESC vk=0x1B scan=0x01 press=03:36:16.267Z (auto)  状態=IME ON・入力中
    前     : A(open=1 conv=0x10) B(open=1 conv=0x10) T(open=1 conv=0x10) G(open=0 conv=0x00) comp="k" tail="kkk"
    +100ms: A(open=1 conv=0x10) B(open=1 conv=0x10) T(open=1 conv=0x10) G(open=0 conv=0x00) comp="" tail="kkk"
    +400ms: A(open=1 conv=0x10) B(open=1 conv=0x10) T(open=1 conv=0x10) G(open=0 conv=0x00) comp="" tail="kkk"
    差分 (前→+100ms): Δ comp:Some("k")→Some("")   (前→+400ms): Δ comp:Some("k")→Some("")
[03:36:17.888Z] KEY [SCRIPT 10/10 ひらがなキー 期待=かなに戻る(後片付け)] ひらがな(0xF2) vk=0xF2 scan=0x70 press=03:36:17.390Z (auto)  状態=IME ON・入力なし
    前     : A(open=1 conv=0x10) B(open=1 conv=0x10) T(open=1 conv=0x10) G(open=0 conv=0x00) comp="" tail="kkk"
    +100ms: A(open=1 conv=0x19) B(open=1 conv=0x19) T(open=1 conv=0x19) G(open=0 conv=0x00) comp="" tail="kkk"
    +400ms: A(open=1 conv=0x19) B(open=1 conv=0x19) T(open=1 conv=0x19) G(open=0 conv=0x00) comp="き" tail="kkk"
    差分 (前→+100ms): Δ conv A:0x10→0x19 B:0x10→0x19 / tsf-thread open:1→1 conv:0x10→0x19   (前→+400ms): Δ conv A:0x10→0x19 B:0x10→0x19 / tsf-thread open:1→1 conv:0x10→0x19 / comp:Some("")→Some("き")
[03:36:18.450Z] KEY [準備/その他] ESC vk=0x1B scan=0x01 press=03:36:17.968Z (auto)  状態=IME ON・入力中
    前     : A(open=1 conv=0x19) B(open=1 conv=0x19) T(open=1 conv=0x19) G(open=0 conv=0x00) comp="き" tail="kkk"
    +100ms: A(open=1 conv=0x19) B(open=1 conv=0x19) T(open=1 conv=0x19) G(open=0 conv=0x00) comp="" tail="kkk"
    +400ms: A(open=1 conv=0x19) B(open=1 conv=0x19) T(open=1 conv=0x19) G(open=0 conv=0x00) comp="" tail="kkk"
    差分 (前→+100ms): Δ comp:Some("き")→Some("")   (前→+400ms): Δ comp:Some("き")→Some("")
[AUTO] 全手順完了（1.5秒後に自動で閉じます）
[RUN 12/12 髢句ｧ犠
=== IME key matrix spike (awase 非依存) ===
観測: A=IMM(ImmGet*) / B=WM_IME_CONTROL / T=TSFスレッドcompartment / G=TSFグローバルcompartment
conv の目安: 0x19=ひらがな(NATIVE|FULLSHAPE|ROMAN) 0x10=半角英数(ROMAN) 0x00=直接入力系
手順: awase を止める → 画面中段の案内に従ってキーを1回ずつ押す（全 2ラウンド×20ステップ、各押下後は3秒待機）
ROUND1=標準EDIT / ROUND2=RichEdit(TSFネイティブ)。そのキーが無い場合は Ctrl+Shift+F12 でスキップ
ログファイル: C:\Users\cuzic\scoop\persist\msys2\home\cuzic\awase-spike\target\debug\examples\ime_key_matrix_spike.log

=== ROUND 2/2: 対象コントロール = RichEdit 5.0(TSFネイティブ) ===
[AUTO] フォーカス復帰(前面ウィンドウ)
[AUTO] 準備 STEP 1: 現在=直接入力 必要=IME ON・かな・入力なし → VK 0x1C を注入
[03:36:22.583Z] KEY [準備/その他] 変換 vk=0x1C scan=0x79 press=03:36:22.073Z (auto)  状態=直接入力
    前     : A(open=0 conv=0x09) B(open=0 conv=0x09) T(open=0 conv=0x09) G(open=0 conv=0x00) comp="" tail=""
    +100ms: A(open=1 conv=0x19) B(open=1 conv=0x19) T(open=1 conv=0x19) G(open=0 conv=0x00) comp="" tail=""
    +400ms: A(open=1 conv=0x19) B(open=1 conv=0x19) T(open=1 conv=0x19) G(open=0 conv=0x00) comp="" tail=""
    差分 (前→+100ms): Δ open A:0→1 B:0→1 / conv A:0x09→0x19 B:0x09→0x19 / tsf-thread open:0→1 conv:0x09→0x19   (前→+400ms): Δ open A:0→1 B:0→1 / conv A:0x09→0x19 B:0x09→0x19 / tsf-thread open:0→1 conv:0x09→0x19
[03:36:23.893Z] KEY [SCRIPT 1/10 ひらがなキー 期待=ONのまま半角英数へ(conv 0x10)。Engine OFF(決定3保留のため遅延の可能性あり)] ひらがな(0xF2) vk=0xF2 scan=0x70 press=03:36:23.394Z (auto)  状態=IME ON・入力なし
    前     : A(open=1 conv=0x19) B(open=1 conv=0x19) T(open=1 conv=0x19) G(open=0 conv=0x00) comp="" tail=""
    +100ms: A(open=1 conv=0x10) B(open=1 conv=0x10) T(open=1 conv=0x10) G(open=0 conv=0x00) comp="" tail=""
    +400ms: A(open=1 conv=0x10) B(open=1 conv=0x10) T(open=1 conv=0x10) G(open=0 conv=0x00) comp="k" tail=""
    差分 (前→+100ms): Δ conv A:0x19→0x10 B:0x19→0x10 / tsf-thread open:1→1 conv:0x19→0x10   (前→+400ms): Δ conv A:0x19→0x10 B:0x19→0x10 / tsf-thread open:1→1 conv:0x19→0x10 / comp:Some("")→Some("k")
[03:36:24.454Z] KEY [準備/その他] ESC vk=0x1B scan=0x01 press=03:36:23.971Z (auto)  状態=IME ON・入力中
    前     : A(open=1 conv=0x10) B(open=1 conv=0x10) T(open=1 conv=0x10) G(open=0 conv=0x00) comp="k" tail=""
    +100ms: A(open=1 conv=0x10) B(open=1 conv=0x10) T(open=1 conv=0x10) G(open=0 conv=0x00) comp="" tail=""
    +400ms: A(open=1 conv=0x10) B(open=1 conv=0x10) T(open=1 conv=0x10) G(open=0 conv=0x00) comp="" tail=""
    差分 (前→+100ms): Δ comp:Some("k")→Some("")   (前→+400ms): Δ comp:Some("k")→Some("")
[03:36:25.577Z] KEY [SCRIPT 2/10 無変換 期待=IME OFF(直接入力)。Engine OFF] 無変換 vk=0x1D scan=0x7B press=03:36:25.076Z (auto)  状態=IME ON・入力なし
    前     : A(open=1 conv=0x10) B(open=1 conv=0x10) T(open=1 conv=0x10) G(open=0 conv=0x00) comp="" tail=""
    +100ms: A(open=0 conv=0x10) B(open=0 conv=0x10) T(open=0 conv=0x10) G(open=0 conv=0x00) comp="" tail=""
    +400ms: A(open=0 conv=0x10) B(open=0 conv=0x10) T(open=0 conv=0x10) G(open=0 conv=0x00) comp="" tail="k"
    差分 (前→+100ms): Δ open A:1→0 B:1→0 / tsf-thread open:1→0 conv:0x10→0x10   (前→+400ms): Δ open A:1→0 B:1→0 / tsf-thread open:1→0 conv:0x10→0x10 / tail:""→"k"
[03:36:26.136Z] KEY [準備/その他] ESC vk=0x1B scan=0x01 press=03:36:25.638Z (auto)  状態=直接入力
    前     : A(open=0 conv=0x10) B(open=0 conv=0x10) T(open=0 conv=0x10) G(open=0 conv=0x00) comp="" tail="k"
    +100ms: A(open=0 conv=0x10) B(open=0 conv=0x10) T(open=0 conv=0x10) G(open=0 conv=0x00) comp="" tail="k"
    +400ms: A(open=0 conv=0x10) B(open=0 conv=0x10) T(open=0 conv=0x10) G(open=0 conv=0x00) comp="" tail="k"
    差分 (前→+100ms): Δなし   (前→+400ms): Δなし
[03:36:27.204Z] KEY [SCRIPT 3/10 無変換 期待=IME ON・半角英数のまま(conv 0x10)。Engine は OFF のまま ← 決定2の核心] 無変換 vk=0x1D scan=0x7B press=03:36:26.714Z (auto)  状態=直接入力
    前     : A(open=0 conv=0x10) B(open=0 conv=0x10) T(open=0 conv=0x10) G(open=0 conv=0x00) comp="" tail="k"
    +100ms: A(open=1 conv=0x10) B(open=1 conv=0x10) T(open=1 conv=0x10) G(open=0 conv=0x00) comp="" tail="k"
    +400ms: A(open=1 conv=0x10) B(open=1 conv=0x10) T(open=1 conv=0x10) G(open=0 conv=0x00) comp="k" tail="k"
    差分 (前→+100ms): Δ open A:0→1 B:0→1 / tsf-thread open:0→1 conv:0x10→0x10   (前→+400ms): Δ open A:0→1 B:0→1 / tsf-thread open:0→1 conv:0x10→0x10 / comp:Some("")→Some("k")
[03:36:27.826Z] KEY [準備/その他] ESC vk=0x1B scan=0x01 press=03:36:27.331Z (auto)  状態=IME ON・入力中
    前     : A(open=1 conv=0x10) B(open=1 conv=0x10) T(open=1 conv=0x10) G(open=0 conv=0x00) comp="k" tail="k"
    +100ms: A(open=1 conv=0x10) B(open=1 conv=0x10) T(open=1 conv=0x10) G(open=0 conv=0x00) comp="" tail="k"
    +400ms: A(open=1 conv=0x10) B(open=1 conv=0x10) T(open=1 conv=0x10) G(open=0 conv=0x00) comp="" tail="k"
    差分 (前→+100ms): Δ comp:Some("k")→Some("")   (前→+400ms): Δ comp:Some("k")→Some("")
[03:36:27.889Z] KEY [準備/その他] ESC vk=0x1B scan=0x01 press=03:36:27.334Z (injected)  状態=IME ON・入力中
    前     : A(open=1 conv=0x10) B(open=1 conv=0x10) T(open=1 conv=0x10) G(open=0 conv=0x00) comp="k" tail="k"
    +100ms: A(open=1 conv=0x10) B(open=1 conv=0x10) T(open=1 conv=0x10) G(open=0 conv=0x00) comp="" tail="k"
    +400ms: A(open=1 conv=0x10) B(open=1 conv=0x10) T(open=1 conv=0x10) G(open=0 conv=0x00) comp="" tail="k"
    差分 (前→+100ms): Δ comp:Some("k")→Some("")   (前→+400ms): Δ comp:Some("k")→Some("")
[03:36:28.885Z] KEY [SCRIPT 4/10 ひらがなキー 期待=かなに戻る(conv 0x19)。Engine ON(遅延の可能性あり)] ひらがな(0xF2) vk=0xF2 scan=0x70 press=03:36:28.396Z (auto)  状態=IME ON・入力なし
    前     : A(open=1 conv=0x10) B(open=1 conv=0x10) T(open=1 conv=0x10) G(open=0 conv=0x00) comp="" tail="k"
    +100ms: A(open=1 conv=0x19) B(open=1 conv=0x19) T(open=1 conv=0x19) G(open=0 conv=0x00) comp="" tail="k"
    +400ms: A(open=1 conv=0x19) B(open=1 conv=0x19) T(open=1 conv=0x19) G(open=0 conv=0x00) comp="き" tail="k"
    差分 (前→+100ms): Δ conv A:0x10→0x19 B:0x10→0x19 / tsf-thread open:1→1 conv:0x10→0x19   (前→+400ms): Δ conv A:0x10→0x19 B:0x10→0x19 / tsf-thread open:1→1 conv:0x10→0x19 / comp:Some("")→Some("き")
[03:36:29.445Z] KEY [準備/その他] ESC vk=0x1B scan=0x01 press=03:36:28.952Z (auto)  状態=IME ON・入力中
    前     : A(open=1 conv=0x19) B(open=1 conv=0x19) T(open=1 conv=0x19) G(open=0 conv=0x00) comp="き" tail="k"
    +100ms: A(open=1 conv=0x19) B(open=1 conv=0x19) T(open=1 conv=0x19) G(open=0 conv=0x00) comp="" tail="k"
    +400ms: A(open=1 conv=0x19) B(open=1 conv=0x19) T(open=1 conv=0x19) G(open=0 conv=0x00) comp="" tail="k"
    差分 (前→+100ms): Δ comp:Some("き")→Some("")   (前→+400ms): Δ comp:Some("き")→Some("")
[03:36:30.521Z] KEY [SCRIPT 5/10 無変換 期待=IME OFF。Engine OFF] 無変換 vk=0x1D scan=0x7B press=03:36:30.024Z (auto)  状態=IME ON・入力なし
    前     : A(open=1 conv=0x19) B(open=1 conv=0x19) T(open=1 conv=0x19) G(open=0 conv=0x00) comp="" tail="k"
    +100ms: A(open=0 conv=0x19) B(open=0 conv=0x19) T(open=0 conv=0x19) G(open=0 conv=0x00) comp="" tail="k"
    +400ms: A(open=0 conv=0x19) B(open=0 conv=0x19) T(open=0 conv=0x19) G(open=0 conv=0x00) comp="" tail="kk"
    差分 (前→+100ms): Δ open A:1→0 B:1→0 / tsf-thread open:1→0 conv:0x19→0x19   (前→+400ms): Δ open A:1→0 B:1→0 / tsf-thread open:1→0 conv:0x19→0x19 / tail:"k"→"kk"
[03:36:31.081Z] KEY [準備/その他] ESC vk=0x1B scan=0x01 press=03:36:30.585Z (auto)  状態=直接入力
    前     : A(open=0 conv=0x19) B(open=0 conv=0x19) T(open=0 conv=0x19) G(open=0 conv=0x00) comp="" tail="kk"
    +100ms: A(open=0 conv=0x19) B(open=0 conv=0x19) T(open=0 conv=0x19) G(open=0 conv=0x00) comp="" tail="kk"
    +400ms: A(open=0 conv=0x19) B(open=0 conv=0x19) T(open=0 conv=0x19) G(open=0 conv=0x00) comp="" tail="kk"
    差分 (前→+100ms): Δなし   (前→+400ms): Δなし
[03:36:31.142Z] KEY [準備/その他] ESC vk=0x1B scan=0x01 press=03:36:30.651Z (injected)  状態=直接入力
    前     : A(open=0 conv=0x19) B(open=0 conv=0x19) T(open=0 conv=0x19) G(open=0 conv=0x00) comp="" tail="kk"
    +100ms: A(open=0 conv=0x19) B(open=0 conv=0x19) T(open=0 conv=0x19) G(open=0 conv=0x00) comp="" tail="kk"
    +400ms: A(open=0 conv=0x19) B(open=0 conv=0x19) T(open=0 conv=0x19) G(open=0 conv=0x00) comp="" tail="kk"
    差分 (前→+100ms): Δなし   (前→+400ms): Δなし
[03:36:32.214Z] KEY [SCRIPT 6/10 無変換 期待=IME ON(かな)。Engine ON] 無変換 vk=0x1D scan=0x7B press=03:36:31.703Z (auto)  状態=直接入力
    前     : A(open=0 conv=0x19) B(open=0 conv=0x19) T(open=0 conv=0x19) G(open=0 conv=0x00) comp="" tail="kk"
    +100ms: A(open=1 conv=0x19) B(open=1 conv=0x19) T(open=1 conv=0x19) G(open=0 conv=0x00) comp="" tail="kk"
    +400ms: A(open=1 conv=0x19) B(open=1 conv=0x19) T(open=1 conv=0x19) G(open=0 conv=0x00) comp="き" tail="kk"
    差分 (前→+100ms): Δ open A:0→1 B:0→1 / tsf-thread open:0→1 conv:0x19→0x19   (前→+400ms): Δ open A:0→1 B:0→1 / tsf-thread open:0→1 conv:0x19→0x19 / comp:Some("")→Some("き")
[03:36:32.767Z] KEY [準備/その他] ESC vk=0x1B scan=0x01 press=03:36:32.307Z (auto)  状態=IME ON・入力中
    前     : A(open=1 conv=0x19) B(open=1 conv=0x19) T(open=1 conv=0x19) G(open=0 conv=0x00) comp="き" tail="kk"
    +100ms: A(open=1 conv=0x19) B(open=1 conv=0x19) T(open=1 conv=0x19) G(open=0 conv=0x00) comp="" tail="kk"
    +400ms: A(open=1 conv=0x19) B(open=1 conv=0x19) T(open=1 conv=0x19) G(open=0 conv=0x00) comp="" tail="kk"
    差分 (前→+100ms): Δ comp:Some("き")→Some("")   (前→+400ms): Δ comp:Some("き")→Some("")
[03:36:33.883Z] KEY [SCRIPT 7/10 ひらがなキー 期待=ONのまま半角英数へ。Engine は(遅延で)OFF] ひらがな(0xF2) vk=0xF2 scan=0x70 press=03:36:33.385Z (auto)  状態=IME ON・入力なし
    前     : A(open=1 conv=0x19) B(open=1 conv=0x19) T(open=1 conv=0x19) G(open=0 conv=0x00) comp="" tail="kk"
    +100ms: A(open=1 conv=0x10) B(open=1 conv=0x10) T(open=1 conv=0x10) G(open=0 conv=0x00) comp="" tail="kk"
    +400ms: A(open=1 conv=0x10) B(open=1 conv=0x10) T(open=1 conv=0x10) G(open=0 conv=0x00) comp="k" tail="kk"
    差分 (前→+100ms): Δ conv A:0x19→0x10 B:0x19→0x10 / tsf-thread open:1→1 conv:0x19→0x10   (前→+400ms): Δ conv A:0x19→0x10 B:0x19→0x10 / tsf-thread open:1→1 conv:0x19→0x10 / comp:Some("")→Some("k")
[03:36:34.453Z] KEY [準備/その他] ESC vk=0x1B scan=0x01 press=03:36:33.949Z (auto)  状態=IME ON・入力中
    前     : A(open=1 conv=0x10) B(open=1 conv=0x10) T(open=1 conv=0x10) G(open=0 conv=0x00) comp="k" tail="kk"
    +100ms: A(open=1 conv=0x10) B(open=1 conv=0x10) T(open=1 conv=0x10) G(open=0 conv=0x00) comp="" tail="kk"
    +400ms: A(open=1 conv=0x10) B(open=1 conv=0x10) T(open=1 conv=0x10) G(open=0 conv=0x00) comp="" tail="kk"
    差分 (前→+100ms): Δ comp:Some("k")→Some("")   (前→+400ms): Δ comp:Some("k")→Some("")
[03:36:35.515Z] KEY [SCRIPT 8/10 無変換 期待=IME OFF。Engine OFF] 無変換 vk=0x1D scan=0x7B press=03:36:35.015Z (auto)  状態=IME ON・入力なし
    前     : A(open=1 conv=0x10) B(open=1 conv=0x10) T(open=1 conv=0x10) G(open=0 conv=0x00) comp="" tail="kk"
    +100ms: A(open=0 conv=0x10) B(open=0 conv=0x10) T(open=0 conv=0x10) G(open=0 conv=0x00) comp="" tail="kk"
    +400ms: A(open=0 conv=0x10) B(open=0 conv=0x10) T(open=0 conv=0x10) G(open=0 conv=0x00) comp="" tail="kkk"
    差分 (前→+100ms): Δ open A:1→0 B:1→0 / tsf-thread open:1→0 conv:0x10→0x10   (前→+400ms): Δ open A:1→0 B:1→0 / tsf-thread open:1→0 conv:0x10→0x10 / tail:"kk"→"kkk"
[03:36:36.073Z] KEY [準備/その他] ESC vk=0x1B scan=0x01 press=03:36:35.614Z (auto)  状態=直接入力
    前     : A(open=0 conv=0x10) B(open=0 conv=0x10) T(open=0 conv=0x10) G(open=0 conv=0x00) comp="" tail="kkk"
    +100ms: A(open=0 conv=0x10) B(open=0 conv=0x10) T(open=0 conv=0x10) G(open=0 conv=0x00) comp="" tail="kkk"
    +400ms: A(open=0 conv=0x10) B(open=0 conv=0x10) T(open=0 conv=0x10) G(open=0 conv=0x00) comp="" tail="kkk"
    差分 (前→+100ms): Δなし   (前→+400ms): Δなし
[03:36:37.215Z] KEY [SCRIPT 9/10 無変換 期待=IME ON・半角英数のまま。Engine が ON にならないこと ← 退行窓の確認] 無変換 vk=0x1D scan=0x7B press=03:36:36.711Z (auto)  状態=直接入力
    前     : A(open=0 conv=0x10) B(open=0 conv=0x10) T(open=0 conv=0x10) G(open=0 conv=0x00) comp="" tail="kkk"
    +100ms: A(open=1 conv=0x10) B(open=1 conv=0x10) T(open=1 conv=0x10) G(open=0 conv=0x00) comp="" tail="kkk"
    +400ms: A(open=1 conv=0x10) B(open=1 conv=0x10) T(open=1 conv=0x10) G(open=0 conv=0x00) comp="k" tail="kkk"
    差分 (前→+100ms): Δ open A:0→1 B:0→1 / tsf-thread open:0→1 conv:0x10→0x10   (前→+400ms): Δ open A:0→1 B:0→1 / tsf-thread open:0→1 conv:0x10→0x10 / comp:Some("")→Some("k")
[03:36:37.775Z] KEY [準備/その他] ESC vk=0x1B scan=0x01 press=03:36:37.274Z (auto)  状態=IME ON・入力中
    前     : A(open=1 conv=0x10) B(open=1 conv=0x10) T(open=1 conv=0x10) G(open=0 conv=0x00) comp="k" tail="kkk"
    +100ms: A(open=1 conv=0x10) B(open=1 conv=0x10) T(open=1 conv=0x10) G(open=0 conv=0x00) comp="" tail="kkk"
    +400ms: A(open=1 conv=0x10) B(open=1 conv=0x10) T(open=1 conv=0x10) G(open=0 conv=0x00) comp="" tail="kkk"
    差分 (前→+100ms): Δ comp:Some("k")→Some("")   (前→+400ms): Δ comp:Some("k")→Some("")
[03:36:38.932Z] KEY [SCRIPT 10/10 ひらがなキー 期待=かなに戻る(後片付け)] ひらがな(0xF2) vk=0xF2 scan=0x70 press=03:36:38.349Z (auto)  状態=IME ON・入力なし
    前     : A(open=1 conv=0x10) B(open=1 conv=0x10) T(open=1 conv=0x10) G(open=0 conv=0x00) comp="" tail="kkk"
    +100ms: A(open=1 conv=0x19) B(open=1 conv=0x19) T(open=1 conv=0x19) G(open=0 conv=0x00) comp="" tail="kkk"
    +400ms: A(open=1 conv=0x19) B(open=1 conv=0x19) T(open=1 conv=0x19) G(open=0 conv=0x00) comp="き" tail="kkk"
    差分 (前→+100ms): Δ conv A:0x10→0x19 B:0x10→0x19 / tsf-thread open:1→1 conv:0x10→0x19   (前→+400ms): Δ conv A:0x10→0x19 B:0x10→0x19 / tsf-thread open:1→1 conv:0x10→0x19 / comp:Some("")→Some("き")
[03:36:39.531Z] KEY [準備/その他] ESC vk=0x1B scan=0x01 press=03:36:39.065Z (auto)  状態=IME ON・入力中
    前     : A(open=1 conv=0x19) B(open=1 conv=0x19) T(open=1 conv=0x19) G(open=0 conv=0x00) comp="き" tail="kkk"
    +100ms: A(open=1 conv=0x19) B(open=1 conv=0x19) T(open=1 conv=0x19) G(open=0 conv=0x00) comp="" tail="kkk"
    +400ms: A(open=1 conv=0x19) B(open=1 conv=0x19) T(open=1 conv=0x19) G(open=0 conv=0x00) comp="" tail="kkk"
    差分 (前→+100ms): Δ comp:Some("き")→Some("")   (前→+400ms): Δ comp:Some("き")→Some("")
[AUTO] 全手順完了（1.5秒後に自動で閉じます）
[LOOP DONE]
script error: Output type incorrect: bool (expecting ())
