2026-09-21T03:27:35.643320Z  INFO awase_windows::app::bootstrap: Keyboard Layout Emulator starting... (log → C:\Users\cuzic\scoop\persist\msys2\home\cuzic\awase\target\debug\awase.log)
2026-09-21T03:27:35.643491Z  WARN awase_windows::app::bootstrap: Running without administrator privileges — keyboard hook will not work in elevated windows (e.g. Task Manager)
2026-09-21T03:27:35.643617Z DEBUG awase::paths: is_dev_build: true (current_exe ancestry contains a directory named "target"; ADR-178 self-heal is disabled for this process)
2026-09-21T03:27:35.643744Z  INFO awase_windows::app: Loading config from: C:\Users\cuzic\scoop\persist\msys2\home\cuzic\awase\config.toml
2026-09-21T03:27:35.644713Z  INFO awase_windows::app: Default layout: nicola_keytop.yab, Threshold: 100ms
2026-09-21T03:27:35.644862Z DEBUG awase::paths: is_dev_build: true (current_exe ancestry contains a directory named "target"; ADR-178 self-heal is disabled for this process)
2026-09-21T03:27:35.645883Z  INFO awase_windows::app::bootstrap: Discovered layout: nicola (C:\Users\cuzic\scoop\persist\msys2\home\cuzic\awase\layout\nicola.yab)
2026-09-21T03:27:35.646574Z  INFO awase_windows::app::bootstrap: Discovered layout: nicola_f (C:\Users\cuzic\scoop\persist\msys2\home\cuzic\awase\layout\nicola_f.yab)
2026-09-21T03:27:35.647344Z  INFO awase_windows::app::bootstrap: Discovered layout: nicola_kakutei (C:\Users\cuzic\scoop\persist\msys2\home\cuzic\awase\layout\nicola_kakutei.yab)
2026-09-21T03:27:35.647978Z  INFO awase_windows::app::bootstrap: Discovered layout: nicola_kb232 (C:\Users\cuzic\scoop\persist\msys2\home\cuzic\awase\layout\nicola_kb232.yab)
2026-09-21T03:27:35.648687Z  INFO awase_windows::app::bootstrap: Discovered layout: nicola_keytop (C:\Users\cuzic\scoop\persist\msys2\home\cuzic\awase\layout\nicola_keytop.yab)
2026-09-21T03:27:35.649457Z  INFO awase_windows::app::bootstrap: Discovered layout: nicola_us (C:\Users\cuzic\scoop\persist\msys2\home\cuzic\awase\layout\nicola_us.yab)
2026-09-21T03:27:35.649557Z  INFO awase_windows::app::bootstrap: Available layouts: ["nicola", "nicola_f", "nicola_kakutei", "nicola_kb232", "nicola_keytop", "nicola_us"]
2026-09-21T03:27:35.649641Z  INFO awase_windows::app::bootstrap: Layout loaded: 48 normal keys, 48 left thumb keys, 48 right thumb keys
2026-09-21T03:27:35.649674Z  INFO awase_windows::app: Engine ON keys: ["Ctrl+Shift+変換"] (1 parsed)
2026-09-21T03:27:35.649683Z  INFO awase_windows::app: Engine OFF keys: ["Ctrl+Shift+無変換"] (1 parsed)
2026-09-21T03:27:35.649688Z  INFO awase_windows::app: IME control ON keys: ["Ctrl+変換"] (1 parsed)
2026-09-21T03:27:35.649694Z  INFO awase_windows::app: IME control OFF keys: ["Ctrl+無変換"] (1 parsed)
2026-09-21T03:27:35.649700Z  INFO awase_windows::app: IME control Toggle keys: ["VK_KANJI"] (1 parsed)
2026-09-21T03:27:35.649709Z  INFO awase_windows::app: IME detect keys: toggle=[] on=["IMEオン"] off=["IMEオフ"]
2026-09-21T03:27:35.656793Z  INFO awase_windows::app::bootstrap: Keyboard layout: LANGID=0x0411, Japanese=true
2026-09-21T03:27:35.673661Z  INFO awase_windows::tray: System tray icon created (elevated=false)
2026-09-21T03:27:35.675522Z DEBUG awase::journal: clock anchor seq=0 elapsed_ms=0 tick_ms=53266718 hook_us=0
2026-09-21T03:27:35.677946Z  INFO awase_windows::focus::classifier: Loaded IMM capability cache: 62 entries from C:\Users\cuzic\scoop\persist\msys2\home\cuzic\awase\target\debug\cache.toml
2026-09-21T03:27:35.748224Z  INFO awase_windows::app: N-gram model loaded from C:\Users\cuzic\scoop\persist\msys2\home\cuzic\awase\data/ngram_hiragana.csv.gz
2026-09-21T03:27:35.748917Z  INFO awase_windows::hook: Keyboard hook installed in dedicated thread (tid=14824)
2026-09-21T03:27:35.748952Z  INFO awase_windows::app::bootstrap: Toggle hotkey registered: Ctrl+Shift+F12
2026-09-21T03:27:35.748958Z  INFO awase_windows::app::bootstrap: Focus override hotkey registered: Ctrl+Shift+F11
2026-09-21T03:27:35.748963Z  INFO awase_windows::app::bootstrap: Hook installed. Running message loop...
2026-09-21T03:27:35.748976Z  INFO awase_windows::app::bootstrap: Focus event hook installed
2026-09-21T03:27:35.748990Z  INFO awase_windows::tsf::win_event_obs: [obs-hook] OBJECT_SHOW/HIDE hook installed (GJI candidate window visibility tracking)
2026-09-21T03:27:35.748997Z  INFO awase_windows::tsf::win_event_obs: [obs-hook] EVENT_OBJECT_IME_SHOW/HIDE/CHANGE hook installed (Chrome TSF composition context probe)
2026-09-21T03:27:35.749730Z  INFO awase_windows::tsf::gji_monitor: [gji-monitor] thread started
2026-09-21T03:27:35.750675Z  INFO awase_windows::app::bootstrap: WTS session notification registered
2026-09-21T03:27:35.754268Z  INFO awase_windows::tsf::tip_detector: [tip-detect] ── EnumProfiles(JA) start ──
2026-09-21T03:27:35.754373Z  INFO awase_windows::tsf::tip_detector: [tip-detect] HKL clsid={00000000-0000-0000-0000-000000000000} profile={00000000-0000-0000-0000-000000000000} lang=0411 desc=""
2026-09-21T03:27:35.755004Z  INFO awase_windows::tsf::tip_detector: [tip-detect] TIP clsid={03B5835F-F03C-411B-9CE2-AA23E1171E36} profile={A76C93D9-5523-4E90-AAFA-4DB112F9AC76} lang=0411 desc="Microsoft IME"
2026-09-21T03:27:35.755152Z  INFO awase_windows::tsf::tip_detector: [tip-detect] TIP clsid={8F2C1A6E-3D47-4B8A-9E12-5A6F7C8D9E0F} profile={1B3D5F7A-9C2E-4F6B-8A1D-3E5F7A9C2E4F} lang=0411 desc="awaza"
2026-09-21T03:27:35.755683Z DEBUG awase::journal: focus transition seq=1 elapsed_ms=80 changed_process=true changed_window=true changed_app_kind=false changed_focus_kind=false dwell_ms=0 profile="ImmCross"
2026-09-21T03:27:35.755718Z DEBUG awase_windows::tsf::probe: [composition] focus changed → marked cold
2026-09-21T03:27:35.755736Z DEBUG awase_windows::runtime: [keymap] active rules recomputed: 0 rule(s) for process="pushbullet_client.exe"
2026-09-21T03:27:35.755745Z DEBUG awase_windows::runtime::focus_tracking: [keymap] active rules updated on focus change: 0 rule(s) (hwnd=HWND(0x2a02f8) kind=Undetermined focus_epoch=1)
2026-09-21T03:27:35.755753Z DEBUG awase_windows::runtime::focus_tracking: [focus-fence] bootstrap initial fence: FocusFence { epoch: 1, hwnd: HwndId(2753272) }
2026-09-21T03:27:35.755780Z  INFO awase_windows::tsf::tip_detector: [tip-detect] TIP clsid={D5A86FD5-5308-47EA-AD16-9C4EB160EC3C} profile={773EB24E-CA1D-4B1B-B420-FA985BB0B80D} lang=0411 desc="Google 日本語入力"
2026-09-21T03:27:35.755809Z DEBUG reduce: awase_windows::state::observation_store: [focus-fence] establish_initial_fence: FocusFence { epoch: 0, hwnd: HwndId(0) } -> FocusFence { epoch: 1, hwnd: HwndId(2753272) }
2026-09-21T03:27:35.755830Z DEBUG awase::journal: ime event seq=2 elapsed_ms=80 event_kind="InitialFocusFenceEstablished"
2026-09-21T03:27:35.755837Z DEBUG awase_windows::runtime::focus_tracking: [app-policy] bootstrap initial app_policy: profile=ImmCross
2026-09-21T03:27:35.755849Z DEBUG awase::journal: ime event seq=3 elapsed_ms=80 event_kind="InitialAppPolicyEstablished"
2026-09-21T03:27:35.755855Z DEBUG awase_windows::runtime::focus_tracking: [focus] bootstrap initial current_focus: HwndId(2753272)
2026-09-21T03:27:35.755863Z DEBUG awase::journal: ime event seq=4 elapsed_ms=80 event_kind="InitialFocusHwndEstablished"
2026-09-21T03:27:35.756584Z  INFO awase_windows::tsf::tip_detector: [tip-detect] TIP clsid={8613E14C-D0C0-4161-AC0F-1DD2563286BC} profile={B37D4237-8D1A-412E-9026-538FE16DF216} lang=0000 desc="タッチ入力修正機能"
2026-09-21T03:27:35.756973Z  INFO awase_windows::tsf::tip_detector: [tip-detect] TIP clsid={F25E9F57-2FC8-4EB3-A41A-CCE5F08541E6} profile={F2510000-2FC8-4EB3-A41A-CCE5F08541E6} lang=0000 desc="タッチ入力テキストの挿入"
2026-09-21T03:27:35.757048Z  INFO awase_windows::tsf::tip_detector: [tip-detect] TIP clsid={FA445657-9379-11D6-B41A-00065B83EE53} profile={38445657-9381-11D6-B41A-00065B83EE53} lang=0000 desc="Ink Correction"
2026-09-21T03:27:35.757347Z  INFO awase_windows::tsf::tip_detector: [tip-detect] TIP clsid={DCBD6FA8-032F-11D3-B5B1-00C04FC324A1} profile={6A114E62-E11B-447F-9A58-2D354F5C9204} lang=0000 desc="音声認識"
2026-09-21T03:27:35.757369Z  INFO awase_windows::tsf::tip_detector: [tip-detect] ── EnumProfiles(JA) end ──
2026-09-21T03:27:35.757892Z  INFO awase_windows::tsf::tip_detector: [tip-detect] GJI CLSID discovered: {D5A86FD5-5308-47EA-AD16-9C4EB160EC3C}
2026-09-21T03:27:35.762006Z  INFO awase_windows::tsf::gji_monitor: [tip-detect] initial IME kind: GoogleJapaneseInput
2026-09-21T03:27:35.765083Z DEBUG awase_windows::observer::ime_observer: IME snapshot: japanese=Some(true) ime_on=Some(false) romaji=None conv=Some("0x00000009") guard=false
2026-09-21T03:27:35.765159Z DEBUG awase::journal: ime event seq=5 elapsed_ms=89 event_kind="ObserverReported"
2026-09-21T03:27:35.765187Z  INFO awase_windows::runtime::ime_refresh: ObserverPoll +0ms since focus: ime_on true → false(intent=None) 
2026-09-21T03:27:35.765304Z  INFO awase_windows::runtime::message_handlers: [runtime] IME kind sync (startup pull sync): GoogleJapaneseInput (detected=true)
2026-09-21T03:27:35.765321Z  INFO awase_windows::output::tsf_warmup_coord: [output] Switching warmup strategy → GjiFsm (GJI detected)
2026-09-21T03:27:35.765357Z  INFO awase_windows::runtime::message_handlers: [runtime] IME kind sync (WM_IME_KIND_CHANGED): GoogleJapaneseInput (detected=true)
2026-09-21T03:27:35.765364Z  INFO awase_windows::output::tsf_warmup_coord: [output] Switching warmup strategy → GjiFsm (GJI detected)
2026-09-21T03:27:35.769435Z DEBUG awase_windows::tsf::gji_monitor: [gji-monitor] found GJI process: GoogleIMEJaConverter.exe pid=10996
2026-09-21T03:27:35.769474Z  INFO awase_windows::tsf::gji_monitor: [gji-monitor] attached to GJI process (I/O monitoring enabled)
2026-09-21T03:27:36.272133Z DEBUG awase_windows::observer::ime_observer: IME snapshot: japanese=Some(true) ime_on=Some(false) romaji=None conv=Some("0x00000009") guard=false
2026-09-21T03:27:36.272192Z DEBUG awase::journal: ime event seq=6 elapsed_ms=596 event_kind="ObserverReported"
2026-09-21T03:27:36.272371Z  WARN ir_apply_drift_correction: awase_windows::runtime::ime_refresh: [drift] correction: observed=false ≠ desired=true for 507ms → set_ime_open(true) (source=ObserverPoll confidence=Medium)
2026-09-21T03:27:36.272496Z DEBUG ir_apply_drift_correction: awase::journal: ime actuation seq=7 elapsed_ms=597 target_open=true attempts=0 policy="Read" action="Send"
2026-09-21T03:27:36.272531Z DEBUG ir_apply_drift_correction: awase::journal: ime event seq=8 elapsed_ms=597 event_kind="DriftDetected"
2026-09-21T03:27:36.272572Z  INFO ir_apply_drift_correction: awase_windows::ime_controller: [warrant-shadow] chain=set_ime_open open=true origin=EventOrigin { source: SelfActuated { strategy: "drift_correction_read" }, epoch: Generation(0) } would_have_blocked=true (A-1 shadow: 書き込みは止めない。A-2 で強制する際の
2026-09-21T03:27:36.787098Z DEBUG awase_windows::observer::ime_observer: IME snapshot: japanese=Some(true) ime_on=Some(false) romaji=None conv=Some("0x00000009") guard=false
2026-09-21T03:27:36.787163Z DEBUG awase::journal: ime event seq=9 elapsed_ms=1111 event_kind="ObserverReported"
2026-09-21T03:27:36.787249Z  WARN ir_apply_drift_correction: awase_windows::runtime::ime_refresh: [drift] correction: observed=false ≠ desired=true for 1022ms → set_ime_open(true) (source=ObserverPoll confidence=Medium)
2026-09-21T03:27:36.787310Z DEBUG ir_apply_drift_correction: awase::journal: ime actuation seq=10 elapsed_ms=1111 target_open=true attempts=1 policy="Read" action="Send"
2026-09-21T03:27:36.787337Z DEBUG ir_apply_drift_correction: awase::journal: ime event seq=11 elapsed_ms=1111 event_kind="DriftDetected"
2026-09-21T03:27:36.787373Z  INFO ir_apply_drift_correction: awase_windows::ime_controller: [warrant-shadow] chain=set_ime_open open=true origin=EventOrigin { source: SelfActuated { strategy: "drift_correction_read" }, epoch: Generation(1) } would_have_blocked=true (A-1 shadow: 書き込みは止めない。A-2 で強制する際の
2026-09-21T03:27:37.297071Z DEBUG awase_windows::observer::ime_observer: IME snapshot: japanese=Some(true) ime_on=Some(false) romaji=None conv=Some("0x00000009") guard=false
2026-09-21T03:27:37.297126Z DEBUG awase::journal: ime event seq=12 elapsed_ms=1621 event_kind="ObserverReported"
2026-09-21T03:27:37.297232Z  WARN ir_apply_drift_correction: awase_windows::runtime::ime_refresh: [drift] correction: observed=false ≠ desired=true for 1532ms → set_ime_open(true) (source=ObserverPoll confidence=Medium)
2026-09-21T03:27:37.297285Z DEBUG ir_apply_drift_correction: awase::journal: ime actuation seq=13 elapsed_ms=1621 target_open=true attempts=2 policy="Read" action="Send"
2026-09-21T03:27:37.297308Z DEBUG ir_apply_drift_correction: awase::journal: ime event seq=14 elapsed_ms=1621 event_kind="DriftDetected"
2026-09-21T03:27:37.297338Z  INFO ir_apply_drift_correction: awase_windows::ime_controller: [warrant-shadow] chain=set_ime_open open=true origin=EventOrigin { source: SelfActuated { strategy: "drift_correction_read" }, epoch: Generation(2) } would_have_blocked=true (A-1 shadow: 書き込みは止めない。A-2 で強制する際の
2026-09-21T03:27:37.803474Z DEBUG awase_windows::observer::ime_observer: IME snapshot: japanese=Some(true) ime_on=Some(false) romaji=None conv=Some("0x00000009") guard=false
2026-09-21T03:27:37.803535Z DEBUG awase::journal: ime event seq=15 elapsed_ms=2128 event_kind="ObserverReported"
2026-09-21T03:27:37.803623Z  WARN ir_apply_drift_correction: awase_windows::runtime::ime_refresh: [drift] correction: observed=false ≠ desired=true for 2038ms → set_ime_open(true) (source=ObserverPoll confidence=Medium)
2026-09-21T03:27:37.803767Z DEBUG ir_apply_drift_correction: awase::journal: ime actuation seq=16 elapsed_ms=2128 target_open=true attempts=3 policy="Read" action="Send"
2026-09-21T03:27:37.803799Z DEBUG ir_apply_drift_correction: awase::journal: ime event seq=17 elapsed_ms=2128 event_kind="DriftDetected"
2026-09-21T03:27:37.803835Z  INFO ir_apply_drift_correction: awase_windows::ime_controller: [warrant-shadow] chain=set_ime_open open=true origin=EventOrigin { source: SelfActuated { strategy: "drift_correction_read" }, epoch: Generation(3) } would_have_blocked=true (A-1 shadow: 書き込みは止めない。A-2 で強制する際の
2026-09-21T03:27:38.316465Z DEBUG awase_windows::observer::ime_observer: IME snapshot: japanese=Some(true) ime_on=Some(false) romaji=None conv=Some("0x00000009") guard=false
2026-09-21T03:27:38.316538Z DEBUG awase::journal: ime event seq=18 elapsed_ms=2641 event_kind="ObserverReported"
2026-09-21T03:27:38.316623Z  WARN ir_apply_drift_correction: awase_windows::runtime::ime_refresh: [drift] correction: observed=false ≠ desired=true for 2551ms → set_ime_open(true) (source=ObserverPoll confidence=Medium)
2026-09-21T03:27:38.316680Z DEBUG ir_apply_drift_correction: awase::journal: ime actuation seq=19 elapsed_ms=2641 target_open=true attempts=4 policy="Read" action="Send"
2026-09-21T03:27:38.316706Z DEBUG ir_apply_drift_correction: awase::journal: ime event seq=20 elapsed_ms=2641 event_kind="DriftDetected"
2026-09-21T03:27:38.316744Z  INFO ir_apply_drift_correction: awase_windows::ime_controller: [warrant-shadow] chain=set_ime_open open=true origin=EventOrigin { source: SelfActuated { strategy: "drift_correction_read" }, epoch: Generation(4) } would_have_blocked=true (A-1 shadow: 書き込みは止めない。A-2 で強制する際の
2026-09-21T03:27:38.744662Z  WARN awase_windows::runtime::message_handlers: Hook watchdog: no activity for 53269796ms (OS全体の最終入力は41281ms前、OSも無操作のため単なるアイドルの可能性が高い)
2026-09-21T03:27:38.812999Z DEBUG awase_windows::observer::ime_observer: IME snapshot: japanese=Some(true) ime_on=Some(false) romaji=None conv=Some("0x00000009") guard=false
2026-09-21T03:27:38.813039Z DEBUG awase::journal: ime event seq=21 elapsed_ms=3137 event_kind="ObserverReported"
2026-09-21T03:27:38.845531Z DEBUG ir_apply_drift_correction: awase::journal: drift give-up diagnostic seq=22 elapsed_ms=3170 desired_open=true observed_open=false drift_duration_ms=3047 layout_name="nicola_keytop" half_width_alnum_toggle_active=false
2026-09-21T03:27:38.845591Z  WARN ir_apply_drift_correction: awase_windows::runtime::ime_refresh: [drift] correction: observed=false ≠ desired=true for 3047ms → set_ime_open(true) (source=ObserverPoll confidence=Medium)
2026-09-21T03:27:38.845624Z DEBUG ir_apply_drift_correction: awase::journal: ime actuation seq=23 elapsed_ms=3170 target_open=true attempts=5 policy="Read" action="Send"
2026-09-21T03:27:38.845662Z DEBUG ir_apply_drift_correction: awase::journal: ime event seq=24 elapsed_ms=3170 event_kind="DriftDetected"
2026-09-21T03:27:38.845689Z  INFO ir_apply_drift_correction: awase_windows::ime_controller: [warrant-shadow] chain=set_ime_open open=true origin=EventOrigin { source: SelfActuated { strategy: "drift_correction_read" }, epoch: Generation(5) } would_have_blocked=true (A-1 shadow: 書き込みは止めない。A-2 で強制する際の
2026-09-21T03:27:38.845867Z DEBUG awase_windows::runtime::message_handlers: WM_APP received: hwnd=HWND(0x710830) lparam=0x0000000000000402
2026-09-21T03:27:38.845883Z DEBUG awase_windows::tray: Tray message: event=0x0402 lparam=0x0000000000000402
2026-09-21T03:27:38.857053Z DEBUG awase_windows::runtime::message_handlers: WM_APP received: hwnd=HWND(0x710830) lparam=0x0000000000000404
2026-09-21T03:27:38.857112Z DEBUG awase_windows::tray: Tray message: event=0x0404 lparam=0x0000000000000404
2026-09-21T03:27:39.350954Z DEBUG awase_windows::observer::ime_observer: IME snapshot: japanese=Some(true) ime_on=Some(false) romaji=None conv=Some("0x00000009") guard=false
2026-09-21T03:27:39.351013Z DEBUG awase::journal: ime event seq=25 elapsed_ms=3675 event_kind="ObserverReported"
2026-09-21T03:27:39.351093Z  WARN ir_apply_drift_correction: awase_windows::runtime::ime_refresh: [drift] correction: observed=false ≠ desired=true for 3585ms → set_ime_open(true) (source=ObserverPoll confidence=Medium)
2026-09-21T03:27:39.351162Z DEBUG ir_apply_drift_correction: awase::journal: ime actuation seq=26 elapsed_ms=3675 target_open=true attempts=6 policy="Read" action="Send"
2026-09-21T03:27:39.351188Z DEBUG ir_apply_drift_correction: awase::journal: ime event seq=27 elapsed_ms=3675 event_kind="DriftDetected"
2026-09-21T03:27:39.351222Z  INFO ir_apply_drift_correction: awase_windows::ime_controller: [warrant-shadow] chain=set_ime_open open=true origin=EventOrigin { source: SelfActuated { strategy: "drift_correction_read" }, epoch: Generation(6) } would_have_blocked=true (A-1 shadow: 書き込みは止めない。A-2 で強制する際の
2026-09-21T03:27:39.869702Z DEBUG awase_windows::observer::ime_observer: IME snapshot: japanese=Some(true) ime_on=Some(false) romaji=None conv=Some("0x00000009") guard=false
2026-09-21T03:27:39.869760Z DEBUG awase::journal: ime event seq=28 elapsed_ms=4194 event_kind="ObserverReported"
2026-09-21T03:27:39.869965Z  WARN ir_apply_drift_correction: awase_windows::runtime::ime_refresh: [drift] correction: observed=false ≠ desired=true for 4104ms → set_ime_open(true) (source=ObserverPoll confidence=Medium)
2026-09-21T03:27:39.870025Z DEBUG ir_apply_drift_correction: awase::journal: ime actuation seq=29 elapsed_ms=4194 target_open=true attempts=7 policy="Read" action="Send"
2026-09-21T03:27:39.870052Z DEBUG ir_apply_drift_correction: awase::journal: ime event seq=30 elapsed_ms=4194 event_kind="DriftDetected"
2026-09-21T03:27:39.870086Z  INFO ir_apply_drift_correction: awase_windows::ime_controller: [warrant-shadow] chain=set_ime_open open=true origin=EventOrigin { source: SelfActuated { strategy: "drift_correction_read" }, epoch: Generation(7) } would_have_blocked=true (A-1 shadow: 書き込みは止めない。A-2 で強制する際の
2026-09-21T03:27:40.377232Z DEBUG awase_windows::observer::ime_observer: IME snapshot: japanese=Some(true) ime_on=Some(false) romaji=None conv=Some("0x00000009") guard=false
2026-09-21T03:27:40.377272Z DEBUG awase::journal: ime event seq=31 elapsed_ms=4702 event_kind="ObserverReported"
2026-09-21T03:27:40.377377Z  WARN ir_apply_drift_correction: awase_windows::runtime::ime_refresh: [drift] correction: observed=false ≠ desired=true for 4612ms → set_ime_open(true) (source=ObserverPoll confidence=Medium)
2026-09-21T03:27:40.377419Z DEBUG ir_apply_drift_correction: awase::journal: ime actuation seq=32 elapsed_ms=4702 target_open=true attempts=8 policy="Read" action="Send"
2026-09-21T03:27:40.377439Z DEBUG ir_apply_drift_correction: awase::journal: ime event seq=33 elapsed_ms=4702 event_kind="DriftDetected"
2026-09-21T03:27:40.377461Z  INFO ir_apply_drift_correction: awase_windows::ime_controller: [warrant-shadow] chain=set_ime_open open=true origin=EventOrigin { source: SelfActuated { strategy: "drift_correction_read" }, epoch: Generation(8) } would_have_blocked=true (A-1 shadow: 書き込みは止めない。A-2 で強制する際の
2026-09-21T03:27:40.886268Z DEBUG awase_windows::observer::ime_observer: IME snapshot: japanese=Some(true) ime_on=Some(false) romaji=None conv=Some("0x00000009") guard=false
2026-09-21T03:27:40.886335Z DEBUG awase::journal: ime event seq=34 elapsed_ms=5211 event_kind="ObserverReported"
2026-09-21T03:27:40.886541Z  WARN ir_apply_drift_correction: awase_windows::runtime::ime_refresh: [drift] correction: observed=false ≠ desired=true for 5121ms → set_ime_open(true) (source=ObserverPoll confidence=Medium)
2026-09-21T03:27:40.886695Z DEBUG ir_apply_drift_correction: awase::journal: ime actuation seq=35 elapsed_ms=5211 target_open=true attempts=9 policy="Read" action="Send"
2026-09-21T03:27:40.886753Z DEBUG ir_apply_drift_correction: awase::journal: ime event seq=36 elapsed_ms=5211 event_kind="DriftDetected"
2026-09-21T03:27:40.886791Z  INFO ir_apply_drift_correction: awase_windows::ime_controller: [warrant-shadow] chain=set_ime_open open=true origin=EventOrigin { source: SelfActuated { strategy: "drift_correction_read" }, epoch: Generation(9) } would_have_blocked=true (A-1 shadow: 書き込みは止めない。A-2 で強制する際の
2026-09-21T03:27:41.395879Z DEBUG awase_windows::observer::ime_observer: IME snapshot: japanese=Some(true) ime_on=Some(false) romaji=None conv=Some("0x00000009") guard=false
2026-09-21T03:27:41.395966Z DEBUG awase::journal: ime event seq=37 elapsed_ms=5720 event_kind="ObserverReported"
2026-09-21T03:27:41.396077Z  WARN ir_apply_drift_correction: awase_windows::runtime::ime_refresh: [drift] correction: observed=false ≠ desired=true for 5630ms → set_ime_open(true) (source=ObserverPoll confidence=Medium)
2026-09-21T03:27:41.396214Z DEBUG ir_apply_drift_correction: awase::journal: ime actuation seq=38 elapsed_ms=5721 target_open=true attempts=10 policy="Read" action="Send"
2026-09-21T03:27:41.396268Z DEBUG ir_apply_drift_correction: awase::journal: ime event seq=39 elapsed_ms=5721 event_kind="DriftDetected"
2026-09-21T03:27:41.396322Z  INFO ir_apply_drift_correction: awase_windows::ime_controller: [warrant-shadow] chain=set_ime_open open=true origin=EventOrigin { source: SelfActuated { strategy: "drift_correction_read" }, epoch: Generation(10) } would_have_blocked=true (A-1 shadow: 書き込みは止めない。A-2 で強制する際
2026-09-21T03:27:41.749117Z  WARN awase_windows::runtime::message_handlers: Hook watchdog: no activity for 53272796ms (OS全体の最終入力は44281ms前、OSも無操作のため単なるアイドルの可能性が高い)
2026-09-21T03:27:41.919847Z DEBUG awase_windows::observer::ime_observer: IME snapshot: japanese=Some(true) ime_on=Some(false) romaji=None conv=Some("0x00000009") guard=false
2026-09-21T03:27:41.919904Z DEBUG awase::journal: ime event seq=40 elapsed_ms=6244 event_kind="ObserverReported"
2026-09-21T03:27:41.919993Z  WARN ir_apply_drift_correction: awase_windows::runtime::ime_refresh: [drift] correction: observed=false ≠ desired=true for 6154ms → set_ime_open(true) (source=ObserverPoll confidence=Medium)
2026-09-21T03:27:41.920141Z DEBUG ir_apply_drift_correction: awase::journal: ime actuation seq=41 elapsed_ms=6244 target_open=true attempts=11 policy="Read" action="Send"
2026-09-21T03:27:41.920174Z DEBUG ir_apply_drift_correction: awase::journal: ime event seq=42 elapsed_ms=6244 event_kind="DriftDetected"
2026-09-21T03:27:41.920210Z  INFO ir_apply_drift_correction: awase_windows::ime_controller: [warrant-shadow] chain=set_ime_open open=true origin=EventOrigin { source: SelfActuated { strategy: "drift_correction_read" }, epoch: Generation(11) } would_have_blocked=true (A-1 shadow: 書き込みは止めない。A-2 で強制する際
2026-09-21T03:27:42.433377Z DEBUG awase_windows::observer::ime_observer: IME snapshot: japanese=Some(true) ime_on=Some(false) romaji=None conv=Some("0x00000009") guard=false
2026-09-21T03:27:42.433466Z DEBUG awase::journal: ime event seq=43 elapsed_ms=6758 event_kind="ObserverReported"
2026-09-21T03:27:42.433586Z  WARN ir_apply_drift_correction: awase_windows::runtime::ime_refresh: [drift] correction: observed=false ≠ desired=true for 6668ms → set_ime_open(true) (source=ObserverPoll confidence=Medium)
2026-09-21T03:27:42.433662Z DEBUG ir_apply_drift_correction: awase::journal: ime actuation seq=44 elapsed_ms=6758 target_open=true attempts=12 policy="Read" action="Send"
2026-09-21T03:27:42.433712Z DEBUG ir_apply_drift_correction: awase::journal: ime event seq=45 elapsed_ms=6758 event_kind="DriftDetected"
2026-09-21T03:27:42.433766Z  INFO ir_apply_drift_correction: awase_windows::ime_controller: [warrant-shadow] chain=set_ime_open open=true origin=EventOrigin { source: SelfActuated { strategy: "drift_correction_read" }, epoch: Generation(12) } would_have_blocked=true (A-1 shadow: 書き込みは止めない。A-2 で強制する際
2026-09-21T03:27:42.944665Z DEBUG awase_windows::observer::ime_observer: IME snapshot: japanese=Some(true) ime_on=Some(false) romaji=None conv=Some("0x00000009") guard=false
2026-09-21T03:27:42.944726Z DEBUG awase::journal: ime event seq=46 elapsed_ms=7269 event_kind="ObserverReported"
2026-09-21T03:27:42.944809Z  WARN ir_apply_drift_correction: awase_windows::runtime::ime_refresh: [drift] correction: observed=false ≠ desired=true for 7179ms → set_ime_open(true) (source=ObserverPoll confidence=Medium)
2026-09-21T03:27:42.944898Z DEBUG ir_apply_drift_correction: awase::journal: ime actuation seq=47 elapsed_ms=7269 target_open=true attempts=13 policy="Read" action="Send"
2026-09-21T03:27:42.944942Z DEBUG ir_apply_drift_correction: awase::journal: ime event seq=48 elapsed_ms=7269 event_kind="DriftDetected"
2026-09-21T03:27:42.944977Z  INFO ir_apply_drift_correction: awase_windows::ime_controller: [warrant-shadow] chain=set_ime_open open=true origin=EventOrigin { source: SelfActuated { strategy: "drift_correction_read" }, epoch: Generation(13) } would_have_blocked=true (A-1 shadow: 書き込みは止めない。A-2 で強制する際
2026-09-21T03:27:43.467016Z DEBUG awase_windows::observer::ime_observer: IME snapshot: japanese=Some(true) ime_on=Some(false) romaji=None conv=Some("0x00000009") guard=false
2026-09-21T03:27:43.467113Z DEBUG awase::journal: ime event seq=49 elapsed_ms=7791 event_kind="ObserverReported"
2026-09-21T03:27:43.467243Z  WARN ir_apply_drift_correction: awase_windows::runtime::ime_refresh: [drift] correction: observed=false ≠ desired=true for 7702ms → set_ime_open(true) (source=ObserverPoll confidence=Medium)
2026-09-21T03:27:43.467328Z DEBUG ir_apply_drift_correction: awase::journal: ime actuation seq=50 elapsed_ms=7792 target_open=true attempts=14 policy="Read" action="Send"
2026-09-21T03:27:43.467398Z DEBUG ir_apply_drift_correction: awase::journal: ime event seq=51 elapsed_ms=7792 event_kind="DriftDetected"
2026-09-21T03:27:43.467463Z  INFO ir_apply_drift_correction: awase_windows::ime_controller: [warrant-shadow] chain=set_ime_open open=true origin=EventOrigin { source: SelfActuated { strategy: "drift_correction_read" }, epoch: Generation(14) } would_have_blocked=true (A-1 shadow: 書き込みは止めない。A-2 で強制する際
2026-09-21T03:27:43.981179Z DEBUG awase_windows::observer::ime_observer: IME snapshot: japanese=Some(true) ime_on=Some(false) romaji=None conv=Some("0x00000009") guard=false
2026-09-21T03:27:43.981272Z DEBUG awase::journal: ime event seq=52 elapsed_ms=8306 event_kind="ObserverReported"
2026-09-21T03:27:43.981394Z  WARN ir_apply_drift_correction: awase_windows::runtime::ime_refresh: [drift] correction: observed=false ≠ desired=true for 8216ms → set_ime_open(true) (source=ObserverPoll confidence=Medium)
2026-09-21T03:27:43.981467Z DEBUG ir_apply_drift_correction: awase::journal: ime actuation seq=53 elapsed_ms=8306 target_open=true attempts=15 policy="Read" action="Send"
2026-09-21T03:27:43.981518Z DEBUG ir_apply_drift_correction: awase::journal: ime event seq=54 elapsed_ms=8306 event_kind="DriftDetected"
2026-09-21T03:27:43.981575Z  INFO ir_apply_drift_correction: awase_windows::ime_controller: [warrant-shadow] chain=set_ime_open open=true origin=EventOrigin { source: SelfActuated { strategy: "drift_correction_read" }, epoch: Generation(15) } would_have_blocked=true (A-1 shadow: 書き込みは止めない。A-2 で強制する際
2026-09-21T03:27:44.502309Z DEBUG awase_windows::observer::ime_observer: IME snapshot: japanese=Some(true) ime_on=Some(false) romaji=None conv=Some("0x00000009") guard=false
2026-09-21T03:27:44.502399Z DEBUG awase::journal: ime event seq=55 elapsed_ms=8827 event_kind="ObserverReported"
2026-09-21T03:27:44.502521Z  WARN ir_apply_drift_correction: awase_windows::runtime::ime_refresh: [drift] correction: observed=false ≠ desired=true for 8737ms → set_ime_open(true) (source=ObserverPoll confidence=Medium)
2026-09-21T03:27:44.502599Z DEBUG ir_apply_drift_correction: awase::journal: ime actuation seq=56 elapsed_ms=8827 target_open=true attempts=16 policy="Read" action="Send"
2026-09-21T03:27:44.502650Z DEBUG ir_apply_drift_correction: awase::journal: ime event seq=57 elapsed_ms=8827 event_kind="DriftDetected"
2026-09-21T03:27:44.502707Z  INFO ir_apply_drift_correction: awase_windows::ime_controller: [warrant-shadow] chain=set_ime_open open=true origin=EventOrigin { source: SelfActuated { strategy: "drift_correction_read" }, epoch: Generation(16) } would_have_blocked=true (A-1 shadow: 書き込みは止めない。A-2 で強制する際
2026-09-21T03:27:44.752717Z  WARN awase_windows::runtime::message_handlers: Hook watchdog: no activity for 53275796ms (OS全体の最終入力は47281ms前、OSも無操作のため単なるアイドルの可能性が高い)
2026-09-21T03:27:45.012901Z DEBUG awase_windows::observer::ime_observer: IME snapshot: japanese=Some(true) ime_on=Some(false) romaji=None conv=Some("0x00000009") guard=false
2026-09-21T03:27:45.012993Z DEBUG awase::journal: ime event seq=58 elapsed_ms=9337 event_kind="ObserverReported"
2026-09-21T03:27:45.013117Z  WARN ir_apply_drift_correction: awase_windows::runtime::ime_refresh: [drift] correction: observed=false ≠ desired=true for 9247ms → set_ime_open(true) (source=ObserverPoll confidence=Medium)
2026-09-21T03:27:45.013190Z DEBUG ir_apply_drift_correction: awase::journal: ime actuation seq=59 elapsed_ms=9338 target_open=true attempts=17 policy="Read" action="Send"
2026-09-21T03:27:45.013264Z DEBUG ir_apply_drift_correction: awase::journal: ime event seq=60 elapsed_ms=9338 event_kind="DriftDetected"
2026-09-21T03:27:45.013323Z  INFO ir_apply_drift_correction: awase_windows::ime_controller: [warrant-shadow] chain=set_ime_open open=true origin=EventOrigin { source: SelfActuated { strategy: "drift_correction_read" }, epoch: Generation(17) } would_have_blocked=true (A-1 shadow: 書き込みは止めない。A-2 で強制する際
2026-09-21T03:27:45.529614Z DEBUG awase_windows::observer::ime_observer: IME snapshot: japanese=Some(true) ime_on=Some(false) romaji=None conv=Some("0x00000009") guard=false
2026-09-21T03:27:45.529711Z DEBUG awase::journal: ime event seq=61 elapsed_ms=9854 event_kind="ObserverReported"
2026-09-21T03:27:45.529841Z  WARN ir_apply_drift_correction: awase_windows::runtime::ime_refresh: [drift] correction: observed=false ≠ desired=true for 9764ms → set_ime_open(true) (source=ObserverPoll confidence=Medium)
2026-09-21T03:27:45.529918Z DEBUG ir_apply_drift_correction: awase::journal: ime actuation seq=62 elapsed_ms=9854 target_open=true attempts=18 policy="Read" action="Send"
2026-09-21T03:27:45.529972Z DEBUG ir_apply_drift_correction: awase::journal: ime event seq=63 elapsed_ms=9854 event_kind="DriftDetected"
2026-09-21T03:27:45.530033Z  INFO ir_apply_drift_correction: awase_windows::ime_controller: [warrant-shadow] chain=set_ime_open open=true origin=EventOrigin { source: SelfActuated { strategy: "drift_correction_read" }, epoch: Generation(18) } would_have_blocked=true (A-1 shadow: 書き込みは止めない。A-2 で強制する際
2026-09-21T03:27:46.040799Z DEBUG awase_windows::observer::ime_observer: IME snapshot: japanese=Some(true) ime_on=Some(false) romaji=None conv=Some("0x00000009") guard=false
2026-09-21T03:27:46.040888Z DEBUG awase::journal: ime event seq=64 elapsed_ms=10365 event_kind="ObserverReported"
2026-09-21T03:27:46.041018Z  WARN ir_apply_drift_correction: awase_windows::runtime::ime_refresh: [drift] correction: observed=false ≠ desired=true for 10275ms → set_ime_open(true) (source=ObserverPoll confidence=Medium)
2026-09-21T03:27:46.041100Z DEBUG ir_apply_drift_correction: awase::journal: ime actuation seq=65 elapsed_ms=10366 target_open=true attempts=19 policy="Read" action="Send"
2026-09-21T03:27:46.041150Z DEBUG ir_apply_drift_correction: awase::journal: ime event seq=66 elapsed_ms=10366 event_kind="DriftDetected"
2026-09-21T03:27:46.041206Z  INFO ir_apply_drift_correction: awase_windows::ime_controller: [warrant-shadow] chain=set_ime_open open=true origin=EventOrigin { source: SelfActuated { strategy: "drift_correction_read" }, epoch: Generation(19) } would_have_blocked=true (A-1 shadow: 書き込みは止めない。A-2 で強制する際
2026-09-21T03:27:46.559816Z DEBUG awase_windows::observer::ime_observer: IME snapshot: japanese=Some(true) ime_on=Some(false) romaji=None conv=Some("0x00000009") guard=false
2026-09-21T03:27:46.559877Z DEBUG awase::journal: ime event seq=67 elapsed_ms=10884 event_kind="ObserverReported"
2026-09-21T03:27:46.560065Z  WARN ir_apply_drift_correction: awase_windows::runtime::ime_refresh: [drift] correction: observed=false ≠ desired=true for 10794ms → set_ime_open(true) (source=ObserverPoll confidence=Medium)
2026-09-21T03:27:46.560144Z DEBUG ir_apply_drift_correction: awase::journal: ime actuation seq=68 elapsed_ms=10885 target_open=true attempts=20 policy="Read" action="Send"
2026-09-21T03:27:46.560190Z DEBUG ir_apply_drift_correction: awase::journal: ime event seq=69 elapsed_ms=10885 event_kind="DriftDetected"
2026-09-21T03:27:46.560230Z  INFO ir_apply_drift_correction: awase_windows::ime_controller: [warrant-shadow] chain=set_ime_open open=true origin=EventOrigin { source: SelfActuated { strategy: "drift_correction_read" }, epoch: Generation(20) } would_have_blocked=true (A-1 shadow: 書き込みは止めない。A-2 で強制する際
2026-09-21T03:27:47.009895Z DEBUG awase_windows::runtime: [focus-sync] hwnd=0x3A083A class="Edit" app_kind=Win32 hint=Default → mode=Unicode
2026-09-21T03:27:47.009968Z DEBUG awase_windows::tsf::tsf_gate: [tsf-gate] focus change → PendingWarmup (held cleared)
2026-09-21T03:27:47.091170Z DEBUG apply_focus_probe_result: awase_windows::runtime::focus_tracking: Focus kind changed: Undetermined → TextInput (reason=KnownTextClass(Edit))
2026-09-21T03:27:47.091379Z DEBUG apply_focus_probe_result: awase::journal: focus transition seq=70 elapsed_ms=11416 changed_process=true changed_window=true changed_app_kind=false changed_focus_kind=true dwell_ms=11328 profile="ImmCross"
2026-09-21T03:27:47.091682Z  INFO apply_focus_probe_result: awase_windows::runtime::focus_tracking: FocusChange [2116→22816] Edit: stale ime_on=false intent=None mode=ObservedRomaji japanese=true
2026-09-21T03:27:47.091722Z DEBUG apply_focus_probe_result: awase::journal: drift give-up interval ended seq=71 elapsed_ms=11416 reason="FocusChanged" interval_elapsed_ms=8278
2026-09-21T03:27:47.091753Z DEBUG apply_focus_probe_result: awase_windows::tsf::probe: [composition] focus changed → marked cold
2026-09-21T03:27:47.091780Z DEBUG apply_focus_probe_result: awase_windows::runtime: [keymap] active rules recomputed: 0 rule(s) for process="ime_key_matrix_spike.exe"
2026-09-21T03:27:47.091803Z DEBUG apply_focus_probe_result: awase_windows::runtime::focus_tracking: [keymap] active rules updated on focus change: 0 rule(s) (hwnd=HWND(0x3a083a) kind=TextInput focus_epoch=2)
2026-09-21T03:27:47.091847Z DEBUG apply_focus_probe_result:reduce: awase_windows::state::ime_model: [explicit-intent] cleared (focus change)
2026-09-21T03:27:47.091882Z DEBUG apply_focus_probe_result: awase::journal: ime event seq=72 elapsed_ms=11416 event_kind="FocusChanged"
2026-09-21T03:27:47.091958Z DEBUG apply_focus_probe_result: awase_windows::runtime::focus_tracking: [focus] Imm32Unavailable hard pre-sync applied=true (prevent spurious VK_KANJI on first character key)
2026-09-21T03:27:47.092044Z DEBUG apply_focus_probe_result:gji_on_event{event=ImeOn { injection_mode: Unicode, gji_idle_ms: 11328 }}: awase_windows::tsf::gji_fsm: [gji-fsm] ImeOn gji_idle=11328ms → Long
2026-09-21T03:27:47.092109Z DEBUG apply_focus_probe_result: awase_windows::platform: [gji-fsm] StartProbe probe_id=ProbeId(0) forces_f2=true long=true
2026-09-21T03:27:47.092164Z DEBUG apply_focus_probe_result: awase_windows::platform: [gji-fsm] Unicode long-cold StartProbe: VK_IME_OFF→VK_IME_ON reinit (chars なし)
2026-09-21T03:27:47.092220Z DEBUG apply_focus_probe_result: awase_windows::output::probe_io: [chrome-reinit] cold=0 VK_IME_OFF→VK_IME_ON 強制リセット送信 + IMC ポーリング開始 (write_bytes_baseline=29314957)
2026-09-21T03:27:47.092292Z DEBUG apply_focus_probe_result: awase_windows::shadow_send_trace: [shadow-send] channel=SendInput kind=kanji_marker vk=[1A, 16] issue_us=11416778
2026-09-21T03:27:47.092735Z DEBUG awase_windows::hook: [hook] IME-mode vk=0x1A down self_injected=true injected=true scan=0x0 extra=0x4B45594A since_actuation_us=Some(449)
2026-09-21T03:27:47.094265Z DEBUG awase_windows::hook: [hook] IME-mode vk=0x1A up self_injected=true injected=true scan=0x0 extra=0x4B45594A since_actuation_us=Some(1999)
2026-09-21T03:27:47.096345Z DEBUG awase_windows::hook: [hook] IME-mode vk=0x16 down self_injected=true injected=true scan=0x0 extra=0x4B45594A since_actuation_us=Some(4072)
2026-09-21T03:27:47.098743Z DEBUG awase_windows::hook: [hook] IME-mode vk=0x16 up self_injected=true injected=true scan=0x0 extra=0x4B45594A since_actuation_us=Some(6477)
2026-09-21T03:27:47.103619Z DEBUG apply_focus_probe_result: awase_windows::tsf::ime_mode_fsm: [ime-mode] VK_IME_OFF 送信 → Off (belief, unconfirmed)
2026-09-21T03:27:47.103681Z DEBUG apply_focus_probe_result: awase_windows::tsf::ime_mode_fsm: [ime-mode] VK_IME_ON 送信 → Hiragana (belief, unconfirmed)
2026-09-21T03:27:47.104247Z DEBUG apply_focus_probe_result: awase::journal: gji fsm transition seq=73 elapsed_ms=11417 trigger="ImeOn(gji_idle_ms=11328)" state_before="OffCold" state_after="OnCold(Long)"
2026-09-21T03:27:47.104296Z DEBUG apply_focus_probe_result: awase::journal: tsf probe started seq=74 elapsed_ms=11417 source="GjiAction::StartProbe" cold_seq=0 probe_id=0 probe_id_present=true gji_state="OnCold(Long)" consecutive_at_start=0 pending_deferred_len=0
2026-09-21T03:27:47.104333Z DEBUG apply_focus_probe_result: awase::journal: gji fsm transition seq=75 elapsed_ms=11428 trigger="WarmupComplete(unicode)" state_before="OnCold(Long)" state_after="OnWarm"
2026-09-21T03:27:47.104360Z DEBUG apply_focus_probe_result: awase::journal: tsf probe completed seq=76 elapsed_ms=11428 outcome="UnicodeImmediate" cold_seq=18446744073709551615 cold_seq_present=false probe_id=0 probe_id_present=true duration_ms=16 tick_count=0 gji_state="OnWarm"
2026-09-21T03:27:47.105147Z  INFO awase::engine::engine: Engine activated (ime=true, romaji=true, japanese=true, user=true, reason=Active)
2026-09-21T03:27:47.105218Z DEBUG execute_from_loop: awase_windows::runtime::executor: [focus-settle] SetOpen(true) effect stripped from decision (focus transition barrier still settling)
2026-09-21T03:27:47.106981Z DEBUG execute_from_loop:execute_one{generation=None}: awase_windows::platform: [engine-state-key] suppressed (polling/focus-triggered, enabled=true)
2026-09-21T03:27:47.107076Z DEBUG awase_windows::runtime: [focus-settle] SetOpen stripped from execute_from_loop decision → 150ms 後に refresh で再試行
2026-09-21T03:27:47.107179Z DEBUG awase_windows::observer::ime_observer: IME snapshot: japanese=Some(true) ime_on=Some(false) romaji=None conv=Some("0x00000009") guard=false
2026-09-21T03:27:47.107289Z DEBUG awase::journal: ime event seq=77 elapsed_ms=11432 event_kind="ObserverReported"
2026-09-21T03:27:47.107323Z  INFO awase_windows::runtime::ime_refresh: ObserverPoll +16ms since focus: ime_on true → false(intent=None) 
2026-09-21T03:27:47.108571Z DEBUG awase_windows::ime_diagnostic: [ime-diag] label=focus_changed t=53278156 hwnd=0x0 pid=0 tid=4248 class="" hkl=04110411 lang=0411 imm_bridge=true imc_open=- imc_conv=- shadow_on=false shadow_romaji=false shadow_jp=false inject=Unknown dt_focus_ms=- dt_activity_ms=-
2026-09-21T03:27:47.108618Z DEBUG awase_windows::runtime::ime_refresh: [composition] focus change → marking cold
2026-09-21T03:27:47.108650Z DEBUG awase_windows::tsf::probe: [composition] marked cold reason=FocusChange idle=18446744073709551615ms → next VK/TSF output will send VK_DBE_HIRAGANA warmup
2026-09-21T03:27:47.108715Z DEBUG gji_on_event{event=FocusChange { injection_mode: Unicode, gji_idle_ms: 11344 }}: awase_windows::tsf::gji_fsm: [gji-fsm] FocusChange gji_idle=11344ms → Long
2026-09-21T03:27:47.108809Z DEBUG awase_windows::tsf::ime_mode_fsm: [ime-mode] FocusChange (0ms after VK send) → confirmed=false のみ（state=Hiragana 維持）
2026-09-21T03:27:47.108864Z DEBUG awase::journal: gji fsm transition seq=78 elapsed_ms=11433 trigger="FocusChange(gji_idle_ms=11344)" state_before="OnWarm" state_after="OnCold(Long)"
2026-09-21T03:27:47.108914Z DEBUG awase_windows::runtime::ime_refresh: [composition] FocusChange: send_eager_tsf_warmup called (ime_on via warmup_ime_on())
2026-09-21T03:27:47.108942Z DEBUG awase_windows::ime_controller: [warrant-shadow] chain=set_ime_open open=false origin=EventOrigin { source: SelfActuated { strategy: "focus_change_enforce_off" }, epoch: Generation(0) } warranted
2026-09-21T03:27:47.109009Z DEBUG awase_windows::runtime::ime_refresh: [composition] FocusChange: set_ime_open(false) sent=true (applied_open OFF → enforce IME OFF on new window; ADR-090 A-2: sent=false means warrant was refused, no write happened)
2026-09-21T03:27:47.109089Z  INFO awase::engine::engine: Engine deactivated (ime=false, romaji=true, japanese=true, user=true, reason=Inactive(ImeOff))
2026-09-21T03:27:47.109133Z DEBUG execute_from_loop: awase_windows::runtime::executor: [focus-settle] SetOpen(false) effect stripped from decision (focus transition barrier still settling)
2026-09-21T03:27:47.110168Z DEBUG execute_from_loop:execute_one{generation=None}: awase_windows::platform: [engine-state-key] suppressed (polling/focus-triggered, enabled=false)
2026-09-21T03:27:47.110250Z DEBUG awase_windows::runtime: [focus-settle] SetOpen stripped from execute_from_loop decision → 150ms 後に refresh で再試行
2026-09-21T03:27:47.110823Z DEBUG awase::journal: hook ime-mode diagnostic seq=79 elapsed_ms=11435 vk_code=26 is_down=true self_injected=true injected=true scan=0
2026-09-21T03:27:47.110855Z DEBUG awase::journal: hook ime-mode diagnostic seq=80 elapsed_ms=11435 vk_code=26 is_down=false self_injected=true injected=true scan=0
2026-09-21T03:27:47.110877Z DEBUG awase::journal: hook ime-mode diagnostic seq=81 elapsed_ms=11435 vk_code=22 is_down=true self_injected=true injected=true scan=0
2026-09-21T03:27:47.110898Z DEBUG awase::journal: hook ime-mode diagnostic seq=82 elapsed_ms=11435 vk_code=22 is_down=false self_injected=true injected=true scan=0
2026-09-21T03:27:47.111438Z DEBUG awase_windows::tsf::gji_monitor: [gji-io] WRITE: w_ops=+5 w_KB=+0.1 (r_ops=+10 x_ops=+10 x_KB=+0.0)
2026-09-21T03:27:47.113110Z DEBUG awase_windows::ime: [idle-conv-check-diag] focused_hwnd=HWND(0x3a083a) ime_wnd=Some(HWND(0xa0912))
2026-09-21T03:27:47.113653Z DEBUG set_ime_open_cross_process{open=false}: awase_windows::shadow_send_trace: [shadow-send] channel=ImeControl cmd=0x0006 lparam=0 issue_us=11437423
2026-09-21T03:27:47.113681Z DEBUG set_ime_open_cross_process{open=false}: awase_windows::ime: set_ime_open_for_target: hwnd=HWND(0x3a083a) ime_wnd=HWND(0xa0912) open=false success=true send_elapsed=0ms candidate_visible=false
2026-09-21T03:27:47.114111Z DEBUG awase_windows::platform: [ime-mode] FocusProbe: checkpoint3でGJI actuationとの交錯を検知 → hint更新をabandon
2026-09-21T03:27:47.114779Z DEBUG awase::journal: ime event seq=83 elapsed_ms=11439 event_kind="ObserverReported"
2026-09-21T03:27:47.114808Z DEBUG awase_windows::runtime::focus_tracking: [ImmCrossProbe/focus] child-hwnd IME=false → High confidence 観測記録
2026-09-21T03:27:47.115566Z  INFO awase_windows::output::probe_io: [chrome-reinit] cold=0 GJI write_bytes 上昇検出: tick=#0 delta=+60B (+0.1KB)
2026-09-21T03:27:47.116804Z DEBUG awase_windows::ime: [idle-conv-check-diag] focused_hwnd=HWND(0x3a083a) ime_wnd=Some(HWND(0xa0912))
2026-09-21T03:27:47.117040Z DEBUG awase_windows::output::probe_io: [chrome-reinit] cold=0 IMC poll #0: conv=0x00000009 NATIVE=true write_delta=+60B
2026-09-21T03:27:47.117093Z DEBUG awase_windows::output::probe_io: [chrome-reinit] cold=0 stale focus_gen=0 → ポーリング終了
2026-09-21T03:27:47.117112Z  INFO awase_windows::output::probe_io: [chrome-reinit] cold=0 ポーリング完了: total_write_delta=+60B first_write_tick=Some(1)
2026-09-21T03:27:47.625026Z DEBUG awase_windows::observer::ime_observer: IME snapshot: japanese=Some(true) ime_on=Some(false) romaji=None conv=Some("0x00000009") guard=false
2026-09-21T03:27:47.625104Z DEBUG awase::journal: ime event seq=84 elapsed_ms=11950 event_kind="ObserverReported"
2026-09-21T03:27:47.625189Z  WARN ir_apply_drift_correction: awase_windows::runtime::ime_refresh: [drift] correction: observed=false ≠ desired=true for 517ms → set_ime_open(true) (source=ImmCrossProbe confidence=High)
2026-09-21T03:27:47.625253Z DEBUG ir_apply_drift_correction: awase::journal: ime actuation seq=85 elapsed_ms=11950 target_open=true attempts=0 policy="Read" action="Send"
2026-09-21T03:27:47.625279Z DEBUG ir_apply_drift_correction: awase::journal: ime event seq=86 elapsed_ms=11950 event_kind="DriftDetected"
2026-09-21T03:27:47.625314Z  INFO ir_apply_drift_correction: awase_windows::ime_controller: [warrant-shadow] chain=set_ime_open open=true origin=EventOrigin { source: SelfActuated { strategy: "drift_correction_read" }, epoch: Generation(0) } would_have_blocked=true (A-1 shadow: 書き込みは止めない。A-2 で強制する際の
2026-09-21T03:27:47.676512Z DEBUG awase_windows::runtime::key_pipeline: [engine-input] vk=0x4B KeyDown ts=12000381us delay=0ms state=Idle mods(c=false s=false a=false w=false) gas_ctrl=false phys_ctrl=false extra=0x5350494B pending_drain=0 gate_active=false l_thumb=None r_thumb=None [diag-ctx] ime_o
2026-09-21T03:27:47.676736Z DEBUG awase::journal: key input seq=87 elapsed_ms=12001 vk_code=75 is_down=true injected=false key_class="Char" state_before="Idle" state_after="Idle" decision="PassThrough" physical="Allow" repeat_count=1 last_timestamp_us=12000381 last_elapsed_ms=0
2026-09-21T03:27:47.677287Z DEBUG execute_one{generation=None}: awase_windows::runtime::executor: [reinject] vk=0x4b down (queued passthrough now firing)
2026-09-21T03:27:47.681412Z DEBUG awase::journal: ime event seq=88 elapsed_ms=12006 event_kind="ObserverReported"
2026-09-21T03:27:47.681514Z  INFO awase_windows::runtime::key_pipeline: FocusProbe +16ms: ime_on=false mode=ObservedRomaji [ime=GoogleJapaneseInput sig1=false gji_io=578ms sig2=false]
2026-09-21T03:27:47.688841Z DEBUG awase::journal: ime event seq=89 elapsed_ms=12013 event_kind="ObserverReported"
2026-09-21T03:27:47.688926Z DEBUG awase_windows::runtime::key_pipeline: [ImmCrossProbe] child-hwnd IME=false → High confidence 観測記録
2026-09-21T03:27:47.689092Z DEBUG awase_windows::observer::ime_observer: IME snapshot: japanese=Some(true) ime_on=Some(false) romaji=None conv=Some("0x00000009") guard=false
2026-09-21T03:27:47.799895Z DEBUG awase_windows::runtime::key_pipeline: [engine-input] vk=0x4B KeyUp ts=12124066us delay=0ms state=Idle mods(c=false s=false a=false w=false) gas_ctrl=false phys_ctrl=false extra=0x5350494B pending_drain=0 gate_active=false l_thumb=None r_thumb=None [diag-ctx] ime_on=
2026-09-21T03:27:47.800044Z DEBUG awase::journal: key input seq=90 elapsed_ms=12125 vk_code=75 is_down=false injected=false key_class="Char" state_before="Idle" state_after="Idle" decision="PassThrough" physical="Allow" repeat_count=1 last_timestamp_us=12124066 last_elapsed_ms=0
2026-09-21T03:27:47.800324Z DEBUG execute_one{generation=None}: awase_windows::runtime::executor: [reinject] vk=0x4b up (queued passthrough now firing)
2026-09-21T03:27:48.129020Z DEBUG awase_windows::runtime::ime_refresh: Skipping observer/SSOT write: typing active (idle=328ms)
2026-09-21T03:27:48.129142Z  WARN ir_apply_drift_correction: awase_windows::runtime::ime_refresh: [drift] correction: observed=false ≠ desired=true for 1021ms → set_ime_open(true) (source=ImmCrossProbe confidence=High)
2026-09-21T03:27:48.129224Z DEBUG ir_apply_drift_correction: awase::journal: ime actuation seq=91 elapsed_ms=12454 target_open=true attempts=1 policy="Read" action="Send"
2026-09-21T03:27:48.129279Z DEBUG ir_apply_drift_correction: awase::journal: ime event seq=92 elapsed_ms=12454 event_kind="DriftDetected"
2026-09-21T03:27:48.129334Z  INFO ir_apply_drift_correction: awase_windows::ime_controller: [warrant-shadow] chain=set_ime_open open=true origin=EventOrigin { source: SelfActuated { strategy: "drift_correction_read" }, epoch: Generation(1) } would_have_blocked=true (A-1 shadow: 書き込みは止めない。A-2 で強制する際の
2026-09-21T03:27:48.710497Z DEBUG awase_windows::observer::ime_observer: IME snapshot: japanese=Some(true) ime_on=None romaji=None conv=Some("0x00000009") guard=false
2026-09-21T03:27:48.710546Z DEBUG awase_windows::runtime::ime_refresh: ObserverPoll +1625ms since focus: detection failed (miss=1), stale ime_on=false mode=ObservedRomaji
2026-09-21T03:27:48.710654Z  WARN ir_apply_drift_correction: awase_windows::runtime::ime_refresh: [drift] correction: observed=false ≠ desired=true for 1603ms → set_ime_open(true) (source=ImmCrossProbe confidence=High)
2026-09-21T03:27:48.710734Z DEBUG ir_apply_drift_correction: awase::journal: ime actuation seq=93 elapsed_ms=13035 target_open=true attempts=2 policy="Read" action="Send"
2026-09-21T03:27:48.710802Z DEBUG ir_apply_drift_correction: awase::journal: ime event seq=94 elapsed_ms=13035 event_kind="DriftDetected"
2026-09-21T03:27:48.710867Z  INFO ir_apply_drift_correction: awase_windows::ime_controller: [warrant-shadow] chain=set_ime_open open=true origin=EventOrigin { source: SelfActuated { strategy: "drift_correction_read" }, epoch: Generation(2) } would_have_blocked=true (A-1 shadow: 書き込みは止めない。A-2 で強制する際の
2026-09-21T03:27:49.229903Z DEBUG awase_windows::observer::ime_observer: IME snapshot: japanese=Some(true) ime_on=Some(false) romaji=None conv=Some("0x00000009") guard=false
2026-09-21T03:27:49.229984Z DEBUG awase::journal: ime event seq=95 elapsed_ms=13554 event_kind="ObserverReported"
2026-09-21T03:27:49.230023Z  INFO awase_windows::runtime: IMM capability learned: ime_key_matrix_spike.exe/Edit → Works (miss 1→0)
2026-09-21T03:27:49.233961Z DEBUG awase_windows::focus::classifier: Saved IMM capability cache: 63 entries
2026-09-21T03:27:49.601080Z DEBUG awase_windows::hook: [hook] IME-mode vk=0xF0 up self_injected=false injected=false scan=0x70 extra=0x5350494B since_actuation_us=Some(2508805)
2026-09-21T03:27:49.601203Z DEBUG awase::journal: hook ime-mode diagnostic seq=96 elapsed_ms=13926 vk_code=240 is_down=false self_injected=false injected=false scan=112
2026-09-21T03:27:49.601353Z DEBUG awase_windows::hook: [hook] IME-mode vk=0xF2 down self_injected=false injected=false scan=0x70 extra=0x5350494B since_actuation_us=Some(2509094)
2026-09-21T03:27:49.601395Z DEBUG awase_windows::runtime::key_pipeline: [engine-input] vk=0xF0 KeyUp ts=13925714us delay=0ms state=Idle mods(c=false s=false a=false w=false) gas_ctrl=false phys_ctrl=false extra=0x5350494B pending_drain=0 gate_active=false l_thumb=None r_thumb=None [diag-ctx] ime_on=
2026-09-21T03:27:49.601484Z DEBUG awase::journal: key input seq=97 elapsed_ms=13926 vk_code=240 is_down=false injected=false key_class="Passthrough" state_before="Idle" state_after="Idle" decision="PassThrough" physical="Allow" repeat_count=1 last_timestamp_us=13925714 last_elapsed_ms=0
2026-09-21T03:27:49.601583Z DEBUG execute_from_hook: awase_windows::runtime::executor: [relay-passthrough] PassThrough idle: direct OS pass-through (vk=0xf0 up)
2026-09-21T03:27:49.601648Z DEBUG awase::journal: hook ime-mode diagnostic seq=98 elapsed_ms=13926 vk_code=242 is_down=true self_injected=false injected=false scan=112
2026-09-21T03:27:49.601721Z DEBUG awase_windows::runtime::key_pipeline: [engine-input] vk=0xF2 KeyDown ts=13925912us delay=0ms state=Idle mods(c=false s=false a=false w=false) gas_ctrl=false phys_ctrl=false extra=0x5350494B pending_drain=0 gate_active=false l_thumb=None r_thumb=None [diag-ctx] ime_o
2026-09-21T03:27:49.601782Z DEBUG awase::journal: key input seq=99 elapsed_ms=13926 vk_code=242 is_down=true injected=false key_class="Passthrough" state_before="Idle" state_after="Idle" decision="PassThrough" physical="Allow" repeat_count=1 last_timestamp_us=13925912 last_elapsed_ms=0
2026-09-21T03:27:49.601845Z DEBUG awase_windows::runtime::key_pipeline: may_change_ime key passed through → IME refresh scheduled (20ms)
2026-09-21T03:27:49.601905Z  INFO awase_windows::runtime::key_pipeline: [mode-key-follow] mode key PassThrough(vk=0xF2): IME refresh scheduled (20ms)
2026-09-21T03:27:49.602710Z DEBUG awase_windows::tsf::probe: [composition] marked cold reason=F2NonTsf idle=18446744073709551615ms → next VK/TSF output will send VK_DBE_HIRAGANA warmup
2026-09-21T03:27:49.602876Z DEBUG execute_from_hook: awase_windows::runtime::transport: [relay-defer] PassThrough deferred: pending effects, reinject(vk=0xf2 down)
2026-09-21T03:27:49.602948Z DEBUG awase::journal: gji fsm transition seq=100 elapsed_ms=13927 trigger="CompositionReset(gji_idle_ms=2500)" state_before="OnCold(Long)" state_after="OnCold(Short)"
2026-09-21T03:27:49.603012Z DEBUG execute_one{generation=None}: awase_windows::runtime::executor: [reinject] vk=0xf0 up (queued passthrough now firing)
2026-09-21T03:27:49.603074Z DEBUG execute_one{generation=None}: awase_windows::runtime::executor: [reinject] vk=0xf2 down (queued passthrough now firing)
2026-09-21T03:27:49.603219Z DEBUG awase_windows::hook: [hook] IME-mode vk=0xF0 up self_injected=true injected=false scan=0x0 extra=0x4B45594D since_actuation_us=Some(2510958)
2026-09-21T03:27:49.604501Z DEBUG awase_windows::hook: [hook] IME-mode vk=0xF2 down self_injected=true injected=true scan=0x0 extra=0x4B45594D since_actuation_us=Some(2512238)
2026-09-21T03:27:49.606308Z DEBUG awase::journal: hook ime-mode diagnostic seq=101 elapsed_ms=13931 vk_code=240 is_down=false self_injected=true injected=false scan=0
2026-09-21T03:27:49.606340Z DEBUG awase::journal: hook ime-mode diagnostic seq=102 elapsed_ms=13931 vk_code=242 is_down=true self_injected=true injected=true scan=0
2026-09-21T03:27:49.634928Z DEBUG awase_windows::runtime::ime_refresh: Explicit intent: bypassing typing-idle guard for IME verify (idle=31ms)
2026-09-21T03:27:49.634986Z DEBUG awase_windows::observer::ime_observer: IME snapshot: japanese=Some(true) ime_on=Some(false) romaji=None conv=Some("0x00000009") guard=false
2026-09-21T03:27:49.635077Z DEBUG awase::journal: ime event seq=103 elapsed_ms=13960 event_kind="ObserverReported"
2026-09-21T03:27:49.635171Z DEBUG awase::journal: ime event seq=104 elapsed_ms=13960 event_kind="ModeKeyPassedThrough"
2026-09-21T03:27:49.635193Z  INFO awase_windows::runtime::ime_refresh: [mode-key-follow] observation arrived after mode key pass: intents invalidated
2026-09-21T03:27:49.697796Z DEBUG awase_windows::runtime::ime_refresh: Explicit intent: bypassing typing-idle guard for IME verify (idle=94ms)
2026-09-21T03:27:49.697850Z DEBUG awase_windows::observer::ime_observer: IME snapshot: japanese=Some(true) ime_on=Some(false) romaji=None conv=Some("0x00000009") guard=false
2026-09-21T03:27:49.697934Z DEBUG awase::journal: ime event seq=105 elapsed_ms=14022 event_kind="ObserverReported"
2026-09-21T03:27:49.697971Z  INFO awase_windows::runtime::ime_refresh: [mode-key-follow] observation arrived after mode key pass: intents invalidated
2026-09-21T03:27:49.760652Z DEBUG awase_windows::runtime::ime_refresh: Explicit intent: bypassing typing-idle guard for IME verify (idle=156ms)
2026-09-21T03:27:49.760692Z DEBUG awase_windows::observer::ime_observer: IME snapshot: japanese=Some(true) ime_on=Some(false) romaji=None conv=Some("0x00000009") guard=false
2026-09-21T03:27:49.760747Z DEBUG awase::journal: ime event seq=106 elapsed_ms=14085 event_kind="ObserverReported"
2026-09-21T03:27:49.760770Z  INFO awase_windows::runtime::ime_refresh: [mode-key-follow] observation arrived after mode key pass: intents invalidated
2026-09-21T03:27:49.824188Z DEBUG awase_windows::runtime::ime_refresh: Explicit intent: bypassing typing-idle guard for IME verify (idle=219ms)
2026-09-21T03:27:49.824239Z DEBUG awase_windows::observer::ime_observer: IME snapshot: japanese=Some(true) ime_on=Some(false) romaji=None conv=Some("0x00000009") guard=false
2026-09-21T03:27:49.824427Z DEBUG awase::journal: ime event seq=107 elapsed_ms=14149 event_kind="ObserverReported"
2026-09-21T03:27:49.824458Z  INFO awase_windows::runtime::ime_refresh: [mode-key-follow] observation arrived after mode key pass: intents invalidated
2026-09-21T03:27:49.888022Z DEBUG awase_windows::runtime::ime_refresh: Explicit intent: bypassing typing-idle guard for IME verify (idle=281ms)
2026-09-21T03:27:49.888077Z DEBUG awase_windows::observer::ime_observer: IME snapshot: japanese=Some(true) ime_on=Some(false) romaji=None conv=Some("0x00000009") guard=false
2026-09-21T03:27:49.888151Z DEBUG awase::journal: ime event seq=108 elapsed_ms=14213 event_kind="ObserverReported"
2026-09-21T03:27:49.888182Z  INFO awase_windows::runtime::ime_refresh: [mode-key-follow] observation arrived after mode key pass: intents invalidated
2026-09-21T03:27:49.949998Z DEBUG awase_windows::runtime::ime_refresh: Skipping observer/SSOT write: typing active (idle=344ms)
2026-09-21T03:27:50.447088Z DEBUG awase_windows::observer::ime_observer: IME snapshot: japanese=Some(true) ime_on=Some(false) romaji=None conv=Some("0x00000009") guard=false
2026-09-21T03:27:50.447169Z DEBUG awase::journal: ime event seq=109 elapsed_ms=14772 event_kind="ObserverReported"
2026-09-21T03:27:50.948971Z DEBUG awase_windows::observer::ime_observer: IME snapshot: japanese=Some(true) ime_on=Some(false) romaji=None conv=Some("0x00000009") guard=false
2026-09-21T03:27:50.949042Z DEBUG awase::journal: ime event seq=110 elapsed_ms=15274 event_kind="ObserverReported"
2026-09-21T03:27:51.445874Z DEBUG awase_windows::observer::ime_observer: IME snapshot: japanese=Some(true) ime_on=Some(false) romaji=None conv=Some("0x00000009") guard=false
2026-09-21T03:27:51.445961Z DEBUG awase::journal: ime event seq=111 elapsed_ms=15771 event_kind="ObserverReported"
2026-09-21T03:27:51.553827Z DEBUG awase_windows::runtime::key_pipeline: [engine-input] vk=0x1D KeyDown ts=15878151us delay=0ms state=Idle mods(c=false s=false a=false w=false) gas_ctrl=false phys_ctrl=false extra=0x5350494B pending_drain=0 gate_active=false l_thumb=Some(15878142) r_thumb=None [diag-
2026-09-21T03:27:51.553928Z DEBUG awase::journal: key input seq=112 elapsed_ms=15879 vk_code=29 is_down=true injected=false key_class="LeftThumb" state_before="Idle" state_after="Idle" decision="PassThrough" physical="Allow" repeat_count=1 last_timestamp_us=15878151 last_elapsed_ms=0
2026-09-21T03:27:51.554006Z  INFO awase_windows::runtime::key_pipeline: [mode-key-follow] mode key PassThrough(vk=0x1D): IME refresh scheduled (20ms)
2026-09-21T03:27:51.554670Z  INFO awase_windows::runtime::key_pipeline: [key-effect-predict] vk=0x1D status=Direct open=Some(true) mode=None
2026-09-21T03:27:51.554732Z DEBUG awase::journal: ime event seq=113 elapsed_ms=15879 event_kind="KeyEffectPredicted"
2026-09-21T03:27:51.554778Z  INFO awase::engine::engine: Engine activated (ime=true, romaji=true, japanese=true, user=true, reason=Active)
2026-09-21T03:27:51.554935Z DEBUG execute_from_loop:execute_one{generation=None}:dispatch_ime_set_open{open=true generation=None}: awase_windows::runtime::executor: [dispatch-ime] ImmCross async: optimistic applied_snapshot=true (suppress send_engine_state_ime_key)
2026-09-21T03:27:51.556184Z DEBUG execute_from_loop:execute_one{generation=None}: awase_windows::platform: [engine-state-key] suppressed (polling/focus-triggered, enabled=true)
2026-09-21T03:27:51.556503Z DEBUG execute_one{generation=None}: awase_windows::runtime::executor: [reinject] vk=0x1d down (queued passthrough now firing)
2026-09-21T03:27:51.559299Z  INFO run_open_chain_async: awase_windows::ime_controller: [warrant-shadow] chain=async open=true origin=EventOrigin { source: SelfActuated { strategy: "engine_decision_async" }, epoch: Generation(0) } would_have_blocked=true (A-1 shadow: 書き込みは止めない。A-2 で強制する際の判断材料)
2026-09-21T03:27:51.559355Z DEBUG run_open_chain_async: awase::journal: actuation decision seq=114 elapsed_ms=15884 site="DispatchImeSetOpen" caller="None" open=true chain_len=4 attempts_len=0 gate_profile="Standard" gate_kind="Gji" gate_shadow_known=true gate_shadow_on=true gate_input_mode="Observe
2026-09-21T03:27:51.559509Z DEBUG on_ime_apply_complete{open=true outcome=Unwarranted generation=None reason=EngineDecision}: awase::journal: ime open applied seq=115 elapsed_ms=15884 open=true outcome="Unwarranted" reason="EngineDecision"
2026-09-21T03:27:51.569017Z DEBUG awase_windows::tsf::gji_monitor: [gji-io] WRITE: w_ops=+2 w_KB=+0.0 (r_ops=+4 x_ops=+4 x_KB=+0.0)
2026-09-21T03:27:51.588318Z DEBUG awase_windows::runtime::ime_refresh: Explicit intent: bypassing typing-idle guard for IME verify (idle=31ms)
2026-09-21T03:27:51.588364Z DEBUG awase_windows::observer::ime_observer: IME snapshot: japanese=Some(true) ime_on=Some(true) romaji=None conv=Some("0x00000009") guard=false
2026-09-21T03:27:51.588449Z DEBUG reduce: awase_windows::state::ime_model: [key-effect-fence] axis=open stale observation ignored: observed=true predicted=true age_ms=31
2026-09-21T03:27:51.588490Z DEBUG awase::journal: ime event seq=116 elapsed_ms=15913 event_kind="ObserverReported"
2026-09-21T03:27:51.588592Z DEBUG awase::journal: ime event seq=117 elapsed_ms=15913 event_kind="ModeKeyPassedThrough"
2026-09-21T03:27:51.588610Z  INFO awase_windows::runtime::ime_refresh: [mode-key-follow] observation arrived after mode key pass: intents invalidated
2026-09-21T03:27:51.651531Z DEBUG awase_windows::runtime::ime_refresh: Explicit intent: bypassing typing-idle guard for IME verify (idle=94ms)
2026-09-21T03:27:51.651576Z DEBUG awase_windows::observer::ime_observer: IME snapshot: japanese=Some(true) ime_on=Some(true) romaji=None conv=Some("0x00000009") guard=false
2026-09-21T03:27:51.651658Z DEBUG reduce: awase_windows::state::ime_model: [key-effect-fence] axis=open stale observation ignored: observed=true predicted=true age_ms=94
2026-09-21T03:27:51.651700Z DEBUG awase::journal: ime event seq=118 elapsed_ms=15976 event_kind="ObserverReported"
2026-09-21T03:27:51.651736Z  INFO awase_windows::runtime::ime_refresh: [mode-key-follow] observation arrived after mode key pass: intents invalidated
2026-09-21T03:27:51.680579Z DEBUG awase_windows::runtime::key_pipeline: [engine-input] vk=0x1D KeyUp ts=16004897us delay=0ms state=Idle mods(c=false s=false a=false w=false) gas_ctrl=false phys_ctrl=false extra=0x5350494B pending_drain=0 gate_active=false l_thumb=None r_thumb=None [diag-ctx] ime_on=
2026-09-21T03:27:51.680701Z DEBUG awase::journal: key input seq=119 elapsed_ms=16005 vk_code=29 is_down=false injected=false key_class="LeftThumb" state_before="Idle" state_after="Idle" decision="PassThrough" physical="Allow" repeat_count=1 last_timestamp_us=16004897 last_elapsed_ms=0
2026-09-21T03:27:51.680846Z DEBUG execute_one{generation=None}: awase_windows::runtime::executor: [reinject] vk=0x1d up (queued passthrough now firing)
2026-09-21T03:27:51.713884Z DEBUG awase_windows::runtime::ime_refresh: Explicit intent: bypassing typing-idle guard for IME verify (idle=31ms)
2026-09-21T03:27:51.713927Z DEBUG awase_windows::observer::ime_observer: IME snapshot: japanese=Some(true) ime_on=Some(true) romaji=None conv=Some("0x00000009") guard=false
2026-09-21T03:27:51.714009Z DEBUG reduce: awase_windows::state::ime_model: [key-effect-confirmed] axis=open value=true
2026-09-21T03:27:51.714046Z DEBUG awase::journal: ime event seq=120 elapsed_ms=16039 event_kind="ObserverReported"
2026-09-21T03:27:51.714093Z  INFO awase_windows::runtime::ime_refresh: [mode-key-follow] observation arrived after mode key pass: intents invalidated
2026-09-21T03:27:51.786708Z DEBUG awase_windows::runtime::ime_refresh: Explicit intent: bypassing typing-idle guard for IME verify (idle=109ms)
2026-09-21T03:27:51.786775Z DEBUG awase_windows::observer::ime_observer: IME snapshot: japanese=Some(true) ime_on=Some(true) romaji=None conv=Some("0x00000009") guard=false
2026-09-21T03:27:51.786927Z DEBUG awase::journal: ime event seq=121 elapsed_ms=16112 event_kind="ObserverReported"
2026-09-21T03:27:51.786987Z  INFO awase_windows::runtime::ime_refresh: [mode-key-follow] observation arrived after mode key pass: intents invalidated
2026-09-21T03:27:51.857184Z DEBUG awase_windows::runtime::ime_refresh: Explicit intent: bypassing typing-idle guard for IME verify (idle=172ms)
2026-09-21T03:27:51.857269Z DEBUG awase_windows::observer::ime_observer: IME snapshot: japanese=Some(true) ime_on=Some(true) romaji=None conv=Some("0x00000009") guard=false
2026-09-21T03:27:51.857372Z DEBUG awase::journal: ime event seq=122 elapsed_ms=16182 event_kind="ObserverReported"
2026-09-21T03:27:51.857419Z  INFO awase_windows::runtime::ime_refresh: [mode-key-follow] observation arrived after mode key pass: intents invalidated
2026-09-21T03:27:51.921551Z DEBUG awase_windows::runtime::ime_refresh: Skipping observer/SSOT write: typing active (idle=234ms)
2026-09-21T03:27:52.422479Z DEBUG awase_windows::observer::ime_observer: IME snapshot: japanese=Some(true) ime_on=Some(true) romaji=None conv=Some("0x00000009") guard=false
2026-09-21T03:27:52.422610Z DEBUG awase::journal: ime event seq=123 elapsed_ms=16747 event_kind="ObserverReported"
2026-09-21T03:27:52.922516Z DEBUG awase_windows::observer::ime_observer: IME snapshot: japanese=Some(true) ime_on=Some(true) romaji=None conv=Some("0x00000009") guard=false
2026-09-21T03:27:52.922600Z DEBUG awase::journal: ime event seq=124 elapsed_ms=17247 event_kind="ObserverReported"
2026-09-21T03:27:53.419283Z DEBUG awase_windows::observer::ime_observer: IME snapshot: japanese=Some(true) ime_on=Some(true) romaji=None conv=Some("0x00000009") guard=false
2026-09-21T03:27:53.419344Z DEBUG awase::journal: ime event seq=125 elapsed_ms=17744 event_kind="ObserverReported"
2026-09-21T03:27:53.494775Z DEBUG awase_windows::runtime::key_pipeline: [engine-input] vk=0x1D KeyDown ts=17819091us delay=0ms state=Idle mods(c=false s=false a=false w=false) gas_ctrl=false phys_ctrl=false extra=0x5350494B pending_drain=0 gate_active=false l_thumb=Some(17819079) r_thumb=None [diag-
2026-09-21T03:27:53.494919Z DEBUG awase::journal: key input seq=126 elapsed_ms=17820 vk_code=29 is_down=true injected=false key_class="LeftThumb" state_before="Idle" state_after="PendingThumb(vk=0x1D,left=true)" decision="Consume" physical="Allow" repeat_count=1 last_timestamp_us=17819091 last_elaps
2026-09-21T03:27:53.620759Z DEBUG awase_windows::runtime::key_pipeline: [engine-input] vk=0x1D KeyUp ts=17945037us delay=0ms state=Idle mods(c=false s=false a=false w=false) gas_ctrl=false phys_ctrl=false extra=0x5350494B pending_drain=0 gate_active=false l_thumb=None r_thumb=None [diag-ctx] ime_on=
2026-09-21T03:27:53.620907Z DEBUG awase::journal: key input seq=128 elapsed_ms=17946 vk_code=29 is_down=false injected=false key_class="LeftThumb" state_before="Idle" state_after="Idle" decision="Consume" physical="Allow" repeat_count=1 last_timestamp_us=17945037 last_elapsed_ms=0
2026-09-21T03:27:53.918770Z DEBUG awase_windows::runtime::ime_refresh: Skipping observer/SSOT write: typing active (idle=297ms)
2026-09-21T03:27:54.422516Z DEBUG awase_windows::observer::ime_observer: IME snapshot: japanese=Some(true) ime_on=Some(true) romaji=None conv=Some("0x00000009") guard=false
2026-09-21T03:27:54.422593Z DEBUG awase::journal: ime event seq=129 elapsed_ms=18747 event_kind="ObserverReported"
2026-09-21T03:27:54.919388Z DEBUG awase_windows::observer::ime_observer: IME snapshot: japanese=Some(true) ime_on=Some(true) romaji=None conv=Some("0x00000009") guard=false
2026-09-21T03:27:54.919489Z DEBUG awase::journal: ime event seq=130 elapsed_ms=19244 event_kind="ObserverReported"
2026-09-21T03:27:55.417709Z DEBUG awase_windows::observer::ime_observer: IME snapshot: japanese=Some(true) ime_on=Some(true) romaji=None conv=Some("0x00000009") guard=false
2026-09-21T03:27:55.417798Z DEBUG awase::journal: ime event seq=131 elapsed_ms=19742 event_kind="ObserverReported"
2026-09-21T03:27:55.431745Z DEBUG awase_windows::runtime::key_pipeline: [engine-input] vk=0x1B KeyDown ts=19756103us delay=0ms state=Idle mods(c=false s=false a=false w=false) gas_ctrl=false phys_ctrl=false extra=0x5350494B pending_drain=0 gate_active=false l_thumb=None r_thumb=None [diag-ctx] ime_o
2026-09-21T03:27:55.431834Z DEBUG awase::journal: key input seq=132 elapsed_ms=19757 vk_code=27 is_down=true injected=false key_class="Passthrough" state_before="Idle" state_after="Idle" decision="PassThrough" physical="Allow" repeat_count=1 last_timestamp_us=19756103 last_elapsed_ms=0
2026-09-21T03:27:55.431918Z DEBUG execute_from_hook: awase_windows::tsf::probe: [composition] marked cold reason=PassthroughConfirmKey idle=18446744073709551615ms → next VK/TSF output will send VK_DBE_HIRAGANA warmup
2026-09-21T03:27:55.431946Z DEBUG execute_from_hook: awase_windows::tsf::probe: [mark-send] last_send_ms=53286484
2026-09-21T03:27:55.432003Z DEBUG execute_from_hook: awase_windows::platform: [composition-fsm] EmitWarmup (ConfirmKeyDown)
2026-09-21T03:27:55.432025Z DEBUG execute_from_hook: awase_windows::runtime::executor: [relay-passthrough] PassThrough idle: direct OS pass-through (vk=0x1b down)
2026-09-21T03:27:55.432051Z DEBUG awase::journal: gji fsm transition seq=133 elapsed_ms=19757 trigger="CompositionReset(gji_idle_ms=3859)" state_before="OnCold(Short)" state_after="OnCold(Short)"
2026-09-21T03:27:55.432099Z DEBUG awase_windows::runtime::executor: [reinject-guard] suspending drain for 50ms (vk=0x1b)
2026-09-21T03:27:55.492795Z DEBUG execute_one{generation=None}: awase_windows::runtime::executor: [reinject] vk=0x1b down (queued passthrough now firing)
2026-09-21T03:27:55.492846Z DEBUG execute_one{generation=None}: awase_windows::platform: [composition] reinject KeyDown vk=0x1b → marking cold + eager warmup
2026-09-21T03:27:55.492866Z DEBUG execute_one{generation=None}: awase_windows::tsf::probe: [composition] marked cold reason=ReinjectConfirmKey idle=62ms → next VK/TSF output will send VK_DBE_HIRAGANA warmup
2026-09-21T03:27:55.492885Z DEBUG execute_one{generation=None}: awase_windows::tsf::probe: [mark-send] last_send_ms=53286546
2026-09-21T03:27:55.495117Z DEBUG awase::journal: gji fsm transition seq=134 elapsed_ms=19818 trigger="CompositionReset(gji_idle_ms=3921)" state_before="OnCold(Short)" state_after="OnCold(Short)"
2026-09-21T03:27:55.516807Z DEBUG awase_windows::tsf::gji_monitor: [gji-io] WRITE: w_ops=+1 w_KB=+0.0 (r_ops=+2 x_ops=+2 x_KB=+0.0)
2026-09-21T03:27:55.558353Z DEBUG awase_windows::runtime::key_pipeline: [engine-input] vk=0x1B KeyUp ts=19882532us delay=0ms state=Idle mods(c=false s=false a=false w=false) gas_ctrl=false phys_ctrl=false extra=0x5350494B pending_drain=0 gate_active=false l_thumb=None r_thumb=None [diag-ctx] ime_on=
2026-09-21T03:27:55.558460Z DEBUG awase::journal: key input seq=135 elapsed_ms=19883 vk_code=27 is_down=false injected=false key_class="Passthrough" state_before="Idle" state_after="Idle" decision="PassThrough" physical="Allow" repeat_count=1 last_timestamp_us=19882532 last_elapsed_ms=0
2026-09-21T03:27:55.558561Z DEBUG execute_from_hook: awase_windows::runtime::executor: [relay-passthrough] PassThrough idle: direct OS pass-through (vk=0x1b up)
2026-09-21T03:27:55.558634Z DEBUG execute_one{generation=None}: awase_windows::runtime::executor: [reinject] vk=0x1b up (queued passthrough now firing)
2026-09-21T03:27:55.916838Z DEBUG awase_windows::runtime::ime_refresh: Skipping observer/SSOT write: typing active (idle=359ms)
2026-09-21T03:27:56.420653Z DEBUG awase_windows::observer::ime_observer: IME snapshot: japanese=Some(true) ime_on=Some(true) romaji=None conv=Some("0x00000009") guard=false
2026-09-21T03:27:56.420769Z DEBUG awase::journal: ime event seq=136 elapsed_ms=20745 event_kind="ObserverReported"
2026-09-21T03:27:56.918689Z DEBUG awase_windows::observer::ime_observer: IME snapshot: japanese=Some(true) ime_on=Some(true) romaji=None conv=Some("0x00000009") guard=false
2026-09-21T03:27:56.918780Z DEBUG awase::journal: ime event seq=137 elapsed_ms=21244 event_kind="ObserverReported"
2026-09-21T03:27:57.369973Z DEBUG awase_windows::hook: [hook] IME-mode vk=0xF4 up self_injected=false injected=false scan=0x29 extra=0x5350494B since_actuation_us=Some(10277681)
2026-09-21T03:27:57.370265Z DEBUG awase::journal: hook ime-mode diagnostic seq=138 elapsed_ms=21695 vk_code=244 is_down=false self_injected=false injected=false scan=41
2026-09-21T03:27:57.370420Z DEBUG awase_windows::hook: [hook] IME-mode vk=0xF3 down self_injected=false injected=false scan=0x29 extra=0x5350494B since_actuation_us=Some(10278158)
2026-09-21T03:27:57.370733Z DEBUG awase_windows::runtime::key_pipeline: [engine-input] vk=0xF4 KeyUp ts=21694661us delay=0ms state=Idle mods(c=false s=false a=false w=false) gas_ctrl=false phys_ctrl=false extra=0x5350494B pending_drain=0 gate_active=false l_thumb=None r_thumb=None [diag-ctx] ime_on=
2026-09-21T03:27:57.370897Z DEBUG awase::journal: key input seq=139 elapsed_ms=21696 vk_code=244 is_down=false injected=false key_class="Passthrough" state_before="Idle" state_after="Idle" decision="PassThrough" physical="Allow" repeat_count=1 last_timestamp_us=21694661 last_elapsed_ms=0
2026-09-21T03:27:57.371056Z DEBUG execute_from_hook: awase_windows::runtime::executor: [relay-passthrough] PassThrough idle: direct OS pass-through (vk=0xf4 up)
2026-09-21T03:27:57.371221Z DEBUG awase_windows::runtime::key_pipeline: [engine-input] vk=0xF3 KeyDown ts=21695008us delay=0ms state=Idle mods(c=false s=false a=false w=false) gas_ctrl=false phys_ctrl=false extra=0x5350494B pending_drain=0 gate_active=false l_thumb=None r_thumb=None [diag-ctx] ime_o
2026-09-21T03:27:57.371339Z DEBUG awase::journal: key input seq=140 elapsed_ms=21696 vk_code=243 is_down=true injected=false key_class="Passthrough" state_before="Idle" state_after="Idle" decision="PassThrough" physical="Allow" repeat_count=1 last_timestamp_us=21695008 last_elapsed_ms=0
2026-09-21T03:27:57.371451Z DEBUG awase_windows::runtime::key_pipeline: may_change_ime key passed through → IME refresh scheduled (20ms)
2026-09-21T03:27:57.371525Z  INFO awase_windows::runtime::key_pipeline: [mode-key-follow] mode key PassThrough(vk=0xF3): IME refresh scheduled (20ms)
2026-09-21T03:27:57.372446Z DEBUG awase_windows::runtime::key_pipeline: [key-effect-predict] vk=0xF3 status=Pre: no prediction
2026-09-21T03:27:57.372564Z DEBUG execute_from_hook: awase_windows::runtime::transport: [relay-defer] PassThrough deferred: pending effects, reinject(vk=0xf3 down)
2026-09-21T03:27:57.372680Z DEBUG awase::journal: hook ime-mode diagnostic seq=141 elapsed_ms=21697 vk_code=243 is_down=true self_injected=false injected=false scan=41
2026-09-21T03:27:57.372761Z DEBUG execute_one{generation=None}: awase_windows::runtime::executor: [reinject] vk=0xf4 up (queued passthrough now firing)
2026-09-21T03:27:57.372923Z DEBUG execute_one{generation=None}: awase_windows::runtime::executor: [reinject] vk=0xf3 down (queued passthrough now firing)
2026-09-21T03:27:57.373114Z DEBUG awase_windows::hook: [hook] IME-mode vk=0xF4 up self_injected=true injected=true scan=0x0 extra=0x4B45594D since_actuation_us=Some(10280853)
2026-09-21T03:27:57.374919Z DEBUG awase_windows::hook: [hook] IME-mode vk=0xF3 up self_injected=true injected=false scan=0x0 extra=0x4B45594D since_actuation_us=Some(10282650)
2026-09-21T03:27:57.376476Z DEBUG awase_windows::hook: [hook] IME-mode vk=0xF4 down self_injected=true injected=true scan=0x0 extra=0x4B45594D since_actuation_us=Some(10284183)
2026-09-21T03:27:57.377327Z DEBUG awase::journal: hook ime-mode diagnostic seq=142 elapsed_ms=21702 vk_code=244 is_down=false self_injected=true injected=true scan=0
2026-09-21T03:27:57.377347Z DEBUG awase::journal: hook ime-mode diagnostic seq=143 elapsed_ms=21702 vk_code=243 is_down=false self_injected=true injected=false scan=0
2026-09-21T03:27:57.377361Z DEBUG awase::journal: hook ime-mode diagnostic seq=144 elapsed_ms=21702 vk_code=244 is_down=true self_injected=true injected=true scan=0
2026-09-21T03:27:57.384723Z DEBUG awase_windows::tsf::gji_monitor: [gji-io] WRITE: w_ops=+2 w_KB=+0.0 (r_ops=+4 x_ops=+4 x_KB=+0.0)
2026-09-21T03:27:57.407605Z DEBUG awase_windows::runtime::ime_refresh: Explicit intent: bypassing typing-idle guard for IME verify (idle=32ms)
2026-09-21T03:27:57.407663Z DEBUG awase_windows::observer::ime_observer: IME snapshot: japanese=Some(true) ime_on=Some(false) romaji=None conv=Some("0x00000009") guard=false
2026-09-21T03:27:57.407737Z DEBUG awase::journal: ime event seq=145 elapsed_ms=21732 event_kind="ObserverReported"
2026-09-21T03:27:57.408045Z DEBUG awase::journal: ime event seq=146 elapsed_ms=21733 event_kind="ModeKeyPassedThrough"
2026-09-21T03:27:57.408089Z  INFO awase_windows::runtime::ime_refresh: [mode-key-follow] observation arrived after mode key pass: intents invalidated
2026-09-21T03:27:57.408242Z  INFO awase::engine::engine: Engine deactivated (ime=false, romaji=true, japanese=true, user=true, reason=Inactive(ImeOff))
2026-09-21T03:27:57.408469Z DEBUG execute_from_loop:execute_one{generation=None}:dispatch_ime_set_open{open=false generation=None}: awase_windows::runtime::executor: [dispatch-ime] ImmCross async: optimistic applied_snapshot=false (suppress send_engine_state_ime_key)
2026-09-21T03:27:57.410048Z DEBUG execute_from_loop:execute_one{generation=None}: awase_windows::platform: [engine-state-key] suppressed (polling/focus-triggered, enabled=false)
2026-09-21T03:27:57.412246Z DEBUG run_open_chain_async: awase_windows::ime_controller: [warrant-shadow] chain=async open=false origin=EventOrigin { source: SelfActuated { strategy: "engine_decision_async" }, epoch: Generation(0) } warranted
2026-09-21T03:27:57.412368Z  INFO run_open_chain_async:imm_cross_write{open=false}: awase_windows::runtime::open_chain: [apply-ime] ImmCross async: open=false composition_active=false show_seq=0 change_seq=0 (issue #138診断)
2026-09-21T03:27:57.414109Z DEBUG awase_windows::shadow_send_trace: [shadow-send] channel=ImeControl cmd=0x0006 lparam=0 issue_us=21738385
2026-09-21T03:27:57.414127Z DEBUG awase_windows::ime: set_ime_open_for_target: hwnd=HWND(0x3a083a) ime_wnd=HWND(0xa0912) open=false success=true send_elapsed=0ms candidate_visible=false
2026-09-21T03:27:57.414454Z DEBUG run_open_chain_async:imm_cross_write{open=false}: awase_windows::ime: [imm-cross-actuate] hwnd=HWND(0x3a083a) open=Written conv=None
2026-09-21T03:27:57.414529Z DEBUG run_open_chain_async: awase::journal: actuation decision seq=147 elapsed_ms=21739 site="DispatchImeSetOpen" caller="None" open=false chain_len=4 attempts_len=1 gate_profile="Standard" gate_kind="Gji" gate_shadow_known=true gate_shadow_on=true gate_input_mode="Observ
2026-09-21T03:27:57.414686Z DEBUG on_ime_apply_complete{open=false outcome=AppliedWithoutSendInput generation=None reason=EngineDecision}: awase::journal: ime open applied seq=148 elapsed_ms=21739 open=false outcome="AppliedWithoutSendInput" reason="EngineDecision"
2026-09-21T03:27:57.414829Z DEBUG on_ime_apply_complete{open=false outcome=AppliedWithoutSendInput generation=None reason=EngineDecision}: awase_windows::tsf::ime_mode_fsm: [ime-mode] SetOpen(false) applied → Off (belief, unconfirmed)
2026-09-21T03:27:57.414864Z DEBUG on_ime_apply_complete{open=false outcome=AppliedWithoutSendInput generation=None reason=EngineDecision}: awase_windows::platform: [composition] ImeEffect::SetOpen(false) → marking cold (prevent warm+TSF Enter leak)
2026-09-21T03:27:57.414888Z DEBUG on_ime_apply_complete{open=false outcome=AppliedWithoutSendInput generation=None reason=EngineDecision}: awase_windows::tsf::probe: [composition] marked cold reason=SetOpenFalse idle=1922ms → next VK/TSF output will send VK_DBE_HIRAGANA warmup
2026-09-21T03:27:57.415101Z DEBUG awase::journal: gji fsm transition seq=149 elapsed_ms=21740 trigger="ImeOff" state_before="OnCold(Short)" state_after="OffCold"
2026-09-21T03:27:57.452804Z DEBUG awase_windows::runtime::ime_refresh: Explicit intent: bypassing typing-idle guard for IME verify (idle=79ms)
2026-09-21T03:27:57.452875Z DEBUG awase_windows::observer::ime_observer: IME snapshot: japanese=Some(true) ime_on=Some(false) romaji=None conv=Some("0x00000009") guard=false
2026-09-21T03:27:57.452982Z DEBUG awase::journal: ime event seq=150 elapsed_ms=21778 event_kind="ObserverReported"
2026-09-21T03:27:57.453025Z  INFO awase_windows::runtime::ime_refresh: [mode-key-follow] observation arrived after mode key pass: intents invalidated
2026-09-21T03:27:57.514421Z DEBUG awase_windows::runtime::ime_refresh: Explicit intent: bypassing typing-idle guard for IME verify (idle=141ms)
2026-09-21T03:27:57.514497Z DEBUG awase_windows::observer::ime_observer: IME snapshot: japanese=Some(true) ime_on=Some(false) romaji=None conv=Some("0x00000009") guard=false
2026-09-21T03:27:57.514614Z DEBUG awase::journal: ime event seq=151 elapsed_ms=21839 event_kind="ObserverReported"
2026-09-21T03:27:57.514675Z  INFO awase_windows::runtime::ime_refresh: [mode-key-follow] observation arrived after mode key pass: intents invalidated
2026-09-21T03:27:57.574351Z DEBUG awase_windows::runtime::ime_refresh: Explicit intent: bypassing typing-idle guard for IME verify (idle=204ms)
2026-09-21T03:27:57.574413Z DEBUG awase_windows::observer::ime_observer: IME snapshot: japanese=Some(true) ime_on=Some(false) romaji=None conv=Some("0x00000009") guard=false
2026-09-21T03:27:57.574507Z DEBUG awase::journal: ime event seq=152 elapsed_ms=21899 event_kind="ObserverReported"
2026-09-21T03:27:57.574544Z  INFO awase_windows::runtime::ime_refresh: [mode-key-follow] observation arrived after mode key pass: intents invalidated
2026-09-21T03:27:57.638012Z DEBUG awase_windows::runtime::ime_refresh: Explicit intent: bypassing typing-idle guard for IME verify (idle=266ms)
2026-09-21T03:27:57.638096Z DEBUG awase_windows::observer::ime_observer: IME snapshot: japanese=Some(true) ime_on=Some(false) romaji=None conv=Some("0x00000009") guard=false
2026-09-21T03:27:57.638287Z DEBUG awase::journal: ime event seq=153 elapsed_ms=21963 event_kind="ObserverReported"
2026-09-21T03:27:57.638340Z  INFO awase_windows::runtime::ime_refresh: [mode-key-follow] observation arrived after mode key pass: intents invalidated
2026-09-21T03:27:57.698253Z DEBUG awase_windows::runtime::ime_refresh: Skipping observer/SSOT write: typing active (idle=329ms)
2026-09-21T03:27:58.198720Z DEBUG awase_windows::observer::ime_observer: IME snapshot: japanese=Some(true) ime_on=Some(false) romaji=None conv=Some("0x00000009") guard=false
2026-09-21T03:27:58.198821Z DEBUG awase::journal: ime event seq=154 elapsed_ms=22524 event_kind="ObserverReported"
2026-09-21T03:27:58.703105Z DEBUG awase_windows::observer::ime_observer: IME snapshot: japanese=Some(true) ime_on=Some(false) romaji=None conv=Some("0x00000009") guard=false
2026-09-21T03:27:58.703225Z DEBUG awase::journal: ime event seq=155 elapsed_ms=23028 event_kind="ObserverReported"
2026-09-21T03:27:59.200481Z DEBUG awase_windows::observer::ime_observer: IME snapshot: japanese=Some(true) ime_on=Some(false) romaji=None conv=Some("0x00000009") guard=false
2026-09-21T03:27:59.200578Z DEBUG awase::journal: ime event seq=156 elapsed_ms=23525 event_kind="ObserverReported"
2026-09-21T03:27:59.306569Z DEBUG awase_windows::runtime::key_pipeline: [engine-input] vk=0x4B KeyDown ts=23630840us delay=0ms state=Idle mods(c=false s=false a=false w=false) gas_ctrl=false phys_ctrl=false extra=0x5350494B pending_drain=0 gate_active=false l_thumb=None r_thumb=None [diag-ctx] ime_o
2026-09-21T03:27:59.306767Z DEBUG awase::journal: key input seq=157 elapsed_ms=23632 vk_code=75 is_down=true injected=false key_class="Char" state_before="Idle" state_after="Idle" decision="PassThrough" physical="Allow" repeat_count=1 last_timestamp_us=23630840 last_elapsed_ms=0
2026-09-21T03:27:59.306933Z DEBUG execute_one{generation=None}: awase_windows::runtime::executor: [reinject] vk=0x4b down (queued passthrough now firing)
2026-09-21T03:27:59.431515Z DEBUG awase_windows::runtime::key_pipeline: [engine-input] vk=0x4B KeyUp ts=23755578us delay=0ms state=Idle mods(c=false s=false a=false w=false) gas_ctrl=false phys_ctrl=false extra=0x5350494B pending_drain=0 gate_active=false l_thumb=None r_thumb=None [diag-ctx] ime_on=
2026-09-21T03:27:59.431672Z DEBUG awase::journal: key input seq=158 elapsed_ms=23756 vk_code=75 is_down=false injected=false key_class="Char" state_before="Idle" state_after="Idle" decision="PassThrough" physical="Allow" repeat_count=1 last_timestamp_us=23755578 last_elapsed_ms=0
2026-09-21T03:27:59.431879Z DEBUG execute_one{generation=None}: awase_windows::runtime::executor: [reinject] vk=0x4b up (queued passthrough now firing)
2026-09-21T03:27:59.698052Z DEBUG awase_windows::runtime::ime_refresh: Skipping observer/SSOT write: typing active (idle=266ms)
2026-09-21T03:28:00.199168Z DEBUG awase_windows::observer::ime_observer: IME snapshot: japanese=Some(true) ime_on=Some(false) romaji=None conv=Some("0x00000009") guard=false
2026-09-21T03:28:00.199251Z DEBUG awase::journal: ime event seq=159 elapsed_ms=24524 event_kind="ObserverReported"
2026-09-21T03:28:00.707086Z DEBUG awase_windows::observer::ime_observer: IME snapshot: japanese=Some(true) ime_on=Some(false) romaji=None conv=Some("0x00000009") guard=false
2026-09-21T03:28:00.707171Z DEBUG awase::journal: ime event seq=160 elapsed_ms=25032 event_kind="ObserverReported"
2026-09-21T03:28:01.215367Z DEBUG awase_windows::observer::ime_observer: IME snapshot: japanese=Some(true) ime_on=Some(false) romaji=None conv=Some("0x00000009") guard=false
2026-09-21T03:28:01.215464Z DEBUG awase::journal: ime event seq=161 elapsed_ms=25540 event_kind="ObserverReported"
2026-09-21T03:28:01.264801Z DEBUG awase_windows::runtime::key_pipeline: [engine-input] vk=0x0D KeyDown ts=25589103us delay=0ms state=Idle mods(c=false s=false a=false w=false) gas_ctrl=false phys_ctrl=false extra=0x5350494B pending_drain=0 gate_active=false l_thumb=None r_thumb=None [diag-ctx] ime_o
2026-09-21T03:28:01.264888Z DEBUG awase::journal: key input seq=162 elapsed_ms=25590 vk_code=13 is_down=true injected=false key_class="Passthrough" state_before="Idle" state_after="Idle" decision="PassThrough" physical="Allow" repeat_count=1 last_timestamp_us=25589103 last_elapsed_ms=0
2026-09-21T03:28:01.264979Z DEBUG execute_from_hook: awase_windows::tsf::probe: [composition] marked cold reason=PassthroughConfirmKey idle=5766ms → next VK/TSF output will send VK_DBE_HIRAGANA warmup
2026-09-21T03:28:01.265001Z DEBUG execute_from_hook: awase_windows::tsf::probe: [mark-send] last_send_ms=53292312
2026-09-21T03:28:01.265055Z DEBUG execute_from_hook: awase_windows::platform: [composition-fsm] EmitWarmup (ConfirmKeyDown)
2026-09-21T03:28:01.265076Z DEBUG execute_from_hook: awase_windows::runtime::executor: [relay-passthrough] PassThrough idle: direct OS pass-through (vk=0x0d down)
2026-09-21T03:28:01.265126Z DEBUG awase::journal: gji fsm transition seq=163 elapsed_ms=25590 trigger="CompositionReset(gji_idle_ms=3875)" state_before="OffCold" state_after="OffCold"
2026-09-21T03:28:01.265175Z DEBUG awase_windows::runtime::executor: [reinject-guard] suspending drain for 50ms (vk=0x0d)
2026-09-21T03:28:01.327381Z DEBUG execute_one{generation=None}: awase_windows::runtime::executor: [reinject] vk=0x0d down (queued passthrough now firing)
2026-09-21T03:28:01.327502Z DEBUG execute_one{generation=None}: awase_windows::platform: [composition] reinject KeyDown vk=0x0d → marking cold + eager warmup
2026-09-21T03:28:01.327585Z DEBUG execute_one{generation=None}: awase_windows::tsf::probe: [composition] marked cold reason=ReinjectConfirmKey idle=63ms → next VK/TSF output will send VK_DBE_HIRAGANA warmup
2026-09-21T03:28:01.327632Z DEBUG execute_one{generation=None}: awase_windows::tsf::probe: [mark-send] last_send_ms=53292375
2026-09-21T03:28:01.331697Z DEBUG awase::journal: gji fsm transition seq=164 elapsed_ms=25653 trigger="CompositionReset(gji_idle_ms=3938)" state_before="OffCold" state_after="OffCold"
2026-09-21T03:28:01.388872Z DEBUG awase_windows::runtime::key_pipeline: [engine-input] vk=0x0D KeyUp ts=25713097us delay=0ms state=Idle mods(c=false s=false a=false w=false) gas_ctrl=false phys_ctrl=false extra=0x5350494B pending_drain=0 gate_active=false l_thumb=None r_thumb=None [diag-ctx] ime_on=
2026-09-21T03:28:01.389010Z DEBUG awase::journal: key input seq=165 elapsed_ms=25714 vk_code=13 is_down=false injected=false key_class="Passthrough" state_before="Idle" state_after="Idle" decision="PassThrough" physical="Allow" repeat_count=1 last_timestamp_us=25713097 last_elapsed_ms=0
2026-09-21T03:28:01.389161Z DEBUG execute_from_hook: awase_windows::runtime::executor: [relay-passthrough] PassThrough idle: direct OS pass-through (vk=0x0d up)
2026-09-21T03:28:01.389266Z DEBUG execute_one{generation=None}: awase_windows::runtime::executor: [reinject] vk=0x0d up (queued passthrough now firing)
2026-09-21T03:28:01.721314Z DEBUG awase_windows::runtime::ime_refresh: Skipping observer/SSOT write: typing active (idle=328ms)
2026-09-21T03:28:02.220002Z DEBUG awase_windows::observer::ime_observer: IME snapshot: japanese=Some(true) ime_on=Some(false) romaji=None conv=Some("0x00000009") guard=false
2026-09-21T03:28:02.220102Z DEBUG awase::journal: ime event seq=166 elapsed_ms=26545 event_kind="ObserverReported"
2026-09-21T03:28:02.715658Z DEBUG awase_windows::observer::ime_observer: IME snapshot: japanese=Some(true) ime_on=Some(false) romaji=None conv=Some("0x00000009") guard=false
2026-09-21T03:28:02.715746Z DEBUG awase::journal: ime event seq=167 elapsed_ms=27041 event_kind="ObserverReported"
2026-09-21T03:28:03.200209Z DEBUG awase_windows::runtime::key_pipeline: [engine-input] vk=0x1C KeyDown ts=27524462us delay=0ms state=Idle mods(c=false s=false a=false w=false) gas_ctrl=false phys_ctrl=false extra=0x5350494B pending_drain=0 gate_active=false l_thumb=None r_thumb=Some(27524447) [diag-
2026-09-21T03:28:03.200330Z DEBUG awase::journal: key input seq=168 elapsed_ms=27525 vk_code=28 is_down=true injected=false key_class="RightThumb" state_before="Idle" state_after="Idle" decision="PassThrough" physical="Allow" repeat_count=1 last_timestamp_us=27524462 last_elapsed_ms=0
2026-09-21T03:28:03.200436Z  INFO awase_windows::runtime::key_pipeline: [mode-key-follow] mode key PassThrough(vk=0x1C): IME refresh scheduled (20ms)
2026-09-21T03:28:03.201078Z DEBUG awase_windows::runtime::key_pipeline: [key-effect-predict] vk=0x1C status=Direct: no prediction
2026-09-21T03:28:03.201268Z DEBUG execute_one{generation=None}: awase_windows::runtime::executor: [reinject] vk=0x1c down (queued passthrough now firing)
2026-09-21T03:28:03.217949Z DEBUG awase_windows::tsf::gji_monitor: [gji-io] WRITE: w_ops=+2 w_KB=+0.0 (r_ops=+4 x_ops=+4 x_KB=+0.0)
2026-09-21T03:28:03.232623Z DEBUG awase_windows::runtime::ime_refresh: Explicit intent: bypassing typing-idle guard for IME verify (idle=31ms)
2026-09-21T03:28:03.232685Z DEBUG awase_windows::observer::ime_observer: IME snapshot: japanese=Some(true) ime_on=Some(true) romaji=None conv=Some("0x00000009") guard=false
2026-09-21T03:28:03.232779Z DEBUG awase::journal: ime event seq=169 elapsed_ms=27558 event_kind="ObserverReported"
2026-09-21T03:28:03.232836Z DEBUG awase::journal: ime event seq=170 elapsed_ms=27558 event_kind="ModeKeyPassedThrough"
2026-09-21T03:28:03.232854Z  INFO awase_windows::runtime::ime_refresh: [mode-key-follow] observation arrived after mode key pass: intents invalidated
2026-09-21T03:28:03.232927Z  INFO awase::engine::engine: Engine activated (ime=true, romaji=true, japanese=true, user=true, reason=Active)
2026-09-21T03:28:03.233061Z DEBUG execute_from_loop:execute_one{generation=None}:dispatch_ime_set_open{open=true generation=None}: awase_windows::runtime::executor: [dispatch-ime] ImmCross async: optimistic applied_snapshot=true (suppress send_engine_state_ime_key)
2026-09-21T03:28:03.234361Z DEBUG execute_from_loop:execute_one{generation=None}: awase_windows::platform: [engine-state-key] suppressed (polling/focus-triggered, enabled=true)
2026-09-21T03:28:03.236191Z DEBUG run_open_chain_async: awase_windows::ime_controller: [warrant-shadow] chain=async open=true origin=EventOrigin { source: SelfActuated { strategy: "engine_decision_async" }, epoch: Generation(0) } warranted
2026-09-21T03:28:03.236356Z  INFO run_open_chain_async:imm_cross_write{open=true}: awase_windows::runtime::open_chain: [apply-ime] ImmCross async: open=true composition_active=false show_seq=0 change_seq=0 (issue #138診断)
2026-09-21T03:28:03.238979Z DEBUG awase_windows::shadow_send_trace: [shadow-send] channel=ImeControl cmd=0x0006 lparam=1 issue_us=27563205
2026-09-21T03:28:03.238996Z DEBUG awase_windows::ime: set_ime_open_for_target: hwnd=HWND(0x3a083a) ime_wnd=HWND(0xa0912) open=true success=true send_elapsed=0ms candidate_visible=false
2026-09-21T03:28:03.240442Z DEBUG awase_windows::shadow_send_trace: [shadow-send] channel=ImeControl cmd=0x0002 lparam=25 issue_us=27563628
2026-09-21T03:28:03.240467Z DEBUG awase_windows::ime: [imm-romaji] conv 0x00000009 → 0x00000019 success=true target=None
2026-09-21T03:28:03.240847Z DEBUG run_open_chain_async:imm_cross_write{open=true}: awase_windows::ime: [imm-cross-actuate] hwnd=HWND(0x3a083a) open=Written conv=Some(Written)
2026-09-21T03:28:03.240900Z DEBUG run_open_chain_async:imm_cross_write{open=true}: awase_windows::runtime::open_chain: [apply-ime] ROMAN 補完結果: Written
2026-09-21T03:28:03.240961Z DEBUG run_open_chain_async: awase::journal: actuation decision seq=171 elapsed_ms=27566 site="DispatchImeSetOpen" caller="None" open=true chain_len=4 attempts_len=1 gate_profile="Standard" gate_kind="Gji" gate_shadow_known=true gate_shadow_on=false gate_input_mode="Observ
2026-09-21T03:28:03.241370Z DEBUG on_ime_apply_complete{open=true outcome=AppliedWithoutSendInput generation=None reason=EngineDecision}: awase::journal: ime open applied seq=172 elapsed_ms=27566 open=true outcome="AppliedWithoutSendInput" reason="EngineDecision"
2026-09-21T03:28:03.241463Z DEBUG on_ime_apply_complete{open=true outcome=AppliedWithoutSendInput generation=None reason=EngineDecision}: awase_windows::tsf::ime_mode_fsm: [ime-mode] SetOpen(true) applied → Hiragana (belief, unconfirmed)
2026-09-21T03:28:03.241497Z DEBUG on_ime_apply_complete{open=true outcome=AppliedWithoutSendInput generation=None reason=EngineDecision}: awase_windows::platform: [composition] ImeEffect::SetOpen(true) → marking cold
2026-09-21T03:28:03.241522Z DEBUG on_ime_apply_complete{open=true outcome=AppliedWithoutSendInput generation=None reason=EngineDecision}: awase_windows::tsf::probe: [composition] marked cold reason=SetOpenTrue idle=1921ms → next VK/TSF output will send VK_DBE_HIRAGANA warmup
2026-09-21T03:28:03.241574Z DEBUG on_ime_apply_complete{open=true outcome=AppliedWithoutSendInput generation=None reason=EngineDecision}:gji_on_event{event=ImeOn { injection_mode: Unicode, gji_idle_ms: 31 }}: awase_windows::tsf::gji_fsm: [gji-fsm] ImeOn gji_idle=31ms → Short
2026-09-21T03:28:03.241629Z DEBUG on_ime_apply_complete{open=true outcome=AppliedWithoutSendInput generation=None reason=EngineDecision}: awase_windows::platform: [gji-fsm] StartProbe probe_id=ProbeId(1) forces_f2=false long=false
2026-09-21T03:28:03.241839Z DEBUG awase::journal: gji fsm transition seq=173 elapsed_ms=27567 trigger="ImeOn(gji_idle_ms=31)" state_before="OffCold" state_after="OnCold(Short)"
2026-09-21T03:28:03.241864Z DEBUG awase::journal: tsf probe started seq=174 elapsed_ms=27567 source="GjiAction::StartProbe" cold_seq=0 probe_id=1 probe_id_present=true gji_state="OnCold(Short)" consecutive_at_start=0 pending_deferred_len=0
2026-09-21T03:28:03.241888Z DEBUG awase::journal: gji fsm transition seq=175 elapsed_ms=27567 trigger="WarmupComplete(unicode)" state_before="OnCold(Short)" state_after="OnWarm"
2026-09-21T03:28:03.241907Z DEBUG awase::journal: tsf probe completed seq=176 elapsed_ms=27567 outcome="UnicodeImmediate" cold_seq=18446744073709551615 cold_seq_present=false probe_id=1 probe_id_present=true duration_ms=0 tick_count=0 gji_state="OnWarm"
2026-09-21T03:28:03.279314Z DEBUG awase_windows::runtime::ime_refresh: Explicit intent: bypassing typing-idle guard for IME verify (idle=78ms)
2026-09-21T03:28:03.279380Z DEBUG awase_windows::observer::ime_observer: IME snapshot: japanese=Some(true) ime_on=Some(true) romaji=Some(true) conv=Some("0x00000019") guard=false
2026-09-21T03:28:03.279477Z DEBUG awase::journal: ime event seq=177 elapsed_ms=27604 event_kind="ObserverReported"
2026-09-21T03:28:03.279518Z DEBUG awase::journal: ime event seq=178 elapsed_ms=27604 event_kind="InputModeObserved"
2026-09-21T03:28:03.279563Z  INFO awase_windows::runtime::ime_refresh: [mode-key-follow] observation arrived after mode key pass: intents invalidated
2026-09-21T03:28:03.325622Z DEBUG awase_windows::runtime::key_pipeline: [engine-input] vk=0x1C KeyUp ts=27649901us delay=0ms state=Idle mods(c=false s=false a=false w=false) gas_ctrl=false phys_ctrl=false extra=0x5350494B pending_drain=0 gate_active=false l_thumb=None r_thumb=None [diag-ctx] ime_on=
2026-09-21T03:28:03.325780Z DEBUG awase::journal: key input seq=179 elapsed_ms=27651 vk_code=28 is_down=false injected=false key_class="RightThumb" state_before="Idle" state_after="Idle" decision="PassThrough" physical="Allow" repeat_count=1 last_timestamp_us=27649901 last_elapsed_ms=0
2026-09-21T03:28:03.325922Z DEBUG execute_one{generation=None}: awase_windows::runtime::executor: [reinject] vk=0x1c up (queued passthrough now firing)
2026-09-21T03:28:03.343280Z DEBUG awase_windows::runtime::ime_refresh: Explicit intent: bypassing typing-idle guard for IME verify (idle=15ms)
2026-09-21T03:28:03.343337Z DEBUG awase_windows::observer::ime_observer: IME snapshot: japanese=Some(true) ime_on=Some(true) romaji=Some(true) conv=Some("0x00000019") guard=false
2026-09-21T03:28:03.343427Z DEBUG awase::journal: ime event seq=180 elapsed_ms=27668 event_kind="ObserverReported"
2026-09-21T03:28:03.343463Z DEBUG awase::journal: ime event seq=181 elapsed_ms=27668 event_kind="InputModeObserved"
2026-09-21T03:28:03.343492Z  INFO awase_windows::runtime::ime_refresh: [mode-key-follow] observation arrived after mode key pass: intents invalidated
2026-09-21T03:28:03.406592Z DEBUG awase_windows::runtime::ime_refresh: Explicit intent: bypassing typing-idle guard for IME verify (idle=78ms)
2026-09-21T03:28:03.406652Z DEBUG awase_windows::observer::ime_observer: IME snapshot: japanese=Some(true) ime_on=Some(true) romaji=Some(true) conv=Some("0x00000019") guard=false
2026-09-21T03:28:03.406742Z DEBUG awase::journal: ime event seq=182 elapsed_ms=27732 event_kind="ObserverReported"
2026-09-21T03:28:03.406779Z DEBUG awase::journal: ime event seq=183 elapsed_ms=27732 event_kind="InputModeObserved"
2026-09-21T03:28:03.406813Z  INFO awase_windows::runtime::ime_refresh: [mode-key-follow] observation arrived after mode key pass: intents invalidated
2026-09-21T03:28:03.472740Z DEBUG awase_windows::runtime::ime_refresh: Explicit intent: bypassing typing-idle guard for IME verify (idle=140ms)
2026-09-21T03:28:03.472803Z DEBUG awase_windows::observer::ime_observer: IME snapshot: japanese=Some(true) ime_on=Some(true) romaji=Some(true) conv=Some("0x00000019") guard=false
2026-09-21T03:28:03.472883Z DEBUG awase::journal: ime event seq=184 elapsed_ms=27798 event_kind="ObserverReported"
2026-09-21T03:28:03.472916Z DEBUG awase::journal: ime event seq=185 elapsed_ms=27798 event_kind="InputModeObserved"
2026-09-21T03:28:03.472936Z  INFO awase_windows::runtime::ime_refresh: [mode-key-follow] observation arrived after mode key pass: intents invalidated
2026-09-21T03:28:03.535983Z DEBUG awase_windows::runtime::ime_refresh: Skipping observer/SSOT write: typing active (idle=203ms)
2026-09-21T03:28:04.032027Z DEBUG awase_windows::observer::ime_observer: IME snapshot: japanese=Some(true) ime_on=Some(true) romaji=Some(true) conv=Some("0x00000019") guard=false
2026-09-21T03:28:04.032107Z DEBUG awase::journal: ime event seq=186 elapsed_ms=28357 event_kind="ObserverReported"
2026-09-21T03:28:04.032141Z DEBUG awase::journal: ime event seq=187 elapsed_ms=28357 event_kind="InputModeObserved"
2026-09-21T03:28:04.534336Z DEBUG awase_windows::observer::ime_observer: IME snapshot: japanese=Some(true) ime_on=Some(true) romaji=Some(true) conv=Some("0x00000019") guard=false
2026-09-21T03:28:04.534398Z DEBUG awase::journal: ime event seq=188 elapsed_ms=28859 event_kind="ObserverReported"
2026-09-21T03:28:04.534420Z DEBUG awase::journal: ime event seq=189 elapsed_ms=28859 event_kind="InputModeObserved"
2026-09-21T03:28:05.031576Z DEBUG awase_windows::observer::ime_observer: IME snapshot: japanese=Some(true) ime_on=Some(true) romaji=Some(true) conv=Some("0x00000019") guard=false
2026-09-21T03:28:05.031653Z DEBUG awase::journal: ime event seq=190 elapsed_ms=29357 event_kind="ObserverReported"
2026-09-21T03:28:05.031676Z DEBUG awase::journal: ime event seq=191 elapsed_ms=29357 event_kind="InputModeObserved"
2026-09-21T03:28:05.137141Z DEBUG awase_windows::hook: [hook] IME-mode vk=0xF2 down self_injected=false injected=false scan=0x70 extra=0x5350494B since_actuation_us=Some(18044868)
2026-09-21T03:28:05.137268Z DEBUG awase::journal: hook ime-mode diagnostic seq=192 elapsed_ms=29462 vk_code=242 is_down=true self_injected=false injected=false scan=112
2026-09-21T03:28:05.137447Z DEBUG awase_windows::runtime::key_pipeline: [engine-input] vk=0xF2 KeyDown ts=29461782us delay=0ms state=Idle mods(c=false s=false a=false w=false) gas_ctrl=false phys_ctrl=false extra=0x5350494B pending_drain=0 gate_active=false l_thumb=None r_thumb=None [diag-ctx] ime_o
2026-09-21T03:28:05.137564Z DEBUG awase::journal: key input seq=193 elapsed_ms=29463 vk_code=242 is_down=true injected=false key_class="Passthrough" state_before="Idle" state_after="Idle" decision="PassThrough" physical="Allow" repeat_count=1 last_timestamp_us=29461782 last_elapsed_ms=0
2026-09-21T03:28:05.137638Z DEBUG awase_windows::runtime::key_pipeline: may_change_ime key passed through → IME refresh scheduled (20ms)
2026-09-21T03:28:05.137681Z  INFO awase_windows::runtime::key_pipeline: [mode-key-follow] mode key PassThrough(vk=0xF2): IME refresh scheduled (20ms)
2026-09-21T03:28:05.138645Z  INFO awase_windows::runtime::key_pipeline: [key-effect-predict] vk=0xF2 status=Pre open=None mode=Some(ObservedEisu)
2026-09-21T03:28:05.138719Z DEBUG awase::journal: ime event seq=194 elapsed_ms=29464 event_kind="KeyEffectPredicted"
2026-09-21T03:28:05.138784Z DEBUG awase::engine::engine: [diag-engine-active] ime_on=true なのに非活性: reason=Inactive(NotRomajiInput) romaji_capable=false japanese=true user_enabled=true was_active=true input_mode=ObservedEisu
2026-09-21T03:28:05.138828Z  INFO awase::engine::engine: Engine deactivated (ime=true, romaji=false, japanese=true, user=true, reason=Inactive(NotRomajiInput))
2026-09-21T03:28:05.140212Z DEBUG execute_from_hook: awase_windows::runtime::executor: [relay-passthrough] PassThrough idle: direct OS pass-through (vk=0xf2 down)
2026-09-21T03:28:05.140303Z DEBUG execute_one{generation=None}: awase_windows::runtime::executor: [reinject] vk=0xf2 down (queued passthrough now firing)
2026-09-21T03:28:05.140435Z DEBUG awase_windows::hook: [hook] IME-mode vk=0xF2 down self_injected=true injected=true scan=0x0 extra=0x4B45594D since_actuation_us=Some(18048175)
2026-09-21T03:28:05.142119Z DEBUG awase::journal: hook ime-mode diagnostic seq=195 elapsed_ms=29467 vk_code=242 is_down=true self_injected=true injected=true scan=0
2026-09-21T03:28:05.151476Z DEBUG awase_windows::tsf::gji_monitor: [gji-io] WRITE: w_ops=+2 w_KB=+0.0 (r_ops=+4 x_ops=+4 x_KB=+0.0)
2026-09-21T03:28:05.170192Z DEBUG awase_windows::runtime::ime_refresh: Explicit intent: bypassing typing-idle guard for IME verify (idle=31ms)
2026-09-21T03:28:05.170253Z DEBUG awase_windows::observer::ime_observer: IME snapshot: japanese=Some(true) ime_on=Some(true) romaji=None conv=Some("0x00000010") guard=false
2026-09-21T03:28:05.170342Z DEBUG awase::journal: ime event seq=196 elapsed_ms=29495 event_kind="ObserverReported"
2026-09-21T03:28:05.170396Z DEBUG awase::journal: ime event seq=197 elapsed_ms=29495 event_kind="ModeKeyPassedThrough"
2026-09-21T03:28:05.170421Z  INFO awase_windows::runtime::ime_refresh: [mode-key-follow] observation arrived after mode key pass: intents invalidated
2026-09-21T03:28:05.170496Z DEBUG awase::engine::engine: [diag-engine-active] ime_on=true なのに非活性: reason=Inactive(NotRomajiInput) romaji_capable=false japanese=true user_enabled=true was_active=false input_mode=ObservedEisu
2026-09-21T03:28:05.233483Z DEBUG awase_windows::runtime::ime_refresh: Explicit intent: bypassing typing-idle guard for IME verify (idle=94ms)
2026-09-21T03:28:05.233561Z DEBUG awase_windows::observer::ime_observer: IME snapshot: japanese=Some(true) ime_on=Some(true) romaji=None conv=Some("0x00000010") guard=false
2026-09-21T03:28:05.233688Z DEBUG awase::journal: ime event seq=198 elapsed_ms=29559 event_kind="ObserverReported"
2026-09-21T03:28:05.233739Z  INFO awase_windows::runtime::ime_refresh: [mode-key-follow] observation arrived after mode key pass: intents invalidated
2026-09-21T03:28:05.233839Z DEBUG awase::engine::engine: [diag-engine-active] ime_on=true なのに非活性: reason=Inactive(NotRomajiInput) romaji_capable=false japanese=true user_enabled=true was_active=false input_mode=ObservedEisu
2026-09-21T03:28:05.294721Z DEBUG awase_windows::runtime::ime_refresh: Explicit intent: bypassing typing-idle guard for IME verify (idle=156ms)
2026-09-21T03:28:05.294782Z DEBUG awase_windows::observer::ime_observer: IME snapshot: japanese=Some(true) ime_on=Some(true) romaji=None conv=Some("0x00000010") guard=false
2026-09-21T03:28:05.294924Z DEBUG awase::journal: ime event seq=199 elapsed_ms=29620 event_kind="ObserverReported"
2026-09-21T03:28:05.294961Z  INFO awase_windows::runtime::ime_refresh: [mode-key-follow] observation arrived after mode key pass: intents invalidated
2026-09-21T03:28:05.295045Z DEBUG awase::engine::engine: [diag-engine-active] ime_on=true なのに非活性: reason=Inactive(NotRomajiInput) romaji_capable=false japanese=true user_enabled=true was_active=false input_mode=ObservedEisu
2026-09-21T03:28:05.356640Z DEBUG awase_windows::runtime::ime_refresh: Explicit intent: bypassing typing-idle guard for IME verify (idle=219ms)
2026-09-21T03:28:05.356671Z DEBUG awase_windows::observer::ime_observer: IME snapshot: japanese=Some(true) ime_on=Some(true) romaji=None conv=Some("0x00000010") guard=false
2026-09-21T03:28:05.356709Z DEBUG awase::journal: ime event seq=200 elapsed_ms=29682 event_kind="ObserverReported"
2026-09-21T03:28:05.356723Z  INFO awase_windows::runtime::ime_refresh: [mode-key-follow] observation arrived after mode key pass: intents invalidated
2026-09-21T03:28:05.356756Z DEBUG awase::engine::engine: [diag-engine-active] ime_on=true なのに非活性: reason=Inactive(NotRomajiInput) romaji_capable=false japanese=true user_enabled=true was_active=false input_mode=ObservedEisu
2026-09-21T03:28:05.419028Z DEBUG awase_windows::runtime::ime_refresh: Explicit intent: bypassing typing-idle guard for IME verify (idle=281ms)
2026-09-21T03:28:05.419089Z DEBUG awase_windows::observer::ime_observer: IME snapshot: japanese=Some(true) ime_on=Some(true) romaji=None conv=Some("0x00000010") guard=false
2026-09-21T03:28:05.419183Z DEBUG awase::journal: ime event seq=201 elapsed_ms=29744 event_kind="ObserverReported"
2026-09-21T03:28:05.419220Z  INFO awase_windows::runtime::ime_refresh: [mode-key-follow] observation arrived after mode key pass: intents invalidated
2026-09-21T03:28:05.419292Z DEBUG awase::engine::engine: [diag-engine-active] ime_on=true なのに非活性: reason=Inactive(NotRomajiInput) romaji_capable=false japanese=true user_enabled=true was_active=false input_mode=ObservedEisu
2026-09-21T03:28:05.480905Z DEBUG awase_windows::runtime::ime_refresh: Skipping observer/SSOT write: typing active (idle=344ms)
2026-09-21T03:28:05.480985Z DEBUG awase::engine::engine: [diag-engine-active] ime_on=true なのに非活性: reason=Inactive(NotRomajiInput) romaji_capable=false japanese=true user_enabled=true was_active=false input_mode=ObservedEisu
2026-09-21T03:28:05.987449Z DEBUG awase_windows::observer::ime_observer: IME snapshot: japanese=Some(true) ime_on=Some(true) romaji=None conv=Some("0x00000010") guard=false
2026-09-21T03:28:05.987560Z DEBUG awase::journal: ime event seq=202 elapsed_ms=30313 event_kind="ObserverReported"
2026-09-21T03:28:05.987646Z DEBUG awase::engine::engine: [diag-engine-active] ime_on=true なのに非活性: reason=Inactive(NotRomajiInput) romaji_capable=false japanese=true user_enabled=true was_active=false input_mode=ObservedEisu
2026-09-21T03:28:06.490376Z DEBUG awase_windows::observer::ime_observer: IME snapshot: japanese=Some(true) ime_on=Some(true) romaji=None conv=Some("0x00000010") guard=false
2026-09-21T03:28:06.490444Z DEBUG awase::journal: ime event seq=203 elapsed_ms=30815 event_kind="ObserverReported"
2026-09-21T03:28:06.490509Z DEBUG awase::engine::engine: [diag-engine-active] ime_on=true なのに非活性: reason=Inactive(NotRomajiInput) romaji_capable=false japanese=true user_enabled=true was_active=false input_mode=ObservedEisu
2026-09-21T03:28:07.000330Z DEBUG awase_windows::observer::ime_observer: IME snapshot: japanese=Some(true) ime_on=Some(true) romaji=None conv=Some("0x00000010") guard=false
2026-09-21T03:28:07.000411Z DEBUG awase::journal: ime event seq=204 elapsed_ms=31325 event_kind="ObserverReported"
2026-09-21T03:28:07.000480Z DEBUG awase::engine::engine: [diag-engine-active] ime_on=true なのに非活性: reason=Inactive(NotRomajiInput) romaji_capable=false japanese=true user_enabled=true was_active=false input_mode=ObservedEisu
2026-09-21T03:28:07.078335Z DEBUG awase_windows::runtime::key_pipeline: [engine-input] vk=0x1B KeyDown ts=31402547us delay=0ms state=Idle mods(c=false s=false a=false w=false) gas_ctrl=false phys_ctrl=false extra=0x5350494B pending_drain=0 gate_active=false l_thumb=None r_thumb=None [diag-ctx] ime_o
2026-09-21T03:28:07.078402Z DEBUG awase::engine::engine: [diag-engine-active] ime_on=true なのに非活性: reason=Inactive(NotRomajiInput) romaji_capable=false japanese=true user_enabled=true was_active=false input_mode=ObservedEisu
2026-09-21T03:28:07.078494Z DEBUG awase::journal: key input seq=205 elapsed_ms=31404 vk_code=27 is_down=true injected=false key_class="Passthrough" state_before="Idle" state_after="Idle" decision="PassThrough" physical="Allow" repeat_count=1 last_timestamp_us=31402547 last_elapsed_ms=0
2026-09-21T03:28:07.078618Z DEBUG execute_from_hook: awase_windows::runtime::executor: [relay-passthrough] PassThrough idle: direct OS pass-through (vk=0x1b down)
2026-09-21T03:28:07.078710Z DEBUG execute_one{generation=None}: awase_windows::runtime::executor: [reinject] vk=0x1b down (queued passthrough now firing)
2026-09-21T03:28:07.092580Z DEBUG awase_windows::tsf::gji_monitor: [gji-io] WRITE: w_ops=+1 w_KB=+0.0 (r_ops=+2 x_ops=+2 x_KB=+0.0)
2026-09-21T03:28:07.202019Z DEBUG awase_windows::runtime::key_pipeline: [engine-input] vk=0x1B KeyUp ts=31526310us delay=0ms state=Idle mods(c=false s=false a=false w=false) gas_ctrl=false phys_ctrl=false extra=0x5350494B pending_drain=0 gate_active=false l_thumb=None r_thumb=None [diag-ctx] ime_on=
2026-09-21T03:28:07.202061Z DEBUG awase::engine::engine: [diag-engine-active] ime_on=true なのに非活性: reason=Inactive(NotRomajiInput) romaji_capable=false japanese=true user_enabled=true was_active=false input_mode=ObservedEisu
2026-09-21T03:28:07.202123Z DEBUG awase::journal: key input seq=206 elapsed_ms=31527 vk_code=27 is_down=false injected=false key_class="Passthrough" state_before="Idle" state_after="Idle" decision="PassThrough" physical="Allow" repeat_count=1 last_timestamp_us=31526310 last_elapsed_ms=0
2026-09-21T03:28:07.202257Z DEBUG execute_from_hook: awase_windows::runtime::executor: [relay-passthrough] PassThrough idle: direct OS pass-through (vk=0x1b up)
2026-09-21T03:28:07.202341Z DEBUG execute_one{generation=None}: awase_windows::runtime::executor: [reinject] vk=0x1b up (queued passthrough now firing)
2026-09-21T03:28:07.506494Z DEBUG awase_windows::runtime::ime_refresh: Skipping observer/SSOT write: typing active (idle=312ms)
2026-09-21T03:28:07.506592Z DEBUG awase::engine::engine: [diag-engine-active] ime_on=true なのに非活性: reason=Inactive(NotRomajiInput) romaji_capable=false japanese=true user_enabled=true was_active=false input_mode=ObservedEisu
2026-09-21T03:28:08.021137Z DEBUG awase_windows::observer::ime_observer: IME snapshot: japanese=Some(true) ime_on=Some(true) romaji=None conv=Some("0x00000010") guard=false
2026-09-21T03:28:08.021205Z DEBUG awase::journal: ime event seq=207 elapsed_ms=32346 event_kind="ObserverReported"
2026-09-21T03:28:08.021314Z DEBUG awase::engine::engine: [diag-engine-active] ime_on=true なのに非活性: reason=Inactive(NotRomajiInput) romaji_capable=false japanese=true user_enabled=true was_active=false input_mode=ObservedEisu
2026-09-21T03:28:08.532256Z DEBUG awase_windows::observer::ime_observer: IME snapshot: japanese=Some(true) ime_on=Some(true) romaji=None conv=Some("0x00000010") guard=false
2026-09-21T03:28:08.532376Z DEBUG awase::journal: ime event seq=208 elapsed_ms=32857 event_kind="ObserverReported"
2026-09-21T03:28:08.532475Z DEBUG awase::engine::engine: [diag-engine-active] ime_on=true なのに非活性: reason=Inactive(NotRomajiInput) romaji_capable=false japanese=true user_enabled=true was_active=false input_mode=ObservedEisu
2026-09-21T03:28:09.010930Z DEBUG awase_windows::hook: [hook] IME-mode vk=0xF0 up self_injected=false injected=false scan=0x70 extra=0x5350494B since_actuation_us=Some(21918635)
2026-09-21T03:28:09.011169Z DEBUG awase::journal: hook ime-mode diagnostic seq=209 elapsed_ms=33336 vk_code=240 is_down=false self_injected=false injected=false scan=112
2026-09-21T03:28:09.011300Z DEBUG awase_windows::hook: [hook] IME-mode vk=0xF2 down self_injected=false injected=false scan=0x70 extra=0x5350494B since_actuation_us=Some(21919037)
2026-09-21T03:28:09.011498Z DEBUG awase_windows::runtime::key_pipeline: [engine-input] vk=0xF0 KeyUp ts=33335686us delay=0ms state=Idle mods(c=false s=false a=false w=false) gas_ctrl=false phys_ctrl=false extra=0x5350494B pending_drain=0 gate_active=false l_thumb=None r_thumb=None [diag-ctx] ime_on=
2026-09-21T03:28:09.011553Z DEBUG awase::engine::engine: [diag-engine-active] ime_on=true なのに非活性: reason=Inactive(NotRomajiInput) romaji_capable=false japanese=true user_enabled=true was_active=false input_mode=ObservedEisu
2026-09-21T03:28:09.011645Z DEBUG awase::journal: key input seq=210 elapsed_ms=33337 vk_code=240 is_down=false injected=false key_class="Passthrough" state_before="Idle" state_after="Idle" decision="PassThrough" physical="Allow" repeat_count=1 last_timestamp_us=33335686 last_elapsed_ms=0
2026-09-21T03:28:09.011834Z DEBUG execute_from_hook: awase_windows::runtime::executor: [relay-passthrough] PassThrough idle: direct OS pass-through (vk=0xf0 up)
2026-09-21T03:28:09.011937Z DEBUG awase::journal: hook ime-mode diagnostic seq=211 elapsed_ms=33337 vk_code=242 is_down=true self_injected=false injected=false scan=112
2026-09-21T03:28:09.012127Z DEBUG awase_windows::runtime::key_pipeline: [engine-input] vk=0xF2 KeyDown ts=33335878us delay=0ms state=Idle mods(c=false s=false a=false w=false) gas_ctrl=false phys_ctrl=false extra=0x5350494B pending_drain=0 gate_active=false l_thumb=None r_thumb=None [diag-ctx] ime_o
2026-09-21T03:28:09.012171Z DEBUG awase::engine::engine: [diag-engine-active] ime_on=true なのに非活性: reason=Inactive(NotRomajiInput) romaji_capable=false japanese=true user_enabled=true was_active=false input_mode=ObservedEisu
2026-09-21T03:28:09.012299Z DEBUG awase::journal: key input seq=212 elapsed_ms=33337 vk_code=242 is_down=true injected=false key_class="Passthrough" state_before="Idle" state_after="Idle" decision="PassThrough" physical="Allow" repeat_count=1 last_timestamp_us=33335878 last_elapsed_ms=0
2026-09-21T03:28:09.012388Z DEBUG awase_windows::runtime::key_pipeline: may_change_ime key passed through → IME refresh scheduled (20ms)
2026-09-21T03:28:09.012438Z  INFO awase_windows::runtime::key_pipeline: [mode-key-follow] mode key PassThrough(vk=0xF2): IME refresh scheduled (20ms)
2026-09-21T03:28:09.013461Z  INFO awase_windows::runtime::key_pipeline: [key-effect-predict] vk=0xF2 status=Pre open=None mode=Some(AssumedRomaji { reason: KeyEffectPrediction })
2026-09-21T03:28:09.013562Z DEBUG awase::journal: ime event seq=213 elapsed_ms=33339 event_kind="KeyEffectPredicted"
2026-09-21T03:28:09.013634Z  INFO awase::engine::engine: Engine activated (ime=true, romaji=true, japanese=true, user=true, reason=Active)
2026-09-21T03:28:09.013778Z DEBUG execute_from_loop:execute_one{generation=None}:dispatch_ime_set_open{open=true generation=None}: awase_windows::runtime::executor: [dispatch-ime] ImmCross async: optimistic applied_snapshot=true (suppress send_engine_state_ime_key)
2026-09-21T03:28:09.015508Z DEBUG execute_from_loop:execute_one{generation=None}: awase_windows::platform: [engine-state-key] suppressed (polling/focus-triggered, enabled=true)
2026-09-21T03:28:09.015694Z DEBUG execute_from_hook: awase_windows::runtime::transport: [relay-defer] PassThrough deferred: pending effects, reinject(vk=0xf2 down)
2026-09-21T03:28:09.015780Z DEBUG execute_one{generation=None}: awase_windows::runtime::executor: [reinject] vk=0xf0 up (queued passthrough now firing)
2026-09-21T03:28:09.015820Z DEBUG execute_one{generation=None}: awase_windows::runtime::executor: [reinject] vk=0xf2 down (queued passthrough now firing)
2026-09-21T03:28:09.016169Z DEBUG awase_windows::hook: [hook] IME-mode vk=0xF0 up self_injected=true injected=false scan=0x0 extra=0x4B45594D since_actuation_us=Some(21923899)
2026-09-21T03:28:09.018126Z DEBUG awase_windows::hook: [hook] IME-mode vk=0xF2 down self_injected=true injected=true scan=0x0 extra=0x4B45594D since_actuation_us=Some(21925593)
2026-09-21T03:28:09.019559Z DEBUG awase::journal: hook ime-mode diagnostic seq=214 elapsed_ms=33345 vk_code=240 is_down=false self_injected=true injected=false scan=0
2026-09-21T03:28:09.019613Z DEBUG awase::journal: hook ime-mode diagnostic seq=215 elapsed_ms=33345 vk_code=242 is_down=true self_injected=true injected=true scan=0
2026-09-21T03:28:09.021594Z DEBUG run_open_chain_async: awase_windows::ime_controller: [warrant-shadow] chain=async open=true origin=EventOrigin { source: SelfActuated { strategy: "engine_decision_async" }, epoch: Generation(0) } warranted
2026-09-21T03:28:09.022305Z  INFO run_open_chain_async:imm_cross_write{open=true}: awase_windows::runtime::open_chain: [apply-ime] ImmCross async: open=true composition_active=false show_seq=0 change_seq=0 (issue #138診断)
2026-09-21T03:28:09.026184Z DEBUG awase_windows::tsf::gji_monitor: [gji-io] WRITE: w_ops=+2 w_KB=+0.0 (r_ops=+4 x_ops=+4 x_KB=+0.0)
2026-09-21T03:28:09.027383Z DEBUG awase_windows::shadow_send_trace: [shadow-send] channel=ImeControl cmd=0x0006 lparam=1 issue_us=33351595
2026-09-21T03:28:09.027400Z DEBUG awase_windows::ime: set_ime_open_for_target: hwnd=HWND(0x3a083a) ime_wnd=HWND(0xa0912) open=true success=true send_elapsed=0ms candidate_visible=false
2026-09-21T03:28:09.027865Z DEBUG run_open_chain_async:imm_cross_write{open=true}: awase_windows::ime: [imm-cross-actuate] hwnd=HWND(0x3a083a) open=Written conv=Some(Written)
2026-09-21T03:28:09.027912Z DEBUG run_open_chain_async:imm_cross_write{open=true}: awase_windows::runtime::open_chain: [apply-ime] ROMAN 補完結果: Written
2026-09-21T03:28:09.027987Z DEBUG run_open_chain_async: awase::journal: actuation decision seq=216 elapsed_ms=33353 site="DispatchImeSetOpen" caller="None" open=true chain_len=4 attempts_len=1 gate_profile="Standard" gate_kind="Gji" gate_shadow_known=true gate_shadow_on=true gate_input_mode="Assumed
2026-09-21T03:28:09.028149Z DEBUG on_ime_apply_complete{open=true outcome=AppliedWithoutSendInput generation=None reason=EngineDecision}: awase::journal: ime open applied seq=217 elapsed_ms=33353 open=true outcome="AppliedWithoutSendInput" reason="EngineDecision"
2026-09-21T03:28:09.028228Z DEBUG on_ime_apply_complete{open=true outcome=AppliedWithoutSendInput generation=None reason=EngineDecision}: awase_windows::tsf::ime_mode_fsm: [ime-mode] SetOpen(true) applied → Hiragana (belief, unconfirmed)
2026-09-21T03:28:09.028256Z DEBUG on_ime_apply_complete{open=true outcome=AppliedWithoutSendInput generation=None reason=EngineDecision}: awase_windows::platform: [composition] ImeEffect::SetOpen(true) → marking cold
2026-09-21T03:28:09.028279Z DEBUG on_ime_apply_complete{open=true outcome=AppliedWithoutSendInput generation=None reason=EngineDecision}: awase_windows::tsf::probe: [composition] marked cold reason=SetOpenTrue idle=7703ms → next VK/TSF output will send VK_DBE_HIRAGANA warmup
2026-09-21T03:28:09.028334Z DEBUG on_ime_apply_complete{open=true outcome=AppliedWithoutSendInput generation=None reason=EngineDecision}:gji_on_event{event=ImeOn { injection_mode: Unicode, gji_idle_ms: 0 }}: awase_windows::tsf::gji_fsm: [gji-fsm] ImeOn: already on (OnWarm), ignored
2026-09-21T03:28:09.028443Z DEBUG awase::journal: gji fsm transition seq=218 elapsed_ms=33353 trigger="ImeOn(gji_idle_ms=0)" state_before="OnWarm" state_after="OnWarm"
2026-09-21T03:28:09.059475Z DEBUG awase_windows::runtime::ime_refresh: Explicit intent: bypassing typing-idle guard for IME verify (idle=47ms)
2026-09-21T03:28:09.059533Z DEBUG awase_windows::observer::ime_observer: IME snapshot: japanese=Some(true) ime_on=Some(true) romaji=Some(true) conv=Some("0x00000019") guard=false
2026-09-21T03:28:09.059622Z DEBUG awase::journal: ime event seq=219 elapsed_ms=33385 event_kind="ObserverReported"
2026-09-21T03:28:09.059660Z DEBUG reduce: awase_windows::state::ime_model: [key-effect-fence] axis=mode stale observation ignored: observed=ObservedRomaji predicted=AssumedRomaji { reason: KeyEffectPrediction } age_ms=47
2026-09-21T03:28:09.059697Z DEBUG awase::journal: ime event seq=220 elapsed_ms=33385 event_kind="InputModeObserved"
2026-09-21T03:28:09.059746Z DEBUG awase::journal: ime event seq=221 elapsed_ms=33385 event_kind="ModeKeyPassedThrough"
2026-09-21T03:28:09.059770Z  INFO awase_windows::runtime::ime_refresh: [mode-key-follow] observation arrived after mode key pass: intents invalidated
2026-09-21T03:28:09.122010Z DEBUG awase_windows::runtime::ime_refresh: Explicit intent: bypassing typing-idle guard for IME verify (idle=109ms)
2026-09-21T03:28:09.122068Z DEBUG awase_windows::observer::ime_observer: IME snapshot: japanese=Some(true) ime_on=Some(true) romaji=Some(true) conv=Some("0x00000019") guard=false
2026-09-21T03:28:09.122154Z DEBUG awase::journal: ime event seq=222 elapsed_ms=33447 event_kind="ObserverReported"
2026-09-21T03:28:09.122192Z DEBUG reduce: awase_windows::state::ime_model: [key-effect-confirmed] axis=mode value=ObservedRomaji
2026-09-21T03:28:09.122225Z DEBUG awase::journal: ime event seq=223 elapsed_ms=33447 event_kind="InputModeObserved"
2026-09-21T03:28:09.122254Z  INFO awase_windows::runtime::ime_refresh: [mode-key-follow] observation arrived after mode key pass: intents invalidated
2026-09-21T03:28:09.184512Z DEBUG awase_windows::runtime::ime_refresh: Explicit intent: bypassing typing-idle guard for IME verify (idle=172ms)
2026-09-21T03:28:09.184568Z DEBUG awase_windows::observer::ime_observer: IME snapshot: japanese=Some(true) ime_on=Some(true) romaji=Some(true) conv=Some("0x00000019") guard=false
2026-09-21T03:28:09.184651Z DEBUG awase::journal: ime event seq=224 elapsed_ms=33510 event_kind="ObserverReported"
2026-09-21T03:28:09.184684Z DEBUG awase::journal: ime event seq=225 elapsed_ms=33510 event_kind="InputModeObserved"
2026-09-21T03:28:09.184711Z  INFO awase_windows::runtime::ime_refresh: [mode-key-follow] observation arrived after mode key pass: intents invalidated
2026-09-21T03:28:09.244971Z DEBUG awase_windows::runtime::ime_refresh: Explicit intent: bypassing typing-idle guard for IME verify (idle=234ms)
2026-09-21T03:28:09.245070Z DEBUG awase_windows::observer::ime_observer: IME snapshot: japanese=Some(true) ime_on=Some(true) romaji=Some(true) conv=Some("0x00000019") guard=false
2026-09-21T03:28:09.245157Z DEBUG awase::journal: ime event seq=226 elapsed_ms=33570 event_kind="ObserverReported"
2026-09-21T03:28:09.245191Z DEBUG awase::journal: ime event seq=227 elapsed_ms=33570 event_kind="InputModeObserved"
2026-09-21T03:28:09.245219Z  INFO awase_windows::runtime::ime_refresh: [mode-key-follow] observation arrived after mode key pass: intents invalidated
2026-09-21T03:28:09.309540Z DEBUG awase_windows::runtime::ime_refresh: Explicit intent: bypassing typing-idle guard for IME verify (idle=297ms)
2026-09-21T03:28:09.309587Z DEBUG awase_windows::observer::ime_observer: IME snapshot: japanese=Some(true) ime_on=Some(true) romaji=Some(true) conv=Some("0x00000019") guard=false
2026-09-21T03:28:09.309648Z DEBUG awase::journal: ime event seq=228 elapsed_ms=33635 event_kind="ObserverReported"
2026-09-21T03:28:09.309676Z DEBUG awase::journal: ime event seq=229 elapsed_ms=33635 event_kind="InputModeObserved"
2026-09-21T03:28:09.309714Z  INFO awase_windows::runtime::ime_refresh: [mode-key-follow] observation arrived after mode key pass: intents invalidated
2026-09-21T03:28:09.371389Z DEBUG awase_windows::runtime::ime_refresh: Skipping observer/SSOT write: typing active (idle=359ms)
2026-09-21T03:28:09.869225Z DEBUG awase_windows::observer::ime_observer: IME snapshot: japanese=Some(true) ime_on=Some(true) romaji=Some(true) conv=Some("0x00000019") guard=false
2026-09-21T03:28:09.869307Z DEBUG awase::journal: ime event seq=230 elapsed_ms=34194 event_kind="ObserverReported"
2026-09-21T03:28:09.869340Z DEBUG awase::journal: ime event seq=231 elapsed_ms=34194 event_kind="InputModeObserved"
2026-09-21T03:28:10.372368Z DEBUG awase_windows::observer::ime_observer: IME snapshot: japanese=Some(true) ime_on=Some(true) romaji=Some(true) conv=Some("0x00000019") guard=false
2026-09-21T03:28:10.372440Z DEBUG awase::journal: ime event seq=232 elapsed_ms=34698 event_kind="ObserverReported"
2026-09-21T03:28:10.372466Z DEBUG awase::journal: ime event seq=233 elapsed_ms=34698 event_kind="InputModeObserved"
2026-09-21T03:28:10.870570Z DEBUG awase_windows::observer::ime_observer: IME snapshot: japanese=Some(true) ime_on=Some(true) romaji=Some(true) conv=Some("0x00000019") guard=false
2026-09-21T03:28:10.870651Z DEBUG awase::journal: ime event seq=234 elapsed_ms=35196 event_kind="ObserverReported"
2026-09-21T03:28:10.870680Z DEBUG awase::journal: ime event seq=235 elapsed_ms=35196 event_kind="InputModeObserved"
2026-09-21T03:28:10.957813Z DEBUG awase_windows::hook: [hook] IME-mode vk=0xF2 down self_injected=false injected=false scan=0x70 extra=0x5350494B since_actuation_us=Some(23865536)
2026-09-21T03:28:10.958004Z DEBUG awase::journal: hook ime-mode diagnostic seq=236 elapsed_ms=35283 vk_code=242 is_down=true self_injected=false injected=false scan=112
2026-09-21T03:28:10.958207Z DEBUG awase_windows::runtime::key_pipeline: [engine-input] vk=0xF2 KeyDown ts=35282459us delay=0ms state=Idle mods(c=false s=false a=false w=false) gas_ctrl=false phys_ctrl=false extra=0x5350494B pending_drain=0 gate_active=false l_thumb=None r_thumb=None [diag-ctx] ime_o
2026-09-21T03:28:10.958312Z DEBUG awase::journal: key input seq=237 elapsed_ms=35283 vk_code=242 is_down=true injected=false key_class="Passthrough" state_before="Idle" state_after="Idle" decision="PassThrough" physical="Allow" repeat_count=1 last_timestamp_us=35282459 last_elapsed_ms=0
2026-09-21T03:28:10.958408Z DEBUG awase_windows::runtime::key_pipeline: may_change_ime key passed through → IME refresh scheduled (20ms)
2026-09-21T03:28:10.958459Z  INFO awase_windows::runtime::key_pipeline: [mode-key-follow] mode key PassThrough(vk=0xF2): IME refresh scheduled (20ms)
2026-09-21T03:28:10.959331Z  INFO awase_windows::runtime::key_pipeline: [key-effect-predict] vk=0xF2 status=Pre open=None mode=Some(ObservedEisu)
2026-09-21T03:28:10.959395Z DEBUG awase::journal: ime event seq=238 elapsed_ms=35285 event_kind="KeyEffectPredicted"
2026-09-21T03:28:10.959472Z DEBUG awase::engine::engine: [diag-engine-active] ime_on=true なのに非活性: reason=Inactive(NotRomajiInput) romaji_capable=false japanese=true user_enabled=true was_active=true input_mode=ObservedEisu
2026-09-21T03:28:10.959521Z  INFO awase::engine::engine: Engine deactivated (ime=true, romaji=false, japanese=true, user=true, reason=Inactive(NotRomajiInput))
2026-09-21T03:28:10.961048Z DEBUG execute_from_hook: awase_windows::runtime::executor: [relay-passthrough] PassThrough idle: direct OS pass-through (vk=0xf2 down)
2026-09-21T03:28:10.961135Z DEBUG execute_one{generation=None}: awase_windows::runtime::executor: [reinject] vk=0xf2 down (queued passthrough now firing)
2026-09-21T03:28:10.961266Z DEBUG awase_windows::hook: [hook] IME-mode vk=0xF2 down self_injected=true injected=true scan=0x0 extra=0x4B45594D since_actuation_us=Some(23869006)
2026-09-21T03:28:10.963174Z DEBUG awase::journal: hook ime-mode diagnostic seq=239 elapsed_ms=35288 vk_code=242 is_down=true self_injected=true injected=true scan=0
2026-09-21T03:28:10.972922Z DEBUG awase_windows::tsf::gji_monitor: [gji-io] WRITE: w_ops=+2 w_KB=+0.0 (r_ops=+4 x_ops=+4 x_KB=+0.0)
2026-09-21T03:28:11.008506Z DEBUG awase_windows::runtime::ime_refresh: Explicit intent: bypassing typing-idle guard for IME verify (idle=47ms)
2026-09-21T03:28:11.008557Z DEBUG awase_windows::observer::ime_observer: IME snapshot: japanese=Some(true) ime_on=Some(true) romaji=None conv=Some("0x00000010") guard=false
2026-09-21T03:28:11.008622Z DEBUG awase::journal: ime event seq=240 elapsed_ms=35334 event_kind="ObserverReported"
2026-09-21T03:28:11.008694Z DEBUG awase::journal: ime event seq=241 elapsed_ms=35334 event_kind="ModeKeyPassedThrough"
2026-09-21T03:28:11.008707Z  INFO awase_windows::runtime::ime_refresh: [mode-key-follow] observation arrived after mode key pass: intents invalidated
2026-09-21T03:28:11.008777Z DEBUG awase::engine::engine: [diag-engine-active] ime_on=true なのに非活性: reason=Inactive(NotRomajiInput) romaji_capable=false japanese=true user_enabled=true was_active=false input_mode=ObservedEisu
2026-09-21T03:28:11.086262Z DEBUG awase_windows::runtime::ime_refresh: Explicit intent: bypassing typing-idle guard for IME verify (idle=125ms)
2026-09-21T03:28:11.086314Z DEBUG awase_windows::observer::ime_observer: IME snapshot: japanese=Some(true) ime_on=Some(true) romaji=None conv=Some("0x00000010") guard=false
2026-09-21T03:28:11.086374Z DEBUG awase::journal: ime event seq=242 elapsed_ms=35412 event_kind="ObserverReported"
2026-09-21T03:28:11.086397Z  INFO awase_windows::runtime::ime_refresh: [mode-key-follow] observation arrived after mode key pass: intents invalidated
2026-09-21T03:28:11.086762Z DEBUG awase::engine::engine: [diag-engine-active] ime_on=true なのに非活性: reason=Inactive(NotRomajiInput) romaji_capable=false japanese=true user_enabled=true was_active=false input_mode=ObservedEisu
2026-09-21T03:28:11.161621Z DEBUG awase_windows::runtime::ime_refresh: Explicit intent: bypassing typing-idle guard for IME verify (idle=203ms)
2026-09-21T03:28:11.161681Z DEBUG awase_windows::observer::ime_observer: IME snapshot: japanese=Some(true) ime_on=Some(true) romaji=None conv=Some("0x00000010") guard=false
2026-09-21T03:28:11.161772Z DEBUG awase::journal: ime event seq=243 elapsed_ms=35487 event_kind="ObserverReported"
2026-09-21T03:28:11.161807Z  INFO awase_windows::runtime::ime_refresh: [mode-key-follow] observation arrived after mode key pass: intents invalidated
2026-09-21T03:28:11.161889Z DEBUG awase::engine::engine: [diag-engine-active] ime_on=true なのに非活性: reason=Inactive(NotRomajiInput) romaji_capable=false japanese=true user_enabled=true was_active=false input_mode=ObservedEisu
2026-09-21T03:28:11.239969Z DEBUG awase_windows::runtime::ime_refresh: Explicit intent: bypassing typing-idle guard for IME verify (idle=281ms)
2026-09-21T03:28:11.240027Z DEBUG awase_windows::observer::ime_observer: IME snapshot: japanese=Some(true) ime_on=Some(true) romaji=None conv=Some("0x00000010") guard=false
2026-09-21T03:28:11.240116Z DEBUG awase::journal: ime event seq=244 elapsed_ms=35565 event_kind="ObserverReported"
2026-09-21T03:28:11.240151Z  INFO awase_windows::runtime::ime_refresh: [mode-key-follow] observation arrived after mode key pass: intents invalidated
2026-09-21T03:28:11.240232Z DEBUG awase::engine::engine: [diag-engine-active] ime_on=true なのに非活性: reason=Inactive(NotRomajiInput) romaji_capable=false japanese=true user_enabled=true was_active=false input_mode=ObservedEisu
2026-09-21T03:28:11.319221Z DEBUG awase_windows::runtime::ime_refresh: Skipping observer/SSOT write: typing active (idle=360ms)
2026-09-21T03:28:11.319342Z DEBUG awase::engine::engine: [diag-engine-active] ime_on=true なのに非活性: reason=Inactive(NotRomajiInput) romaji_capable=false japanese=true user_enabled=true was_active=false input_mode=ObservedEisu
2026-09-21T03:28:11.825265Z DEBUG awase_windows::observer::ime_observer: IME snapshot: japanese=Some(true) ime_on=Some(true) romaji=None conv=Some("0x00000010") guard=false
2026-09-21T03:28:11.825365Z DEBUG awase::journal: ime event seq=245 elapsed_ms=36151 event_kind="ObserverReported"
2026-09-21T03:28:11.825446Z DEBUG awase::engine::engine: [diag-engine-active] ime_on=true なのに非活性: reason=Inactive(NotRomajiInput) romaji_capable=false japanese=true user_enabled=true was_active=false input_mode=ObservedEisu
2026-09-21T03:28:12.328092Z DEBUG awase_windows::observer::ime_observer: IME snapshot: japanese=Some(true) ime_on=Some(true) romaji=None conv=Some("0x00000010") guard=false
2026-09-21T03:28:12.328156Z DEBUG awase::journal: ime event seq=246 elapsed_ms=36653 event_kind="ObserverReported"
2026-09-21T03:28:12.328216Z DEBUG awase::engine::engine: [diag-engine-active] ime_on=true なのに非活性: reason=Inactive(NotRomajiInput) romaji_capable=false japanese=true user_enabled=true was_active=false input_mode=ObservedEisu
2026-09-21T03:28:12.828205Z DEBUG awase_windows::observer::ime_observer: IME snapshot: japanese=Some(true) ime_on=Some(true) romaji=None conv=Some("0x00000010") guard=false
2026-09-21T03:28:12.828288Z DEBUG awase::journal: ime event seq=247 elapsed_ms=37153 event_kind="ObserverReported"
2026-09-21T03:28:12.828353Z DEBUG awase::engine::engine: [diag-engine-active] ime_on=true なのに非活性: reason=Inactive(NotRomajiInput) romaji_capable=false japanese=true user_enabled=true was_active=false input_mode=ObservedEisu
2026-09-21T03:28:12.905751Z DEBUG awase_windows::hook: [hook] IME-mode vk=0xF0 up self_injected=false injected=false scan=0x70 extra=0x5350494B since_actuation_us=Some(25813475)
2026-09-21T03:28:12.905929Z DEBUG awase::journal: hook ime-mode diagnostic seq=248 elapsed_ms=37231 vk_code=240 is_down=false self_injected=false injected=false scan=112
2026-09-21T03:28:12.906086Z DEBUG awase_windows::hook: [hook] IME-mode vk=0xF2 down self_injected=false injected=false scan=0x70 extra=0x5350494B since_actuation_us=Some(25813825)
2026-09-21T03:28:12.906111Z DEBUG awase_windows::runtime::key_pipeline: [engine-input] vk=0xF0 KeyUp ts=37230377us delay=0ms state=Idle mods(c=false s=false a=false w=false) gas_ctrl=false phys_ctrl=false extra=0x5350494B pending_drain=0 gate_active=false l_thumb=None r_thumb=None [diag-ctx] ime_on=
2026-09-21T03:28:12.906145Z DEBUG awase::engine::engine: [diag-engine-active] ime_on=true なのに非活性: reason=Inactive(NotRomajiInput) romaji_capable=false japanese=true user_enabled=true was_active=false input_mode=ObservedEisu
2026-09-21T03:28:12.906208Z DEBUG awase::journal: key input seq=249 elapsed_ms=37231 vk_code=240 is_down=false injected=false key_class="Passthrough" state_before="Idle" state_after="Idle" decision="PassThrough" physical="Allow" repeat_count=1 last_timestamp_us=37230377 last_elapsed_ms=0
2026-09-21T03:28:12.906359Z DEBUG execute_from_hook: awase_windows::runtime::executor: [relay-passthrough] PassThrough idle: direct OS pass-through (vk=0xf0 up)
2026-09-21T03:28:12.906425Z DEBUG awase::journal: hook ime-mode diagnostic seq=250 elapsed_ms=37232 vk_code=242 is_down=true self_injected=false injected=false scan=112
2026-09-21T03:28:12.906511Z DEBUG awase_windows::runtime::key_pipeline: [engine-input] vk=0xF2 KeyDown ts=37230652us delay=0ms state=Idle mods(c=false s=false a=false w=false) gas_ctrl=false phys_ctrl=false extra=0x5350494B pending_drain=0 gate_active=false l_thumb=None r_thumb=None [diag-ctx] ime_o
2026-09-21T03:28:12.906547Z DEBUG awase::engine::engine: [diag-engine-active] ime_on=true なのに非活性: reason=Inactive(NotRomajiInput) romaji_capable=false japanese=true user_enabled=true was_active=false input_mode=ObservedEisu
2026-09-21T03:28:12.906601Z DEBUG awase::journal: key input seq=251 elapsed_ms=37232 vk_code=242 is_down=true injected=false key_class="Passthrough" state_before="Idle" state_after="Idle" decision="PassThrough" physical="Allow" repeat_count=1 last_timestamp_us=37230652 last_elapsed_ms=0
2026-09-21T03:28:12.906671Z DEBUG awase_windows::runtime::key_pipeline: may_change_ime key passed through → IME refresh scheduled (20ms)
2026-09-21T03:28:12.906717Z  INFO awase_windows::runtime::key_pipeline: [mode-key-follow] mode key PassThrough(vk=0xF2): IME refresh scheduled (20ms)
2026-09-21T03:28:12.907479Z  INFO awase_windows::runtime::key_pipeline: [key-effect-predict] vk=0xF2 status=Pre open=None mode=Some(AssumedRomaji { reason: KeyEffectPrediction })
2026-09-21T03:28:12.907553Z DEBUG awase::journal: ime event seq=252 elapsed_ms=37233 event_kind="KeyEffectPredicted"
2026-09-21T03:28:12.907608Z  INFO awase::engine::engine: Engine activated (ime=true, romaji=true, japanese=true, user=true, reason=Active)
2026-09-21T03:28:12.907744Z DEBUG execute_from_loop:execute_one{generation=None}:dispatch_ime_set_open{open=true generation=None}: awase_windows::runtime::executor: [dispatch-ime] ImmCross async: optimistic applied_snapshot=true (suppress send_engine_state_ime_key)
2026-09-21T03:28:12.909017Z DEBUG execute_from_loop:execute_one{generation=None}: awase_windows::platform: [engine-state-key] suppressed (polling/focus-triggered, enabled=true)
2026-09-21T03:28:12.909169Z DEBUG execute_from_hook: awase_windows::runtime::transport: [relay-defer] PassThrough deferred: pending effects, reinject(vk=0xf2 down)
2026-09-21T03:28:12.909262Z DEBUG execute_one{generation=None}: awase_windows::runtime::executor: [reinject] vk=0xf0 up (queued passthrough now firing)
2026-09-21T03:28:12.909319Z DEBUG execute_one{generation=None}: awase_windows::runtime::executor: [reinject] vk=0xf2 down (queued passthrough now firing)
2026-09-21T03:28:12.909568Z DEBUG awase_windows::hook: [hook] IME-mode vk=0xF0 up self_injected=true injected=false scan=0x0 extra=0x4B45594D since_actuation_us=Some(25817307)
2026-09-21T03:28:12.912940Z DEBUG awase_windows::hook: [hook] IME-mode vk=0xF2 down self_injected=true injected=true scan=0x0 extra=0x4B45594D since_actuation_us=Some(25820675)
2026-09-21T03:28:12.913704Z DEBUG awase::journal: hook ime-mode diagnostic seq=253 elapsed_ms=37239 vk_code=240 is_down=false self_injected=true injected=false scan=0
2026-09-21T03:28:12.913737Z DEBUG awase::journal: hook ime-mode diagnostic seq=254 elapsed_ms=37239 vk_code=242 is_down=true self_injected=true injected=true scan=0
2026-09-21T03:28:12.913878Z DEBUG run_open_chain_async: awase_windows::ime_controller: [warrant-shadow] chain=async open=true origin=EventOrigin { source: SelfActuated { strategy: "engine_decision_async" }, epoch: Generation(0) } warranted
2026-09-21T03:28:12.913948Z  INFO run_open_chain_async:imm_cross_write{open=true}: awase_windows::runtime::open_chain: [apply-ime] ImmCross async: open=true composition_active=false show_seq=0 change_seq=0 (issue #138診断)
2026-09-21T03:28:12.915783Z DEBUG awase_windows::shadow_send_trace: [shadow-send] channel=ImeControl cmd=0x0006 lparam=1 issue_us=37240123
2026-09-21T03:28:12.915799Z DEBUG awase_windows::ime: set_ime_open_for_target: hwnd=HWND(0x3a083a) ime_wnd=HWND(0xa0912) open=true success=true send_elapsed=0ms candidate_visible=false
2026-09-21T03:28:12.916043Z DEBUG run_open_chain_async:imm_cross_write{open=true}: awase_windows::ime: [imm-cross-actuate] hwnd=HWND(0x3a083a) open=Written conv=Some(Written)
2026-09-21T03:28:12.916102Z DEBUG run_open_chain_async:imm_cross_write{open=true}: awase_windows::runtime::open_chain: [apply-ime] ROMAN 補完結果: Written
2026-09-21T03:28:12.916153Z DEBUG run_open_chain_async: awase::journal: actuation decision seq=255 elapsed_ms=37241 site="DispatchImeSetOpen" caller="None" open=true chain_len=4 attempts_len=1 gate_profile="Standard" gate_kind="Gji" gate_shadow_known=true gate_shadow_on=true gate_input_mode="Assumed
2026-09-21T03:28:12.916621Z DEBUG on_ime_apply_complete{open=true outcome=AppliedWithoutSendInput generation=None reason=EngineDecision}: awase::journal: ime open applied seq=256 elapsed_ms=37242 open=true outcome="AppliedWithoutSendInput" reason="EngineDecision"
2026-09-21T03:28:12.916694Z DEBUG on_ime_apply_complete{open=true outcome=AppliedWithoutSendInput generation=None reason=EngineDecision}: awase_windows::tsf::ime_mode_fsm: [ime-mode] SetOpen(true) applied → Hiragana (belief, unconfirmed)
2026-09-21T03:28:12.916718Z DEBUG on_ime_apply_complete{open=true outcome=AppliedWithoutSendInput generation=None reason=EngineDecision}: awase_windows::platform: [composition] ImeEffect::SetOpen(true) → marking cold
2026-09-21T03:28:12.916738Z DEBUG on_ime_apply_complete{open=true outcome=AppliedWithoutSendInput generation=None reason=EngineDecision}: awase_windows::tsf::probe: [composition] marked cold reason=SetOpenTrue idle=11593ms → next VK/TSF output will send VK_DBE_HIRAGANA warmup
2026-09-21T03:28:12.916781Z DEBUG on_ime_apply_complete{open=true outcome=AppliedWithoutSendInput generation=None reason=EngineDecision}:gji_on_event{event=ImeOn { injection_mode: Unicode, gji_idle_ms: 1953 }}: awase_windows::tsf::gji_fsm: [gji-fsm] ImeOn: already on (OnWarm), ignored
2026-09-21T03:28:12.916937Z DEBUG awase::journal: gji fsm transition seq=257 elapsed_ms=37242 trigger="ImeOn(gji_idle_ms=1953)" state_before="OnWarm" state_after="OnWarm"
2026-09-21T03:28:12.919639Z DEBUG awase_windows::tsf::gji_monitor: [gji-io] WRITE: w_ops=+2 w_KB=+0.0 (r_ops=+4 x_ops=+4 x_KB=+0.0)
2026-09-21T03:28:12.957984Z DEBUG awase_windows::runtime::ime_refresh: Explicit intent: bypassing typing-idle guard for IME verify (idle=47ms)
2026-09-21T03:28:12.958065Z DEBUG awase_windows::observer::ime_observer: IME snapshot: japanese=Some(true) ime_on=Some(true) romaji=Some(true) conv=Some("0x00000019") guard=false
2026-09-21T03:28:12.958187Z DEBUG awase::journal: ime event seq=258 elapsed_ms=37283 event_kind="ObserverReported"
2026-09-21T03:28:12.958231Z DEBUG reduce: awase_windows::state::ime_model: [key-effect-fence] axis=mode stale observation ignored: observed=ObservedRomaji predicted=AssumedRomaji { reason: KeyEffectPrediction } age_ms=47
2026-09-21T03:28:12.958283Z DEBUG awase::journal: ime event seq=259 elapsed_ms=37283 event_kind="InputModeObserved"
2026-09-21T03:28:12.958351Z DEBUG awase::journal: ime event seq=260 elapsed_ms=37284 event_kind="ModeKeyPassedThrough"
2026-09-21T03:28:12.958375Z  INFO awase_windows::runtime::ime_refresh: [mode-key-follow] observation arrived after mode key pass: intents invalidated
2026-09-21T03:28:13.036889Z DEBUG awase_windows::runtime::ime_refresh: Explicit intent: bypassing typing-idle guard for IME verify (idle=140ms)
2026-09-21T03:28:13.036972Z DEBUG awase_windows::observer::ime_observer: IME snapshot: japanese=Some(true) ime_on=Some(true) romaji=Some(true) conv=Some("0x00000019") guard=false
2026-09-21T03:28:13.037088Z DEBUG awase::journal: ime event seq=261 elapsed_ms=37362 event_kind="ObserverReported"
2026-09-21T03:28:13.037144Z DEBUG reduce: awase_windows::state::ime_model: [key-effect-confirmed] axis=mode value=ObservedRomaji
2026-09-21T03:28:13.037191Z DEBUG awase::journal: ime event seq=262 elapsed_ms=37362 event_kind="InputModeObserved"
2026-09-21T03:28:13.037234Z  INFO awase_windows::runtime::ime_refresh: [mode-key-follow] observation arrived after mode key pass: intents invalidated
2026-09-21T03:28:13.111605Z DEBUG awase_windows::runtime::ime_refresh: Explicit intent: bypassing typing-idle guard for IME verify (idle=203ms)
2026-09-21T03:28:13.111705Z DEBUG awase_windows::observer::ime_observer: IME snapshot: japanese=Some(true) ime_on=Some(true) romaji=Some(true) conv=Some("0x00000019") guard=false
2026-09-21T03:28:13.111777Z DEBUG awase::journal: ime event seq=263 elapsed_ms=37437 event_kind="ObserverReported"
2026-09-21T03:28:13.111802Z DEBUG awase::journal: ime event seq=264 elapsed_ms=37437 event_kind="InputModeObserved"
2026-09-21T03:28:13.111823Z  INFO awase_windows::runtime::ime_refresh: [mode-key-follow] observation arrived after mode key pass: intents invalidated
2026-09-21T03:28:13.174650Z DEBUG awase_windows::runtime::ime_refresh: Explicit intent: bypassing typing-idle guard for IME verify (idle=265ms)
2026-09-21T03:28:13.174703Z DEBUG awase_windows::observer::ime_observer: IME snapshot: japanese=Some(true) ime_on=Some(true) romaji=Some(true) conv=Some("0x00000019") guard=false
2026-09-21T03:28:13.174771Z DEBUG awase::journal: ime event seq=265 elapsed_ms=37500 event_kind="ObserverReported"
2026-09-21T03:28:13.174795Z DEBUG awase::journal: ime event seq=266 elapsed_ms=37500 event_kind="InputModeObserved"
2026-09-21T03:28:13.174814Z  INFO awase_windows::runtime::ime_refresh: [mode-key-follow] observation arrived after mode key pass: intents invalidated
2026-09-21T03:28:13.237087Z DEBUG awase_windows::runtime::ime_refresh: Skipping observer/SSOT write: typing active (idle=328ms)
2026-09-21T03:28:13.247117Z DEBUG awase_windows::tsf::gji_fsm: [gji-fsm] LongIdle timeout → OnCold(Long, NotStarted)
2026-09-21T03:28:13.247145Z DEBUG awase::journal: gji fsm transition seq=267 elapsed_ms=37572 trigger="LongIdleTimeout" state_before="OnWarm" state_after="OnCold(Long)"
2026-09-21T03:28:13.738393Z DEBUG awase_windows::observer::ime_observer: IME snapshot: japanese=Some(true) ime_on=Some(true) romaji=Some(true) conv=Some("0x00000019") guard=false
2026-09-21T03:28:13.738477Z DEBUG awase::journal: ime event seq=268 elapsed_ms=38064 event_kind="ObserverReported"
2026-09-21T03:28:13.738511Z DEBUG awase::journal: ime event seq=269 elapsed_ms=38064 event_kind="InputModeObserved"
2026-09-21T03:28:14.238912Z DEBUG awase_windows::observer::ime_observer: IME snapshot: japanese=Some(true) ime_on=Some(true) romaji=Some(true) conv=Some("0x00000019") guard=false
2026-09-21T03:28:14.238998Z DEBUG awase::journal: ime event seq=270 elapsed_ms=38564 event_kind="ObserverReported"
2026-09-21T03:28:14.239034Z DEBUG awase::journal: ime event seq=271 elapsed_ms=38564 event_kind="InputModeObserved"
2026-09-21T03:28:14.742026Z DEBUG awase_windows::observer::ime_observer: IME snapshot: japanese=Some(true) ime_on=Some(true) romaji=Some(true) conv=Some("0x00000019") guard=false
2026-09-21T03:28:14.742104Z DEBUG awase::journal: ime event seq=272 elapsed_ms=39067 event_kind="ObserverReported"
2026-09-21T03:28:14.742131Z DEBUG awase::journal: ime event seq=273 elapsed_ms=39067 event_kind="InputModeObserved"
2026-09-21T03:28:14.846643Z DEBUG awase_windows::runtime::key_pipeline: [engine-input] vk=0x1D KeyDown ts=39170795us delay=0ms state=Idle mods(c=false s=false a=false w=false) gas_ctrl=false phys_ctrl=false extra=0x5350494B pending_drain=0 gate_active=false l_thumb=Some(39170779) r_thumb=None [diag-
2026-09-21T03:28:14.846827Z DEBUG awase::journal: key input seq=274 elapsed_ms=39172 vk_code=29 is_down=true injected=false key_class="LeftThumb" state_before="Idle" state_after="PendingThumb(vk=0x1D,left=true)" decision="Consume" physical="Allow" repeat_count=1 last_timestamp_us=39170795 last_elaps
2026-09-21T03:28:14.968891Z DEBUG awase_windows::runtime::key_pipeline: [engine-input] vk=0x1D KeyUp ts=39293169us delay=0ms state=Idle mods(c=false s=false a=false w=false) gas_ctrl=false phys_ctrl=false extra=0x5350494B pending_drain=0 gate_active=false l_thumb=None r_thumb=None [diag-ctx] ime_on=
2026-09-21T03:28:14.968987Z DEBUG awase::journal: key input seq=276 elapsed_ms=39294 vk_code=29 is_down=false injected=false key_class="LeftThumb" state_before="Idle" state_after="Idle" decision="Consume" physical="Allow" repeat_count=1 last_timestamp_us=39293169 last_elapsed_ms=0
2026-09-21T03:28:15.256265Z DEBUG awase_windows::runtime::ime_refresh: Skipping observer/SSOT write: typing active (idle=297ms)
2026-09-21T03:28:15.771247Z DEBUG awase_windows::observer::ime_observer: IME snapshot: japanese=Some(true) ime_on=Some(true) romaji=Some(true) conv=Some("0x00000019") guard=false
2026-09-21T03:28:15.771333Z DEBUG awase::journal: ime event seq=277 elapsed_ms=40097 event_kind="ObserverReported"
2026-09-21T03:28:15.771369Z DEBUG awase::journal: ime event seq=278 elapsed_ms=40097 event_kind="InputModeObserved"
2026-09-21T03:28:16.286355Z DEBUG awase_windows::observer::ime_observer: IME snapshot: japanese=Some(true) ime_on=Some(true) romaji=Some(true) conv=Some("0x00000019") guard=false
2026-09-21T03:28:16.286420Z DEBUG awase::journal: ime event seq=279 elapsed_ms=40612 event_kind="ObserverReported"
2026-09-21T03:28:16.286442Z DEBUG awase::journal: ime event seq=280 elapsed_ms=40612 event_kind="InputModeObserved"
2026-09-21T03:28:16.782378Z DEBUG awase_windows::hook: [hook] IME-mode vk=0xF2 down self_injected=false injected=false scan=0x70 extra=0x5350494B since_actuation_us=Some(29690096)
2026-09-21T03:28:16.782689Z DEBUG awase::journal: hook ime-mode diagnostic seq=281 elapsed_ms=41108 vk_code=242 is_down=true self_injected=false injected=false scan=112
2026-09-21T03:28:16.783120Z DEBUG awase_windows::runtime::key_pipeline: [engine-input] vk=0xF2 KeyDown ts=41107159us delay=0ms state=Idle mods(c=false s=false a=false w=false) gas_ctrl=false phys_ctrl=false extra=0x5350494B pending_drain=0 gate_active=false l_thumb=None r_thumb=None [diag-ctx] ime_o
2026-09-21T03:28:16.783258Z DEBUG awase::journal: key input seq=282 elapsed_ms=41109 vk_code=242 is_down=true injected=false key_class="Passthrough" state_before="Idle" state_after="Idle" decision="PassThrough" physical="Allow" repeat_count=1 last_timestamp_us=41107159 last_elapsed_ms=0
2026-09-21T03:28:16.783365Z DEBUG awase_windows::runtime::key_pipeline: may_change_ime key passed through → IME refresh scheduled (20ms)
2026-09-21T03:28:16.783421Z  INFO awase_windows::runtime::key_pipeline: [mode-key-follow] mode key PassThrough(vk=0xF2): IME refresh scheduled (20ms)
2026-09-21T03:28:16.784583Z  INFO awase_windows::runtime::key_pipeline: [key-effect-predict] vk=0xF2 status=Pre open=None mode=Some(ObservedEisu)
2026-09-21T03:28:16.784684Z DEBUG awase::journal: ime event seq=283 elapsed_ms=41110 event_kind="KeyEffectPredicted"
2026-09-21T03:28:16.784759Z DEBUG awase::engine::engine: [diag-engine-active] ime_on=true なのに非活性: reason=Inactive(NotRomajiInput) romaji_capable=false japanese=true user_enabled=true was_active=true input_mode=ObservedEisu
2026-09-21T03:28:16.784819Z  INFO awase::engine::engine: Engine deactivated (ime=true, romaji=false, japanese=true, user=true, reason=Inactive(NotRomajiInput))
2026-09-21T03:28:16.787006Z DEBUG awase_windows::tsf::probe: [composition] marked cold reason=F2NonTsf idle=15468ms → next VK/TSF output will send VK_DBE_HIRAGANA warmup
2026-09-21T03:28:16.787185Z DEBUG execute_from_hook: awase_windows::runtime::executor: [relay-passthrough] PassThrough idle: direct OS pass-through (vk=0xf2 down)
2026-09-21T03:28:16.787225Z DEBUG awase::journal: gji fsm transition seq=284 elapsed_ms=41112 trigger="CompositionReset(gji_idle_ms=3875)" state_before="OnCold(Long)" state_after="OnCold(Short)"
2026-09-21T03:28:16.787329Z DEBUG execute_one{generation=None}: awase_windows::runtime::executor: [reinject] vk=0xf2 down (queued passthrough now firing)
2026-09-21T03:28:16.787495Z DEBUG awase_windows::hook: [hook] IME-mode vk=0xF2 down self_injected=true injected=true scan=0x0 extra=0x4B45594D since_actuation_us=Some(29695234)
2026-09-21T03:28:16.789285Z DEBUG awase::journal: hook ime-mode diagnostic seq=285 elapsed_ms=41115 vk_code=242 is_down=true self_injected=true injected=true scan=0
2026-09-21T03:28:16.797607Z DEBUG awase_windows::tsf::gji_monitor: [gji-io] WRITE: w_ops=+2 w_KB=+0.0 (r_ops=+4 x_ops=+4 x_KB=+0.0)
2026-09-21T03:28:16.818601Z DEBUG awase_windows::runtime::ime_refresh: Explicit intent: bypassing typing-idle guard for IME verify (idle=47ms)
2026-09-21T03:28:16.818670Z DEBUG awase_windows::observer::ime_observer: IME snapshot: japanese=Some(true) ime_on=Some(true) romaji=None conv=Some("0x00000010") guard=false
2026-09-21T03:28:16.818778Z DEBUG awase::journal: ime event seq=286 elapsed_ms=41144 event_kind="ObserverReported"
2026-09-21T03:28:16.818859Z DEBUG awase::journal: ime event seq=287 elapsed_ms=41144 event_kind="ModeKeyPassedThrough"
2026-09-21T03:28:16.818881Z  INFO awase_windows::runtime::ime_refresh: [mode-key-follow] observation arrived after mode key pass: intents invalidated
2026-09-21T03:28:16.818984Z DEBUG awase::engine::engine: [diag-engine-active] ime_on=true なのに非活性: reason=Inactive(NotRomajiInput) romaji_capable=false japanese=true user_enabled=true was_active=false input_mode=ObservedEisu
2026-09-21T03:28:16.896275Z DEBUG awase_windows::runtime::ime_refresh: Explicit intent: bypassing typing-idle guard for IME verify (idle=125ms)
2026-09-21T03:28:16.896344Z DEBUG awase_windows::observer::ime_observer: IME snapshot: japanese=Some(true) ime_on=Some(true) romaji=None conv=Some("0x00000010") guard=false
2026-09-21T03:28:16.896458Z DEBUG awase::journal: ime event seq=288 elapsed_ms=41222 event_kind="ObserverReported"
2026-09-21T03:28:16.896515Z  INFO awase_windows::runtime::ime_refresh: [mode-key-follow] observation arrived after mode key pass: intents invalidated
2026-09-21T03:28:16.896666Z DEBUG awase::engine::engine: [diag-engine-active] ime_on=true なのに非活性: reason=Inactive(NotRomajiInput) romaji_capable=false japanese=true user_enabled=true was_active=false input_mode=ObservedEisu
2026-09-21T03:28:16.972069Z DEBUG awase_windows::runtime::ime_refresh: Explicit intent: bypassing typing-idle guard for IME verify (idle=187ms)
2026-09-21T03:28:16.972114Z DEBUG awase_windows::observer::ime_observer: IME snapshot: japanese=Some(true) ime_on=Some(true) romaji=None conv=Some("0x00000010") guard=false
2026-09-21T03:28:16.972171Z DEBUG awase::journal: ime event seq=289 elapsed_ms=41297 event_kind="ObserverReported"
2026-09-21T03:28:16.972192Z  INFO awase_windows::runtime::ime_refresh: [mode-key-follow] observation arrived after mode key pass: intents invalidated
2026-09-21T03:28:16.972271Z DEBUG awase::engine::engine: [diag-engine-active] ime_on=true なのに非活性: reason=Inactive(NotRomajiInput) romaji_capable=false japanese=true user_enabled=true was_active=false input_mode=ObservedEisu
2026-09-21T03:28:17.037013Z DEBUG awase_windows::runtime::ime_refresh: Explicit intent: bypassing typing-idle guard for IME verify (idle=265ms)
2026-09-21T03:28:17.037060Z DEBUG awase_windows::observer::ime_observer: IME snapshot: japanese=Some(true) ime_on=Some(true) romaji=None conv=Some("0x00000010") guard=false
2026-09-21T03:28:17.037121Z DEBUG awase::journal: ime event seq=290 elapsed_ms=41362 event_kind="ObserverReported"
2026-09-21T03:28:17.037143Z  INFO awase_windows::runtime::ime_refresh: [mode-key-follow] observation arrived after mode key pass: intents invalidated
2026-09-21T03:28:17.037235Z DEBUG awase::engine::engine: [diag-engine-active] ime_on=true なのに非活性: reason=Inactive(NotRomajiInput) romaji_capable=false japanese=true user_enabled=true was_active=false input_mode=ObservedEisu
2026-09-21T03:28:17.112706Z DEBUG awase_windows::runtime::ime_refresh: Skipping observer/SSOT write: typing active (idle=328ms)
2026-09-21T03:28:17.112782Z DEBUG awase::engine::engine: [diag-engine-active] ime_on=true なのに非活性: reason=Inactive(NotRomajiInput) romaji_capable=false japanese=true user_enabled=true was_active=false input_mode=ObservedEisu
2026-09-21T03:28:17.615324Z DEBUG awase_windows::observer::ime_observer: IME snapshot: japanese=Some(true) ime_on=Some(true) romaji=None conv=Some("0x00000010") guard=false
2026-09-21T03:28:17.615399Z DEBUG awase::journal: ime event seq=291 elapsed_ms=41941 event_kind="ObserverReported"
2026-09-21T03:28:17.615760Z DEBUG awase::engine::engine: [diag-engine-active] ime_on=true なのに非活性: reason=Inactive(NotRomajiInput) romaji_capable=false japanese=true user_enabled=true was_active=false input_mode=ObservedEisu
2026-09-21T03:28:18.129714Z DEBUG awase_windows::observer::ime_observer: IME snapshot: japanese=Some(true) ime_on=Some(true) romaji=None conv=Some("0x00000010") guard=false
2026-09-21T03:28:18.129794Z DEBUG awase::journal: ime event seq=292 elapsed_ms=42455 event_kind="ObserverReported"
2026-09-21T03:28:18.129865Z DEBUG awase::engine::engine: [diag-engine-active] ime_on=true なのに非活性: reason=Inactive(NotRomajiInput) romaji_capable=false japanese=true user_enabled=true was_active=false input_mode=ObservedEisu
2026-09-21T03:28:18.627876Z DEBUG awase_windows::observer::ime_observer: IME snapshot: japanese=Some(true) ime_on=Some(true) romaji=None conv=Some("0x00000010") guard=false
2026-09-21T03:28:18.627959Z DEBUG awase::journal: ime event seq=293 elapsed_ms=42953 event_kind="ObserverReported"
2026-09-21T03:28:18.628028Z DEBUG awase::engine::engine: [diag-engine-active] ime_on=true なのに非活性: reason=Inactive(NotRomajiInput) romaji_capable=false japanese=true user_enabled=true was_active=false input_mode=ObservedEisu
2026-09-21T03:28:18.719081Z DEBUG awase_windows::hook: [hook] IME-mode vk=0xF0 up self_injected=false injected=false scan=0x70 extra=0x5350494B since_actuation_us=Some(31626807)
2026-09-21T03:28:18.719194Z DEBUG awase::journal: hook ime-mode diagnostic seq=294 elapsed_ms=43045 vk_code=240 is_down=false self_injected=false injected=false scan=112
2026-09-21T03:28:18.719332Z DEBUG awase_windows::hook: [hook] IME-mode vk=0xF2 down self_injected=false injected=false scan=0x70 extra=0x5350494B since_actuation_us=Some(31627072)
2026-09-21T03:28:18.719344Z DEBUG awase_windows::runtime::key_pipeline: [engine-input] vk=0xF0 KeyUp ts=43043710us delay=0ms state=Idle mods(c=false s=false a=false w=false) gas_ctrl=false phys_ctrl=false extra=0x5350494B pending_drain=0 gate_active=false l_thumb=None r_thumb=None [diag-ctx] ime_on=
2026-09-21T03:28:18.719376Z DEBUG awase::engine::engine: [diag-engine-active] ime_on=true なのに非活性: reason=Inactive(NotRomajiInput) romaji_capable=false japanese=true user_enabled=true was_active=false input_mode=ObservedEisu
2026-09-21T03:28:18.719437Z DEBUG awase::journal: key input seq=295 elapsed_ms=43045 vk_code=240 is_down=false injected=false key_class="Passthrough" state_before="Idle" state_after="Idle" decision="PassThrough" physical="Allow" repeat_count=1 last_timestamp_us=43043710 last_elapsed_ms=0
2026-09-21T03:28:18.719512Z DEBUG execute_from_hook: awase_windows::runtime::executor: [relay-passthrough] PassThrough idle: direct OS pass-through (vk=0xf0 up)
2026-09-21T03:28:18.719581Z DEBUG awase::journal: hook ime-mode diagnostic seq=296 elapsed_ms=43045 vk_code=242 is_down=true self_injected=false injected=false scan=112
2026-09-21T03:28:18.719662Z DEBUG awase_windows::runtime::key_pipeline: [engine-input] vk=0xF2 KeyDown ts=43043895us delay=0ms state=Idle mods(c=false s=false a=false w=false) gas_ctrl=false phys_ctrl=false extra=0x5350494B pending_drain=0 gate_active=false l_thumb=None r_thumb=None [diag-ctx] ime_o
2026-09-21T03:28:18.719692Z DEBUG awase::engine::engine: [diag-engine-active] ime_on=true なのに非活性: reason=Inactive(NotRomajiInput) romaji_capable=false japanese=true user_enabled=true was_active=false input_mode=ObservedEisu
2026-09-21T03:28:18.719740Z DEBUG awase::journal: key input seq=297 elapsed_ms=43045 vk_code=242 is_down=true injected=false key_class="Passthrough" state_before="Idle" state_after="Idle" decision="PassThrough" physical="Allow" repeat_count=1 last_timestamp_us=43043895 last_elapsed_ms=0
2026-09-21T03:28:18.719813Z DEBUG awase_windows::runtime::key_pipeline: may_change_ime key passed through → IME refresh scheduled (20ms)
2026-09-21T03:28:18.719852Z  INFO awase_windows::runtime::key_pipeline: [mode-key-follow] mode key PassThrough(vk=0xF2): IME refresh scheduled (20ms)
2026-09-21T03:28:18.720496Z  INFO awase_windows::runtime::key_pipeline: [key-effect-predict] vk=0xF2 status=Pre open=None mode=Some(AssumedRomaji { reason: KeyEffectPrediction })
2026-09-21T03:28:18.720561Z DEBUG awase::journal: ime event seq=298 elapsed_ms=43046 event_kind="KeyEffectPredicted"
2026-09-21T03:28:18.720757Z  INFO awase::engine::engine: Engine activated (ime=true, romaji=true, japanese=true, user=true, reason=Active)
2026-09-21T03:28:18.720889Z DEBUG execute_from_loop:execute_one{generation=None}:dispatch_ime_set_open{open=true generation=None}: awase_windows::runtime::executor: [dispatch-ime] ImmCross async: optimistic applied_snapshot=true (suppress send_engine_state_ime_key)
2026-09-21T03:28:18.722150Z DEBUG execute_from_loop:execute_one{generation=None}: awase_windows::platform: [engine-state-key] suppressed (polling/focus-triggered, enabled=true)
2026-09-21T03:28:18.722251Z DEBUG awase_windows::tsf::probe: [composition] marked cold reason=F2NonTsf idle=17390ms → next VK/TSF output will send VK_DBE_HIRAGANA warmup
2026-09-21T03:28:18.722365Z DEBUG execute_from_hook: awase_windows::runtime::transport: [relay-defer] PassThrough deferred: pending effects, reinject(vk=0xf2 down)
2026-09-21T03:28:18.722414Z DEBUG awase::journal: gji fsm transition seq=299 elapsed_ms=43048 trigger="CompositionReset(gji_idle_ms=1922)" state_before="OnCold(Short)" state_after="OnCold(Short)"
2026-09-21T03:28:18.722474Z DEBUG execute_one{generation=None}: awase_windows::runtime::executor: [reinject] vk=0xf0 up (queued passthrough now firing)
2026-09-21T03:28:18.722532Z DEBUG execute_one{generation=None}: awase_windows::runtime::executor: [reinject] vk=0xf2 down (queued passthrough now firing)
2026-09-21T03:28:18.723132Z DEBUG awase_windows::hook: [hook] IME-mode vk=0xF0 up self_injected=true injected=false scan=0x0 extra=0x4B45594D since_actuation_us=Some(31630869)
2026-09-21T03:28:18.725874Z DEBUG awase_windows::hook: [hook] IME-mode vk=0xF2 down self_injected=true injected=true scan=0x0 extra=0x4B45594D since_actuation_us=Some(31633610)
2026-09-21T03:28:18.728408Z DEBUG awase::journal: hook ime-mode diagnostic seq=300 elapsed_ms=43054 vk_code=240 is_down=false self_injected=true injected=false scan=0
2026-09-21T03:28:18.728445Z DEBUG awase::journal: hook ime-mode diagnostic seq=301 elapsed_ms=43054 vk_code=242 is_down=true self_injected=true injected=true scan=0
2026-09-21T03:28:18.728560Z DEBUG run_open_chain_async: awase_windows::ime_controller: [warrant-shadow] chain=async open=true origin=EventOrigin { source: SelfActuated { strategy: "engine_decision_async" }, epoch: Generation(0) } warranted
2026-09-21T03:28:18.728631Z  INFO run_open_chain_async:imm_cross_write{open=true}: awase_windows::runtime::open_chain: [apply-ime] ImmCross async: open=true composition_active=false show_seq=0 change_seq=0 (issue #138診断)
2026-09-21T03:28:18.731749Z DEBUG awase_windows::shadow_send_trace: [shadow-send] channel=ImeControl cmd=0x0006 lparam=1 issue_us=43056109
2026-09-21T03:28:18.731764Z DEBUG awase_windows::ime: set_ime_open_for_target: hwnd=HWND(0x3a083a) ime_wnd=HWND(0xa0912) open=true success=true send_elapsed=0ms candidate_visible=false
2026-09-21T03:28:18.732090Z DEBUG run_open_chain_async:imm_cross_write{open=true}: awase_windows::ime: [imm-cross-actuate] hwnd=HWND(0x3a083a) open=Written conv=Some(Written)
2026-09-21T03:28:18.732136Z DEBUG run_open_chain_async:imm_cross_write{open=true}: awase_windows::runtime::open_chain: [apply-ime] ROMAN 補完結果: Written
2026-09-21T03:28:18.732188Z DEBUG run_open_chain_async: awase::journal: actuation decision seq=302 elapsed_ms=43058 site="DispatchImeSetOpen" caller="None" open=true chain_len=4 attempts_len=1 gate_profile="Standard" gate_kind="Gji" gate_shadow_known=true gate_shadow_on=true gate_input_mode="Assumed
2026-09-21T03:28:18.732329Z DEBUG on_ime_apply_complete{open=true outcome=AppliedWithoutSendInput generation=None reason=EngineDecision}: awase::journal: ime open applied seq=303 elapsed_ms=43058 open=true outcome="AppliedWithoutSendInput" reason="EngineDecision"
2026-09-21T03:28:18.732398Z DEBUG on_ime_apply_complete{open=true outcome=AppliedWithoutSendInput generation=None reason=EngineDecision}: awase_windows::tsf::ime_mode_fsm: [ime-mode] SetOpen(true) applied → Hiragana (belief, unconfirmed)
2026-09-21T03:28:18.732422Z DEBUG on_ime_apply_complete{open=true outcome=AppliedWithoutSendInput generation=None reason=EngineDecision}: awase_windows::platform: [composition] ImeEffect::SetOpen(true) → marking cold
2026-09-21T03:28:18.732442Z DEBUG on_ime_apply_complete{open=true outcome=AppliedWithoutSendInput generation=None reason=EngineDecision}: awase_windows::tsf::probe: [composition] marked cold reason=SetOpenTrue idle=17406ms → next VK/TSF output will send VK_DBE_HIRAGANA warmup
2026-09-21T03:28:18.732484Z DEBUG on_ime_apply_complete{open=true outcome=AppliedWithoutSendInput generation=None reason=EngineDecision}:gji_on_event{event=ImeOn { injection_mode: Unicode, gji_idle_ms: 1938 }}: awase_windows::tsf::gji_fsm: [gji-fsm] ImeOn: already on (OnCold(Short)), ignored
2026-09-21T03:28:18.732582Z DEBUG awase::journal: gji fsm transition seq=304 elapsed_ms=43058 trigger="ImeOn(gji_idle_ms=1938)" state_before="OnCold(Short)" state_after="OnCold(Short)"
2026-09-21T03:28:18.734429Z DEBUG awase_windows::tsf::gji_monitor: [gji-io] WRITE: w_ops=+2 w_KB=+0.0 (r_ops=+4 x_ops=+4 x_KB=+0.0)
2026-09-21T03:28:18.771360Z DEBUG awase_windows::runtime::ime_refresh: Explicit intent: bypassing typing-idle guard for IME verify (idle=63ms)
2026-09-21T03:28:18.771438Z DEBUG awase_windows::observer::ime_observer: IME snapshot: japanese=Some(true) ime_on=Some(true) romaji=Some(true) conv=Some("0x00000019") guard=false
2026-09-21T03:28:18.771642Z DEBUG awase::journal: ime event seq=305 elapsed_ms=43097 event_kind="ObserverReported"
2026-09-21T03:28:18.771683Z DEBUG reduce: awase_windows::state::ime_model: [key-effect-fence] axis=mode stale observation ignored: observed=ObservedRomaji predicted=AssumedRomaji { reason: KeyEffectPrediction } age_ms=63
2026-09-21T03:28:18.771732Z DEBUG awase::journal: ime event seq=306 elapsed_ms=43097 event_kind="InputModeObserved"
2026-09-21T03:28:18.771796Z DEBUG awase::journal: ime event seq=307 elapsed_ms=43097 event_kind="ModeKeyPassedThrough"
2026-09-21T03:28:18.771818Z  INFO awase_windows::runtime::ime_refresh: [mode-key-follow] observation arrived after mode key pass: intents invalidated
2026-09-21T03:28:18.850740Z DEBUG awase_windows::runtime::ime_refresh: Explicit intent: bypassing typing-idle guard for IME verify (idle=141ms)
2026-09-21T03:28:18.850815Z DEBUG awase_windows::observer::ime_observer: IME snapshot: japanese=Some(true) ime_on=Some(true) romaji=Some(true) conv=Some("0x00000019") guard=false
2026-09-21T03:28:18.850933Z DEBUG awase::journal: ime event seq=308 elapsed_ms=43176 event_kind="ObserverReported"
2026-09-21T03:28:18.850986Z DEBUG reduce: awase_windows::state::ime_model: [key-effect-confirmed] axis=mode value=ObservedRomaji
2026-09-21T03:28:18.851029Z DEBUG awase::journal: ime event seq=309 elapsed_ms=43176 event_kind="InputModeObserved"
2026-09-21T03:28:18.851068Z  INFO awase_windows::runtime::ime_refresh: [mode-key-follow] observation arrived after mode key pass: intents invalidated
2026-09-21T03:28:18.927100Z DEBUG awase_windows::runtime::ime_refresh: Explicit intent: bypassing typing-idle guard for IME verify (idle=219ms)
2026-09-21T03:28:18.927156Z DEBUG awase_windows::observer::ime_observer: IME snapshot: japanese=Some(true) ime_on=Some(true) romaji=Some(true) conv=Some("0x00000019") guard=false
2026-09-21T03:28:18.927234Z DEBUG awase::journal: ime event seq=310 elapsed_ms=43253 event_kind="ObserverReported"
2026-09-21T03:28:18.927260Z DEBUG awase::journal: ime event seq=311 elapsed_ms=43253 event_kind="InputModeObserved"
2026-09-21T03:28:18.927280Z  INFO awase_windows::runtime::ime_refresh: [mode-key-follow] observation arrived after mode key pass: intents invalidated
2026-09-21T03:28:19.004991Z DEBUG awase_windows::runtime::ime_refresh: Explicit intent: bypassing typing-idle guard for IME verify (idle=281ms)
2026-09-21T03:28:19.005043Z DEBUG awase_windows::observer::ime_observer: IME snapshot: japanese=Some(true) ime_on=Some(true) romaji=Some(true) conv=Some("0x00000019") guard=false
2026-09-21T03:28:19.005104Z DEBUG awase::journal: ime event seq=312 elapsed_ms=43330 event_kind="ObserverReported"
2026-09-21T03:28:19.005125Z DEBUG awase::journal: ime event seq=313 elapsed_ms=43331 event_kind="InputModeObserved"
2026-09-21T03:28:19.005143Z  INFO awase_windows::runtime::ime_refresh: [mode-key-follow] observation arrived after mode key pass: intents invalidated
2026-09-21T03:28:19.068075Z DEBUG awase_windows::runtime::ime_refresh: Skipping observer/SSOT write: typing active (idle=360ms)
2026-09-21T03:28:19.584139Z DEBUG awase_windows::observer::ime_observer: IME snapshot: japanese=Some(true) ime_on=Some(true) romaji=Some(true) conv=Some("0x00000019") guard=false
2026-09-21T03:28:19.584207Z DEBUG awase::journal: ime event seq=314 elapsed_ms=43910 event_kind="ObserverReported"
2026-09-21T03:28:19.584231Z DEBUG awase::journal: ime event seq=315 elapsed_ms=43910 event_kind="InputModeObserved"
2026-09-21T03:28:20.098713Z DEBUG awase_windows::observer::ime_observer: IME snapshot: japanese=Some(true) ime_on=Some(true) romaji=Some(true) conv=Some("0x00000019") guard=false
2026-09-21T03:28:20.098805Z DEBUG awase::journal: ime event seq=316 elapsed_ms=44424 event_kind="ObserverReported"
2026-09-21T03:28:20.098843Z DEBUG awase::journal: ime event seq=317 elapsed_ms=44424 event_kind="InputModeObserved"
2026-09-21T03:28:20.614740Z DEBUG awase_windows::observer::ime_observer: IME snapshot: japanese=Some(true) ime_on=Some(true) romaji=Some(true) conv=Some("0x00000019") guard=false
2026-09-21T03:28:20.614832Z DEBUG awase::journal: ime event seq=318 elapsed_ms=44940 event_kind="ObserverReported"
2026-09-21T03:28:20.614853Z DEBUG awase::journal: ime event seq=319 elapsed_ms=44940 event_kind="InputModeObserved"
2026-09-21T03:28:20.658706Z DEBUG awase_windows::runtime::key_pipeline: [engine-input] vk=0x41 KeyDown ts=44982875us delay=0ms state=Idle mods(c=false s=false a=false w=false) gas_ctrl=false phys_ctrl=false extra=0x5350494B pending_drain=0 gate_active=false l_thumb=None r_thumb=None [diag-ctx] ime_o
2026-09-21T03:28:20.658908Z DEBUG awase::journal: key input seq=320 elapsed_ms=44984 vk_code=65 is_down=true injected=false key_class="Char" state_before="Idle" state_after="PendingChar(vk=0x41)" decision="Consume" physical="Allow" repeat_count=1 last_timestamp_us=44982875 last_elapsed_ms=0
2026-09-21T03:28:20.767482Z DEBUG execute_from_loop:execute_one{generation=None}: awase_windows::output: send_keys: mode=Unicode actions=[Char('う')] prev_elapsed=19437ms
2026-09-21T03:28:20.767517Z DEBUG execute_from_loop:execute_one{generation=None}: awase_windows::tsf::probe: [mark-send] last_send_ms=53311812
2026-09-21T03:28:20.767576Z DEBUG execute_from_loop:execute_one{generation=None}: awase_windows::output:   → Char('う') via Unicode
2026-09-21T03:28:20.769431Z DEBUG execute_from_loop:execute_one{generation=None}: awase_windows::tsf::probe: [mark-send] last_send_ms=53311812
2026-09-21T03:28:20.776860Z  INFO awase_windows::tsf::win_event_obs: [gji-obs] candidate SHOW #1: last_gji_write=2047ms ago
2026-09-21T03:28:20.783520Z DEBUG awase_windows::tsf::gji_monitor: [gji-io] WRITE: w_ops=+2 w_KB=+0.3 (r_ops=+4 x_ops=+4 x_KB=+0.0)
2026-09-21T03:28:20.783715Z DEBUG awase_windows::runtime::key_pipeline: [engine-input] vk=0x41 KeyUp ts=45108048us delay=0ms state=Idle mods(c=false s=false a=false w=false) gas_ctrl=false phys_ctrl=false extra=0x5350494B pending_drain=0 gate_active=false l_thumb=None r_thumb=None [diag-ctx] ime_on=
2026-09-21T03:28:20.783839Z DEBUG awase::journal: key input seq=322 elapsed_ms=45109 vk_code=65 is_down=false injected=false key_class="Char" state_before="Idle" state_after="Idle" decision="Consume" physical="Allow" repeat_count=1 last_timestamp_us=45108048 last_elapsed_ms=0
2026-09-21T03:28:20.784059Z DEBUG execute_one{generation=None}: awase_windows::output: send_keys: mode=Unicode actions=[Suppress] prev_elapsed=16ms
2026-09-21T03:28:20.784101Z DEBUG execute_one{generation=None}: awase_windows::tsf::probe: [mark-send] last_send_ms=53311828
2026-09-21T03:28:20.784132Z DEBUG execute_one{generation=None}: awase_windows::output:   → Suppress
2026-09-21T03:28:20.784152Z DEBUG execute_one{generation=None}: awase_windows::tsf::probe: [mark-send] last_send_ms=53311828
2026-09-21T03:28:20.784218Z DEBUG execute_one{generation=None}: awase_windows::platform: [gji-fsm] StartComposition (candidate SHOW)
2026-09-21T03:28:20.784285Z DEBUG execute_one{generation=None}:gji_on_event{event=StartComposition}: awase_windows::tsf::gji_fsm: [gji-fsm] StartComposition while cold (no probe) → AlreadyWarm
2026-09-21T03:28:20.784439Z DEBUG awase::journal: gji fsm transition seq=323 elapsed_ms=45110 trigger="StartComposition(candidate SHOW)" state_before="OnCold(Short)" state_after="OnComposing(Warm)"
2026-09-21T03:28:21.132564Z DEBUG awase_windows::runtime::ime_refresh: Skipping observer/SSOT write: typing active (idle=359ms)
2026-09-21T03:28:21.647270Z DEBUG awase_windows::observer::ime_observer: IME snapshot: japanese=Some(true) ime_on=Some(true) romaji=Some(true) conv=Some("0x00000019") guard=false
2026-09-21T03:28:21.647352Z DEBUG awase::journal: ime event seq=324 elapsed_ms=45973 event_kind="ObserverReported"
2026-09-21T03:28:21.647386Z DEBUG awase::journal: ime event seq=325 elapsed_ms=45973 event_kind="InputModeObserved"
2026-09-21T03:28:22.163544Z DEBUG awase_windows::observer::ime_observer: IME snapshot: japanese=Some(true) ime_on=Some(true) romaji=Some(true) conv=Some("0x00000019") guard=false
2026-09-21T03:28:22.163605Z DEBUG awase::journal: ime event seq=326 elapsed_ms=46489 event_kind="ObserverReported"
2026-09-21T03:28:22.163633Z DEBUG awase::journal: ime event seq=327 elapsed_ms=46489 event_kind="InputModeObserved"
2026-09-21T03:28:22.597763Z DEBUG awase_windows::runtime::key_pipeline: [engine-input] vk=0x0D KeyDown ts=46921805us delay=0ms state=Idle mods(c=false s=false a=false w=false) gas_ctrl=false phys_ctrl=false extra=0x5350494B pending_drain=0 gate_active=false l_thumb=None r_thumb=None [diag-ctx] ime_o
2026-09-21T03:28:22.597972Z DEBUG awase::journal: key input seq=328 elapsed_ms=46923 vk_code=13 is_down=true injected=false key_class="Passthrough" state_before="Idle" state_after="Idle" decision="PassThrough" physical="Allow" repeat_count=1 last_timestamp_us=46921805 last_elapsed_ms=0
2026-09-21T03:28:22.598157Z DEBUG execute_from_hook: awase_windows::runtime::executor: [relay-passthrough] PassThrough idle: direct OS pass-through (vk=0x0d down)
2026-09-21T03:28:22.598314Z DEBUG execute_one{generation=None}: awase_windows::runtime::executor: [reinject] vk=0x0d down (queued passthrough now firing)
2026-09-21T03:28:22.606462Z  INFO awase_windows::tsf::win_event_obs: [gji-obs] candidate HIDE: last_gji_write=1828ms ago
2026-09-21T03:28:22.610874Z DEBUG awase_windows::tsf::gji_monitor: [gji-io] WRITE: w_ops=+2 w_KB=+0.3 (r_ops=+4 x_ops=+4 x_KB=+0.0)
2026-09-21T03:28:22.678482Z DEBUG awase_windows::runtime::ime_refresh: Skipping observer/SSOT write: typing active (idle=94ms)
2026-09-21T03:28:22.720094Z DEBUG awase_windows::runtime::key_pipeline: [engine-input] vk=0x0D KeyUp ts=47044431us delay=0ms state=Idle mods(c=false s=false a=false w=false) gas_ctrl=false phys_ctrl=false extra=0x5350494B pending_drain=0 gate_active=false l_thumb=None r_thumb=None [diag-ctx] ime_on=
2026-09-21T03:28:22.720190Z DEBUG awase::journal: key input seq=329 elapsed_ms=47046 vk_code=13 is_down=false injected=false key_class="Passthrough" state_before="Idle" state_after="Idle" decision="PassThrough" physical="Allow" repeat_count=1 last_timestamp_us=47044431 last_elapsed_ms=0
2026-09-21T03:28:22.720283Z DEBUG execute_from_hook: awase_windows::runtime::executor: [relay-passthrough] PassThrough idle: direct OS pass-through (vk=0x0d up)
2026-09-21T03:28:22.720349Z DEBUG execute_one{generation=None}: awase_windows::runtime::executor: [reinject] vk=0x0d up (queued passthrough now firing)
2026-09-21T03:28:22.721862Z DEBUG awase_windows::platform: [gji-fsm] EndComposition (candidate HIDE) epoch=FocusEpoch(1)
2026-09-21T03:28:22.722139Z DEBUG awase::journal: gji fsm transition seq=330 elapsed_ms=47047 trigger="EndComposition(candidate HIDE, epoch=FocusEpoch(1))" state_before="OnComposing(Warm)" state_after="OnWarm"
2026-09-21T03:28:23.192087Z DEBUG awase_windows::runtime::ime_refresh: Skipping observer/SSOT write: typing active (idle=469ms)
2026-09-21T03:28:23.689009Z DEBUG awase_windows::observer::ime_observer: IME snapshot: japanese=Some(true) ime_on=Some(true) romaji=Some(true) conv=Some("0x00000019") guard=false
2026-09-21T03:28:23.689096Z DEBUG awase::journal: ime event seq=331 elapsed_ms=48015 event_kind="ObserverReported"
2026-09-21T03:28:23.689133Z DEBUG awase::journal: ime event seq=332 elapsed_ms=48015 event_kind="InputModeObserved"
2026-09-21T03:28:24.231896Z DEBUG awase_windows::observer::ime_observer: IME snapshot: japanese=Some(true) ime_on=Some(true) romaji=Some(true) conv=Some("0x00000019") guard=false
2026-09-21T03:28:24.231984Z DEBUG awase::journal: ime event seq=333 elapsed_ms=48558 event_kind="ObserverReported"
2026-09-21T03:28:24.232020Z DEBUG awase::journal: ime event seq=334 elapsed_ms=48558 event_kind="InputModeObserved"
2026-09-21T03:28:24.532598Z DEBUG awase_windows::runtime::key_pipeline: [engine-input] vk=0x1B KeyDown ts=48856821us delay=0ms state=Idle mods(c=false s=false a=false w=false) gas_ctrl=false phys_ctrl=false extra=0x5350494B pending_drain=0 gate_active=false l_thumb=None r_thumb=None [diag-ctx] ime_o
2026-09-21T03:28:24.532716Z DEBUG awase::journal: key input seq=335 elapsed_ms=48858 vk_code=27 is_down=true injected=false key_class="Passthrough" state_before="Idle" state_after="Idle" decision="PassThrough" physical="Allow" repeat_count=1 last_timestamp_us=48856821 last_elapsed_ms=0
2026-09-21T03:28:24.532808Z DEBUG execute_from_hook: awase_windows::runtime::executor: [relay-passthrough] PassThrough idle: direct OS pass-through (vk=0x1b down)
2026-09-21T03:28:24.532894Z DEBUG execute_one{generation=None}: awase_windows::runtime::executor: [reinject] vk=0x1b down (queued passthrough now firing)
2026-09-21T03:28:24.546737Z DEBUG awase_windows::tsf::gji_monitor: [gji-io] WRITE: w_ops=+1 w_KB=+0.0 (r_ops=+2 x_ops=+2 x_KB=+0.0)
2026-09-21T03:28:24.658552Z DEBUG awase_windows::runtime::key_pipeline: [engine-input] vk=0x1B KeyUp ts=48982751us delay=0ms state=Idle mods(c=false s=false a=false w=false) gas_ctrl=false phys_ctrl=false extra=0x5350494B pending_drain=0 gate_active=false l_thumb=None r_thumb=None [diag-ctx] ime_on=
2026-09-21T03:28:24.658761Z DEBUG awase::journal: key input seq=336 elapsed_ms=48984 vk_code=27 is_down=false injected=false key_class="Passthrough" state_before="Idle" state_after="Idle" decision="PassThrough" physical="Allow" repeat_count=1 last_timestamp_us=48982751 last_elapsed_ms=0
2026-09-21T03:28:24.658900Z DEBUG execute_from_hook: awase_windows::runtime::executor: [relay-passthrough] PassThrough idle: direct OS pass-through (vk=0x1b up)
2026-09-21T03:28:24.659006Z DEBUG execute_one{generation=None}: awase_windows::runtime::executor: [reinject] vk=0x1b up (queued passthrough now firing)
2026-09-21T03:28:24.739153Z DEBUG awase_windows::runtime::ime_refresh: Skipping observer/SSOT write: typing active (idle=93ms)
2026-09-21T03:28:25.251195Z DEBUG awase_windows::observer::ime_observer: IME snapshot: japanese=Some(true) ime_on=Some(true) romaji=Some(true) conv=Some("0x00000019") guard=false
2026-09-21T03:28:25.251289Z DEBUG awase::journal: ime event seq=337 elapsed_ms=49577 event_kind="ObserverReported"
2026-09-21T03:28:25.251327Z DEBUG awase::journal: ime event seq=338 elapsed_ms=49577 event_kind="InputModeObserved"
2026-09-21T03:28:25.754905Z DEBUG awase_windows::observer::ime_observer: IME snapshot: japanese=Some(true) ime_on=Some(true) romaji=Some(true) conv=Some("0x00000019") guard=false
2026-09-21T03:28:25.755020Z DEBUG awase::journal: ime event seq=339 elapsed_ms=50081 event_kind="ObserverReported"
2026-09-21T03:28:25.755069Z DEBUG awase::journal: ime event seq=340 elapsed_ms=50081 event_kind="InputModeObserved"
2026-09-21T03:28:26.268525Z DEBUG awase_windows::observer::ime_observer: IME snapshot: japanese=Some(true) ime_on=Some(true) romaji=Some(true) conv=Some("0x00000019") guard=false
2026-09-21T03:28:26.268642Z DEBUG awase::journal: ime event seq=341 elapsed_ms=50594 event_kind="ObserverReported"
2026-09-21T03:28:26.268690Z DEBUG awase::journal: ime event seq=342 elapsed_ms=50594 event_kind="InputModeObserved"
2026-09-21T03:28:26.467121Z DEBUG awase_windows::runtime::key_pipeline: [engine-input] vk=0x1D KeyDown ts=50791133us delay=0ms state=Idle mods(c=false s=false a=false w=false) gas_ctrl=false phys_ctrl=false extra=0x5350494B pending_drain=0 gate_active=false l_thumb=Some(50791105) r_thumb=None [diag-
2026-09-21T03:28:26.467347Z DEBUG awase::journal: key input seq=343 elapsed_ms=50793 vk_code=29 is_down=true injected=false key_class="LeftThumb" state_before="Idle" state_after="PendingThumb(vk=0x1D,left=true)" decision="Consume" physical="Allow" repeat_count=1 last_timestamp_us=50791133 last_elaps
2026-09-21T03:28:26.589921Z DEBUG awase_windows::runtime::key_pipeline: [engine-input] vk=0x1D KeyUp ts=50914261us delay=0ms state=Idle mods(c=false s=false a=false w=false) gas_ctrl=false phys_ctrl=false extra=0x5350494B pending_drain=0 gate_active=false l_thumb=None r_thumb=None [diag-ctx] ime_on=
2026-09-21T03:28:26.590013Z DEBUG awase::journal: key input seq=345 elapsed_ms=50916 vk_code=29 is_down=false injected=false key_class="LeftThumb" state_before="Idle" state_after="Idle" decision="Consume" physical="Allow" repeat_count=1 last_timestamp_us=50914261 last_elapsed_ms=0
2026-09-21T03:28:26.766346Z DEBUG awase_windows::runtime::ime_refresh: Skipping observer/SSOT write: typing active (idle=172ms)
2026-09-21T03:28:27.271075Z DEBUG awase_windows::observer::ime_observer: IME snapshot: japanese=Some(true) ime_on=Some(true) romaji=Some(true) conv=Some("0x00000019") guard=false
2026-09-21T03:28:27.271205Z DEBUG awase::journal: ime event seq=346 elapsed_ms=51597 event_kind="ObserverReported"
2026-09-21T03:28:27.271258Z DEBUG awase::journal: ime event seq=347 elapsed_ms=51597 event_kind="InputModeObserved"
2026-09-21T03:28:27.787773Z DEBUG awase_windows::observer::ime_observer: IME snapshot: japanese=Some(true) ime_on=Some(true) romaji=Some(true) conv=Some("0x00000019") guard=false
2026-09-21T03:28:27.787843Z DEBUG awase::journal: ime event seq=348 elapsed_ms=52113 event_kind="ObserverReported"
2026-09-21T03:28:27.787868Z DEBUG awase::journal: ime event seq=349 elapsed_ms=52113 event_kind="InputModeObserved"
2026-09-21T03:28:28.300222Z DEBUG awase_windows::observer::ime_observer: IME snapshot: japanese=Some(true) ime_on=Some(true) romaji=Some(true) conv=Some("0x00000019") guard=false
2026-09-21T03:28:28.300280Z DEBUG awase::journal: ime event seq=350 elapsed_ms=52626 event_kind="ObserverReported"
2026-09-21T03:28:28.300301Z DEBUG awase::journal: ime event seq=351 elapsed_ms=52626 event_kind="InputModeObserved"
2026-09-21T03:28:28.407254Z DEBUG awase_windows::runtime::key_pipeline: [engine-input] vk=0x0D KeyDown ts=52731418us delay=0ms state=Idle mods(c=false s=false a=false w=false) gas_ctrl=false phys_ctrl=false extra=0x5350494B pending_drain=0 gate_active=false l_thumb=None r_thumb=None [diag-ctx] ime_o
2026-09-21T03:28:28.407411Z DEBUG awase::journal: key input seq=352 elapsed_ms=52733 vk_code=13 is_down=true injected=false key_class="Passthrough" state_before="Idle" state_after="Idle" decision="PassThrough" physical="Allow" repeat_count=1 last_timestamp_us=52731418 last_elapsed_ms=0
2026-09-21T03:28:28.407550Z DEBUG execute_from_hook: awase_windows::runtime::executor: [relay-passthrough] PassThrough idle: direct OS pass-through (vk=0x0d down)
2026-09-21T03:28:28.407663Z DEBUG execute_one{generation=None}: awase_windows::runtime::executor: [reinject] vk=0x0d down (queued passthrough now firing)
2026-09-21T03:28:28.421315Z DEBUG awase_windows::tsf::gji_monitor: [gji-io] WRITE: w_ops=+1 w_KB=+0.0 (r_ops=+2 x_ops=+2 x_KB=+0.0)
2026-09-21T03:28:28.531620Z DEBUG awase_windows::runtime::key_pipeline: [engine-input] vk=0x0D KeyUp ts=52855946us delay=0ms state=Idle mods(c=false s=false a=false w=false) gas_ctrl=false phys_ctrl=false extra=0x5350494B pending_drain=0 gate_active=false l_thumb=None r_thumb=None [diag-ctx] ime_on=
2026-09-21T03:28:28.531722Z DEBUG awase::journal: key input seq=353 elapsed_ms=52857 vk_code=13 is_down=false injected=false key_class="Passthrough" state_before="Idle" state_after="Idle" decision="PassThrough" physical="Allow" repeat_count=1 last_timestamp_us=52855946 last_elapsed_ms=0
2026-09-21T03:28:28.531820Z DEBUG execute_from_hook: awase_windows::runtime::executor: [relay-passthrough] PassThrough idle: direct OS pass-through (vk=0x0d up)
2026-09-21T03:28:28.531889Z DEBUG execute_one{generation=None}: awase_windows::runtime::executor: [reinject] vk=0x0d up (queued passthrough now firing)
2026-09-21T03:28:28.798765Z DEBUG awase_windows::runtime::ime_refresh: Skipping observer/SSOT write: typing active (idle=265ms)
2026-09-21T03:28:29.301791Z DEBUG awase_windows::observer::ime_observer: IME snapshot: japanese=Some(true) ime_on=Some(true) romaji=Some(true) conv=Some("0x00000019") guard=false
2026-09-21T03:28:29.301870Z DEBUG awase::journal: ime event seq=354 elapsed_ms=53628 event_kind="ObserverReported"
2026-09-21T03:28:29.301897Z DEBUG awase::journal: ime event seq=355 elapsed_ms=53628 event_kind="InputModeObserved"
2026-09-21T03:28:29.816119Z DEBUG awase_windows::observer::ime_observer: IME snapshot: japanese=Some(true) ime_on=Some(true) romaji=Some(true) conv=Some("0x00000019") guard=false
2026-09-21T03:28:29.816199Z DEBUG awase::journal: ime event seq=356 elapsed_ms=54142 event_kind="ObserverReported"
2026-09-21T03:28:29.816228Z DEBUG awase::journal: ime event seq=357 elapsed_ms=54142 event_kind="InputModeObserved"
2026-09-21T03:28:30.313517Z DEBUG awase_windows::observer::ime_observer: IME snapshot: japanese=Some(true) ime_on=Some(true) romaji=Some(true) conv=Some("0x00000019") guard=false
2026-09-21T03:28:30.313611Z DEBUG awase::journal: ime event seq=358 elapsed_ms=54639 event_kind="ObserverReported"
2026-09-21T03:28:30.313650Z DEBUG awase::journal: ime event seq=359 elapsed_ms=54639 event_kind="InputModeObserved"
2026-09-21T03:28:30.343178Z DEBUG awase_windows::runtime::key_pipeline: [engine-input] vk=0x4B KeyDown ts=54667528us delay=0ms state=Idle mods(c=false s=false a=false w=false) gas_ctrl=false phys_ctrl=false extra=0x5350494B pending_drain=0 gate_active=false l_thumb=None r_thumb=None [diag-ctx] ime_o
2026-09-21T03:28:30.343279Z DEBUG awase::journal: key input seq=360 elapsed_ms=54669 vk_code=75 is_down=true injected=false key_class="Char" state_before="Idle" state_after="PendingChar(vk=0x4B)" decision="Consume" physical="Allow" repeat_count=1 last_timestamp_us=54667528 last_elapsed_ms=0
2026-09-21T03:28:30.453117Z DEBUG execute_from_loop:execute_one{generation=None}: awase_windows::output: send_keys: mode=Unicode actions=[Char('き')] prev_elapsed=9672ms
2026-09-21T03:28:30.453241Z DEBUG execute_from_loop:execute_one{generation=None}: awase_windows::tsf::probe: [mark-send] last_send_ms=53321500
2026-09-21T03:28:30.453276Z DEBUG execute_from_loop:execute_one{generation=None}: awase_windows::output:   → Char('き') via Unicode
2026-09-21T03:28:30.455773Z DEBUG execute_from_loop:execute_one{generation=None}: awase_windows::tsf::probe: [mark-send] last_send_ms=53321500
2026-09-21T03:28:30.461615Z  INFO awase_windows::tsf::win_event_obs: [gji-obs] candidate SHOW #2: last_gji_write=2047ms ago
2026-09-21T03:28:30.469826Z DEBUG awase_windows::runtime::key_pipeline: [engine-input] vk=0x4B KeyUp ts=54794124us delay=0ms state=Idle mods(c=false s=false a=false w=false) gas_ctrl=false phys_ctrl=false extra=0x5350494B pending_drain=0 gate_active=false l_thumb=None r_thumb=None [diag-ctx] ime_on=
2026-09-21T03:28:30.470102Z DEBUG awase::journal: key input seq=362 elapsed_ms=54796 vk_code=75 is_down=false injected=false key_class="Char" state_before="Idle" state_after="Idle" decision="Consume" physical="Allow" repeat_count=1 last_timestamp_us=54794124 last_elapsed_ms=0
2026-09-21T03:28:30.470217Z DEBUG execute_one{generation=None}: awase_windows::output: send_keys: mode=Unicode actions=[Suppress] prev_elapsed=15ms
2026-09-21T03:28:30.470241Z DEBUG execute_one{generation=None}: awase_windows::tsf::probe: [mark-send] last_send_ms=53321515
2026-09-21T03:28:30.470253Z DEBUG execute_one{generation=None}: awase_windows::output:   → Suppress
2026-09-21T03:28:30.470262Z DEBUG execute_one{generation=None}: awase_windows::tsf::probe: [mark-send] last_send_ms=53321515
2026-09-21T03:28:30.470295Z DEBUG execute_one{generation=None}: awase_windows::platform: [gji-fsm] StartComposition (candidate SHOW)
2026-09-21T03:28:30.470320Z DEBUG execute_one{generation=None}:gji_on_event{event=StartComposition}: awase_windows::tsf::gji_fsm: [gji-fsm] StartComposition: OnWarm → OnComposing(AlreadyWarm)
2026-09-21T03:28:30.470402Z DEBUG awase::journal: gji fsm transition seq=363 elapsed_ms=54796 trigger="StartComposition(candidate SHOW)" state_before="OnWarm" state_after="OnComposing(Warm)"
2026-09-21T03:28:30.470632Z DEBUG awase_windows::tsf::gji_monitor: [gji-io] WRITE: w_ops=+2 w_KB=+0.3 (r_ops=+4 x_ops=+4 x_KB=+0.0)
2026-09-21T03:28:30.817038Z DEBUG awase_windows::runtime::ime_refresh: Skipping observer/SSOT write: typing active (idle=344ms)
2026-09-21T03:28:31.329601Z DEBUG awase_windows::observer::ime_observer: IME snapshot: japanese=Some(true) ime_on=Some(true) romaji=Some(true) conv=Some("0x00000019") guard=false
2026-09-21T03:28:31.329685Z DEBUG awase::journal: ime event seq=364 elapsed_ms=55655 event_kind="ObserverReported"
2026-09-21T03:28:31.329712Z DEBUG awase::journal: ime event seq=365 elapsed_ms=55655 event_kind="InputModeObserved"
2026-09-21T03:28:31.827936Z DEBUG awase_windows::observer::ime_observer: IME snapshot: japanese=Some(true) ime_on=Some(true) romaji=Some(true) conv=Some("0x00000019") guard=false
2026-09-21T03:28:31.828023Z DEBUG awase::journal: ime event seq=366 elapsed_ms=56154 event_kind="ObserverReported"
2026-09-21T03:28:31.828059Z DEBUG awase::journal: ime event seq=367 elapsed_ms=56154 event_kind="InputModeObserved"
2026-09-21T03:28:32.282155Z DEBUG awase_windows::hook: [hook] IME-mode vk=0xF2 down self_injected=false injected=false scan=0x70 extra=0x5350494B since_actuation_us=Some(45189873)
2026-09-21T03:28:32.282371Z DEBUG awase::journal: hook ime-mode diagnostic seq=368 elapsed_ms=56608 vk_code=242 is_down=true self_injected=false injected=false scan=112
2026-09-21T03:28:32.282626Z DEBUG awase_windows::runtime::key_pipeline: [engine-input] vk=0xF2 KeyDown ts=56606811us delay=0ms state=Idle mods(c=false s=false a=false w=false) gas_ctrl=false phys_ctrl=false extra=0x5350494B pending_drain=0 gate_active=false l_thumb=None r_thumb=None [diag-ctx] ime_o
2026-09-21T03:28:32.282755Z DEBUG awase::journal: key input seq=369 elapsed_ms=56609 vk_code=242 is_down=true injected=false key_class="Passthrough" state_before="Idle" state_after="Idle" decision="PassThrough" physical="Allow" repeat_count=1 last_timestamp_us=56606811 last_elapsed_ms=0
2026-09-21T03:28:32.282857Z DEBUG awase_windows::runtime::key_pipeline: may_change_ime key passed through → IME refresh scheduled (20ms)
2026-09-21T03:28:32.282920Z  INFO awase_windows::runtime::key_pipeline: [mode-key-follow] mode key PassThrough(vk=0xF2): IME refresh scheduled (20ms)
2026-09-21T03:28:32.283978Z  INFO awase_windows::runtime::key_pipeline: [key-effect-predict] vk=0xF2 status=Pre open=None mode=Some(ObservedEisu)
2026-09-21T03:28:32.284065Z DEBUG awase::journal: ime event seq=370 elapsed_ms=56610 event_kind="KeyEffectPredicted"
2026-09-21T03:28:32.284141Z DEBUG awase::engine::engine: [diag-engine-active] ime_on=true なのに非活性: reason=Inactive(NotRomajiInput) romaji_capable=false japanese=true user_enabled=true was_active=true input_mode=ObservedEisu
2026-09-21T03:28:32.284205Z  INFO awase::engine::engine: Engine deactivated (ime=true, romaji=false, japanese=true, user=true, reason=Inactive(NotRomajiInput))
2026-09-21T03:28:32.286104Z DEBUG execute_from_hook: awase_windows::runtime::executor: [relay-passthrough] PassThrough idle: direct OS pass-through (vk=0xf2 down)
2026-09-21T03:28:32.286213Z DEBUG execute_one{generation=None}: awase_windows::runtime::executor: [reinject] vk=0xf2 down (queued passthrough now firing)
2026-09-21T03:28:32.286433Z DEBUG awase_windows::hook: [hook] IME-mode vk=0xF2 down self_injected=true injected=true scan=0x0 extra=0x4B45594D since_actuation_us=Some(45194171)
2026-09-21T03:28:32.288103Z DEBUG awase::journal: hook ime-mode diagnostic seq=371 elapsed_ms=56614 vk_code=242 is_down=true self_injected=true injected=true scan=0
2026-09-21T03:28:32.296041Z DEBUG awase_windows::tsf::gji_monitor: [gji-io] WRITE: w_ops=+2 w_KB=+0.5 (r_ops=+4 x_ops=+4 x_KB=+0.0)
2026-09-21T03:28:32.317831Z DEBUG awase_windows::runtime::ime_refresh: Explicit intent: bypassing typing-idle guard for IME verify (idle=47ms)
2026-09-21T03:28:32.317907Z DEBUG awase_windows::observer::ime_observer: IME snapshot: japanese=Some(true) ime_on=Some(true) romaji=None conv=Some("0x00000010") guard=false
2026-09-21T03:28:32.318049Z DEBUG awase::journal: ime event seq=372 elapsed_ms=56644 event_kind="ObserverReported"
2026-09-21T03:28:32.318121Z DEBUG awase::journal: ime event seq=373 elapsed_ms=56644 event_kind="ModeKeyPassedThrough"
2026-09-21T03:28:32.318155Z  INFO awase_windows::runtime::ime_refresh: [mode-key-follow] observation arrived after mode key pass: intents invalidated
2026-09-21T03:28:32.318264Z DEBUG awase::engine::engine: [diag-engine-active] ime_on=true なのに非活性: reason=Inactive(NotRomajiInput) romaji_capable=false japanese=true user_enabled=true was_active=false input_mode=ObservedEisu
2026-09-21T03:28:32.393521Z DEBUG awase_windows::runtime::ime_refresh: Explicit intent: bypassing typing-idle guard for IME verify (idle=109ms)
2026-09-21T03:28:32.393585Z DEBUG awase_windows::observer::ime_observer: IME snapshot: japanese=Some(true) ime_on=Some(true) romaji=None conv=Some("0x00000010") guard=false
2026-09-21T03:28:32.393682Z DEBUG awase::journal: ime event seq=374 elapsed_ms=56719 event_kind="ObserverReported"
2026-09-21T03:28:32.393718Z  INFO awase_windows::runtime::ime_refresh: [mode-key-follow] observation arrived after mode key pass: intents invalidated
2026-09-21T03:28:32.393839Z DEBUG awase::engine::engine: [diag-engine-active] ime_on=true なのに非活性: reason=Inactive(NotRomajiInput) romaji_capable=false japanese=true user_enabled=true was_active=false input_mode=ObservedEisu
2026-09-21T03:28:32.455888Z DEBUG awase_windows::runtime::ime_refresh: Explicit intent: bypassing typing-idle guard for IME verify (idle=172ms)
2026-09-21T03:28:32.455943Z DEBUG awase_windows::observer::ime_observer: IME snapshot: japanese=Some(true) ime_on=Some(true) romaji=None conv=Some("0x00000010") guard=false
2026-09-21T03:28:32.456038Z DEBUG awase::journal: ime event seq=375 elapsed_ms=56782 event_kind="ObserverReported"
2026-09-21T03:28:32.456075Z  INFO awase_windows::runtime::ime_refresh: [mode-key-follow] observation arrived after mode key pass: intents invalidated
2026-09-21T03:28:32.456141Z DEBUG awase::engine::engine: [diag-engine-active] ime_on=true なのに非活性: reason=Inactive(NotRomajiInput) romaji_capable=false japanese=true user_enabled=true was_active=false input_mode=ObservedEisu
2026-09-21T03:28:32.518607Z DEBUG awase_windows::runtime::ime_refresh: Explicit intent: bypassing typing-idle guard for IME verify (idle=234ms)
2026-09-21T03:28:32.518661Z DEBUG awase_windows::observer::ime_observer: IME snapshot: japanese=Some(true) ime_on=Some(true) romaji=None conv=Some("0x00000010") guard=false
2026-09-21T03:28:32.518743Z DEBUG awase::journal: ime event seq=376 elapsed_ms=56845 event_kind="ObserverReported"
2026-09-21T03:28:32.518789Z  INFO awase_windows::runtime::ime_refresh: [mode-key-follow] observation arrived after mode key pass: intents invalidated
2026-09-21T03:28:32.518854Z DEBUG awase::engine::engine: [diag-engine-active] ime_on=true なのに非活性: reason=Inactive(NotRomajiInput) romaji_capable=false japanese=true user_enabled=true was_active=false input_mode=ObservedEisu
2026-09-21T03:28:32.580994Z DEBUG awase_windows::runtime::ime_refresh: Explicit intent: bypassing typing-idle guard for IME verify (idle=297ms)
2026-09-21T03:28:32.581049Z DEBUG awase_windows::observer::ime_observer: IME snapshot: japanese=Some(true) ime_on=Some(true) romaji=None conv=Some("0x00000010") guard=false
2026-09-21T03:28:32.581130Z DEBUG awase::journal: ime event seq=377 elapsed_ms=56907 event_kind="ObserverReported"
2026-09-21T03:28:32.581162Z  INFO awase_windows::runtime::ime_refresh: [mode-key-follow] observation arrived after mode key pass: intents invalidated
2026-09-21T03:28:32.581224Z DEBUG awase::engine::engine: [diag-engine-active] ime_on=true なのに非活性: reason=Inactive(NotRomajiInput) romaji_capable=false japanese=true user_enabled=true was_active=false input_mode=ObservedEisu
2026-09-21T03:28:32.645614Z DEBUG awase_windows::runtime::ime_refresh: Skipping observer/SSOT write: typing active (idle=359ms)
2026-09-21T03:28:32.645742Z DEBUG awase::engine::engine: [diag-engine-active] ime_on=true なのに非活性: reason=Inactive(NotRomajiInput) romaji_capable=false japanese=true user_enabled=true was_active=false input_mode=ObservedEisu
2026-09-21T03:28:33.156124Z DEBUG awase_windows::observer::ime_observer: IME snapshot: japanese=Some(true) ime_on=Some(true) romaji=None conv=Some("0x00000010") guard=false
2026-09-21T03:28:33.156212Z DEBUG awase::journal: ime event seq=378 elapsed_ms=57482 event_kind="ObserverReported"
2026-09-21T03:28:33.156282Z DEBUG awase::engine::engine: [diag-engine-active] ime_on=true なのに非活性: reason=Inactive(NotRomajiInput) romaji_capable=false japanese=true user_enabled=true was_active=false input_mode=ObservedEisu
2026-09-21T03:28:33.663416Z DEBUG awase_windows::observer::ime_observer: IME snapshot: japanese=Some(true) ime_on=Some(true) romaji=None conv=Some("0x00000010") guard=false
2026-09-21T03:28:33.663523Z DEBUG awase::journal: ime event seq=379 elapsed_ms=57989 event_kind="ObserverReported"
2026-09-21T03:28:33.663595Z DEBUG awase::engine::engine: [diag-engine-active] ime_on=true なのに非活性: reason=Inactive(NotRomajiInput) romaji_capable=false japanese=true user_enabled=true was_active=false input_mode=ObservedEisu
2026-09-21T03:28:34.180111Z DEBUG awase_windows::observer::ime_observer: IME snapshot: japanese=Some(true) ime_on=Some(true) romaji=None conv=Some("0x00000010") guard=false
2026-09-21T03:28:34.180168Z DEBUG awase::journal: ime event seq=380 elapsed_ms=58506 event_kind="ObserverReported"
2026-09-21T03:28:34.180217Z DEBUG awase::engine::engine: [diag-engine-active] ime_on=true なのに非活性: reason=Inactive(NotRomajiInput) romaji_capable=false japanese=true user_enabled=true was_active=false input_mode=ObservedEisu
2026-09-21T03:28:34.217203Z DEBUG awase_windows::runtime::key_pipeline: [engine-input] vk=0x41 KeyDown ts=58541331us delay=0ms state=Idle mods(c=false s=false a=false w=false) gas_ctrl=false phys_ctrl=false extra=0x5350494B pending_drain=0 gate_active=false l_thumb=None r_thumb=None [diag-ctx] ime_o
2026-09-21T03:28:34.217274Z DEBUG awase::engine::engine: [diag-engine-active] ime_on=true なのに非活性: reason=Inactive(NotRomajiInput) romaji_capable=false japanese=true user_enabled=true was_active=false input_mode=ObservedEisu
2026-09-21T03:28:34.217351Z DEBUG awase::journal: key input seq=381 elapsed_ms=58543 vk_code=65 is_down=true injected=false key_class="Char" state_before="Idle" state_after="Idle" decision="PassThrough" physical="Allow" repeat_count=1 last_timestamp_us=58541331 last_elapsed_ms=0
2026-09-21T03:28:34.218273Z DEBUG execute_one{generation=None}: awase_windows::runtime::executor: [reinject] vk=0x41 down (queued passthrough now firing)
2026-09-21T03:28:34.232073Z DEBUG awase_windows::tsf::gji_monitor: [gji-io] WRITE: w_ops=+2 w_KB=+0.6 (r_ops=+4 x_ops=+4 x_KB=+0.0)
2026-09-21T03:28:34.341455Z DEBUG awase_windows::runtime::key_pipeline: [engine-input] vk=0x41 KeyUp ts=58665615us delay=0ms state=Idle mods(c=false s=false a=false w=false) gas_ctrl=false phys_ctrl=false extra=0x5350494B pending_drain=0 gate_active=false l_thumb=None r_thumb=None [diag-ctx] ime_on=
2026-09-21T03:28:34.341535Z DEBUG awase::engine::engine: [diag-engine-active] ime_on=true なのに非活性: reason=Inactive(NotRomajiInput) romaji_capable=false japanese=true user_enabled=true was_active=false input_mode=ObservedEisu
2026-09-21T03:28:34.341634Z DEBUG awase::journal: key input seq=382 elapsed_ms=58667 vk_code=65 is_down=false injected=false key_class="Char" state_before="Idle" state_after="Idle" decision="PassThrough" physical="Allow" repeat_count=1 last_timestamp_us=58665615 last_elapsed_ms=0
2026-09-21T03:28:34.341841Z DEBUG execute_one{generation=None}: awase_windows::runtime::executor: [reinject] vk=0x41 up (queued passthrough now firing)
2026-09-21T03:28:34.686265Z DEBUG awase_windows::runtime::ime_refresh: Skipping observer/SSOT write: typing active (idle=344ms)
2026-09-21T03:28:34.686334Z DEBUG awase::engine::engine: [diag-engine-active] ime_on=true なのに非活性: reason=Inactive(NotRomajiInput) romaji_capable=false japanese=true user_enabled=true was_active=false input_mode=ObservedEisu
2026-09-21T03:28:35.186518Z DEBUG awase_windows::observer::ime_observer: IME snapshot: japanese=Some(true) ime_on=Some(true) romaji=None conv=Some("0x00000010") guard=false
2026-09-21T03:28:35.186605Z DEBUG awase::journal: ime event seq=383 elapsed_ms=59512 event_kind="ObserverReported"
2026-09-21T03:28:35.186675Z DEBUG awase::engine::engine: [diag-engine-active] ime_on=true なのに非活性: reason=Inactive(NotRomajiInput) romaji_capable=false japanese=true user_enabled=true was_active=false input_mode=ObservedEisu
2026-09-21T03:28:35.692340Z DEBUG awase_windows::observer::ime_observer: IME snapshot: japanese=Some(true) ime_on=Some(true) romaji=None conv=Some("0x00000010") guard=false
2026-09-21T03:28:35.692421Z DEBUG awase::journal: ime event seq=384 elapsed_ms=60018 event_kind="ObserverReported"
2026-09-21T03:28:35.692484Z DEBUG awase::engine::engine: [diag-engine-active] ime_on=true なのに非活性: reason=Inactive(NotRomajiInput) romaji_capable=false japanese=true user_enabled=true was_active=false input_mode=ObservedEisu
2026-09-21T03:28:36.154079Z DEBUG awase_windows::runtime::key_pipeline: [engine-input] vk=0x0D KeyDown ts=60478376us delay=0ms state=Idle mods(c=false s=false a=false w=false) gas_ctrl=false phys_ctrl=false extra=0x5350494B pending_drain=0 gate_active=false l_thumb=None r_thumb=None [diag-ctx] ime_o
2026-09-21T03:28:36.154129Z DEBUG awase::engine::engine: [diag-engine-active] ime_on=true なのに非活性: reason=Inactive(NotRomajiInput) romaji_capable=false japanese=true user_enabled=true was_active=false input_mode=ObservedEisu
2026-09-21T03:28:36.154199Z DEBUG awase::journal: key input seq=385 elapsed_ms=60480 vk_code=13 is_down=true injected=false key_class="Passthrough" state_before="Idle" state_after="Idle" decision="PassThrough" physical="Allow" repeat_count=1 last_timestamp_us=60478376 last_elapsed_ms=0
2026-09-21T03:28:36.154334Z DEBUG execute_from_hook: awase_windows::runtime::executor: [relay-passthrough] PassThrough idle: direct OS pass-through (vk=0x0d down)
2026-09-21T03:28:36.154430Z DEBUG execute_one{generation=None}: awase_windows::runtime::executor: [reinject] vk=0x0d down (queued passthrough now firing)
2026-09-21T03:28:36.158059Z  INFO awase_windows::tsf::win_event_obs: [gji-obs] candidate HIDE: last_gji_write=1922ms ago
2026-09-21T03:28:36.169033Z DEBUG awase_windows::tsf::gji_monitor: [gji-io] WRITE: w_ops=+2 w_KB=+0.4 (r_ops=+4 x_ops=+4 x_KB=+0.0)
2026-09-21T03:28:36.203969Z DEBUG awase_windows::runtime::ime_refresh: Skipping observer/SSOT write: typing active (idle=47ms)
2026-09-21T03:28:36.204044Z DEBUG awase::engine::engine: [diag-engine-active] ime_on=true なのに非活性: reason=Inactive(NotRomajiInput) romaji_capable=false japanese=true user_enabled=true was_active=false input_mode=ObservedEisu
2026-09-21T03:28:36.281491Z DEBUG awase_windows::runtime::key_pipeline: [engine-input] vk=0x0D KeyUp ts=60605405us delay=0ms state=Idle mods(c=false s=false a=false w=false) gas_ctrl=false phys_ctrl=false extra=0x5350494B pending_drain=0 gate_active=false l_thumb=None r_thumb=None [diag-ctx] ime_on=
2026-09-21T03:28:36.281563Z DEBUG awase::engine::engine: [diag-engine-active] ime_on=true なのに非活性: reason=Inactive(NotRomajiInput) romaji_capable=false japanese=true user_enabled=true was_active=false input_mode=ObservedEisu
2026-09-21T03:28:36.281655Z DEBUG awase::journal: key input seq=386 elapsed_ms=60608 vk_code=13 is_down=false injected=false key_class="Passthrough" state_before="Idle" state_after="Idle" decision="PassThrough" physical="Allow" repeat_count=1 last_timestamp_us=60605405 last_elapsed_ms=0
2026-09-21T03:28:36.281772Z DEBUG execute_from_hook: awase_windows::runtime::executor: [relay-passthrough] PassThrough idle: direct OS pass-through (vk=0x0d up)
2026-09-21T03:28:36.281914Z DEBUG execute_one{generation=None}: awase_windows::runtime::executor: [reinject] vk=0x0d up (queued passthrough now firing)
2026-09-21T03:28:36.284058Z DEBUG awase_windows::platform: [gji-fsm] EndComposition (candidate HIDE) epoch=FocusEpoch(2)
2026-09-21T03:28:36.284544Z DEBUG awase::journal: gji fsm transition seq=387 elapsed_ms=60610 trigger="EndComposition(candidate HIDE, epoch=FocusEpoch(2))" state_before="OnComposing(Warm)" state_after="OnWarm"
2026-09-21T03:28:36.703937Z DEBUG awase_windows::runtime::ime_refresh: Skipping observer/SSOT write: typing active (idle=422ms)
2026-09-21T03:28:36.704041Z DEBUG awase::engine::engine: [diag-engine-active] ime_on=true なのに非活性: reason=Inactive(NotRomajiInput) romaji_capable=false japanese=true user_enabled=true was_active=false input_mode=ObservedEisu
2026-09-21T03:28:37.202051Z DEBUG awase_windows::observer::ime_observer: IME snapshot: japanese=Some(true) ime_on=Some(true) romaji=None conv=Some("0x00000010") guard=false
2026-09-21T03:28:37.202121Z DEBUG awase::journal: ime event seq=388 elapsed_ms=61528 event_kind="ObserverReported"
2026-09-21T03:28:37.202290Z DEBUG awase::engine::engine: [diag-engine-active] ime_on=true なのに非活性: reason=Inactive(NotRomajiInput) romaji_capable=false japanese=true user_enabled=true was_active=false input_mode=ObservedEisu
2026-09-21T03:28:37.701661Z DEBUG awase_windows::observer::ime_observer: IME snapshot: japanese=Some(true) ime_on=Some(true) romaji=None conv=Some("0x00000010") guard=false
2026-09-21T03:28:37.701719Z DEBUG awase::journal: ime event seq=389 elapsed_ms=62028 event_kind="ObserverReported"
2026-09-21T03:28:37.701802Z DEBUG awase::engine::engine: [diag-engine-active] ime_on=true なのに非活性: reason=Inactive(NotRomajiInput) romaji_capable=false japanese=true user_enabled=true was_active=false input_mode=ObservedEisu
2026-09-21T03:28:38.089256Z DEBUG awase_windows::runtime::key_pipeline: [engine-input] vk=0x1B KeyDown ts=62413507us delay=0ms state=Idle mods(c=false s=false a=false w=false) gas_ctrl=false phys_ctrl=false extra=0x5350494B pending_drain=0 gate_active=false l_thumb=None r_thumb=None [diag-ctx] ime_o
2026-09-21T03:28:38.089319Z DEBUG awase::engine::engine: [diag-engine-active] ime_on=true なのに非活性: reason=Inactive(NotRomajiInput) romaji_capable=false japanese=true user_enabled=true was_active=false input_mode=ObservedEisu
2026-09-21T03:28:38.089406Z DEBUG awase::journal: key input seq=390 elapsed_ms=62415 vk_code=27 is_down=true injected=false key_class="Passthrough" state_before="Idle" state_after="Idle" decision="PassThrough" physical="Allow" repeat_count=1 last_timestamp_us=62413507 last_elapsed_ms=0
2026-09-21T03:28:38.089526Z DEBUG execute_from_hook: awase_windows::runtime::executor: [relay-passthrough] PassThrough idle: direct OS pass-through (vk=0x1b down)
2026-09-21T03:28:38.089618Z DEBUG execute_one{generation=None}: awase_windows::runtime::executor: [reinject] vk=0x1b down (queued passthrough now firing)
2026-09-21T03:28:38.104419Z DEBUG awase_windows::tsf::gji_monitor: [gji-io] WRITE: w_ops=+1 w_KB=+0.0 (r_ops=+2 x_ops=+2 x_KB=+0.0)
2026-09-21T03:28:38.203026Z DEBUG awase_windows::runtime::ime_refresh: Skipping observer/SSOT write: typing active (idle=110ms)
2026-09-21T03:28:38.203116Z DEBUG awase::engine::engine: [diag-engine-active] ime_on=true なのに非活性: reason=Inactive(NotRomajiInput) romaji_capable=false japanese=true user_enabled=true was_active=false input_mode=ObservedEisu
2026-09-21T03:28:38.215614Z DEBUG awase_windows::runtime::key_pipeline: [engine-input] vk=0x1B KeyUp ts=62539925us delay=0ms state=Idle mods(c=false s=false a=false w=false) gas_ctrl=false phys_ctrl=false extra=0x5350494B pending_drain=0 gate_active=false l_thumb=None r_thumb=None [diag-ctx] ime_on=
2026-09-21T03:28:38.215658Z DEBUG awase::engine::engine: [diag-engine-active] ime_on=true なのに非活性: reason=Inactive(NotRomajiInput) romaji_capable=false japanese=true user_enabled=true was_active=false input_mode=ObservedEisu
2026-09-21T03:28:38.215728Z DEBUG awase::journal: key input seq=391 elapsed_ms=62542 vk_code=27 is_down=false injected=false key_class="Passthrough" state_before="Idle" state_after="Idle" decision="PassThrough" physical="Allow" repeat_count=1 last_timestamp_us=62539925 last_elapsed_ms=0
2026-09-21T03:28:38.215830Z DEBUG execute_from_hook: awase_windows::runtime::executor: [relay-passthrough] PassThrough idle: direct OS pass-through (vk=0x1b up)
2026-09-21T03:28:38.215907Z DEBUG execute_one{generation=None}: awase_windows::runtime::executor: [reinject] vk=0x1b up (queued passthrough now firing)
2026-09-21T03:28:38.702289Z DEBUG awase_windows::runtime::ime_refresh: Skipping observer/SSOT write: typing active (idle=485ms)
2026-09-21T03:28:38.702383Z DEBUG awase::engine::engine: [diag-engine-active] ime_on=true なのに非活性: reason=Inactive(NotRomajiInput) romaji_capable=false japanese=true user_enabled=true was_active=false input_mode=ObservedEisu
2026-09-21T03:28:39.200517Z DEBUG awase_windows::observer::ime_observer: IME snapshot: japanese=Some(true) ime_on=Some(true) romaji=None conv=Some("0x00000010") guard=false
2026-09-21T03:28:39.200609Z DEBUG awase::journal: ime event seq=392 elapsed_ms=63527 event_kind="ObserverReported"
2026-09-21T03:28:39.200683Z DEBUG awase::engine::engine: [diag-engine-active] ime_on=true なのに非活性: reason=Inactive(NotRomajiInput) romaji_capable=false japanese=true user_enabled=true was_active=false input_mode=ObservedEisu
2026-09-21T03:28:39.699230Z DEBUG awase_windows::observer::ime_observer: IME snapshot: japanese=Some(true) ime_on=Some(true) romaji=None conv=Some("0x00000010") guard=false
2026-09-21T03:28:39.699322Z DEBUG awase::journal: ime event seq=393 elapsed_ms=64025 event_kind="ObserverReported"
2026-09-21T03:28:39.699395Z DEBUG awase::engine::engine: [diag-engine-active] ime_on=true なのに非活性: reason=Inactive(NotRomajiInput) romaji_capable=false japanese=true user_enabled=true was_active=false input_mode=ObservedEisu
2026-09-21T03:28:40.023254Z DEBUG awase_windows::hook: [hook] IME-mode vk=0xF0 up self_injected=false injected=false scan=0x70 extra=0x5350494B since_actuation_us=Some(52930973)
2026-09-21T03:28:40.023453Z DEBUG awase::journal: hook ime-mode diagnostic seq=394 elapsed_ms=64349 vk_code=240 is_down=false self_injected=false injected=false scan=112
2026-09-21T03:28:40.023713Z DEBUG awase_windows::runtime::key_pipeline: [engine-input] vk=0xF0 KeyUp ts=64347899us delay=0ms state=Idle mods(c=false s=false a=false w=false) gas_ctrl=false phys_ctrl=false extra=0x5350494B pending_drain=0 gate_active=false l_thumb=None r_thumb=None [diag-ctx] ime_on=
2026-09-21T03:28:40.023763Z DEBUG awase::engine::engine: [diag-engine-active] ime_on=true なのに非活性: reason=Inactive(NotRomajiInput) romaji_capable=false japanese=true user_enabled=true was_active=false input_mode=ObservedEisu
2026-09-21T03:28:40.023851Z DEBUG awase::journal: key input seq=395 elapsed_ms=64350 vk_code=240 is_down=false injected=false key_class="Passthrough" state_before="Idle" state_after="Idle" decision="PassThrough" physical="Allow" repeat_count=1 last_timestamp_us=64347899 last_elapsed_ms=0
2026-09-21T03:28:40.023965Z DEBUG execute_from_hook: awase_windows::runtime::executor: [relay-passthrough] PassThrough idle: direct OS pass-through (vk=0xf0 up)
2026-09-21T03:28:40.024035Z DEBUG awase_windows::hook: [hook] IME-mode vk=0xF2 down self_injected=false injected=false scan=0x70 extra=0x5350494B since_actuation_us=Some(52931776)
2026-09-21T03:28:40.024140Z DEBUG execute_one{generation=None}: awase_windows::runtime::executor: [reinject] vk=0xf0 up (queued passthrough now firing)
2026-09-21T03:28:40.024260Z DEBUG awase::journal: hook ime-mode diagnostic seq=396 elapsed_ms=64350 vk_code=242 is_down=true self_injected=false injected=false scan=112
2026-09-21T03:28:40.024525Z DEBUG awase_windows::runtime::key_pipeline: [engine-input] vk=0xF2 KeyDown ts=64348759us delay=0ms state=Idle mods(c=false s=false a=false w=false) gas_ctrl=false phys_ctrl=false extra=0x5350494B pending_drain=0 gate_active=false l_thumb=None r_thumb=None [diag-ctx] ime_o
2026-09-21T03:28:40.024569Z DEBUG awase::engine::engine: [diag-engine-active] ime_on=true なのに非活性: reason=Inactive(NotRomajiInput) romaji_capable=false japanese=true user_enabled=true was_active=false input_mode=ObservedEisu
2026-09-21T03:28:40.024635Z DEBUG awase::journal: key input seq=397 elapsed_ms=64351 vk_code=242 is_down=true injected=false key_class="Passthrough" state_before="Idle" state_after="Idle" decision="PassThrough" physical="Allow" repeat_count=1 last_timestamp_us=64348759 last_elapsed_ms=0
2026-09-21T03:28:40.024789Z DEBUG awase_windows::runtime::key_pipeline: may_change_ime key passed through → IME refresh scheduled (20ms)
2026-09-21T03:28:40.024845Z  INFO awase_windows::runtime::key_pipeline: [mode-key-follow] mode key PassThrough(vk=0xF2): IME refresh scheduled (20ms)
2026-09-21T03:28:40.025759Z  INFO awase_windows::runtime::key_pipeline: [key-effect-predict] vk=0xF2 status=Pre open=None mode=Some(AssumedRomaji { reason: KeyEffectPrediction })
2026-09-21T03:28:40.025834Z DEBUG awase::journal: ime event seq=398 elapsed_ms=64352 event_kind="KeyEffectPredicted"
2026-09-21T03:28:40.025914Z  INFO awase::engine::engine: Engine activated (ime=true, romaji=true, japanese=true, user=true, reason=Active)
2026-09-21T03:28:40.026072Z DEBUG execute_from_loop:execute_one{generation=None}:dispatch_ime_set_open{open=true generation=None}: awase_windows::runtime::executor: [dispatch-ime] ImmCross async: optimistic applied_snapshot=true (suppress send_engine_state_ime_key)
2026-09-21T03:28:40.027541Z DEBUG execute_from_loop:execute_one{generation=None}: awase_windows::platform: [engine-state-key] suppressed (polling/focus-triggered, enabled=true)
2026-09-21T03:28:40.027706Z DEBUG execute_from_hook: awase_windows::runtime::executor: [relay-passthrough] PassThrough idle: direct OS pass-through (vk=0xf2 down)
2026-09-21T03:28:40.028000Z DEBUG execute_one{generation=None}: awase_windows::runtime::executor: [reinject] vk=0xf2 down (queued passthrough now firing)
2026-09-21T03:28:40.028138Z DEBUG awase_windows::hook: [hook] IME-mode vk=0xF0 up self_injected=true injected=false scan=0x0 extra=0x4B45594D since_actuation_us=Some(52935876)
2026-09-21T03:28:40.030353Z DEBUG awase_windows::hook: [hook] IME-mode vk=0xF2 down self_injected=true injected=true scan=0x0 extra=0x4B45594D since_actuation_us=Some(52938066)
2026-09-21T03:28:40.032555Z DEBUG awase::journal: hook ime-mode diagnostic seq=399 elapsed_ms=64359 vk_code=240 is_down=false self_injected=true injected=false scan=0
2026-09-21T03:28:40.032659Z DEBUG awase::journal: hook ime-mode diagnostic seq=400 elapsed_ms=64359 vk_code=242 is_down=true self_injected=true injected=true scan=0
2026-09-21T03:28:40.032878Z DEBUG run_open_chain_async: awase_windows::ime_controller: [warrant-shadow] chain=async open=true origin=EventOrigin { source: SelfActuated { strategy: "engine_decision_async" }, epoch: Generation(0) } warranted
2026-09-21T03:28:40.032965Z  INFO run_open_chain_async:imm_cross_write{open=true}: awase_windows::runtime::open_chain: [apply-ime] ImmCross async: open=true composition_active=false show_seq=0 change_seq=0 (issue #138診断)
2026-09-21T03:28:40.038324Z DEBUG awase_windows::shadow_send_trace: [shadow-send] channel=ImeControl cmd=0x0006 lparam=1 issue_us=64362674
2026-09-21T03:28:40.038342Z DEBUG awase_windows::ime: set_ime_open_for_target: hwnd=HWND(0x3a083a) ime_wnd=HWND(0xa0912) open=true success=true send_elapsed=0ms candidate_visible=false
2026-09-21T03:28:40.038742Z DEBUG run_open_chain_async:imm_cross_write{open=true}: awase_windows::ime: [imm-cross-actuate] hwnd=HWND(0x3a083a) open=Written conv=Some(Written)
2026-09-21T03:28:40.038796Z DEBUG run_open_chain_async:imm_cross_write{open=true}: awase_windows::runtime::open_chain: [apply-ime] ROMAN 補完結果: Written
2026-09-21T03:28:40.038862Z DEBUG run_open_chain_async: awase::journal: actuation decision seq=401 elapsed_ms=64365 site="DispatchImeSetOpen" caller="None" open=true chain_len=4 attempts_len=1 gate_profile="Standard" gate_kind="Gji" gate_shadow_known=true gate_shadow_on=true gate_input_mode="Assumed
2026-09-21T03:28:40.039033Z DEBUG on_ime_apply_complete{open=true outcome=AppliedWithoutSendInput generation=None reason=EngineDecision}: awase::journal: ime open applied seq=402 elapsed_ms=64365 open=true outcome="AppliedWithoutSendInput" reason="EngineDecision"
2026-09-21T03:28:40.039116Z DEBUG on_ime_apply_complete{open=true outcome=AppliedWithoutSendInput generation=None reason=EngineDecision}: awase_windows::tsf::ime_mode_fsm: [ime-mode] SetOpen(true) applied → Hiragana (belief, unconfirmed)
2026-09-21T03:28:40.039146Z DEBUG on_ime_apply_complete{open=true outcome=AppliedWithoutSendInput generation=None reason=EngineDecision}: awase_windows::platform: [composition] ImeEffect::SetOpen(true) → marking cold
2026-09-21T03:28:40.039170Z DEBUG on_ime_apply_complete{open=true outcome=AppliedWithoutSendInput generation=None reason=EngineDecision}: awase_windows::tsf::probe: [composition] marked cold reason=SetOpenTrue idle=9578ms → next VK/TSF output will send VK_DBE_HIRAGANA warmup
2026-09-21T03:28:40.039222Z DEBUG on_ime_apply_complete{open=true outcome=AppliedWithoutSendInput generation=None reason=EngineDecision}:gji_on_event{event=ImeOn { injection_mode: Unicode, gji_idle_ms: 0 }}: awase_windows::tsf::gji_fsm: [gji-fsm] ImeOn: already on (OnWarm), ignored
2026-09-21T03:28:40.039337Z DEBUG awase::journal: gji fsm transition seq=403 elapsed_ms=64365 trigger="ImeOn(gji_idle_ms=0)" state_before="OnWarm" state_after="OnWarm"
2026-09-21T03:28:40.038388Z DEBUG awase_windows::tsf::gji_monitor: [gji-io] WRITE: w_ops=+2 w_KB=+0.0 (r_ops=+4 x_ops=+4 x_KB=+0.0)
2026-09-21T03:28:40.074546Z DEBUG awase_windows::runtime::ime_refresh: Explicit intent: bypassing typing-idle guard for IME verify (idle=47ms)
2026-09-21T03:28:40.074631Z DEBUG awase_windows::observer::ime_observer: IME snapshot: japanese=Some(true) ime_on=Some(true) romaji=Some(true) conv=Some("0x00000019") guard=false
2026-09-21T03:28:40.074694Z DEBUG awase::journal: ime event seq=404 elapsed_ms=64401 event_kind="ObserverReported"
2026-09-21T03:28:40.074720Z DEBUG reduce: awase_windows::state::ime_model: [key-effect-fence] axis=mode stale observation ignored: observed=ObservedRomaji predicted=AssumedRomaji { reason: KeyEffectPrediction } age_ms=47
2026-09-21T03:28:40.074750Z DEBUG awase::journal: ime event seq=405 elapsed_ms=64401 event_kind="InputModeObserved"
2026-09-21T03:28:40.074778Z DEBUG awase::journal: ime event seq=406 elapsed_ms=64401 event_kind="ModeKeyPassedThrough"
2026-09-21T03:28:40.074787Z  INFO awase_windows::runtime::ime_refresh: [mode-key-follow] observation arrived after mode key pass: intents invalidated
2026-09-21T03:28:40.135220Z DEBUG awase_windows::runtime::ime_refresh: Explicit intent: bypassing typing-idle guard for IME verify (idle=109ms)
2026-09-21T03:28:40.135268Z DEBUG awase_windows::observer::ime_observer: IME snapshot: japanese=Some(true) ime_on=Some(true) romaji=Some(true) conv=Some("0x00000019") guard=false
2026-09-21T03:28:40.135364Z DEBUG awase::journal: ime event seq=407 elapsed_ms=64461 event_kind="ObserverReported"
2026-09-21T03:28:40.135385Z DEBUG reduce: awase_windows::state::ime_model: [key-effect-confirmed] axis=mode value=ObservedRomaji
2026-09-21T03:28:40.135412Z DEBUG awase::journal: ime event seq=408 elapsed_ms=64461 event_kind="InputModeObserved"
2026-09-21T03:28:40.135431Z  INFO awase_windows::runtime::ime_refresh: [mode-key-follow] observation arrived after mode key pass: intents invalidated
2026-09-21T03:28:40.195333Z DEBUG awase_windows::runtime::ime_refresh: Explicit intent: bypassing typing-idle guard for IME verify (idle=172ms)
2026-09-21T03:28:40.195411Z DEBUG awase_windows::observer::ime_observer: IME snapshot: japanese=Some(true) ime_on=Some(true) romaji=Some(true) conv=Some("0x00000019") guard=false
2026-09-21T03:28:40.195529Z DEBUG awase::journal: ime event seq=409 elapsed_ms=64522 event_kind="ObserverReported"
2026-09-21T03:28:40.195578Z DEBUG awase::journal: ime event seq=410 elapsed_ms=64522 event_kind="InputModeObserved"
2026-09-21T03:28:40.195619Z  INFO awase_windows::runtime::ime_refresh: [mode-key-follow] observation arrived after mode key pass: intents invalidated
2026-09-21T03:28:40.258077Z DEBUG awase_windows::runtime::ime_refresh: Explicit intent: bypassing typing-idle guard for IME verify (idle=234ms)
2026-09-21T03:28:40.258140Z DEBUG awase_windows::observer::ime_observer: IME snapshot: japanese=Some(true) ime_on=Some(true) romaji=Some(true) conv=Some("0x00000019") guard=false
2026-09-21T03:28:40.258233Z DEBUG awase::journal: ime event seq=411 elapsed_ms=64584 event_kind="ObserverReported"
2026-09-21T03:28:40.258272Z DEBUG awase::journal: ime event seq=412 elapsed_ms=64584 event_kind="InputModeObserved"
2026-09-21T03:28:40.258302Z  INFO awase_windows::runtime::ime_refresh: [mode-key-follow] observation arrived after mode key pass: intents invalidated
2026-09-21T03:28:40.321186Z DEBUG awase_windows::runtime::ime_refresh: Explicit intent: bypassing typing-idle guard for IME verify (idle=297ms)
2026-09-21T03:28:40.321240Z DEBUG awase_windows::observer::ime_observer: IME snapshot: japanese=Some(true) ime_on=Some(true) romaji=Some(true) conv=Some("0x00000019") guard=false
2026-09-21T03:28:40.321322Z DEBUG awase::journal: ime event seq=413 elapsed_ms=64647 event_kind="ObserverReported"
2026-09-21T03:28:40.321355Z DEBUG awase::journal: ime event seq=414 elapsed_ms=64647 event_kind="InputModeObserved"
2026-09-21T03:28:40.321381Z  INFO awase_windows::runtime::ime_refresh: [mode-key-follow] observation arrived after mode key pass: intents invalidated
2026-09-21T03:28:40.388855Z DEBUG awase_windows::runtime::ime_refresh: Skipping observer/SSOT write: typing active (idle=359ms)
2026-09-21T03:28:40.886937Z DEBUG awase_windows::observer::ime_observer: IME snapshot: japanese=Some(true) ime_on=Some(true) romaji=Some(true) conv=Some("0x00000019") guard=false
2026-09-21T03:28:40.887040Z DEBUG awase::journal: ime event seq=415 elapsed_ms=65213 event_kind="ObserverReported"
2026-09-21T03:28:40.887082Z DEBUG awase::journal: ime event seq=416 elapsed_ms=65213 event_kind="InputModeObserved"
2026-09-21T03:28:41.388122Z DEBUG awase_windows::observer::ime_observer: IME snapshot: japanese=Some(true) ime_on=Some(true) romaji=Some(true) conv=Some("0x00000019") guard=false
2026-09-21T03:28:41.388209Z DEBUG awase::journal: ime event seq=417 elapsed_ms=65714 event_kind="ObserverReported"
2026-09-21T03:28:41.388244Z DEBUG awase::journal: ime event seq=418 elapsed_ms=65714 event_kind="InputModeObserved"
2026-09-21T03:28:41.898312Z DEBUG awase_windows::observer::ime_observer: IME snapshot: japanese=Some(true) ime_on=Some(true) romaji=Some(true) conv=Some("0x00000019") guard=false
2026-09-21T03:28:41.898406Z DEBUG awase::journal: ime event seq=419 elapsed_ms=66224 event_kind="ObserverReported"
2026-09-21T03:28:41.898444Z DEBUG awase::journal: ime event seq=420 elapsed_ms=66224 event_kind="InputModeObserved"
2026-09-21T03:28:41.959933Z DEBUG awase_windows::runtime::key_pipeline: [engine-input] vk=0x1B KeyDown ts=66284233us delay=0ms state=Idle mods(c=false s=false a=false w=false) gas_ctrl=false phys_ctrl=false extra=0x5350494B pending_drain=0 gate_active=false l_thumb=None r_thumb=None [diag-ctx] ime_o
2026-09-21T03:28:41.960034Z DEBUG awase::journal: key input seq=421 elapsed_ms=66286 vk_code=27 is_down=true injected=false key_class="Passthrough" state_before="Idle" state_after="Idle" decision="PassThrough" physical="Allow" repeat_count=1 last_timestamp_us=66284233 last_elapsed_ms=0
2026-09-21T03:28:41.960127Z DEBUG execute_from_hook: awase_windows::runtime::executor: [relay-passthrough] PassThrough idle: direct OS pass-through (vk=0x1b down)
2026-09-21T03:28:41.960195Z DEBUG execute_one{generation=None}: awase_windows::runtime::executor: [reinject] vk=0x1b down (queued passthrough now firing)
2026-09-21T03:28:41.975076Z DEBUG awase_windows::tsf::gji_monitor: [gji-io] WRITE: w_ops=+1 w_KB=+0.0 (r_ops=+2 x_ops=+2 x_KB=+0.0)
2026-09-21T03:28:42.086023Z DEBUG awase_windows::runtime::key_pipeline: [engine-input] vk=0x1B KeyUp ts=66410342us delay=0ms state=Idle mods(c=false s=false a=false w=false) gas_ctrl=false phys_ctrl=false extra=0x5350494B pending_drain=0 gate_active=false l_thumb=None r_thumb=None [diag-ctx] ime_on=
2026-09-21T03:28:42.086140Z DEBUG awase::journal: key input seq=422 elapsed_ms=66412 vk_code=27 is_down=false injected=false key_class="Passthrough" state_before="Idle" state_after="Idle" decision="PassThrough" physical="Allow" repeat_count=1 last_timestamp_us=66410342 last_elapsed_ms=0
2026-09-21T03:28:42.086238Z DEBUG execute_from_hook: awase_windows::runtime::executor: [relay-passthrough] PassThrough idle: direct OS pass-through (vk=0x1b up)
2026-09-21T03:28:42.086309Z DEBUG execute_one{generation=None}: awase_windows::runtime::executor: [reinject] vk=0x1b up (queued passthrough now firing)
2026-09-21T03:28:42.398920Z DEBUG awase_windows::runtime::ime_refresh: Skipping observer/SSOT write: typing active (idle=313ms)
2026-09-21T03:28:42.912485Z DEBUG awase_windows::observer::ime_observer: IME snapshot: japanese=Some(true) ime_on=Some(true) romaji=Some(true) conv=Some("0x00000019") guard=false
2026-09-21T03:28:42.912570Z DEBUG awase::journal: ime event seq=423 elapsed_ms=67239 event_kind="ObserverReported"
2026-09-21T03:28:42.912605Z DEBUG awase::journal: ime event seq=424 elapsed_ms=67239 event_kind="InputModeObserved"
2026-09-21T03:28:43.426208Z DEBUG awase_windows::observer::ime_observer: IME snapshot: japanese=Some(true) ime_on=Some(true) romaji=Some(true) conv=Some("0x00000019") guard=false
2026-09-21T03:28:43.426358Z DEBUG awase::journal: ime event seq=425 elapsed_ms=67752 event_kind="ObserverReported"
2026-09-21T03:28:43.426393Z DEBUG awase::journal: ime event seq=426 elapsed_ms=67752 event_kind="InputModeObserved"
2026-09-21T03:28:43.905425Z DEBUG awase_windows::hook: [hook] IME-mode vk=0xF4 up self_injected=false injected=false scan=0x29 extra=0x5350494B since_actuation_us=Some(56813139)
2026-09-21T03:28:43.905646Z DEBUG awase::journal: hook ime-mode diagnostic seq=427 elapsed_ms=68232 vk_code=244 is_down=false self_injected=false injected=false scan=41
2026-09-21T03:28:43.905967Z DEBUG awase_windows::runtime::key_pipeline: [engine-input] vk=0xF4 KeyUp ts=68230083us delay=0ms state=Idle mods(c=false s=false a=false w=false) gas_ctrl=false phys_ctrl=false extra=0x5350494B pending_drain=0 gate_active=false l_thumb=None r_thumb=None [diag-ctx] ime_on=
2026-09-21T03:28:43.906096Z DEBUG awase::journal: key input seq=428 elapsed_ms=68232 vk_code=244 is_down=false injected=false key_class="Passthrough" state_before="Idle" state_after="Idle" decision="PassThrough" physical="Allow" repeat_count=1 last_timestamp_us=68230083 last_elapsed_ms=0
2026-09-21T03:28:43.906220Z DEBUG execute_from_hook: awase_windows::runtime::executor: [relay-passthrough] PassThrough idle: direct OS pass-through (vk=0xf4 up)
2026-09-21T03:28:43.906297Z DEBUG awase_windows::hook: [hook] IME-mode vk=0xF3 down self_injected=false injected=false scan=0x29 extra=0x5350494B since_actuation_us=Some(56814038)
2026-09-21T03:28:43.906413Z DEBUG execute_one{generation=None}: awase_windows::runtime::executor: [reinject] vk=0xf4 up (queued passthrough now firing)
2026-09-21T03:28:43.906641Z DEBUG awase::journal: hook ime-mode diagnostic seq=429 elapsed_ms=68233 vk_code=243 is_down=true self_injected=false injected=false scan=41
2026-09-21T03:28:43.906794Z DEBUG awase_windows::hook: [hook] IME-mode vk=0xF4 up self_injected=true injected=true scan=0x0 extra=0x4B45594D since_actuation_us=Some(56814535)
2026-09-21T03:28:43.909417Z DEBUG awase_windows::runtime::key_pipeline: [engine-input] vk=0xF3 KeyDown ts=68231139us delay=2ms state=Idle mods(c=false s=false a=false w=false) gas_ctrl=false phys_ctrl=false extra=0x5350494B pending_drain=0 gate_active=false l_thumb=None r_thumb=None [diag-ctx] ime_o
2026-09-21T03:28:43.909521Z DEBUG awase::journal: key input seq=430 elapsed_ms=68236 vk_code=243 is_down=true injected=false key_class="Passthrough" state_before="Idle" state_after="Idle" decision="PassThrough" physical="Allow" repeat_count=1 last_timestamp_us=68231139 last_elapsed_ms=0
2026-09-21T03:28:43.909986Z DEBUG awase_windows::runtime::key_pipeline: may_change_ime key passed through → IME refresh scheduled (20ms)
2026-09-21T03:28:43.910149Z  INFO awase_windows::runtime::key_pipeline: [mode-key-follow] mode key PassThrough(vk=0xF3): IME refresh scheduled (20ms)
2026-09-21T03:28:43.910776Z DEBUG awase_windows::runtime::key_pipeline: [key-effect-predict] vk=0xF3 status=Pre: no prediction
2026-09-21T03:28:43.910860Z DEBUG execute_from_hook: awase_windows::runtime::executor: [relay-passthrough] PassThrough idle: direct OS pass-through (vk=0xf3 down)
2026-09-21T03:28:43.910937Z DEBUG awase::journal: hook ime-mode diagnostic seq=431 elapsed_ms=68237 vk_code=244 is_down=false self_injected=true injected=true scan=0
2026-09-21T03:28:43.911056Z DEBUG execute_one{generation=None}: awase_windows::runtime::executor: [reinject] vk=0xf3 down (queued passthrough now firing)
2026-09-21T03:28:43.911165Z DEBUG awase_windows::hook: [hook] IME-mode vk=0xF3 up self_injected=true injected=false scan=0x0 extra=0x4B45594D since_actuation_us=Some(56818905)
2026-09-21T03:28:43.911823Z DEBUG awase_windows::hook: [hook] IME-mode vk=0xF4 down self_injected=true injected=true scan=0x0 extra=0x4B45594D since_actuation_us=Some(56819561)
2026-09-21T03:28:43.912915Z DEBUG awase::journal: hook ime-mode diagnostic seq=432 elapsed_ms=68239 vk_code=243 is_down=false self_injected=true injected=false scan=0
2026-09-21T03:28:43.912952Z DEBUG awase::journal: hook ime-mode diagnostic seq=433 elapsed_ms=68239 vk_code=244 is_down=true self_injected=true injected=true scan=0
2026-09-21T03:28:43.937528Z DEBUG awase_windows::tsf::gji_monitor: [gji-io] WRITE: w_ops=+2 w_KB=+0.0 (r_ops=+4 x_ops=+4 x_KB=+0.0)
2026-09-21T03:28:43.942081Z DEBUG awase_windows::runtime::ime_refresh: Explicit intent: bypassing typing-idle guard for IME verify (idle=31ms)
2026-09-21T03:28:43.942155Z DEBUG awase_windows::observer::ime_observer: IME snapshot: japanese=Some(true) ime_on=Some(false) romaji=Some(true) conv=Some("0x00000019") guard=false
2026-09-21T03:28:43.942326Z DEBUG awase::journal: ime event seq=434 elapsed_ms=68268 event_kind="ObserverReported"
2026-09-21T03:28:43.942375Z DEBUG awase::journal: ime event seq=435 elapsed_ms=68268 event_kind="InputModeObserved"
2026-09-21T03:28:43.942438Z DEBUG awase::journal: ime event seq=436 elapsed_ms=68269 event_kind="ModeKeyPassedThrough"
2026-09-21T03:28:43.942460Z  INFO awase_windows::runtime::ime_refresh: [mode-key-follow] observation arrived after mode key pass: intents invalidated
2026-09-21T03:28:43.942584Z  INFO awase::engine::engine: Engine deactivated (ime=false, romaji=true, japanese=true, user=true, reason=Inactive(ImeOff))
2026-09-21T03:28:43.942798Z DEBUG execute_from_loop:execute_one{generation=None}:dispatch_ime_set_open{open=false generation=None}: awase_windows::runtime::executor: [dispatch-ime] ImmCross async: optimistic applied_snapshot=false (suppress send_engine_state_ime_key)
2026-09-21T03:28:43.944364Z DEBUG execute_from_loop:execute_one{generation=None}: awase_windows::platform: [engine-state-key] suppressed (polling/focus-triggered, enabled=false)
2026-09-21T03:28:43.947971Z DEBUG run_open_chain_async: awase_windows::ime_controller: [warrant-shadow] chain=async open=false origin=EventOrigin { source: SelfActuated { strategy: "engine_decision_async" }, epoch: Generation(0) } warranted
2026-09-21T03:28:43.948069Z  INFO run_open_chain_async:imm_cross_write{open=false}: awase_windows::runtime::open_chain: [apply-ime] ImmCross async: open=false composition_active=false show_seq=0 change_seq=0 (issue #138診断)
2026-09-21T03:28:43.949887Z DEBUG awase_windows::shadow_send_trace: [shadow-send] channel=ImeControl cmd=0x0006 lparam=0 issue_us=68274080
2026-09-21T03:28:43.949905Z DEBUG awase_windows::ime: set_ime_open_for_target: hwnd=HWND(0x3a083a) ime_wnd=HWND(0xa0912) open=false success=true send_elapsed=0ms candidate_visible=false
2026-09-21T03:28:43.950310Z DEBUG run_open_chain_async:imm_cross_write{open=false}: awase_windows::ime: [imm-cross-actuate] hwnd=HWND(0x3a083a) open=Written conv=None
2026-09-21T03:28:43.950394Z DEBUG run_open_chain_async: awase::journal: actuation decision seq=437 elapsed_ms=68276 site="DispatchImeSetOpen" caller="None" open=false chain_len=4 attempts_len=1 gate_profile="Standard" gate_kind="Gji" gate_shadow_known=true gate_shadow_on=true gate_input_mode="Observ
2026-09-21T03:28:43.950554Z DEBUG on_ime_apply_complete{open=false outcome=AppliedWithoutSendInput generation=None reason=EngineDecision}: awase::journal: ime open applied seq=438 elapsed_ms=68277 open=false outcome="AppliedWithoutSendInput" reason="EngineDecision"
2026-09-21T03:28:43.950635Z DEBUG on_ime_apply_complete{open=false outcome=AppliedWithoutSendInput generation=None reason=EngineDecision}: awase_windows::tsf::ime_mode_fsm: [ime-mode] SetOpen(false) applied → Off (belief, unconfirmed)
2026-09-21T03:28:43.950662Z DEBUG on_ime_apply_complete{open=false outcome=AppliedWithoutSendInput generation=None reason=EngineDecision}: awase_windows::platform: [composition] ImeEffect::SetOpen(false) → marking cold (prevent warm+TSF Enter leak)
2026-09-21T03:28:43.950685Z DEBUG on_ime_apply_complete{open=false outcome=AppliedWithoutSendInput generation=None reason=EngineDecision}: awase_windows::tsf::probe: [composition] marked cold reason=SetOpenFalse idle=13485ms → next VK/TSF output will send VK_DBE_HIRAGANA warmup
2026-09-21T03:28:43.950846Z DEBUG awase::journal: gji fsm transition seq=439 elapsed_ms=68277 trigger="ImeOff" state_before="OnWarm" state_after="OffCold"
2026-09-21T03:28:43.992186Z DEBUG awase_windows::runtime::ime_refresh: Explicit intent: bypassing typing-idle guard for IME verify (idle=93ms)
2026-09-21T03:28:43.992263Z DEBUG awase_windows::observer::ime_observer: IME snapshot: japanese=Some(true) ime_on=Some(false) romaji=Some(true) conv=Some("0x00000019") guard=false
2026-09-21T03:28:43.992371Z DEBUG awase::journal: ime event seq=440 elapsed_ms=68318 event_kind="ObserverReported"
2026-09-21T03:28:43.992412Z DEBUG awase::journal: ime event seq=441 elapsed_ms=68319 event_kind="InputModeObserved"
2026-09-21T03:28:43.992446Z  INFO awase_windows::runtime::ime_refresh: [mode-key-follow] observation arrived after mode key pass: intents invalidated
2026-09-21T03:28:44.065137Z DEBUG awase_windows::runtime::ime_refresh: Explicit intent: bypassing typing-idle guard for IME verify (idle=156ms)
2026-09-21T03:28:44.065198Z DEBUG awase_windows::observer::ime_observer: IME snapshot: japanese=Some(true) ime_on=Some(false) romaji=Some(true) conv=Some("0x00000019") guard=false
2026-09-21T03:28:44.065290Z DEBUG awase::journal: ime event seq=442 elapsed_ms=68391 event_kind="ObserverReported"
2026-09-21T03:28:44.065328Z DEBUG awase::journal: ime event seq=443 elapsed_ms=68391 event_kind="InputModeObserved"
2026-09-21T03:28:44.065371Z  INFO awase_windows::runtime::ime_refresh: [mode-key-follow] observation arrived after mode key pass: intents invalidated
2026-09-21T03:28:44.126315Z DEBUG awase_windows::runtime::ime_refresh: Explicit intent: bypassing typing-idle guard for IME verify (idle=218ms)
2026-09-21T03:28:44.126370Z DEBUG awase_windows::observer::ime_observer: IME snapshot: japanese=Some(true) ime_on=Some(false) romaji=Some(true) conv=Some("0x00000019") guard=false
2026-09-21T03:28:44.126454Z DEBUG awase::journal: ime event seq=444 elapsed_ms=68453 event_kind="ObserverReported"
2026-09-21T03:28:44.126489Z DEBUG awase::journal: ime event seq=445 elapsed_ms=68453 event_kind="InputModeObserved"
2026-09-21T03:28:44.126516Z  INFO awase_windows::runtime::ime_refresh: [mode-key-follow] observation arrived after mode key pass: intents invalidated
2026-09-21T03:28:44.189416Z DEBUG awase_windows::runtime::ime_refresh: Explicit intent: bypassing typing-idle guard for IME verify (idle=281ms)
2026-09-21T03:28:44.189472Z DEBUG awase_windows::observer::ime_observer: IME snapshot: japanese=Some(true) ime_on=Some(false) romaji=Some(true) conv=Some("0x00000019") guard=false
2026-09-21T03:28:44.189557Z DEBUG awase::journal: ime event seq=446 elapsed_ms=68516 event_kind="ObserverReported"
2026-09-21T03:28:44.189596Z DEBUG awase::journal: ime event seq=447 elapsed_ms=68516 event_kind="InputModeObserved"
2026-09-21T03:28:44.189625Z  INFO awase_windows::runtime::ime_refresh: [mode-key-follow] observation arrived after mode key pass: intents invalidated
2026-09-21T03:28:44.252947Z DEBUG awase_windows::runtime::ime_refresh: Skipping observer/SSOT write: typing active (idle=343ms)
2026-09-21T03:28:44.756112Z DEBUG awase_windows::observer::ime_observer: IME snapshot: japanese=Some(true) ime_on=Some(false) romaji=Some(true) conv=Some("0x00000019") guard=false
2026-09-21T03:28:44.756215Z DEBUG awase::journal: ime event seq=448 elapsed_ms=69082 event_kind="ObserverReported"
2026-09-21T03:28:44.756258Z DEBUG awase::journal: ime event seq=449 elapsed_ms=69082 event_kind="InputModeObserved"
2026-09-21T03:28:45.272238Z DEBUG awase_windows::observer::ime_observer: IME snapshot: japanese=Some(true) ime_on=Some(false) romaji=Some(true) conv=Some("0x00000019") guard=false
2026-09-21T03:28:45.272315Z DEBUG awase::journal: ime event seq=450 elapsed_ms=69598 event_kind="ObserverReported"
2026-09-21T03:28:45.272344Z DEBUG awase::journal: ime event seq=451 elapsed_ms=69598 event_kind="InputModeObserved"
2026-09-21T03:28:45.810561Z DEBUG awase_windows::observer::ime_observer: IME snapshot: japanese=Some(true) ime_on=Some(false) romaji=Some(true) conv=Some("0x00000019") guard=false
2026-09-21T03:28:45.810649Z DEBUG awase::journal: ime event seq=452 elapsed_ms=70137 event_kind="ObserverReported"
2026-09-21T03:28:45.810685Z DEBUG awase::journal: ime event seq=453 elapsed_ms=70137 event_kind="InputModeObserved"
2026-09-21T03:28:45.844930Z DEBUG awase_windows::runtime::key_pipeline: [engine-input] vk=0x0D KeyDown ts=70169151us delay=0ms state=Idle mods(c=false s=false a=false w=false) gas_ctrl=false phys_ctrl=false extra=0x5350494B pending_drain=0 gate_active=false l_thumb=None r_thumb=None [diag-ctx] ime_o
2026-09-21T03:28:45.845052Z DEBUG awase::journal: key input seq=454 elapsed_ms=70171 vk_code=13 is_down=true injected=false key_class="Passthrough" state_before="Idle" state_after="Idle" decision="PassThrough" physical="Allow" repeat_count=1 last_timestamp_us=70169151 last_elapsed_ms=0
2026-09-21T03:28:45.845174Z DEBUG execute_from_hook: awase_windows::tsf::probe: [composition] marked cold reason=PassthroughConfirmKey idle=15375ms → next VK/TSF output will send VK_DBE_HIRAGANA warmup
2026-09-21T03:28:45.845203Z DEBUG execute_from_hook: awase_windows::tsf::probe: [mark-send] last_send_ms=53336890
2026-09-21T03:28:45.845272Z DEBUG execute_from_hook: awase_windows::platform: [composition-fsm] EmitWarmup (ConfirmKeyDown)
2026-09-21T03:28:45.845300Z DEBUG execute_from_hook: awase_windows::runtime::executor: [relay-passthrough] PassThrough idle: direct OS pass-through (vk=0x0d down)
2026-09-21T03:28:45.845335Z DEBUG awase::journal: gji fsm transition seq=455 elapsed_ms=70171 trigger="CompositionReset(gji_idle_ms=1906)" state_before="OffCold" state_after="OffCold"
2026-09-21T03:28:45.845391Z DEBUG awase_windows::runtime::executor: [reinject-guard] suspending drain for 50ms (vk=0x0d)
2026-09-21T03:28:45.906673Z DEBUG execute_one{generation=None}: awase_windows::runtime::executor: [reinject] vk=0x0d down (queued passthrough now firing)
2026-09-21T03:28:45.906787Z DEBUG execute_one{generation=None}: awase_windows::platform: [composition] reinject KeyDown vk=0x0d → marking cold + eager warmup
2026-09-21T03:28:45.906821Z DEBUG execute_one{generation=None}: awase_windows::tsf::probe: [composition] marked cold reason=ReinjectConfirmKey idle=63ms → next VK/TSF output will send VK_DBE_HIRAGANA warmup
2026-09-21T03:28:45.906854Z DEBUG execute_one{generation=None}: awase_windows::tsf::probe: [mark-send] last_send_ms=53336953
2026-09-21T03:28:45.909808Z DEBUG awase::journal: gji fsm transition seq=456 elapsed_ms=70233 trigger="CompositionReset(gji_idle_ms=1969)" state_before="OffCold" state_after="OffCold"
2026-09-21T03:28:45.970956Z DEBUG awase_windows::runtime::key_pipeline: [engine-input] vk=0x0D KeyUp ts=70295123us delay=0ms state=Idle mods(c=false s=false a=false w=false) gas_ctrl=false phys_ctrl=false extra=0x5350494B pending_drain=0 gate_active=false l_thumb=None r_thumb=None [diag-ctx] ime_on=
2026-09-21T03:28:45.971172Z DEBUG awase::journal: key input seq=457 elapsed_ms=70297 vk_code=13 is_down=false injected=false key_class="Passthrough" state_before="Idle" state_after="Idle" decision="PassThrough" physical="Allow" repeat_count=1 last_timestamp_us=70295123 last_elapsed_ms=0
2026-09-21T03:28:45.971332Z DEBUG execute_from_hook: awase_windows::runtime::executor: [relay-passthrough] PassThrough idle: direct OS pass-through (vk=0x0d up)
2026-09-21T03:28:45.971540Z DEBUG execute_one{generation=None}: awase_windows::runtime::executor: [reinject] vk=0x0d up (queued passthrough now firing)
2026-09-21T03:28:46.313480Z DEBUG awase_windows::runtime::ime_refresh: Skipping observer/SSOT write: typing active (idle=344ms)
2026-09-21T03:28:46.816296Z DEBUG awase_windows::observer::ime_observer: IME snapshot: japanese=Some(true) ime_on=Some(false) romaji=Some(true) conv=Some("0x00000019") guard=false
2026-09-21T03:28:46.816372Z DEBUG awase::journal: ime event seq=458 elapsed_ms=71143 event_kind="ObserverReported"
2026-09-21T03:28:46.816398Z DEBUG awase::journal: ime event seq=459 elapsed_ms=71143 event_kind="InputModeObserved"
2026-09-21T03:28:47.318674Z DEBUG awase_windows::observer::ime_observer: IME snapshot: japanese=Some(true) ime_on=Some(false) romaji=Some(true) conv=Some("0x00000019") guard=false
2026-09-21T03:28:47.318753Z DEBUG awase::journal: ime event seq=460 elapsed_ms=71645 event_kind="ObserverReported"
2026-09-21T03:28:47.318780Z DEBUG awase::journal: ime event seq=461 elapsed_ms=71645 event_kind="InputModeObserved"
2026-09-21T03:28:47.780584Z DEBUG awase_windows::runtime::key_pipeline: [engine-input] vk=0x4B KeyDown ts=72104932us delay=0ms state=Idle mods(c=false s=false a=false w=false) gas_ctrl=false phys_ctrl=false extra=0x5350494B pending_drain=0 gate_active=false l_thumb=None r_thumb=None [diag-ctx] ime_o
2026-09-21T03:28:47.780653Z DEBUG awase::journal: key input seq=462 elapsed_ms=72107 vk_code=75 is_down=true injected=false key_class="Char" state_before="Idle" state_after="Idle" decision="PassThrough" physical="Allow" repeat_count=1 last_timestamp_us=72104932 last_elapsed_ms=0
2026-09-21T03:28:47.780742Z DEBUG execute_one{generation=None}: awase_windows::runtime::executor: [reinject] vk=0x4b down (queued passthrough now firing)
2026-09-21T03:28:47.828462Z DEBUG awase_windows::runtime::ime_refresh: Skipping observer/SSOT write: typing active (idle=47ms)
2026-09-21T03:28:47.905781Z DEBUG awase_windows::runtime::key_pipeline: [engine-input] vk=0x4B KeyUp ts=72230101us delay=0ms state=Idle mods(c=false s=false a=false w=false) gas_ctrl=false phys_ctrl=false extra=0x5350494B pending_drain=0 gate_active=false l_thumb=None r_thumb=None [diag-ctx] ime_on=
2026-09-21T03:28:47.905871Z DEBUG awase::journal: key input seq=463 elapsed_ms=72232 vk_code=75 is_down=false injected=false key_class="Char" state_before="Idle" state_after="Idle" decision="PassThrough" physical="Allow" repeat_count=1 last_timestamp_us=72230101 last_elapsed_ms=0
2026-09-21T03:28:47.906005Z DEBUG execute_one{generation=None}: awase_windows::runtime::executor: [reinject] vk=0x4b up (queued passthrough now firing)
2026-09-21T03:28:48.335035Z DEBUG awase_windows::runtime::ime_refresh: Skipping observer/SSOT write: typing active (idle=437ms)
2026-09-21T03:28:48.852453Z DEBUG awase_windows::observer::ime_observer: IME snapshot: japanese=Some(true) ime_on=Some(false) romaji=Some(true) conv=Some("0x00000019") guard=false
2026-09-21T03:28:48.852555Z DEBUG awase::journal: ime event seq=464 elapsed_ms=73179 event_kind="ObserverReported"
2026-09-21T03:28:48.852612Z DEBUG awase::journal: ime event seq=465 elapsed_ms=73179 event_kind="InputModeObserved"
2026-09-21T03:28:49.456510Z DEBUG awase_windows::observer::ime_observer: IME snapshot: japanese=Some(true) ime_on=None romaji=Some(true) conv=Some("0x00000019") guard=false
2026-09-21T03:28:49.456570Z DEBUG awase::journal: ime event seq=466 elapsed_ms=73783 event_kind="InputModeObserved"
2026-09-21T03:28:49.724092Z DEBUG awase_windows::runtime::key_pipeline: [engine-input] vk=0x41 KeyDown ts=74048218us delay=0ms state=Idle mods(c=false s=false a=false w=false) gas_ctrl=false phys_ctrl=false extra=0x5350494B pending_drain=0 gate_active=false l_thumb=None r_thumb=None [diag-ctx] ime_o
2026-09-21T03:28:49.724233Z DEBUG awase::journal: key input seq=467 elapsed_ms=74050 vk_code=65 is_down=true injected=false key_class="Char" state_before="Idle" state_after="Idle" decision="PassThrough" physical="Allow" repeat_count=1 last_timestamp_us=74048218 last_elapsed_ms=0
2026-09-21T03:28:49.724420Z DEBUG execute_one{generation=None}: awase_windows::runtime::executor: [reinject] vk=0x41 down (queued passthrough now firing)
2026-09-21T03:28:49.849644Z DEBUG awase_windows::runtime::key_pipeline: [engine-input] vk=0x41 KeyUp ts=74173810us delay=0ms state=Idle mods(c=false s=false a=false w=false) gas_ctrl=false phys_ctrl=false extra=0x5350494B pending_drain=0 gate_active=false l_thumb=None r_thumb=None [diag-ctx] ime_on=
2026-09-21T03:28:49.849841Z DEBUG awase::journal: key input seq=468 elapsed_ms=74176 vk_code=65 is_down=false injected=false key_class="Char" state_before="Idle" state_after="Idle" decision="PassThrough" physical="Allow" repeat_count=1 last_timestamp_us=74173810 last_elapsed_ms=0
2026-09-21T03:28:49.850051Z DEBUG execute_one{generation=None}: awase_windows::runtime::executor: [reinject] vk=0x41 up (queued passthrough now firing)
2026-09-21T03:28:49.945863Z DEBUG awase_windows::runtime::ime_refresh: Skipping observer/SSOT write: typing active (idle=94ms)
2026-09-21T03:28:50.449443Z DEBUG awase_windows::observer::ime_observer: IME snapshot: japanese=Some(true) ime_on=Some(false) romaji=Some(true) conv=Some("0x00000019") guard=false
2026-09-21T03:28:50.449568Z DEBUG awase::journal: ime event seq=469 elapsed_ms=74776 event_kind="ObserverReported"
2026-09-21T03:28:50.449616Z DEBUG awase::journal: ime event seq=470 elapsed_ms=74776 event_kind="InputModeObserved"
2026-09-21T03:28:50.961593Z DEBUG awase_windows::observer::ime_observer: IME snapshot: japanese=Some(true) ime_on=Some(false) romaji=Some(true) conv=Some("0x00000019") guard=false
2026-09-21T03:28:50.961663Z DEBUG awase::journal: ime event seq=471 elapsed_ms=75288 event_kind="ObserverReported"
2026-09-21T03:28:50.961687Z DEBUG awase::journal: ime event seq=472 elapsed_ms=75288 event_kind="InputModeObserved"
2026-09-21T03:28:51.476641Z DEBUG awase_windows::observer::ime_observer: IME snapshot: japanese=Some(true) ime_on=Some(false) romaji=Some(true) conv=Some("0x00000019") guard=false
2026-09-21T03:28:51.476773Z DEBUG awase::journal: ime event seq=473 elapsed_ms=75803 event_kind="ObserverReported"
2026-09-21T03:28:51.476811Z DEBUG awase::journal: ime event seq=474 elapsed_ms=75803 event_kind="InputModeObserved"
2026-09-21T03:28:51.663787Z DEBUG awase_windows::runtime::key_pipeline: [engine-input] vk=0x0D KeyDown ts=75987994us delay=0ms state=Idle mods(c=false s=false a=false w=false) gas_ctrl=false phys_ctrl=false extra=0x5350494B pending_drain=0 gate_active=false l_thumb=None r_thumb=None [diag-ctx] ime_o
2026-09-21T03:28:51.663937Z DEBUG awase::journal: key input seq=475 elapsed_ms=75990 vk_code=13 is_down=true injected=false key_class="Passthrough" state_before="Idle" state_after="Idle" decision="PassThrough" physical="Allow" repeat_count=1 last_timestamp_us=75987994 last_elapsed_ms=0
2026-09-21T03:28:51.664083Z DEBUG execute_from_hook: awase_windows::tsf::probe: [composition] marked cold reason=PassthroughConfirmKey idle=5765ms → next VK/TSF output will send VK_DBE_HIRAGANA warmup
2026-09-21T03:28:51.664119Z DEBUG execute_from_hook: awase_windows::tsf::probe: [mark-send] last_send_ms=53342718
2026-09-21T03:28:51.664205Z DEBUG execute_from_hook: awase_windows::platform: [composition-fsm] EmitWarmup (ConfirmKeyDown)
2026-09-21T03:28:51.664239Z DEBUG execute_from_hook: awase_windows::runtime::executor: [relay-passthrough] PassThrough idle: direct OS pass-through (vk=0x0d down)
2026-09-21T03:28:51.664282Z DEBUG awase::journal: gji fsm transition seq=476 elapsed_ms=75991 trigger="CompositionReset(gji_idle_ms=7734)" state_before="OffCold" state_after="OffCold"
2026-09-21T03:28:51.664350Z DEBUG awase_windows::runtime::executor: [reinject-guard] suspending drain for 50ms (vk=0x0d)
2026-09-21T03:28:51.723684Z DEBUG execute_one{generation=None}: awase_windows::runtime::executor: [reinject] vk=0x0d down (queued passthrough now firing)
2026-09-21T03:28:51.723775Z DEBUG execute_one{generation=None}: awase_windows::platform: [composition] reinject KeyDown vk=0x0d → marking cold + eager warmup
2026-09-21T03:28:51.723801Z DEBUG execute_one{generation=None}: awase_windows::tsf::probe: [composition] marked cold reason=ReinjectConfirmKey idle=63ms → next VK/TSF output will send VK_DBE_HIRAGANA warmup
2026-09-21T03:28:51.723828Z DEBUG execute_one{generation=None}: awase_windows::tsf::probe: [mark-send] last_send_ms=53342781
2026-09-21T03:28:51.727592Z DEBUG awase::journal: gji fsm transition seq=477 elapsed_ms=76050 trigger="CompositionReset(gji_idle_ms=7797)" state_before="OffCold" state_after="OffCold"
2026-09-21T03:28:51.803101Z DEBUG awase_windows::runtime::key_pipeline: [engine-input] vk=0x0D KeyUp ts=76126914us delay=0ms state=Idle mods(c=false s=false a=false w=false) gas_ctrl=false phys_ctrl=false extra=0x5350494B pending_drain=0 gate_active=false l_thumb=None r_thumb=None [diag-ctx] ime_on=
2026-09-21T03:28:51.803306Z DEBUG awase::journal: key input seq=478 elapsed_ms=76130 vk_code=13 is_down=false injected=false key_class="Passthrough" state_before="Idle" state_after="Idle" decision="PassThrough" physical="Allow" repeat_count=1 last_timestamp_us=76126914 last_elapsed_ms=0
2026-09-21T03:28:51.803492Z DEBUG execute_from_hook: awase_windows::runtime::executor: [relay-passthrough] PassThrough idle: direct OS pass-through (vk=0x0d up)
2026-09-21T03:28:51.803677Z DEBUG execute_one{generation=None}: awase_windows::runtime::executor: [reinject] vk=0x0d up (queued passthrough now firing)
2026-09-21T03:28:51.991383Z DEBUG awase_windows::runtime::ime_refresh: Skipping observer/SSOT write: typing active (idle=187ms)
2026-09-21T03:28:52.493573Z DEBUG awase_windows::observer::ime_observer: IME snapshot: japanese=Some(true) ime_on=Some(false) romaji=Some(true) conv=Some("0x00000019") guard=false
2026-09-21T03:28:52.493637Z DEBUG awase::journal: ime event seq=479 elapsed_ms=76820 event_kind="ObserverReported"
2026-09-21T03:28:52.493660Z DEBUG awase::journal: ime event seq=480 elapsed_ms=76820 event_kind="InputModeObserved"
2026-09-21T03:28:53.006513Z DEBUG awase_windows::observer::ime_observer: IME snapshot: japanese=Some(true) ime_on=Some(false) romaji=Some(true) conv=Some("0x00000019") guard=false
2026-09-21T03:28:53.006577Z DEBUG awase::journal: ime event seq=481 elapsed_ms=77333 event_kind="ObserverReported"
2026-09-21T03:28:53.006597Z DEBUG awase::journal: ime event seq=482 elapsed_ms=77333 event_kind="InputModeObserved"
2026-09-21T03:28:53.522916Z DEBUG awase_windows::observer::ime_observer: IME snapshot: japanese=Some(true) ime_on=Some(false) romaji=Some(true) conv=Some("0x00000019") guard=false
2026-09-21T03:28:53.523002Z DEBUG awase::journal: ime event seq=483 elapsed_ms=77849 event_kind="ObserverReported"
2026-09-21T03:28:53.523038Z DEBUG awase::journal: ime event seq=484 elapsed_ms=77849 event_kind="InputModeObserved"
2026-09-21T03:28:53.565279Z DEBUG awase_windows::hook: [hook] IME-mode vk=0xF3 up self_injected=false injected=false scan=0x29 extra=0x5350494B since_actuation_us=Some(66472998)
2026-09-21T03:28:53.565437Z DEBUG awase::journal: hook ime-mode diagnostic seq=485 elapsed_ms=77892 vk_code=243 is_down=false self_injected=false injected=false scan=41
2026-09-21T03:28:53.565590Z DEBUG awase_windows::hook: [hook] IME-mode vk=0xF4 down self_injected=false injected=false scan=0x29 extra=0x5350494B since_actuation_us=Some(66473323)
2026-09-21T03:28:53.565640Z DEBUG awase_windows::runtime::key_pipeline: [engine-input] vk=0xF3 KeyUp ts=77889946us delay=0ms state=Idle mods(c=false s=false a=false w=false) gas_ctrl=false phys_ctrl=false extra=0x5350494B pending_drain=0 gate_active=false l_thumb=None r_thumb=None [diag-ctx] ime_on=
2026-09-21T03:28:53.565747Z DEBUG awase::journal: key input seq=486 elapsed_ms=77892 vk_code=243 is_down=false injected=false key_class="Passthrough" state_before="Idle" state_after="Idle" decision="PassThrough" physical="Allow" repeat_count=1 last_timestamp_us=77889946 last_elapsed_ms=0
2026-09-21T03:28:53.565812Z DEBUG execute_from_hook: awase_windows::runtime::transport: [relay-sym] PassThrough KeyUp vk=0xf3: KeyDown was deferred → force reinject for symmetry
2026-09-21T03:28:53.565887Z DEBUG awase::journal: hook ime-mode diagnostic seq=487 elapsed_ms=77892 vk_code=244 is_down=true self_injected=false injected=false scan=41
2026-09-21T03:28:53.565996Z DEBUG awase_windows::runtime::key_pipeline: [engine-input] vk=0xF4 KeyDown ts=77890176us delay=0ms state=Idle mods(c=false s=false a=false w=false) gas_ctrl=false phys_ctrl=false extra=0x5350494B pending_drain=0 gate_active=false l_thumb=None r_thumb=None [diag-ctx] ime_o
2026-09-21T03:28:53.566061Z DEBUG awase::journal: key input seq=488 elapsed_ms=77892 vk_code=244 is_down=true injected=false key_class="Passthrough" state_before="Idle" state_after="Idle" decision="PassThrough" physical="Allow" repeat_count=1 last_timestamp_us=77890176 last_elapsed_ms=0
2026-09-21T03:28:53.566130Z DEBUG awase_windows::runtime::key_pipeline: may_change_ime key passed through → IME refresh scheduled (20ms)
2026-09-21T03:28:53.566175Z  INFO awase_windows::runtime::key_pipeline: [mode-key-follow] mode key PassThrough(vk=0xF4): IME refresh scheduled (20ms)
2026-09-21T03:28:53.566756Z DEBUG awase_windows::runtime::key_pipeline: [key-effect-predict] vk=0xF4 status=Direct: no prediction
2026-09-21T03:28:53.566881Z DEBUG execute_from_hook: awase_windows::runtime::transport: [relay-defer] PassThrough deferred: pending effects, reinject(vk=0xf4 down)
2026-09-21T03:28:53.566968Z DEBUG execute_one{generation=None}: awase_windows::runtime::executor: [reinject] vk=0xf3 up (queued passthrough now firing)
2026-09-21T03:28:53.567029Z DEBUG execute_one{generation=None}: awase_windows::runtime::executor: [reinject] vk=0xf4 down (queued passthrough now firing)
2026-09-21T03:28:53.567176Z DEBUG awase_windows::hook: [hook] IME-mode vk=0xF4 down self_injected=true injected=true scan=0x0 extra=0x4B45594D since_actuation_us=Some(66474914)
2026-09-21T03:28:53.568731Z DEBUG awase::journal: hook ime-mode diagnostic seq=489 elapsed_ms=77895 vk_code=244 is_down=true self_injected=true injected=true scan=0
2026-09-21T03:28:53.580308Z DEBUG awase_windows::tsf::gji_monitor: [gji-io] WRITE: w_ops=+2 w_KB=+0.0 (r_ops=+4 x_ops=+4 x_KB=+0.0)
2026-09-21T03:28:53.598973Z DEBUG awase_windows::runtime::ime_refresh: Explicit intent: bypassing typing-idle guard for IME verify (idle=31ms)
2026-09-21T03:28:53.599040Z DEBUG awase_windows::observer::ime_observer: IME snapshot: japanese=Some(true) ime_on=Some(true) romaji=Some(true) conv=Some("0x00000019") guard=false
2026-09-21T03:28:53.599136Z DEBUG awase::journal: ime event seq=490 elapsed_ms=77926 event_kind="ObserverReported"
2026-09-21T03:28:53.599173Z DEBUG awase::journal: ime event seq=491 elapsed_ms=77926 event_kind="InputModeObserved"
2026-09-21T03:28:53.599222Z DEBUG awase::journal: ime event seq=492 elapsed_ms=77926 event_kind="ModeKeyPassedThrough"
2026-09-21T03:28:53.599238Z  INFO awase_windows::runtime::ime_refresh: [mode-key-follow] observation arrived after mode key pass: intents invalidated
2026-09-21T03:28:53.599307Z  INFO awase::engine::engine: Engine activated (ime=true, romaji=true, japanese=true, user=true, reason=Active)
2026-09-21T03:28:53.599443Z DEBUG execute_from_loop:execute_one{generation=None}:dispatch_ime_set_open{open=true generation=None}: awase_windows::runtime::executor: [dispatch-ime] ImmCross async: optimistic applied_snapshot=true (suppress send_engine_state_ime_key)
2026-09-21T03:28:53.600645Z DEBUG execute_from_loop:execute_one{generation=None}: awase_windows::platform: [engine-state-key] suppressed (polling/focus-triggered, enabled=true)
2026-09-21T03:28:53.601911Z DEBUG run_open_chain_async: awase_windows::ime_controller: [warrant-shadow] chain=async open=true origin=EventOrigin { source: SelfActuated { strategy: "engine_decision_async" }, epoch: Generation(0) } warranted
2026-09-21T03:28:53.602008Z  INFO run_open_chain_async:imm_cross_write{open=true}: awase_windows::runtime::open_chain: [apply-ime] ImmCross async: open=true composition_active=false show_seq=0 change_seq=0 (issue #138診断)
2026-09-21T03:28:53.604262Z DEBUG awase_windows::shadow_send_trace: [shadow-send] channel=ImeControl cmd=0x0006 lparam=1 issue_us=77928607
2026-09-21T03:28:53.604279Z DEBUG awase_windows::ime: set_ime_open_for_target: hwnd=HWND(0x3a083a) ime_wnd=HWND(0xa0912) open=true success=true send_elapsed=0ms candidate_visible=false
2026-09-21T03:28:53.604498Z DEBUG run_open_chain_async:imm_cross_write{open=true}: awase_windows::ime: [imm-cross-actuate] hwnd=HWND(0x3a083a) open=Written conv=Some(Written)
2026-09-21T03:28:53.604548Z DEBUG run_open_chain_async:imm_cross_write{open=true}: awase_windows::runtime::open_chain: [apply-ime] ROMAN 補完結果: Written
2026-09-21T03:28:53.604605Z DEBUG run_open_chain_async: awase::journal: actuation decision seq=493 elapsed_ms=77931 site="DispatchImeSetOpen" caller="None" open=true chain_len=4 attempts_len=1 gate_profile="Standard" gate_kind="Gji" gate_shadow_known=true gate_shadow_on=false gate_input_mode="Observ
2026-09-21T03:28:53.604815Z DEBUG on_ime_apply_complete{open=true outcome=AppliedWithoutSendInput generation=None reason=EngineDecision}: awase::journal: ime open applied seq=494 elapsed_ms=77931 open=true outcome="AppliedWithoutSendInput" reason="EngineDecision"
2026-09-21T03:28:53.604896Z DEBUG on_ime_apply_complete{open=true outcome=AppliedWithoutSendInput generation=None reason=EngineDecision}: awase_windows::tsf::ime_mode_fsm: [ime-mode] SetOpen(true) applied → Hiragana (belief, unconfirmed)
2026-09-21T03:28:53.604924Z DEBUG on_ime_apply_complete{open=true outcome=AppliedWithoutSendInput generation=None reason=EngineDecision}: awase_windows::platform: [composition] ImeEffect::SetOpen(true) → marking cold
2026-09-21T03:28:53.604945Z DEBUG on_ime_apply_complete{open=true outcome=AppliedWithoutSendInput generation=None reason=EngineDecision}: awase_windows::tsf::probe: [composition] marked cold reason=SetOpenTrue idle=1875ms → next VK/TSF output will send VK_DBE_HIRAGANA warmup
2026-09-21T03:28:53.604994Z DEBUG on_ime_apply_complete{open=true outcome=AppliedWithoutSendInput generation=None reason=EngineDecision}:gji_on_event{event=ImeOn { injection_mode: Unicode, gji_idle_ms: 31 }}: awase_windows::tsf::gji_fsm: [gji-fsm] ImeOn gji_idle=31ms → Short
2026-09-21T03:28:53.605043Z DEBUG on_ime_apply_complete{open=true outcome=AppliedWithoutSendInput generation=None reason=EngineDecision}: awase_windows::platform: [gji-fsm] StartProbe probe_id=ProbeId(2) forces_f2=false long=false
2026-09-21T03:28:53.605579Z DEBUG awase::journal: gji fsm transition seq=495 elapsed_ms=77931 trigger="ImeOn(gji_idle_ms=31)" state_before="OffCold" state_after="OnCold(Short)"
2026-09-21T03:28:53.605609Z DEBUG awase::journal: tsf probe started seq=496 elapsed_ms=77931 source="GjiAction::StartProbe" cold_seq=0 probe_id=2 probe_id_present=true gji_state="OnCold(Short)" consecutive_at_start=0 pending_deferred_len=0
2026-09-21T03:28:53.605770Z DEBUG awase::journal: gji fsm transition seq=497 elapsed_ms=77931 trigger="WarmupComplete(unicode)" state_before="OnCold(Short)" state_after="OnWarm"
2026-09-21T03:28:53.605798Z DEBUG awase::journal: tsf probe completed seq=498 elapsed_ms=77931 outcome="UnicodeImmediate" cold_seq=18446744073709551615 cold_seq_present=false probe_id=2 probe_id_present=true duration_ms=0 tick_count=0 gji_state="OnWarm"
2026-09-21T03:28:53.648922Z DEBUG awase_windows::runtime::ime_refresh: Explicit intent: bypassing typing-idle guard for IME verify (idle=94ms)
2026-09-21T03:28:53.648985Z DEBUG awase_windows::observer::ime_observer: IME snapshot: japanese=Some(true) ime_on=Some(true) romaji=Some(true) conv=Some("0x00000019") guard=false
2026-09-21T03:28:53.649082Z DEBUG awase::journal: ime event seq=499 elapsed_ms=77975 event_kind="ObserverReported"
2026-09-21T03:28:53.649120Z DEBUG awase::journal: ime event seq=500 elapsed_ms=77975 event_kind="InputModeObserved"
2026-09-21T03:28:53.649180Z  INFO awase_windows::runtime::ime_refresh: [mode-key-follow] observation arrived after mode key pass: intents invalidated
2026-09-21T03:28:53.724496Z DEBUG awase_windows::runtime::ime_refresh: Explicit intent: bypassing typing-idle guard for IME verify (idle=172ms)
2026-09-21T03:28:53.724553Z DEBUG awase_windows::observer::ime_observer: IME snapshot: japanese=Some(true) ime_on=Some(true) romaji=Some(true) conv=Some("0x00000019") guard=false
2026-09-21T03:28:53.724643Z DEBUG awase::journal: ime event seq=501 elapsed_ms=78051 event_kind="ObserverReported"
2026-09-21T03:28:53.724680Z DEBUG awase::journal: ime event seq=502 elapsed_ms=78051 event_kind="InputModeObserved"
2026-09-21T03:28:53.724710Z  INFO awase_windows::runtime::ime_refresh: [mode-key-follow] observation arrived after mode key pass: intents invalidated
2026-09-21T03:28:53.802085Z DEBUG awase_windows::runtime::ime_refresh: Explicit intent: bypassing typing-idle guard for IME verify (idle=234ms)
2026-09-21T03:28:53.802156Z DEBUG awase_windows::observer::ime_observer: IME snapshot: japanese=Some(true) ime_on=Some(true) romaji=Some(true) conv=Some("0x00000019") guard=false
2026-09-21T03:28:53.802239Z DEBUG awase::journal: ime event seq=503 elapsed_ms=78129 event_kind="ObserverReported"
2026-09-21T03:28:53.802274Z DEBUG awase::journal: ime event seq=504 elapsed_ms=78129 event_kind="InputModeObserved"
2026-09-21T03:28:53.802301Z  INFO awase_windows::runtime::ime_refresh: [mode-key-follow] observation arrived after mode key pass: intents invalidated
2026-09-21T03:28:53.882291Z DEBUG awase_windows::runtime::ime_refresh: Skipping observer/SSOT write: typing active (idle=328ms)
2026-09-21T03:28:54.395628Z DEBUG awase_windows::observer::ime_observer: IME snapshot: japanese=Some(true) ime_on=Some(true) romaji=Some(true) conv=Some("0x00000019") guard=false
2026-09-21T03:28:54.395708Z DEBUG awase::journal: ime event seq=505 elapsed_ms=78722 event_kind="ObserverReported"
2026-09-21T03:28:54.395740Z DEBUG awase::journal: ime event seq=506 elapsed_ms=78722 event_kind="InputModeObserved"
2026-09-21T03:28:54.913805Z DEBUG awase_windows::observer::ime_observer: IME snapshot: japanese=Some(true) ime_on=Some(true) romaji=Some(true) conv=Some("0x00000019") guard=false
2026-09-21T03:28:54.913899Z DEBUG awase::journal: ime event seq=507 elapsed_ms=79240 event_kind="ObserverReported"
2026-09-21T03:28:54.913938Z DEBUG awase::journal: ime event seq=508 elapsed_ms=79240 event_kind="InputModeObserved"
2026-09-21T03:28:55.414106Z DEBUG awase_windows::observer::ime_observer: IME snapshot: japanese=Some(true) ime_on=Some(true) romaji=Some(true) conv=Some("0x00000019") guard=false
2026-09-21T03:28:55.414193Z DEBUG awase::journal: ime event seq=509 elapsed_ms=79741 event_kind="ObserverReported"
2026-09-21T03:28:55.414229Z DEBUG awase::journal: ime event seq=510 elapsed_ms=79741 event_kind="InputModeObserved"
2026-09-21T03:28:55.536563Z DEBUG awase_windows::runtime::key_pipeline: [engine-input] vk=0x1C KeyDown ts=79860865us delay=0ms state=Idle mods(c=false s=false a=false w=false) gas_ctrl=false phys_ctrl=false extra=0x5350494B pending_drain=0 gate_active=false l_thumb=None r_thumb=Some(79860853) [diag-
2026-09-21T03:28:55.536679Z DEBUG awase::journal: key input seq=511 elapsed_ms=79863 vk_code=28 is_down=true injected=false key_class="RightThumb" state_before="Idle" state_after="PendingThumb(vk=0x1C,left=false)" decision="Consume" physical="Allow" repeat_count=1 last_timestamp_us=79860865 last_ela
2026-09-21T03:28:55.660548Z DEBUG awase_windows::runtime::key_pipeline: [engine-input] vk=0x1C KeyUp ts=79984935us delay=0ms state=Idle mods(c=false s=false a=false w=false) gas_ctrl=false phys_ctrl=false extra=0x5350494B pending_drain=0 gate_active=false l_thumb=None r_thumb=None [diag-ctx] ime_on=
2026-09-21T03:28:55.660630Z DEBUG awase::journal: key input seq=513 elapsed_ms=79987 vk_code=28 is_down=false injected=false key_class="RightThumb" state_before="Idle" state_after="Idle" decision="Consume" physical="Allow" repeat_count=1 last_timestamp_us=79984935 last_elapsed_ms=0
2026-09-21T03:28:55.916511Z DEBUG awase_windows::runtime::ime_refresh: Skipping observer/SSOT write: typing active (idle=265ms)
2026-09-21T03:28:56.416930Z DEBUG awase_windows::observer::ime_observer: IME snapshot: japanese=Some(true) ime_on=Some(true) romaji=Some(true) conv=Some("0x00000019") guard=false
2026-09-21T03:28:56.417078Z DEBUG awase::journal: ime event seq=514 elapsed_ms=80744 event_kind="ObserverReported"
2026-09-21T03:28:56.417119Z DEBUG awase::journal: ime event seq=515 elapsed_ms=80744 event_kind="InputModeObserved"
2026-09-21T03:28:56.921339Z DEBUG awase_windows::observer::ime_observer: IME snapshot: japanese=Some(true) ime_on=Some(true) romaji=Some(true) conv=Some("0x00000019") guard=false
2026-09-21T03:28:56.921430Z DEBUG awase::journal: ime event seq=516 elapsed_ms=81248 event_kind="ObserverReported"
2026-09-21T03:28:56.921468Z DEBUG awase::journal: ime event seq=517 elapsed_ms=81248 event_kind="InputModeObserved"
2026-09-21T03:28:57.421097Z DEBUG awase_windows::runtime::key_pipeline: [engine-input] vk=0x1C KeyDown ts=81745436us delay=0ms state=Idle mods(c=false s=false a=false w=false) gas_ctrl=false phys_ctrl=false extra=0x5350494B pending_drain=0 gate_active=false l_thumb=None r_thumb=Some(81745428) [diag-
2026-09-21T03:28:57.421197Z DEBUG awase::journal: key input seq=518 elapsed_ms=81748 vk_code=28 is_down=true injected=false key_class="RightThumb" state_before="Idle" state_after="PendingThumb(vk=0x1C,left=false)" decision="Consume" physical="Allow" repeat_count=1 last_timestamp_us=81745436 last_ela
2026-09-21T03:28:57.423331Z DEBUG awase_windows::runtime::ime_refresh: Skipping observer/SSOT write: typing active (idle=0ms)
2026-09-21T03:28:57.546825Z DEBUG awase_windows::runtime::key_pipeline: [engine-input] vk=0x1C KeyUp ts=81871098us delay=0ms state=Idle mods(c=false s=false a=false w=false) gas_ctrl=false phys_ctrl=false extra=0x5350494B pending_drain=0 gate_active=false l_thumb=None r_thumb=None [diag-ctx] ime_on=
2026-09-21T03:28:57.546942Z DEBUG awase::journal: key input seq=520 elapsed_ms=81873 vk_code=28 is_down=false injected=false key_class="RightThumb" state_before="Idle" state_after="Idle" decision="Consume" physical="Allow" repeat_count=1 last_timestamp_us=81871098 last_elapsed_ms=0
2026-09-21T03:28:57.927552Z DEBUG awase_windows::runtime::ime_refresh: Skipping observer/SSOT write: typing active (idle=391ms)
2026-09-21T03:28:58.434242Z DEBUG awase_windows::observer::ime_observer: IME snapshot: japanese=Some(true) ime_on=Some(true) romaji=Some(true) conv=Some("0x00000019") guard=false
2026-09-21T03:28:58.434345Z DEBUG awase::journal: ime event seq=521 elapsed_ms=82761 event_kind="ObserverReported"
2026-09-21T03:28:58.434389Z DEBUG awase::journal: ime event seq=522 elapsed_ms=82761 event_kind="InputModeObserved"
2026-09-21T03:28:58.938939Z DEBUG awase_windows::observer::ime_observer: IME snapshot: japanese=Some(true) ime_on=Some(true) romaji=Some(true) conv=Some("0x00000019") guard=false
2026-09-21T03:28:58.939024Z DEBUG awase::journal: ime event seq=523 elapsed_ms=83266 event_kind="ObserverReported"
2026-09-21T03:28:58.939059Z DEBUG awase::journal: ime event seq=524 elapsed_ms=83266 event_kind="InputModeObserved"
2026-09-21T03:28:59.363654Z DEBUG awase_windows::runtime::key_pipeline: [engine-input] vk=0x4B KeyDown ts=83687971us delay=0ms state=Idle mods(c=false s=false a=false w=false) gas_ctrl=false phys_ctrl=false extra=0x5350494B pending_drain=0 gate_active=false l_thumb=None r_thumb=None [diag-ctx] ime_o
2026-09-21T03:28:59.363756Z DEBUG awase::journal: key input seq=525 elapsed_ms=83690 vk_code=75 is_down=true injected=false key_class="Char" state_before="Idle" state_after="PendingChar(vk=0x4B)" decision="Consume" physical="Allow" repeat_count=1 last_timestamp_us=83687971 last_elapsed_ms=0
2026-09-21T03:28:59.443298Z DEBUG awase_windows::runtime::ime_refresh: Skipping observer/SSOT write: typing active (idle=94ms)
2026-09-21T03:28:59.472354Z DEBUG execute_from_loop:execute_one{generation=None}: awase_windows::output: send_keys: mode=Unicode actions=[Char('き')] prev_elapsed=7734ms
2026-09-21T03:28:59.472381Z DEBUG execute_from_loop:execute_one{generation=None}: awase_windows::tsf::probe: [mark-send] last_send_ms=53350515
2026-09-21T03:28:59.472430Z DEBUG execute_from_loop:execute_one{generation=None}: awase_windows::output:   → Char('き') via Unicode
2026-09-21T03:28:59.475294Z DEBUG execute_from_loop:execute_one{generation=None}: awase_windows::tsf::probe: [mark-send] last_send_ms=53350531
2026-09-21T03:28:59.477536Z  INFO awase_windows::tsf::win_event_obs: [gji-obs] candidate SHOW #3: last_gji_write=5906ms ago
2026-09-21T03:28:59.485464Z DEBUG awase_windows::runtime::key_pipeline: [engine-input] vk=0x4B KeyUp ts=83808975us delay=0ms state=Idle mods(c=false s=false a=false w=false) gas_ctrl=false phys_ctrl=false extra=0x5350494B pending_drain=0 gate_active=false l_thumb=None r_thumb=None [diag-ctx] ime_on=
2026-09-21T03:28:59.485565Z DEBUG awase::journal: key input seq=527 elapsed_ms=83812 vk_code=75 is_down=false injected=false key_class="Char" state_before="Idle" state_after="Idle" decision="Consume" physical="Allow" repeat_count=1 last_timestamp_us=83808975 last_elapsed_ms=0
2026-09-21T03:28:59.485707Z DEBUG execute_one{generation=None}: awase_windows::output: send_keys: mode=Unicode actions=[Suppress] prev_elapsed=0ms
2026-09-21T03:28:59.485738Z DEBUG execute_one{generation=None}: awase_windows::tsf::probe: [mark-send] last_send_ms=53350531
2026-09-21T03:28:59.485757Z DEBUG execute_one{generation=None}: awase_windows::output:   → Suppress
2026-09-21T03:28:59.485772Z DEBUG execute_one{generation=None}: awase_windows::tsf::probe: [mark-send] last_send_ms=53350531
2026-09-21T03:28:59.485835Z DEBUG execute_one{generation=None}: awase_windows::platform: [gji-fsm] StartComposition (candidate SHOW)
2026-09-21T03:28:59.485872Z DEBUG execute_one{generation=None}:gji_on_event{event=StartComposition}: awase_windows::tsf::gji_fsm: [gji-fsm] StartComposition: OnWarm → OnComposing(AlreadyWarm)
2026-09-21T03:28:59.486003Z DEBUG awase::journal: gji fsm transition seq=528 elapsed_ms=83812 trigger="StartComposition(candidate SHOW)" state_before="OnWarm" state_after="OnComposing(Warm)"
2026-09-21T03:28:59.487329Z DEBUG awase_windows::tsf::gji_monitor: [gji-io] WRITE: w_ops=+2 w_KB=+0.3 (r_ops=+4 x_ops=+4 x_KB=+0.0)
2026-09-21T03:28:59.946162Z DEBUG awase_windows::runtime::ime_refresh: Skipping observer/SSOT write: typing active (idle=469ms)
2026-09-21T03:29:00.451453Z DEBUG awase_windows::observer::ime_observer: IME snapshot: japanese=Some(true) ime_on=Some(true) romaji=Some(true) conv=Some("0x00000019") guard=false
2026-09-21T03:29:00.451568Z DEBUG awase::journal: ime event seq=529 elapsed_ms=84778 event_kind="ObserverReported"
2026-09-21T03:29:00.451616Z DEBUG awase::journal: ime event seq=530 elapsed_ms=84778 event_kind="InputModeObserved"
2026-09-21T03:29:00.955068Z DEBUG awase_windows::observer::ime_observer: IME snapshot: japanese=Some(true) ime_on=Some(true) romaji=Some(true) conv=Some("0x00000019") guard=false
2026-09-21T03:29:00.955177Z DEBUG awase::journal: ime event seq=531 elapsed_ms=85282 event_kind="ObserverReported"
2026-09-21T03:29:00.955222Z DEBUG awase::journal: ime event seq=532 elapsed_ms=85282 event_kind="InputModeObserved"
2026-09-21T03:29:01.309084Z DEBUG awase_windows::runtime::key_pipeline: [engine-input] vk=0x1D KeyDown ts=85633405us delay=0ms state=Idle mods(c=false s=false a=false w=false) gas_ctrl=false phys_ctrl=false extra=0x5350494B pending_drain=0 gate_active=false l_thumb=Some(85633391) r_thumb=None [diag-
2026-09-21T03:29:01.309183Z DEBUG awase::journal: key input seq=533 elapsed_ms=85636 vk_code=29 is_down=true injected=false key_class="LeftThumb" state_before="Idle" state_after="PendingThumb(vk=0x1D,left=true)" decision="Consume" physical="Allow" repeat_count=1 last_timestamp_us=85633405 last_elaps
2026-09-21T03:29:01.434290Z DEBUG awase_windows::runtime::key_pipeline: [engine-input] vk=0x1D KeyUp ts=85758651us delay=0ms state=Idle mods(c=false s=false a=false w=false) gas_ctrl=false phys_ctrl=false extra=0x5350494B pending_drain=0 gate_active=false l_thumb=None r_thumb=None [diag-ctx] ime_on=
2026-09-21T03:29:01.434377Z DEBUG awase::journal: key input seq=535 elapsed_ms=85761 vk_code=29 is_down=false injected=false key_class="LeftThumb" state_before="Idle" state_after="Idle" decision="Consume" physical="Allow" repeat_count=1 last_timestamp_us=85758651 last_elapsed_ms=0
2026-09-21T03:29:01.452184Z DEBUG awase_windows::runtime::ime_refresh: Skipping observer/SSOT write: typing active (idle=16ms)
2026-09-21T03:29:01.954786Z DEBUG awase_windows::observer::ime_observer: IME snapshot: japanese=Some(true) ime_on=Some(true) romaji=Some(true) conv=Some("0x00000019") guard=false
2026-09-21T03:29:01.954910Z DEBUG awase::journal: ime event seq=536 elapsed_ms=86282 event_kind="ObserverReported"
2026-09-21T03:29:01.954978Z DEBUG awase::journal: ime event seq=537 elapsed_ms=86282 event_kind="InputModeObserved"
2026-09-21T03:29:02.453690Z DEBUG awase_windows::observer::ime_observer: IME snapshot: japanese=Some(true) ime_on=Some(true) romaji=Some(true) conv=Some("0x00000019") guard=false
2026-09-21T03:29:02.453755Z DEBUG awase::journal: ime event seq=538 elapsed_ms=86780 event_kind="ObserverReported"
2026-09-21T03:29:02.453778Z DEBUG awase::journal: ime event seq=539 elapsed_ms=86780 event_kind="InputModeObserved"
2026-09-21T03:29:02.951328Z DEBUG awase_windows::observer::ime_observer: IME snapshot: japanese=Some(true) ime_on=Some(true) romaji=Some(true) conv=Some("0x00000019") guard=false
2026-09-21T03:29:02.951428Z DEBUG awase::journal: ime event seq=540 elapsed_ms=87278 event_kind="ObserverReported"
2026-09-21T03:29:02.951657Z DEBUG awase::journal: ime event seq=541 elapsed_ms=87278 event_kind="InputModeObserved"
2026-09-21T03:29:03.247321Z DEBUG awase_windows::runtime::key_pipeline: [engine-input] vk=0x4B KeyDown ts=87571301us delay=0ms state=Idle mods(c=false s=false a=false w=false) gas_ctrl=false phys_ctrl=false extra=0x5350494B pending_drain=0 gate_active=false l_thumb=None r_thumb=None [diag-ctx] ime_o
2026-09-21T03:29:03.247551Z DEBUG awase::journal: key input seq=542 elapsed_ms=87574 vk_code=75 is_down=true injected=false key_class="Char" state_before="Idle" state_after="PendingChar(vk=0x4B)" decision="Consume" physical="Allow" repeat_count=1 last_timestamp_us=87571301 last_elapsed_ms=0
2026-09-21T03:29:03.357154Z DEBUG execute_from_loop:execute_one{generation=None}: awase_windows::output: send_keys: mode=Unicode actions=[Char('き')] prev_elapsed=3875ms
2026-09-21T03:29:03.357198Z DEBUG execute_from_loop:execute_one{generation=None}: awase_windows::tsf::probe: [mark-send] last_send_ms=53354406
2026-09-21T03:29:03.357225Z DEBUG execute_from_loop:execute_one{generation=None}: awase_windows::output:   → Char('き') via Unicode
2026-09-21T03:29:03.363615Z DEBUG execute_from_loop:execute_one{generation=None}: awase_windows::tsf::probe: [mark-send] last_send_ms=53354406
2026-09-21T03:29:03.365109Z DEBUG awase_windows::tsf::gji_monitor: [gji-io] WRITE: w_ops=+2 w_KB=+0.6 (r_ops=+4 x_ops=+4 x_KB=+0.0)
2026-09-21T03:29:03.375312Z DEBUG awase_windows::runtime::key_pipeline: [engine-input] vk=0x4B KeyUp ts=87698919us delay=0ms state=Idle mods(c=false s=false a=false w=false) gas_ctrl=false phys_ctrl=false extra=0x5350494B pending_drain=0 gate_active=false l_thumb=None r_thumb=None [diag-ctx] ime_on=
2026-09-21T03:29:03.375399Z DEBUG awase::journal: key input seq=544 elapsed_ms=87702 vk_code=75 is_down=false injected=false key_class="Char" state_before="Idle" state_after="Idle" decision="Consume" physical="Allow" repeat_count=1 last_timestamp_us=87698919 last_elapsed_ms=0
2026-09-21T03:29:03.375497Z DEBUG execute_one{generation=None}: awase_windows::output: send_keys: mode=Unicode actions=[Suppress] prev_elapsed=15ms
2026-09-21T03:29:03.375520Z DEBUG execute_one{generation=None}: awase_windows::tsf::probe: [mark-send] last_send_ms=53354421
2026-09-21T03:29:03.375532Z DEBUG execute_one{generation=None}: awase_windows::output:   → Suppress
2026-09-21T03:29:03.375541Z DEBUG execute_one{generation=None}: awase_windows::tsf::probe: [mark-send] last_send_ms=53354421
2026-09-21T03:29:03.446171Z DEBUG awase_windows::runtime::ime_refresh: Skipping observer/SSOT write: typing active (idle=79ms)
2026-09-21T03:29:03.959442Z DEBUG awase_windows::observer::ime_observer: IME snapshot: japanese=Some(true) ime_on=Some(true) romaji=Some(true) conv=Some("0x00000019") guard=false
2026-09-21T03:29:03.959511Z DEBUG awase::journal: ime event seq=545 elapsed_ms=88286 event_kind="ObserverReported"
2026-09-21T03:29:03.959536Z DEBUG awase::journal: ime event seq=546 elapsed_ms=88286 event_kind="InputModeObserved"
2026-09-21T03:29:04.474737Z DEBUG awase_windows::observer::ime_observer: IME snapshot: japanese=Some(true) ime_on=Some(true) romaji=Some(true) conv=Some("0x00000019") guard=false
2026-09-21T03:29:04.474802Z DEBUG awase::journal: ime event seq=547 elapsed_ms=88801 event_kind="ObserverReported"
2026-09-21T03:29:04.474825Z DEBUG awase::journal: ime event seq=548 elapsed_ms=88802 event_kind="InputModeObserved"
2026-09-21T03:29:04.991491Z DEBUG awase_windows::observer::ime_observer: IME snapshot: japanese=Some(true) ime_on=Some(true) romaji=Some(true) conv=Some("0x00000019") guard=false
2026-09-21T03:29:04.991574Z DEBUG awase::journal: ime event seq=549 elapsed_ms=89318 event_kind="ObserverReported"
2026-09-21T03:29:04.991609Z DEBUG awase::journal: ime event seq=550 elapsed_ms=89318 event_kind="InputModeObserved"
2026-09-21T03:29:05.193950Z DEBUG awase_windows::runtime::key_pipeline: [engine-input] vk=0x1B KeyDown ts=89518042us delay=0ms state=Idle mods(c=false s=false a=false w=false) gas_ctrl=false phys_ctrl=false extra=0x5350494B pending_drain=0 gate_active=false l_thumb=None r_thumb=None [diag-ctx] ime_o
2026-09-21T03:29:05.194126Z DEBUG awase::journal: key input seq=551 elapsed_ms=89521 vk_code=27 is_down=true injected=false key_class="Passthrough" state_before="Idle" state_after="Idle" decision="PassThrough" physical="Allow" repeat_count=1 last_timestamp_us=89518042 last_elapsed_ms=0
2026-09-21T03:29:05.194289Z DEBUG execute_from_hook: awase_windows::runtime::executor: [relay-passthrough] PassThrough idle: direct OS pass-through (vk=0x1b down)
2026-09-21T03:29:05.194417Z DEBUG execute_one{generation=None}: awase_windows::runtime::executor: [reinject] vk=0x1b down (queued passthrough now firing)
2026-09-21T03:29:05.201953Z  INFO awase_windows::tsf::win_event_obs: [gji-obs] candidate HIDE: last_gji_write=1829ms ago
2026-09-21T03:29:05.207411Z DEBUG awase_windows::tsf::gji_monitor: [gji-io] WRITE: w_ops=+2 w_KB=+0.3 (r_ops=+4 x_ops=+4 x_KB=+0.0)
2026-09-21T03:29:05.318570Z DEBUG awase_windows::runtime::key_pipeline: [engine-input] vk=0x1B KeyUp ts=89642666us delay=0ms state=Idle mods(c=false s=false a=false w=false) gas_ctrl=false phys_ctrl=false extra=0x5350494B pending_drain=0 gate_active=false l_thumb=None r_thumb=None [diag-ctx] ime_on=
2026-09-21T03:29:05.318766Z DEBUG awase::journal: key input seq=552 elapsed_ms=89645 vk_code=27 is_down=false injected=false key_class="Passthrough" state_before="Idle" state_after="Idle" decision="PassThrough" physical="Allow" repeat_count=1 last_timestamp_us=89642666 last_elapsed_ms=0
2026-09-21T03:29:05.318958Z DEBUG execute_from_hook: awase_windows::runtime::executor: [relay-passthrough] PassThrough idle: direct OS pass-through (vk=0x1b up)
2026-09-21T03:29:05.319087Z DEBUG execute_one{generation=None}: awase_windows::runtime::executor: [reinject] vk=0x1b up (queued passthrough now firing)
2026-09-21T03:29:05.322271Z DEBUG awase_windows::platform: [gji-fsm] EndComposition (candidate HIDE) epoch=FocusEpoch(3)
2026-09-21T03:29:05.322496Z DEBUG awase::journal: gji fsm transition seq=553 elapsed_ms=89649 trigger="EndComposition(candidate HIDE, epoch=FocusEpoch(3))" state_before="OnComposing(Warm)" state_after="OnWarm"
2026-09-21T03:29:05.507248Z DEBUG awase_windows::runtime::ime_refresh: Skipping observer/SSOT write: typing active (idle=187ms)
2026-09-21T03:29:06.011175Z DEBUG awase_windows::observer::ime_observer: IME snapshot: japanese=Some(true) ime_on=Some(true) romaji=Some(true) conv=Some("0x00000019") guard=false
2026-09-21T03:29:06.011282Z DEBUG awase::journal: ime event seq=554 elapsed_ms=90338 event_kind="ObserverReported"
2026-09-21T03:29:06.011327Z DEBUG awase::journal: ime event seq=555 elapsed_ms=90338 event_kind="InputModeObserved"
2026-09-21T03:29:06.507384Z DEBUG awase_windows::observer::ime_observer: IME snapshot: japanese=Some(true) ime_on=Some(true) romaji=Some(true) conv=Some("0x00000019") guard=false
2026-09-21T03:29:06.507467Z DEBUG awase::journal: ime event seq=556 elapsed_ms=90834 event_kind="ObserverReported"
2026-09-21T03:29:06.507501Z DEBUG awase::journal: ime event seq=557 elapsed_ms=90834 event_kind="InputModeObserved"
2026-09-21T03:29:07.010628Z DEBUG awase_windows::observer::ime_observer: IME snapshot: japanese=Some(true) ime_on=Some(true) romaji=Some(true) conv=Some("0x00000019") guard=false
2026-09-21T03:29:07.010712Z DEBUG awase::journal: ime event seq=558 elapsed_ms=91337 event_kind="ObserverReported"
2026-09-21T03:29:07.010738Z DEBUG awase::journal: ime event seq=559 elapsed_ms=91338 event_kind="InputModeObserved"
2026-09-21T03:29:07.147158Z DEBUG awase_windows::runtime::key_pipeline: [engine-input] vk=0x4B KeyDown ts=91471443us delay=0ms state=Idle mods(c=false s=false a=false w=false) gas_ctrl=false phys_ctrl=false extra=0x5350494B pending_drain=0 gate_active=false l_thumb=None r_thumb=None [diag-ctx] ime_o
2026-09-21T03:29:07.147277Z DEBUG awase::journal: key input seq=560 elapsed_ms=91474 vk_code=75 is_down=true injected=false key_class="Char" state_before="Idle" state_after="PendingChar(vk=0x4B)" decision="Consume" physical="Allow" repeat_count=1 last_timestamp_us=91471443 last_elapsed_ms=0
2026-09-21T03:29:07.257692Z DEBUG execute_from_loop:execute_one{generation=None}: awase_windows::output: send_keys: mode=Unicode actions=[Char('き')] prev_elapsed=3891ms
2026-09-21T03:29:07.257720Z DEBUG execute_from_loop:execute_one{generation=None}: awase_windows::tsf::probe: [mark-send] last_send_ms=53358312
2026-09-21T03:29:07.257740Z DEBUG execute_from_loop:execute_one{generation=None}: awase_windows::output:   → Char('き') via Unicode
2026-09-21T03:29:07.262155Z DEBUG execute_from_loop:execute_one{generation=None}: awase_windows::tsf::probe: [mark-send] last_send_ms=53358312
2026-09-21T03:29:07.264066Z  INFO awase_windows::tsf::win_event_obs: [gji-obs] candidate SHOW #4: last_gji_write=2062ms ago
2026-09-21T03:29:07.274182Z DEBUG awase_windows::tsf::gji_monitor: [gji-io] WRITE: w_ops=+2 w_KB=+0.3 (r_ops=+4 x_ops=+4 x_KB=+0.0)
2026-09-21T03:29:07.279191Z DEBUG awase_windows::runtime::key_pipeline: [engine-input] vk=0x4B KeyUp ts=91603494us delay=0ms state=Idle mods(c=false s=false a=false w=false) gas_ctrl=false phys_ctrl=false extra=0x5350494B pending_drain=0 gate_active=false l_thumb=None r_thumb=None [diag-ctx] ime_on=
2026-09-21T03:29:07.279309Z DEBUG awase::journal: key input seq=562 elapsed_ms=91606 vk_code=75 is_down=false injected=false key_class="Char" state_before="Idle" state_after="Idle" decision="Consume" physical="Allow" repeat_count=1 last_timestamp_us=91603494 last_elapsed_ms=0
2026-09-21T03:29:07.279467Z DEBUG execute_one{generation=None}: awase_windows::output: send_keys: mode=Unicode actions=[Suppress] prev_elapsed=16ms
2026-09-21T03:29:07.279502Z DEBUG execute_one{generation=None}: awase_windows::tsf::probe: [mark-send] last_send_ms=53358328
2026-09-21T03:29:07.279524Z DEBUG execute_one{generation=None}: awase_windows::output:   → Suppress
2026-09-21T03:29:07.279543Z DEBUG execute_one{generation=None}: awase_windows::tsf::probe: [mark-send] last_send_ms=53358328
2026-09-21T03:29:07.279610Z DEBUG execute_one{generation=None}: awase_windows::platform: [gji-fsm] StartComposition (candidate SHOW)
2026-09-21T03:29:07.279651Z DEBUG execute_one{generation=None}:gji_on_event{event=StartComposition}: awase_windows::tsf::gji_fsm: [gji-fsm] StartComposition: OnWarm → OnComposing(AlreadyWarm)
2026-09-21T03:29:07.279814Z DEBUG awase::journal: gji fsm transition seq=563 elapsed_ms=91606 trigger="StartComposition(candidate SHOW)" state_before="OnWarm" state_after="OnComposing(Warm)"
2026-09-21T03:29:07.511581Z DEBUG awase_windows::runtime::ime_refresh: Skipping observer/SSOT write: typing active (idle=234ms)
2026-09-21T03:29:08.009047Z DEBUG awase_windows::observer::ime_observer: IME snapshot: japanese=Some(true) ime_on=Some(true) romaji=Some(true) conv=Some("0x00000019") guard=false
2026-09-21T03:29:08.009134Z DEBUG awase::journal: ime event seq=564 elapsed_ms=92336 event_kind="ObserverReported"
2026-09-21T03:29:08.009171Z DEBUG awase::journal: ime event seq=565 elapsed_ms=92336 event_kind="InputModeObserved"
2026-09-21T03:29:08.509495Z DEBUG awase_windows::observer::ime_observer: IME snapshot: japanese=Some(true) ime_on=Some(true) romaji=Some(true) conv=Some("0x00000019") guard=false
2026-09-21T03:29:08.509566Z DEBUG awase::journal: ime event seq=566 elapsed_ms=92836 event_kind="ObserverReported"
2026-09-21T03:29:08.509632Z DEBUG awase::journal: ime event seq=567 elapsed_ms=92836 event_kind="InputModeObserved"
2026-09-21T03:29:09.011371Z DEBUG awase_windows::observer::ime_observer: IME snapshot: japanese=Some(true) ime_on=Some(true) romaji=Some(true) conv=Some("0x00000019") guard=false
2026-09-21T03:29:09.011451Z DEBUG awase::journal: ime event seq=568 elapsed_ms=93338 event_kind="ObserverReported"
2026-09-21T03:29:09.011479Z DEBUG awase::journal: ime event seq=569 elapsed_ms=93338 event_kind="InputModeObserved"
2026-09-21T03:29:09.098875Z DEBUG awase_windows::hook: [hook] IME-mode vk=0xF4 up self_injected=false injected=false scan=0x29 extra=0x5350494B since_actuation_us=Some(82006595)
2026-09-21T03:29:09.099066Z DEBUG awase::journal: hook ime-mode diagnostic seq=570 elapsed_ms=93426 vk_code=244 is_down=false self_injected=false injected=false scan=41
2026-09-21T03:29:09.099287Z DEBUG awase_windows::runtime::key_pipeline: [engine-input] vk=0xF4 KeyUp ts=93423544us delay=0ms state=Idle mods(c=false s=false a=false w=false) gas_ctrl=false phys_ctrl=false extra=0x5350494B pending_drain=0 gate_active=false l_thumb=None r_thumb=None [diag-ctx] ime_on=
2026-09-21T03:29:09.099405Z DEBUG awase::journal: key input seq=571 elapsed_ms=93426 vk_code=244 is_down=false injected=false key_class="Passthrough" state_before="Idle" state_after="Idle" decision="PassThrough" physical="Allow" repeat_count=1 last_timestamp_us=93423544 last_elapsed_ms=0
2026-09-21T03:29:09.099474Z DEBUG execute_from_hook: awase_windows::runtime::transport: [relay-sym] PassThrough KeyUp vk=0xf4: KeyDown was deferred → force reinject for symmetry
2026-09-21T03:29:09.099580Z DEBUG execute_one{generation=None}: awase_windows::runtime::executor: [reinject] vk=0xf4 up (queued passthrough now firing)
2026-09-21T03:29:09.099706Z DEBUG awase_windows::hook: [hook] IME-mode vk=0xF3 down self_injected=false injected=false scan=0x29 extra=0x5350494B since_actuation_us=Some(82007447)
2026-09-21T03:29:09.099777Z DEBUG awase_windows::hook: [hook] IME-mode vk=0xF4 up self_injected=true injected=true scan=0x0 extra=0x4B45594D since_actuation_us=Some(82007520)
2026-09-21T03:29:09.101855Z DEBUG awase::journal: hook ime-mode diagnostic seq=572 elapsed_ms=93429 vk_code=243 is_down=true self_injected=false injected=false scan=41
2026-09-21T03:29:09.101884Z DEBUG awase::journal: hook ime-mode diagnostic seq=573 elapsed_ms=93429 vk_code=244 is_down=false self_injected=true injected=true scan=0
2026-09-21T03:29:09.102308Z DEBUG awase_windows::runtime::key_pipeline: [engine-input] vk=0xF3 KeyDown ts=93424272us delay=2ms state=Idle mods(c=false s=false a=false w=false) gas_ctrl=false phys_ctrl=false extra=0x5350494B pending_drain=0 gate_active=false l_thumb=None r_thumb=None [diag-ctx] ime_o
2026-09-21T03:29:09.102399Z DEBUG awase::journal: key input seq=574 elapsed_ms=93429 vk_code=243 is_down=true injected=false key_class="Passthrough" state_before="Idle" state_after="Idle" decision="PassThrough" physical="Allow" repeat_count=1 last_timestamp_us=93424272 last_elapsed_ms=0
2026-09-21T03:29:09.102484Z DEBUG awase_windows::runtime::key_pipeline: may_change_ime key passed through → IME refresh scheduled (20ms)
2026-09-21T03:29:09.102514Z  INFO awase_windows::runtime::key_pipeline: [mode-key-follow] mode key PassThrough(vk=0xF3): IME refresh scheduled (20ms)
2026-09-21T03:29:09.103012Z DEBUG awase_windows::runtime::key_pipeline: [key-effect-predict] vk=0xF3 status=Pre: no prediction
2026-09-21T03:29:09.103080Z DEBUG execute_from_hook: awase_windows::runtime::executor: [relay-passthrough] PassThrough idle: direct OS pass-through (vk=0xf3 down)
2026-09-21T03:29:09.103198Z DEBUG execute_one{generation=None}: awase_windows::runtime::executor: [reinject] vk=0xf3 down (queued passthrough now firing)
2026-09-21T03:29:09.103317Z DEBUG awase_windows::hook: [hook] IME-mode vk=0xF3 up self_injected=true injected=false scan=0x0 extra=0x4B45594D since_actuation_us=Some(82011049)
2026-09-21T03:29:09.104242Z DEBUG awase_windows::hook: [hook] IME-mode vk=0xF4 down self_injected=true injected=true scan=0x0 extra=0x4B45594D since_actuation_us=Some(82011977)
2026-09-21T03:29:09.106287Z DEBUG awase::journal: hook ime-mode diagnostic seq=575 elapsed_ms=93433 vk_code=243 is_down=false self_injected=true injected=false scan=0
2026-09-21T03:29:09.106309Z DEBUG awase::journal: hook ime-mode diagnostic seq=576 elapsed_ms=93433 vk_code=244 is_down=true self_injected=true injected=true scan=0
2026-09-21T03:29:09.112952Z  INFO awase_windows::tsf::win_event_obs: [gji-obs] candidate HIDE: last_gji_write=1828ms ago
2026-09-21T03:29:09.114160Z DEBUG awase_windows::tsf::gji_monitor: [gji-io] WRITE: w_ops=+2 w_KB=+0.3 (r_ops=+4 x_ops=+4 x_KB=+0.0)
2026-09-21T03:29:09.135079Z DEBUG awase_windows::runtime::ime_refresh: Explicit intent: bypassing typing-idle guard for IME verify (idle=31ms)
2026-09-21T03:29:09.135143Z DEBUG awase_windows::observer::ime_observer: IME snapshot: japanese=Some(true) ime_on=Some(false) romaji=Some(true) conv=Some("0x00000019") guard=false
2026-09-21T03:29:09.135433Z DEBUG awase::journal: ime event seq=577 elapsed_ms=93462 event_kind="ObserverReported"
2026-09-21T03:29:09.135514Z DEBUG awase::journal: ime event seq=578 elapsed_ms=93462 event_kind="InputModeObserved"
2026-09-21T03:29:09.135600Z DEBUG awase::journal: ime event seq=579 elapsed_ms=93462 event_kind="ModeKeyPassedThrough"
2026-09-21T03:29:09.135614Z  INFO awase_windows::runtime::ime_refresh: [mode-key-follow] observation arrived after mode key pass: intents invalidated
2026-09-21T03:29:09.135716Z  INFO awase::engine::engine: Engine deactivated (ime=false, romaji=true, japanese=true, user=true, reason=Inactive(ImeOff))
2026-09-21T03:29:09.135852Z DEBUG execute_from_loop:execute_one{generation=None}:dispatch_ime_set_open{open=false generation=None}: awase_windows::runtime::executor: [dispatch-ime] ImmCross async: optimistic applied_snapshot=false (suppress send_engine_state_ime_key)
2026-09-21T03:29:09.137410Z DEBUG execute_from_loop:execute_one{generation=None}: awase_windows::platform: [engine-state-key] suppressed (polling/focus-triggered, enabled=false)
2026-09-21T03:29:09.139078Z DEBUG run_open_chain_async: awase_windows::ime_controller: [warrant-shadow] chain=async open=false origin=EventOrigin { source: SelfActuated { strategy: "engine_decision_async" }, epoch: Generation(0) } warranted
2026-09-21T03:29:09.139170Z  INFO run_open_chain_async:imm_cross_write{open=false}: awase_windows::runtime::open_chain: [apply-ime] ImmCross async: open=false composition_active=false show_seq=0 change_seq=0 (issue #138診断)
2026-09-21T03:29:09.141631Z DEBUG awase_windows::shadow_send_trace: [shadow-send] channel=ImeControl cmd=0x0006 lparam=0 issue_us=93465931
2026-09-21T03:29:09.141642Z DEBUG awase_windows::ime: set_ime_open_for_target: hwnd=HWND(0x3a083a) ime_wnd=HWND(0xa0912) open=false success=true send_elapsed=0ms candidate_visible=false
2026-09-21T03:29:09.141729Z DEBUG run_open_chain_async:imm_cross_write{open=false}: awase_windows::ime: [imm-cross-actuate] hwnd=HWND(0x3a083a) open=Written conv=None
2026-09-21T03:29:09.141822Z DEBUG run_open_chain_async: awase::journal: actuation decision seq=580 elapsed_ms=93469 site="DispatchImeSetOpen" caller="None" open=false chain_len=4 attempts_len=1 gate_profile="Standard" gate_kind="Gji" gate_shadow_known=true gate_shadow_on=true gate_input_mode="Observ
2026-09-21T03:29:09.142002Z DEBUG on_ime_apply_complete{open=false outcome=AppliedWithoutSendInput generation=None reason=EngineDecision}: awase::journal: ime open applied seq=581 elapsed_ms=93469 open=false outcome="AppliedWithoutSendInput" reason="EngineDecision"
2026-09-21T03:29:09.142067Z DEBUG on_ime_apply_complete{open=false outcome=AppliedWithoutSendInput generation=None reason=EngineDecision}: awase_windows::tsf::ime_mode_fsm: [ime-mode] SetOpen(false) applied → Off (belief, unconfirmed)
2026-09-21T03:29:09.142084Z DEBUG on_ime_apply_complete{open=false outcome=AppliedWithoutSendInput generation=None reason=EngineDecision}: awase_windows::platform: [composition] ImeEffect::SetOpen(false) → marking cold (prevent warm+TSF Enter leak)
2026-09-21T03:29:09.142099Z DEBUG on_ime_apply_complete{open=false outcome=AppliedWithoutSendInput generation=None reason=EngineDecision}: awase_windows::tsf::probe: [composition] marked cold reason=SetOpenFalse idle=1859ms → next VK/TSF output will send VK_DBE_HIRAGANA warmup
2026-09-21T03:29:09.142225Z DEBUG awase::journal: gji fsm transition seq=582 elapsed_ms=93469 trigger="ImeOff" state_before="OnComposing(Warm)" state_after="OffCold"
2026-09-21T03:29:09.170324Z DEBUG awase_windows::runtime::ime_refresh: Explicit intent: bypassing typing-idle guard for IME verify (idle=62ms)
2026-09-21T03:29:09.170394Z DEBUG awase_windows::observer::ime_observer: IME snapshot: japanese=Some(true) ime_on=Some(false) romaji=Some(true) conv=Some("0x00000019") guard=false
2026-09-21T03:29:09.170496Z DEBUG awase::journal: ime event seq=583 elapsed_ms=93497 event_kind="ObserverReported"
2026-09-21T03:29:09.170537Z DEBUG awase::journal: ime event seq=584 elapsed_ms=93497 event_kind="InputModeObserved"
2026-09-21T03:29:09.170769Z  INFO awase_windows::runtime::ime_refresh: [mode-key-follow] observation arrived after mode key pass: intents invalidated
2026-09-21T03:29:09.244212Z DEBUG awase_windows::runtime::ime_refresh: Explicit intent: bypassing typing-idle guard for IME verify (idle=140ms)
2026-09-21T03:29:09.244342Z DEBUG awase_windows::observer::ime_observer: IME snapshot: japanese=Some(true) ime_on=Some(false) romaji=Some(true) conv=Some("0x00000019") guard=false
2026-09-21T03:29:09.244459Z DEBUG awase::journal: ime event seq=585 elapsed_ms=93571 event_kind="ObserverReported"
2026-09-21T03:29:09.244504Z DEBUG awase::journal: ime event seq=586 elapsed_ms=93571 event_kind="InputModeObserved"
2026-09-21T03:29:09.244540Z  INFO awase_windows::runtime::ime_refresh: [mode-key-follow] observation arrived after mode key pass: intents invalidated
2026-09-21T03:29:09.305748Z DEBUG awase_windows::runtime::ime_refresh: Explicit intent: bypassing typing-idle guard for IME verify (idle=203ms)
2026-09-21T03:29:09.305808Z DEBUG awase_windows::observer::ime_observer: IME snapshot: japanese=Some(true) ime_on=Some(false) romaji=Some(true) conv=Some("0x00000019") guard=false
2026-09-21T03:29:09.305900Z DEBUG awase::journal: ime event seq=587 elapsed_ms=93633 event_kind="ObserverReported"
2026-09-21T03:29:09.305938Z DEBUG awase::journal: ime event seq=588 elapsed_ms=93633 event_kind="InputModeObserved"
2026-09-21T03:29:09.305967Z  INFO awase_windows::runtime::ime_refresh: [mode-key-follow] observation arrived after mode key pass: intents invalidated
2026-09-21T03:29:09.367677Z DEBUG awase_windows::runtime::ime_refresh: Explicit intent: bypassing typing-idle guard for IME verify (idle=265ms)
2026-09-21T03:29:09.367732Z DEBUG awase_windows::observer::ime_observer: IME snapshot: japanese=Some(true) ime_on=Some(false) romaji=Some(true) conv=Some("0x00000019") guard=false
2026-09-21T03:29:09.367819Z DEBUG awase::journal: ime event seq=589 elapsed_ms=93695 event_kind="ObserverReported"
2026-09-21T03:29:09.367854Z DEBUG awase::journal: ime event seq=590 elapsed_ms=93695 event_kind="InputModeObserved"
2026-09-21T03:29:09.367883Z  INFO awase_windows::runtime::ime_refresh: [mode-key-follow] observation arrived after mode key pass: intents invalidated
2026-09-21T03:29:09.431126Z DEBUG awase_windows::runtime::ime_refresh: Skipping observer/SSOT write: typing active (idle=328ms)
2026-09-21T03:29:09.931481Z DEBUG awase_windows::observer::ime_observer: IME snapshot: japanese=Some(true) ime_on=Some(false) romaji=Some(true) conv=Some("0x00000019") guard=false
2026-09-21T03:29:09.931605Z DEBUG awase::journal: ime event seq=591 elapsed_ms=94258 event_kind="ObserverReported"
2026-09-21T03:29:09.931626Z DEBUG awase::journal: ime event seq=592 elapsed_ms=94258 event_kind="InputModeObserved"
2026-09-21T03:29:10.444910Z DEBUG awase_windows::observer::ime_observer: IME snapshot: japanese=Some(true) ime_on=Some(false) romaji=Some(true) conv=Some("0x00000019") guard=false
2026-09-21T03:29:10.444977Z DEBUG awase::journal: ime event seq=593 elapsed_ms=94772 event_kind="ObserverReported"
2026-09-21T03:29:10.445001Z DEBUG awase::journal: ime event seq=594 elapsed_ms=94772 event_kind="InputModeObserved"
2026-09-21T03:29:10.951094Z DEBUG awase_windows::observer::ime_observer: IME snapshot: japanese=Some(true) ime_on=Some(false) romaji=Some(true) conv=Some("0x00000019") guard=false
2026-09-21T03:29:10.951149Z DEBUG awase::journal: ime event seq=595 elapsed_ms=95278 event_kind="ObserverReported"
2026-09-21T03:29:10.951305Z DEBUG awase::journal: ime event seq=596 elapsed_ms=95278 event_kind="InputModeObserved"
2026-09-21T03:29:10.994069Z DEBUG awase_windows::runtime::key_pipeline: [engine-input] vk=0x1B KeyDown ts=95318303us delay=0ms state=Idle mods(c=false s=false a=false w=false) gas_ctrl=false phys_ctrl=false extra=0x5350494B pending_drain=0 gate_active=false l_thumb=None r_thumb=None [diag-ctx] ime_o
2026-09-21T03:29:10.994170Z DEBUG awase::journal: key input seq=597 elapsed_ms=95321 vk_code=27 is_down=true injected=false key_class="Passthrough" state_before="Idle" state_after="Idle" decision="PassThrough" physical="Allow" repeat_count=1 last_timestamp_us=95318303 last_elapsed_ms=0
2026-09-21T03:29:10.994266Z DEBUG execute_from_hook: awase_windows::tsf::probe: [composition] marked cold reason=PassthroughConfirmKey idle=3718ms → next VK/TSF output will send VK_DBE_HIRAGANA warmup
2026-09-21T03:29:10.994286Z DEBUG execute_from_hook: awase_windows::tsf::probe: [mark-send] last_send_ms=53362046
2026-09-21T03:29:10.994335Z DEBUG execute_from_hook: awase_windows::platform: [composition-fsm] EmitWarmup (ConfirmKeyDown)
2026-09-21T03:29:10.994353Z DEBUG execute_from_hook: awase_windows::runtime::executor: [relay-passthrough] PassThrough idle: direct OS pass-through (vk=0x1b down)
2026-09-21T03:29:10.994377Z DEBUG awase::journal: gji fsm transition seq=598 elapsed_ms=95321 trigger="CompositionReset(gji_idle_ms=1875)" state_before="OffCold" state_after="OffCold"
2026-09-21T03:29:10.994432Z DEBUG awase_windows::runtime::executor: [reinject-guard] suspending drain for 50ms (vk=0x1b)
2026-09-21T03:29:11.054942Z DEBUG execute_one{generation=None}: awase_windows::runtime::executor: [reinject] vk=0x1b down (queued passthrough now firing)
2026-09-21T03:29:11.054995Z DEBUG execute_one{generation=None}: awase_windows::platform: [composition] reinject KeyDown vk=0x1b → marking cold + eager warmup
2026-09-21T03:29:11.055010Z DEBUG execute_one{generation=None}: awase_windows::tsf::probe: [composition] marked cold reason=ReinjectConfirmKey idle=63ms → next VK/TSF output will send VK_DBE_HIRAGANA warmup
2026-09-21T03:29:11.055025Z DEBUG execute_one{generation=None}: awase_windows::tsf::probe: [mark-send] last_send_ms=53362109
2026-09-21T03:29:11.057329Z DEBUG awase::journal: gji fsm transition seq=599 elapsed_ms=95382 trigger="CompositionReset(gji_idle_ms=1938)" state_before="OffCold" state_after="OffCold"
2026-09-21T03:29:11.125184Z DEBUG awase_windows::runtime::key_pipeline: [engine-input] vk=0x1B KeyUp ts=95447520us delay=2ms state=Idle mods(c=false s=false a=false w=false) gas_ctrl=false phys_ctrl=false extra=0x5350494B pending_drain=0 gate_active=false l_thumb=None r_thumb=None [diag-ctx] ime_on=
2026-09-21T03:29:11.125578Z DEBUG awase::journal: key input seq=600 elapsed_ms=95452 vk_code=27 is_down=false injected=false key_class="Passthrough" state_before="Idle" state_after="Idle" decision="PassThrough" physical="Allow" repeat_count=1 last_timestamp_us=95447520 last_elapsed_ms=0
2026-09-21T03:29:11.126237Z DEBUG execute_from_hook: awase_windows::runtime::executor: [relay-passthrough] PassThrough idle: direct OS pass-through (vk=0x1b up)
2026-09-21T03:29:11.126345Z DEBUG execute_one{generation=None}: awase_windows::runtime::executor: [reinject] vk=0x1b up (queued passthrough now firing)
2026-09-21T03:29:11.446755Z DEBUG awase_windows::runtime::ime_refresh: Skipping observer/SSOT write: typing active (idle=329ms)
2026-09-21T03:29:11.963212Z DEBUG awase_windows::observer::ime_observer: IME snapshot: japanese=Some(true) ime_on=Some(false) romaji=Some(true) conv=Some("0x00000019") guard=false
2026-09-21T03:29:11.963287Z DEBUG awase::journal: ime event seq=601 elapsed_ms=96290 event_kind="ObserverReported"
2026-09-21T03:29:11.963320Z DEBUG awase::journal: ime event seq=602 elapsed_ms=96290 event_kind="InputModeObserved"
2026-09-21T03:29:12.474413Z DEBUG awase_windows::observer::ime_observer: IME snapshot: japanese=Some(true) ime_on=Some(false) romaji=Some(true) conv=Some("0x00000019") guard=false
2026-09-21T03:29:12.474506Z DEBUG awase::journal: ime event seq=603 elapsed_ms=96801 event_kind="ObserverReported"
2026-09-21T03:29:12.474558Z DEBUG awase::journal: ime event seq=604 elapsed_ms=96801 event_kind="InputModeObserved"
2026-09-21T03:29:12.936748Z DEBUG awase_windows::runtime::key_pipeline: [engine-input] vk=0x4B KeyDown ts=97261072us delay=0ms state=Idle mods(c=false s=false a=false w=false) gas_ctrl=false phys_ctrl=false extra=0x5350494B pending_drain=0 gate_active=false l_thumb=None r_thumb=None [diag-ctx] ime_o
2026-09-21T03:29:12.936840Z DEBUG awase::journal: key input seq=605 elapsed_ms=97264 vk_code=75 is_down=true injected=false key_class="Char" state_before="Idle" state_after="Idle" decision="PassThrough" physical="Allow" repeat_count=1 last_timestamp_us=97261072 last_elapsed_ms=0
2026-09-21T03:29:12.936970Z DEBUG execute_one{generation=None}: awase_windows::runtime::executor: [reinject] vk=0x4b down (queued passthrough now firing)
2026-09-21T03:29:12.985354Z DEBUG awase_windows::runtime::ime_refresh: Skipping observer/SSOT write: typing active (idle=47ms)
2026-09-21T03:29:13.061659Z DEBUG awase_windows::runtime::key_pipeline: [engine-input] vk=0x4B KeyUp ts=97385982us delay=0ms state=Idle mods(c=false s=false a=false w=false) gas_ctrl=false phys_ctrl=false extra=0x5350494B pending_drain=0 gate_active=false l_thumb=None r_thumb=None [diag-ctx] ime_on=
2026-09-21T03:29:13.061762Z DEBUG awase::journal: key input seq=606 elapsed_ms=97389 vk_code=75 is_down=false injected=false key_class="Char" state_before="Idle" state_after="Idle" decision="PassThrough" physical="Allow" repeat_count=1 last_timestamp_us=97385982 last_elapsed_ms=0
2026-09-21T03:29:13.061886Z DEBUG execute_one{generation=None}: awase_windows::runtime::executor: [reinject] vk=0x4b up (queued passthrough now firing)
2026-09-21T03:29:13.485594Z DEBUG awase_windows::runtime::ime_refresh: Skipping observer/SSOT write: typing active (idle=422ms)
2026-09-21T03:29:13.986458Z DEBUG awase_windows::observer::ime_observer: IME snapshot: japanese=Some(true) ime_on=Some(false) romaji=Some(true) conv=Some("0x00000019") guard=false
2026-09-21T03:29:13.986544Z DEBUG awase::journal: ime event seq=607 elapsed_ms=98313 event_kind="ObserverReported"
2026-09-21T03:29:13.986574Z DEBUG awase::journal: ime event seq=608 elapsed_ms=98314 event_kind="InputModeObserved"
2026-09-21T03:29:14.488167Z DEBUG awase_windows::observer::ime_observer: IME snapshot: japanese=Some(true) ime_on=Some(false) romaji=Some(true) conv=Some("0x00000019") guard=false
2026-09-21T03:29:14.488248Z DEBUG awase::journal: ime event seq=609 elapsed_ms=98815 event_kind="ObserverReported"
2026-09-21T03:29:14.488281Z DEBUG awase::journal: ime event seq=610 elapsed_ms=98815 event_kind="InputModeObserved"
2026-09-21T03:29:14.877471Z DEBUG awase_windows::runtime::key_pipeline: [engine-input] vk=0x4B KeyDown ts=99201640us delay=0ms state=Idle mods(c=false s=false a=false w=false) gas_ctrl=false phys_ctrl=false extra=0x5350494B pending_drain=0 gate_active=false l_thumb=None r_thumb=None [diag-ctx] ime_o
2026-09-21T03:29:14.877604Z DEBUG awase::journal: key input seq=611 elapsed_ms=99205 vk_code=75 is_down=true injected=false key_class="Char" state_before="Idle" state_after="Idle" decision="PassThrough" physical="Allow" repeat_count=1 last_timestamp_us=99201640 last_elapsed_ms=0
2026-09-21T03:29:14.877773Z DEBUG execute_one{generation=None}: awase_windows::runtime::executor: [reinject] vk=0x4b down (queued passthrough now firing)
2026-09-21T03:29:14.991963Z DEBUG awase_windows::runtime::ime_refresh: Skipping observer/SSOT write: typing active (idle=125ms)
2026-09-21T03:29:15.066365Z DEBUG awase_windows::runtime::key_pipeline: [engine-input] vk=0x4B KeyUp ts=99390623us delay=0ms state=Idle mods(c=false s=false a=false w=false) gas_ctrl=false phys_ctrl=false extra=0x5350494B pending_drain=0 gate_active=false l_thumb=None r_thumb=None [diag-ctx] ime_on=
2026-09-21T03:29:15.066463Z DEBUG awase::journal: key input seq=612 elapsed_ms=99393 vk_code=75 is_down=false injected=false key_class="Char" state_before="Idle" state_after="Idle" decision="PassThrough" physical="Allow" repeat_count=1 last_timestamp_us=99390623 last_elapsed_ms=0
2026-09-21T03:29:15.066607Z DEBUG execute_one{generation=None}: awase_windows::runtime::executor: [reinject] vk=0x4b up (queued passthrough now firing)
2026-09-21T03:29:15.494680Z DEBUG awase_windows::runtime::ime_refresh: Skipping observer/SSOT write: typing active (idle=437ms)
2026-09-21T03:29:16.007574Z DEBUG awase_windows::observer::ime_observer: IME snapshot: japanese=Some(true) ime_on=Some(false) romaji=Some(true) conv=Some("0x00000019") guard=false
2026-09-21T03:29:16.007657Z DEBUG awase::journal: ime event seq=613 elapsed_ms=100335 event_kind="ObserverReported"
2026-09-21T03:29:16.007692Z DEBUG awase::journal: ime event seq=614 elapsed_ms=100335 event_kind="InputModeObserved"
2026-09-21T03:29:16.556620Z DEBUG awase_windows::observer::ime_observer: IME snapshot: japanese=Some(true) ime_on=Some(false) romaji=Some(true) conv=Some("0x00000019") guard=false
2026-09-21T03:29:16.556708Z DEBUG awase::journal: ime event seq=615 elapsed_ms=100884 event_kind="ObserverReported"
2026-09-21T03:29:16.556748Z DEBUG awase::journal: ime event seq=616 elapsed_ms=100884 event_kind="InputModeObserved"
2026-09-21T03:29:16.822493Z DEBUG awase_windows::runtime::key_pipeline: [engine-input] vk=0x1D KeyDown ts=101146714us delay=0ms state=Idle mods(c=false s=false a=false w=false) gas_ctrl=false phys_ctrl=false extra=0x5350494B pending_drain=0 gate_active=false l_thumb=Some(101146702) r_thumb=None [dia
2026-09-21T03:29:16.822674Z DEBUG awase::journal: key input seq=617 elapsed_ms=101150 vk_code=29 is_down=true injected=false key_class="LeftThumb" state_before="Idle" state_after="Idle" decision="PassThrough" physical="Allow" repeat_count=1 last_timestamp_us=101146714 last_elapsed_ms=0
2026-09-21T03:29:16.822756Z  INFO awase_windows::runtime::key_pipeline: [mode-key-follow] mode key PassThrough(vk=0x1D): IME refresh scheduled (20ms)
2026-09-21T03:29:16.823504Z  INFO awase_windows::runtime::key_pipeline: [key-effect-predict] vk=0x1D status=Direct open=Some(true) mode=None
2026-09-21T03:29:16.823571Z DEBUG awase::journal: ime event seq=618 elapsed_ms=101151 event_kind="KeyEffectPredicted"
2026-09-21T03:29:16.823614Z  INFO awase::engine::engine: Engine activated (ime=true, romaji=true, japanese=true, user=true, reason=Active)
2026-09-21T03:29:16.823720Z DEBUG execute_from_loop:execute_one{generation=None}:dispatch_ime_set_open{open=true generation=None}: awase_windows::runtime::executor: [dispatch-ime] ImmCross async: optimistic applied_snapshot=true (suppress send_engine_state_ime_key)
2026-09-21T03:29:16.826185Z DEBUG execute_from_loop:execute_one{generation=None}: awase_windows::platform: [engine-state-key] suppressed (polling/focus-triggered, enabled=true)
2026-09-21T03:29:16.826566Z DEBUG execute_one{generation=None}: awase_windows::runtime::executor: [reinject] vk=0x1d down (queued passthrough now firing)
2026-09-21T03:29:16.828376Z  INFO run_open_chain_async: awase_windows::ime_controller: [warrant-shadow] chain=async open=true origin=EventOrigin { source: SelfActuated { strategy: "engine_decision_async" }, epoch: Generation(0) } would_have_blocked=true (A-1 shadow: 書き込みは止めない。A-2 で強制する際の判断材料)
2026-09-21T03:29:16.828450Z DEBUG run_open_chain_async: awase::journal: actuation decision seq=619 elapsed_ms=101155 site="DispatchImeSetOpen" caller="None" open=true chain_len=4 attempts_len=0 gate_profile="Standard" gate_kind="Gji" gate_shadow_known=true gate_shadow_on=false gate_input_mode="Obser
2026-09-21T03:29:16.828587Z DEBUG on_ime_apply_complete{open=true outcome=Unwarranted generation=None reason=EngineDecision}: awase::journal: ime open applied seq=620 elapsed_ms=101156 open=true outcome="Unwarranted" reason="EngineDecision"
2026-09-21T03:29:16.837612Z DEBUG awase_windows::tsf::gji_monitor: [gji-io] WRITE: w_ops=+2 w_KB=+0.0 (r_ops=+4 x_ops=+4 x_KB=+0.0)
2026-09-21T03:29:16.856946Z DEBUG awase_windows::runtime::ime_refresh: Explicit intent: bypassing typing-idle guard for IME verify (idle=31ms)
2026-09-21T03:29:16.856980Z DEBUG awase_windows::observer::ime_observer: IME snapshot: japanese=Some(true) ime_on=Some(true) romaji=Some(true) conv=Some("0x00000019") guard=false
2026-09-21T03:29:16.857034Z DEBUG reduce: awase_windows::state::ime_model: [key-effect-fence] axis=open stale observation ignored: observed=true predicted=true age_ms=31
2026-09-21T03:29:16.857066Z DEBUG awase::journal: ime event seq=621 elapsed_ms=101184 event_kind="ObserverReported"
2026-09-21T03:29:16.857088Z DEBUG awase::journal: ime event seq=622 elapsed_ms=101184 event_kind="InputModeObserved"
2026-09-21T03:29:16.857114Z DEBUG awase::journal: ime event seq=623 elapsed_ms=101184 event_kind="ModeKeyPassedThrough"
2026-09-21T03:29:16.857123Z  INFO awase_windows::runtime::ime_refresh: [mode-key-follow] observation arrived after mode key pass: intents invalidated
2026-09-21T03:29:16.923221Z DEBUG awase_windows::runtime::ime_refresh: Explicit intent: bypassing typing-idle guard for IME verify (idle=93ms)
2026-09-21T03:29:16.923350Z DEBUG awase_windows::observer::ime_observer: IME snapshot: japanese=Some(true) ime_on=Some(true) romaji=Some(true) conv=Some("0x00000019") guard=false
2026-09-21T03:29:16.923490Z DEBUG reduce: awase_windows::state::ime_model: [key-effect-fence] axis=open stale observation ignored: observed=true predicted=true age_ms=93
2026-09-21T03:29:16.923527Z DEBUG awase::journal: ime event seq=624 elapsed_ms=101251 event_kind="ObserverReported"
2026-09-21T03:29:16.923560Z DEBUG awase::journal: ime event seq=625 elapsed_ms=101251 event_kind="InputModeObserved"
2026-09-21T03:29:16.923599Z  INFO awase_windows::runtime::ime_refresh: [mode-key-follow] observation arrived after mode key pass: intents invalidated
2026-09-21T03:29:16.949459Z DEBUG awase_windows::runtime::key_pipeline: [engine-input] vk=0x1D KeyUp ts=101273652us delay=0ms state=Idle mods(c=false s=false a=false w=false) gas_ctrl=false phys_ctrl=false extra=0x5350494B pending_drain=0 gate_active=false l_thumb=None r_thumb=None [diag-ctx] ime_on
2026-09-21T03:29:16.949590Z DEBUG awase::journal: key input seq=626 elapsed_ms=101277 vk_code=29 is_down=false injected=false key_class="LeftThumb" state_before="Idle" state_after="Idle" decision="PassThrough" physical="Allow" repeat_count=1 last_timestamp_us=101273652 last_elapsed_ms=0
2026-09-21T03:29:16.949803Z DEBUG execute_one{generation=None}: awase_windows::runtime::executor: [reinject] vk=0x1d up (queued passthrough now firing)
2026-09-21T03:29:16.983172Z DEBUG awase_windows::runtime::ime_refresh: Explicit intent: bypassing typing-idle guard for IME verify (idle=31ms)
2026-09-21T03:29:16.983230Z DEBUG awase_windows::observer::ime_observer: IME snapshot: japanese=Some(true) ime_on=Some(true) romaji=Some(true) conv=Some("0x00000019") guard=false
2026-09-21T03:29:16.983321Z DEBUG reduce: awase_windows::state::ime_model: [key-effect-confirmed] axis=open value=true
2026-09-21T03:29:16.983364Z DEBUG awase::journal: ime event seq=627 elapsed_ms=101310 event_kind="ObserverReported"
2026-09-21T03:29:16.983407Z DEBUG awase::journal: ime event seq=628 elapsed_ms=101310 event_kind="InputModeObserved"
2026-09-21T03:29:16.983441Z  INFO awase_windows::runtime::ime_refresh: [mode-key-follow] observation arrived after mode key pass: intents invalidated
2026-09-21T03:29:17.046585Z DEBUG awase_windows::runtime::ime_refresh: Explicit intent: bypassing typing-idle guard for IME verify (idle=93ms)
2026-09-21T03:29:17.046655Z DEBUG awase_windows::observer::ime_observer: IME snapshot: japanese=Some(true) ime_on=Some(true) romaji=Some(true) conv=Some("0x00000019") guard=false
2026-09-21T03:29:17.046763Z DEBUG awase::journal: ime event seq=629 elapsed_ms=101374 event_kind="ObserverReported"
2026-09-21T03:29:17.046807Z DEBUG awase::journal: ime event seq=630 elapsed_ms=101374 event_kind="InputModeObserved"
2026-09-21T03:29:17.046842Z  INFO awase_windows::runtime::ime_refresh: [mode-key-follow] observation arrived after mode key pass: intents invalidated
2026-09-21T03:29:17.108028Z DEBUG awase_windows::runtime::ime_refresh: Explicit intent: bypassing typing-idle guard for IME verify (idle=156ms)
2026-09-21T03:29:17.108095Z DEBUG awase_windows::observer::ime_observer: IME snapshot: japanese=Some(true) ime_on=Some(true) romaji=Some(true) conv=Some("0x00000019") guard=false
2026-09-21T03:29:17.108254Z DEBUG awase::journal: ime event seq=631 elapsed_ms=101435 event_kind="ObserverReported"
2026-09-21T03:29:17.108297Z DEBUG awase::journal: ime event seq=632 elapsed_ms=101435 event_kind="InputModeObserved"
2026-09-21T03:29:17.108330Z  INFO awase_windows::runtime::ime_refresh: [mode-key-follow] observation arrived after mode key pass: intents invalidated
2026-09-21T03:29:17.172623Z DEBUG awase_windows::runtime::ime_refresh: Skipping observer/SSOT write: typing active (idle=218ms)
2026-09-21T03:29:17.674242Z DEBUG awase_windows::observer::ime_observer: IME snapshot: japanese=Some(true) ime_on=Some(true) romaji=Some(true) conv=Some("0x00000019") guard=false
2026-09-21T03:29:17.674317Z DEBUG awase::journal: ime event seq=633 elapsed_ms=102001 event_kind="ObserverReported"
2026-09-21T03:29:17.674350Z DEBUG awase::journal: ime event seq=634 elapsed_ms=102001 event_kind="InputModeObserved"
2026-09-21T03:29:18.171390Z DEBUG awase_windows::observer::ime_observer: IME snapshot: japanese=Some(true) ime_on=Some(true) romaji=Some(true) conv=Some("0x00000019") guard=false
2026-09-21T03:29:18.171475Z DEBUG awase::journal: ime event seq=635 elapsed_ms=102499 event_kind="ObserverReported"
2026-09-21T03:29:18.171510Z DEBUG awase::journal: ime event seq=636 elapsed_ms=102499 event_kind="InputModeObserved"
2026-09-21T03:29:18.674523Z DEBUG awase_windows::observer::ime_observer: IME snapshot: japanese=Some(true) ime_on=Some(true) romaji=Some(true) conv=Some("0x00000019") guard=false
2026-09-21T03:29:18.674595Z DEBUG awase::journal: ime event seq=637 elapsed_ms=103002 event_kind="ObserverReported"
2026-09-21T03:29:18.674618Z DEBUG awase::journal: ime event seq=638 elapsed_ms=103002 event_kind="InputModeObserved"
2026-09-21T03:29:18.766284Z DEBUG awase_windows::runtime::key_pipeline: [engine-input] vk=0x1B KeyDown ts=103090585us delay=0ms state=Idle mods(c=false s=false a=false w=false) gas_ctrl=false phys_ctrl=false extra=0x5350494B pending_drain=0 gate_active=false l_thumb=None r_thumb=None [diag-ctx] ime_
2026-09-21T03:29:18.766428Z DEBUG awase::journal: key input seq=639 elapsed_ms=103094 vk_code=27 is_down=true injected=false key_class="Passthrough" state_before="Idle" state_after="Idle" decision="PassThrough" physical="Allow" repeat_count=1 last_timestamp_us=103090585 last_elapsed_ms=0
2026-09-21T03:29:18.766514Z DEBUG execute_from_hook: awase_windows::tsf::probe: [composition] marked cold reason=PassthroughConfirmKey idle=7703ms → next VK/TSF output will send VK_DBE_HIRAGANA warmup
2026-09-21T03:29:18.766535Z DEBUG execute_from_hook: awase_windows::tsf::probe: [mark-send] last_send_ms=53369812
2026-09-21T03:29:18.766584Z DEBUG execute_from_hook: awase_windows::platform: [composition-fsm] EmitWarmup (ConfirmKeyDown)
2026-09-21T03:29:18.766605Z DEBUG execute_from_hook: awase_windows::runtime::executor: [relay-passthrough] PassThrough idle: direct OS pass-through (vk=0x1b down)
2026-09-21T03:29:18.766631Z DEBUG awase::journal: gji fsm transition seq=640 elapsed_ms=103094 trigger="CompositionReset(gji_idle_ms=1922)" state_before="OffCold" state_after="OffCold"
2026-09-21T03:29:18.766680Z DEBUG awase_windows::runtime::executor: [reinject-guard] suspending drain for 50ms (vk=0x1b)
2026-09-21T03:29:18.828883Z DEBUG execute_one{generation=None}: awase_windows::runtime::executor: [reinject] vk=0x1b down (queued passthrough now firing)
2026-09-21T03:29:18.828945Z DEBUG execute_one{generation=None}: awase_windows::platform: [composition] reinject KeyDown vk=0x1b → marking cold + eager warmup
2026-09-21T03:29:18.828965Z DEBUG execute_one{generation=None}: awase_windows::tsf::probe: [composition] marked cold reason=ReinjectConfirmKey idle=63ms → next VK/TSF output will send VK_DBE_HIRAGANA warmup
2026-09-21T03:29:18.828986Z DEBUG execute_one{generation=None}: awase_windows::tsf::probe: [mark-send] last_send_ms=53369875
2026-09-21T03:29:18.831391Z DEBUG awase::journal: gji fsm transition seq=641 elapsed_ms=103156 trigger="CompositionReset(gji_idle_ms=1985)" state_before="OffCold" state_after="OffCold"
2026-09-21T03:29:18.847572Z DEBUG awase_windows::tsf::gji_monitor: [gji-io] WRITE: w_ops=+1 w_KB=+0.0 (r_ops=+2 x_ops=+2 x_KB=+0.0)
2026-09-21T03:29:18.895552Z DEBUG awase_windows::runtime::key_pipeline: [engine-input] vk=0x1B KeyUp ts=103219643us delay=0ms state=Idle mods(c=false s=false a=false w=false) gas_ctrl=false phys_ctrl=false extra=0x5350494B pending_drain=0 gate_active=false l_thumb=None r_thumb=None [diag-ctx] ime_on
2026-09-21T03:29:18.895674Z DEBUG awase::journal: key input seq=642 elapsed_ms=103223 vk_code=27 is_down=false injected=false key_class="Passthrough" state_before="Idle" state_after="Idle" decision="PassThrough" physical="Allow" repeat_count=1 last_timestamp_us=103219643 last_elapsed_ms=0
2026-09-21T03:29:18.895851Z DEBUG execute_from_hook: awase_windows::runtime::executor: [relay-passthrough] PassThrough idle: direct OS pass-through (vk=0x1b up)
2026-09-21T03:29:18.896000Z DEBUG execute_one{generation=None}: awase_windows::runtime::executor: [reinject] vk=0x1b up (queued passthrough now firing)
2026-09-21T03:29:19.178628Z DEBUG awase_windows::runtime::ime_refresh: Skipping observer/SSOT write: typing active (idle=297ms)
2026-09-21T03:29:19.694513Z DEBUG awase_windows::observer::ime_observer: IME snapshot: japanese=Some(true) ime_on=Some(true) romaji=Some(true) conv=Some("0x00000019") guard=false
2026-09-21T03:29:19.694588Z DEBUG awase::journal: ime event seq=643 elapsed_ms=104022 event_kind="ObserverReported"
2026-09-21T03:29:19.694621Z DEBUG awase::journal: ime event seq=644 elapsed_ms=104022 event_kind="InputModeObserved"
2026-09-21T03:29:20.210063Z DEBUG awase_windows::observer::ime_observer: IME snapshot: japanese=Some(true) ime_on=Some(true) romaji=Some(true) conv=Some("0x00000019") guard=false
2026-09-21T03:29:20.210159Z DEBUG awase::journal: ime event seq=645 elapsed_ms=104537 event_kind="ObserverReported"
2026-09-21T03:29:20.210194Z DEBUG awase::journal: ime event seq=646 elapsed_ms=104537 event_kind="InputModeObserved"
2026-09-21T03:29:20.722570Z DEBUG awase_windows::hook: [hook] IME-mode vk=0xF2 down self_injected=false injected=false scan=0x70 extra=0x5350494B since_actuation_us=Some(93630296)
2026-09-21T03:29:20.722736Z DEBUG awase::journal: hook ime-mode diagnostic seq=647 elapsed_ms=105050 vk_code=242 is_down=true self_injected=false injected=false scan=112
2026-09-21T03:29:20.722991Z DEBUG awase_windows::runtime::key_pipeline: [engine-input] vk=0xF2 KeyDown ts=105047247us delay=0ms state=Idle mods(c=false s=false a=false w=false) gas_ctrl=false phys_ctrl=false extra=0x5350494B pending_drain=0 gate_active=false l_thumb=None r_thumb=None [diag-ctx] ime_
2026-09-21T03:29:20.723134Z DEBUG awase::journal: key input seq=648 elapsed_ms=105050 vk_code=242 is_down=true injected=false key_class="Passthrough" state_before="Idle" state_after="Idle" decision="PassThrough" physical="Allow" repeat_count=1 last_timestamp_us=105047247 last_elapsed_ms=0
2026-09-21T03:29:20.723231Z DEBUG awase_windows::runtime::key_pipeline: may_change_ime key passed through → IME refresh scheduled (20ms)
2026-09-21T03:29:20.723306Z  INFO awase_windows::runtime::key_pipeline: [mode-key-follow] mode key PassThrough(vk=0xF2): IME refresh scheduled (20ms)
2026-09-21T03:29:20.724550Z  INFO awase_windows::runtime::key_pipeline: [key-effect-predict] vk=0xF2 status=Pre open=None mode=Some(ObservedEisu)
2026-09-21T03:29:20.724666Z DEBUG awase::journal: ime event seq=649 elapsed_ms=105052 event_kind="KeyEffectPredicted"
2026-09-21T03:29:20.724863Z DEBUG awase::engine::engine: [diag-engine-active] ime_on=true なのに非活性: reason=Inactive(NotRomajiInput) romaji_capable=false japanese=true user_enabled=true was_active=true input_mode=ObservedEisu
2026-09-21T03:29:20.724924Z  INFO awase::engine::engine: Engine deactivated (ime=true, romaji=false, japanese=true, user=true, reason=Inactive(NotRomajiInput))
2026-09-21T03:29:20.726774Z DEBUG awase_windows::tsf::probe: [composition] marked cold reason=F2NonTsf idle=1906ms → next VK/TSF output will send VK_DBE_HIRAGANA warmup
2026-09-21T03:29:20.726900Z DEBUG execute_from_hook: awase_windows::runtime::executor: [relay-passthrough] PassThrough idle: direct OS pass-through (vk=0xf2 down)
2026-09-21T03:29:20.726919Z DEBUG awase::journal: gji fsm transition seq=650 elapsed_ms=105054 trigger="CompositionReset(gji_idle_ms=1891)" state_before="OffCold" state_after="OffCold"
2026-09-21T03:29:20.727164Z DEBUG execute_one{generation=None}: awase_windows::runtime::executor: [reinject] vk=0xf2 down (queued passthrough now firing)
2026-09-21T03:29:20.727338Z DEBUG awase_windows::hook: [hook] IME-mode vk=0xF2 down self_injected=true injected=true scan=0x0 extra=0x4B45594D since_actuation_us=Some(93635071)
2026-09-21T03:29:20.729103Z DEBUG awase::journal: hook ime-mode diagnostic seq=651 elapsed_ms=105056 vk_code=242 is_down=true self_injected=true injected=true scan=0
2026-09-21T03:29:20.734231Z DEBUG awase_windows::runtime::ime_refresh: Explicit intent: bypassing typing-idle guard for IME verify (idle=16ms)
2026-09-21T03:29:20.734302Z DEBUG awase_windows::observer::ime_observer: IME snapshot: japanese=Some(true) ime_on=Some(true) romaji=None conv=Some("0x00000010") guard=false
2026-09-21T03:29:20.734404Z DEBUG awase::journal: ime event seq=652 elapsed_ms=105062 event_kind="ObserverReported"
2026-09-21T03:29:20.734498Z DEBUG awase::journal: ime event seq=653 elapsed_ms=105062 event_kind="ModeKeyPassedThrough"
2026-09-21T03:29:20.734538Z  INFO awase_windows::runtime::ime_refresh: [mode-key-follow] observation arrived after mode key pass: intents invalidated
2026-09-21T03:29:20.735147Z DEBUG awase::engine::engine: [diag-engine-active] ime_on=true なのに非活性: reason=Inactive(NotRomajiInput) romaji_capable=false japanese=true user_enabled=true was_active=false input_mode=ObservedEisu
2026-09-21T03:29:20.737839Z DEBUG awase_windows::tsf::gji_monitor: [gji-io] WRITE: w_ops=+2 w_KB=+0.0 (r_ops=+4 x_ops=+4 x_KB=+0.0)
2026-09-21T03:29:20.808373Z DEBUG awase_windows::runtime::ime_refresh: Explicit intent: bypassing typing-idle guard for IME verify (idle=94ms)
2026-09-21T03:29:20.808451Z DEBUG awase_windows::observer::ime_observer: IME snapshot: japanese=Some(true) ime_on=Some(true) romaji=None conv=Some("0x00000010") guard=false
2026-09-21T03:29:20.808559Z DEBUG awase::journal: ime event seq=654 elapsed_ms=105136 event_kind="ObserverReported"
2026-09-21T03:29:20.808600Z  INFO awase_windows::runtime::ime_refresh: [mode-key-follow] observation arrived after mode key pass: intents invalidated
2026-09-21T03:29:20.808693Z DEBUG awase::engine::engine: [diag-engine-active] ime_on=true なのに非活性: reason=Inactive(NotRomajiInput) romaji_capable=false japanese=true user_enabled=true was_active=false input_mode=ObservedEisu
2026-09-21T03:29:20.880873Z DEBUG awase_windows::runtime::ime_refresh: Explicit intent: bypassing typing-idle guard for IME verify (idle=172ms)
2026-09-21T03:29:20.880932Z DEBUG awase_windows::observer::ime_observer: IME snapshot: japanese=Some(true) ime_on=Some(true) romaji=None conv=Some("0x00000010") guard=false
2026-09-21T03:29:20.881021Z DEBUG awase::journal: ime event seq=655 elapsed_ms=105208 event_kind="ObserverReported"
2026-09-21T03:29:20.881055Z  INFO awase_windows::runtime::ime_refresh: [mode-key-follow] observation arrived after mode key pass: intents invalidated
2026-09-21T03:29:20.881135Z DEBUG awase::engine::engine: [diag-engine-active] ime_on=true なのに非活性: reason=Inactive(NotRomajiInput) romaji_capable=false japanese=true user_enabled=true was_active=false input_mode=ObservedEisu
2026-09-21T03:29:20.959541Z DEBUG awase_windows::runtime::ime_refresh: Explicit intent: bypassing typing-idle guard for IME verify (idle=250ms)
2026-09-21T03:29:20.959599Z DEBUG awase_windows::observer::ime_observer: IME snapshot: japanese=Some(true) ime_on=Some(true) romaji=None conv=Some("0x00000010") guard=false
2026-09-21T03:29:20.959686Z DEBUG awase::journal: ime event seq=656 elapsed_ms=105287 event_kind="ObserverReported"
2026-09-21T03:29:20.959720Z  INFO awase_windows::runtime::ime_refresh: [mode-key-follow] observation arrived after mode key pass: intents invalidated
2026-09-21T03:29:20.959798Z DEBUG awase::engine::engine: [diag-engine-active] ime_on=true なのに非活性: reason=Inactive(NotRomajiInput) romaji_capable=false japanese=true user_enabled=true was_active=false input_mode=ObservedEisu
2026-09-21T03:29:21.038768Z DEBUG awase_windows::runtime::ime_refresh: Skipping observer/SSOT write: typing active (idle=328ms)
2026-09-21T03:29:21.038842Z DEBUG awase::engine::engine: [diag-engine-active] ime_on=true なのに非活性: reason=Inactive(NotRomajiInput) romaji_capable=false japanese=true user_enabled=true was_active=false input_mode=ObservedEisu
2026-09-21T03:29:21.555124Z DEBUG awase_windows::observer::ime_observer: IME snapshot: japanese=Some(true) ime_on=Some(true) romaji=None conv=Some("0x00000010") guard=false
2026-09-21T03:29:21.555203Z DEBUG awase::journal: ime event seq=657 elapsed_ms=105882 event_kind="ObserverReported"
2026-09-21T03:29:21.555272Z DEBUG awase::engine::engine: [diag-engine-active] ime_on=true なのに非活性: reason=Inactive(NotRomajiInput) romaji_capable=false japanese=true user_enabled=true was_active=false input_mode=ObservedEisu
2026-09-21T03:29:22.068047Z DEBUG awase_windows::observer::ime_observer: IME snapshot: japanese=Some(true) ime_on=Some(true) romaji=None conv=Some("0x00000010") guard=false
2026-09-21T03:29:22.068282Z DEBUG awase::journal: ime event seq=658 elapsed_ms=106395 event_kind="ObserverReported"
2026-09-21T03:29:22.068377Z DEBUG awase::engine::engine: [diag-engine-active] ime_on=true なのに非活性: reason=Inactive(NotRomajiInput) romaji_capable=false japanese=true user_enabled=true was_active=false input_mode=ObservedEisu
2026-09-21T03:29:22.574280Z DEBUG awase_windows::observer::ime_observer: IME snapshot: japanese=Some(true) ime_on=Some(true) romaji=None conv=Some("0x00000010") guard=false
2026-09-21T03:29:22.574348Z DEBUG awase::journal: ime event seq=659 elapsed_ms=106902 event_kind="ObserverReported"
2026-09-21T03:29:22.574408Z DEBUG awase::engine::engine: [diag-engine-active] ime_on=true なのに非活性: reason=Inactive(NotRomajiInput) romaji_capable=false japanese=true user_enabled=true was_active=false input_mode=ObservedEisu
2026-09-21T03:29:22.665136Z DEBUG awase_windows::runtime::key_pipeline: [engine-input] vk=0x0D KeyDown ts=106989269us delay=0ms state=Idle mods(c=false s=false a=false w=false) gas_ctrl=false phys_ctrl=false extra=0x5350494B pending_drain=0 gate_active=false l_thumb=None r_thumb=None [diag-ctx] ime_
2026-09-21T03:29:22.665221Z DEBUG awase::engine::engine: [diag-engine-active] ime_on=true なのに非活性: reason=Inactive(NotRomajiInput) romaji_capable=false japanese=true user_enabled=true was_active=false input_mode=ObservedEisu
2026-09-21T03:29:22.665324Z DEBUG awase::journal: key input seq=660 elapsed_ms=106993 vk_code=13 is_down=true injected=false key_class="Passthrough" state_before="Idle" state_after="Idle" decision="PassThrough" physical="Allow" repeat_count=1 last_timestamp_us=106989269 last_elapsed_ms=0
2026-09-21T03:29:22.665508Z DEBUG execute_from_hook: awase_windows::tsf::probe: [composition] marked cold reason=PassthroughConfirmKey idle=3843ms → next VK/TSF output will send VK_DBE_HIRAGANA warmup
2026-09-21T03:29:22.665541Z DEBUG execute_from_hook: awase_windows::tsf::probe: [mark-send] last_send_ms=53373718
2026-09-21T03:29:22.665620Z DEBUG execute_from_hook: awase_windows::platform: [composition-fsm] EmitWarmup (ConfirmKeyDown)
2026-09-21T03:29:22.665647Z DEBUG execute_from_hook: awase_windows::runtime::executor: [relay-passthrough] PassThrough idle: direct OS pass-through (vk=0x0d down)
2026-09-21T03:29:22.665683Z DEBUG awase::journal: gji fsm transition seq=661 elapsed_ms=106993 trigger="CompositionReset(gji_idle_ms=1937)" state_before="OffCold" state_after="OffCold"
2026-09-21T03:29:22.665871Z DEBUG awase_windows::runtime::executor: [reinject-guard] suspending drain for 50ms (vk=0x0d)
2026-09-21T03:29:22.726574Z DEBUG execute_one{generation=None}: awase_windows::runtime::executor: [reinject] vk=0x0d down (queued passthrough now firing)
2026-09-21T03:29:22.726633Z DEBUG execute_one{generation=None}: awase_windows::platform: [composition] reinject KeyDown vk=0x0d → marking cold + eager warmup
2026-09-21T03:29:22.726651Z DEBUG execute_one{generation=None}: awase_windows::tsf::probe: [composition] marked cold reason=ReinjectConfirmKey idle=63ms → next VK/TSF output will send VK_DBE_HIRAGANA warmup
2026-09-21T03:29:22.726669Z DEBUG execute_one{generation=None}: awase_windows::tsf::probe: [mark-send] last_send_ms=53373781
2026-09-21T03:29:22.729904Z DEBUG awase::journal: gji fsm transition seq=662 elapsed_ms=107054 trigger="CompositionReset(gji_idle_ms=2000)" state_before="OffCold" state_after="OffCold"
2026-09-21T03:29:22.742230Z DEBUG awase_windows::tsf::gji_monitor: [gji-io] WRITE: w_ops=+1 w_KB=+0.0 (r_ops=+2 x_ops=+2 x_KB=+0.0)
2026-09-21T03:29:22.793953Z DEBUG awase_windows::runtime::key_pipeline: [engine-input] vk=0x0D KeyUp ts=107117188us delay=0ms state=Idle mods(c=false s=false a=false w=false) gas_ctrl=false phys_ctrl=false extra=0x5350494B pending_drain=0 gate_active=false l_thumb=None r_thumb=None [diag-ctx] ime_on
2026-09-21T03:29:22.794008Z DEBUG awase::engine::engine: [diag-engine-active] ime_on=true なのに非活性: reason=Inactive(NotRomajiInput) romaji_capable=false japanese=true user_enabled=true was_active=false input_mode=ObservedEisu
2026-09-21T03:29:22.794084Z DEBUG awase::journal: key input seq=663 elapsed_ms=107121 vk_code=13 is_down=false injected=false key_class="Passthrough" state_before="Idle" state_after="Idle" decision="PassThrough" physical="Allow" repeat_count=1 last_timestamp_us=107117188 last_elapsed_ms=0
2026-09-21T03:29:22.794170Z DEBUG execute_from_hook: awase_windows::runtime::executor: [relay-passthrough] PassThrough idle: direct OS pass-through (vk=0x0d up)
2026-09-21T03:29:22.794228Z DEBUG execute_one{generation=None}: awase_windows::runtime::executor: [reinject] vk=0x0d up (queued passthrough now firing)
2026-09-21T03:29:23.073864Z DEBUG awase_windows::runtime::ime_refresh: Skipping observer/SSOT write: typing active (idle=282ms)
2026-09-21T03:29:23.073944Z DEBUG awase::engine::engine: [diag-engine-active] ime_on=true なのに非活性: reason=Inactive(NotRomajiInput) romaji_capable=false japanese=true user_enabled=true was_active=false input_mode=ObservedEisu
2026-09-21T03:29:23.576463Z DEBUG awase_windows::observer::ime_observer: IME snapshot: japanese=Some(true) ime_on=Some(true) romaji=None conv=Some("0x00000010") guard=false
2026-09-21T03:29:23.576559Z DEBUG awase::journal: ime event seq=664 elapsed_ms=107904 event_kind="ObserverReported"
2026-09-21T03:29:23.576637Z DEBUG awase::engine::engine: [diag-engine-active] ime_on=true なのに非活性: reason=Inactive(NotRomajiInput) romaji_capable=false japanese=true user_enabled=true was_active=false input_mode=ObservedEisu
2026-09-21T03:29:24.079849Z DEBUG awase_windows::observer::ime_observer: IME snapshot: japanese=Some(true) ime_on=Some(true) romaji=None conv=Some("0x00000010") guard=false
2026-09-21T03:29:24.080132Z DEBUG awase::journal: ime event seq=665 elapsed_ms=108407 event_kind="ObserverReported"
2026-09-21T03:29:24.080226Z DEBUG awase::engine::engine: [diag-engine-active] ime_on=true なのに非活性: reason=Inactive(NotRomajiInput) romaji_capable=false japanese=true user_enabled=true was_active=false input_mode=ObservedEisu
2026-09-21T03:29:24.575375Z DEBUG awase_windows::observer::ime_observer: IME snapshot: japanese=Some(true) ime_on=Some(true) romaji=None conv=Some("0x00000010") guard=false
2026-09-21T03:29:24.575464Z DEBUG awase::journal: ime event seq=666 elapsed_ms=108903 event_kind="ObserverReported"
2026-09-21T03:29:24.575548Z DEBUG awase::engine::engine: [diag-engine-active] ime_on=true なのに非活性: reason=Inactive(NotRomajiInput) romaji_capable=false japanese=true user_enabled=true was_active=false input_mode=ObservedEisu
2026-09-21T03:29:24.604820Z DEBUG awase_windows::hook: [hook] IME-mode vk=0xF3 up self_injected=false injected=false scan=0x29 extra=0x5350494B since_actuation_us=Some(97512549)
2026-09-21T03:29:24.604921Z DEBUG awase::journal: hook ime-mode diagnostic seq=667 elapsed_ms=108932 vk_code=243 is_down=false self_injected=false injected=false scan=41
2026-09-21T03:29:24.605054Z DEBUG awase_windows::runtime::key_pipeline: [engine-input] vk=0xF3 KeyUp ts=108929439us delay=0ms state=Idle mods(c=false s=false a=false w=false) gas_ctrl=false phys_ctrl=false extra=0x5350494B pending_drain=0 gate_active=false l_thumb=None r_thumb=None [diag-ctx] ime_on
2026-09-21T03:29:24.605065Z DEBUG awase_windows::hook: [hook] IME-mode vk=0xF4 down self_injected=false injected=false scan=0x29 extra=0x5350494B since_actuation_us=Some(97512806)
2026-09-21T03:29:24.605085Z DEBUG awase::engine::engine: [diag-engine-active] ime_on=true なのに非活性: reason=Inactive(NotRomajiInput) romaji_capable=false japanese=true user_enabled=true was_active=false input_mode=ObservedEisu
2026-09-21T03:29:24.605141Z DEBUG awase::journal: key input seq=668 elapsed_ms=108932 vk_code=243 is_down=false injected=false key_class="Passthrough" state_before="Idle" state_after="Idle" decision="PassThrough" physical="Allow" repeat_count=1 last_timestamp_us=108929439 last_elapsed_ms=0
2026-09-21T03:29:24.605215Z DEBUG execute_from_hook: awase_windows::runtime::executor: [relay-passthrough] PassThrough idle: direct OS pass-through (vk=0xf3 up)
2026-09-21T03:29:24.605267Z DEBUG awase::journal: hook ime-mode diagnostic seq=669 elapsed_ms=108933 vk_code=244 is_down=true self_injected=false injected=false scan=41
2026-09-21T03:29:24.605337Z DEBUG awase_windows::runtime::key_pipeline: [engine-input] vk=0xF4 KeyDown ts=108929620us delay=0ms state=Idle mods(c=false s=false a=false w=false) gas_ctrl=false phys_ctrl=false extra=0x5350494B pending_drain=0 gate_active=false l_thumb=None r_thumb=None [diag-ctx] ime_
2026-09-21T03:29:24.605366Z DEBUG awase::engine::engine: [diag-engine-active] ime_on=true なのに非活性: reason=Inactive(NotRomajiInput) romaji_capable=false japanese=true user_enabled=true was_active=false input_mode=ObservedEisu
2026-09-21T03:29:24.605411Z DEBUG awase::journal: key input seq=670 elapsed_ms=108933 vk_code=244 is_down=true injected=false key_class="Passthrough" state_before="Idle" state_after="Idle" decision="PassThrough" physical="Allow" repeat_count=1 last_timestamp_us=108929620 last_elapsed_ms=0
2026-09-21T03:29:24.605467Z DEBUG awase_windows::runtime::key_pipeline: may_change_ime key passed through → IME refresh scheduled (20ms)
2026-09-21T03:29:24.605503Z  INFO awase_windows::runtime::key_pipeline: [mode-key-follow] mode key PassThrough(vk=0xF4): IME refresh scheduled (20ms)
2026-09-21T03:29:24.605999Z DEBUG awase_windows::runtime::key_pipeline: [key-effect-predict] vk=0xF4 status=Pre: no prediction
2026-09-21T03:29:24.606074Z DEBUG execute_from_hook: awase_windows::runtime::transport: [relay-defer] PassThrough deferred: pending effects, reinject(vk=0xf4 down)
2026-09-21T03:29:24.606153Z DEBUG execute_one{generation=None}: awase_windows::runtime::executor: [reinject] vk=0xf3 up (queued passthrough now firing)
2026-09-21T03:29:24.606205Z DEBUG execute_one{generation=None}: awase_windows::runtime::executor: [reinject] vk=0xf4 down (queued passthrough now firing)
2026-09-21T03:29:24.606330Z DEBUG awase_windows::hook: [hook] IME-mode vk=0xF4 down self_injected=true injected=true scan=0x0 extra=0x4B45594D since_actuation_us=Some(97514069)
2026-09-21T03:29:24.607674Z DEBUG awase::journal: hook ime-mode diagnostic seq=671 elapsed_ms=108935 vk_code=244 is_down=true self_injected=true injected=true scan=0
2026-09-21T03:29:24.630086Z DEBUG awase_windows::tsf::gji_monitor: [gji-io] WRITE: w_ops=+2 w_KB=+0.0 (r_ops=+4 x_ops=+4 x_KB=+0.0)
2026-09-21T03:29:24.638736Z DEBUG awase_windows::runtime::ime_refresh: Explicit intent: bypassing typing-idle guard for IME verify (idle=31ms)
2026-09-21T03:29:24.638796Z DEBUG awase_windows::observer::ime_observer: IME snapshot: japanese=Some(true) ime_on=Some(false) romaji=None conv=Some("0x00000010") guard=false
2026-09-21T03:29:24.638886Z DEBUG awase::journal: ime event seq=672 elapsed_ms=108966 event_kind="ObserverReported"
2026-09-21T03:29:24.638940Z DEBUG awase::journal: ime event seq=673 elapsed_ms=108966 event_kind="ModeKeyPassedThrough"
2026-09-21T03:29:24.638957Z  INFO awase_windows::runtime::ime_refresh: [mode-key-follow] observation arrived after mode key pass: intents invalidated
2026-09-21T03:29:24.701522Z DEBUG awase_windows::runtime::ime_refresh: Explicit intent: bypassing typing-idle guard for IME verify (idle=94ms)
2026-09-21T03:29:24.701580Z DEBUG awase_windows::observer::ime_observer: IME snapshot: japanese=Some(true) ime_on=Some(false) romaji=None conv=Some("0x00000010") guard=false
2026-09-21T03:29:24.701694Z DEBUG awase::journal: ime event seq=674 elapsed_ms=109029 event_kind="ObserverReported"
2026-09-21T03:29:24.701728Z  INFO awase_windows::runtime::ime_refresh: [mode-key-follow] observation arrived after mode key pass: intents invalidated
2026-09-21T03:29:24.766857Z DEBUG awase_windows::runtime::ime_refresh: Explicit intent: bypassing typing-idle guard for IME verify (idle=156ms)
2026-09-21T03:29:24.766946Z DEBUG awase_windows::observer::ime_observer: IME snapshot: japanese=Some(true) ime_on=Some(false) romaji=None conv=Some("0x00000010") guard=false
2026-09-21T03:29:24.767075Z DEBUG awase::journal: ime event seq=675 elapsed_ms=109094 event_kind="ObserverReported"
2026-09-21T03:29:24.767125Z  INFO awase_windows::runtime::ime_refresh: [mode-key-follow] observation arrived after mode key pass: intents invalidated
2026-09-21T03:29:24.829877Z DEBUG awase_windows::runtime::ime_refresh: Explicit intent: bypassing typing-idle guard for IME verify (idle=219ms)
2026-09-21T03:29:24.829949Z DEBUG awase_windows::observer::ime_observer: IME snapshot: japanese=Some(true) ime_on=Some(false) romaji=None conv=Some("0x00000010") guard=false
2026-09-21T03:29:24.830075Z DEBUG awase::journal: ime event seq=676 elapsed_ms=109157 event_kind="ObserverReported"
2026-09-21T03:29:24.830118Z  INFO awase_windows::runtime::ime_refresh: [mode-key-follow] observation arrived after mode key pass: intents invalidated
2026-09-21T03:29:24.891321Z DEBUG awase_windows::runtime::ime_refresh: Explicit intent: bypassing typing-idle guard for IME verify (idle=281ms)
2026-09-21T03:29:24.891397Z DEBUG awase_windows::observer::ime_observer: IME snapshot: japanese=Some(true) ime_on=Some(false) romaji=None conv=Some("0x00000010") guard=false
2026-09-21T03:29:24.891511Z DEBUG awase::journal: ime event seq=677 elapsed_ms=109219 event_kind="ObserverReported"
2026-09-21T03:29:24.891554Z  INFO awase_windows::runtime::ime_refresh: [mode-key-follow] observation arrived after mode key pass: intents invalidated
2026-09-21T03:29:24.953664Z DEBUG awase_windows::runtime::ime_refresh: Skipping observer/SSOT write: typing active (idle=344ms)
2026-09-21T03:29:25.453127Z DEBUG awase_windows::observer::ime_observer: IME snapshot: japanese=Some(true) ime_on=Some(false) romaji=None conv=Some("0x00000010") guard=false
2026-09-21T03:29:25.453192Z DEBUG awase::journal: ime event seq=678 elapsed_ms=109780 event_kind="ObserverReported"
2026-09-21T03:29:25.954118Z DEBUG awase_windows::observer::ime_observer: IME snapshot: japanese=Some(true) ime_on=Some(false) romaji=None conv=Some("0x00000010") guard=false
2026-09-21T03:29:25.954233Z DEBUG awase::journal: ime event seq=679 elapsed_ms=110282 event_kind="ObserverReported"
2026-09-21T03:29:26.455638Z DEBUG awase_windows::observer::ime_observer: IME snapshot: japanese=Some(true) ime_on=Some(false) romaji=None conv=Some("0x00000010") guard=false
2026-09-21T03:29:26.455782Z DEBUG awase::journal: ime event seq=680 elapsed_ms=110783 event_kind="ObserverReported"
2026-09-21T03:29:26.548229Z DEBUG awase_windows::runtime::key_pipeline: [engine-input] vk=0x1C KeyDown ts=110872291us delay=0ms state=Idle mods(c=false s=false a=false w=false) gas_ctrl=false phys_ctrl=false extra=0x5350494B pending_drain=0 gate_active=false l_thumb=None r_thumb=Some(110872266) [dia
2026-09-21T03:29:26.548414Z DEBUG awase::journal: key input seq=681 elapsed_ms=110876 vk_code=28 is_down=true injected=false key_class="RightThumb" state_before="Idle" state_after="Idle" decision="PassThrough" physical="Allow" repeat_count=1 last_timestamp_us=110872291 last_elapsed_ms=0
2026-09-21T03:29:26.548579Z  INFO awase_windows::runtime::key_pipeline: [mode-key-follow] mode key PassThrough(vk=0x1C): IME refresh scheduled (20ms)
2026-09-21T03:29:26.549678Z DEBUG awase_windows::runtime::key_pipeline: [key-effect-predict] vk=0x1C status=Direct: no prediction
2026-09-21T03:29:26.549938Z DEBUG execute_one{generation=None}: awase_windows::runtime::executor: [reinject] vk=0x1c down (queued passthrough now firing)
2026-09-21T03:29:26.560073Z DEBUG awase_windows::tsf::gji_monitor: [gji-io] WRITE: w_ops=+2 w_KB=+0.0 (r_ops=+4 x_ops=+4 x_KB=+0.0)
2026-09-21T03:29:26.582529Z DEBUG awase_windows::runtime::ime_refresh: Explicit intent: bypassing typing-idle guard for IME verify (idle=32ms)
2026-09-21T03:29:26.582604Z DEBUG awase_windows::observer::ime_observer: IME snapshot: japanese=Some(true) ime_on=Some(true) romaji=None conv=Some("0x00000010") guard=false
2026-09-21T03:29:26.582719Z DEBUG awase::journal: ime event seq=682 elapsed_ms=110910 event_kind="ObserverReported"
2026-09-21T03:29:26.582789Z DEBUG awase::journal: ime event seq=683 elapsed_ms=110910 event_kind="ModeKeyPassedThrough"
2026-09-21T03:29:26.582811Z  INFO awase_windows::runtime::ime_refresh: [mode-key-follow] observation arrived after mode key pass: intents invalidated
2026-09-21T03:29:26.582916Z DEBUG awase::engine::engine: [diag-engine-active] ime_on=true なのに非活性: reason=Inactive(NotRomajiInput) romaji_capable=false japanese=true user_enabled=true was_active=false input_mode=ObservedEisu
2026-09-21T03:29:26.659282Z DEBUG awase_windows::runtime::ime_refresh: Explicit intent: bypassing typing-idle guard for IME verify (idle=110ms)
2026-09-21T03:29:26.659333Z DEBUG awase_windows::observer::ime_observer: IME snapshot: japanese=Some(true) ime_on=Some(true) romaji=None conv=Some("0x00000010") guard=false
2026-09-21T03:29:26.659398Z DEBUG awase::journal: ime event seq=684 elapsed_ms=110987 event_kind="ObserverReported"
2026-09-21T03:29:26.659423Z  INFO awase_windows::runtime::ime_refresh: [mode-key-follow] observation arrived after mode key pass: intents invalidated
2026-09-21T03:29:26.659478Z DEBUG awase::engine::engine: [diag-engine-active] ime_on=true なのに非活性: reason=Inactive(NotRomajiInput) romaji_capable=false japanese=true user_enabled=true was_active=false input_mode=ObservedEisu
2026-09-21T03:29:26.671507Z DEBUG awase_windows::runtime::key_pipeline: [engine-input] vk=0x1C KeyUp ts=110995720us delay=0ms state=Idle mods(c=false s=false a=false w=false) gas_ctrl=false phys_ctrl=false extra=0x5350494B pending_drain=0 gate_active=false l_thumb=None r_thumb=None [diag-ctx] ime_on
2026-09-21T03:29:26.671581Z DEBUG awase::engine::engine: [diag-engine-active] ime_on=true なのに非活性: reason=Inactive(NotRomajiInput) romaji_capable=false japanese=true user_enabled=true was_active=false input_mode=ObservedEisu
2026-09-21T03:29:26.671690Z DEBUG awase::journal: key input seq=685 elapsed_ms=110999 vk_code=28 is_down=false injected=false key_class="RightThumb" state_before="Idle" state_after="Idle" decision="PassThrough" physical="Allow" repeat_count=1 last_timestamp_us=110995720 last_elapsed_ms=0
2026-09-21T03:29:26.672009Z DEBUG execute_one{generation=None}: awase_windows::runtime::executor: [reinject] vk=0x1c up (queued passthrough now firing)
2026-09-21T03:29:26.720871Z DEBUG awase_windows::runtime::ime_refresh: Explicit intent: bypassing typing-idle guard for IME verify (idle=47ms)
2026-09-21T03:29:26.720929Z DEBUG awase_windows::observer::ime_observer: IME snapshot: japanese=Some(true) ime_on=Some(true) romaji=None conv=Some("0x00000010") guard=false
2026-09-21T03:29:26.721017Z DEBUG awase::journal: ime event seq=686 elapsed_ms=111048 event_kind="ObserverReported"
2026-09-21T03:29:26.721051Z  INFO awase_windows::runtime::ime_refresh: [mode-key-follow] observation arrived after mode key pass: intents invalidated
2026-09-21T03:29:26.721120Z DEBUG awase::engine::engine: [diag-engine-active] ime_on=true なのに非活性: reason=Inactive(NotRomajiInput) romaji_capable=false japanese=true user_enabled=true was_active=false input_mode=ObservedEisu
2026-09-21T03:29:26.784497Z DEBUG awase_windows::runtime::ime_refresh: Explicit intent: bypassing typing-idle guard for IME verify (idle=110ms)
2026-09-21T03:29:26.784559Z DEBUG awase_windows::observer::ime_observer: IME snapshot: japanese=Some(true) ime_on=Some(true) romaji=None conv=Some("0x00000010") guard=false
2026-09-21T03:29:26.784652Z DEBUG awase::journal: ime event seq=687 elapsed_ms=111112 event_kind="ObserverReported"
2026-09-21T03:29:26.784700Z  INFO awase_windows::runtime::ime_refresh: [mode-key-follow] observation arrived after mode key pass: intents invalidated
2026-09-21T03:29:26.784776Z DEBUG awase::engine::engine: [diag-engine-active] ime_on=true なのに非活性: reason=Inactive(NotRomajiInput) romaji_capable=false japanese=true user_enabled=true was_active=false input_mode=ObservedEisu
2026-09-21T03:29:26.845830Z DEBUG awase_windows::runtime::ime_refresh: Explicit intent: bypassing typing-idle guard for IME verify (idle=172ms)
2026-09-21T03:29:26.845886Z DEBUG awase_windows::observer::ime_observer: IME snapshot: japanese=Some(true) ime_on=Some(true) romaji=None conv=Some("0x00000010") guard=false
2026-09-21T03:29:26.845967Z DEBUG awase::journal: ime event seq=688 elapsed_ms=111173 event_kind="ObserverReported"
2026-09-21T03:29:26.845999Z  INFO awase_windows::runtime::ime_refresh: [mode-key-follow] observation arrived after mode key pass: intents invalidated
2026-09-21T03:29:26.846062Z DEBUG awase::engine::engine: [diag-engine-active] ime_on=true なのに非活性: reason=Inactive(NotRomajiInput) romaji_capable=false japanese=true user_enabled=true was_active=false input_mode=ObservedEisu
2026-09-21T03:29:26.908465Z DEBUG awase_windows::runtime::ime_refresh: Skipping observer/SSOT write: typing active (idle=235ms)
2026-09-21T03:29:26.908515Z DEBUG awase::engine::engine: [diag-engine-active] ime_on=true なのに非活性: reason=Inactive(NotRomajiInput) romaji_capable=false japanese=true user_enabled=true was_active=false input_mode=ObservedEisu
2026-09-21T03:29:27.410693Z DEBUG awase_windows::observer::ime_observer: IME snapshot: japanese=Some(true) ime_on=Some(true) romaji=None conv=Some("0x00000010") guard=false
2026-09-21T03:29:27.410763Z DEBUG awase::journal: ime event seq=689 elapsed_ms=111738 event_kind="ObserverReported"
2026-09-21T03:29:27.410826Z DEBUG awase::engine::engine: [diag-engine-active] ime_on=true なのに非活性: reason=Inactive(NotRomajiInput) romaji_capable=false japanese=true user_enabled=true was_active=false input_mode=ObservedEisu
2026-09-21T03:29:27.926641Z DEBUG awase_windows::observer::ime_observer: IME snapshot: japanese=Some(true) ime_on=Some(true) romaji=None conv=Some("0x00000010") guard=false
2026-09-21T03:29:27.926701Z DEBUG awase::journal: ime event seq=690 elapsed_ms=112254 event_kind="ObserverReported"
2026-09-21T03:29:27.926752Z DEBUG awase::engine::engine: [diag-engine-active] ime_on=true なのに非活性: reason=Inactive(NotRomajiInput) romaji_capable=false japanese=true user_enabled=true was_active=false input_mode=ObservedEisu
2026-09-21T03:29:28.431156Z DEBUG awase_windows::observer::ime_observer: IME snapshot: japanese=Some(true) ime_on=Some(true) romaji=None conv=Some("0x00000010") guard=false
2026-09-21T03:29:28.431253Z DEBUG awase::journal: ime event seq=691 elapsed_ms=112759 event_kind="ObserverReported"
2026-09-21T03:29:28.431333Z DEBUG awase::engine::engine: [diag-engine-active] ime_on=true なのに非活性: reason=Inactive(NotRomajiInput) romaji_capable=false japanese=true user_enabled=true was_active=false input_mode=ObservedEisu
2026-09-21T03:29:28.475745Z DEBUG awase_windows::runtime::key_pipeline: [engine-input] vk=0x0D KeyDown ts=112799830us delay=0ms state=Idle mods(c=false s=false a=false w=false) gas_ctrl=false phys_ctrl=false extra=0x5350494B pending_drain=0 gate_active=false l_thumb=None r_thumb=None [diag-ctx] ime_
2026-09-21T03:29:28.475845Z DEBUG awase::engine::engine: [diag-engine-active] ime_on=true なのに非活性: reason=Inactive(NotRomajiInput) romaji_capable=false japanese=true user_enabled=true was_active=false input_mode=ObservedEisu
2026-09-21T03:29:28.476039Z DEBUG awase::journal: key input seq=692 elapsed_ms=112803 vk_code=13 is_down=true injected=false key_class="Passthrough" state_before="Idle" state_after="Idle" decision="PassThrough" physical="Allow" repeat_count=1 last_timestamp_us=112799830 last_elapsed_ms=0
2026-09-21T03:29:28.476193Z DEBUG execute_from_hook: awase_windows::tsf::probe: [composition] marked cold reason=PassthroughConfirmKey idle=5750ms → next VK/TSF output will send VK_DBE_HIRAGANA warmup
2026-09-21T03:29:28.476315Z DEBUG execute_from_hook: awase_windows::tsf::probe: [mark-send] last_send_ms=53379531
2026-09-21T03:29:28.476396Z DEBUG execute_from_hook: awase_windows::platform: [composition-fsm] EmitWarmup (ConfirmKeyDown)
2026-09-21T03:29:28.476422Z DEBUG execute_from_hook: awase_windows::runtime::executor: [relay-passthrough] PassThrough idle: direct OS pass-through (vk=0x0d down)
2026-09-21T03:29:28.476457Z DEBUG awase::journal: gji fsm transition seq=693 elapsed_ms=112804 trigger="CompositionReset(gji_idle_ms=1922)" state_before="OffCold" state_after="OffCold"
2026-09-21T03:29:28.476600Z DEBUG awase_windows::runtime::executor: [reinject-guard] suspending drain for 50ms (vk=0x0d)
2026-09-21T03:29:28.536635Z DEBUG execute_one{generation=None}: awase_windows::runtime::executor: [reinject] vk=0x0d down (queued passthrough now firing)
2026-09-21T03:29:28.536722Z DEBUG execute_one{generation=None}: awase_windows::platform: [composition] reinject KeyDown vk=0x0d → marking cold + eager warmup
2026-09-21T03:29:28.536756Z DEBUG execute_one{generation=None}: awase_windows::tsf::probe: [composition] marked cold reason=ReinjectConfirmKey idle=62ms → next VK/TSF output will send VK_DBE_HIRAGANA warmup
2026-09-21T03:29:28.536783Z DEBUG execute_one{generation=None}: awase_windows::tsf::probe: [mark-send] last_send_ms=53379593
2026-09-21T03:29:28.540958Z DEBUG awase::journal: gji fsm transition seq=694 elapsed_ms=112864 trigger="CompositionReset(gji_idle_ms=1984)" state_before="OffCold" state_after="OffCold"
2026-09-21T03:29:28.551771Z DEBUG awase_windows::tsf::gji_monitor: [gji-io] WRITE: w_ops=+1 w_KB=+0.0 (r_ops=+2 x_ops=+2 x_KB=+0.0)
2026-09-21T03:29:28.620353Z DEBUG awase_windows::runtime::key_pipeline: [engine-input] vk=0x0D KeyUp ts=112944458us delay=0ms state=Idle mods(c=false s=false a=false w=false) gas_ctrl=false phys_ctrl=false extra=0x5350494B pending_drain=0 gate_active=false l_thumb=None r_thumb=None [diag-ctx] ime_on
2026-09-21T03:29:28.620423Z DEBUG awase::engine::engine: [diag-engine-active] ime_on=true なのに非活性: reason=Inactive(NotRomajiInput) romaji_capable=false japanese=true user_enabled=true was_active=false input_mode=ObservedEisu
2026-09-21T03:29:28.620521Z DEBUG awase::journal: key input seq=695 elapsed_ms=112948 vk_code=13 is_down=false injected=false key_class="Passthrough" state_before="Idle" state_after="Idle" decision="PassThrough" physical="Allow" repeat_count=1 last_timestamp_us=112944458 last_elapsed_ms=0
2026-09-21T03:29:28.620975Z DEBUG execute_from_hook: awase_windows::runtime::executor: [relay-passthrough] PassThrough idle: direct OS pass-through (vk=0x0d up)
2026-09-21T03:29:28.621318Z DEBUG execute_one{generation=None}: awase_windows::runtime::executor: [reinject] vk=0x0d up (queued passthrough now firing)
2026-09-21T03:29:28.930057Z DEBUG awase_windows::runtime::ime_refresh: Skipping observer/SSOT write: typing active (idle=313ms)
2026-09-21T03:29:28.930130Z DEBUG awase::engine::engine: [diag-engine-active] ime_on=true なのに非活性: reason=Inactive(NotRomajiInput) romaji_capable=false japanese=true user_enabled=true was_active=false input_mode=ObservedEisu
2026-09-21T03:29:29.442990Z DEBUG awase_windows::observer::ime_observer: IME snapshot: japanese=Some(true) ime_on=Some(true) romaji=None conv=Some("0x00000010") guard=false
2026-09-21T03:29:29.443136Z DEBUG awase::journal: ime event seq=696 elapsed_ms=113771 event_kind="ObserverReported"
2026-09-21T03:29:29.443224Z DEBUG awase::engine::engine: [diag-engine-active] ime_on=true なのに非活性: reason=Inactive(NotRomajiInput) romaji_capable=false japanese=true user_enabled=true was_active=false input_mode=ObservedEisu
2026-09-21T03:29:29.959257Z DEBUG awase_windows::observer::ime_observer: IME snapshot: japanese=Some(true) ime_on=Some(true) romaji=None conv=Some("0x00000010") guard=false
2026-09-21T03:29:29.959327Z DEBUG awase::journal: ime event seq=697 elapsed_ms=114287 event_kind="ObserverReported"
2026-09-21T03:29:29.959385Z DEBUG awase::engine::engine: [diag-engine-active] ime_on=true なのに非活性: reason=Inactive(NotRomajiInput) romaji_capable=false japanese=true user_enabled=true was_active=false input_mode=ObservedEisu
2026-09-21T03:29:30.424960Z DEBUG awase_windows::runtime::key_pipeline: [engine-input] vk=0x4B KeyDown ts=114749276us delay=0ms state=Idle mods(c=false s=false a=false w=false) gas_ctrl=false phys_ctrl=false extra=0x5350494B pending_drain=0 gate_active=false l_thumb=None r_thumb=None [diag-ctx] ime_
2026-09-21T03:29:30.425005Z DEBUG awase::engine::engine: [diag-engine-active] ime_on=true なのに非活性: reason=Inactive(NotRomajiInput) romaji_capable=false japanese=true user_enabled=true was_active=false input_mode=ObservedEisu
2026-09-21T03:29:30.425069Z DEBUG awase::journal: key input seq=698 elapsed_ms=114753 vk_code=75 is_down=true injected=false key_class="Char" state_before="Idle" state_after="Idle" decision="PassThrough" physical="Allow" repeat_count=1 last_timestamp_us=114749276 last_elapsed_ms=0
2026-09-21T03:29:30.425188Z DEBUG execute_one{generation=None}: awase_windows::runtime::executor: [reinject] vk=0x4b down (queued passthrough now firing)
2026-09-21T03:29:30.430684Z  INFO awase_windows::tsf::win_event_obs: [gji-obs] candidate SHOW #5: last_gji_write=1875ms ago
2026-09-21T03:29:30.439736Z DEBUG awase_windows::tsf::gji_monitor: [gji-io] WRITE: w_ops=+2 w_KB=+0.4 (r_ops=+4 x_ops=+4 x_KB=+0.0)
2026-09-21T03:29:30.462375Z DEBUG awase_windows::runtime::ime_refresh: Skipping observer/SSOT write: typing active (idle=47ms)
2026-09-21T03:29:30.462563Z DEBUG awase::engine::engine: [diag-engine-active] ime_on=true なのに非活性: reason=Inactive(NotRomajiInput) romaji_capable=false japanese=true user_enabled=true was_active=false input_mode=ObservedEisu
2026-09-21T03:29:30.614743Z DEBUG awase_windows::runtime::key_pipeline: [engine-input] vk=0x4B KeyUp ts=114938778us delay=0ms state=Idle mods(c=false s=false a=false w=false) gas_ctrl=false phys_ctrl=false extra=0x5350494B pending_drain=0 gate_active=false l_thumb=None r_thumb=None [diag-ctx] ime_on
2026-09-21T03:29:30.614841Z DEBUG awase::engine::engine: [diag-engine-active] ime_on=true なのに非活性: reason=Inactive(NotRomajiInput) romaji_capable=false japanese=true user_enabled=true was_active=false input_mode=ObservedEisu
2026-09-21T03:29:30.614984Z DEBUG awase::journal: key input seq=699 elapsed_ms=114942 vk_code=75 is_down=false injected=false key_class="Char" state_before="Idle" state_after="Idle" decision="PassThrough" physical="Allow" repeat_count=1 last_timestamp_us=114938778 last_elapsed_ms=0
2026-09-21T03:29:30.615254Z DEBUG execute_one{generation=None}: awase_windows::runtime::executor: [reinject] vk=0x4b up (queued passthrough now firing)
2026-09-21T03:29:30.617969Z DEBUG awase_windows::platform: [gji-fsm] StartComposition (candidate SHOW)
2026-09-21T03:29:30.618031Z  WARN gji_on_event{event=StartComposition}: awase_windows::tsf::gji_fsm: [gji-fsm] StartComposition while engine off — ignored
2026-09-21T03:29:30.618196Z DEBUG awase::journal: gji fsm transition seq=700 elapsed_ms=114946 trigger="StartComposition(candidate SHOW)" state_before="OffCold" state_after="OffCold"
2026-09-21T03:29:30.976874Z DEBUG awase_windows::runtime::ime_refresh: Skipping observer/SSOT write: typing active (idle=375ms)
2026-09-21T03:29:30.976946Z DEBUG awase::engine::engine: [diag-engine-active] ime_on=true なのに非活性: reason=Inactive(NotRomajiInput) romaji_capable=false japanese=true user_enabled=true was_active=false input_mode=ObservedEisu
2026-09-21T03:29:31.492129Z DEBUG awase_windows::observer::ime_observer: IME snapshot: japanese=Some(true) ime_on=Some(true) romaji=None conv=Some("0x00000010") guard=false
2026-09-21T03:29:31.492189Z DEBUG awase::journal: ime event seq=701 elapsed_ms=115820 event_kind="ObserverReported"
2026-09-21T03:29:31.492243Z DEBUG awase::engine::engine: [diag-engine-active] ime_on=true なのに非活性: reason=Inactive(NotRomajiInput) romaji_capable=false japanese=true user_enabled=true was_active=false input_mode=ObservedEisu
2026-09-21T03:29:32.007811Z DEBUG awase_windows::observer::ime_observer: IME snapshot: japanese=Some(true) ime_on=Some(true) romaji=None conv=Some("0x00000010") guard=false
2026-09-21T03:29:32.007900Z DEBUG awase::journal: ime event seq=702 elapsed_ms=116335 event_kind="ObserverReported"
2026-09-21T03:29:32.007970Z DEBUG awase::engine::engine: [diag-engine-active] ime_on=true なのに非活性: reason=Inactive(NotRomajiInput) romaji_capable=false japanese=true user_enabled=true was_active=false input_mode=ObservedEisu
2026-09-21T03:29:32.377208Z DEBUG awase_windows::runtime::key_pipeline: [engine-input] vk=0x1D KeyDown ts=116701431us delay=0ms state=Idle mods(c=false s=false a=false w=false) gas_ctrl=false phys_ctrl=false extra=0x5350494B pending_drain=0 gate_active=false l_thumb=Some(116701421) r_thumb=None [dia
2026-09-21T03:29:32.377273Z DEBUG awase::engine::engine: [diag-engine-active] ime_on=true なのに非活性: reason=Inactive(NotRomajiInput) romaji_capable=false japanese=true user_enabled=true was_active=false input_mode=ObservedEisu
2026-09-21T03:29:32.377352Z DEBUG awase::journal: key input seq=703 elapsed_ms=116705 vk_code=29 is_down=true injected=false key_class="LeftThumb" state_before="Idle" state_after="Idle" decision="PassThrough" physical="Allow" repeat_count=1 last_timestamp_us=116701431 last_elapsed_ms=0
2026-09-21T03:29:32.377451Z  INFO awase_windows::runtime::key_pipeline: [mode-key-follow] mode key PassThrough(vk=0x1D): IME refresh scheduled (20ms)
2026-09-21T03:29:32.378219Z  INFO awase_windows::runtime::key_pipeline: [key-effect-predict] vk=0x1D status=Pre open=Some(false) mode=None
2026-09-21T03:29:32.378280Z DEBUG awase::journal: ime event seq=704 elapsed_ms=116706 event_kind="KeyEffectPredicted"
2026-09-21T03:29:32.378433Z DEBUG execute_one{generation=None}: awase_windows::runtime::executor: [reinject] vk=0x1d down (queued passthrough now firing)
2026-09-21T03:29:32.392607Z DEBUG awase_windows::tsf::gji_monitor: [gji-io] WRITE: w_ops=+2 w_KB=+0.7 (r_ops=+4 x_ops=+4 x_KB=+0.0)
2026-09-21T03:29:32.414662Z DEBUG awase_windows::runtime::ime_refresh: Explicit intent: bypassing typing-idle guard for IME verify (idle=47ms)
2026-09-21T03:29:32.414716Z  INFO awase_windows::observer::ime_observer: IME input method changed: kana → romaji (focused_class=Some("Edit"))
2026-09-21T03:29:32.414739Z DEBUG awase_windows::observer::ime_observer: IME snapshot: japanese=Some(true) ime_on=Some(true) romaji=Some(true) conv=Some("0x00000019") guard=false
2026-09-21T03:29:32.414828Z DEBUG reduce: awase_windows::state::ime_model: [key-effect-fence] axis=open stale observation ignored: observed=true predicted=false age_ms=47
2026-09-21T03:29:32.414878Z DEBUG awase::journal: ime event seq=705 elapsed_ms=116742 event_kind="ObserverReported"
2026-09-21T03:29:32.414911Z DEBUG reduce: awase_windows::state::ime_model: [key-effect-fence] axis=mode stale observation ignored: observed=ObservedRomaji predicted=ObservedEisu age_ms=47
2026-09-21T03:29:32.414943Z DEBUG awase::journal: ime event seq=706 elapsed_ms=116742 event_kind="InputModeObserved"
2026-09-21T03:29:32.414996Z DEBUG awase::journal: ime event seq=707 elapsed_ms=116742 event_kind="ModeKeyPassedThrough"
2026-09-21T03:29:32.415014Z  INFO awase_windows::runtime::ime_refresh: [mode-key-follow] observation arrived after mode key pass: intents invalidated
2026-09-21T03:29:32.480597Z DEBUG awase_windows::runtime::ime_refresh: Explicit intent: bypassing typing-idle guard for IME verify (idle=110ms)
2026-09-21T03:29:32.480643Z  INFO awase_windows::observer::ime_observer: IME input method changed: kana → romaji (focused_class=Some("Edit"))
2026-09-21T03:29:32.480664Z DEBUG awase_windows::observer::ime_observer: IME snapshot: japanese=Some(true) ime_on=Some(true) romaji=Some(true) conv=Some("0x00000019") guard=false
2026-09-21T03:29:32.480760Z  INFO reduce: awase_windows::state::ime_model: [key-effect-miss] axis=open predicted=false observed=true
2026-09-21T03:29:32.480805Z DEBUG awase::journal: ime event seq=708 elapsed_ms=116808 event_kind="ObserverReported"
2026-09-21T03:29:32.480842Z  INFO reduce: awase_windows::state::ime_model: [key-effect-miss] axis=mode predicted=ObservedEisu observed=ObservedRomaji
2026-09-21T03:29:32.480875Z DEBUG awase::journal: ime event seq=709 elapsed_ms=116808 event_kind="InputModeObserved"
2026-09-21T03:29:32.480908Z  INFO awase_windows::runtime::ime_refresh: [mode-key-follow] observation arrived after mode key pass: intents invalidated
2026-09-21T03:29:32.480997Z  INFO awase::engine::engine: Engine activated (ime=true, romaji=true, japanese=true, user=true, reason=Active)
2026-09-21T03:29:32.481139Z DEBUG execute_from_loop:execute_one{generation=None}:dispatch_ime_set_open{open=true generation=None}: awase_windows::runtime::executor: [dispatch-ime] ImmCross async: optimistic applied_snapshot=true (suppress send_engine_state_ime_key)
2026-09-21T03:29:32.482570Z DEBUG execute_from_loop:execute_one{generation=None}: awase_windows::platform: [engine-state-key] suppressed (polling/focus-triggered, enabled=true)
2026-09-21T03:29:32.484329Z DEBUG run_open_chain_async: awase_windows::ime_controller: [warrant-shadow] chain=async open=true origin=EventOrigin { source: SelfActuated { strategy: "engine_decision_async" }, epoch: Generation(0) } warranted
2026-09-21T03:29:32.484536Z  INFO run_open_chain_async:imm_cross_write{open=true}: awase_windows::runtime::open_chain: [apply-ime] ImmCross async: open=true composition_active=false show_seq=0 change_seq=0 (issue #138診断)
2026-09-21T03:29:32.486125Z DEBUG awase_windows::shadow_send_trace: [shadow-send] channel=ImeControl cmd=0x0006 lparam=1 issue_us=116810342
2026-09-21T03:29:32.486143Z DEBUG awase_windows::ime: set_ime_open_for_target: hwnd=HWND(0x3a083a) ime_wnd=HWND(0xa0912) open=true success=true send_elapsed=0ms candidate_visible=true
2026-09-21T03:29:32.486541Z DEBUG run_open_chain_async:imm_cross_write{open=true}: awase_windows::ime: [imm-cross-actuate] hwnd=HWND(0x3a083a) open=Written conv=Some(Written)
2026-09-21T03:29:32.486590Z DEBUG run_open_chain_async:imm_cross_write{open=true}: awase_windows::runtime::open_chain: [apply-ime] ROMAN 補完結果: Written
2026-09-21T03:29:32.486650Z DEBUG run_open_chain_async: awase::journal: actuation decision seq=710 elapsed_ms=116814 site="DispatchImeSetOpen" caller="None" open=true chain_len=4 attempts_len=1 gate_profile="Standard" gate_kind="Gji" gate_shadow_known=true gate_shadow_on=false gate_input_mode="Obser
2026-09-21T03:29:32.486904Z DEBUG on_ime_apply_complete{open=true outcome=AppliedWithoutSendInput generation=None reason=EngineDecision}: awase::journal: ime open applied seq=711 elapsed_ms=116814 open=true outcome="AppliedWithoutSendInput" reason="EngineDecision"
2026-09-21T03:29:32.487003Z DEBUG on_ime_apply_complete{open=true outcome=AppliedWithoutSendInput generation=None reason=EngineDecision}: awase_windows::tsf::ime_mode_fsm: [ime-mode] SetOpen(true) applied → Hiragana (belief, unconfirmed)
2026-09-21T03:29:32.487031Z DEBUG on_ime_apply_complete{open=true outcome=AppliedWithoutSendInput generation=None reason=EngineDecision}: awase_windows::platform: [composition] ImeEffect::SetOpen(true) → marking cold
2026-09-21T03:29:32.487054Z DEBUG on_ime_apply_complete{open=true outcome=AppliedWithoutSendInput generation=None reason=EngineDecision}: awase_windows::tsf::probe: [composition] marked cold reason=SetOpenTrue idle=3938ms → next VK/TSF output will send VK_DBE_HIRAGANA warmup
2026-09-21T03:29:32.487111Z DEBUG on_ime_apply_complete{open=true outcome=AppliedWithoutSendInput generation=None reason=EngineDecision}:gji_on_event{event=ImeOn { injection_mode: Unicode, gji_idle_ms: 94 }}: awase_windows::tsf::gji_fsm: [gji-fsm] ImeOn gji_idle=94ms → Short
2026-09-21T03:29:32.487167Z DEBUG on_ime_apply_complete{open=true outcome=AppliedWithoutSendInput generation=None reason=EngineDecision}: awase_windows::platform: [gji-fsm] StartProbe probe_id=ProbeId(3) forces_f2=false long=false
2026-09-21T03:29:32.487368Z DEBUG awase::journal: gji fsm transition seq=712 elapsed_ms=116815 trigger="ImeOn(gji_idle_ms=94)" state_before="OffCold" state_after="OnCold(Short)"
2026-09-21T03:29:32.487393Z DEBUG awase::journal: tsf probe started seq=713 elapsed_ms=116815 source="GjiAction::StartProbe" cold_seq=0 probe_id=3 probe_id_present=true gji_state="OnCold(Short)" consecutive_at_start=0 pending_deferred_len=0
2026-09-21T03:29:32.487417Z DEBUG awase::journal: gji fsm transition seq=714 elapsed_ms=116815 trigger="WarmupComplete(unicode)" state_before="OnCold(Short)" state_after="OnWarm"
2026-09-21T03:29:32.487436Z DEBUG awase::journal: tsf probe completed seq=715 elapsed_ms=116815 outcome="UnicodeImmediate" cold_seq=18446744073709551615 cold_seq_present=false probe_id=3 probe_id_present=true duration_ms=0 tick_count=0 gji_state="OnWarm"
2026-09-21T03:29:32.502208Z DEBUG awase_windows::runtime::key_pipeline: [engine-input] vk=0x1D KeyUp ts=116826351us delay=0ms state=Idle mods(c=false s=false a=false w=false) gas_ctrl=false phys_ctrl=false extra=0x5350494B pending_drain=0 gate_active=false l_thumb=None r_thumb=None [diag-ctx] ime_on
2026-09-21T03:29:32.502403Z DEBUG awase::journal: key input seq=716 elapsed_ms=116830 vk_code=29 is_down=false injected=false key_class="LeftThumb" state_before="Idle" state_after="Idle" decision="PassThrough" physical="Allow" repeat_count=1 last_timestamp_us=116826351 last_elapsed_ms=0
2026-09-21T03:29:32.502669Z DEBUG execute_one{generation=None}: awase_windows::runtime::executor: [reinject] vk=0x1d up (queued passthrough now firing)
2026-09-21T03:29:32.510611Z DEBUG awase_windows::runtime::ime_refresh: Explicit intent: bypassing typing-idle guard for IME verify (idle=16ms)
2026-09-21T03:29:32.510676Z DEBUG awase_windows::observer::ime_observer: IME snapshot: japanese=Some(true) ime_on=Some(true) romaji=Some(true) conv=Some("0x00000019") guard=false
2026-09-21T03:29:32.510774Z DEBUG awase::journal: ime event seq=717 elapsed_ms=116838 event_kind="ObserverReported"
2026-09-21T03:29:32.510814Z DEBUG awase::journal: ime event seq=718 elapsed_ms=116838 event_kind="InputModeObserved"
2026-09-21T03:29:32.510845Z  INFO awase_windows::runtime::ime_refresh: [mode-key-follow] observation arrived after mode key pass: intents invalidated
2026-09-21T03:29:32.581638Z DEBUG awase_windows::runtime::ime_refresh: Explicit intent: bypassing typing-idle guard for IME verify (idle=79ms)
2026-09-21T03:29:32.581750Z DEBUG awase_windows::observer::ime_observer: IME snapshot: japanese=Some(true) ime_on=Some(true) romaji=Some(true) conv=Some("0x00000019") guard=false
2026-09-21T03:29:32.581851Z DEBUG awase::journal: ime event seq=719 elapsed_ms=116909 event_kind="ObserverReported"
2026-09-21T03:29:32.581891Z DEBUG awase::journal: ime event seq=720 elapsed_ms=116909 event_kind="InputModeObserved"
2026-09-21T03:29:32.581924Z  INFO awase_windows::runtime::ime_refresh: [mode-key-follow] observation arrived after mode key pass: intents invalidated
2026-09-21T03:29:32.644635Z DEBUG awase_windows::runtime::ime_refresh: Explicit intent: bypassing typing-idle guard for IME verify (idle=141ms)
2026-09-21T03:29:32.644690Z DEBUG awase_windows::observer::ime_observer: IME snapshot: japanese=Some(true) ime_on=Some(true) romaji=Some(true) conv=Some("0x00000019") guard=false
2026-09-21T03:29:32.644772Z DEBUG awase::journal: ime event seq=721 elapsed_ms=116972 event_kind="ObserverReported"
2026-09-21T03:29:32.644806Z DEBUG awase::journal: ime event seq=722 elapsed_ms=116972 event_kind="InputModeObserved"
2026-09-21T03:29:32.644833Z  INFO awase_windows::runtime::ime_refresh: [mode-key-follow] observation arrived after mode key pass: intents invalidated
2026-09-21T03:29:32.707109Z DEBUG awase_windows::runtime::ime_refresh: Skipping observer/SSOT write: typing active (idle=204ms)
2026-09-21T03:29:33.205510Z DEBUG awase_windows::observer::ime_observer: IME snapshot: japanese=Some(true) ime_on=Some(true) romaji=Some(true) conv=Some("0x00000019") guard=false
2026-09-21T03:29:33.205575Z DEBUG awase::journal: ime event seq=723 elapsed_ms=117533 event_kind="ObserverReported"
2026-09-21T03:29:33.205599Z DEBUG awase::journal: ime event seq=724 elapsed_ms=117533 event_kind="InputModeObserved"
2026-09-21T03:29:33.708720Z DEBUG awase_windows::observer::ime_observer: IME snapshot: japanese=Some(true) ime_on=Some(true) romaji=Some(true) conv=Some("0x00000019") guard=false
2026-09-21T03:29:33.708830Z DEBUG awase::journal: ime event seq=725 elapsed_ms=118036 event_kind="ObserverReported"
2026-09-21T03:29:33.708852Z DEBUG awase::journal: ime event seq=726 elapsed_ms=118036 event_kind="InputModeObserved"
2026-09-21T03:29:34.221830Z DEBUG awase_windows::observer::ime_observer: IME snapshot: japanese=Some(true) ime_on=Some(true) romaji=Some(true) conv=Some("0x00000019") guard=false
2026-09-21T03:29:34.221918Z DEBUG awase::journal: ime event seq=727 elapsed_ms=118549 event_kind="ObserverReported"
2026-09-21T03:29:34.221954Z DEBUG awase::journal: ime event seq=728 elapsed_ms=118550 event_kind="InputModeObserved"
2026-09-21T03:29:34.314435Z DEBUG awase_windows::runtime::key_pipeline: [engine-input] vk=0x1C KeyDown ts=118638474us delay=0ms state=Idle mods(c=false s=false a=false w=false) gas_ctrl=false phys_ctrl=false extra=0x5350494B pending_drain=0 gate_active=false l_thumb=None r_thumb=Some(118638452) [dia
2026-09-21T03:29:34.314615Z DEBUG awase::journal: key input seq=729 elapsed_ms=118642 vk_code=28 is_down=true injected=false key_class="RightThumb" state_before="Idle" state_after="PendingThumb(vk=0x1C,left=false)" decision="Consume" physical="Allow" repeat_count=1 last_timestamp_us=118638474 last_e
2026-09-21T03:29:34.438966Z DEBUG awase_windows::runtime::key_pipeline: [engine-input] vk=0x1C KeyUp ts=118763199us delay=0ms state=Idle mods(c=false s=false a=false w=false) gas_ctrl=false phys_ctrl=false extra=0x5350494B pending_drain=0 gate_active=false l_thumb=None r_thumb=None [diag-ctx] ime_on
2026-09-21T03:29:34.439084Z DEBUG awase::journal: key input seq=731 elapsed_ms=118767 vk_code=28 is_down=false injected=false key_class="RightThumb" state_before="Idle" state_after="Idle" decision="Consume" physical="Allow" repeat_count=1 last_timestamp_us=118763199 last_elapsed_ms=0
2026-09-21T03:29:34.723860Z DEBUG awase_windows::runtime::ime_refresh: Skipping observer/SSOT write: typing active (idle=281ms)
2026-09-21T03:29:35.221921Z DEBUG awase_windows::observer::ime_observer: IME snapshot: japanese=Some(true) ime_on=Some(true) romaji=Some(true) conv=Some("0x00000019") guard=false
2026-09-21T03:29:35.221987Z DEBUG awase::journal: ime event seq=732 elapsed_ms=119550 event_kind="ObserverReported"
2026-09-21T03:29:35.222010Z DEBUG awase::journal: ime event seq=733 elapsed_ms=119550 event_kind="InputModeObserved"
2026-09-21T03:29:35.726059Z DEBUG awase_windows::observer::ime_observer: IME snapshot: japanese=Some(true) ime_on=Some(true) romaji=Some(true) conv=Some("0x00000019") guard=false
2026-09-21T03:29:35.726129Z DEBUG awase::journal: ime event seq=734 elapsed_ms=120054 event_kind="ObserverReported"
2026-09-21T03:29:35.726163Z DEBUG awase::journal: ime event seq=735 elapsed_ms=120054 event_kind="InputModeObserved"
2026-09-21T03:29:36.227153Z DEBUG awase_windows::observer::ime_observer: IME snapshot: japanese=Some(true) ime_on=Some(true) romaji=Some(true) conv=Some("0x00000019") guard=false
2026-09-21T03:29:36.227246Z DEBUG awase::journal: ime event seq=736 elapsed_ms=120555 event_kind="ObserverReported"
2026-09-21T03:29:36.227296Z DEBUG awase::journal: ime event seq=737 elapsed_ms=120555 event_kind="InputModeObserved"
2026-09-21T03:29:36.256853Z DEBUG awase_windows::hook: [hook] IME-mode vk=0xF2 down self_injected=false injected=false scan=0x70 extra=0x5350494B since_actuation_us=Some(109164586)
2026-09-21T03:29:36.256986Z DEBUG awase::journal: hook ime-mode diagnostic seq=738 elapsed_ms=120585 vk_code=242 is_down=true self_injected=false injected=false scan=112
2026-09-21T03:29:36.257127Z DEBUG awase_windows::runtime::key_pipeline: [engine-input] vk=0xF2 KeyDown ts=120581445us delay=0ms state=Idle mods(c=false s=false a=false w=false) gas_ctrl=false phys_ctrl=false extra=0x5350494B pending_drain=0 gate_active=false l_thumb=None r_thumb=None [diag-ctx] ime_
2026-09-21T03:29:36.257206Z DEBUG awase::journal: key input seq=739 elapsed_ms=120585 vk_code=242 is_down=true injected=false key_class="Passthrough" state_before="Idle" state_after="Idle" decision="PassThrough" physical="Allow" repeat_count=1 last_timestamp_us=120581445 last_elapsed_ms=0
2026-09-21T03:29:36.257266Z DEBUG awase_windows::runtime::key_pipeline: may_change_ime key passed through → IME refresh scheduled (20ms)
2026-09-21T03:29:36.257303Z  INFO awase_windows::runtime::key_pipeline: [mode-key-follow] mode key PassThrough(vk=0xF2): IME refresh scheduled (20ms)
2026-09-21T03:29:36.257963Z  INFO awase_windows::runtime::key_pipeline: [key-effect-predict] vk=0xF2 status=Pre open=None mode=Some(ObservedEisu)
2026-09-21T03:29:36.258028Z DEBUG awase::journal: ime event seq=740 elapsed_ms=120586 event_kind="KeyEffectPredicted"
2026-09-21T03:29:36.258082Z DEBUG awase::engine::engine: [diag-engine-active] ime_on=true なのに非活性: reason=Inactive(NotRomajiInput) romaji_capable=false japanese=true user_enabled=true was_active=true input_mode=ObservedEisu
2026-09-21T03:29:36.258123Z  INFO awase::engine::engine: Engine deactivated (ime=true, romaji=false, japanese=true, user=true, reason=Inactive(NotRomajiInput))
2026-09-21T03:29:36.259573Z DEBUG execute_from_hook: awase_windows::runtime::executor: [relay-passthrough] PassThrough idle: direct OS pass-through (vk=0xf2 down)
2026-09-21T03:29:36.259646Z DEBUG execute_one{generation=None}: awase_windows::runtime::executor: [reinject] vk=0xf2 down (queued passthrough now firing)
2026-09-21T03:29:36.259758Z DEBUG awase_windows::hook: [hook] IME-mode vk=0xF2 down self_injected=true injected=true scan=0x0 extra=0x4B45594D since_actuation_us=Some(109167499)
2026-09-21T03:29:36.261744Z DEBUG awase::journal: hook ime-mode diagnostic seq=741 elapsed_ms=120589 vk_code=242 is_down=true self_injected=true injected=true scan=0
2026-09-21T03:29:36.272525Z DEBUG awase_windows::tsf::gji_monitor: [gji-io] WRITE: w_ops=+2 w_KB=+0.7 (r_ops=+4 x_ops=+4 x_KB=+0.0)
2026-09-21T03:29:36.291526Z DEBUG awase_windows::runtime::ime_refresh: Explicit intent: bypassing typing-idle guard for IME verify (idle=31ms)
2026-09-21T03:29:36.291588Z DEBUG awase_windows::observer::ime_observer: IME snapshot: japanese=Some(true) ime_on=Some(true) romaji=None conv=Some("0x00000010") guard=false
2026-09-21T03:29:36.291734Z DEBUG awase::journal: ime event seq=742 elapsed_ms=120619 event_kind="ObserverReported"
2026-09-21T03:29:36.291792Z DEBUG awase::journal: ime event seq=743 elapsed_ms=120619 event_kind="ModeKeyPassedThrough"
2026-09-21T03:29:36.291810Z  INFO awase_windows::runtime::ime_refresh: [mode-key-follow] observation arrived after mode key pass: intents invalidated
2026-09-21T03:29:36.291882Z DEBUG awase::engine::engine: [diag-engine-active] ime_on=true なのに非活性: reason=Inactive(NotRomajiInput) romaji_capable=false japanese=true user_enabled=true was_active=false input_mode=ObservedEisu
2026-09-21T03:29:36.354563Z DEBUG awase_windows::runtime::ime_refresh: Explicit intent: bypassing typing-idle guard for IME verify (idle=94ms)
2026-09-21T03:29:36.354626Z DEBUG awase_windows::observer::ime_observer: IME snapshot: japanese=Some(true) ime_on=Some(true) romaji=None conv=Some("0x00000010") guard=false
2026-09-21T03:29:36.354721Z DEBUG awase::journal: ime event seq=744 elapsed_ms=120682 event_kind="ObserverReported"
2026-09-21T03:29:36.354758Z  INFO awase_windows::runtime::ime_refresh: [mode-key-follow] observation arrived after mode key pass: intents invalidated
2026-09-21T03:29:36.354831Z DEBUG awase::engine::engine: [diag-engine-active] ime_on=true なのに非活性: reason=Inactive(NotRomajiInput) romaji_capable=false japanese=true user_enabled=true was_active=false input_mode=ObservedEisu
2026-09-21T03:29:36.420854Z DEBUG awase_windows::runtime::ime_refresh: Explicit intent: bypassing typing-idle guard for IME verify (idle=156ms)
2026-09-21T03:29:36.420953Z DEBUG awase_windows::observer::ime_observer: IME snapshot: japanese=Some(true) ime_on=Some(true) romaji=None conv=Some("0x00000010") guard=false
2026-09-21T03:29:36.421076Z DEBUG awase::journal: ime event seq=745 elapsed_ms=120749 event_kind="ObserverReported"
2026-09-21T03:29:36.421124Z  INFO awase_windows::runtime::ime_refresh: [mode-key-follow] observation arrived after mode key pass: intents invalidated
2026-09-21T03:29:36.421219Z DEBUG awase::engine::engine: [diag-engine-active] ime_on=true なのに非活性: reason=Inactive(NotRomajiInput) romaji_capable=false japanese=true user_enabled=true was_active=false input_mode=ObservedEisu
2026-09-21T03:29:36.480148Z DEBUG awase_windows::runtime::ime_refresh: Explicit intent: bypassing typing-idle guard for IME verify (idle=219ms)
2026-09-21T03:29:36.480200Z DEBUG awase_windows::observer::ime_observer: IME snapshot: japanese=Some(true) ime_on=Some(true) romaji=None conv=Some("0x00000010") guard=false
2026-09-21T03:29:36.480278Z DEBUG awase::journal: ime event seq=746 elapsed_ms=120808 event_kind="ObserverReported"
2026-09-21T03:29:36.480311Z  INFO awase_windows::runtime::ime_refresh: [mode-key-follow] observation arrived after mode key pass: intents invalidated
2026-09-21T03:29:36.480368Z DEBUG awase::engine::engine: [diag-engine-active] ime_on=true なのに非活性: reason=Inactive(NotRomajiInput) romaji_capable=false japanese=true user_enabled=true was_active=false input_mode=ObservedEisu
2026-09-21T03:29:36.542241Z DEBUG awase_windows::runtime::ime_refresh: Explicit intent: bypassing typing-idle guard for IME verify (idle=281ms)
2026-09-21T03:29:36.542321Z DEBUG awase_windows::observer::ime_observer: IME snapshot: japanese=Some(true) ime_on=Some(true) romaji=None conv=Some("0x00000010") guard=false
2026-09-21T03:29:36.542385Z DEBUG awase::journal: ime event seq=747 elapsed_ms=120870 event_kind="ObserverReported"
2026-09-21T03:29:36.542411Z  INFO awase_windows::runtime::ime_refresh: [mode-key-follow] observation arrived after mode key pass: intents invalidated
2026-09-21T03:29:36.542463Z DEBUG awase::engine::engine: [diag-engine-active] ime_on=true なのに非活性: reason=Inactive(NotRomajiInput) romaji_capable=false japanese=true user_enabled=true was_active=false input_mode=ObservedEisu
2026-09-21T03:29:36.605394Z DEBUG awase_windows::runtime::ime_refresh: Skipping observer/SSOT write: typing active (idle=344ms)
2026-09-21T03:29:36.605498Z DEBUG awase::engine::engine: [diag-engine-active] ime_on=true なのに非活性: reason=Inactive(NotRomajiInput) romaji_capable=false japanese=true user_enabled=true was_active=false input_mode=ObservedEisu
2026-09-21T03:29:37.101856Z DEBUG awase_windows::observer::ime_observer: IME snapshot: japanese=Some(true) ime_on=Some(true) romaji=None conv=Some("0x00000010") guard=false
2026-09-21T03:29:37.101937Z DEBUG awase::journal: ime event seq=748 elapsed_ms=121430 event_kind="ObserverReported"
2026-09-21T03:29:37.102002Z DEBUG awase::engine::engine: [diag-engine-active] ime_on=true なのに非活性: reason=Inactive(NotRomajiInput) romaji_capable=false japanese=true user_enabled=true was_active=false input_mode=ObservedEisu
2026-09-21T03:29:37.618537Z DEBUG awase_windows::observer::ime_observer: IME snapshot: japanese=Some(true) ime_on=Some(true) romaji=None conv=Some("0x00000010") guard=false
2026-09-21T03:29:37.618657Z DEBUG awase::journal: ime event seq=749 elapsed_ms=121946 event_kind="ObserverReported"
2026-09-21T03:29:37.618753Z DEBUG awase::engine::engine: [diag-engine-active] ime_on=true なのに非活性: reason=Inactive(NotRomajiInput) romaji_capable=false japanese=true user_enabled=true was_active=false input_mode=ObservedEisu
2026-09-21T03:29:38.119796Z DEBUG awase_windows::observer::ime_observer: IME snapshot: japanese=Some(true) ime_on=Some(true) romaji=None conv=Some("0x00000010") guard=false
2026-09-21T03:29:38.119861Z DEBUG awase::journal: ime event seq=750 elapsed_ms=122448 event_kind="ObserverReported"
2026-09-21T03:29:38.119919Z DEBUG awase::engine::engine: [diag-engine-active] ime_on=true なのに非活性: reason=Inactive(NotRomajiInput) romaji_capable=false japanese=true user_enabled=true was_active=false input_mode=ObservedEisu
2026-09-21T03:29:38.210268Z DEBUG awase_windows::hook: [hook] IME-mode vk=0xF3 up self_injected=false injected=false scan=0x29 extra=0x5350494B since_actuation_us=Some(111117986)
2026-09-21T03:29:38.210450Z DEBUG awase::journal: hook ime-mode diagnostic seq=751 elapsed_ms=122538 vk_code=243 is_down=false self_injected=false injected=false scan=41
2026-09-21T03:29:38.210536Z DEBUG awase_windows::hook: [hook] IME-mode vk=0xF4 down self_injected=false injected=false scan=0x29 extra=0x5350494B since_actuation_us=Some(111118276)
2026-09-21T03:29:38.210664Z DEBUG awase_windows::runtime::key_pipeline: [engine-input] vk=0xF3 KeyUp ts=122534954us delay=0ms state=Idle mods(c=false s=false a=false w=false) gas_ctrl=false phys_ctrl=false extra=0x5350494B pending_drain=0 gate_active=false l_thumb=None r_thumb=None [diag-ctx] ime_on
2026-09-21T03:29:38.210702Z DEBUG awase::engine::engine: [diag-engine-active] ime_on=true なのに非活性: reason=Inactive(NotRomajiInput) romaji_capable=false japanese=true user_enabled=true was_active=false input_mode=ObservedEisu
2026-09-21T03:29:38.210772Z DEBUG awase::journal: key input seq=752 elapsed_ms=122538 vk_code=243 is_down=false injected=false key_class="Passthrough" state_before="Idle" state_after="Idle" decision="PassThrough" physical="Allow" repeat_count=1 last_timestamp_us=122534954 last_elapsed_ms=0
2026-09-21T03:29:38.210848Z DEBUG execute_from_hook: awase_windows::runtime::executor: [relay-passthrough] PassThrough idle: direct OS pass-through (vk=0xf3 up)
2026-09-21T03:29:38.210906Z DEBUG awase::journal: hook ime-mode diagnostic seq=753 elapsed_ms=122539 vk_code=244 is_down=true self_injected=false injected=false scan=41
2026-09-21T03:29:38.210970Z DEBUG awase_windows::runtime::key_pipeline: [engine-input] vk=0xF4 KeyDown ts=122535093us delay=0ms state=Idle mods(c=false s=false a=false w=false) gas_ctrl=false phys_ctrl=false extra=0x5350494B pending_drain=0 gate_active=false l_thumb=None r_thumb=None [diag-ctx] ime_
2026-09-21T03:29:38.211002Z DEBUG awase::engine::engine: [diag-engine-active] ime_on=true なのに非活性: reason=Inactive(NotRomajiInput) romaji_capable=false japanese=true user_enabled=true was_active=false input_mode=ObservedEisu
2026-09-21T03:29:38.211042Z DEBUG awase::journal: key input seq=754 elapsed_ms=122539 vk_code=244 is_down=true injected=false key_class="Passthrough" state_before="Idle" state_after="Idle" decision="PassThrough" physical="Allow" repeat_count=1 last_timestamp_us=122535093 last_elapsed_ms=0
2026-09-21T03:29:38.211101Z DEBUG awase_windows::runtime::key_pipeline: may_change_ime key passed through → IME refresh scheduled (20ms)
2026-09-21T03:29:38.211137Z  INFO awase_windows::runtime::key_pipeline: [mode-key-follow] mode key PassThrough(vk=0xF4): IME refresh scheduled (20ms)
2026-09-21T03:29:38.211700Z DEBUG awase_windows::runtime::key_pipeline: [key-effect-predict] vk=0xF4 status=Pre: no prediction
2026-09-21T03:29:38.211763Z DEBUG execute_from_hook: awase_windows::runtime::transport: [relay-defer] PassThrough deferred: pending effects, reinject(vk=0xf4 down)
2026-09-21T03:29:38.211836Z DEBUG execute_one{generation=None}: awase_windows::runtime::executor: [reinject] vk=0xf3 up (queued passthrough now firing)
2026-09-21T03:29:38.211876Z DEBUG execute_one{generation=None}: awase_windows::runtime::executor: [reinject] vk=0xf4 down (queued passthrough now firing)
2026-09-21T03:29:38.212000Z DEBUG awase_windows::hook: [hook] IME-mode vk=0xF4 down self_injected=true injected=true scan=0x0 extra=0x4B45594D since_actuation_us=Some(111119737)
2026-09-21T03:29:38.213621Z DEBUG awase::journal: hook ime-mode diagnostic seq=755 elapsed_ms=122541 vk_code=244 is_down=true self_injected=true injected=true scan=0
2026-09-21T03:29:38.222899Z  INFO awase_windows::tsf::win_event_obs: [gji-obs] candidate HIDE: last_gji_write=1937ms ago
2026-09-21T03:29:38.225180Z DEBUG awase_windows::tsf::gji_monitor: [gji-io] WRITE: w_ops=+2 w_KB=+0.4 (r_ops=+4 x_ops=+4 x_KB=+0.0)
2026-09-21T03:29:38.244620Z DEBUG awase_windows::runtime::ime_refresh: Explicit intent: bypassing typing-idle guard for IME verify (idle=31ms)
2026-09-21T03:29:38.244682Z DEBUG awase_windows::observer::ime_observer: IME snapshot: japanese=Some(true) ime_on=Some(false) romaji=None conv=Some("0x00000010") guard=false
2026-09-21T03:29:38.244809Z DEBUG awase::journal: ime event seq=756 elapsed_ms=122572 event_kind="ObserverReported"
2026-09-21T03:29:38.244857Z DEBUG awase::journal: ime event seq=757 elapsed_ms=122573 event_kind="ModeKeyPassedThrough"
2026-09-21T03:29:38.244870Z  INFO awase_windows::runtime::ime_refresh: [mode-key-follow] observation arrived after mode key pass: intents invalidated
2026-09-21T03:29:38.307297Z DEBUG awase_windows::runtime::ime_refresh: Explicit intent: bypassing typing-idle guard for IME verify (idle=94ms)
2026-09-21T03:29:38.307349Z DEBUG awase_windows::observer::ime_observer: IME snapshot: japanese=Some(true) ime_on=Some(false) romaji=None conv=Some("0x00000010") guard=false
2026-09-21T03:29:38.307420Z DEBUG awase::journal: ime event seq=758 elapsed_ms=122635 event_kind="ObserverReported"
2026-09-21T03:29:38.307444Z  INFO awase_windows::runtime::ime_refresh: [mode-key-follow] observation arrived after mode key pass: intents invalidated
2026-09-21T03:29:38.369011Z DEBUG awase_windows::runtime::ime_refresh: Explicit intent: bypassing typing-idle guard for IME verify (idle=156ms)
2026-09-21T03:29:38.369074Z DEBUG awase_windows::observer::ime_observer: IME snapshot: japanese=Some(true) ime_on=Some(false) romaji=None conv=Some("0x00000010") guard=false
2026-09-21T03:29:38.369169Z DEBUG awase::journal: ime event seq=759 elapsed_ms=122697 event_kind="ObserverReported"
2026-09-21T03:29:38.369205Z  INFO awase_windows::runtime::ime_refresh: [mode-key-follow] observation arrived after mode key pass: intents invalidated
2026-09-21T03:29:38.433160Z DEBUG awase_windows::runtime::ime_refresh: Explicit intent: bypassing typing-idle guard for IME verify (idle=219ms)
2026-09-21T03:29:38.433226Z DEBUG awase_windows::observer::ime_observer: IME snapshot: japanese=Some(true) ime_on=Some(false) romaji=None conv=Some("0x00000010") guard=false
2026-09-21T03:29:38.433321Z DEBUG awase::journal: ime event seq=760 elapsed_ms=122761 event_kind="ObserverReported"
2026-09-21T03:29:38.433357Z  INFO awase_windows::runtime::ime_refresh: [mode-key-follow] observation arrived after mode key pass: intents invalidated
2026-09-21T03:29:38.494935Z DEBUG awase_windows::runtime::ime_refresh: Explicit intent: bypassing typing-idle guard for IME verify (idle=281ms)
2026-09-21T03:29:38.495035Z DEBUG awase_windows::observer::ime_observer: IME snapshot: japanese=Some(true) ime_on=Some(false) romaji=None conv=Some("0x00000010") guard=false
2026-09-21T03:29:38.495120Z DEBUG awase::journal: ime event seq=761 elapsed_ms=122823 event_kind="ObserverReported"
2026-09-21T03:29:38.495153Z  INFO awase_windows::runtime::ime_refresh: [mode-key-follow] observation arrived after mode key pass: intents invalidated
2026-09-21T03:29:38.557805Z DEBUG awase_windows::runtime::ime_refresh: Skipping observer/SSOT write: typing active (idle=344ms)
2026-09-21T03:29:39.060088Z DEBUG awase_windows::observer::ime_observer: IME snapshot: japanese=Some(true) ime_on=Some(false) romaji=None conv=Some("0x00000010") guard=false
2026-09-21T03:29:39.060198Z DEBUG awase::journal: ime event seq=762 elapsed_ms=123388 event_kind="ObserverReported"
2026-09-21T03:29:39.556060Z DEBUG awase_windows::observer::ime_observer: IME snapshot: japanese=Some(true) ime_on=Some(false) romaji=None conv=Some("0x00000010") guard=false
2026-09-21T03:29:39.556123Z DEBUG awase::journal: ime event seq=763 elapsed_ms=123884 event_kind="ObserverReported"
2026-09-21T03:29:40.056581Z DEBUG awase_windows::observer::ime_observer: IME snapshot: japanese=Some(true) ime_on=Some(false) romaji=None conv=Some("0x00000010") guard=false
2026-09-21T03:29:40.056653Z DEBUG awase::journal: ime event seq=764 elapsed_ms=124384 event_kind="ObserverReported"
2026-09-21T03:29:40.163508Z DEBUG awase_windows::hook: [hook] IME-mode vk=0xF3 up self_injected=false injected=false scan=0x29 extra=0x5350494B since_actuation_us=Some(113071219)
2026-09-21T03:29:40.163764Z DEBUG awase::journal: hook ime-mode diagnostic seq=765 elapsed_ms=124491 vk_code=243 is_down=false self_injected=false injected=false scan=41
2026-09-21T03:29:40.163847Z DEBUG awase_windows::hook: [hook] IME-mode vk=0xF4 down self_injected=false injected=false scan=0x29 extra=0x5350494B since_actuation_us=Some(113071585)
2026-09-21T03:29:40.164232Z DEBUG awase_windows::runtime::key_pipeline: [engine-input] vk=0xF3 KeyUp ts=124488229us delay=0ms state=Idle mods(c=false s=false a=false w=false) gas_ctrl=false phys_ctrl=false extra=0x5350494B pending_drain=0 gate_active=false l_thumb=None r_thumb=None [diag-ctx] ime_on
2026-09-21T03:29:40.164413Z DEBUG awase::journal: key input seq=766 elapsed_ms=124492 vk_code=243 is_down=false injected=false key_class="Passthrough" state_before="Idle" state_after="Idle" decision="PassThrough" physical="Allow" repeat_count=1 last_timestamp_us=124488229 last_elapsed_ms=0
2026-09-21T03:29:40.164535Z DEBUG execute_from_hook: awase_windows::runtime::executor: [relay-passthrough] PassThrough idle: direct OS pass-through (vk=0xf3 up)
2026-09-21T03:29:40.164628Z DEBUG awase::journal: hook ime-mode diagnostic seq=767 elapsed_ms=124492 vk_code=244 is_down=true self_injected=false injected=false scan=41
2026-09-21T03:29:40.164727Z DEBUG awase_windows::runtime::key_pipeline: [engine-input] vk=0xF4 KeyDown ts=124488555us delay=0ms state=Idle mods(c=false s=false a=false w=false) gas_ctrl=false phys_ctrl=false extra=0x5350494B pending_drain=0 gate_active=false l_thumb=None r_thumb=None [diag-ctx] ime_
2026-09-21T03:29:40.164878Z DEBUG awase::journal: key input seq=768 elapsed_ms=124493 vk_code=244 is_down=true injected=false key_class="Passthrough" state_before="Idle" state_after="Idle" decision="PassThrough" physical="Allow" repeat_count=1 last_timestamp_us=124488555 last_elapsed_ms=0
2026-09-21T03:29:40.164974Z DEBUG awase_windows::runtime::key_pipeline: may_change_ime key passed through → IME refresh scheduled (20ms)
2026-09-21T03:29:40.165032Z  INFO awase_windows::runtime::key_pipeline: [mode-key-follow] mode key PassThrough(vk=0xF4): IME refresh scheduled (20ms)
2026-09-21T03:29:40.165976Z DEBUG awase_windows::runtime::key_pipeline: [key-effect-predict] vk=0xF4 status=Direct: no prediction
2026-09-21T03:29:40.166111Z DEBUG execute_from_hook: awase_windows::runtime::transport: [relay-defer] PassThrough deferred: pending effects, reinject(vk=0xf4 down)
2026-09-21T03:29:40.166229Z DEBUG execute_one{generation=None}: awase_windows::runtime::executor: [reinject] vk=0xf3 up (queued passthrough now firing)
2026-09-21T03:29:40.166288Z DEBUG execute_one{generation=None}: awase_windows::runtime::executor: [reinject] vk=0xf4 down (queued passthrough now firing)
2026-09-21T03:29:40.167098Z DEBUG awase_windows::hook: [hook] IME-mode vk=0xF4 down self_injected=true injected=true scan=0x0 extra=0x4B45594D since_actuation_us=Some(113074823)
2026-09-21T03:29:40.169691Z DEBUG awase::journal: hook ime-mode diagnostic seq=769 elapsed_ms=124497 vk_code=244 is_down=true self_injected=true injected=true scan=0
2026-09-21T03:29:40.178904Z DEBUG awase_windows::tsf::gji_monitor: [gji-io] WRITE: w_ops=+2 w_KB=+0.0 (r_ops=+4 x_ops=+4 x_KB=+0.0)
2026-09-21T03:29:40.198238Z DEBUG awase_windows::runtime::ime_refresh: Explicit intent: bypassing typing-idle guard for IME verify (idle=32ms)
2026-09-21T03:29:40.198290Z DEBUG awase_windows::observer::ime_observer: IME snapshot: japanese=Some(true) ime_on=Some(true) romaji=None conv=Some("0x00000010") guard=false
2026-09-21T03:29:40.198357Z DEBUG awase::journal: ime event seq=770 elapsed_ms=124526 event_kind="ObserverReported"
2026-09-21T03:29:40.198393Z DEBUG awase::journal: ime event seq=771 elapsed_ms=124526 event_kind="ModeKeyPassedThrough"
2026-09-21T03:29:40.198404Z  INFO awase_windows::runtime::ime_refresh: [mode-key-follow] observation arrived after mode key pass: intents invalidated
2026-09-21T03:29:40.198462Z DEBUG awase::engine::engine: [diag-engine-active] ime_on=true なのに非活性: reason=Inactive(NotRomajiInput) romaji_capable=false japanese=true user_enabled=true was_active=false input_mode=ObservedEisu
2026-09-21T03:29:40.261222Z DEBUG awase_windows::runtime::ime_refresh: Explicit intent: bypassing typing-idle guard for IME verify (idle=94ms)
2026-09-21T03:29:40.261280Z DEBUG awase_windows::observer::ime_observer: IME snapshot: japanese=Some(true) ime_on=Some(true) romaji=None conv=Some("0x00000010") guard=false
2026-09-21T03:29:40.261356Z DEBUG awase::journal: ime event seq=772 elapsed_ms=124589 event_kind="ObserverReported"
2026-09-21T03:29:40.261429Z  INFO awase_windows::runtime::ime_refresh: [mode-key-follow] observation arrived after mode key pass: intents invalidated
2026-09-21T03:29:40.261493Z DEBUG awase::engine::engine: [diag-engine-active] ime_on=true なのに非活性: reason=Inactive(NotRomajiInput) romaji_capable=false japanese=true user_enabled=true was_active=false input_mode=ObservedEisu
2026-09-21T03:29:40.323911Z DEBUG awase_windows::runtime::ime_refresh: Explicit intent: bypassing typing-idle guard for IME verify (idle=157ms)
2026-09-21T03:29:40.323967Z DEBUG awase_windows::observer::ime_observer: IME snapshot: japanese=Some(true) ime_on=Some(true) romaji=None conv=Some("0x00000010") guard=false
2026-09-21T03:29:40.324092Z DEBUG awase::journal: ime event seq=773 elapsed_ms=124652 event_kind="ObserverReported"
2026-09-21T03:29:40.324121Z  INFO awase_windows::runtime::ime_refresh: [mode-key-follow] observation arrived after mode key pass: intents invalidated
2026-09-21T03:29:40.324182Z DEBUG awase::engine::engine: [diag-engine-active] ime_on=true なのに非活性: reason=Inactive(NotRomajiInput) romaji_capable=false japanese=true user_enabled=true was_active=false input_mode=ObservedEisu
2026-09-21T03:29:40.386933Z DEBUG awase_windows::runtime::ime_refresh: Explicit intent: bypassing typing-idle guard for IME verify (idle=219ms)
2026-09-21T03:29:40.387013Z DEBUG awase_windows::observer::ime_observer: IME snapshot: japanese=Some(true) ime_on=Some(true) romaji=None conv=Some("0x00000010") guard=false
2026-09-21T03:29:40.387130Z DEBUG awase::journal: ime event seq=774 elapsed_ms=124715 event_kind="ObserverReported"
2026-09-21T03:29:40.387174Z  INFO awase_windows::runtime::ime_refresh: [mode-key-follow] observation arrived after mode key pass: intents invalidated
2026-09-21T03:29:40.387265Z DEBUG awase::engine::engine: [diag-engine-active] ime_on=true なのに非活性: reason=Inactive(NotRomajiInput) romaji_capable=false japanese=true user_enabled=true was_active=false input_mode=ObservedEisu
2026-09-21T03:29:40.448063Z DEBUG awase_windows::runtime::ime_refresh: Explicit intent: bypassing typing-idle guard for IME verify (idle=282ms)
2026-09-21T03:29:40.448115Z DEBUG awase_windows::observer::ime_observer: IME snapshot: japanese=Some(true) ime_on=Some(true) romaji=None conv=Some("0x00000010") guard=false
2026-09-21T03:29:40.448184Z DEBUG awase::journal: ime event seq=775 elapsed_ms=124776 event_kind="ObserverReported"
2026-09-21T03:29:40.448243Z  INFO awase_windows::runtime::ime_refresh: [mode-key-follow] observation arrived after mode key pass: intents invalidated
2026-09-21T03:29:40.448306Z DEBUG awase::engine::engine: [diag-engine-active] ime_on=true なのに非活性: reason=Inactive(NotRomajiInput) romaji_capable=false japanese=true user_enabled=true was_active=false input_mode=ObservedEisu
2026-09-21T03:29:40.509353Z DEBUG awase_windows::runtime::ime_refresh: Skipping observer/SSOT write: typing active (idle=344ms)
2026-09-21T03:29:40.509428Z DEBUG awase::engine::engine: [diag-engine-active] ime_on=true なのに非活性: reason=Inactive(NotRomajiInput) romaji_capable=false japanese=true user_enabled=true was_active=false input_mode=ObservedEisu
2026-09-21T03:29:41.025112Z DEBUG awase_windows::observer::ime_observer: IME snapshot: japanese=Some(true) ime_on=Some(true) romaji=None conv=Some("0x00000010") guard=false
2026-09-21T03:29:41.025199Z DEBUG awase::journal: ime event seq=776 elapsed_ms=125353 event_kind="ObserverReported"
2026-09-21T03:29:41.025276Z DEBUG awase::engine::engine: [diag-engine-active] ime_on=true なのに非活性: reason=Inactive(NotRomajiInput) romaji_capable=false japanese=true user_enabled=true was_active=false input_mode=ObservedEisu
2026-09-21T03:29:41.526703Z DEBUG awase_windows::observer::ime_observer: IME snapshot: japanese=Some(true) ime_on=Some(true) romaji=None conv=Some("0x00000010") guard=false
2026-09-21T03:29:41.526811Z DEBUG awase::journal: ime event seq=777 elapsed_ms=125855 event_kind="ObserverReported"
2026-09-21T03:29:41.526897Z DEBUG awase::engine::engine: [diag-engine-active] ime_on=true なのに非活性: reason=Inactive(NotRomajiInput) romaji_capable=false japanese=true user_enabled=true was_active=false input_mode=ObservedEisu
2026-09-21T03:29:42.037243Z DEBUG awase_windows::observer::ime_observer: IME snapshot: japanese=Some(true) ime_on=Some(true) romaji=None conv=Some("0x00000010") guard=false
2026-09-21T03:29:42.037335Z DEBUG awase::journal: ime event seq=778 elapsed_ms=126365 event_kind="ObserverReported"
2026-09-21T03:29:42.037408Z DEBUG awase::engine::engine: [diag-engine-active] ime_on=true なのに非活性: reason=Inactive(NotRomajiInput) romaji_capable=false japanese=true user_enabled=true was_active=false input_mode=ObservedEisu
2026-09-21T03:29:42.082019Z DEBUG awase_windows::hook: [hook] IME-mode vk=0xF0 up self_injected=false injected=false scan=0x70 extra=0x5350494B since_actuation_us=Some(114989745)
2026-09-21T03:29:42.082127Z DEBUG awase::journal: hook ime-mode diagnostic seq=779 elapsed_ms=126410 vk_code=240 is_down=false self_injected=false injected=false scan=112
2026-09-21T03:29:42.082236Z DEBUG awase_windows::hook: [hook] IME-mode vk=0xF2 down self_injected=false injected=false scan=0x70 extra=0x5350494B since_actuation_us=Some(114989977)
2026-09-21T03:29:42.082271Z DEBUG awase_windows::runtime::key_pipeline: [engine-input] vk=0xF0 KeyUp ts=126406641us delay=0ms state=Idle mods(c=false s=false a=false w=false) gas_ctrl=false phys_ctrl=false extra=0x5350494B pending_drain=0 gate_active=false l_thumb=None r_thumb=None [diag-ctx] ime_on
2026-09-21T03:29:42.082301Z DEBUG awase::engine::engine: [diag-engine-active] ime_on=true なのに非活性: reason=Inactive(NotRomajiInput) romaji_capable=false japanese=true user_enabled=true was_active=false input_mode=ObservedEisu
2026-09-21T03:29:42.082412Z DEBUG awase::journal: key input seq=780 elapsed_ms=126410 vk_code=240 is_down=false injected=false key_class="Passthrough" state_before="Idle" state_after="Idle" decision="PassThrough" physical="Allow" repeat_count=1 last_timestamp_us=126406641 last_elapsed_ms=0
2026-09-21T03:29:42.082486Z DEBUG execute_from_hook: awase_windows::runtime::executor: [relay-passthrough] PassThrough idle: direct OS pass-through (vk=0xf0 up)
2026-09-21T03:29:42.082534Z DEBUG awase::journal: hook ime-mode diagnostic seq=781 elapsed_ms=126410 vk_code=242 is_down=true self_injected=false injected=false scan=112
2026-09-21T03:29:42.082603Z DEBUG awase_windows::runtime::key_pipeline: [engine-input] vk=0xF2 KeyDown ts=126406797us delay=0ms state=Idle mods(c=false s=false a=false w=false) gas_ctrl=false phys_ctrl=false extra=0x5350494B pending_drain=0 gate_active=false l_thumb=None r_thumb=None [diag-ctx] ime_
2026-09-21T03:29:42.082631Z DEBUG awase::engine::engine: [diag-engine-active] ime_on=true なのに非活性: reason=Inactive(NotRomajiInput) romaji_capable=false japanese=true user_enabled=true was_active=false input_mode=ObservedEisu
2026-09-21T03:29:42.082673Z DEBUG awase::journal: key input seq=782 elapsed_ms=126410 vk_code=242 is_down=true injected=false key_class="Passthrough" state_before="Idle" state_after="Idle" decision="PassThrough" physical="Allow" repeat_count=1 last_timestamp_us=126406797 last_elapsed_ms=0
2026-09-21T03:29:42.082727Z DEBUG awase_windows::runtime::key_pipeline: may_change_ime key passed through → IME refresh scheduled (20ms)
2026-09-21T03:29:42.082763Z  INFO awase_windows::runtime::key_pipeline: [mode-key-follow] mode key PassThrough(vk=0xF2): IME refresh scheduled (20ms)
2026-09-21T03:29:42.083470Z  INFO awase_windows::runtime::key_pipeline: [key-effect-predict] vk=0xF2 status=Pre open=None mode=Some(AssumedRomaji { reason: KeyEffectPrediction })
2026-09-21T03:29:42.083537Z DEBUG awase::journal: ime event seq=783 elapsed_ms=126411 event_kind="KeyEffectPredicted"
2026-09-21T03:29:42.083588Z  INFO awase::engine::engine: Engine activated (ime=true, romaji=true, japanese=true, user=true, reason=Active)
2026-09-21T03:29:42.083704Z DEBUG execute_from_loop:execute_one{generation=None}:dispatch_ime_set_open{open=true generation=None}: awase_windows::runtime::executor: [dispatch-ime] ImmCross async: optimistic applied_snapshot=true (suppress send_engine_state_ime_key)
2026-09-21T03:29:42.084796Z DEBUG execute_from_loop:execute_one{generation=None}: awase_windows::platform: [engine-state-key] suppressed (polling/focus-triggered, enabled=true)
2026-09-21T03:29:42.084932Z DEBUG execute_from_hook: awase_windows::runtime::transport: [relay-defer] PassThrough deferred: pending effects, reinject(vk=0xf2 down)
2026-09-21T03:29:42.085013Z DEBUG execute_one{generation=None}: awase_windows::runtime::executor: [reinject] vk=0xf0 up (queued passthrough now firing)
2026-09-21T03:29:42.085072Z DEBUG execute_one{generation=None}: awase_windows::runtime::executor: [reinject] vk=0xf2 down (queued passthrough now firing)
2026-09-21T03:29:42.085305Z DEBUG awase_windows::hook: [hook] IME-mode vk=0xF0 up self_injected=true injected=false scan=0x0 extra=0x4B45594D since_actuation_us=Some(114993043)
2026-09-21T03:29:42.086833Z DEBUG awase_windows::hook: [hook] IME-mode vk=0xF2 down self_injected=true injected=true scan=0x0 extra=0x4B45594D since_actuation_us=Some(114994570)
2026-09-21T03:29:42.087672Z DEBUG awase::journal: hook ime-mode diagnostic seq=784 elapsed_ms=126415 vk_code=240 is_down=false self_injected=true injected=false scan=0
2026-09-21T03:29:42.087717Z DEBUG awase::journal: hook ime-mode diagnostic seq=785 elapsed_ms=126415 vk_code=242 is_down=true self_injected=true injected=true scan=0
2026-09-21T03:29:42.093143Z DEBUG run_open_chain_async: awase_windows::ime_controller: [warrant-shadow] chain=async open=true origin=EventOrigin { source: SelfActuated { strategy: "engine_decision_async" }, epoch: Generation(0) } warranted
2026-09-21T03:29:42.093229Z  INFO run_open_chain_async:imm_cross_write{open=true}: awase_windows::runtime::open_chain: [apply-ime] ImmCross async: open=true composition_active=false show_seq=0 change_seq=0 (issue #138診断)
2026-09-21T03:29:42.094861Z DEBUG awase_windows::shadow_send_trace: [shadow-send] channel=ImeControl cmd=0x0006 lparam=1 issue_us=126419205
2026-09-21T03:29:42.094879Z DEBUG awase_windows::ime: set_ime_open_for_target: hwnd=HWND(0x3a083a) ime_wnd=HWND(0xa0912) open=true success=true send_elapsed=0ms candidate_visible=false
2026-09-21T03:29:42.095096Z DEBUG run_open_chain_async:imm_cross_write{open=true}: awase_windows::ime: [imm-cross-actuate] hwnd=HWND(0x3a083a) open=Written conv=Some(Written)
2026-09-21T03:29:42.095140Z DEBUG run_open_chain_async:imm_cross_write{open=true}: awase_windows::runtime::open_chain: [apply-ime] ROMAN 補完結果: Written
2026-09-21T03:29:42.095192Z DEBUG run_open_chain_async: awase::journal: actuation decision seq=786 elapsed_ms=126423 site="DispatchImeSetOpen" caller="None" open=true chain_len=4 attempts_len=1 gate_profile="Standard" gate_kind="Gji" gate_shadow_known=true gate_shadow_on=true gate_input_mode="Assume
2026-09-21T03:29:42.095358Z DEBUG on_ime_apply_complete{open=true outcome=AppliedWithoutSendInput generation=None reason=EngineDecision}: awase::journal: ime open applied seq=787 elapsed_ms=126423 open=true outcome="AppliedWithoutSendInput" reason="EngineDecision"
2026-09-21T03:29:42.095431Z DEBUG on_ime_apply_complete{open=true outcome=AppliedWithoutSendInput generation=None reason=EngineDecision}: awase_windows::tsf::ime_mode_fsm: [ime-mode] SetOpen(true) applied → Hiragana (belief, unconfirmed)
2026-09-21T03:29:42.095457Z DEBUG on_ime_apply_complete{open=true outcome=AppliedWithoutSendInput generation=None reason=EngineDecision}: awase_windows::platform: [composition] ImeEffect::SetOpen(true) → marking cold
2026-09-21T03:29:42.095526Z DEBUG on_ime_apply_complete{open=true outcome=AppliedWithoutSendInput generation=None reason=EngineDecision}: awase_windows::tsf::probe: [composition] marked cold reason=SetOpenTrue idle=13547ms → next VK/TSF output will send VK_DBE_HIRAGANA warmup
2026-09-21T03:29:42.095577Z DEBUG on_ime_apply_complete{open=true outcome=AppliedWithoutSendInput generation=None reason=EngineDecision}:gji_on_event{event=ImeOn { injection_mode: Unicode, gji_idle_ms: 1906 }}: awase_windows::tsf::gji_fsm: [gji-fsm] ImeOn: already on (OnWarm), ignored
2026-09-21T03:29:42.095683Z DEBUG awase::journal: gji fsm transition seq=788 elapsed_ms=126423 trigger="ImeOn(gji_idle_ms=1906)" state_before="OnWarm" state_after="OnWarm"
2026-09-21T03:29:42.096674Z DEBUG awase_windows::tsf::gji_monitor: [gji-io] WRITE: w_ops=+2 w_KB=+0.0 (r_ops=+4 x_ops=+4 x_KB=+0.0)
2026-09-21T03:29:42.130805Z DEBUG awase_windows::runtime::ime_refresh: Explicit intent: bypassing typing-idle guard for IME verify (idle=62ms)
2026-09-21T03:29:42.130861Z DEBUG awase_windows::observer::ime_observer: IME snapshot: japanese=Some(true) ime_on=Some(true) romaji=Some(true) conv=Some("0x00000019") guard=false
2026-09-21T03:29:42.130944Z DEBUG awase::journal: ime event seq=789 elapsed_ms=126459 event_kind="ObserverReported"
2026-09-21T03:29:42.130972Z DEBUG reduce: awase_windows::state::ime_model: [key-effect-fence] axis=mode stale observation ignored: observed=ObservedRomaji predicted=AssumedRomaji { reason: KeyEffectPrediction } age_ms=47
2026-09-21T03:29:42.131007Z DEBUG awase::journal: ime event seq=790 elapsed_ms=126459 event_kind="InputModeObserved"
2026-09-21T03:29:42.131052Z DEBUG awase::journal: ime event seq=791 elapsed_ms=126459 event_kind="ModeKeyPassedThrough"
2026-09-21T03:29:42.131067Z  INFO awase_windows::runtime::ime_refresh: [mode-key-follow] observation arrived after mode key pass: intents invalidated
2026-09-21T03:29:42.209306Z DEBUG awase_windows::runtime::ime_refresh: Explicit intent: bypassing typing-idle guard for IME verify (idle=140ms)
2026-09-21T03:29:42.209376Z DEBUG awase_windows::observer::ime_observer: IME snapshot: japanese=Some(true) ime_on=Some(true) romaji=Some(true) conv=Some("0x00000019") guard=false
2026-09-21T03:29:42.209440Z DEBUG awase::journal: ime event seq=792 elapsed_ms=126537 event_kind="ObserverReported"
2026-09-21T03:29:42.209459Z DEBUG reduce: awase_windows::state::ime_model: [key-effect-confirmed] axis=mode value=ObservedRomaji
2026-09-21T03:29:42.209481Z DEBUG awase::journal: ime event seq=793 elapsed_ms=126537 event_kind="InputModeObserved"
2026-09-21T03:29:42.209499Z  INFO awase_windows::runtime::ime_refresh: [mode-key-follow] observation arrived after mode key pass: intents invalidated
2026-09-21T03:29:42.289473Z DEBUG awase_windows::runtime::ime_refresh: Explicit intent: bypassing typing-idle guard for IME verify (idle=218ms)
2026-09-21T03:29:42.289525Z DEBUG awase_windows::observer::ime_observer: IME snapshot: japanese=Some(true) ime_on=Some(true) romaji=Some(true) conv=Some("0x00000019") guard=false
2026-09-21T03:29:42.289592Z DEBUG awase::journal: ime event seq=794 elapsed_ms=126617 event_kind="ObserverReported"
2026-09-21T03:29:42.289616Z DEBUG awase::journal: ime event seq=795 elapsed_ms=126617 event_kind="InputModeObserved"
2026-09-21T03:29:42.289634Z  INFO awase_windows::runtime::ime_refresh: [mode-key-follow] observation arrived after mode key pass: intents invalidated
2026-09-21T03:29:42.367679Z DEBUG awase_windows::runtime::ime_refresh: Explicit intent: bypassing typing-idle guard for IME verify (idle=296ms)
2026-09-21T03:29:42.367738Z DEBUG awase_windows::observer::ime_observer: IME snapshot: japanese=Some(true) ime_on=Some(true) romaji=Some(true) conv=Some("0x00000019") guard=false
2026-09-21T03:29:42.367820Z DEBUG awase::journal: ime event seq=796 elapsed_ms=126696 event_kind="ObserverReported"
2026-09-21T03:29:42.367849Z DEBUG awase::journal: ime event seq=797 elapsed_ms=126696 event_kind="InputModeObserved"
2026-09-21T03:29:42.367872Z  INFO awase_windows::runtime::ime_refresh: [mode-key-follow] observation arrived after mode key pass: intents invalidated
2026-09-21T03:29:42.442417Z DEBUG awase_windows::runtime::ime_refresh: Skipping observer/SSOT write: typing active (idle=375ms)
2026-09-21T03:29:42.486260Z DEBUG awase_windows::tsf::gji_fsm: [gji-fsm] LongIdle timeout → OnCold(Long, NotStarted)
2026-09-21T03:29:42.486290Z DEBUG awase::journal: gji fsm transition seq=798 elapsed_ms=126814 trigger="LongIdleTimeout" state_before="OnWarm" state_after="OnCold(Long)"
2026-09-21T03:29:42.963192Z DEBUG awase_windows::observer::ime_observer: IME snapshot: japanese=Some(true) ime_on=Some(true) romaji=Some(true) conv=Some("0x00000019") guard=false
2026-09-21T03:29:42.963274Z DEBUG awase::journal: ime event seq=799 elapsed_ms=127291 event_kind="ObserverReported"
2026-09-21T03:29:42.963302Z DEBUG awase::journal: ime event seq=800 elapsed_ms=127291 event_kind="InputModeObserved"
2026-09-21T03:29:43.473470Z DEBUG awase_windows::observer::ime_observer: IME snapshot: japanese=Some(true) ime_on=Some(true) romaji=Some(true) conv=Some("0x00000019") guard=false
2026-09-21T03:29:43.473558Z DEBUG awase::journal: ime event seq=801 elapsed_ms=127801 event_kind="ObserverReported"
2026-09-21T03:29:43.473595Z DEBUG awase::journal: ime event seq=802 elapsed_ms=127801 event_kind="InputModeObserved"
2026-09-21T03:29:43.991406Z DEBUG awase_windows::observer::ime_observer: IME snapshot: japanese=Some(true) ime_on=Some(true) romaji=Some(true) conv=Some("0x00000019") guard=false
2026-09-21T03:29:43.991502Z DEBUG awase::journal: ime event seq=803 elapsed_ms=128319 event_kind="ObserverReported"
2026-09-21T03:29:43.991542Z DEBUG awase::journal: ime event seq=804 elapsed_ms=128319 event_kind="InputModeObserved"
2026-09-21T03:29:44.035619Z DEBUG awase_windows::hook: [hook] IME-mode vk=0xF2 down self_injected=false injected=false scan=0x70 extra=0x5350494B since_actuation_us=Some(116943344)
2026-09-21T03:29:44.035740Z DEBUG awase::journal: hook ime-mode diagnostic seq=805 elapsed_ms=128364 vk_code=242 is_down=true self_injected=false injected=false scan=112
2026-09-21T03:29:44.035881Z DEBUG awase_windows::runtime::key_pipeline: [engine-input] vk=0xF2 KeyDown ts=128360216us delay=0ms state=Idle mods(c=false s=false a=false w=false) gas_ctrl=false phys_ctrl=false extra=0x5350494B pending_drain=0 gate_active=false l_thumb=None r_thumb=None [diag-ctx] ime_
2026-09-21T03:29:44.035959Z DEBUG awase::journal: key input seq=806 elapsed_ms=128364 vk_code=242 is_down=true injected=false key_class="Passthrough" state_before="Idle" state_after="Idle" decision="PassThrough" physical="Allow" repeat_count=1 last_timestamp_us=128360216 last_elapsed_ms=0
2026-09-21T03:29:44.036027Z DEBUG awase_windows::runtime::key_pipeline: may_change_ime key passed through → IME refresh scheduled (20ms)
2026-09-21T03:29:44.036065Z  INFO awase_windows::runtime::key_pipeline: [mode-key-follow] mode key PassThrough(vk=0xF2): IME refresh scheduled (20ms)
2026-09-21T03:29:44.036669Z  INFO awase_windows::runtime::key_pipeline: [key-effect-predict] vk=0xF2 status=Pre open=None mode=Some(ObservedEisu)
2026-09-21T03:29:44.036719Z DEBUG awase::journal: ime event seq=807 elapsed_ms=128365 event_kind="KeyEffectPredicted"
2026-09-21T03:29:44.036764Z DEBUG awase::engine::engine: [diag-engine-active] ime_on=true なのに非活性: reason=Inactive(NotRomajiInput) romaji_capable=false japanese=true user_enabled=true was_active=true input_mode=ObservedEisu
2026-09-21T03:29:44.036801Z  INFO awase::engine::engine: Engine deactivated (ime=true, romaji=false, japanese=true, user=true, reason=Inactive(NotRomajiInput))
2026-09-21T03:29:44.038077Z DEBUG awase_windows::tsf::probe: [composition] marked cold reason=F2NonTsf idle=15500ms → next VK/TSF output will send VK_DBE_HIRAGANA warmup
2026-09-21T03:29:44.038200Z DEBUG execute_from_hook: awase_windows::runtime::executor: [relay-passthrough] PassThrough idle: direct OS pass-through (vk=0xf2 down)
2026-09-21T03:29:44.038228Z DEBUG awase::journal: gji fsm transition seq=808 elapsed_ms=128366 trigger="CompositionReset(gji_idle_ms=1953)" state_before="OnCold(Long)" state_after="OnCold(Short)"
2026-09-21T03:29:44.038291Z DEBUG execute_one{generation=None}: awase_windows::runtime::executor: [reinject] vk=0xf2 down (queued passthrough now firing)
2026-09-21T03:29:44.038387Z DEBUG awase_windows::hook: [hook] IME-mode vk=0xF2 down self_injected=true injected=true scan=0x0 extra=0x4B45594D since_actuation_us=Some(116946129)
2026-09-21T03:29:44.040558Z DEBUG awase::journal: hook ime-mode diagnostic seq=809 elapsed_ms=128368 vk_code=242 is_down=true self_injected=true injected=true scan=0
2026-09-21T03:29:44.066484Z DEBUG awase_windows::tsf::gji_monitor: [gji-io] WRITE: w_ops=+2 w_KB=+0.0 (r_ops=+4 x_ops=+4 x_KB=+0.0)
2026-09-21T03:29:44.086848Z DEBUG awase_windows::runtime::ime_refresh: Explicit intent: bypassing typing-idle guard for IME verify (idle=62ms)
2026-09-21T03:29:44.086927Z DEBUG awase_windows::observer::ime_observer: IME snapshot: japanese=Some(true) ime_on=Some(true) romaji=None conv=Some("0x00000010") guard=false
2026-09-21T03:29:44.087017Z DEBUG awase::journal: ime event seq=810 elapsed_ms=128415 event_kind="ObserverReported"
2026-09-21T03:29:44.087072Z DEBUG awase::journal: ime event seq=811 elapsed_ms=128415 event_kind="ModeKeyPassedThrough"
2026-09-21T03:29:44.087089Z  INFO awase_windows::runtime::ime_refresh: [mode-key-follow] observation arrived after mode key pass: intents invalidated
2026-09-21T03:29:44.087157Z DEBUG awase::engine::engine: [diag-engine-active] ime_on=true なのに非活性: reason=Inactive(NotRomajiInput) romaji_capable=false japanese=true user_enabled=true was_active=false input_mode=ObservedEisu
2026-09-21T03:29:44.149091Z DEBUG awase_windows::runtime::ime_refresh: Explicit intent: bypassing typing-idle guard for IME verify (idle=125ms)
2026-09-21T03:29:44.149148Z DEBUG awase_windows::observer::ime_observer: IME snapshot: japanese=Some(true) ime_on=Some(true) romaji=None conv=Some("0x00000010") guard=false
2026-09-21T03:29:44.149232Z DEBUG awase::journal: ime event seq=812 elapsed_ms=128477 event_kind="ObserverReported"
2026-09-21T03:29:44.149265Z  INFO awase_windows::runtime::ime_refresh: [mode-key-follow] observation arrived after mode key pass: intents invalidated
2026-09-21T03:29:44.149329Z DEBUG awase::engine::engine: [diag-engine-active] ime_on=true なのに非活性: reason=Inactive(NotRomajiInput) romaji_capable=false japanese=true user_enabled=true was_active=false input_mode=ObservedEisu
2026-09-21T03:29:44.211339Z DEBUG awase_windows::runtime::ime_refresh: Explicit intent: bypassing typing-idle guard for IME verify (idle=187ms)
2026-09-21T03:29:44.211394Z DEBUG awase_windows::observer::ime_observer: IME snapshot: japanese=Some(true) ime_on=Some(true) romaji=None conv=Some("0x00000010") guard=false
2026-09-21T03:29:44.211477Z DEBUG awase::journal: ime event seq=813 elapsed_ms=128539 event_kind="ObserverReported"
2026-09-21T03:29:44.211509Z  INFO awase_windows::runtime::ime_refresh: [mode-key-follow] observation arrived after mode key pass: intents invalidated
2026-09-21T03:29:44.211573Z DEBUG awase::engine::engine: [diag-engine-active] ime_on=true なのに非活性: reason=Inactive(NotRomajiInput) romaji_capable=false japanese=true user_enabled=true was_active=false input_mode=ObservedEisu
2026-09-21T03:29:44.274746Z DEBUG awase_windows::runtime::ime_refresh: Explicit intent: bypassing typing-idle guard for IME verify (idle=250ms)
2026-09-21T03:29:44.274799Z DEBUG awase_windows::observer::ime_observer: IME snapshot: japanese=Some(true) ime_on=Some(true) romaji=None conv=Some("0x00000010") guard=false
2026-09-21T03:29:44.274880Z DEBUG awase::journal: ime event seq=814 elapsed_ms=128603 event_kind="ObserverReported"
2026-09-21T03:29:44.274910Z  INFO awase_windows::runtime::ime_refresh: [mode-key-follow] observation arrived after mode key pass: intents invalidated
2026-09-21T03:29:44.274972Z DEBUG awase::engine::engine: [diag-engine-active] ime_on=true なのに非活性: reason=Inactive(NotRomajiInput) romaji_capable=false japanese=true user_enabled=true was_active=false input_mode=ObservedEisu
2026-09-21T03:29:44.340906Z DEBUG awase_windows::runtime::ime_refresh: Explicit intent: bypassing typing-idle guard for IME verify (idle=312ms)
2026-09-21T03:29:44.340999Z DEBUG awase_windows::observer::ime_observer: IME snapshot: japanese=Some(true) ime_on=Some(true) romaji=None conv=Some("0x00000010") guard=false
2026-09-21T03:29:44.341143Z DEBUG awase::journal: ime event seq=815 elapsed_ms=128669 event_kind="ObserverReported"
2026-09-21T03:29:44.341178Z  INFO awase_windows::runtime::ime_refresh: [mode-key-follow] observation arrived after mode key pass: intents invalidated
2026-09-21T03:29:44.341240Z DEBUG awase::engine::engine: [diag-engine-active] ime_on=true なのに非活性: reason=Inactive(NotRomajiInput) romaji_capable=false japanese=true user_enabled=true was_active=false input_mode=ObservedEisu
2026-09-21T03:29:44.403353Z DEBUG awase_windows::runtime::ime_refresh: Skipping observer/SSOT write: typing active (idle=375ms)
2026-09-21T03:29:44.403425Z DEBUG awase::engine::engine: [diag-engine-active] ime_on=true なのに非活性: reason=Inactive(NotRomajiInput) romaji_capable=false japanese=true user_enabled=true was_active=false input_mode=ObservedEisu
2026-09-21T03:29:44.899370Z DEBUG awase_windows::observer::ime_observer: IME snapshot: japanese=Some(true) ime_on=Some(true) romaji=None conv=Some("0x00000010") guard=false
2026-09-21T03:29:44.899453Z DEBUG awase::journal: ime event seq=816 elapsed_ms=129227 event_kind="ObserverReported"
2026-09-21T03:29:44.899521Z DEBUG awase::engine::engine: [diag-engine-active] ime_on=true なのに非活性: reason=Inactive(NotRomajiInput) romaji_capable=false japanese=true user_enabled=true was_active=false input_mode=ObservedEisu
2026-09-21T03:29:45.406623Z DEBUG awase_windows::observer::ime_observer: IME snapshot: japanese=Some(true) ime_on=Some(true) romaji=None conv=Some("0x00000010") guard=false
2026-09-21T03:29:45.406826Z DEBUG awase::journal: ime event seq=817 elapsed_ms=129735 event_kind="ObserverReported"
2026-09-21T03:29:45.406896Z DEBUG awase::engine::engine: [diag-engine-active] ime_on=true なのに非活性: reason=Inactive(NotRomajiInput) romaji_capable=false japanese=true user_enabled=true was_active=false input_mode=ObservedEisu
2026-09-21T03:29:45.908296Z DEBUG awase_windows::observer::ime_observer: IME snapshot: japanese=Some(true) ime_on=Some(true) romaji=None conv=Some("0x00000010") guard=false
2026-09-21T03:29:45.908377Z DEBUG awase::journal: ime event seq=818 elapsed_ms=130236 event_kind="ObserverReported"
2026-09-21T03:29:45.908510Z DEBUG awase::engine::engine: [diag-engine-active] ime_on=true なのに非活性: reason=Inactive(NotRomajiInput) romaji_capable=false japanese=true user_enabled=true was_active=false input_mode=ObservedEisu
2026-09-21T03:29:45.981624Z DEBUG awase_windows::runtime::key_pipeline: [engine-input] vk=0x0D KeyDown ts=130305844us delay=0ms state=Idle mods(c=false s=false a=false w=false) gas_ctrl=false phys_ctrl=false extra=0x5350494B pending_drain=0 gate_active=false l_thumb=None r_thumb=None [diag-ctx] ime_
2026-09-21T03:29:45.981687Z DEBUG awase::engine::engine: [diag-engine-active] ime_on=true なのに非活性: reason=Inactive(NotRomajiInput) romaji_capable=false japanese=true user_enabled=true was_active=false input_mode=ObservedEisu
2026-09-21T03:29:45.981782Z DEBUG awase::journal: key input seq=819 elapsed_ms=130310 vk_code=13 is_down=true injected=false key_class="Passthrough" state_before="Idle" state_after="Idle" decision="PassThrough" physical="Allow" repeat_count=1 last_timestamp_us=130305844 last_elapsed_ms=0
2026-09-21T03:29:45.981885Z DEBUG execute_from_hook: awase_windows::tsf::probe: [composition] marked cold reason=PassthroughConfirmKey idle=17438ms → next VK/TSF output will send VK_DBE_HIRAGANA warmup
2026-09-21T03:29:45.981908Z DEBUG execute_from_hook: awase_windows::tsf::probe: [mark-send] last_send_ms=53397031
2026-09-21T03:29:45.981972Z DEBUG execute_from_hook: awase_windows::platform: [composition-fsm] EmitWarmup (ConfirmKeyDown)
2026-09-21T03:29:45.981992Z DEBUG execute_from_hook: awase_windows::runtime::executor: [relay-passthrough] PassThrough idle: direct OS pass-through (vk=0x0d down)
2026-09-21T03:29:45.982020Z DEBUG awase::journal: gji fsm transition seq=820 elapsed_ms=130310 trigger="CompositionReset(gji_idle_ms=1922)" state_before="OnCold(Short)" state_after="OnCold(Short)"
2026-09-21T03:29:45.982120Z DEBUG awase_windows::runtime::executor: [reinject-guard] suspending drain for 50ms (vk=0x0d)
2026-09-21T03:29:46.045518Z DEBUG execute_one{generation=None}: awase_windows::runtime::executor: [reinject] vk=0x0d down (queued passthrough now firing)
2026-09-21T03:29:46.045592Z DEBUG execute_one{generation=None}: awase_windows::platform: [composition] reinject KeyDown vk=0x0d → marking cold + eager warmup
2026-09-21T03:29:46.045614Z DEBUG execute_one{generation=None}: awase_windows::tsf::probe: [composition] marked cold reason=ReinjectConfirmKey idle=62ms → next VK/TSF output will send VK_DBE_HIRAGANA warmup
2026-09-21T03:29:46.045637Z DEBUG execute_one{generation=None}: awase_windows::tsf::probe: [mark-send] last_send_ms=53397093
2026-09-21T03:29:46.048773Z DEBUG awase_windows::tsf::gji_monitor: [gji-io] WRITE: w_ops=+1 w_KB=+0.0 (r_ops=+2 x_ops=+2 x_KB=+0.0)
2026-09-21T03:29:46.049386Z DEBUG awase::journal: gji fsm transition seq=821 elapsed_ms=130374 trigger="CompositionReset(gji_idle_ms=1984)" state_before="OnCold(Short)" state_after="OnCold(Short)"
2026-09-21T03:29:46.110349Z DEBUG awase_windows::runtime::key_pipeline: [engine-input] vk=0x0D KeyUp ts=130434630us delay=0ms state=Idle mods(c=false s=false a=false w=false) gas_ctrl=false phys_ctrl=false extra=0x5350494B pending_drain=0 gate_active=false l_thumb=None r_thumb=None [diag-ctx] ime_on
2026-09-21T03:29:46.110400Z DEBUG awase::engine::engine: [diag-engine-active] ime_on=true なのに非活性: reason=Inactive(NotRomajiInput) romaji_capable=false japanese=true user_enabled=true was_active=false input_mode=ObservedEisu
2026-09-21T03:29:46.110729Z DEBUG awase::journal: key input seq=822 elapsed_ms=130439 vk_code=13 is_down=false injected=false key_class="Passthrough" state_before="Idle" state_after="Idle" decision="PassThrough" physical="Allow" repeat_count=1 last_timestamp_us=130434630 last_elapsed_ms=0
2026-09-21T03:29:46.110843Z DEBUG execute_from_hook: awase_windows::runtime::executor: [relay-passthrough] PassThrough idle: direct OS pass-through (vk=0x0d up)
2026-09-21T03:29:46.110923Z DEBUG execute_one{generation=None}: awase_windows::runtime::executor: [reinject] vk=0x0d up (queued passthrough now firing)
2026-09-21T03:29:46.405427Z DEBUG awase_windows::runtime::ime_refresh: Skipping observer/SSOT write: typing active (idle=297ms)
2026-09-21T03:29:46.405498Z DEBUG awase::engine::engine: [diag-engine-active] ime_on=true なのに非活性: reason=Inactive(NotRomajiInput) romaji_capable=false japanese=true user_enabled=true was_active=false input_mode=ObservedEisu
2026-09-21T03:29:46.910617Z DEBUG awase_windows::observer::ime_observer: IME snapshot: japanese=Some(true) ime_on=Some(true) romaji=None conv=Some("0x00000010") guard=false
2026-09-21T03:29:46.910753Z DEBUG awase::journal: ime event seq=823 elapsed_ms=131239 event_kind="ObserverReported"
2026-09-21T03:29:46.910819Z DEBUG awase::engine::engine: [diag-engine-active] ime_on=true なのに非活性: reason=Inactive(NotRomajiInput) romaji_capable=false japanese=true user_enabled=true was_active=false input_mode=ObservedEisu
2026-09-21T03:29:47.410630Z DEBUG awase_windows::observer::ime_observer: IME snapshot: japanese=Some(true) ime_on=Some(true) romaji=None conv=Some("0x00000010") guard=false
2026-09-21T03:29:47.410704Z DEBUG awase::journal: ime event seq=824 elapsed_ms=131739 event_kind="ObserverReported"
2026-09-21T03:29:47.410769Z DEBUG awase::engine::engine: [diag-engine-active] ime_on=true なのに非活性: reason=Inactive(NotRomajiInput) romaji_capable=false japanese=true user_enabled=true was_active=false input_mode=ObservedEisu
2026-09-21T03:29:47.918623Z DEBUG awase_windows::hook: [hook] IME-mode vk=0xF0 up self_injected=false injected=false scan=0x70 extra=0x5350494B since_actuation_us=Some(120826354)
2026-09-21T03:29:47.918839Z DEBUG awase::journal: hook ime-mode diagnostic seq=825 elapsed_ms=132247 vk_code=240 is_down=false self_injected=false injected=false scan=112
2026-09-21T03:29:47.919057Z DEBUG awase_windows::runtime::key_pipeline: [engine-input] vk=0xF0 KeyUp ts=132243360us delay=0ms state=Idle mods(c=false s=false a=false w=false) gas_ctrl=false phys_ctrl=false extra=0x5350494B pending_drain=0 gate_active=false l_thumb=None r_thumb=None [diag-ctx] ime_on
2026-09-21T03:29:47.919096Z DEBUG awase::engine::engine: [diag-engine-active] ime_on=true なのに非活性: reason=Inactive(NotRomajiInput) romaji_capable=false japanese=true user_enabled=true was_active=false input_mode=ObservedEisu
2026-09-21T03:29:47.919162Z DEBUG awase::journal: key input seq=826 elapsed_ms=132247 vk_code=240 is_down=false injected=false key_class="Passthrough" state_before="Idle" state_after="Idle" decision="PassThrough" physical="Allow" repeat_count=1 last_timestamp_us=132243360 last_elapsed_ms=0
2026-09-21T03:29:47.919202Z DEBUG awase_windows::hook: [hook] IME-mode vk=0xF2 down self_injected=false injected=false scan=0x70 extra=0x5350494B since_actuation_us=Some(120826941)
2026-09-21T03:29:47.919244Z DEBUG execute_from_hook: awase_windows::runtime::executor: [relay-passthrough] PassThrough idle: direct OS pass-through (vk=0xf0 up)
2026-09-21T03:29:47.919599Z DEBUG awase::journal: hook ime-mode diagnostic seq=827 elapsed_ms=132248 vk_code=242 is_down=true self_injected=false injected=false scan=112
2026-09-21T03:29:47.919714Z DEBUG execute_one{generation=None}: awase_windows::runtime::executor: [reinject] vk=0xf0 up (queued passthrough now firing)
2026-09-21T03:29:47.920034Z DEBUG awase_windows::runtime::message_handlers: [drain] vk=0xF2 KeyDown
2026-09-21T03:29:47.920051Z DEBUG awase_windows::runtime::message_handlers: [output-drain] replay vk=0xF2 KeyDown event_ts=132243933us now=132244570us delta=0ms
2026-09-21T03:29:47.920116Z DEBUG awase_windows::runtime::key_pipeline: [engine-input] vk=0xF2 KeyDown ts=132243933us delay=0ms state=Idle mods(c=false s=false a=false w=false) gas_ctrl=false phys_ctrl=false extra=0x5350494B pending_drain=0 gate_active=false l_thumb=None r_thumb=None [diag-ctx] ime_
2026-09-21T03:29:47.920163Z DEBUG awase::engine::engine: [diag-engine-active] ime_on=true なのに非活性: reason=Inactive(NotRomajiInput) romaji_capable=false japanese=true user_enabled=true was_active=false input_mode=ObservedEisu
2026-09-21T03:29:47.920223Z DEBUG awase::journal: key input seq=828 elapsed_ms=132248 vk_code=242 is_down=true injected=false key_class="Passthrough" state_before="Idle" state_after="Idle" decision="PassThrough" physical="Allow" repeat_count=1 last_timestamp_us=132243933 last_elapsed_ms=0
2026-09-21T03:29:47.920283Z DEBUG awase_windows::runtime::key_pipeline: may_change_ime key passed through → IME refresh scheduled (20ms)
2026-09-21T03:29:47.920432Z  INFO awase_windows::runtime::key_pipeline: [mode-key-follow] mode key PassThrough(vk=0xF2): IME refresh scheduled (20ms)
2026-09-21T03:29:47.921172Z  INFO awase_windows::runtime::key_pipeline: [key-effect-predict] vk=0xF2 status=Pre open=None mode=Some(AssumedRomaji { reason: KeyEffectPrediction })
2026-09-21T03:29:47.921239Z DEBUG awase::journal: ime event seq=829 elapsed_ms=132249 event_kind="KeyEffectPredicted"
2026-09-21T03:29:47.921376Z  INFO awase::engine::engine: Engine activated (ime=true, romaji=true, japanese=true, user=true, reason=Active)
2026-09-21T03:29:47.921549Z DEBUG execute_from_loop:execute_one{generation=None}:dispatch_ime_set_open{open=true generation=None}: awase_windows::runtime::executor: [dispatch-ime] ImmCross async: optimistic applied_snapshot=true (suppress send_engine_state_ime_key)
2026-09-21T03:29:47.923193Z DEBUG execute_from_loop:execute_one{generation=None}: awase_windows::platform: [engine-state-key] suppressed (polling/focus-triggered, enabled=true)
2026-09-21T03:29:47.923306Z DEBUG awase_windows::tsf::probe: [composition] marked cold reason=F2NonTsf idle=1875ms → next VK/TSF output will send VK_DBE_HIRAGANA warmup
2026-09-21T03:29:47.923424Z DEBUG execute_from_hook: awase_windows::runtime::executor: [relay-passthrough] PassThrough idle: direct OS pass-through (vk=0xf2 down)
2026-09-21T03:29:47.923454Z DEBUG awase::journal: gji fsm transition seq=830 elapsed_ms=132251 trigger="CompositionReset(gji_idle_ms=1875)" state_before="OnCold(Short)" state_after="OnCold(Short)"
2026-09-21T03:29:47.923485Z DEBUG awase_windows::runtime::message_handlers: [output-drain] PassThrough → enqueue ReinjectKey vk=0xF2 KeyDown (drain has no hook→OS path)
2026-09-21T03:29:47.924141Z DEBUG awase_windows::runtime::ime_refresh: Explicit intent: bypassing typing-idle guard for IME verify (idle=0ms)
2026-09-21T03:29:47.924192Z DEBUG awase_windows::observer::ime_observer: IME snapshot: japanese=Some(true) ime_on=Some(true) romaji=None conv=Some("0x00000010") guard=false
2026-09-21T03:29:47.924281Z DEBUG awase::journal: ime event seq=831 elapsed_ms=132252 event_kind="ObserverReported"
2026-09-21T03:29:47.924312Z DEBUG reduce: awase_windows::state::ime_model: [key-effect-fence] axis=mode stale observation ignored: observed=ObservedEisu predicted=AssumedRomaji { reason: KeyEffectPrediction } age_ms=0
2026-09-21T03:29:47.924348Z DEBUG awase::journal: ime event seq=832 elapsed_ms=132252 event_kind="InputModeObserved"
2026-09-21T03:29:47.924400Z DEBUG awase::journal: ime event seq=833 elapsed_ms=132252 event_kind="ModeKeyPassedThrough"
2026-09-21T03:29:47.924418Z  INFO awase_windows::runtime::ime_refresh: [mode-key-follow] observation arrived after mode key pass: intents invalidated
2026-09-21T03:29:47.924829Z DEBUG execute_one{generation=None}: awase_windows::runtime::executor: [reinject] vk=0xf2 down (queued passthrough now firing)
2026-09-21T03:29:47.925386Z DEBUG awase_windows::hook: [hook] IME-mode vk=0xF0 up self_injected=true injected=false scan=0x0 extra=0x4B45594D since_actuation_us=Some(120833123)
2026-09-21T03:29:47.927004Z DEBUG awase_windows::hook: [hook] IME-mode vk=0xF2 down self_injected=true injected=true scan=0x0 extra=0x4B45594D since_actuation_us=Some(120834738)
2026-09-21T03:29:47.928357Z DEBUG awase::journal: hook ime-mode diagnostic seq=834 elapsed_ms=132256 vk_code=240 is_down=false self_injected=true injected=false scan=0
2026-09-21T03:29:47.928398Z DEBUG awase::journal: hook ime-mode diagnostic seq=835 elapsed_ms=132256 vk_code=242 is_down=true self_injected=true injected=true scan=0
2026-09-21T03:29:47.928520Z DEBUG run_open_chain_async: awase_windows::ime_controller: [warrant-shadow] chain=async open=true origin=EventOrigin { source: SelfActuated { strategy: "engine_decision_async" }, epoch: Generation(0) } warranted
2026-09-21T03:29:47.928596Z  INFO run_open_chain_async:imm_cross_write{open=true}: awase_windows::runtime::open_chain: [apply-ime] ImmCross async: open=true composition_active=false show_seq=0 change_seq=0 (issue #138診断)
2026-09-21T03:29:47.933388Z DEBUG awase_windows::tsf::gji_monitor: [gji-io] WRITE: w_ops=+2 w_KB=+0.0 (r_ops=+4 x_ops=+4 x_KB=+0.0)
2026-09-21T03:29:47.933688Z DEBUG awase_windows::shadow_send_trace: [shadow-send] channel=ImeControl cmd=0x0006 lparam=1 issue_us=132256632
2026-09-21T03:29:47.933707Z DEBUG awase_windows::ime: set_ime_open_for_target: hwnd=HWND(0x3a083a) ime_wnd=HWND(0xa0912) open=true success=true send_elapsed=1ms candidate_visible=false
2026-09-21T03:29:47.934842Z DEBUG run_open_chain_async:imm_cross_write{open=true}: awase_windows::ime: [imm-cross-actuate] hwnd=HWND(0x3a083a) open=Written conv=Some(Written)
2026-09-21T03:29:47.934940Z DEBUG run_open_chain_async:imm_cross_write{open=true}: awase_windows::runtime::open_chain: [apply-ime] ROMAN 補完結果: Written
2026-09-21T03:29:47.935021Z DEBUG run_open_chain_async: awase::journal: actuation decision seq=836 elapsed_ms=132263 site="DispatchImeSetOpen" caller="None" open=true chain_len=4 attempts_len=1 gate_profile="Standard" gate_kind="Gji" gate_shadow_known=true gate_shadow_on=true gate_input_mode="Assume
2026-09-21T03:29:47.935423Z DEBUG on_ime_apply_complete{open=true outcome=AppliedWithoutSendInput generation=None reason=EngineDecision}: awase::journal: ime open applied seq=837 elapsed_ms=132263 open=true outcome="AppliedWithoutSendInput" reason="EngineDecision"
2026-09-21T03:29:47.935517Z DEBUG on_ime_apply_complete{open=true outcome=AppliedWithoutSendInput generation=None reason=EngineDecision}: awase_windows::tsf::ime_mode_fsm: [ime-mode] SetOpen(true) applied → Hiragana (belief, unconfirmed)
2026-09-21T03:29:47.935546Z DEBUG on_ime_apply_complete{open=true outcome=AppliedWithoutSendInput generation=None reason=EngineDecision}: awase_windows::platform: [composition] ImeEffect::SetOpen(true) → marking cold
2026-09-21T03:29:47.935569Z DEBUG on_ime_apply_complete{open=true outcome=AppliedWithoutSendInput generation=None reason=EngineDecision}: awase_windows::tsf::probe: [composition] marked cold reason=SetOpenTrue idle=1891ms → next VK/TSF output will send VK_DBE_HIRAGANA warmup
2026-09-21T03:29:47.935620Z DEBUG on_ime_apply_complete{open=true outcome=AppliedWithoutSendInput generation=None reason=EngineDecision}:gji_on_event{event=ImeOn { injection_mode: Unicode, gji_idle_ms: 0 }}: awase_windows::tsf::gji_fsm: [gji-fsm] ImeOn: already on (OnCold(Short)), ignored
2026-09-21T03:29:47.935803Z DEBUG awase::journal: gji fsm transition seq=838 elapsed_ms=132264 trigger="ImeOn(gji_idle_ms=0)" state_before="OnCold(Short)" state_after="OnCold(Short)"
2026-09-21T03:29:47.970260Z DEBUG awase_windows::runtime::ime_refresh: Explicit intent: bypassing typing-idle guard for IME verify (idle=47ms)
2026-09-21T03:29:47.970348Z DEBUG awase_windows::observer::ime_observer: IME snapshot: japanese=Some(true) ime_on=Some(true) romaji=Some(true) conv=Some("0x00000019") guard=false
2026-09-21T03:29:47.970481Z DEBUG awase::journal: ime event seq=839 elapsed_ms=132298 event_kind="ObserverReported"
2026-09-21T03:29:47.970527Z DEBUG reduce: awase_windows::state::ime_model: [key-effect-fence] axis=mode stale observation ignored: observed=ObservedRomaji predicted=AssumedRomaji { reason: KeyEffectPrediction } age_ms=47
2026-09-21T03:29:47.970583Z DEBUG awase::journal: ime event seq=840 elapsed_ms=132299 event_kind="InputModeObserved"
2026-09-21T03:29:47.970627Z  INFO awase_windows::runtime::ime_refresh: [mode-key-follow] observation arrived after mode key pass: intents invalidated
2026-09-21T03:29:48.032061Z DEBUG awase_windows::runtime::ime_refresh: Explicit intent: bypassing typing-idle guard for IME verify (idle=110ms)
2026-09-21T03:29:48.032117Z DEBUG awase_windows::observer::ime_observer: IME snapshot: japanese=Some(true) ime_on=Some(true) romaji=Some(true) conv=Some("0x00000019") guard=false
2026-09-21T03:29:48.032190Z DEBUG awase::journal: ime event seq=841 elapsed_ms=132360 event_kind="ObserverReported"
2026-09-21T03:29:48.032214Z DEBUG reduce: awase_windows::state::ime_model: [key-effect-confirmed] axis=mode value=ObservedRomaji
2026-09-21T03:29:48.032241Z DEBUG awase::journal: ime event seq=842 elapsed_ms=132360 event_kind="InputModeObserved"
2026-09-21T03:29:48.032261Z  INFO awase_windows::runtime::ime_refresh: [mode-key-follow] observation arrived after mode key pass: intents invalidated
2026-09-21T03:29:48.094888Z DEBUG awase_windows::runtime::ime_refresh: Explicit intent: bypassing typing-idle guard for IME verify (idle=172ms)
2026-09-21T03:29:48.094945Z DEBUG awase_windows::observer::ime_observer: IME snapshot: japanese=Some(true) ime_on=Some(true) romaji=Some(true) conv=Some("0x00000019") guard=false
2026-09-21T03:29:48.095030Z DEBUG awase::journal: ime event seq=843 elapsed_ms=132423 event_kind="ObserverReported"
2026-09-21T03:29:48.095063Z DEBUG awase::journal: ime event seq=844 elapsed_ms=132423 event_kind="InputModeObserved"
2026-09-21T03:29:48.095085Z  INFO awase_windows::runtime::ime_refresh: [mode-key-follow] observation arrived after mode key pass: intents invalidated
2026-09-21T03:29:48.156118Z DEBUG awase_windows::runtime::ime_refresh: Explicit intent: bypassing typing-idle guard for IME verify (idle=235ms)
2026-09-21T03:29:48.156213Z DEBUG awase_windows::observer::ime_observer: IME snapshot: japanese=Some(true) ime_on=Some(true) romaji=Some(true) conv=Some("0x00000019") guard=false
2026-09-21T03:29:48.156352Z DEBUG awase::journal: ime event seq=845 elapsed_ms=132484 event_kind="ObserverReported"
2026-09-21T03:29:48.156402Z DEBUG awase::journal: ime event seq=846 elapsed_ms=132484 event_kind="InputModeObserved"
2026-09-21T03:29:48.156464Z  INFO awase_windows::runtime::ime_refresh: [mode-key-follow] observation arrived after mode key pass: intents invalidated
2026-09-21T03:29:48.221196Z DEBUG awase_windows::runtime::ime_refresh: Explicit intent: bypassing typing-idle guard for IME verify (idle=297ms)
2026-09-21T03:29:48.221283Z DEBUG awase_windows::observer::ime_observer: IME snapshot: japanese=Some(true) ime_on=Some(true) romaji=Some(true) conv=Some("0x00000019") guard=false
2026-09-21T03:29:48.221417Z DEBUG awase::journal: ime event seq=847 elapsed_ms=132549 event_kind="ObserverReported"
2026-09-21T03:29:48.221473Z DEBUG awase::journal: ime event seq=848 elapsed_ms=132549 event_kind="InputModeObserved"
2026-09-21T03:29:48.221516Z  INFO awase_windows::runtime::ime_refresh: [mode-key-follow] observation arrived after mode key pass: intents invalidated
2026-09-21T03:29:48.285585Z DEBUG awase_windows::runtime::ime_refresh: Skipping observer/SSOT write: typing active (idle=360ms)
2026-09-21T03:29:48.784563Z DEBUG awase_windows::observer::ime_observer: IME snapshot: japanese=Some(true) ime_on=Some(true) romaji=Some(true) conv=Some("0x00000019") guard=false
2026-09-21T03:29:48.784639Z DEBUG awase::journal: ime event seq=849 elapsed_ms=133113 event_kind="ObserverReported"
2026-09-21T03:29:48.784666Z DEBUG awase::journal: ime event seq=850 elapsed_ms=133113 event_kind="InputModeObserved"
2026-09-21T03:29:49.283822Z DEBUG awase_windows::observer::ime_observer: IME snapshot: japanese=Some(true) ime_on=Some(true) romaji=Some(true) conv=Some("0x00000019") guard=false
2026-09-21T03:29:49.283958Z DEBUG awase::journal: ime event seq=851 elapsed_ms=133612 event_kind="ObserverReported"
2026-09-21T03:29:49.283993Z DEBUG awase::journal: ime event seq=852 elapsed_ms=133612 event_kind="InputModeObserved"
2026-09-21T03:29:49.786143Z DEBUG awase_windows::observer::ime_observer: IME snapshot: japanese=Some(true) ime_on=Some(true) romaji=Some(true) conv=Some("0x00000019") guard=false
2026-09-21T03:29:49.786224Z DEBUG awase::journal: ime event seq=853 elapsed_ms=134114 event_kind="ObserverReported"
2026-09-21T03:29:49.786253Z DEBUG awase::journal: ime event seq=854 elapsed_ms=134114 event_kind="InputModeObserved"
2026-09-21T03:29:49.860844Z DEBUG awase_windows::runtime::key_pipeline: [engine-input] vk=0x41 KeyDown ts=134184993us delay=0ms state=Idle mods(c=false s=false a=false w=false) gas_ctrl=false phys_ctrl=false extra=0x5350494B pending_drain=0 gate_active=false l_thumb=None r_thumb=None [diag-ctx] ime_
2026-09-21T03:29:49.861021Z DEBUG awase::journal: key input seq=855 elapsed_ms=134189 vk_code=65 is_down=true injected=false key_class="Char" state_before="Idle" state_after="PendingChar(vk=0x41)" decision="Consume" physical="Allow" repeat_count=1 last_timestamp_us=134184993 last_elapsed_ms=0
2026-09-21T03:29:49.968490Z DEBUG execute_from_loop:execute_one{generation=None}: awase_windows::output: send_keys: mode=Unicode actions=[Char('う')] prev_elapsed=3922ms
2026-09-21T03:29:49.968519Z DEBUG execute_from_loop:execute_one{generation=None}: awase_windows::tsf::probe: [mark-send] last_send_ms=53401015
2026-09-21T03:29:49.968539Z DEBUG execute_from_loop:execute_one{generation=None}: awase_windows::output:   → Char('う') via Unicode
2026-09-21T03:29:49.970438Z DEBUG execute_from_loop:execute_one{generation=None}: awase_windows::tsf::probe: [mark-send] last_send_ms=53401015
2026-09-21T03:29:49.974724Z  INFO awase_windows::tsf::win_event_obs: [gji-obs] candidate SHOW #6: last_gji_write=2047ms ago
2026-09-21T03:29:49.981038Z DEBUG awase_windows::runtime::key_pipeline: [engine-input] vk=0x41 KeyUp ts=134305363us delay=0ms state=Idle mods(c=false s=false a=false w=false) gas_ctrl=false phys_ctrl=false extra=0x5350494B pending_drain=0 gate_active=false l_thumb=None r_thumb=None [diag-ctx] ime_on
2026-09-21T03:29:49.981149Z DEBUG awase::journal: key input seq=857 elapsed_ms=134309 vk_code=65 is_down=false injected=false key_class="Char" state_before="Idle" state_after="Idle" decision="Consume" physical="Allow" repeat_count=1 last_timestamp_us=134305363 last_elapsed_ms=0
2026-09-21T03:29:49.981303Z DEBUG execute_one{generation=None}: awase_windows::output: send_keys: mode=Unicode actions=[Suppress] prev_elapsed=16ms
2026-09-21T03:29:49.981337Z DEBUG execute_one{generation=None}: awase_windows::tsf::probe: [mark-send] last_send_ms=53401031
2026-09-21T03:29:49.981357Z DEBUG execute_one{generation=None}: awase_windows::output:   → Suppress
2026-09-21T03:29:49.981374Z DEBUG execute_one{generation=None}: awase_windows::tsf::probe: [mark-send] last_send_ms=53401031
2026-09-21T03:29:49.981447Z DEBUG execute_one{generation=None}: awase_windows::platform: [gji-fsm] StartComposition (candidate SHOW)
2026-09-21T03:29:49.981487Z DEBUG execute_one{generation=None}:gji_on_event{event=StartComposition}: awase_windows::tsf::gji_fsm: [gji-fsm] StartComposition while cold (no probe) → AlreadyWarm
2026-09-21T03:29:49.981599Z DEBUG awase::journal: gji fsm transition seq=858 elapsed_ms=134310 trigger="StartComposition(candidate SHOW)" state_before="OnCold(Short)" state_after="OnComposing(Warm)"
2026-09-21T03:29:49.994932Z DEBUG awase_windows::tsf::gji_monitor: [gji-io] WRITE: w_ops=+2 w_KB=+0.3 (r_ops=+4 x_ops=+4 x_KB=+0.0)
2026-09-21T03:29:50.303329Z DEBUG awase_windows::runtime::ime_refresh: Skipping observer/SSOT write: typing active (idle=328ms)
2026-09-21T03:29:50.815925Z DEBUG awase_windows::observer::ime_observer: IME snapshot: japanese=Some(true) ime_on=Some(true) romaji=Some(true) conv=Some("0x00000019") guard=false
2026-09-21T03:29:50.816010Z DEBUG awase::journal: ime event seq=859 elapsed_ms=135144 event_kind="ObserverReported"
2026-09-21T03:29:50.816046Z DEBUG awase::journal: ime event seq=860 elapsed_ms=135144 event_kind="InputModeObserved"
2026-09-21T03:29:51.320656Z DEBUG awase_windows::observer::ime_observer: IME snapshot: japanese=Some(true) ime_on=Some(true) romaji=Some(true) conv=Some("0x00000019") guard=false
2026-09-21T03:29:51.320758Z DEBUG awase::journal: ime event seq=861 elapsed_ms=135649 event_kind="ObserverReported"
2026-09-21T03:29:51.320801Z DEBUG awase::journal: ime event seq=862 elapsed_ms=135649 event_kind="InputModeObserved"
2026-09-21T03:29:51.798145Z DEBUG awase_windows::runtime::key_pipeline: [engine-input] vk=0x41 KeyDown ts=136122347us delay=0ms state=Idle mods(c=false s=false a=false w=false) gas_ctrl=false phys_ctrl=false extra=0x5350494B pending_drain=0 gate_active=false l_thumb=None r_thumb=None [diag-ctx] ime_
2026-09-21T03:29:51.798282Z DEBUG awase::journal: key input seq=863 elapsed_ms=136126 vk_code=65 is_down=true injected=false key_class="Char" state_before="Idle" state_after="PendingChar(vk=0x41)" decision="Consume" physical="Allow" repeat_count=1 last_timestamp_us=136122347 last_elapsed_ms=0
2026-09-21T03:29:51.833081Z DEBUG awase_windows::runtime::ime_refresh: Skipping observer/SSOT write: typing active (idle=32ms)
2026-09-21T03:29:51.905514Z DEBUG execute_from_loop:execute_one{generation=None}: awase_windows::output: send_keys: mode=Unicode actions=[Char('う')] prev_elapsed=1922ms
2026-09-21T03:29:51.905627Z DEBUG execute_from_loop:execute_one{generation=None}: awase_windows::tsf::probe: [mark-send] last_send_ms=53402953
2026-09-21T03:29:51.905660Z DEBUG execute_from_loop:execute_one{generation=None}: awase_windows::output:   → Char('う') via Unicode
2026-09-21T03:29:51.914518Z DEBUG execute_from_loop:execute_one{generation=None}: awase_windows::tsf::probe: [mark-send] last_send_ms=53402968
2026-09-21T03:29:51.914832Z DEBUG awase_windows::runtime::key_pipeline: [engine-input] vk=0x41 KeyUp ts=136239245us delay=0ms state=Idle mods(c=false s=false a=false w=false) gas_ctrl=false phys_ctrl=false extra=0x5350494B pending_drain=0 gate_active=false l_thumb=None r_thumb=None [diag-ctx] ime_on
2026-09-21T03:29:51.914906Z DEBUG awase::journal: key input seq=865 elapsed_ms=136243 vk_code=65 is_down=false injected=false key_class="Char" state_before="Idle" state_after="Idle" decision="Consume" physical="Allow" repeat_count=1 last_timestamp_us=136239245 last_elapsed_ms=0
2026-09-21T03:29:51.915042Z DEBUG execute_one{generation=None}: awase_windows::output: send_keys: mode=Unicode actions=[Suppress] prev_elapsed=0ms
2026-09-21T03:29:51.915060Z DEBUG execute_one{generation=None}: awase_windows::tsf::probe: [mark-send] last_send_ms=53402968
2026-09-21T03:29:51.915072Z DEBUG execute_one{generation=None}: awase_windows::output:   → Suppress
2026-09-21T03:29:51.915081Z DEBUG execute_one{generation=None}: awase_windows::tsf::probe: [mark-send] last_send_ms=53402968
2026-09-21T03:29:51.919899Z DEBUG awase_windows::tsf::gji_monitor: [gji-io] WRITE: w_ops=+2 w_KB=+0.5 (r_ops=+4 x_ops=+4 x_KB=+0.0)
2026-09-21T03:29:52.332706Z DEBUG awase_windows::runtime::ime_refresh: Skipping observer/SSOT write: typing active (idle=422ms)
2026-09-21T03:29:52.853058Z DEBUG awase_windows::observer::ime_observer: IME snapshot: japanese=Some(true) ime_on=Some(true) romaji=Some(true) conv=Some("0x00000019") guard=false
2026-09-21T03:29:52.853182Z DEBUG awase::journal: ime event seq=866 elapsed_ms=137181 event_kind="ObserverReported"
2026-09-21T03:29:52.853233Z DEBUG awase::journal: ime event seq=867 elapsed_ms=137181 event_kind="InputModeObserved"
2026-09-21T03:29:53.353397Z DEBUG awase_windows::observer::ime_observer: IME snapshot: japanese=Some(true) ime_on=Some(true) romaji=Some(true) conv=Some("0x00000019") guard=false
2026-09-21T03:29:53.353462Z DEBUG awase::journal: ime event seq=868 elapsed_ms=137682 event_kind="ObserverReported"
2026-09-21T03:29:53.353485Z DEBUG awase::journal: ime event seq=869 elapsed_ms=137682 event_kind="InputModeObserved"
2026-09-21T03:29:53.742981Z DEBUG awase_windows::runtime::key_pipeline: [engine-input] vk=0x1C KeyDown ts=138067305us delay=0ms state=Idle mods(c=false s=false a=false w=false) gas_ctrl=false phys_ctrl=false extra=0x5350494B pending_drain=0 gate_active=false l_thumb=None r_thumb=Some(138067292) [dia
2026-09-21T03:29:53.743091Z DEBUG awase::journal: key input seq=870 elapsed_ms=138071 vk_code=28 is_down=true injected=false key_class="RightThumb" state_before="Idle" state_after="PendingThumb(vk=0x1C,left=false)" decision="Consume" physical="Allow" repeat_count=1 last_timestamp_us=138067305 last_e
2026-09-21T03:29:53.855860Z DEBUG awase_windows::runtime::ime_refresh: Skipping observer/SSOT write: typing active (idle=110ms)
2026-09-21T03:29:53.868209Z DEBUG awase_windows::runtime::key_pipeline: [engine-input] vk=0x1C KeyUp ts=138192257us delay=0ms state=Idle mods(c=false s=false a=false w=false) gas_ctrl=false phys_ctrl=false extra=0x5350494B pending_drain=0 gate_active=false l_thumb=None r_thumb=None [diag-ctx] ime_on
2026-09-21T03:29:53.868421Z DEBUG awase::journal: key input seq=872 elapsed_ms=138197 vk_code=28 is_down=false injected=false key_class="RightThumb" state_before="Idle" state_after="Idle" decision="Consume" physical="Allow" repeat_count=1 last_timestamp_us=138192257 last_elapsed_ms=0
2026-09-21T03:29:54.357912Z DEBUG awase_windows::runtime::ime_refresh: Skipping observer/SSOT write: typing active (idle=485ms)
2026-09-21T03:29:54.859103Z DEBUG awase_windows::observer::ime_observer: IME snapshot: japanese=Some(true) ime_on=Some(true) romaji=Some(true) conv=Some("0x00000019") guard=false
2026-09-21T03:29:54.859171Z DEBUG awase::journal: ime event seq=873 elapsed_ms=139187 event_kind="ObserverReported"
2026-09-21T03:29:54.859195Z DEBUG awase::journal: ime event seq=874 elapsed_ms=139187 event_kind="InputModeObserved"
2026-09-21T03:29:55.361114Z DEBUG awase_windows::observer::ime_observer: IME snapshot: japanese=Some(true) ime_on=Some(true) romaji=Some(true) conv=Some("0x00000019") guard=false
2026-09-21T03:29:55.361189Z DEBUG awase::journal: ime event seq=875 elapsed_ms=139689 event_kind="ObserverReported"
2026-09-21T03:29:55.361216Z DEBUG awase::journal: ime event seq=876 elapsed_ms=139689 event_kind="InputModeObserved"
2026-09-21T03:29:55.686083Z DEBUG awase_windows::hook: [hook] IME-mode vk=0xF4 up self_injected=false injected=false scan=0x29 extra=0x5350494B since_actuation_us=Some(128593804)
2026-09-21T03:29:55.686385Z DEBUG awase::journal: hook ime-mode diagnostic seq=877 elapsed_ms=140015 vk_code=244 is_down=false self_injected=false injected=false scan=41
2026-09-21T03:29:55.686481Z DEBUG awase_windows::hook: [hook] IME-mode vk=0xF3 down self_injected=false injected=false scan=0x29 extra=0x5350494B since_actuation_us=Some(128594222)
2026-09-21T03:29:55.686683Z DEBUG awase_windows::runtime::key_pipeline: [engine-input] vk=0xF4 KeyUp ts=140010743us delay=0ms state=Idle mods(c=false s=false a=false w=false) gas_ctrl=false phys_ctrl=false extra=0x5350494B pending_drain=0 gate_active=false l_thumb=None r_thumb=None [diag-ctx] ime_on
2026-09-21T03:29:55.686830Z DEBUG awase::journal: key input seq=878 elapsed_ms=140015 vk_code=244 is_down=false injected=false key_class="Passthrough" state_before="Idle" state_after="Idle" decision="PassThrough" physical="Allow" repeat_count=1 last_timestamp_us=140010743 last_elapsed_ms=0
2026-09-21T03:29:55.686905Z DEBUG execute_from_hook: awase_windows::runtime::transport: [relay-sym] PassThrough KeyUp vk=0xf4: KeyDown was deferred → force reinject for symmetry
2026-09-21T03:29:55.687042Z DEBUG awase::journal: hook ime-mode diagnostic seq=879 elapsed_ms=140015 vk_code=243 is_down=true self_injected=false injected=false scan=41
2026-09-21T03:29:55.687136Z DEBUG execute_one{generation=None}: awase_windows::runtime::executor: [reinject] vk=0xf4 up (queued passthrough now firing)
2026-09-21T03:29:55.687437Z DEBUG awase_windows::hook: [hook] IME-mode vk=0xF4 up self_injected=true injected=true scan=0x0 extra=0x4B45594D since_actuation_us=Some(128595177)
2026-09-21T03:29:55.689679Z DEBUG awase::journal: hook ime-mode diagnostic seq=880 elapsed_ms=140018 vk_code=244 is_down=false self_injected=true injected=true scan=0
2026-09-21T03:29:55.689898Z DEBUG awase_windows::runtime::message_handlers: [drain] vk=0xF3 KeyDown
2026-09-21T03:29:55.689918Z DEBUG awase_windows::runtime::message_handlers: [output-drain] replay vk=0xF3 KeyDown event_ts=140011612us now=140014437us delta=2ms
2026-09-21T03:29:55.689999Z DEBUG awase_windows::runtime::key_pipeline: [engine-input] vk=0xF3 KeyDown ts=140011612us delay=2ms state=Idle mods(c=false s=false a=false w=false) gas_ctrl=false phys_ctrl=false extra=0x5350494B pending_drain=0 gate_active=false l_thumb=None r_thumb=None [diag-ctx] ime_
2026-09-21T03:29:55.690092Z DEBUG awase::journal: key input seq=881 elapsed_ms=140018 vk_code=243 is_down=true injected=false key_class="Passthrough" state_before="Idle" state_after="Idle" decision="PassThrough" physical="Allow" repeat_count=1 last_timestamp_us=140011612 last_elapsed_ms=0
2026-09-21T03:29:55.690405Z DEBUG awase_windows::runtime::key_pipeline: may_change_ime key passed through → IME refresh scheduled (20ms)
2026-09-21T03:29:55.690531Z  INFO awase_windows::runtime::key_pipeline: [mode-key-follow] mode key PassThrough(vk=0xF3): IME refresh scheduled (20ms)
2026-09-21T03:29:55.691163Z DEBUG awase_windows::runtime::key_pipeline: [key-effect-predict] vk=0xF3 status=Pre: no prediction
2026-09-21T03:29:55.691250Z DEBUG execute_from_hook: awase_windows::runtime::executor: [relay-passthrough] PassThrough idle: direct OS pass-through (vk=0xf3 down)
2026-09-21T03:29:55.691289Z DEBUG awase_windows::runtime::message_handlers: [output-drain] PassThrough → enqueue ReinjectKey vk=0xF3 KeyDown (drain has no hook→OS path)
2026-09-21T03:29:55.691363Z DEBUG execute_one{generation=None}: awase_windows::runtime::executor: [reinject] vk=0xf3 down (queued passthrough now firing)
2026-09-21T03:29:55.691478Z DEBUG awase_windows::hook: [hook] IME-mode vk=0xF3 up self_injected=true injected=false scan=0x0 extra=0x4B45594D since_actuation_us=Some(128599219)
2026-09-21T03:29:55.692174Z DEBUG awase_windows::hook: [hook] IME-mode vk=0xF4 down self_injected=true injected=true scan=0x0 extra=0x4B45594D since_actuation_us=Some(128599907)
2026-09-21T03:29:55.693437Z DEBUG awase::journal: hook ime-mode diagnostic seq=882 elapsed_ms=140022 vk_code=243 is_down=false self_injected=true injected=false scan=0
2026-09-21T03:29:55.693458Z DEBUG awase::journal: hook ime-mode diagnostic seq=883 elapsed_ms=140022 vk_code=244 is_down=true self_injected=true injected=true scan=0
2026-09-21T03:29:55.699443Z  INFO awase_windows::tsf::win_event_obs: [gji-obs] candidate HIDE: last_gji_write=3782ms ago
2026-09-21T03:29:55.702011Z DEBUG awase_windows::tsf::gji_monitor: [gji-io] WRITE: w_ops=+2 w_KB=+0.3 (r_ops=+4 x_ops=+4 x_KB=+0.0)
2026-09-21T03:29:55.723516Z DEBUG awase_windows::runtime::ime_refresh: Explicit intent: bypassing typing-idle guard for IME verify (idle=47ms)
2026-09-21T03:29:55.723565Z DEBUG awase_windows::observer::ime_observer: IME snapshot: japanese=Some(true) ime_on=Some(false) romaji=Some(true) conv=Some("0x00000019") guard=false
2026-09-21T03:29:55.723630Z DEBUG awase::journal: ime event seq=884 elapsed_ms=140052 event_kind="ObserverReported"
2026-09-21T03:29:55.723653Z DEBUG awase::journal: ime event seq=885 elapsed_ms=140052 event_kind="InputModeObserved"
2026-09-21T03:29:55.723681Z DEBUG awase::journal: ime event seq=886 elapsed_ms=140052 event_kind="ModeKeyPassedThrough"
2026-09-21T03:29:55.723691Z  INFO awase_windows::runtime::ime_refresh: [mode-key-follow] observation arrived after mode key pass: intents invalidated
2026-09-21T03:29:55.723788Z  INFO awase::engine::engine: Engine deactivated (ime=false, romaji=true, japanese=true, user=true, reason=Inactive(ImeOff))
2026-09-21T03:29:55.723899Z DEBUG execute_from_loop:execute_one{generation=None}:dispatch_ime_set_open{open=false generation=None}: awase_windows::runtime::executor: [dispatch-ime] ImmCross async: optimistic applied_snapshot=false (suppress send_engine_state_ime_key)
2026-09-21T03:29:55.725211Z DEBUG execute_from_loop:execute_one{generation=None}: awase_windows::platform: [engine-state-key] suppressed (polling/focus-triggered, enabled=false)
2026-09-21T03:29:55.726858Z DEBUG run_open_chain_async: awase_windows::ime_controller: [warrant-shadow] chain=async open=false origin=EventOrigin { source: SelfActuated { strategy: "engine_decision_async" }, epoch: Generation(0) } warranted
2026-09-21T03:29:55.726920Z  INFO run_open_chain_async:imm_cross_write{open=false}: awase_windows::runtime::open_chain: [apply-ime] ImmCross async: open=false composition_active=false show_seq=0 change_seq=0 (issue #138診断)
2026-09-21T03:29:55.729008Z DEBUG awase_windows::shadow_send_trace: [shadow-send] channel=ImeControl cmd=0x0006 lparam=0 issue_us=140053190
2026-09-21T03:29:55.729075Z DEBUG awase_windows::ime: set_ime_open_for_target: hwnd=HWND(0x3a083a) ime_wnd=HWND(0xa0912) open=false success=true send_elapsed=0ms candidate_visible=false
2026-09-21T03:29:55.729442Z DEBUG run_open_chain_async:imm_cross_write{open=false}: awase_windows::ime: [imm-cross-actuate] hwnd=HWND(0x3a083a) open=Written conv=None
2026-09-21T03:29:55.729517Z DEBUG run_open_chain_async: awase::journal: actuation decision seq=887 elapsed_ms=140058 site="DispatchImeSetOpen" caller="None" open=false chain_len=4 attempts_len=1 gate_profile="Standard" gate_kind="Gji" gate_shadow_known=true gate_shadow_on=true gate_input_mode="Obser
2026-09-21T03:29:55.729673Z DEBUG on_ime_apply_complete{open=false outcome=AppliedWithoutSendInput generation=None reason=EngineDecision}: awase::journal: ime open applied seq=888 elapsed_ms=140058 open=false outcome="AppliedWithoutSendInput" reason="EngineDecision"
2026-09-21T03:29:55.729751Z DEBUG on_ime_apply_complete{open=false outcome=AppliedWithoutSendInput generation=None reason=EngineDecision}: awase_windows::tsf::ime_mode_fsm: [ime-mode] SetOpen(false) applied → Off (belief, unconfirmed)
2026-09-21T03:29:55.729778Z DEBUG on_ime_apply_complete{open=false outcome=AppliedWithoutSendInput generation=None reason=EngineDecision}: awase_windows::platform: [composition] ImeEffect::SetOpen(false) → marking cold (prevent warm+TSF Enter leak)
2026-09-21T03:29:55.729802Z DEBUG on_ime_apply_complete{open=false outcome=AppliedWithoutSendInput generation=None reason=EngineDecision}: awase_windows::tsf::probe: [composition] marked cold reason=SetOpenFalse idle=3813ms → next VK/TSF output will send VK_DBE_HIRAGANA warmup
2026-09-21T03:29:55.729934Z DEBUG awase::journal: gji fsm transition seq=889 elapsed_ms=140058 trigger="ImeOff" state_before="OnComposing(Warm)" state_after="OffCold"
2026-09-21T03:29:55.768655Z DEBUG awase_windows::runtime::ime_refresh: Explicit intent: bypassing typing-idle guard for IME verify (idle=78ms)
2026-09-21T03:29:55.768745Z DEBUG awase_windows::observer::ime_observer: IME snapshot: japanese=Some(true) ime_on=Some(false) romaji=Some(true) conv=Some("0x00000019") guard=false
2026-09-21T03:29:55.768849Z DEBUG awase::journal: ime event seq=890 elapsed_ms=140097 event_kind="ObserverReported"
2026-09-21T03:29:55.768889Z DEBUG awase::journal: ime event seq=891 elapsed_ms=140097 event_kind="InputModeObserved"
2026-09-21T03:29:55.768981Z  INFO awase_windows::runtime::ime_refresh: [mode-key-follow] observation arrived after mode key pass: intents invalidated
2026-09-21T03:29:55.829152Z DEBUG awase_windows::runtime::ime_refresh: Explicit intent: bypassing typing-idle guard for IME verify (idle=141ms)
2026-09-21T03:29:55.829208Z DEBUG awase_windows::observer::ime_observer: IME snapshot: japanese=Some(true) ime_on=Some(false) romaji=Some(true) conv=Some("0x00000019") guard=false
2026-09-21T03:29:55.829294Z DEBUG awase::journal: ime event seq=892 elapsed_ms=140157 event_kind="ObserverReported"
2026-09-21T03:29:55.829330Z DEBUG awase::journal: ime event seq=893 elapsed_ms=140158 event_kind="InputModeObserved"
2026-09-21T03:29:55.829358Z  INFO awase_windows::runtime::ime_refresh: [mode-key-follow] observation arrived after mode key pass: intents invalidated
2026-09-21T03:29:55.891088Z DEBUG awase_windows::runtime::ime_refresh: Explicit intent: bypassing typing-idle guard for IME verify (idle=203ms)
2026-09-21T03:29:55.891192Z DEBUG awase_windows::observer::ime_observer: IME snapshot: japanese=Some(true) ime_on=Some(false) romaji=Some(true) conv=Some("0x00000019") guard=false
2026-09-21T03:29:55.891281Z DEBUG awase::journal: ime event seq=894 elapsed_ms=140219 event_kind="ObserverReported"
2026-09-21T03:29:55.891325Z DEBUG awase::journal: ime event seq=895 elapsed_ms=140219 event_kind="InputModeObserved"
2026-09-21T03:29:55.891358Z  INFO awase_windows::runtime::ime_refresh: [mode-key-follow] observation arrived after mode key pass: intents invalidated
2026-09-21T03:29:55.953391Z DEBUG awase_windows::runtime::ime_refresh: Explicit intent: bypassing typing-idle guard for IME verify (idle=266ms)
2026-09-21T03:29:55.953434Z DEBUG awase_windows::observer::ime_observer: IME snapshot: japanese=Some(true) ime_on=Some(false) romaji=Some(true) conv=Some("0x00000019") guard=false
2026-09-21T03:29:55.953523Z DEBUG awase::journal: ime event seq=896 elapsed_ms=140282 event_kind="ObserverReported"
2026-09-21T03:29:55.953544Z DEBUG awase::journal: ime event seq=897 elapsed_ms=140282 event_kind="InputModeObserved"
2026-09-21T03:29:55.953561Z  INFO awase_windows::runtime::ime_refresh: [mode-key-follow] observation arrived after mode key pass: intents invalidated
2026-09-21T03:29:56.017406Z DEBUG awase_windows::runtime::ime_refresh: Skipping observer/SSOT write: typing active (idle=328ms)
2026-09-21T03:29:56.516689Z DEBUG awase_windows::observer::ime_observer: IME snapshot: japanese=Some(true) ime_on=Some(false) romaji=Some(true) conv=Some("0x00000019") guard=false
2026-09-21T03:29:56.516780Z DEBUG awase::journal: ime event seq=898 elapsed_ms=140845 event_kind="ObserverReported"
2026-09-21T03:29:56.516818Z DEBUG awase::journal: ime event seq=899 elapsed_ms=140845 event_kind="InputModeObserved"
2026-09-21T03:29:57.022057Z DEBUG awase_windows::observer::ime_observer: IME snapshot: japanese=Some(true) ime_on=Some(false) romaji=Some(true) conv=Some("0x00000019") guard=false
2026-09-21T03:29:57.022139Z DEBUG awase::journal: ime event seq=900 elapsed_ms=141350 event_kind="ObserverReported"
2026-09-21T03:29:57.022298Z DEBUG awase::journal: ime event seq=901 elapsed_ms=141351 event_kind="InputModeObserved"
2026-09-21T03:29:57.538167Z DEBUG awase_windows::observer::ime_observer: IME snapshot: japanese=Some(true) ime_on=Some(false) romaji=Some(true) conv=Some("0x00000019") guard=false
2026-09-21T03:29:57.538233Z DEBUG awase::journal: ime event seq=902 elapsed_ms=141866 event_kind="ObserverReported"
2026-09-21T03:29:57.538255Z DEBUG awase::journal: ime event seq=903 elapsed_ms=141866 event_kind="InputModeObserved"
2026-09-21T03:29:57.630196Z DEBUG awase_windows::runtime::key_pipeline: [engine-input] vk=0x4B KeyDown ts=141954424us delay=0ms state=Idle mods(c=false s=false a=false w=false) gas_ctrl=false phys_ctrl=false extra=0x5350494B pending_drain=0 gate_active=false l_thumb=None r_thumb=None [diag-ctx] ime_
2026-09-21T03:29:57.630335Z DEBUG awase::journal: key input seq=904 elapsed_ms=141959 vk_code=75 is_down=true injected=false key_class="Char" state_before="Idle" state_after="Idle" decision="PassThrough" physical="Allow" repeat_count=1 last_timestamp_us=141954424 last_elapsed_ms=0
2026-09-21T03:29:57.630544Z DEBUG execute_one{generation=None}: awase_windows::runtime::executor: [reinject] vk=0x4b down (queued passthrough now firing)
2026-09-21T03:29:57.803617Z DEBUG awase_windows::runtime::key_pipeline: [engine-input] vk=0x4B KeyUp ts=142127839us delay=0ms state=Idle mods(c=false s=false a=false w=false) gas_ctrl=false phys_ctrl=false extra=0x5350494B pending_drain=0 gate_active=false l_thumb=None r_thumb=None [diag-ctx] ime_on
2026-09-21T03:29:57.803735Z DEBUG awase::journal: key input seq=905 elapsed_ms=142132 vk_code=75 is_down=false injected=false key_class="Char" state_before="Idle" state_after="Idle" decision="PassThrough" physical="Allow" repeat_count=1 last_timestamp_us=142127839 last_elapsed_ms=0
2026-09-21T03:29:57.803924Z DEBUG execute_one{generation=None}: awase_windows::runtime::executor: [reinject] vk=0x4b up (queued passthrough now firing)
2026-09-21T03:29:58.040273Z DEBUG awase_windows::runtime::ime_refresh: Skipping observer/SSOT write: typing active (idle=234ms)
2026-09-21T03:29:58.556541Z DEBUG awase_windows::observer::ime_observer: IME snapshot: japanese=Some(true) ime_on=Some(false) romaji=Some(true) conv=Some("0x00000019") guard=false
2026-09-21T03:29:58.556617Z DEBUG awase::journal: ime event seq=906 elapsed_ms=142885 event_kind="ObserverReported"
2026-09-21T03:29:58.556645Z DEBUG awase::journal: ime event seq=907 elapsed_ms=142885 event_kind="InputModeObserved"
2026-09-21T03:29:59.072134Z DEBUG awase_windows::observer::ime_observer: IME snapshot: japanese=Some(true) ime_on=Some(false) romaji=Some(true) conv=Some("0x00000019") guard=false
2026-09-21T03:29:59.072205Z DEBUG awase::journal: ime event seq=908 elapsed_ms=143400 event_kind="ObserverReported"
2026-09-21T03:29:59.072227Z DEBUG awase::journal: ime event seq=909 elapsed_ms=143400 event_kind="InputModeObserved"
2026-09-21T03:29:59.566515Z DEBUG awase_windows::runtime::key_pipeline: [engine-input] vk=0x1D KeyDown ts=143890761us delay=0ms state=Idle mods(c=false s=false a=false w=false) gas_ctrl=false phys_ctrl=false extra=0x5350494B pending_drain=0 gate_active=false l_thumb=Some(143890747) r_thumb=None [dia
2026-09-21T03:29:59.566630Z DEBUG awase::journal: key input seq=910 elapsed_ms=143895 vk_code=29 is_down=true injected=false key_class="LeftThumb" state_before="Idle" state_after="Idle" decision="PassThrough" physical="Allow" repeat_count=1 last_timestamp_us=143890761 last_elapsed_ms=0
2026-09-21T03:29:59.566733Z  INFO awase_windows::runtime::key_pipeline: [mode-key-follow] mode key PassThrough(vk=0x1D): IME refresh scheduled (20ms)
2026-09-21T03:29:59.567620Z  INFO awase_windows::runtime::key_pipeline: [key-effect-predict] vk=0x1D status=Direct open=Some(true) mode=None
2026-09-21T03:29:59.567728Z DEBUG awase::journal: ime event seq=911 elapsed_ms=143896 event_kind="KeyEffectPredicted"
2026-09-21T03:29:59.567783Z  INFO awase::engine::engine: Engine activated (ime=true, romaji=true, japanese=true, user=true, reason=Active)
2026-09-21T03:29:59.567893Z DEBUG execute_from_loop:execute_one{generation=None}:dispatch_ime_set_open{open=true generation=None}: awase_windows::runtime::executor: [dispatch-ime] ImmCross async: optimistic applied_snapshot=true (suppress send_engine_state_ime_key)
2026-09-21T03:29:59.569150Z DEBUG execute_from_loop:execute_one{generation=None}: awase_windows::platform: [engine-state-key] suppressed (polling/focus-triggered, enabled=true)
2026-09-21T03:29:59.569454Z DEBUG execute_one{generation=None}: awase_windows::runtime::executor: [reinject] vk=0x1d down (queued passthrough now firing)
2026-09-21T03:29:59.572242Z  INFO run_open_chain_async: awase_windows::ime_controller: [warrant-shadow] chain=async open=true origin=EventOrigin { source: SelfActuated { strategy: "engine_decision_async" }, epoch: Generation(0) } would_have_blocked=true (A-1 shadow: 書き込みは止めない。A-2 で強制する際の判断材料)
2026-09-21T03:29:59.572299Z DEBUG run_open_chain_async: awase::journal: actuation decision seq=912 elapsed_ms=143901 site="DispatchImeSetOpen" caller="None" open=true chain_len=4 attempts_len=0 gate_profile="Standard" gate_kind="Gji" gate_shadow_known=true gate_shadow_on=false gate_input_mode="Obser
2026-09-21T03:29:59.572407Z DEBUG on_ime_apply_complete{open=true outcome=Unwarranted generation=None reason=EngineDecision}: awase::journal: ime open applied seq=913 elapsed_ms=143901 open=true outcome="Unwarranted" reason="EngineDecision"
2026-09-21T03:29:59.580547Z DEBUG awase_windows::tsf::gji_monitor: [gji-io] WRITE: w_ops=+2 w_KB=+0.0 (r_ops=+4 x_ops=+4 x_KB=+0.0)
2026-09-21T03:29:59.617852Z DEBUG awase_windows::runtime::ime_refresh: Explicit intent: bypassing typing-idle guard for IME verify (idle=62ms)
2026-09-21T03:29:59.617912Z DEBUG awase_windows::observer::ime_observer: IME snapshot: japanese=Some(true) ime_on=Some(true) romaji=Some(true) conv=Some("0x00000019") guard=false
2026-09-21T03:29:59.618023Z DEBUG reduce: awase_windows::state::ime_model: [key-effect-fence] axis=open stale observation ignored: observed=true predicted=true age_ms=62
2026-09-21T03:29:59.618075Z DEBUG awase::journal: ime event seq=914 elapsed_ms=143946 event_kind="ObserverReported"
2026-09-21T03:29:59.618123Z DEBUG awase::journal: ime event seq=915 elapsed_ms=143946 event_kind="InputModeObserved"
2026-09-21T03:29:59.618187Z DEBUG awase::journal: ime event seq=916 elapsed_ms=143946 event_kind="ModeKeyPassedThrough"
2026-09-21T03:29:59.618268Z  INFO awase_windows::runtime::ime_refresh: [mode-key-follow] observation arrived after mode key pass: intents invalidated
2026-09-21T03:29:59.690170Z DEBUG awase_windows::runtime::key_pipeline: [engine-input] vk=0x1D KeyUp ts=144014291us delay=0ms state=Idle mods(c=false s=false a=false w=false) gas_ctrl=false phys_ctrl=false extra=0x5350494B pending_drain=0 gate_active=false l_thumb=None r_thumb=None [diag-ctx] ime_on
2026-09-21T03:29:59.690396Z DEBUG awase::journal: key input seq=917 elapsed_ms=144019 vk_code=29 is_down=false injected=false key_class="LeftThumb" state_before="Idle" state_after="Idle" decision="PassThrough" physical="Allow" repeat_count=1 last_timestamp_us=144014291 last_elapsed_ms=0
2026-09-21T03:29:59.690742Z DEBUG execute_one{generation=None}: awase_windows::runtime::executor: [reinject] vk=0x1d up (queued passthrough now firing)
2026-09-21T03:29:59.699136Z DEBUG awase_windows::runtime::ime_refresh: Explicit intent: bypassing typing-idle guard for IME verify (idle=16ms)
2026-09-21T03:29:59.699185Z DEBUG awase_windows::observer::ime_observer: IME snapshot: japanese=Some(true) ime_on=Some(true) romaji=Some(true) conv=Some("0x00000019") guard=false
2026-09-21T03:29:59.699276Z DEBUG reduce: awase_windows::state::ime_model: [key-effect-confirmed] axis=open value=true
2026-09-21T03:29:59.699317Z DEBUG awase::journal: ime event seq=918 elapsed_ms=144028 event_kind="ObserverReported"
2026-09-21T03:29:59.699358Z DEBUG awase::journal: ime event seq=919 elapsed_ms=144028 event_kind="InputModeObserved"
2026-09-21T03:29:59.699391Z  INFO awase_windows::runtime::ime_refresh: [mode-key-follow] observation arrived after mode key pass: intents invalidated
2026-09-21T03:29:59.771174Z DEBUG awase_windows::runtime::ime_refresh: Explicit intent: bypassing typing-idle guard for IME verify (idle=94ms)
2026-09-21T03:29:59.771223Z DEBUG awase_windows::observer::ime_observer: IME snapshot: japanese=Some(true) ime_on=Some(true) romaji=Some(true) conv=Some("0x00000019") guard=false
2026-09-21T03:29:59.771286Z DEBUG awase::journal: ime event seq=920 elapsed_ms=144100 event_kind="ObserverReported"
2026-09-21T03:29:59.771311Z DEBUG awase::journal: ime event seq=921 elapsed_ms=144100 event_kind="InputModeObserved"
2026-09-21T03:29:59.771327Z  INFO awase_windows::runtime::ime_refresh: [mode-key-follow] observation arrived after mode key pass: intents invalidated
2026-09-21T03:29:59.849587Z DEBUG awase_windows::runtime::ime_refresh: Explicit intent: bypassing typing-idle guard for IME verify (idle=172ms)
2026-09-21T03:29:59.849640Z DEBUG awase_windows::observer::ime_observer: IME snapshot: japanese=Some(true) ime_on=Some(true) romaji=Some(true) conv=Some("0x00000019") guard=false
2026-09-21T03:29:59.849710Z DEBUG awase::journal: ime event seq=922 elapsed_ms=144178 event_kind="ObserverReported"
2026-09-21T03:29:59.849735Z DEBUG awase::journal: ime event seq=923 elapsed_ms=144178 event_kind="InputModeObserved"
2026-09-21T03:29:59.849753Z  INFO awase_windows::runtime::ime_refresh: [mode-key-follow] observation arrived after mode key pass: intents invalidated
2026-09-21T03:29:59.926085Z DEBUG awase_windows::runtime::ime_refresh: Skipping observer/SSOT write: typing active (idle=234ms)
2026-09-21T03:30:00.429037Z DEBUG awase_windows::observer::ime_observer: IME snapshot: japanese=Some(true) ime_on=Some(true) romaji=Some(true) conv=Some("0x00000019") guard=false
2026-09-21T03:30:00.429164Z DEBUG awase::journal: ime event seq=924 elapsed_ms=144757 event_kind="ObserverReported"
2026-09-21T03:30:00.429217Z DEBUG awase::journal: ime event seq=925 elapsed_ms=144758 event_kind="InputModeObserved"
2026-09-21T03:30:00.594612Z DEBUG awase_windows::tsf::gji_monitor: [gji-io] WRITE: w_ops=+2 w_KB=+0.0 (r_ops=+3 x_ops=+7 x_KB=+0.0)
2026-09-21T03:30:00.610401Z DEBUG awase_windows::tsf::gji_monitor: [gji-io] r_ops=+0 w_ops=+0 x_ops=+4 read_KB=+0.0 x_KB=+0.0
2026-09-21T03:30:00.642035Z DEBUG awase_windows::tsf::gji_monitor: [gji-io] WRITE: w_ops=+3 w_KB=+576.3 (r_ops=+0 x_ops=+83 x_KB=+0.0)
2026-09-21T03:30:00.939365Z DEBUG awase_windows::observer::ime_observer: IME snapshot: japanese=Some(true) ime_on=Some(true) romaji=Some(true) conv=Some("0x00000019") guard=false
2026-09-21T03:30:00.939445Z DEBUG awase::journal: ime event seq=926 elapsed_ms=145268 event_kind="ObserverReported"
2026-09-21T03:30:00.939479Z DEBUG awase::journal: ime event seq=927 elapsed_ms=145268 event_kind="InputModeObserved"
2026-09-21T03:30:01.442329Z DEBUG awase_windows::observer::ime_observer: IME snapshot: japanese=Some(true) ime_on=Some(true) romaji=Some(true) conv=Some("0x00000019") guard=false
2026-09-21T03:30:01.442399Z DEBUG awase::journal: ime event seq=928 elapsed_ms=145771 event_kind="ObserverReported"
2026-09-21T03:30:01.442427Z DEBUG awase::journal: ime event seq=929 elapsed_ms=145771 event_kind="InputModeObserved"
2026-09-21T03:30:01.502277Z DEBUG awase_windows::runtime::key_pipeline: [engine-input] vk=0x1C KeyDown ts=145826557us delay=0ms state=Idle mods(c=false s=false a=false w=false) gas_ctrl=false phys_ctrl=false extra=0x5350494B pending_drain=0 gate_active=false l_thumb=None r_thumb=Some(145826545) [dia
2026-09-21T03:30:01.502456Z DEBUG awase::journal: key input seq=930 elapsed_ms=145831 vk_code=28 is_down=true injected=false key_class="RightThumb" state_before="Idle" state_after="PendingThumb(vk=0x1C,left=false)" decision="Consume" physical="Allow" repeat_count=1 last_timestamp_us=145826557 last_e
2026-09-21T03:30:01.627880Z DEBUG awase_windows::runtime::key_pipeline: [engine-input] vk=0x1C KeyUp ts=145952164us delay=0ms state=Idle mods(c=false s=false a=false w=false) gas_ctrl=false phys_ctrl=false extra=0x5350494B pending_drain=0 gate_active=false l_thumb=None r_thumb=None [diag-ctx] ime_on
2026-09-21T03:30:01.627985Z DEBUG awase::journal: key input seq=932 elapsed_ms=145956 vk_code=28 is_down=false injected=false key_class="RightThumb" state_before="Idle" state_after="Idle" decision="Consume" physical="Allow" repeat_count=1 last_timestamp_us=145952164 last_elapsed_ms=0
2026-09-21T03:30:01.961461Z DEBUG awase_windows::runtime::ime_refresh: Skipping observer/SSOT write: typing active (idle=344ms)
2026-09-21T03:30:02.477892Z DEBUG awase_windows::observer::ime_observer: IME snapshot: japanese=Some(true) ime_on=Some(true) romaji=Some(true) conv=Some("0x00000019") guard=false
2026-09-21T03:30:02.477960Z DEBUG awase::journal: ime event seq=933 elapsed_ms=146806 event_kind="ObserverReported"
2026-09-21T03:30:02.477989Z DEBUG awase::journal: ime event seq=934 elapsed_ms=146806 event_kind="InputModeObserved"
2026-09-21T03:30:02.980024Z DEBUG awase_windows::observer::ime_observer: IME snapshot: japanese=Some(true) ime_on=Some(true) romaji=Some(true) conv=Some("0x00000019") guard=false
2026-09-21T03:30:02.980116Z DEBUG awase::journal: ime event seq=935 elapsed_ms=147308 event_kind="ObserverReported"
2026-09-21T03:30:02.980153Z DEBUG awase::journal: ime event seq=936 elapsed_ms=147309 event_kind="InputModeObserved"
2026-09-21T03:30:03.450003Z DEBUG awase_windows::hook: [hook] IME-mode vk=0xF4 up self_injected=false injected=false scan=0x29 extra=0x5350494B since_actuation_us=Some(136357714)
2026-09-21T03:30:03.450269Z DEBUG awase::journal: hook ime-mode diagnostic seq=937 elapsed_ms=147779 vk_code=244 is_down=false self_injected=false injected=false scan=41
2026-09-21T03:30:03.450529Z DEBUG awase_windows::runtime::key_pipeline: [engine-input] vk=0xF4 KeyUp ts=147774686us delay=0ms state=Idle mods(c=false s=false a=false w=false) gas_ctrl=false phys_ctrl=false extra=0x5350494B pending_drain=0 gate_active=false l_thumb=None r_thumb=None [diag-ctx] ime_on
2026-09-21T03:30:03.450673Z DEBUG awase::journal: key input seq=938 elapsed_ms=147779 vk_code=244 is_down=false injected=false key_class="Passthrough" state_before="Idle" state_after="Idle" decision="PassThrough" physical="Allow" repeat_count=1 last_timestamp_us=147774686 last_elapsed_ms=0
2026-09-21T03:30:03.450907Z DEBUG execute_from_hook: awase_windows::runtime::executor: [relay-passthrough] PassThrough idle: direct OS pass-through (vk=0xf4 up)
2026-09-21T03:30:03.451023Z DEBUG execute_one{generation=None}: awase_windows::runtime::executor: [reinject] vk=0xf4 up (queued passthrough now firing)
2026-09-21T03:30:03.451185Z DEBUG awase_windows::hook: [hook] IME-mode vk=0xF3 down self_injected=false injected=false scan=0x29 extra=0x5350494B since_actuation_us=Some(136358924)
2026-09-21T03:30:03.451271Z DEBUG awase_windows::hook: [hook] IME-mode vk=0xF4 up self_injected=true injected=true scan=0x0 extra=0x4B45594D since_actuation_us=Some(136359013)
2026-09-21T03:30:03.454508Z DEBUG awase::journal: hook ime-mode diagnostic seq=939 elapsed_ms=147783 vk_code=243 is_down=true self_injected=false injected=false scan=41
2026-09-21T03:30:03.454554Z DEBUG awase::journal: hook ime-mode diagnostic seq=940 elapsed_ms=147783 vk_code=244 is_down=false self_injected=true injected=true scan=0
2026-09-21T03:30:03.455117Z DEBUG awase_windows::runtime::key_pipeline: [engine-input] vk=0xF3 KeyDown ts=147775760us delay=3ms state=Idle mods(c=false s=false a=false w=false) gas_ctrl=false phys_ctrl=false extra=0x5350494B pending_drain=0 gate_active=false l_thumb=None r_thumb=None [diag-ctx] ime_
2026-09-21T03:30:03.455241Z DEBUG awase::journal: key input seq=941 elapsed_ms=147784 vk_code=243 is_down=true injected=false key_class="Passthrough" state_before="Idle" state_after="Idle" decision="PassThrough" physical="Allow" repeat_count=1 last_timestamp_us=147775760 last_elapsed_ms=0
2026-09-21T03:30:03.455760Z DEBUG awase_windows::runtime::key_pipeline: may_change_ime key passed through → IME refresh scheduled (20ms)
2026-09-21T03:30:03.456350Z  INFO awase_windows::runtime::key_pipeline: [mode-key-follow] mode key PassThrough(vk=0xF3): IME refresh scheduled (20ms)
2026-09-21T03:30:03.456975Z DEBUG awase_windows::runtime::key_pipeline: [key-effect-predict] vk=0xF3 status=Pre: no prediction
2026-09-21T03:30:03.457090Z DEBUG execute_from_hook: awase_windows::runtime::executor: [relay-passthrough] PassThrough idle: direct OS pass-through (vk=0xf3 down)
2026-09-21T03:30:03.457288Z DEBUG execute_one{generation=None}: awase_windows::runtime::executor: [reinject] vk=0xf3 down (queued passthrough now firing)
2026-09-21T03:30:03.457426Z DEBUG awase_windows::hook: [hook] IME-mode vk=0xF3 up self_injected=true injected=false scan=0x0 extra=0x4B45594D since_actuation_us=Some(136365166)
2026-09-21T03:30:03.458361Z DEBUG awase_windows::hook: [hook] IME-mode vk=0xF4 down self_injected=true injected=true scan=0x0 extra=0x4B45594D since_actuation_us=Some(136366093)
2026-09-21T03:30:03.460142Z DEBUG awase::journal: hook ime-mode diagnostic seq=942 elapsed_ms=147789 vk_code=243 is_down=false self_injected=true injected=false scan=0
2026-09-21T03:30:03.460204Z DEBUG awase::journal: hook ime-mode diagnostic seq=943 elapsed_ms=147789 vk_code=244 is_down=true self_injected=true injected=true scan=0
2026-09-21T03:30:03.463491Z DEBUG awase_windows::tsf::gji_monitor: [gji-io] WRITE: w_ops=+2 w_KB=+0.0 (r_ops=+4 x_ops=+4 x_KB=+0.0)
2026-09-21T03:30:03.485931Z DEBUG awase_windows::runtime::ime_refresh: Explicit intent: bypassing typing-idle guard for IME verify (idle=31ms)
2026-09-21T03:30:03.486010Z DEBUG awase_windows::observer::ime_observer: IME snapshot: japanese=Some(true) ime_on=Some(false) romaji=Some(true) conv=Some("0x00000019") guard=false
2026-09-21T03:30:03.486133Z DEBUG awase::journal: ime event seq=944 elapsed_ms=147815 event_kind="ObserverReported"
2026-09-21T03:30:03.486184Z DEBUG awase::journal: ime event seq=945 elapsed_ms=147815 event_kind="InputModeObserved"
2026-09-21T03:30:03.486252Z DEBUG awase::journal: ime event seq=946 elapsed_ms=147815 event_kind="ModeKeyPassedThrough"
2026-09-21T03:30:03.486275Z  INFO awase_windows::runtime::ime_refresh: [mode-key-follow] observation arrived after mode key pass: intents invalidated
2026-09-21T03:30:03.486412Z  INFO awase::engine::engine: Engine deactivated (ime=false, romaji=true, japanese=true, user=true, reason=Inactive(ImeOff))
2026-09-21T03:30:03.486641Z DEBUG execute_from_loop:execute_one{generation=None}:dispatch_ime_set_open{open=false generation=None}: awase_windows::runtime::executor: [dispatch-ime] ImmCross async: optimistic applied_snapshot=false (suppress send_engine_state_ime_key)
2026-09-21T03:30:03.488293Z DEBUG execute_from_loop:execute_one{generation=None}: awase_windows::platform: [engine-state-key] suppressed (polling/focus-triggered, enabled=false)
2026-09-21T03:30:03.489939Z DEBUG run_open_chain_async: awase_windows::ime_controller: [warrant-shadow] chain=async open=false origin=EventOrigin { source: SelfActuated { strategy: "engine_decision_async" }, epoch: Generation(0) } warranted
2026-09-21T03:30:03.490037Z  INFO run_open_chain_async:imm_cross_write{open=false}: awase_windows::runtime::open_chain: [apply-ime] ImmCross async: open=false composition_active=false show_seq=0 change_seq=0 (issue #138診断)
2026-09-21T03:30:03.491945Z DEBUG awase_windows::shadow_send_trace: [shadow-send] channel=ImeControl cmd=0x0006 lparam=0 issue_us=147816028
2026-09-21T03:30:03.491966Z DEBUG awase_windows::ime: set_ime_open_for_target: hwnd=HWND(0x3a083a) ime_wnd=HWND(0xa0912) open=false success=true send_elapsed=0ms candidate_visible=false
2026-09-21T03:30:03.492383Z DEBUG run_open_chain_async:imm_cross_write{open=false}: awase_windows::ime: [imm-cross-actuate] hwnd=HWND(0x3a083a) open=Written conv=None
2026-09-21T03:30:03.492469Z DEBUG run_open_chain_async: awase::journal: actuation decision seq=947 elapsed_ms=147821 site="DispatchImeSetOpen" caller="None" open=false chain_len=4 attempts_len=1 gate_profile="Standard" gate_kind="Gji" gate_shadow_known=true gate_shadow_on=false gate_input_mode="Obse
2026-09-21T03:30:03.492642Z DEBUG on_ime_apply_complete{open=false outcome=AppliedWithoutSendInput generation=None reason=EngineDecision}: awase::journal: ime open applied seq=948 elapsed_ms=147821 open=false outcome="AppliedWithoutSendInput" reason="EngineDecision"
2026-09-21T03:30:03.492750Z DEBUG on_ime_apply_complete{open=false outcome=AppliedWithoutSendInput generation=None reason=EngineDecision}: awase_windows::tsf::ime_mode_fsm: [ime-mode] SetOpen(false) applied → Off (belief, unconfirmed)
2026-09-21T03:30:03.492782Z DEBUG on_ime_apply_complete{open=false outcome=AppliedWithoutSendInput generation=None reason=EngineDecision}: awase_windows::platform: [composition] ImeEffect::SetOpen(false) → marking cold (prevent warm+TSF Enter leak)
2026-09-21T03:30:03.492805Z DEBUG on_ime_apply_complete{open=false outcome=AppliedWithoutSendInput generation=None reason=EngineDecision}: awase_windows::tsf::probe: [composition] marked cold reason=SetOpenFalse idle=11578ms → next VK/TSF output will send VK_DBE_HIRAGANA warmup
2026-09-21T03:30:03.492941Z DEBUG awase::journal: gji fsm transition seq=949 elapsed_ms=147821 trigger="ImeOff" state_before="OffCold" state_after="OffCold"
2026-09-21T03:30:03.535743Z DEBUG awase_windows::runtime::ime_refresh: Explicit intent: bypassing typing-idle guard for IME verify (idle=78ms)
2026-09-21T03:30:03.535822Z DEBUG awase_windows::observer::ime_observer: IME snapshot: japanese=Some(true) ime_on=Some(false) romaji=Some(true) conv=Some("0x00000019") guard=false
2026-09-21T03:30:03.535937Z DEBUG awase::journal: ime event seq=950 elapsed_ms=147864 event_kind="ObserverReported"
2026-09-21T03:30:03.535983Z DEBUG awase::journal: ime event seq=951 elapsed_ms=147864 event_kind="InputModeObserved"
2026-09-21T03:30:03.536020Z  INFO awase_windows::runtime::ime_refresh: [mode-key-follow] observation arrived after mode key pass: intents invalidated
2026-09-21T03:30:03.594524Z DEBUG awase_windows::runtime::ime_refresh: Explicit intent: bypassing typing-idle guard for IME verify (idle=140ms)
2026-09-21T03:30:03.594583Z DEBUG awase_windows::observer::ime_observer: IME snapshot: japanese=Some(true) ime_on=Some(false) romaji=Some(true) conv=Some("0x00000019") guard=false
2026-09-21T03:30:03.594665Z DEBUG awase::journal: ime event seq=952 elapsed_ms=147923 event_kind="ObserverReported"
2026-09-21T03:30:03.594692Z DEBUG awase::journal: ime event seq=953 elapsed_ms=147923 event_kind="InputModeObserved"
2026-09-21T03:30:03.594714Z  INFO awase_windows::runtime::ime_refresh: [mode-key-follow] observation arrived after mode key pass: intents invalidated
2026-09-21T03:30:03.655152Z DEBUG awase_windows::runtime::ime_refresh: Explicit intent: bypassing typing-idle guard for IME verify (idle=203ms)
2026-09-21T03:30:03.655255Z DEBUG awase_windows::observer::ime_observer: IME snapshot: japanese=Some(true) ime_on=Some(false) romaji=Some(true) conv=Some("0x00000019") guard=false
2026-09-21T03:30:03.655345Z DEBUG awase::journal: ime event seq=954 elapsed_ms=147984 event_kind="ObserverReported"
2026-09-21T03:30:03.655381Z DEBUG awase::journal: ime event seq=955 elapsed_ms=147984 event_kind="InputModeObserved"
2026-09-21T03:30:03.655422Z  INFO awase_windows::runtime::ime_refresh: [mode-key-follow] observation arrived after mode key pass: intents invalidated
2026-09-21T03:30:03.718400Z DEBUG awase_windows::runtime::ime_refresh: Explicit intent: bypassing typing-idle guard for IME verify (idle=265ms)
2026-09-21T03:30:03.718464Z DEBUG awase_windows::observer::ime_observer: IME snapshot: japanese=Some(true) ime_on=Some(false) romaji=Some(true) conv=Some("0x00000019") guard=false
2026-09-21T03:30:03.718562Z DEBUG awase::journal: ime event seq=956 elapsed_ms=148047 event_kind="ObserverReported"
2026-09-21T03:30:03.718604Z DEBUG awase::journal: ime event seq=957 elapsed_ms=148047 event_kind="InputModeObserved"
2026-09-21T03:30:03.718636Z  INFO awase_windows::runtime::ime_refresh: [mode-key-follow] observation arrived after mode key pass: intents invalidated
2026-09-21T03:30:03.780687Z DEBUG awase_windows::runtime::ime_refresh: Skipping observer/SSOT write: typing active (idle=328ms)
2026-09-21T03:30:04.286065Z DEBUG awase_windows::observer::ime_observer: IME snapshot: japanese=Some(true) ime_on=Some(false) romaji=Some(true) conv=Some("0x00000019") guard=false
2026-09-21T03:30:04.286130Z DEBUG awase::journal: ime event seq=958 elapsed_ms=148615 event_kind="ObserverReported"
2026-09-21T03:30:04.286153Z DEBUG awase::journal: ime event seq=959 elapsed_ms=148615 event_kind="InputModeObserved"
2026-09-21T03:30:04.787969Z DEBUG awase_windows::observer::ime_observer: IME snapshot: japanese=Some(true) ime_on=Some(false) romaji=Some(true) conv=Some("0x00000019") guard=false
2026-09-21T03:30:04.788148Z DEBUG awase::journal: ime event seq=960 elapsed_ms=149117 event_kind="ObserverReported"
2026-09-21T03:30:04.788198Z DEBUG awase::journal: ime event seq=961 elapsed_ms=149117 event_kind="InputModeObserved"
2026-09-21T03:30:05.299212Z DEBUG awase_windows::observer::ime_observer: IME snapshot: japanese=Some(true) ime_on=Some(false) romaji=Some(true) conv=Some("0x00000019") guard=false
2026-09-21T03:30:05.299296Z DEBUG awase::journal: ime event seq=962 elapsed_ms=149628 event_kind="ObserverReported"
2026-09-21T03:30:05.299331Z DEBUG awase::journal: ime event seq=963 elapsed_ms=149628 event_kind="InputModeObserved"
2026-09-21T03:30:05.390067Z DEBUG awase_windows::runtime::key_pipeline: [engine-input] vk=0x4B KeyDown ts=149714313us delay=0ms state=Idle mods(c=false s=false a=false w=false) gas_ctrl=false phys_ctrl=false extra=0x5350494B pending_drain=0 gate_active=false l_thumb=None r_thumb=None [diag-ctx] ime_
2026-09-21T03:30:05.390186Z DEBUG awase::journal: key input seq=964 elapsed_ms=149719 vk_code=75 is_down=true injected=false key_class="Char" state_before="Idle" state_after="Idle" decision="PassThrough" physical="Allow" repeat_count=1 last_timestamp_us=149714313 last_elapsed_ms=0
2026-09-21T03:30:05.390355Z DEBUG execute_one{generation=None}: awase_windows::runtime::executor: [reinject] vk=0x4b down (queued passthrough now firing)
2026-09-21T03:30:05.515260Z DEBUG awase_windows::runtime::key_pipeline: [engine-input] vk=0x4B KeyUp ts=149839361us delay=0ms state=Idle mods(c=false s=false a=false w=false) gas_ctrl=false phys_ctrl=false extra=0x5350494B pending_drain=0 gate_active=false l_thumb=None r_thumb=None [diag-ctx] ime_on
2026-09-21T03:30:05.515407Z DEBUG awase::journal: key input seq=965 elapsed_ms=149844 vk_code=75 is_down=false injected=false key_class="Char" state_before="Idle" state_after="Idle" decision="PassThrough" physical="Allow" repeat_count=1 last_timestamp_us=149839361 last_elapsed_ms=0
2026-09-21T03:30:05.515700Z DEBUG execute_one{generation=None}: awase_windows::runtime::executor: [reinject] vk=0x4b up (queued passthrough now firing)
2026-09-21T03:30:05.799404Z DEBUG awase_windows::runtime::ime_refresh: Skipping observer/SSOT write: typing active (idle=281ms)
2026-09-21T03:30:06.301467Z DEBUG awase_windows::observer::ime_observer: IME snapshot: japanese=Some(true) ime_on=Some(false) romaji=Some(true) conv=Some("0x00000019") guard=false
2026-09-21T03:30:06.301595Z DEBUG awase::journal: ime event seq=966 elapsed_ms=150630 event_kind="ObserverReported"
2026-09-21T03:30:06.301675Z DEBUG awase::journal: ime event seq=967 elapsed_ms=150630 event_kind="InputModeObserved"
2026-09-21T03:30:06.799058Z DEBUG awase_windows::observer::ime_observer: IME snapshot: japanese=Some(true) ime_on=Some(false) romaji=Some(true) conv=Some("0x00000019") guard=false
2026-09-21T03:30:06.799143Z DEBUG awase::journal: ime event seq=968 elapsed_ms=151128 event_kind="ObserverReported"
2026-09-21T03:30:06.799178Z DEBUG awase::journal: ime event seq=969 elapsed_ms=151128 event_kind="InputModeObserved"
2026-09-21T03:30:07.303961Z DEBUG awase_windows::observer::ime_observer: IME snapshot: japanese=Some(true) ime_on=Some(false) romaji=Some(true) conv=Some("0x00000019") guard=false
2026-09-21T03:30:07.304026Z DEBUG awase::journal: ime event seq=970 elapsed_ms=151633 event_kind="ObserverReported"
2026-09-21T03:30:07.304050Z DEBUG awase::journal: ime event seq=971 elapsed_ms=151633 event_kind="InputModeObserved"
2026-09-21T03:30:07.332310Z DEBUG awase_windows::hook: [hook] IME-mode vk=0xF0 up self_injected=false injected=false scan=0x70 extra=0x5350494B since_actuation_us=Some(140240030)
2026-09-21T03:30:07.332496Z DEBUG awase::journal: hook ime-mode diagnostic seq=972 elapsed_ms=151661 vk_code=240 is_down=false self_injected=false injected=false scan=112
2026-09-21T03:30:07.332750Z DEBUG awase_windows::runtime::key_pipeline: [engine-input] vk=0xF0 KeyUp ts=151656945us delay=0ms state=Idle mods(c=false s=false a=false w=false) gas_ctrl=false phys_ctrl=false extra=0x5350494B pending_drain=0 gate_active=false l_thumb=None r_thumb=None [diag-ctx] ime_on
2026-09-21T03:30:07.332851Z DEBUG awase::journal: key input seq=973 elapsed_ms=151661 vk_code=240 is_down=false injected=false key_class="Passthrough" state_before="Idle" state_after="Idle" decision="PassThrough" physical="Allow" repeat_count=1 last_timestamp_us=151656945 last_elapsed_ms=0
2026-09-21T03:30:07.332958Z DEBUG execute_from_hook: awase_windows::runtime::executor: [relay-passthrough] PassThrough idle: direct OS pass-through (vk=0xf0 up)
2026-09-21T03:30:07.333021Z DEBUG awase_windows::hook: [hook] IME-mode vk=0xF2 down self_injected=false injected=false scan=0x70 extra=0x5350494B since_actuation_us=Some(140240763)
2026-09-21T03:30:07.333115Z DEBUG execute_one{generation=None}: awase_windows::runtime::executor: [reinject] vk=0xf0 up (queued passthrough now firing)
2026-09-21T03:30:07.333221Z DEBUG awase::journal: hook ime-mode diagnostic seq=974 elapsed_ms=151662 vk_code=242 is_down=true self_injected=false injected=false scan=112
2026-09-21T03:30:07.333570Z DEBUG awase_windows::runtime::key_pipeline: [engine-input] vk=0xF2 KeyDown ts=151657723us delay=0ms state=Idle mods(c=false s=false a=false w=false) gas_ctrl=false phys_ctrl=false extra=0x5350494B pending_drain=0 gate_active=false l_thumb=None r_thumb=None [diag-ctx] ime_
2026-09-21T03:30:07.333663Z DEBUG awase::journal: key input seq=975 elapsed_ms=151662 vk_code=242 is_down=true injected=false key_class="Passthrough" state_before="Idle" state_after="Idle" decision="PassThrough" physical="Allow" repeat_count=1 last_timestamp_us=151657723 last_elapsed_ms=0
2026-09-21T03:30:07.333763Z DEBUG awase_windows::runtime::key_pipeline: may_change_ime key passed through → IME refresh scheduled (20ms)
2026-09-21T03:30:07.333886Z  INFO awase_windows::runtime::key_pipeline: [mode-key-follow] mode key PassThrough(vk=0xF2): IME refresh scheduled (20ms)
2026-09-21T03:30:07.334787Z DEBUG awase_windows::tsf::probe: [composition] marked cold reason=F2NonTsf idle=15422ms → next VK/TSF output will send VK_DBE_HIRAGANA warmup
2026-09-21T03:30:07.334923Z DEBUG execute_from_hook: awase_windows::runtime::executor: [relay-passthrough] PassThrough idle: direct OS pass-through (vk=0xf2 down)
2026-09-21T03:30:07.334954Z DEBUG awase::journal: gji fsm transition seq=976 elapsed_ms=151663 trigger="CompositionReset(gji_idle_ms=3875)" state_before="OffCold" state_after="OffCold"
2026-09-21T03:30:07.335100Z DEBUG execute_one{generation=None}: awase_windows::runtime::executor: [reinject] vk=0xf2 down (queued passthrough now firing)
2026-09-21T03:30:07.335221Z DEBUG awase_windows::hook: [hook] IME-mode vk=0xF0 up self_injected=true injected=false scan=0x0 extra=0x4B45594D since_actuation_us=Some(140242961)
2026-09-21T03:30:07.336692Z DEBUG awase_windows::hook: [hook] IME-mode vk=0xF2 down self_injected=true injected=true scan=0x0 extra=0x4B45594D since_actuation_us=Some(140244421)
2026-09-21T03:30:07.339307Z DEBUG awase::journal: hook ime-mode diagnostic seq=977 elapsed_ms=151668 vk_code=240 is_down=false self_injected=true injected=false scan=0
2026-09-21T03:30:07.339369Z DEBUG awase::journal: hook ime-mode diagnostic seq=978 elapsed_ms=151668 vk_code=242 is_down=true self_injected=true injected=true scan=0
2026-09-21T03:30:07.381690Z DEBUG awase_windows::runtime::ime_refresh: Explicit intent: bypassing typing-idle guard for IME verify (idle=47ms)
2026-09-21T03:30:07.381750Z DEBUG awase_windows::observer::ime_observer: IME snapshot: japanese=Some(true) ime_on=Some(false) romaji=Some(true) conv=Some("0x00000019") guard=false
2026-09-21T03:30:07.381844Z DEBUG awase::journal: ime event seq=979 elapsed_ms=151710 event_kind="ObserverReported"
2026-09-21T03:30:07.381894Z DEBUG awase::journal: ime event seq=980 elapsed_ms=151710 event_kind="InputModeObserved"
2026-09-21T03:30:07.381949Z DEBUG awase::journal: ime event seq=981 elapsed_ms=151710 event_kind="ModeKeyPassedThrough"
2026-09-21T03:30:07.381966Z  INFO awase_windows::runtime::ime_refresh: [mode-key-follow] observation arrived after mode key pass: intents invalidated
2026-09-21T03:30:07.465672Z DEBUG awase_windows::runtime::ime_refresh: Explicit intent: bypassing typing-idle guard for IME verify (idle=125ms)
2026-09-21T03:30:07.465725Z DEBUG awase_windows::observer::ime_observer: IME snapshot: japanese=Some(true) ime_on=Some(false) romaji=Some(true) conv=Some("0x00000019") guard=false
2026-09-21T03:30:07.465807Z DEBUG awase::journal: ime event seq=982 elapsed_ms=151794 event_kind="ObserverReported"
2026-09-21T03:30:07.465841Z DEBUG awase::journal: ime event seq=983 elapsed_ms=151794 event_kind="InputModeObserved"
2026-09-21T03:30:07.465867Z  INFO awase_windows::runtime::ime_refresh: [mode-key-follow] observation arrived after mode key pass: intents invalidated
2026-09-21T03:30:07.539457Z DEBUG awase_windows::runtime::ime_refresh: Explicit intent: bypassing typing-idle guard for IME verify (idle=203ms)
2026-09-21T03:30:07.539516Z DEBUG awase_windows::observer::ime_observer: IME snapshot: japanese=Some(true) ime_on=Some(false) romaji=Some(true) conv=Some("0x00000019") guard=false
2026-09-21T03:30:07.539607Z DEBUG awase::journal: ime event seq=984 elapsed_ms=151868 event_kind="ObserverReported"
2026-09-21T03:30:07.539645Z DEBUG awase::journal: ime event seq=985 elapsed_ms=151868 event_kind="InputModeObserved"
2026-09-21T03:30:07.539674Z  INFO awase_windows::runtime::ime_refresh: [mode-key-follow] observation arrived after mode key pass: intents invalidated
2026-09-21T03:30:07.617648Z DEBUG awase_windows::runtime::ime_refresh: Explicit intent: bypassing typing-idle guard for IME verify (idle=281ms)
2026-09-21T03:30:07.617702Z DEBUG awase_windows::observer::ime_observer: IME snapshot: japanese=Some(true) ime_on=Some(false) romaji=Some(true) conv=Some("0x00000019") guard=false
2026-09-21T03:30:07.617774Z DEBUG awase::journal: ime event seq=986 elapsed_ms=151946 event_kind="ObserverReported"
2026-09-21T03:30:07.617799Z DEBUG awase::journal: ime event seq=987 elapsed_ms=151946 event_kind="InputModeObserved"
2026-09-21T03:30:07.617819Z  INFO awase_windows::runtime::ime_refresh: [mode-key-follow] observation arrived after mode key pass: intents invalidated
2026-09-21T03:30:07.696066Z DEBUG awase_windows::runtime::ime_refresh: Skipping observer/SSOT write: typing active (idle=360ms)
2026-09-21T03:30:08.208427Z DEBUG awase_windows::observer::ime_observer: IME snapshot: japanese=Some(true) ime_on=Some(false) romaji=Some(true) conv=Some("0x00000019") guard=false
2026-09-21T03:30:08.208511Z DEBUG awase::journal: ime event seq=988 elapsed_ms=152537 event_kind="ObserverReported"
2026-09-21T03:30:08.208546Z DEBUG awase::journal: ime event seq=989 elapsed_ms=152537 event_kind="InputModeObserved"
2026-09-21T03:30:08.724970Z DEBUG awase_windows::observer::ime_observer: IME snapshot: japanese=Some(true) ime_on=Some(false) romaji=Some(true) conv=Some("0x00000019") guard=false
2026-09-21T03:30:08.725041Z DEBUG awase::journal: ime event seq=990 elapsed_ms=153054 event_kind="ObserverReported"
2026-09-21T03:30:08.725066Z DEBUG awase::journal: ime event seq=991 elapsed_ms=153054 event_kind="InputModeObserved"
2026-09-21T03:30:09.244792Z DEBUG awase_windows::observer::ime_observer: IME snapshot: japanese=Some(true) ime_on=Some(false) romaji=Some(true) conv=Some("0x00000019") guard=false
2026-09-21T03:30:09.244930Z DEBUG awase::journal: ime event seq=992 elapsed_ms=153573 event_kind="ObserverReported"
2026-09-21T03:30:09.244958Z DEBUG awase::journal: ime event seq=993 elapsed_ms=153574 event_kind="InputModeObserved"
2026-09-21T03:30:09.271006Z DEBUG awase_windows::runtime::key_pipeline: [engine-input] vk=0x41 KeyDown ts=153595138us delay=0ms state=Idle mods(c=false s=false a=false w=false) gas_ctrl=false phys_ctrl=false extra=0x5350494B pending_drain=0 gate_active=false l_thumb=None r_thumb=None [diag-ctx] ime_
2026-09-21T03:30:09.271175Z DEBUG awase::journal: key input seq=994 elapsed_ms=153600 vk_code=65 is_down=true injected=false key_class="Char" state_before="Idle" state_after="Idle" decision="PassThrough" physical="Allow" repeat_count=1 last_timestamp_us=153595138 last_elapsed_ms=0
2026-09-21T03:30:09.271398Z DEBUG execute_one{generation=None}: awase_windows::runtime::executor: [reinject] vk=0x41 down (queued passthrough now firing)
2026-09-21T03:30:09.395589Z DEBUG awase_windows::runtime::key_pipeline: [engine-input] vk=0x41 KeyUp ts=153719779us delay=0ms state=Idle mods(c=false s=false a=false w=false) gas_ctrl=false phys_ctrl=false extra=0x5350494B pending_drain=0 gate_active=false l_thumb=None r_thumb=None [diag-ctx] ime_on
2026-09-21T03:30:09.395773Z DEBUG awase::journal: key input seq=995 elapsed_ms=153724 vk_code=65 is_down=false injected=false key_class="Char" state_before="Idle" state_after="Idle" decision="PassThrough" physical="Allow" repeat_count=1 last_timestamp_us=153719779 last_elapsed_ms=0
2026-09-21T03:30:09.395968Z DEBUG execute_one{generation=None}: awase_windows::runtime::executor: [reinject] vk=0x41 up (queued passthrough now firing)
2026-09-21T03:30:09.743006Z DEBUG awase_windows::runtime::ime_refresh: Skipping observer/SSOT write: typing active (idle=359ms)
2026-09-21T03:30:10.247840Z DEBUG awase_windows::observer::ime_observer: IME snapshot: japanese=Some(true) ime_on=Some(false) romaji=Some(true) conv=Some("0x00000019") guard=false
2026-09-21T03:30:10.247925Z DEBUG awase::journal: ime event seq=996 elapsed_ms=154577 event_kind="ObserverReported"
2026-09-21T03:30:10.247953Z DEBUG awase::journal: ime event seq=997 elapsed_ms=154577 event_kind="InputModeObserved"
2026-09-21T03:30:10.751346Z DEBUG awase_windows::observer::ime_observer: IME snapshot: japanese=Some(true) ime_on=Some(false) romaji=Some(true) conv=Some("0x00000019") guard=false
2026-09-21T03:30:10.751423Z DEBUG awase::journal: ime event seq=998 elapsed_ms=155080 event_kind="ObserverReported"
2026-09-21T03:30:10.751451Z DEBUG awase::journal: ime event seq=999 elapsed_ms=155080 event_kind="InputModeObserved"
2026-09-21T03:30:11.216301Z DEBUG awase_windows::hook: [hook] IME-mode vk=0xF2 down self_injected=false injected=false scan=0x70 extra=0x5350494B since_actuation_us=Some(144124017)
2026-09-21T03:30:11.216474Z DEBUG awase::journal: hook ime-mode diagnostic seq=1000 elapsed_ms=155545 vk_code=242 is_down=true self_injected=false injected=false scan=112
2026-09-21T03:30:11.216682Z DEBUG awase_windows::runtime::key_pipeline: [engine-input] vk=0xF2 KeyDown ts=155540927us delay=0ms state=Idle mods(c=false s=false a=false w=false) gas_ctrl=false phys_ctrl=false extra=0x5350494B pending_drain=0 gate_active=false l_thumb=None r_thumb=None [diag-ctx] ime_
2026-09-21T03:30:11.216780Z DEBUG awase::journal: key input seq=1001 elapsed_ms=155545 vk_code=242 is_down=true injected=false key_class="Passthrough" state_before="Idle" state_after="Idle" decision="PassThrough" physical="Allow" repeat_count=1 last_timestamp_us=155540927 last_elapsed_ms=0
2026-09-21T03:30:11.216839Z DEBUG awase_windows::runtime::key_pipeline: may_change_ime key passed through → IME refresh scheduled (20ms)
2026-09-21T03:30:11.216875Z  INFO awase_windows::runtime::key_pipeline: [mode-key-follow] mode key PassThrough(vk=0xF2): IME refresh scheduled (20ms)
2026-09-21T03:30:11.217516Z DEBUG awase_windows::tsf::probe: [composition] marked cold reason=F2NonTsf idle=19297ms → next VK/TSF output will send VK_DBE_HIRAGANA warmup
2026-09-21T03:30:11.217638Z DEBUG execute_from_hook: awase_windows::runtime::executor: [relay-passthrough] PassThrough idle: direct OS pass-through (vk=0xf2 down)
2026-09-21T03:30:11.217664Z DEBUG awase::journal: gji fsm transition seq=1002 elapsed_ms=155546 trigger="CompositionReset(gji_idle_ms=7750)" state_before="OffCold" state_after="OffCold"
2026-09-21T03:30:11.217723Z DEBUG execute_one{generation=None}: awase_windows::runtime::executor: [reinject] vk=0xf2 down (queued passthrough now firing)
2026-09-21T03:30:11.217822Z DEBUG awase_windows::hook: [hook] IME-mode vk=0xF2 down self_injected=true injected=true scan=0x0 extra=0x4B45594D since_actuation_us=Some(144125564)
2026-09-21T03:30:11.219141Z DEBUG awase::journal: hook ime-mode diagnostic seq=1003 elapsed_ms=155548 vk_code=242 is_down=true self_injected=true injected=true scan=0
2026-09-21T03:30:11.251274Z DEBUG awase_windows::runtime::ime_refresh: Explicit intent: bypassing typing-idle guard for IME verify (idle=31ms)
2026-09-21T03:30:11.251318Z DEBUG awase_windows::observer::ime_observer: IME snapshot: japanese=Some(true) ime_on=Some(false) romaji=Some(true) conv=Some("0x00000019") guard=false
2026-09-21T03:30:11.251376Z DEBUG awase::journal: ime event seq=1004 elapsed_ms=155580 event_kind="ObserverReported"
2026-09-21T03:30:11.251397Z DEBUG awase::journal: ime event seq=1005 elapsed_ms=155580 event_kind="InputModeObserved"
2026-09-21T03:30:11.251422Z DEBUG awase::journal: ime event seq=1006 elapsed_ms=155580 event_kind="ModeKeyPassedThrough"
2026-09-21T03:30:11.251432Z  INFO awase_windows::runtime::ime_refresh: [mode-key-follow] observation arrived after mode key pass: intents invalidated
2026-09-21T03:30:11.313502Z DEBUG awase_windows::runtime::ime_refresh: Explicit intent: bypassing typing-idle guard for IME verify (idle=94ms)
2026-09-21T03:30:11.313583Z DEBUG awase_windows::observer::ime_observer: IME snapshot: japanese=Some(true) ime_on=Some(false) romaji=Some(true) conv=Some("0x00000019") guard=false
2026-09-21T03:30:11.313649Z DEBUG awase::journal: ime event seq=1007 elapsed_ms=155642 event_kind="ObserverReported"
2026-09-21T03:30:11.313671Z DEBUG awase::journal: ime event seq=1008 elapsed_ms=155642 event_kind="InputModeObserved"
2026-09-21T03:30:11.313690Z  INFO awase_windows::runtime::ime_refresh: [mode-key-follow] observation arrived after mode key pass: intents invalidated
2026-09-21T03:30:11.375950Z DEBUG awase_windows::runtime::ime_refresh: Explicit intent: bypassing typing-idle guard for IME verify (idle=156ms)
2026-09-21T03:30:11.376005Z DEBUG awase_windows::observer::ime_observer: IME snapshot: japanese=Some(true) ime_on=Some(false) romaji=Some(true) conv=Some("0x00000019") guard=false
2026-09-21T03:30:11.376075Z DEBUG awase::journal: ime event seq=1009 elapsed_ms=155705 event_kind="ObserverReported"
2026-09-21T03:30:11.376100Z DEBUG awase::journal: ime event seq=1010 elapsed_ms=155705 event_kind="InputModeObserved"
2026-09-21T03:30:11.376119Z  INFO awase_windows::runtime::ime_refresh: [mode-key-follow] observation arrived after mode key pass: intents invalidated
2026-09-21T03:30:11.436435Z DEBUG awase_windows::runtime::ime_refresh: Explicit intent: bypassing typing-idle guard for IME verify (idle=219ms)
2026-09-21T03:30:11.436488Z DEBUG awase_windows::observer::ime_observer: IME snapshot: japanese=Some(true) ime_on=Some(false) romaji=Some(true) conv=Some("0x00000019") guard=false
2026-09-21T03:30:11.436555Z DEBUG awase::journal: ime event seq=1011 elapsed_ms=155765 event_kind="ObserverReported"
2026-09-21T03:30:11.436579Z DEBUG awase::journal: ime event seq=1012 elapsed_ms=155765 event_kind="InputModeObserved"
2026-09-21T03:30:11.436597Z  INFO awase_windows::runtime::ime_refresh: [mode-key-follow] observation arrived after mode key pass: intents invalidated
2026-09-21T03:30:11.498375Z DEBUG awase_windows::runtime::ime_refresh: Explicit intent: bypassing typing-idle guard for IME verify (idle=281ms)
2026-09-21T03:30:11.498434Z DEBUG awase_windows::observer::ime_observer: IME snapshot: japanese=Some(true) ime_on=Some(false) romaji=Some(true) conv=Some("0x00000019") guard=false
2026-09-21T03:30:11.498525Z DEBUG awase::journal: ime event seq=1013 elapsed_ms=155827 event_kind="ObserverReported"
2026-09-21T03:30:11.498579Z DEBUG awase::journal: ime event seq=1014 elapsed_ms=155827 event_kind="InputModeObserved"
2026-09-21T03:30:11.498620Z  INFO awase_windows::runtime::ime_refresh: [mode-key-follow] observation arrived after mode key pass: intents invalidated
2026-09-21T03:30:11.564568Z DEBUG awase_windows::runtime::ime_refresh: Skipping observer/SSOT write: typing active (idle=344ms)
2026-09-21T03:30:12.061524Z DEBUG awase_windows::observer::ime_observer: IME snapshot: japanese=Some(true) ime_on=Some(false) romaji=Some(true) conv=Some("0x00000019") guard=false
2026-09-21T03:30:12.061599Z DEBUG awase::journal: ime event seq=1015 elapsed_ms=156390 event_kind="ObserverReported"
2026-09-21T03:30:12.061625Z DEBUG awase::journal: ime event seq=1016 elapsed_ms=156390 event_kind="InputModeObserved"
2026-09-21T03:30:12.559523Z DEBUG awase_windows::observer::ime_observer: IME snapshot: japanese=Some(true) ime_on=Some(false) romaji=Some(true) conv=Some("0x00000019") guard=false
2026-09-21T03:30:12.559608Z DEBUG awase::journal: ime event seq=1017 elapsed_ms=156888 event_kind="ObserverReported"
2026-09-21T03:30:12.559643Z DEBUG awase::journal: ime event seq=1018 elapsed_ms=156888 event_kind="InputModeObserved"
2026-09-21T03:30:13.066844Z DEBUG awase_windows::observer::ime_observer: IME snapshot: japanese=Some(true) ime_on=Some(false) romaji=Some(true) conv=Some("0x00000019") guard=false
2026-09-21T03:30:13.066966Z DEBUG awase::journal: ime event seq=1019 elapsed_ms=157396 event_kind="ObserverReported"
2026-09-21T03:30:13.067014Z DEBUG awase::journal: ime event seq=1020 elapsed_ms=157396 event_kind="InputModeObserved"
2026-09-21T03:30:13.156257Z DEBUG awase_windows::runtime::key_pipeline: [engine-input] vk=0x1D KeyDown ts=157480348us delay=0ms state=Idle mods(c=false s=false a=false w=false) gas_ctrl=false phys_ctrl=false extra=0x5350494B pending_drain=0 gate_active=false l_thumb=Some(157480326) r_thumb=None [dia
2026-09-21T03:30:13.156438Z DEBUG awase::journal: key input seq=1021 elapsed_ms=157485 vk_code=29 is_down=true injected=false key_class="LeftThumb" state_before="Idle" state_after="Idle" decision="PassThrough" physical="Allow" repeat_count=1 last_timestamp_us=157480348 last_elapsed_ms=0
2026-09-21T03:30:13.156577Z  INFO awase_windows::runtime::key_pipeline: [mode-key-follow] mode key PassThrough(vk=0x1D): IME refresh scheduled (20ms)
2026-09-21T03:30:13.157885Z  INFO awase_windows::runtime::key_pipeline: [key-effect-predict] vk=0x1D status=Direct open=Some(true) mode=None
2026-09-21T03:30:13.157984Z DEBUG awase::journal: ime event seq=1022 elapsed_ms=157487 event_kind="KeyEffectPredicted"
2026-09-21T03:30:13.158054Z  INFO awase::engine::engine: Engine activated (ime=true, romaji=true, japanese=true, user=true, reason=Active)
2026-09-21T03:30:13.158230Z DEBUG execute_from_loop:execute_one{generation=None}:dispatch_ime_set_open{open=true generation=None}: awase_windows::runtime::executor: [dispatch-ime] ImmCross async: optimistic applied_snapshot=true (suppress send_engine_state_ime_key)
2026-09-21T03:30:13.160004Z DEBUG execute_from_loop:execute_one{generation=None}: awase_windows::platform: [engine-state-key] suppressed (polling/focus-triggered, enabled=true)
2026-09-21T03:30:13.160401Z DEBUG execute_one{generation=None}: awase_windows::runtime::executor: [reinject] vk=0x1d down (queued passthrough now firing)
2026-09-21T03:30:13.164742Z  INFO run_open_chain_async: awase_windows::ime_controller: [warrant-shadow] chain=async open=true origin=EventOrigin { source: SelfActuated { strategy: "engine_decision_async" }, epoch: Generation(0) } would_have_blocked=true (A-1 shadow: 書き込みは止めない。A-2 で強制する際の判断材料)
2026-09-21T03:30:13.164852Z DEBUG run_open_chain_async: awase::journal: actuation decision seq=1023 elapsed_ms=157494 site="DispatchImeSetOpen" caller="None" open=true chain_len=4 attempts_len=0 gate_profile="Standard" gate_kind="Gji" gate_shadow_known=true gate_shadow_on=false gate_input_mode="Obse
2026-09-21T03:30:13.165045Z DEBUG on_ime_apply_complete{open=true outcome=Unwarranted generation=None reason=EngineDecision}: awase::journal: ime open applied seq=1024 elapsed_ms=157494 open=true outcome="Unwarranted" reason="EngineDecision"
2026-09-21T03:30:13.170311Z DEBUG awase_windows::tsf::gji_monitor: [gji-io] WRITE: w_ops=+2 w_KB=+0.0 (r_ops=+4 x_ops=+4 x_KB=+0.0)
2026-09-21T03:30:13.206849Z DEBUG awase_windows::runtime::ime_refresh: Explicit intent: bypassing typing-idle guard for IME verify (idle=47ms)
2026-09-21T03:30:13.206902Z DEBUG awase_windows::observer::ime_observer: IME snapshot: japanese=Some(true) ime_on=Some(true) romaji=Some(true) conv=Some("0x00000019") guard=false
2026-09-21T03:30:13.206999Z DEBUG reduce: awase_windows::state::ime_model: [key-effect-fence] axis=open stale observation ignored: observed=true predicted=true age_ms=47
2026-09-21T03:30:13.207048Z DEBUG awase::journal: ime event seq=1025 elapsed_ms=157536 event_kind="ObserverReported"
2026-09-21T03:30:13.207093Z DEBUG awase::journal: ime event seq=1026 elapsed_ms=157536 event_kind="InputModeObserved"
2026-09-21T03:30:13.207152Z DEBUG awase::journal: ime event seq=1027 elapsed_ms=157536 event_kind="ModeKeyPassedThrough"
2026-09-21T03:30:13.207173Z  INFO awase_windows::runtime::ime_refresh: [mode-key-follow] observation arrived after mode key pass: intents invalidated
2026-09-21T03:30:13.268050Z DEBUG awase_windows::runtime::ime_refresh: Explicit intent: bypassing typing-idle guard for IME verify (idle=109ms)
2026-09-21T03:30:13.268093Z DEBUG awase_windows::observer::ime_observer: IME snapshot: japanese=Some(true) ime_on=Some(true) romaji=Some(true) conv=Some("0x00000019") guard=false
2026-09-21T03:30:13.268172Z DEBUG reduce: awase_windows::state::ime_model: [key-effect-confirmed] axis=open value=true
2026-09-21T03:30:13.268209Z DEBUG awase::journal: ime event seq=1028 elapsed_ms=157597 event_kind="ObserverReported"
2026-09-21T03:30:13.268245Z DEBUG awase::journal: ime event seq=1029 elapsed_ms=157597 event_kind="InputModeObserved"
2026-09-21T03:30:13.268274Z  INFO awase_windows::runtime::ime_refresh: [mode-key-follow] observation arrived after mode key pass: intents invalidated
2026-09-21T03:30:13.281245Z DEBUG awase_windows::runtime::key_pipeline: [engine-input] vk=0x1D KeyUp ts=157605600us delay=0ms state=Idle mods(c=false s=false a=false w=false) gas_ctrl=false phys_ctrl=false extra=0x5350494B pending_drain=0 gate_active=false l_thumb=None r_thumb=None [diag-ctx] ime_on
2026-09-21T03:30:13.281334Z DEBUG awase::journal: key input seq=1030 elapsed_ms=157610 vk_code=29 is_down=false injected=false key_class="LeftThumb" state_before="Idle" state_after="Idle" decision="PassThrough" physical="Allow" repeat_count=1 last_timestamp_us=157605600 last_elapsed_ms=0
2026-09-21T03:30:13.281458Z DEBUG execute_one{generation=None}: awase_windows::runtime::executor: [reinject] vk=0x1d up (queued passthrough now firing)
2026-09-21T03:30:13.328715Z DEBUG awase_windows::runtime::ime_refresh: Explicit intent: bypassing typing-idle guard for IME verify (idle=47ms)
2026-09-21T03:30:13.328773Z DEBUG awase_windows::observer::ime_observer: IME snapshot: japanese=Some(true) ime_on=Some(true) romaji=Some(true) conv=Some("0x00000019") guard=false
2026-09-21T03:30:13.328860Z DEBUG awase::journal: ime event seq=1031 elapsed_ms=157658 event_kind="ObserverReported"
2026-09-21T03:30:13.328905Z DEBUG awase::journal: ime event seq=1032 elapsed_ms=157658 event_kind="InputModeObserved"
2026-09-21T03:30:13.328936Z  INFO awase_windows::runtime::ime_refresh: [mode-key-follow] observation arrived after mode key pass: intents invalidated
2026-09-21T03:30:13.392241Z DEBUG awase_windows::runtime::ime_refresh: Explicit intent: bypassing typing-idle guard for IME verify (idle=109ms)
2026-09-21T03:30:13.392297Z DEBUG awase_windows::observer::ime_observer: IME snapshot: japanese=Some(true) ime_on=Some(true) romaji=Some(true) conv=Some("0x00000019") guard=false
2026-09-21T03:30:13.392380Z DEBUG awase::journal: ime event seq=1033 elapsed_ms=157721 event_kind="ObserverReported"
2026-09-21T03:30:13.392413Z DEBUG awase::journal: ime event seq=1034 elapsed_ms=157721 event_kind="InputModeObserved"
2026-09-21T03:30:13.392441Z  INFO awase_windows::runtime::ime_refresh: [mode-key-follow] observation arrived after mode key pass: intents invalidated
2026-09-21T03:30:13.456237Z DEBUG awase_windows::runtime::ime_refresh: Explicit intent: bypassing typing-idle guard for IME verify (idle=172ms)
2026-09-21T03:30:13.456297Z DEBUG awase_windows::observer::ime_observer: IME snapshot: japanese=Some(true) ime_on=Some(true) romaji=Some(true) conv=Some("0x00000019") guard=false
2026-09-21T03:30:13.456390Z DEBUG awase::journal: ime event seq=1035 elapsed_ms=157785 event_kind="ObserverReported"
2026-09-21T03:30:13.456428Z DEBUG awase::journal: ime event seq=1036 elapsed_ms=157785 event_kind="InputModeObserved"
2026-09-21T03:30:13.456457Z  INFO awase_windows::runtime::ime_refresh: [mode-key-follow] observation arrived after mode key pass: intents invalidated
2026-09-21T03:30:13.522200Z DEBUG awase_windows::runtime::ime_refresh: Skipping observer/SSOT write: typing active (idle=250ms)
2026-09-21T03:30:14.036483Z DEBUG awase_windows::observer::ime_observer: IME snapshot: japanese=Some(true) ime_on=Some(true) romaji=Some(true) conv=Some("0x00000019") guard=false
2026-09-21T03:30:14.036571Z DEBUG awase::journal: ime event seq=1037 elapsed_ms=158365 event_kind="ObserverReported"
2026-09-21T03:30:14.036607Z DEBUG awase::journal: ime event seq=1038 elapsed_ms=158365 event_kind="InputModeObserved"
2026-09-21T03:30:14.554177Z DEBUG awase_windows::observer::ime_observer: IME snapshot: japanese=Some(true) ime_on=Some(true) romaji=Some(true) conv=Some("0x00000019") guard=false
2026-09-21T03:30:14.554250Z DEBUG awase::journal: ime event seq=1039 elapsed_ms=158883 event_kind="ObserverReported"
2026-09-21T03:30:14.554275Z DEBUG awase::journal: ime event seq=1040 elapsed_ms=158883 event_kind="InputModeObserved"
2026-09-21T03:30:15.057221Z DEBUG awase_windows::observer::ime_observer: IME snapshot: japanese=Some(true) ime_on=Some(true) romaji=Some(true) conv=Some("0x00000019") guard=false
2026-09-21T03:30:15.057318Z DEBUG awase::journal: ime event seq=1041 elapsed_ms=159386 event_kind="ObserverReported"
2026-09-21T03:30:15.057358Z DEBUG awase::journal: ime event seq=1042 elapsed_ms=159386 event_kind="InputModeObserved"
2026-09-21T03:30:15.100832Z DEBUG awase_windows::runtime::key_pipeline: [engine-input] vk=0x0D KeyDown ts=159424995us delay=0ms state=Idle mods(c=false s=false a=false w=false) gas_ctrl=false phys_ctrl=false extra=0x5350494B pending_drain=0 gate_active=false l_thumb=None r_thumb=None [diag-ctx] ime_
2026-09-21T03:30:15.100996Z DEBUG awase::journal: key input seq=1043 elapsed_ms=159430 vk_code=13 is_down=true injected=false key_class="Passthrough" state_before="Idle" state_after="Idle" decision="PassThrough" physical="Allow" repeat_count=1 last_timestamp_us=159424995 last_elapsed_ms=0
2026-09-21T03:30:15.101145Z DEBUG execute_from_hook: awase_windows::tsf::probe: [composition] marked cold reason=PassthroughConfirmKey idle=23188ms → next VK/TSF output will send VK_DBE_HIRAGANA warmup
2026-09-21T03:30:15.101182Z DEBUG execute_from_hook: awase_windows::tsf::probe: [mark-send] last_send_ms=53426156
2026-09-21T03:30:15.101271Z DEBUG execute_from_hook: awase_windows::platform: [composition-fsm] EmitWarmup (ConfirmKeyDown)
2026-09-21T03:30:15.101310Z DEBUG execute_from_hook: awase_windows::runtime::executor: [relay-passthrough] PassThrough idle: direct OS pass-through (vk=0x0d down)
2026-09-21T03:30:15.101356Z DEBUG awase::journal: gji fsm transition seq=1044 elapsed_ms=159430 trigger="CompositionReset(gji_idle_ms=1938)" state_before="OffCold" state_after="OffCold"
2026-09-21T03:30:15.101432Z DEBUG awase_windows::runtime::executor: [reinject-guard] suspending drain for 50ms (vk=0x0d)
2026-09-21T03:30:15.162205Z DEBUG execute_one{generation=None}: awase_windows::runtime::executor: [reinject] vk=0x0d down (queued passthrough now firing)
2026-09-21T03:30:15.162289Z DEBUG execute_one{generation=None}: awase_windows::platform: [composition] reinject KeyDown vk=0x0d → marking cold + eager warmup
2026-09-21T03:30:15.162317Z DEBUG execute_one{generation=None}: awase_windows::tsf::probe: [composition] marked cold reason=ReinjectConfirmKey idle=62ms → next VK/TSF output will send VK_DBE_HIRAGANA warmup
2026-09-21T03:30:15.162347Z DEBUG execute_one{generation=None}: awase_windows::tsf::probe: [mark-send] last_send_ms=53426218
2026-09-21T03:30:15.165233Z DEBUG awase::journal: gji fsm transition seq=1045 elapsed_ms=159491 trigger="CompositionReset(gji_idle_ms=2000)" state_before="OffCold" state_after="OffCold"
2026-09-21T03:30:15.184916Z DEBUG awase_windows::tsf::gji_monitor: [gji-io] WRITE: w_ops=+1 w_KB=+0.0 (r_ops=+2 x_ops=+2 x_KB=+0.0)
2026-09-21T03:30:15.231423Z DEBUG awase_windows::runtime::key_pipeline: [engine-input] vk=0x0D KeyUp ts=159555195us delay=0ms state=Idle mods(c=false s=false a=false w=false) gas_ctrl=false phys_ctrl=false extra=0x5350494B pending_drain=0 gate_active=false l_thumb=None r_thumb=None [diag-ctx] ime_on
2026-09-21T03:30:15.231770Z DEBUG awase::journal: key input seq=1046 elapsed_ms=159560 vk_code=13 is_down=false injected=false key_class="Passthrough" state_before="Idle" state_after="Idle" decision="PassThrough" physical="Allow" repeat_count=1 last_timestamp_us=159555195 last_elapsed_ms=0
2026-09-21T03:30:15.231929Z DEBUG execute_from_hook: awase_windows::runtime::executor: [relay-passthrough] PassThrough idle: direct OS pass-through (vk=0x0d up)
2026-09-21T03:30:15.232028Z DEBUG execute_one{generation=None}: awase_windows::runtime::executor: [reinject] vk=0x0d up (queued passthrough now firing)
2026-09-21T03:30:15.559653Z DEBUG awase_windows::runtime::ime_refresh: Skipping observer/SSOT write: typing active (idle=328ms)
2026-09-21T03:30:16.063954Z DEBUG awase_windows::observer::ime_observer: IME snapshot: japanese=Some(true) ime_on=Some(true) romaji=Some(true) conv=Some("0x00000019") guard=false
2026-09-21T03:30:16.064088Z DEBUG awase::journal: ime event seq=1047 elapsed_ms=160393 event_kind="ObserverReported"
2026-09-21T03:30:16.064122Z DEBUG awase::journal: ime event seq=1048 elapsed_ms=160393 event_kind="InputModeObserved"
2026-09-21T03:30:16.562231Z DEBUG awase_windows::observer::ime_observer: IME snapshot: japanese=Some(true) ime_on=Some(true) romaji=Some(true) conv=Some("0x00000019") guard=false
2026-09-21T03:30:16.562326Z DEBUG awase::journal: ime event seq=1049 elapsed_ms=160891 event_kind="ObserverReported"
2026-09-21T03:30:16.562367Z DEBUG awase::journal: ime event seq=1050 elapsed_ms=160891 event_kind="InputModeObserved"
2026-09-21T03:30:17.041905Z DEBUG awase_windows::runtime::key_pipeline: [engine-input] vk=0x0D KeyDown ts=161366237us delay=0ms state=Idle mods(c=false s=false a=false w=false) gas_ctrl=false phys_ctrl=false extra=0x5350494B pending_drain=0 gate_active=false l_thumb=None r_thumb=None [diag-ctx] ime_
2026-09-21T03:30:17.042003Z DEBUG awase::journal: key input seq=1051 elapsed_ms=161371 vk_code=13 is_down=true injected=false key_class="Passthrough" state_before="Idle" state_after="Idle" decision="PassThrough" physical="Allow" repeat_count=1 last_timestamp_us=161366237 last_elapsed_ms=0
2026-09-21T03:30:17.042089Z DEBUG execute_from_hook: awase_windows::tsf::probe: [composition] marked cold reason=PassthroughConfirmKey idle=1875ms → next VK/TSF output will send VK_DBE_HIRAGANA warmup
2026-09-21T03:30:17.042111Z DEBUG execute_from_hook: awase_windows::tsf::probe: [mark-send] last_send_ms=53428093
2026-09-21T03:30:17.042162Z DEBUG execute_from_hook: awase_windows::platform: [composition-fsm] EmitWarmup (ConfirmKeyDown)
2026-09-21T03:30:17.042183Z DEBUG execute_from_hook: awase_windows::runtime::executor: [relay-passthrough] PassThrough idle: direct OS pass-through (vk=0x0d down)
2026-09-21T03:30:17.042209Z DEBUG awase::journal: gji fsm transition seq=1052 elapsed_ms=161371 trigger="CompositionReset(gji_idle_ms=1859)" state_before="OffCold" state_after="OffCold"
2026-09-21T03:30:17.042307Z DEBUG awase_windows::runtime::executor: [reinject-guard] suspending drain for 50ms (vk=0x0d)
2026-09-21T03:30:17.059941Z DEBUG awase_windows::runtime::ime_refresh: Skipping observer/SSOT write: typing active (idle=16ms)
2026-09-21T03:30:17.103516Z DEBUG execute_one{generation=None}: awase_windows::runtime::executor: [reinject] vk=0x0d down (queued passthrough now firing)
2026-09-21T03:30:17.103608Z DEBUG execute_one{generation=None}: awase_windows::platform: [composition] reinject KeyDown vk=0x0d → marking cold + eager warmup
2026-09-21T03:30:17.103646Z DEBUG execute_one{generation=None}: awase_windows::tsf::probe: [composition] marked cold reason=ReinjectConfirmKey idle=63ms → next VK/TSF output will send VK_DBE_HIRAGANA warmup
2026-09-21T03:30:17.103683Z DEBUG execute_one{generation=None}: awase_windows::tsf::probe: [mark-send] last_send_ms=53428156
2026-09-21T03:30:17.106742Z DEBUG awase::journal: gji fsm transition seq=1053 elapsed_ms=161433 trigger="CompositionReset(gji_idle_ms=1922)" state_before="OffCold" state_after="OffCold"
2026-09-21T03:30:17.118164Z DEBUG awase_windows::tsf::gji_monitor: [gji-io] WRITE: w_ops=+1 w_KB=+0.0 (r_ops=+2 x_ops=+2 x_KB=+0.0)
2026-09-21T03:30:17.166687Z DEBUG awase_windows::runtime::key_pipeline: [engine-input] vk=0x0D KeyUp ts=161490789us delay=0ms state=Idle mods(c=false s=false a=false w=false) gas_ctrl=false phys_ctrl=false extra=0x5350494B pending_drain=0 gate_active=false l_thumb=None r_thumb=None [diag-ctx] ime_on
2026-09-21T03:30:17.166816Z DEBUG awase::journal: key input seq=1054 elapsed_ms=161496 vk_code=13 is_down=false injected=false key_class="Passthrough" state_before="Idle" state_after="Idle" decision="PassThrough" physical="Allow" repeat_count=1 last_timestamp_us=161490789 last_elapsed_ms=0
2026-09-21T03:30:17.166945Z DEBUG execute_from_hook: awase_windows::runtime::executor: [relay-passthrough] PassThrough idle: direct OS pass-through (vk=0x0d up)
2026-09-21T03:30:17.167040Z DEBUG execute_one{generation=None}: awase_windows::runtime::executor: [reinject] vk=0x0d up (queued passthrough now firing)
2026-09-21T03:30:17.562625Z DEBUG awase_windows::runtime::ime_refresh: Skipping observer/SSOT write: typing active (idle=391ms)
2026-09-21T03:30:18.063632Z DEBUG awase_windows::observer::ime_observer: IME snapshot: japanese=Some(true) ime_on=Some(true) romaji=Some(true) conv=Some("0x00000019") guard=false
2026-09-21T03:30:18.063707Z DEBUG awase::journal: ime event seq=1055 elapsed_ms=162393 event_kind="ObserverReported"
2026-09-21T03:30:18.063733Z DEBUG awase::journal: ime event seq=1056 elapsed_ms=162393 event_kind="InputModeObserved"
2026-09-21T03:30:18.561439Z DEBUG awase_windows::observer::ime_observer: IME snapshot: japanese=Some(true) ime_on=Some(true) romaji=Some(true) conv=Some("0x00000019") guard=false
2026-09-21T03:30:18.561523Z DEBUG awase::journal: ime event seq=1057 elapsed_ms=162890 event_kind="ObserverReported"
2026-09-21T03:30:18.561558Z DEBUG awase::journal: ime event seq=1058 elapsed_ms=162890 event_kind="InputModeObserved"
2026-09-21T03:30:18.980518Z DEBUG awase_windows::runtime::key_pipeline: [engine-input] vk=0x41 KeyDown ts=163304721us delay=0ms state=Idle mods(c=false s=false a=false w=false) gas_ctrl=false phys_ctrl=false extra=0x5350494B pending_drain=0 gate_active=false l_thumb=None r_thumb=None [diag-ctx] ime_
2026-09-21T03:30:18.980698Z DEBUG awase::journal: key input seq=1059 elapsed_ms=163310 vk_code=65 is_down=true injected=false key_class="Char" state_before="Idle" state_after="PendingChar(vk=0x41)" decision="Consume" physical="Allow" repeat_count=1 last_timestamp_us=163304721 last_elapsed_ms=0
2026-09-21T03:30:19.063093Z DEBUG awase_windows::runtime::ime_refresh: Skipping observer/SSOT write: typing active (idle=78ms)
2026-09-21T03:30:19.087801Z DEBUG execute_from_loop:execute_one{generation=None}: awase_windows::output: send_keys: mode=Unicode actions=[Char('う')] prev_elapsed=1984ms
2026-09-21T03:30:19.087845Z DEBUG execute_from_loop:execute_one{generation=None}: awase_windows::tsf::probe: [mark-send] last_send_ms=53430140
2026-09-21T03:30:19.087876Z DEBUG execute_from_loop:execute_one{generation=None}: awase_windows::output:   → Char('う') via Unicode
2026-09-21T03:30:19.090622Z DEBUG execute_from_loop:execute_one{generation=None}: awase_windows::tsf::probe: [mark-send] last_send_ms=53430140
2026-09-21T03:30:19.096358Z  INFO awase_windows::tsf::win_event_obs: [gji-obs] candidate SHOW #7: last_gji_write=1969ms ago
2026-09-21T03:30:19.103219Z DEBUG awase_windows::tsf::gji_monitor: [gji-io] WRITE: w_ops=+2 w_KB=+0.3 (r_ops=+4 x_ops=+4 x_KB=+0.0)
2026-09-21T03:30:19.108807Z DEBUG awase_windows::runtime::key_pipeline: [engine-input] vk=0x41 KeyUp ts=163432899us delay=0ms state=Idle mods(c=false s=false a=false w=false) gas_ctrl=false phys_ctrl=false extra=0x5350494B pending_drain=0 gate_active=false l_thumb=None r_thumb=None [diag-ctx] ime_on
2026-09-21T03:30:19.108933Z DEBUG awase::journal: key input seq=1061 elapsed_ms=163438 vk_code=65 is_down=false injected=false key_class="Char" state_before="Idle" state_after="Idle" decision="Consume" physical="Allow" repeat_count=1 last_timestamp_us=163432899 last_elapsed_ms=0
2026-09-21T03:30:19.109104Z DEBUG execute_one{generation=None}: awase_windows::output: send_keys: mode=Unicode actions=[Suppress] prev_elapsed=16ms
2026-09-21T03:30:19.109140Z DEBUG execute_one{generation=None}: awase_windows::tsf::probe: [mark-send] last_send_ms=53430156
2026-09-21T03:30:19.109163Z DEBUG execute_one{generation=None}: awase_windows::output:   → Suppress
2026-09-21T03:30:19.109182Z DEBUG execute_one{generation=None}: awase_windows::tsf::probe: [mark-send] last_send_ms=53430156
2026-09-21T03:30:19.109242Z DEBUG execute_one{generation=None}: awase_windows::platform: [gji-fsm] StartComposition (candidate SHOW)
2026-09-21T03:30:19.109304Z  WARN execute_one{generation=None}:gji_on_event{event=StartComposition}: awase_windows::tsf::gji_fsm: [gji-fsm] StartComposition while engine off — ignored
2026-09-21T03:30:19.109543Z DEBUG awase::journal: gji fsm transition seq=1062 elapsed_ms=163438 trigger="StartComposition(candidate SHOW)" state_before="OffCold" state_after="OffCold"
2026-09-21T03:30:19.565232Z DEBUG awase_windows::runtime::ime_refresh: Skipping observer/SSOT write: typing active (idle=453ms)
2026-09-21T03:30:20.065648Z DEBUG awase_windows::observer::ime_observer: IME snapshot: japanese=Some(true) ime_on=Some(true) romaji=Some(true) conv=Some("0x00000019") guard=false
2026-09-21T03:30:20.065733Z DEBUG awase::journal: ime event seq=1063 elapsed_ms=164395 event_kind="ObserverReported"
2026-09-21T03:30:20.065769Z DEBUG awase::journal: ime event seq=1064 elapsed_ms=164395 event_kind="InputModeObserved"
2026-09-21T03:30:20.569405Z DEBUG awase_windows::observer::ime_observer: IME snapshot: japanese=Some(true) ime_on=Some(true) romaji=Some(true) conv=Some("0x00000019") guard=false
2026-09-21T03:30:20.569514Z DEBUG awase::journal: ime event seq=1065 elapsed_ms=164898 event_kind="ObserverReported"
2026-09-21T03:30:20.569578Z DEBUG awase::journal: ime event seq=1066 elapsed_ms=164898 event_kind="InputModeObserved"
2026-09-21T03:30:20.921518Z DEBUG awase_windows::runtime::key_pipeline: [engine-input] vk=0x1D KeyDown ts=165245802us delay=0ms state=Idle mods(c=false s=false a=false w=false) gas_ctrl=false phys_ctrl=false extra=0x5350494B pending_drain=0 gate_active=false l_thumb=Some(165245790) r_thumb=None [dia
2026-09-21T03:30:20.921649Z DEBUG awase::journal: key input seq=1067 elapsed_ms=165251 vk_code=29 is_down=true injected=false key_class="LeftThumb" state_before="Idle" state_after="PendingThumb(vk=0x1D,left=true)" decision="Consume" physical="Allow" repeat_count=1 last_timestamp_us=165245802 last_el
2026-09-21T03:30:21.046399Z DEBUG awase_windows::runtime::key_pipeline: [engine-input] vk=0x1D KeyUp ts=165370253us delay=0ms state=Idle mods(c=false s=false a=false w=false) gas_ctrl=false phys_ctrl=false extra=0x5350494B pending_drain=0 gate_active=false l_thumb=None r_thumb=None [diag-ctx] ime_on
2026-09-21T03:30:21.046617Z DEBUG awase::journal: key input seq=1069 elapsed_ms=165376 vk_code=29 is_down=false injected=false key_class="LeftThumb" state_before="Idle" state_after="Idle" decision="Consume" physical="Allow" repeat_count=1 last_timestamp_us=165370253 last_elapsed_ms=0
2026-09-21T03:30:21.080606Z DEBUG awase_windows::runtime::ime_refresh: Skipping observer/SSOT write: typing active (idle=32ms)
2026-09-21T03:30:21.581573Z DEBUG awase_windows::observer::ime_observer: IME snapshot: japanese=Some(true) ime_on=Some(true) romaji=Some(true) conv=Some("0x00000019") guard=false
2026-09-21T03:30:21.581652Z DEBUG awase::journal: ime event seq=1070 elapsed_ms=165911 event_kind="ObserverReported"
2026-09-21T03:30:21.581677Z DEBUG awase::journal: ime event seq=1071 elapsed_ms=165911 event_kind="InputModeObserved"
2026-09-21T03:30:22.078163Z DEBUG awase_windows::observer::ime_observer: IME snapshot: japanese=Some(true) ime_on=Some(true) romaji=Some(true) conv=Some("0x00000019") guard=false
2026-09-21T03:30:22.078256Z DEBUG awase::journal: ime event seq=1072 elapsed_ms=166407 event_kind="ObserverReported"
2026-09-21T03:30:22.078295Z DEBUG awase::journal: ime event seq=1073 elapsed_ms=166407 event_kind="InputModeObserved"
2026-09-21T03:30:22.581747Z DEBUG awase_windows::observer::ime_observer: IME snapshot: japanese=Some(true) ime_on=Some(true) romaji=Some(true) conv=Some("0x00000019") guard=false
2026-09-21T03:30:22.581826Z DEBUG awase::journal: ime event seq=1074 elapsed_ms=166911 event_kind="ObserverReported"
2026-09-21T03:30:22.581855Z DEBUG awase::journal: ime event seq=1075 elapsed_ms=166911 event_kind="InputModeObserved"
2026-09-21T03:30:22.857309Z DEBUG awase_windows::hook: [hook] IME-mode vk=0xF2 down self_injected=false injected=false scan=0x70 extra=0x5350494B since_actuation_us=Some(155765032)
2026-09-21T03:30:22.857452Z DEBUG awase::journal: hook ime-mode diagnostic seq=1076 elapsed_ms=167186 vk_code=242 is_down=true self_injected=false injected=false scan=112
2026-09-21T03:30:22.857641Z DEBUG awase_windows::runtime::key_pipeline: [engine-input] vk=0xF2 KeyDown ts=167181912us delay=0ms state=Idle mods(c=false s=false a=false w=false) gas_ctrl=false phys_ctrl=false extra=0x5350494B pending_drain=0 gate_active=false l_thumb=None r_thumb=None [diag-ctx] ime_
2026-09-21T03:30:22.857727Z DEBUG awase::journal: key input seq=1077 elapsed_ms=167187 vk_code=242 is_down=true injected=false key_class="Passthrough" state_before="Idle" state_after="Idle" decision="PassThrough" physical="Allow" repeat_count=1 last_timestamp_us=167181912 last_elapsed_ms=0
2026-09-21T03:30:22.857793Z DEBUG awase_windows::runtime::key_pipeline: may_change_ime key passed through → IME refresh scheduled (20ms)
2026-09-21T03:30:22.857832Z  INFO awase_windows::runtime::key_pipeline: [mode-key-follow] mode key PassThrough(vk=0xF2): IME refresh scheduled (20ms)
2026-09-21T03:30:22.858517Z  INFO awase_windows::runtime::key_pipeline: [key-effect-predict] vk=0xF2 status=Pre open=None mode=Some(ObservedEisu)
2026-09-21T03:30:22.858571Z DEBUG awase::journal: ime event seq=1078 elapsed_ms=167188 event_kind="KeyEffectPredicted"
2026-09-21T03:30:22.858633Z DEBUG awase::engine::engine: [diag-engine-active] ime_on=true なのに非活性: reason=Inactive(NotRomajiInput) romaji_capable=false japanese=true user_enabled=true was_active=true input_mode=ObservedEisu
2026-09-21T03:30:22.858708Z  INFO awase::engine::engine: Engine deactivated (ime=true, romaji=false, japanese=true, user=true, reason=Inactive(NotRomajiInput))
2026-09-21T03:30:22.860060Z DEBUG awase_windows::tsf::probe: [composition] marked cold reason=F2NonTsf idle=3750ms → next VK/TSF output will send VK_DBE_HIRAGANA warmup
2026-09-21T03:30:22.860178Z DEBUG execute_from_hook: awase_windows::runtime::executor: [relay-passthrough] PassThrough idle: direct OS pass-through (vk=0xf2 down)
2026-09-21T03:30:22.860206Z DEBUG awase::journal: gji fsm transition seq=1079 elapsed_ms=167189 trigger="CompositionReset(gji_idle_ms=3750)" state_before="OffCold" state_after="OffCold"
2026-09-21T03:30:22.860276Z DEBUG execute_one{generation=None}: awase_windows::runtime::executor: [reinject] vk=0xf2 down (queued passthrough now firing)
2026-09-21T03:30:22.860402Z DEBUG awase_windows::hook: [hook] IME-mode vk=0xF2 down self_injected=true injected=true scan=0x0 extra=0x4B45594D since_actuation_us=Some(155768141)
2026-09-21T03:30:22.861767Z DEBUG awase::journal: hook ime-mode diagnostic seq=1080 elapsed_ms=167191 vk_code=242 is_down=true self_injected=true injected=true scan=0
2026-09-21T03:30:22.872835Z DEBUG awase_windows::tsf::gji_monitor: [gji-io] WRITE: w_ops=+2 w_KB=+0.5 (r_ops=+4 x_ops=+4 x_KB=+0.0)
2026-09-21T03:30:22.890972Z DEBUG awase_windows::runtime::ime_refresh: Explicit intent: bypassing typing-idle guard for IME verify (idle=31ms)
2026-09-21T03:30:22.891033Z DEBUG awase_windows::observer::ime_observer: IME snapshot: japanese=Some(true) ime_on=Some(true) romaji=None conv=Some("0x00000010") guard=false
2026-09-21T03:30:22.891127Z DEBUG awase::journal: ime event seq=1081 elapsed_ms=167220 event_kind="ObserverReported"
2026-09-21T03:30:22.891185Z DEBUG awase::journal: ime event seq=1082 elapsed_ms=167220 event_kind="ModeKeyPassedThrough"
2026-09-21T03:30:22.891203Z  INFO awase_windows::runtime::ime_refresh: [mode-key-follow] observation arrived after mode key pass: intents invalidated
2026-09-21T03:30:22.891276Z DEBUG awase::engine::engine: [diag-engine-active] ime_on=true なのに非活性: reason=Inactive(NotRomajiInput) romaji_capable=false japanese=true user_enabled=true was_active=false input_mode=ObservedEisu
2026-09-21T03:30:22.952347Z DEBUG awase_windows::runtime::ime_refresh: Explicit intent: bypassing typing-idle guard for IME verify (idle=94ms)
2026-09-21T03:30:22.952408Z DEBUG awase_windows::observer::ime_observer: IME snapshot: japanese=Some(true) ime_on=Some(true) romaji=None conv=Some("0x00000010") guard=false
2026-09-21T03:30:22.952501Z DEBUG awase::journal: ime event seq=1083 elapsed_ms=167281 event_kind="ObserverReported"
2026-09-21T03:30:22.952537Z  INFO awase_windows::runtime::ime_refresh: [mode-key-follow] observation arrived after mode key pass: intents invalidated
2026-09-21T03:30:22.952607Z DEBUG awase::engine::engine: [diag-engine-active] ime_on=true なのに非活性: reason=Inactive(NotRomajiInput) romaji_capable=false japanese=true user_enabled=true was_active=false input_mode=ObservedEisu
2026-09-21T03:30:23.018111Z DEBUG awase_windows::runtime::ime_refresh: Explicit intent: bypassing typing-idle guard for IME verify (idle=156ms)
2026-09-21T03:30:23.018180Z DEBUG awase_windows::observer::ime_observer: IME snapshot: japanese=Some(true) ime_on=Some(true) romaji=None conv=Some("0x00000010") guard=false
2026-09-21T03:30:23.018463Z DEBUG awase::journal: ime event seq=1084 elapsed_ms=167347 event_kind="ObserverReported"
2026-09-21T03:30:23.018511Z  INFO awase_windows::runtime::ime_refresh: [mode-key-follow] observation arrived after mode key pass: intents invalidated
2026-09-21T03:30:23.018598Z DEBUG awase::engine::engine: [diag-engine-active] ime_on=true なのに非活性: reason=Inactive(NotRomajiInput) romaji_capable=false japanese=true user_enabled=true was_active=false input_mode=ObservedEisu
2026-09-21T03:30:23.077858Z DEBUG awase_windows::runtime::ime_refresh: Explicit intent: bypassing typing-idle guard for IME verify (idle=219ms)
2026-09-21T03:30:23.077910Z DEBUG awase_windows::observer::ime_observer: IME snapshot: japanese=Some(true) ime_on=Some(true) romaji=None conv=Some("0x00000010") guard=false
2026-09-21T03:30:23.077975Z DEBUG awase::journal: ime event seq=1085 elapsed_ms=167407 event_kind="ObserverReported"
2026-09-21T03:30:23.077999Z  INFO awase_windows::runtime::ime_refresh: [mode-key-follow] observation arrived after mode key pass: intents invalidated
2026-09-21T03:30:23.078049Z DEBUG awase::engine::engine: [diag-engine-active] ime_on=true なのに非活性: reason=Inactive(NotRomajiInput) romaji_capable=false japanese=true user_enabled=true was_active=false input_mode=ObservedEisu
2026-09-21T03:30:23.140001Z DEBUG awase_windows::runtime::ime_refresh: Explicit intent: bypassing typing-idle guard for IME verify (idle=281ms)
2026-09-21T03:30:23.140071Z DEBUG awase_windows::observer::ime_observer: IME snapshot: japanese=Some(true) ime_on=Some(true) romaji=None conv=Some("0x00000010") guard=false
2026-09-21T03:30:23.140181Z DEBUG awase::journal: ime event seq=1086 elapsed_ms=167469 event_kind="ObserverReported"
2026-09-21T03:30:23.140223Z  INFO awase_windows::runtime::ime_refresh: [mode-key-follow] observation arrived after mode key pass: intents invalidated
2026-09-21T03:30:23.140306Z DEBUG awase::engine::engine: [diag-engine-active] ime_on=true なのに非活性: reason=Inactive(NotRomajiInput) romaji_capable=false japanese=true user_enabled=true was_active=false input_mode=ObservedEisu
2026-09-21T03:30:23.202347Z DEBUG awase_windows::runtime::ime_refresh: Skipping observer/SSOT write: typing active (idle=344ms)
2026-09-21T03:30:23.202415Z DEBUG awase::engine::engine: [diag-engine-active] ime_on=true なのに非活性: reason=Inactive(NotRomajiInput) romaji_capable=false japanese=true user_enabled=true was_active=false input_mode=ObservedEisu
2026-09-21T03:30:23.705041Z DEBUG awase_windows::observer::ime_observer: IME snapshot: japanese=Some(true) ime_on=Some(true) romaji=None conv=Some("0x00000010") guard=false
2026-09-21T03:30:23.705133Z DEBUG awase::journal: ime event seq=1087 elapsed_ms=168034 event_kind="ObserverReported"
2026-09-21T03:30:23.705204Z DEBUG awase::engine::engine: [diag-engine-active] ime_on=true なのに非活性: reason=Inactive(NotRomajiInput) romaji_capable=false japanese=true user_enabled=true was_active=false input_mode=ObservedEisu
2026-09-21T03:30:24.207070Z DEBUG awase_windows::observer::ime_observer: IME snapshot: japanese=Some(true) ime_on=Some(true) romaji=None conv=Some("0x00000010") guard=false
2026-09-21T03:30:24.207172Z DEBUG awase::journal: ime event seq=1088 elapsed_ms=168536 event_kind="ObserverReported"
2026-09-21T03:30:24.207254Z DEBUG awase::engine::engine: [diag-engine-active] ime_on=true なのに非活性: reason=Inactive(NotRomajiInput) romaji_capable=false japanese=true user_enabled=true was_active=false input_mode=ObservedEisu
2026-09-21T03:30:24.710714Z DEBUG awase_windows::observer::ime_observer: IME snapshot: japanese=Some(true) ime_on=Some(true) romaji=None conv=Some("0x00000010") guard=false
2026-09-21T03:30:24.710822Z DEBUG awase::journal: ime event seq=1089 elapsed_ms=169040 event_kind="ObserverReported"
2026-09-21T03:30:24.710892Z DEBUG awase::engine::engine: [diag-engine-active] ime_on=true なのに非活性: reason=Inactive(NotRomajiInput) romaji_capable=false japanese=true user_enabled=true was_active=false input_mode=ObservedEisu
2026-09-21T03:30:24.802945Z DEBUG awase_windows::runtime::key_pipeline: [engine-input] vk=0x1C KeyDown ts=169126794us delay=0ms state=Idle mods(c=false s=false a=false w=false) gas_ctrl=false phys_ctrl=false extra=0x5350494B pending_drain=0 gate_active=false l_thumb=None r_thumb=Some(169126771) [dia
2026-09-21T03:30:24.803042Z DEBUG awase::engine::engine: [diag-engine-active] ime_on=true なのに非活性: reason=Inactive(NotRomajiInput) romaji_capable=false japanese=true user_enabled=true was_active=false input_mode=ObservedEisu
2026-09-21T03:30:24.803170Z DEBUG awase::journal: key input seq=1090 elapsed_ms=169132 vk_code=28 is_down=true injected=false key_class="RightThumb" state_before="Idle" state_after="Idle" decision="PassThrough" physical="Allow" repeat_count=1 last_timestamp_us=169126794 last_elapsed_ms=0
2026-09-21T03:30:24.803362Z  INFO awase_windows::runtime::key_pipeline: [mode-key-follow] mode key PassThrough(vk=0x1C): IME refresh scheduled (20ms)
2026-09-21T03:30:24.804336Z DEBUG awase_windows::runtime::key_pipeline: [key-effect-predict] vk=0x1C status=Pre: no prediction
2026-09-21T03:30:24.804616Z DEBUG execute_one{generation=None}: awase_windows::runtime::executor: [reinject] vk=0x1c down (queued passthrough now firing)
2026-09-21T03:30:24.812484Z  INFO awase_windows::tsf::win_event_obs: [gji-obs] candidate HIDE: last_gji_write=1938ms ago
2026-09-21T03:30:24.815415Z DEBUG awase_windows::tsf::gji_monitor: [gji-io] WRITE: w_ops=+2 w_KB=+2.3 (r_ops=+4 x_ops=+4 x_KB=+0.0)
2026-09-21T03:30:24.852266Z DEBUG awase_windows::runtime::ime_refresh: Explicit intent: bypassing typing-idle guard for IME verify (idle=47ms)
2026-09-21T03:30:24.852439Z DEBUG awase_windows::observer::ime_observer: IME snapshot: japanese=Some(true) ime_on=Some(true) romaji=None conv=Some("0x00000010") guard=false
2026-09-21T03:30:24.852578Z DEBUG awase::journal: ime event seq=1091 elapsed_ms=169182 event_kind="ObserverReported"
2026-09-21T03:30:24.852664Z DEBUG awase::journal: ime event seq=1092 elapsed_ms=169182 event_kind="ModeKeyPassedThrough"
2026-09-21T03:30:24.852687Z  INFO awase_windows::runtime::ime_refresh: [mode-key-follow] observation arrived after mode key pass: intents invalidated
2026-09-21T03:30:24.853037Z DEBUG awase::engine::engine: [diag-engine-active] ime_on=true なのに非活性: reason=Inactive(NotRomajiInput) romaji_capable=false japanese=true user_enabled=true was_active=false input_mode=ObservedEisu
2026-09-21T03:30:24.924434Z DEBUG awase_windows::runtime::key_pipeline: [engine-input] vk=0x1C KeyUp ts=169248585us delay=0ms state=Idle mods(c=false s=false a=false w=false) gas_ctrl=false phys_ctrl=false extra=0x5350494B pending_drain=0 gate_active=false l_thumb=None r_thumb=None [diag-ctx] ime_on
2026-09-21T03:30:24.924508Z DEBUG awase::engine::engine: [diag-engine-active] ime_on=true なのに非活性: reason=Inactive(NotRomajiInput) romaji_capable=false japanese=true user_enabled=true was_active=false input_mode=ObservedEisu
2026-09-21T03:30:24.924626Z DEBUG awase::journal: key input seq=1093 elapsed_ms=169254 vk_code=28 is_down=false injected=false key_class="RightThumb" state_before="Idle" state_after="Idle" decision="PassThrough" physical="Allow" repeat_count=1 last_timestamp_us=169248585 last_elapsed_ms=0
2026-09-21T03:30:24.924873Z DEBUG execute_one{generation=None}: awase_windows::runtime::executor: [reinject] vk=0x1c up (queued passthrough now firing)
2026-09-21T03:30:24.931396Z DEBUG awase_windows::runtime::ime_refresh: Explicit intent: bypassing typing-idle guard for IME verify (idle=16ms)
2026-09-21T03:30:24.931464Z DEBUG awase_windows::observer::ime_observer: IME snapshot: japanese=Some(true) ime_on=Some(true) romaji=None conv=Some("0x00000010") guard=false
2026-09-21T03:30:24.931572Z DEBUG awase::journal: ime event seq=1094 elapsed_ms=169261 event_kind="ObserverReported"
2026-09-21T03:30:24.931612Z  INFO awase_windows::runtime::ime_refresh: [mode-key-follow] observation arrived after mode key pass: intents invalidated
2026-09-21T03:30:24.931697Z DEBUG awase::engine::engine: [diag-engine-active] ime_on=true なのに非活性: reason=Inactive(NotRomajiInput) romaji_capable=false japanese=true user_enabled=true was_active=false input_mode=ObservedEisu
2026-09-21T03:30:25.004267Z DEBUG awase_windows::runtime::ime_refresh: Explicit intent: bypassing typing-idle guard for IME verify (idle=78ms)
2026-09-21T03:30:25.004330Z DEBUG awase_windows::observer::ime_observer: IME snapshot: japanese=Some(true) ime_on=Some(true) romaji=None conv=Some("0x00000010") guard=false
2026-09-21T03:30:25.004423Z DEBUG awase::journal: ime event seq=1095 elapsed_ms=169333 event_kind="ObserverReported"
2026-09-21T03:30:25.004459Z  INFO awase_windows::runtime::ime_refresh: [mode-key-follow] observation arrived after mode key pass: intents invalidated
2026-09-21T03:30:25.004530Z DEBUG awase::engine::engine: [diag-engine-active] ime_on=true なのに非活性: reason=Inactive(NotRomajiInput) romaji_capable=false japanese=true user_enabled=true was_active=false input_mode=ObservedEisu
2026-09-21T03:30:25.067656Z DEBUG awase_windows::runtime::ime_refresh: Explicit intent: bypassing typing-idle guard for IME verify (idle=157ms)
2026-09-21T03:30:25.067716Z DEBUG awase_windows::observer::ime_observer: IME snapshot: japanese=Some(true) ime_on=Some(true) romaji=None conv=Some("0x00000010") guard=false
2026-09-21T03:30:25.067810Z DEBUG awase::journal: ime event seq=1096 elapsed_ms=169397 event_kind="ObserverReported"
2026-09-21T03:30:25.067857Z  INFO awase_windows::runtime::ime_refresh: [mode-key-follow] observation arrived after mode key pass: intents invalidated
2026-09-21T03:30:25.067943Z DEBUG awase::engine::engine: [diag-engine-active] ime_on=true なのに非活性: reason=Inactive(NotRomajiInput) romaji_capable=false japanese=true user_enabled=true was_active=false input_mode=ObservedEisu
2026-09-21T03:30:25.146422Z DEBUG awase_windows::runtime::ime_refresh: Skipping observer/SSOT write: typing active (idle=235ms)
2026-09-21T03:30:25.146494Z DEBUG awase::engine::engine: [diag-engine-active] ime_on=true なのに非活性: reason=Inactive(NotRomajiInput) romaji_capable=false japanese=true user_enabled=true was_active=false input_mode=ObservedEisu
2026-09-21T03:30:25.651952Z DEBUG awase_windows::observer::ime_observer: IME snapshot: japanese=Some(true) ime_on=Some(true) romaji=None conv=Some("0x00000010") guard=false
2026-09-21T03:30:25.652030Z DEBUG awase::journal: ime event seq=1097 elapsed_ms=169981 event_kind="ObserverReported"
2026-09-21T03:30:25.652100Z DEBUG awase::engine::engine: [diag-engine-active] ime_on=true なのに非活性: reason=Inactive(NotRomajiInput) romaji_capable=false japanese=true user_enabled=true was_active=false input_mode=ObservedEisu
2026-09-21T03:30:26.153571Z DEBUG awase_windows::observer::ime_observer: IME snapshot: japanese=Some(true) ime_on=Some(true) romaji=None conv=Some("0x00000010") guard=false
2026-09-21T03:30:26.153654Z DEBUG awase::journal: ime event seq=1098 elapsed_ms=170483 event_kind="ObserverReported"
2026-09-21T03:30:26.153719Z DEBUG awase::engine::engine: [diag-engine-active] ime_on=true なのに非活性: reason=Inactive(NotRomajiInput) romaji_capable=false japanese=true user_enabled=true was_active=false input_mode=ObservedEisu
2026-09-21T03:30:26.657163Z DEBUG awase_windows::observer::ime_observer: IME snapshot: japanese=Some(true) ime_on=Some(true) romaji=None conv=Some("0x00000010") guard=false
2026-09-21T03:30:26.657275Z DEBUG awase::journal: ime event seq=1099 elapsed_ms=170986 event_kind="ObserverReported"
2026-09-21T03:30:26.657363Z DEBUG awase::engine::engine: [diag-engine-active] ime_on=true なのに非活性: reason=Inactive(NotRomajiInput) romaji_capable=false japanese=true user_enabled=true was_active=false input_mode=ObservedEisu
2026-09-21T03:30:26.729029Z DEBUG awase_windows::runtime::key_pipeline: [engine-input] vk=0x0D KeyDown ts=171053176us delay=0ms state=Idle mods(c=false s=false a=false w=false) gas_ctrl=false phys_ctrl=false extra=0x5350494B pending_drain=0 gate_active=false l_thumb=None r_thumb=None [diag-ctx] ime_
2026-09-21T03:30:26.729178Z DEBUG awase::engine::engine: [diag-engine-active] ime_on=true なのに非活性: reason=Inactive(NotRomajiInput) romaji_capable=false japanese=true user_enabled=true was_active=false input_mode=ObservedEisu
2026-09-21T03:30:26.729286Z DEBUG awase::journal: key input seq=1100 elapsed_ms=171058 vk_code=13 is_down=true injected=false key_class="Passthrough" state_before="Idle" state_after="Idle" decision="PassThrough" physical="Allow" repeat_count=1 last_timestamp_us=171053176 last_elapsed_ms=0
2026-09-21T03:30:26.729422Z DEBUG execute_from_hook: awase_windows::tsf::probe: [composition] marked cold reason=PassthroughConfirmKey idle=7625ms → next VK/TSF output will send VK_DBE_HIRAGANA warmup
2026-09-21T03:30:26.729453Z DEBUG execute_from_hook: awase_windows::tsf::probe: [mark-send] last_send_ms=53437781
2026-09-21T03:30:26.729527Z DEBUG execute_from_hook: awase_windows::platform: [composition-fsm] EmitWarmup (ConfirmKeyDown)
2026-09-21T03:30:26.729554Z DEBUG execute_from_hook: awase_windows::runtime::executor: [relay-passthrough] PassThrough idle: direct OS pass-through (vk=0x0d down)
2026-09-21T03:30:26.729590Z DEBUG awase::journal: gji fsm transition seq=1101 elapsed_ms=171059 trigger="CompositionReset(gji_idle_ms=1922)" state_before="OffCold" state_after="OffCold"
2026-09-21T03:30:26.729734Z DEBUG awase_windows::runtime::executor: [reinject-guard] suspending drain for 50ms (vk=0x0d)
2026-09-21T03:30:26.790576Z DEBUG execute_one{generation=None}: awase_windows::runtime::executor: [reinject] vk=0x0d down (queued passthrough now firing)
2026-09-21T03:30:26.790639Z DEBUG execute_one{generation=None}: awase_windows::platform: [composition] reinject KeyDown vk=0x0d → marking cold + eager warmup
2026-09-21T03:30:26.790698Z DEBUG execute_one{generation=None}: awase_windows::tsf::probe: [composition] marked cold reason=ReinjectConfirmKey idle=62ms → next VK/TSF output will send VK_DBE_HIRAGANA warmup
2026-09-21T03:30:26.790728Z DEBUG execute_one{generation=None}: awase_windows::tsf::probe: [mark-send] last_send_ms=53437843
2026-09-21T03:30:26.792514Z DEBUG awase::journal: gji fsm transition seq=1102 elapsed_ms=171120 trigger="CompositionReset(gji_idle_ms=1984)" state_before="OffCold" state_after="OffCold"
2026-09-21T03:30:26.805727Z DEBUG awase_windows::tsf::gji_monitor: [gji-io] WRITE: w_ops=+2 w_KB=+2.1 (r_ops=+4 x_ops=+4 x_KB=+0.0)
2026-09-21T03:30:26.859684Z DEBUG awase_windows::runtime::key_pipeline: [engine-input] vk=0x0D KeyUp ts=171183773us delay=0ms state=Idle mods(c=false s=false a=false w=false) gas_ctrl=false phys_ctrl=false extra=0x5350494B pending_drain=0 gate_active=false l_thumb=None r_thumb=None [diag-ctx] ime_on
2026-09-21T03:30:26.859766Z DEBUG awase::engine::engine: [diag-engine-active] ime_on=true なのに非活性: reason=Inactive(NotRomajiInput) romaji_capable=false japanese=true user_enabled=true was_active=false input_mode=ObservedEisu
2026-09-21T03:30:26.859855Z DEBUG awase::journal: key input seq=1103 elapsed_ms=171189 vk_code=13 is_down=false injected=false key_class="Passthrough" state_before="Idle" state_after="Idle" decision="PassThrough" physical="Allow" repeat_count=1 last_timestamp_us=171183773 last_elapsed_ms=0
2026-09-21T03:30:26.859974Z DEBUG execute_from_hook: awase_windows::runtime::executor: [relay-passthrough] PassThrough idle: direct OS pass-through (vk=0x0d up)
2026-09-21T03:30:26.860064Z DEBUG execute_one{generation=None}: awase_windows::runtime::executor: [reinject] vk=0x0d up (queued passthrough now firing)
2026-09-21T03:30:27.152381Z DEBUG awase_windows::runtime::ime_refresh: Skipping observer/SSOT write: typing active (idle=297ms)
2026-09-21T03:30:27.152458Z DEBUG awase::engine::engine: [diag-engine-active] ime_on=true なのに非活性: reason=Inactive(NotRomajiInput) romaji_capable=false japanese=true user_enabled=true was_active=false input_mode=ObservedEisu
2026-09-21T03:30:27.657355Z DEBUG awase_windows::observer::ime_observer: IME snapshot: japanese=Some(true) ime_on=Some(true) romaji=None conv=Some("0x00000010") guard=false
2026-09-21T03:30:27.657482Z DEBUG awase::journal: ime event seq=1104 elapsed_ms=171987 event_kind="ObserverReported"
2026-09-21T03:30:27.657549Z DEBUG awase::engine::engine: [diag-engine-active] ime_on=true なのに非活性: reason=Inactive(NotRomajiInput) romaji_capable=false japanese=true user_enabled=true was_active=false input_mode=ObservedEisu
2026-09-21T03:30:28.155046Z DEBUG awase_windows::observer::ime_observer: IME snapshot: japanese=Some(true) ime_on=Some(true) romaji=None conv=Some("0x00000010") guard=false
2026-09-21T03:30:28.155132Z DEBUG awase::journal: ime event seq=1105 elapsed_ms=172484 event_kind="ObserverReported"
2026-09-21T03:30:28.155212Z DEBUG awase::engine::engine: [diag-engine-active] ime_on=true なのに非活性: reason=Inactive(NotRomajiInput) romaji_capable=false japanese=true user_enabled=true was_active=false input_mode=ObservedEisu
2026-09-21T03:30:28.651809Z DEBUG awase_windows::observer::ime_observer: IME snapshot: japanese=Some(true) ime_on=Some(true) romaji=None conv=Some("0x00000010") guard=false
2026-09-21T03:30:28.651894Z DEBUG awase::journal: ime event seq=1106 elapsed_ms=172981 event_kind="ObserverReported"
2026-09-21T03:30:28.651962Z DEBUG awase::engine::engine: [diag-engine-active] ime_on=true なのに非活性: reason=Inactive(NotRomajiInput) romaji_capable=false japanese=true user_enabled=true was_active=false input_mode=ObservedEisu
2026-09-21T03:30:28.665032Z DEBUG awase_windows::hook: [hook] IME-mode vk=0xF0 up self_injected=false injected=false scan=0x70 extra=0x5350494B since_actuation_us=Some(161572766)
2026-09-21T03:30:28.665151Z DEBUG awase::journal: hook ime-mode diagnostic seq=1107 elapsed_ms=172994 vk_code=240 is_down=false self_injected=false injected=false scan=112
2026-09-21T03:30:28.665261Z DEBUG awase_windows::hook: [hook] IME-mode vk=0xF2 down self_injected=false injected=false scan=0x70 extra=0x5350494B since_actuation_us=Some(161573001)
2026-09-21T03:30:28.665339Z DEBUG awase_windows::runtime::key_pipeline: [engine-input] vk=0xF0 KeyUp ts=172989623us delay=0ms state=Idle mods(c=false s=false a=false w=false) gas_ctrl=false phys_ctrl=false extra=0x5350494B pending_drain=0 gate_active=false l_thumb=None r_thumb=None [diag-ctx] ime_on
2026-09-21T03:30:28.665373Z DEBUG awase::engine::engine: [diag-engine-active] ime_on=true なのに非活性: reason=Inactive(NotRomajiInput) romaji_capable=false japanese=true user_enabled=true was_active=false input_mode=ObservedEisu
2026-09-21T03:30:28.665435Z DEBUG awase::journal: key input seq=1108 elapsed_ms=172995 vk_code=240 is_down=false injected=false key_class="Passthrough" state_before="Idle" state_after="Idle" decision="PassThrough" physical="Allow" repeat_count=1 last_timestamp_us=172989623 last_elapsed_ms=0
2026-09-21T03:30:28.665519Z DEBUG execute_from_hook: awase_windows::runtime::executor: [relay-passthrough] PassThrough idle: direct OS pass-through (vk=0xf0 up)
2026-09-21T03:30:28.665573Z DEBUG awase::journal: hook ime-mode diagnostic seq=1109 elapsed_ms=172995 vk_code=242 is_down=true self_injected=false injected=false scan=112
2026-09-21T03:30:28.665651Z DEBUG awase_windows::runtime::key_pipeline: [engine-input] vk=0xF2 KeyDown ts=172989826us delay=0ms state=Idle mods(c=false s=false a=false w=false) gas_ctrl=false phys_ctrl=false extra=0x5350494B pending_drain=0 gate_active=false l_thumb=None r_thumb=None [diag-ctx] ime_
2026-09-21T03:30:28.665751Z DEBUG awase::engine::engine: [diag-engine-active] ime_on=true なのに非活性: reason=Inactive(NotRomajiInput) romaji_capable=false japanese=true user_enabled=true was_active=false input_mode=ObservedEisu
2026-09-21T03:30:28.665840Z DEBUG awase::journal: key input seq=1110 elapsed_ms=172995 vk_code=242 is_down=true injected=false key_class="Passthrough" state_before="Idle" state_after="Idle" decision="PassThrough" physical="Allow" repeat_count=1 last_timestamp_us=172989826 last_elapsed_ms=0
2026-09-21T03:30:28.665901Z DEBUG awase_windows::runtime::key_pipeline: may_change_ime key passed through → IME refresh scheduled (20ms)
2026-09-21T03:30:28.665939Z  INFO awase_windows::runtime::key_pipeline: [mode-key-follow] mode key PassThrough(vk=0xF2): IME refresh scheduled (20ms)
2026-09-21T03:30:28.666579Z  INFO awase_windows::runtime::key_pipeline: [key-effect-predict] vk=0xF2 status=Pre open=None mode=Some(AssumedRomaji { reason: KeyEffectPrediction })
2026-09-21T03:30:28.666641Z DEBUG awase::journal: ime event seq=1111 elapsed_ms=172996 event_kind="KeyEffectPredicted"
2026-09-21T03:30:28.666690Z  INFO awase::engine::engine: Engine activated (ime=true, romaji=true, japanese=true, user=true, reason=Active)
2026-09-21T03:30:28.666808Z DEBUG execute_from_loop:execute_one{generation=None}:dispatch_ime_set_open{open=true generation=None}: awase_windows::runtime::executor: [dispatch-ime] ImmCross async: optimistic applied_snapshot=true (suppress send_engine_state_ime_key)
2026-09-21T03:30:28.668025Z DEBUG execute_from_loop:execute_one{generation=None}: awase_windows::platform: [engine-state-key] suppressed (polling/focus-triggered, enabled=true)
2026-09-21T03:30:28.668129Z DEBUG awase_windows::tsf::probe: [composition] marked cold reason=F2NonTsf idle=1875ms → next VK/TSF output will send VK_DBE_HIRAGANA warmup
2026-09-21T03:30:28.668229Z DEBUG execute_from_hook: awase_windows::runtime::transport: [relay-defer] PassThrough deferred: pending effects, reinject(vk=0xf2 down)
2026-09-21T03:30:28.668276Z DEBUG awase::journal: gji fsm transition seq=1112 elapsed_ms=172997 trigger="CompositionReset(gji_idle_ms=1859)" state_before="OffCold" state_after="OffCold"
2026-09-21T03:30:28.668337Z DEBUG execute_one{generation=None}: awase_windows::runtime::executor: [reinject] vk=0xf0 up (queued passthrough now firing)
2026-09-21T03:30:28.668390Z DEBUG execute_one{generation=None}: awase_windows::runtime::executor: [reinject] vk=0xf2 down (queued passthrough now firing)
2026-09-21T03:30:28.668962Z DEBUG awase_windows::hook: [hook] IME-mode vk=0xF0 up self_injected=true injected=false scan=0x0 extra=0x4B45594D since_actuation_us=Some(161576700)
2026-09-21T03:30:28.670198Z DEBUG awase_windows::hook: [hook] IME-mode vk=0xF2 down self_injected=true injected=true scan=0x0 extra=0x4B45594D since_actuation_us=Some(161577936)
2026-09-21T03:30:28.671298Z DEBUG awase::journal: hook ime-mode diagnostic seq=1113 elapsed_ms=173000 vk_code=240 is_down=false self_injected=true injected=false scan=0
2026-09-21T03:30:28.671333Z DEBUG awase::journal: hook ime-mode diagnostic seq=1114 elapsed_ms=173000 vk_code=242 is_down=true self_injected=true injected=true scan=0
2026-09-21T03:30:28.671437Z DEBUG run_open_chain_async: awase_windows::ime_controller: [warrant-shadow] chain=async open=true origin=EventOrigin { source: SelfActuated { strategy: "engine_decision_async" }, epoch: Generation(0) } warranted
2026-09-21T03:30:28.671505Z  INFO run_open_chain_async:imm_cross_write{open=true}: awase_windows::runtime::open_chain: [apply-ime] ImmCross async: open=true composition_active=false show_seq=0 change_seq=0 (issue #138診断)
2026-09-21T03:30:28.674992Z DEBUG awase_windows::shadow_send_trace: [shadow-send] channel=ImeControl cmd=0x0006 lparam=1 issue_us=172998907
2026-09-21T03:30:28.675008Z DEBUG awase_windows::ime: set_ime_open_for_target: hwnd=HWND(0x3a083a) ime_wnd=HWND(0xa0912) open=true success=true send_elapsed=0ms candidate_visible=false
2026-09-21T03:30:28.675463Z DEBUG run_open_chain_async:imm_cross_write{open=true}: awase_windows::ime: [imm-cross-actuate] hwnd=HWND(0x3a083a) open=Written conv=Some(Written)
2026-09-21T03:30:28.675569Z DEBUG run_open_chain_async:imm_cross_write{open=true}: awase_windows::runtime::open_chain: [apply-ime] ROMAN 補完結果: Written
2026-09-21T03:30:28.675804Z DEBUG run_open_chain_async: awase::journal: actuation decision seq=1115 elapsed_ms=173005 site="DispatchImeSetOpen" caller="None" open=true chain_len=4 attempts_len=1 gate_profile="Standard" gate_kind="Gji" gate_shadow_known=true gate_shadow_on=false gate_input_mode="Assu
2026-09-21T03:30:28.676226Z DEBUG on_ime_apply_complete{open=true outcome=AppliedWithoutSendInput generation=None reason=EngineDecision}: awase::journal: ime open applied seq=1116 elapsed_ms=173005 open=true outcome="AppliedWithoutSendInput" reason="EngineDecision"
2026-09-21T03:30:28.676332Z DEBUG on_ime_apply_complete{open=true outcome=AppliedWithoutSendInput generation=None reason=EngineDecision}: awase_windows::tsf::ime_mode_fsm: [ime-mode] SetOpen(true) applied → Hiragana (belief, unconfirmed)
2026-09-21T03:30:28.676361Z DEBUG on_ime_apply_complete{open=true outcome=AppliedWithoutSendInput generation=None reason=EngineDecision}: awase_windows::platform: [composition] ImeEffect::SetOpen(true) → marking cold
2026-09-21T03:30:28.676383Z DEBUG on_ime_apply_complete{open=true outcome=AppliedWithoutSendInput generation=None reason=EngineDecision}: awase_windows::tsf::probe: [composition] marked cold reason=SetOpenTrue idle=1891ms → next VK/TSF output will send VK_DBE_HIRAGANA warmup
2026-09-21T03:30:28.676434Z DEBUG on_ime_apply_complete{open=true outcome=AppliedWithoutSendInput generation=None reason=EngineDecision}:gji_on_event{event=ImeOn { injection_mode: Unicode, gji_idle_ms: 1875 }}: awase_windows::tsf::gji_fsm: [gji-fsm] ImeOn gji_idle=1875ms → Short
2026-09-21T03:30:28.676486Z DEBUG on_ime_apply_complete{open=true outcome=AppliedWithoutSendInput generation=None reason=EngineDecision}: awase_windows::platform: [gji-fsm] StartProbe probe_id=ProbeId(4) forces_f2=false long=false
2026-09-21T03:30:28.676755Z DEBUG awase::journal: gji fsm transition seq=1117 elapsed_ms=173006 trigger="ImeOn(gji_idle_ms=1875)" state_before="OffCold" state_after="OnCold(Short)"
2026-09-21T03:30:28.676778Z DEBUG awase::journal: tsf probe started seq=1118 elapsed_ms=173006 source="GjiAction::StartProbe" cold_seq=0 probe_id=4 probe_id_present=true gji_state="OnCold(Short)" consecutive_at_start=0 pending_deferred_len=0
2026-09-21T03:30:28.676801Z DEBUG awase::journal: gji fsm transition seq=1119 elapsed_ms=173006 trigger="WarmupComplete(unicode)" state_before="OnCold(Short)" state_after="OnWarm"
2026-09-21T03:30:28.676819Z DEBUG awase::journal: tsf probe completed seq=1120 elapsed_ms=173006 outcome="UnicodeImmediate" cold_seq=18446744073709551615 cold_seq_present=false probe_id=4 probe_id_present=true duration_ms=0 tick_count=0 gji_state="OnWarm"
2026-09-21T03:30:28.680618Z DEBUG awase_windows::tsf::gji_monitor: [gji-io] WRITE: w_ops=+2 w_KB=+0.0 (r_ops=+4 x_ops=+4 x_KB=+0.0)
2026-09-21T03:30:28.714724Z DEBUG awase_windows::runtime::ime_refresh: Explicit intent: bypassing typing-idle guard for IME verify (idle=47ms)
2026-09-21T03:30:28.714784Z DEBUG awase_windows::observer::ime_observer: IME snapshot: japanese=Some(true) ime_on=Some(true) romaji=Some(true) conv=Some("0x00000019") guard=false
2026-09-21T03:30:28.714875Z DEBUG awase::journal: ime event seq=1121 elapsed_ms=173044 event_kind="ObserverReported"
2026-09-21T03:30:28.714907Z DEBUG reduce: awase_windows::state::ime_model: [key-effect-fence] axis=mode stale observation ignored: observed=ObservedRomaji predicted=AssumedRomaji { reason: KeyEffectPrediction } age_ms=47
2026-09-21T03:30:28.714945Z DEBUG awase::journal: ime event seq=1122 elapsed_ms=173044 event_kind="InputModeObserved"
2026-09-21T03:30:28.714993Z DEBUG awase::journal: ime event seq=1123 elapsed_ms=173044 event_kind="ModeKeyPassedThrough"
2026-09-21T03:30:28.715009Z  INFO awase_windows::runtime::ime_refresh: [mode-key-follow] observation arrived after mode key pass: intents invalidated
2026-09-21T03:30:28.779040Z DEBUG awase_windows::runtime::ime_refresh: Explicit intent: bypassing typing-idle guard for IME verify (idle=110ms)
2026-09-21T03:30:28.779116Z DEBUG awase_windows::observer::ime_observer: IME snapshot: japanese=Some(true) ime_on=Some(true) romaji=Some(true) conv=Some("0x00000019") guard=false
2026-09-21T03:30:28.779234Z DEBUG awase::journal: ime event seq=1124 elapsed_ms=173108 event_kind="ObserverReported"
2026-09-21T03:30:28.779274Z DEBUG reduce: awase_windows::state::ime_model: [key-effect-confirmed] axis=mode value=ObservedRomaji
2026-09-21T03:30:28.779317Z DEBUG awase::journal: ime event seq=1125 elapsed_ms=173108 event_kind="InputModeObserved"
2026-09-21T03:30:28.779355Z  INFO awase_windows::runtime::ime_refresh: [mode-key-follow] observation arrived after mode key pass: intents invalidated
2026-09-21T03:30:28.841121Z DEBUG awase_windows::runtime::ime_refresh: Explicit intent: bypassing typing-idle guard for IME verify (idle=172ms)
2026-09-21T03:30:28.841188Z DEBUG awase_windows::observer::ime_observer: IME snapshot: japanese=Some(true) ime_on=Some(true) romaji=Some(true) conv=Some("0x00000019") guard=false
2026-09-21T03:30:28.841290Z DEBUG awase::journal: ime event seq=1126 elapsed_ms=173170 event_kind="ObserverReported"
2026-09-21T03:30:28.841388Z DEBUG awase::journal: ime event seq=1127 elapsed_ms=173171 event_kind="InputModeObserved"
2026-09-21T03:30:28.841440Z  INFO awase_windows::runtime::ime_refresh: [mode-key-follow] observation arrived after mode key pass: intents invalidated
2026-09-21T03:30:28.903579Z DEBUG awase_windows::runtime::ime_refresh: Explicit intent: bypassing typing-idle guard for IME verify (idle=235ms)
2026-09-21T03:30:28.903646Z DEBUG awase_windows::observer::ime_observer: IME snapshot: japanese=Some(true) ime_on=Some(true) romaji=Some(true) conv=Some("0x00000019") guard=false
2026-09-21T03:30:28.903749Z DEBUG awase::journal: ime event seq=1128 elapsed_ms=173233 event_kind="ObserverReported"
2026-09-21T03:30:28.903792Z DEBUG awase::journal: ime event seq=1129 elapsed_ms=173233 event_kind="InputModeObserved"
2026-09-21T03:30:28.903826Z  INFO awase_windows::runtime::ime_refresh: [mode-key-follow] observation arrived after mode key pass: intents invalidated
2026-09-21T03:30:28.969199Z DEBUG awase_windows::runtime::ime_refresh: Explicit intent: bypassing typing-idle guard for IME verify (idle=297ms)
2026-09-21T03:30:28.969267Z DEBUG awase_windows::observer::ime_observer: IME snapshot: japanese=Some(true) ime_on=Some(true) romaji=Some(true) conv=Some("0x00000019") guard=false
2026-09-21T03:30:28.969357Z DEBUG awase::journal: ime event seq=1130 elapsed_ms=173298 event_kind="ObserverReported"
2026-09-21T03:30:28.969385Z DEBUG awase::journal: ime event seq=1131 elapsed_ms=173299 event_kind="InputModeObserved"
2026-09-21T03:30:28.969412Z  INFO awase_windows::runtime::ime_refresh: [mode-key-follow] observation arrived after mode key pass: intents invalidated
2026-09-21T03:30:29.030596Z DEBUG awase_windows::runtime::ime_refresh: Skipping observer/SSOT write: typing active (idle=360ms)
2026-09-21T03:30:29.534714Z DEBUG awase_windows::observer::ime_observer: IME snapshot: japanese=Some(true) ime_on=Some(true) romaji=Some(true) conv=Some("0x00000019") guard=false
2026-09-21T03:30:29.534811Z DEBUG awase::journal: ime event seq=1132 elapsed_ms=173864 event_kind="ObserverReported"
2026-09-21T03:30:29.534852Z DEBUG awase::journal: ime event seq=1133 elapsed_ms=173864 event_kind="InputModeObserved"
2026-09-21T03:30:30.033897Z DEBUG awase_windows::observer::ime_observer: IME snapshot: japanese=Some(true) ime_on=Some(true) romaji=Some(true) conv=Some("0x00000019") guard=false
2026-09-21T03:30:30.033986Z DEBUG awase::journal: ime event seq=1134 elapsed_ms=174363 event_kind="ObserverReported"
2026-09-21T03:30:30.034023Z DEBUG awase::journal: ime event seq=1135 elapsed_ms=174363 event_kind="InputModeObserved"
2026-09-21T03:30:30.539152Z DEBUG awase_windows::observer::ime_observer: IME snapshot: japanese=Some(true) ime_on=Some(true) romaji=Some(true) conv=Some("0x00000019") guard=false
2026-09-21T03:30:30.539259Z DEBUG awase::journal: ime event seq=1136 elapsed_ms=174868 event_kind="ObserverReported"
2026-09-21T03:30:30.539285Z DEBUG awase::journal: ime event seq=1137 elapsed_ms=174868 event_kind="InputModeObserved"
2026-09-21T03:30:30.613500Z DEBUG awase_windows::runtime::key_pipeline: [engine-input] vk=0x1B KeyDown ts=174937656us delay=0ms state=Idle mods(c=false s=false a=false w=false) gas_ctrl=false phys_ctrl=false extra=0x5350494B pending_drain=0 gate_active=false l_thumb=None r_thumb=None [diag-ctx] ime_
2026-09-21T03:30:30.613667Z DEBUG awase::journal: key input seq=1138 elapsed_ms=174943 vk_code=27 is_down=true injected=false key_class="Passthrough" state_before="Idle" state_after="Idle" decision="PassThrough" physical="Allow" repeat_count=1 last_timestamp_us=174937656 last_elapsed_ms=0
2026-09-21T03:30:30.613819Z DEBUG execute_from_hook: awase_windows::runtime::executor: [relay-passthrough] PassThrough idle: direct OS pass-through (vk=0x1b down)
2026-09-21T03:30:30.613940Z DEBUG execute_one{generation=None}: awase_windows::runtime::executor: [reinject] vk=0x1b down (queued passthrough now firing)
2026-09-21T03:30:30.627236Z DEBUG awase_windows::tsf::gji_monitor: [gji-io] WRITE: w_ops=+1 w_KB=+0.0 (r_ops=+2 x_ops=+2 x_KB=+0.0)
2026-09-21T03:30:30.738760Z DEBUG awase_windows::runtime::key_pipeline: [engine-input] vk=0x1B KeyUp ts=175063050us delay=0ms state=Idle mods(c=false s=false a=false w=false) gas_ctrl=false phys_ctrl=false extra=0x5350494B pending_drain=0 gate_active=false l_thumb=None r_thumb=None [diag-ctx] ime_on
2026-09-21T03:30:30.738857Z DEBUG awase::journal: key input seq=1139 elapsed_ms=175068 vk_code=27 is_down=false injected=false key_class="Passthrough" state_before="Idle" state_after="Idle" decision="PassThrough" physical="Allow" repeat_count=1 last_timestamp_us=175063050 last_elapsed_ms=0
2026-09-21T03:30:30.738992Z DEBUG execute_from_hook: awase_windows::runtime::executor: [relay-passthrough] PassThrough idle: direct OS pass-through (vk=0x1b up)
2026-09-21T03:30:30.739061Z DEBUG execute_one{generation=None}: awase_windows::runtime::executor: [reinject] vk=0x1b up (queued passthrough now firing)
2026-09-21T03:30:31.054495Z DEBUG awase_windows::runtime::ime_refresh: Skipping observer/SSOT write: typing active (idle=328ms)
2026-09-21T03:30:31.555143Z DEBUG awase_windows::observer::ime_observer: IME snapshot: japanese=Some(true) ime_on=Some(true) romaji=Some(true) conv=Some("0x00000019") guard=false
2026-09-21T03:30:31.555230Z DEBUG awase::journal: ime event seq=1140 elapsed_ms=175884 event_kind="ObserverReported"
2026-09-21T03:30:31.555266Z DEBUG awase::journal: ime event seq=1141 elapsed_ms=175884 event_kind="InputModeObserved"
2026-09-21T03:30:32.073096Z DEBUG awase_windows::observer::ime_observer: IME snapshot: japanese=Some(true) ime_on=Some(true) romaji=Some(true) conv=Some("0x00000019") guard=false
2026-09-21T03:30:32.073221Z DEBUG awase::journal: ime event seq=1142 elapsed_ms=176402 event_kind="ObserverReported"
2026-09-21T03:30:32.073270Z DEBUG awase::journal: ime event seq=1143 elapsed_ms=176402 event_kind="InputModeObserved"
2026-09-21T03:30:32.506573Z DEBUG awase_windows::runtime::key_pipeline: [engine-input] vk=0x0D KeyDown ts=176830341us delay=0ms state=Idle mods(c=false s=false a=false w=false) gas_ctrl=false phys_ctrl=false extra=0x5350494B pending_drain=0 gate_active=false l_thumb=None r_thumb=None [diag-ctx] ime_
2026-09-21T03:30:32.506728Z DEBUG awase::journal: key input seq=1144 elapsed_ms=176836 vk_code=13 is_down=true injected=false key_class="Passthrough" state_before="Idle" state_after="Idle" decision="PassThrough" physical="Allow" repeat_count=1 last_timestamp_us=176830341 last_elapsed_ms=0
2026-09-21T03:30:32.506845Z DEBUG execute_from_hook: awase_windows::runtime::executor: [relay-passthrough] PassThrough idle: direct OS pass-through (vk=0x0d down)
2026-09-21T03:30:32.506990Z DEBUG execute_one{generation=None}: awase_windows::runtime::executor: [reinject] vk=0x0d down (queued passthrough now firing)
2026-09-21T03:30:32.521546Z DEBUG awase_windows::tsf::gji_monitor: [gji-io] WRITE: w_ops=+1 w_KB=+0.0 (r_ops=+2 x_ops=+2 x_KB=+0.0)
2026-09-21T03:30:32.572963Z DEBUG awase_windows::runtime::ime_refresh: Skipping observer/SSOT write: typing active (idle=63ms)
2026-09-21T03:30:32.632092Z DEBUG awase_windows::runtime::key_pipeline: [engine-input] vk=0x0D KeyUp ts=176956290us delay=0ms state=Idle mods(c=false s=false a=false w=false) gas_ctrl=false phys_ctrl=false extra=0x5350494B pending_drain=0 gate_active=false l_thumb=None r_thumb=None [diag-ctx] ime_on
2026-09-21T03:30:32.632271Z DEBUG awase::journal: key input seq=1145 elapsed_ms=176962 vk_code=13 is_down=false injected=false key_class="Passthrough" state_before="Idle" state_after="Idle" decision="PassThrough" physical="Allow" repeat_count=1 last_timestamp_us=176956290 last_elapsed_ms=0
2026-09-21T03:30:32.632453Z DEBUG execute_from_hook: awase_windows::runtime::executor: [relay-passthrough] PassThrough idle: direct OS pass-through (vk=0x0d up)
2026-09-21T03:30:32.632589Z DEBUG execute_one{generation=None}: awase_windows::runtime::executor: [reinject] vk=0x0d up (queued passthrough now firing)
2026-09-21T03:30:33.077733Z DEBUG awase_windows::runtime::ime_refresh: Skipping observer/SSOT write: typing active (idle=438ms)
2026-09-21T03:30:33.576758Z DEBUG awase_windows::observer::ime_observer: IME snapshot: japanese=Some(true) ime_on=Some(true) romaji=Some(true) conv=Some("0x00000019") guard=false
2026-09-21T03:30:33.576873Z DEBUG awase::journal: ime event seq=1146 elapsed_ms=177906 event_kind="ObserverReported"
2026-09-21T03:30:33.576936Z DEBUG awase::journal: ime event seq=1147 elapsed_ms=177906 event_kind="InputModeObserved"
2026-09-21T03:30:34.076184Z DEBUG awase_windows::observer::ime_observer: IME snapshot: japanese=Some(true) ime_on=Some(true) romaji=Some(true) conv=Some("0x00000019") guard=false
2026-09-21T03:30:34.076292Z DEBUG awase::journal: ime event seq=1148 elapsed_ms=178406 event_kind="ObserverReported"
2026-09-21T03:30:34.076319Z DEBUG awase::journal: ime event seq=1149 elapsed_ms=178406 event_kind="InputModeObserved"
2026-09-21T03:30:34.444296Z DEBUG awase_windows::hook: [hook] IME-mode vk=0xF2 down self_injected=false injected=false scan=0x70 extra=0x5350494B since_actuation_us=Some(167352025)
2026-09-21T03:30:34.444447Z DEBUG awase::journal: hook ime-mode diagnostic seq=1150 elapsed_ms=178774 vk_code=242 is_down=true self_injected=false injected=false scan=112
2026-09-21T03:30:34.444619Z DEBUG awase_windows::runtime::key_pipeline: [engine-input] vk=0xF2 KeyDown ts=178768903us delay=0ms state=Idle mods(c=false s=false a=false w=false) gas_ctrl=false phys_ctrl=false extra=0x5350494B pending_drain=0 gate_active=false l_thumb=None r_thumb=None [diag-ctx] ime_
2026-09-21T03:30:34.444697Z DEBUG awase::journal: key input seq=1151 elapsed_ms=178774 vk_code=242 is_down=true injected=false key_class="Passthrough" state_before="Idle" state_after="Idle" decision="PassThrough" physical="Allow" repeat_count=1 last_timestamp_us=178768903 last_elapsed_ms=0
2026-09-21T03:30:34.444770Z DEBUG awase_windows::runtime::key_pipeline: may_change_ime key passed through → IME refresh scheduled (20ms)
2026-09-21T03:30:34.444808Z  INFO awase_windows::runtime::key_pipeline: [mode-key-follow] mode key PassThrough(vk=0xF2): IME refresh scheduled (20ms)
2026-09-21T03:30:34.445469Z  INFO awase_windows::runtime::key_pipeline: [key-effect-predict] vk=0xF2 status=Pre open=None mode=Some(ObservedEisu)
2026-09-21T03:30:34.445527Z DEBUG awase::journal: ime event seq=1152 elapsed_ms=178775 event_kind="KeyEffectPredicted"
2026-09-21T03:30:34.445574Z DEBUG awase::engine::engine: [diag-engine-active] ime_on=true なのに非活性: reason=Inactive(NotRomajiInput) romaji_capable=false japanese=true user_enabled=true was_active=true input_mode=ObservedEisu
2026-09-21T03:30:34.445612Z  INFO awase::engine::engine: Engine deactivated (ime=true, romaji=false, japanese=true, user=true, reason=Inactive(NotRomajiInput))
2026-09-21T03:30:34.446908Z DEBUG execute_from_hook: awase_windows::runtime::executor: [relay-passthrough] PassThrough idle: direct OS pass-through (vk=0xf2 down)
2026-09-21T03:30:34.446983Z DEBUG execute_one{generation=None}: awase_windows::runtime::executor: [reinject] vk=0xf2 down (queued passthrough now firing)
2026-09-21T03:30:34.447123Z DEBUG awase_windows::hook: [hook] IME-mode vk=0xF2 down self_injected=true injected=true scan=0x0 extra=0x4B45594D since_actuation_us=Some(167354856)
2026-09-21T03:30:34.448586Z DEBUG awase::journal: hook ime-mode diagnostic seq=1153 elapsed_ms=178778 vk_code=242 is_down=true self_injected=true injected=true scan=0
2026-09-21T03:30:34.458829Z DEBUG awase_windows::tsf::gji_monitor: [gji-io] WRITE: w_ops=+2 w_KB=+0.0 (r_ops=+4 x_ops=+4 x_KB=+0.0)
2026-09-21T03:30:34.478252Z DEBUG awase_windows::runtime::ime_refresh: Explicit intent: bypassing typing-idle guard for IME verify (idle=31ms)
2026-09-21T03:30:34.478324Z DEBUG awase_windows::observer::ime_observer: IME snapshot: japanese=Some(true) ime_on=Some(true) romaji=None conv=Some("0x00000010") guard=false
2026-09-21T03:30:34.478434Z DEBUG awase::journal: ime event seq=1154 elapsed_ms=178808 event_kind="ObserverReported"
2026-09-21T03:30:34.478501Z DEBUG awase::journal: ime event seq=1155 elapsed_ms=178808 event_kind="ModeKeyPassedThrough"
2026-09-21T03:30:34.478523Z  INFO awase_windows::runtime::ime_refresh: [mode-key-follow] observation arrived after mode key pass: intents invalidated
2026-09-21T03:30:34.478607Z DEBUG awase::engine::engine: [diag-engine-active] ime_on=true なのに非活性: reason=Inactive(NotRomajiInput) romaji_capable=false japanese=true user_enabled=true was_active=false input_mode=ObservedEisu
2026-09-21T03:30:34.541302Z DEBUG awase_windows::runtime::ime_refresh: Explicit intent: bypassing typing-idle guard for IME verify (idle=93ms)
2026-09-21T03:30:34.541377Z DEBUG awase_windows::observer::ime_observer: IME snapshot: japanese=Some(true) ime_on=Some(true) romaji=None conv=Some("0x00000010") guard=false
2026-09-21T03:30:34.541487Z DEBUG awase::journal: ime event seq=1156 elapsed_ms=178871 event_kind="ObserverReported"
2026-09-21T03:30:34.541528Z  INFO awase_windows::runtime::ime_refresh: [mode-key-follow] observation arrived after mode key pass: intents invalidated
2026-09-21T03:30:34.541612Z DEBUG awase::engine::engine: [diag-engine-active] ime_on=true なのに非活性: reason=Inactive(NotRomajiInput) romaji_capable=false japanese=true user_enabled=true was_active=false input_mode=ObservedEisu
2026-09-21T03:30:34.602829Z DEBUG awase_windows::runtime::ime_refresh: Explicit intent: bypassing typing-idle guard for IME verify (idle=156ms)
2026-09-21T03:30:34.602881Z DEBUG awase_windows::observer::ime_observer: IME snapshot: japanese=Some(true) ime_on=Some(true) romaji=None conv=Some("0x00000010") guard=false
2026-09-21T03:30:34.602946Z DEBUG awase::journal: ime event seq=1157 elapsed_ms=178932 event_kind="ObserverReported"
2026-09-21T03:30:34.603018Z  INFO awase_windows::runtime::ime_refresh: [mode-key-follow] observation arrived after mode key pass: intents invalidated
2026-09-21T03:30:34.603083Z DEBUG awase::engine::engine: [diag-engine-active] ime_on=true なのに非活性: reason=Inactive(NotRomajiInput) romaji_capable=false japanese=true user_enabled=true was_active=false input_mode=ObservedEisu
2026-09-21T03:30:34.682317Z DEBUG awase_windows::runtime::ime_refresh: Explicit intent: bypassing typing-idle guard for IME verify (idle=234ms)
2026-09-21T03:30:34.682391Z DEBUG awase_windows::observer::ime_observer: IME snapshot: japanese=Some(true) ime_on=Some(true) romaji=None conv=Some("0x00000010") guard=false
2026-09-21T03:30:34.682506Z DEBUG awase::journal: ime event seq=1158 elapsed_ms=179012 event_kind="ObserverReported"
2026-09-21T03:30:34.682549Z  INFO awase_windows::runtime::ime_refresh: [mode-key-follow] observation arrived after mode key pass: intents invalidated
2026-09-21T03:30:34.682648Z DEBUG awase::engine::engine: [diag-engine-active] ime_on=true なのに非活性: reason=Inactive(NotRomajiInput) romaji_capable=false japanese=true user_enabled=true was_active=false input_mode=ObservedEisu
2026-09-21T03:30:34.760023Z DEBUG awase_windows::runtime::ime_refresh: Skipping observer/SSOT write: typing active (idle=312ms)
2026-09-21T03:30:34.760131Z DEBUG awase::engine::engine: [diag-engine-active] ime_on=true なのに非活性: reason=Inactive(NotRomajiInput) romaji_capable=false japanese=true user_enabled=true was_active=false input_mode=ObservedEisu
2026-09-21T03:30:35.261703Z DEBUG awase_windows::observer::ime_observer: IME snapshot: japanese=Some(true) ime_on=Some(true) romaji=None conv=Some("0x00000010") guard=false
2026-09-21T03:30:35.261782Z DEBUG awase::journal: ime event seq=1159 elapsed_ms=179591 event_kind="ObserverReported"
2026-09-21T03:30:35.261887Z DEBUG awase::engine::engine: [diag-engine-active] ime_on=true なのに非活性: reason=Inactive(NotRomajiInput) romaji_capable=false japanese=true user_enabled=true was_active=false input_mode=ObservedEisu
2026-09-21T03:30:35.760769Z DEBUG awase_windows::observer::ime_observer: IME snapshot: japanese=Some(true) ime_on=Some(true) romaji=None conv=Some("0x00000010") guard=false
2026-09-21T03:30:35.760861Z DEBUG awase::journal: ime event seq=1160 elapsed_ms=180090 event_kind="ObserverReported"
2026-09-21T03:30:35.760933Z DEBUG awase::engine::engine: [diag-engine-active] ime_on=true なのに非活性: reason=Inactive(NotRomajiInput) romaji_capable=false japanese=true user_enabled=true was_active=false input_mode=ObservedEisu
2026-09-21T03:30:36.264793Z DEBUG awase_windows::observer::ime_observer: IME snapshot: japanese=Some(true) ime_on=Some(true) romaji=None conv=Some("0x00000010") guard=false
2026-09-21T03:30:36.264873Z DEBUG awase::journal: ime event seq=1161 elapsed_ms=180594 event_kind="ObserverReported"
2026-09-21T03:30:36.264944Z DEBUG awase::engine::engine: [diag-engine-active] ime_on=true なのに非活性: reason=Inactive(NotRomajiInput) romaji_capable=false japanese=true user_enabled=true was_active=false input_mode=ObservedEisu
2026-09-21T03:30:36.401367Z DEBUG awase_windows::runtime::key_pipeline: [engine-input] vk=0x41 KeyDown ts=180725643us delay=0ms state=Idle mods(c=false s=false a=false w=false) gas_ctrl=false phys_ctrl=false extra=0x5350494B pending_drain=0 gate_active=false l_thumb=None r_thumb=None [diag-ctx] ime_
2026-09-21T03:30:36.401414Z DEBUG awase::engine::engine: [diag-engine-active] ime_on=true なのに非活性: reason=Inactive(NotRomajiInput) romaji_capable=false japanese=true user_enabled=true was_active=false input_mode=ObservedEisu
2026-09-21T03:30:36.401477Z DEBUG awase::journal: key input seq=1162 elapsed_ms=180731 vk_code=65 is_down=true injected=false key_class="Char" state_before="Idle" state_after="Idle" decision="PassThrough" physical="Allow" repeat_count=1 last_timestamp_us=180725643 last_elapsed_ms=0
2026-09-21T03:30:36.401600Z DEBUG execute_one{generation=None}: awase_windows::runtime::executor: [reinject] vk=0x41 down (queued passthrough now firing)
2026-09-21T03:30:36.410168Z  INFO awase_windows::tsf::win_event_obs: [gji-obs] candidate SHOW #8: last_gji_write=1938ms ago
2026-09-21T03:30:36.416414Z DEBUG awase_windows::tsf::gji_monitor: [gji-io] WRITE: w_ops=+2 w_KB=+0.3 (r_ops=+4 x_ops=+4 x_KB=+0.0)
2026-09-21T03:30:36.526142Z DEBUG awase_windows::runtime::key_pipeline: [engine-input] vk=0x41 KeyUp ts=180850487us delay=0ms state=Idle mods(c=false s=false a=false w=false) gas_ctrl=false phys_ctrl=false extra=0x5350494B pending_drain=0 gate_active=false l_thumb=None r_thumb=None [diag-ctx] ime_on
2026-09-21T03:30:36.526186Z DEBUG awase::engine::engine: [diag-engine-active] ime_on=true なのに非活性: reason=Inactive(NotRomajiInput) romaji_capable=false japanese=true user_enabled=true was_active=false input_mode=ObservedEisu
2026-09-21T03:30:36.526249Z DEBUG awase::journal: key input seq=1163 elapsed_ms=180856 vk_code=65 is_down=false injected=false key_class="Char" state_before="Idle" state_after="Idle" decision="PassThrough" physical="Allow" repeat_count=1 last_timestamp_us=180850487 last_elapsed_ms=0
2026-09-21T03:30:36.526401Z DEBUG execute_one{generation=None}: awase_windows::runtime::executor: [reinject] vk=0x41 up (queued passthrough now firing)
2026-09-21T03:30:36.527961Z DEBUG awase_windows::platform: [gji-fsm] StartComposition (candidate SHOW)
2026-09-21T03:30:36.527993Z DEBUG gji_on_event{event=StartComposition}: awase_windows::tsf::gji_fsm: [gji-fsm] StartComposition: OnWarm → OnComposing(AlreadyWarm)
2026-09-21T03:30:36.528063Z DEBUG awase::journal: gji fsm transition seq=1164 elapsed_ms=180857 trigger="StartComposition(candidate SHOW)" state_before="OnWarm" state_after="OnComposing(Warm)"
2026-09-21T03:30:36.765176Z DEBUG awase_windows::runtime::ime_refresh: Skipping observer/SSOT write: typing active (idle=234ms)
2026-09-21T03:30:36.765256Z DEBUG awase::engine::engine: [diag-engine-active] ime_on=true なのに非活性: reason=Inactive(NotRomajiInput) romaji_capable=false japanese=true user_enabled=true was_active=false input_mode=ObservedEisu
2026-09-21T03:30:37.261594Z DEBUG awase_windows::observer::ime_observer: IME snapshot: japanese=Some(true) ime_on=Some(true) romaji=None conv=Some("0x00000010") guard=false
2026-09-21T03:30:37.261720Z DEBUG awase::journal: ime event seq=1165 elapsed_ms=181591 event_kind="ObserverReported"
2026-09-21T03:30:37.261788Z DEBUG awase::engine::engine: [diag-engine-active] ime_on=true なのに非活性: reason=Inactive(NotRomajiInput) romaji_capable=false japanese=true user_enabled=true was_active=false input_mode=ObservedEisu
2026-09-21T03:30:37.762654Z DEBUG awase_windows::observer::ime_observer: IME snapshot: japanese=Some(true) ime_on=Some(true) romaji=None conv=Some("0x00000010") guard=false
2026-09-21T03:30:37.762737Z DEBUG awase::journal: ime event seq=1166 elapsed_ms=182092 event_kind="ObserverReported"
2026-09-21T03:30:37.762813Z DEBUG awase::engine::engine: [diag-engine-active] ime_on=true なのに非活性: reason=Inactive(NotRomajiInput) romaji_capable=false japanese=true user_enabled=true was_active=false input_mode=ObservedEisu
2026-09-21T03:30:38.266859Z DEBUG awase_windows::observer::ime_observer: IME snapshot: japanese=Some(true) ime_on=Some(true) romaji=None conv=Some("0x00000010") guard=false
2026-09-21T03:30:38.266938Z DEBUG awase::journal: ime event seq=1167 elapsed_ms=182596 event_kind="ObserverReported"
2026-09-21T03:30:38.267005Z DEBUG awase::engine::engine: [diag-engine-active] ime_on=true なのに非活性: reason=Inactive(NotRomajiInput) romaji_capable=false japanese=true user_enabled=true was_active=false input_mode=ObservedEisu
2026-09-21T03:30:38.339059Z DEBUG awase_windows::runtime::key_pipeline: [engine-input] vk=0x0D KeyDown ts=182663228us delay=0ms state=Idle mods(c=false s=false a=false w=false) gas_ctrl=false phys_ctrl=false extra=0x5350494B pending_drain=0 gate_active=false l_thumb=None r_thumb=None [diag-ctx] ime_
2026-09-21T03:30:38.339125Z DEBUG awase::engine::engine: [diag-engine-active] ime_on=true なのに非活性: reason=Inactive(NotRomajiInput) romaji_capable=false japanese=true user_enabled=true was_active=false input_mode=ObservedEisu
2026-09-21T03:30:38.339202Z DEBUG awase::journal: key input seq=1168 elapsed_ms=182669 vk_code=13 is_down=true injected=false key_class="Passthrough" state_before="Idle" state_after="Idle" decision="PassThrough" physical="Allow" repeat_count=1 last_timestamp_us=182663228 last_elapsed_ms=0
2026-09-21T03:30:38.339310Z DEBUG execute_from_hook: awase_windows::runtime::executor: [relay-passthrough] PassThrough idle: direct OS pass-through (vk=0x0d down)
2026-09-21T03:30:38.339388Z DEBUG execute_one{generation=None}: awase_windows::runtime::executor: [reinject] vk=0x0d down (queued passthrough now firing)
2026-09-21T03:30:38.353079Z  INFO awase_windows::tsf::win_event_obs: [gji-obs] candidate HIDE: last_gji_write=1938ms ago
2026-09-21T03:30:38.354670Z DEBUG awase_windows::tsf::gji_monitor: [gji-io] WRITE: w_ops=+2 w_KB=+0.4 (r_ops=+4 x_ops=+4 x_KB=+0.0)
2026-09-21T03:30:38.464516Z DEBUG awase_windows::runtime::key_pipeline: [engine-input] vk=0x0D KeyUp ts=182788736us delay=0ms state=Idle mods(c=false s=false a=false w=false) gas_ctrl=false phys_ctrl=false extra=0x5350494B pending_drain=0 gate_active=false l_thumb=None r_thumb=None [diag-ctx] ime_on
2026-09-21T03:30:38.464584Z DEBUG awase::engine::engine: [diag-engine-active] ime_on=true なのに非活性: reason=Inactive(NotRomajiInput) romaji_capable=false japanese=true user_enabled=true was_active=false input_mode=ObservedEisu
2026-09-21T03:30:38.464683Z DEBUG awase::journal: key input seq=1169 elapsed_ms=182794 vk_code=13 is_down=false injected=false key_class="Passthrough" state_before="Idle" state_after="Idle" decision="PassThrough" physical="Allow" repeat_count=1 last_timestamp_us=182788736 last_elapsed_ms=0
2026-09-21T03:30:38.464826Z DEBUG execute_from_hook: awase_windows::runtime::executor: [relay-passthrough] PassThrough idle: direct OS pass-through (vk=0x0d up)
2026-09-21T03:30:38.464928Z DEBUG execute_one{generation=None}: awase_windows::runtime::executor: [reinject] vk=0x0d up (queued passthrough now firing)
2026-09-21T03:30:38.467203Z DEBUG awase_windows::platform: [gji-fsm] EndComposition (candidate HIDE) epoch=FocusEpoch(6)
2026-09-21T03:30:38.467334Z DEBUG awase::journal: gji fsm transition seq=1170 elapsed_ms=182797 trigger="EndComposition(candidate HIDE, epoch=FocusEpoch(6))" state_before="OnComposing(Warm)" state_after="OnWarm"
2026-09-21T03:30:38.766115Z DEBUG awase_windows::runtime::ime_refresh: Skipping observer/SSOT write: typing active (idle=297ms)
2026-09-21T03:30:38.766189Z DEBUG awase::engine::engine: [diag-engine-active] ime_on=true なのに非活性: reason=Inactive(NotRomajiInput) romaji_capable=false japanese=true user_enabled=true was_active=false input_mode=ObservedEisu
2026-09-21T03:30:39.269346Z DEBUG awase_windows::observer::ime_observer: IME snapshot: japanese=Some(true) ime_on=Some(true) romaji=None conv=Some("0x00000010") guard=false
2026-09-21T03:30:39.269443Z DEBUG awase::journal: ime event seq=1171 elapsed_ms=183599 event_kind="ObserverReported"
2026-09-21T03:30:39.269503Z DEBUG awase::engine::engine: [diag-engine-active] ime_on=true なのに非活性: reason=Inactive(NotRomajiInput) romaji_capable=false japanese=true user_enabled=true was_active=false input_mode=ObservedEisu
2026-09-21T03:30:39.772017Z DEBUG awase_windows::observer::ime_observer: IME snapshot: japanese=Some(true) ime_on=Some(true) romaji=None conv=Some("0x00000010") guard=false
2026-09-21T03:30:39.772089Z DEBUG awase::journal: ime event seq=1172 elapsed_ms=184102 event_kind="ObserverReported"
2026-09-21T03:30:39.772150Z DEBUG awase::engine::engine: [diag-engine-active] ime_on=true なのに非活性: reason=Inactive(NotRomajiInput) romaji_capable=false japanese=true user_enabled=true was_active=false input_mode=ObservedEisu
2026-09-21T03:30:40.282444Z DEBUG awase_windows::runtime::key_pipeline: [engine-input] vk=0x0D KeyDown ts=184606734us delay=0ms state=Idle mods(c=false s=false a=false w=false) gas_ctrl=false phys_ctrl=false extra=0x5350494B pending_drain=0 gate_active=false l_thumb=None r_thumb=None [diag-ctx] ime_
2026-09-21T03:30:40.282486Z DEBUG awase::engine::engine: [diag-engine-active] ime_on=true なのに非活性: reason=Inactive(NotRomajiInput) romaji_capable=false japanese=true user_enabled=true was_active=false input_mode=ObservedEisu
2026-09-21T03:30:40.282548Z DEBUG awase::journal: key input seq=1173 elapsed_ms=184612 vk_code=13 is_down=true injected=false key_class="Passthrough" state_before="Idle" state_after="Idle" decision="PassThrough" physical="Allow" repeat_count=1 last_timestamp_us=184606734 last_elapsed_ms=0
2026-09-21T03:30:40.282634Z DEBUG execute_from_hook: awase_windows::runtime::executor: [relay-passthrough] PassThrough idle: direct OS pass-through (vk=0x0d down)
2026-09-21T03:30:40.282817Z DEBUG execute_one{generation=None}: awase_windows::runtime::executor: [reinject] vk=0x0d down (queued passthrough now firing)
2026-09-21T03:30:40.288903Z DEBUG awase_windows::runtime::ime_refresh: Skipping observer/SSOT write: typing active (idle=15ms)
2026-09-21T03:30:40.288978Z DEBUG awase::engine::engine: [diag-engine-active] ime_on=true なのに非活性: reason=Inactive(NotRomajiInput) romaji_capable=false japanese=true user_enabled=true was_active=false input_mode=ObservedEisu
2026-09-21T03:30:40.296377Z DEBUG awase_windows::tsf::gji_monitor: [gji-io] WRITE: w_ops=+1 w_KB=+0.0 (r_ops=+2 x_ops=+2 x_KB=+0.0)
2026-09-21T03:30:40.406637Z DEBUG awase_windows::runtime::key_pipeline: [engine-input] vk=0x0D KeyUp ts=184730647us delay=0ms state=Idle mods(c=false s=false a=false w=false) gas_ctrl=false phys_ctrl=false extra=0x5350494B pending_drain=0 gate_active=false l_thumb=None r_thumb=None [diag-ctx] ime_on
2026-09-21T03:30:40.406730Z DEBUG awase::engine::engine: [diag-engine-active] ime_on=true なのに非活性: reason=Inactive(NotRomajiInput) romaji_capable=false japanese=true user_enabled=true was_active=false input_mode=ObservedEisu
2026-09-21T03:30:40.406867Z DEBUG awase::journal: key input seq=1174 elapsed_ms=184736 vk_code=13 is_down=false injected=false key_class="Passthrough" state_before="Idle" state_after="Idle" decision="PassThrough" physical="Allow" repeat_count=1 last_timestamp_us=184730647 last_elapsed_ms=0
2026-09-21T03:30:40.407058Z DEBUG execute_from_hook: awase_windows::runtime::executor: [relay-passthrough] PassThrough idle: direct OS pass-through (vk=0x0d up)
2026-09-21T03:30:40.407227Z DEBUG execute_one{generation=None}: awase_windows::runtime::executor: [reinject] vk=0x0d up (queued passthrough now firing)
2026-09-21T03:30:40.803257Z DEBUG awase_windows::runtime::ime_refresh: Skipping observer/SSOT write: typing active (idle=406ms)
2026-09-21T03:30:40.803357Z DEBUG awase::engine::engine: [diag-engine-active] ime_on=true なのに非活性: reason=Inactive(NotRomajiInput) romaji_capable=false japanese=true user_enabled=true was_active=false input_mode=ObservedEisu
2026-09-21T03:30:41.317860Z DEBUG awase_windows::observer::ime_observer: IME snapshot: japanese=Some(true) ime_on=Some(true) romaji=None conv=Some("0x00000010") guard=false
2026-09-21T03:30:41.317946Z DEBUG awase::journal: ime event seq=1175 elapsed_ms=185647 event_kind="ObserverReported"
2026-09-21T03:30:41.318014Z DEBUG awase::engine::engine: [diag-engine-active] ime_on=true なのに非活性: reason=Inactive(NotRomajiInput) romaji_capable=false japanese=true user_enabled=true was_active=false input_mode=ObservedEisu
2026-09-21T03:30:41.834958Z DEBUG awase_windows::observer::ime_observer: IME snapshot: japanese=Some(true) ime_on=Some(true) romaji=None conv=Some("0x00000010") guard=false
2026-09-21T03:30:41.835099Z DEBUG awase::journal: ime event seq=1176 elapsed_ms=186165 event_kind="ObserverReported"
2026-09-21T03:30:41.835172Z DEBUG awase::engine::engine: [diag-engine-active] ime_on=true なのに非活性: reason=Inactive(NotRomajiInput) romaji_capable=false japanese=true user_enabled=true was_active=false input_mode=ObservedEisu
2026-09-21T03:30:42.219578Z DEBUG awase_windows::runtime::key_pipeline: [engine-input] vk=0x41 KeyDown ts=186543737us delay=0ms state=Idle mods(c=false s=false a=false w=false) gas_ctrl=false phys_ctrl=false extra=0x5350494B pending_drain=0 gate_active=false l_thumb=None r_thumb=None [diag-ctx] ime_
2026-09-21T03:30:42.219655Z DEBUG awase::engine::engine: [diag-engine-active] ime_on=true なのに非活性: reason=Inactive(NotRomajiInput) romaji_capable=false japanese=true user_enabled=true was_active=false input_mode=ObservedEisu
2026-09-21T03:30:42.219762Z DEBUG awase::journal: key input seq=1177 elapsed_ms=186549 vk_code=65 is_down=true injected=false key_class="Char" state_before="Idle" state_after="Idle" decision="PassThrough" physical="Allow" repeat_count=1 last_timestamp_us=186543737 last_elapsed_ms=0
2026-09-21T03:30:42.219973Z DEBUG execute_one{generation=None}: awase_windows::runtime::executor: [reinject] vk=0x41 down (queued passthrough now firing)
2026-09-21T03:30:42.231450Z  INFO awase_windows::tsf::win_event_obs: [gji-obs] candidate SHOW #9: last_gji_write=1938ms ago
2026-09-21T03:30:42.234915Z DEBUG awase_windows::tsf::gji_monitor: [gji-io] WRITE: w_ops=+2 w_KB=+0.3 (r_ops=+4 x_ops=+4 x_KB=+0.0)
2026-09-21T03:30:42.345534Z DEBUG awase_windows::runtime::key_pipeline: [engine-input] vk=0x41 KeyUp ts=186669827us delay=0ms state=Idle mods(c=false s=false a=false w=false) gas_ctrl=false phys_ctrl=false extra=0x5350494B pending_drain=0 gate_active=false l_thumb=None r_thumb=None [diag-ctx] ime_on
2026-09-21T03:30:42.345576Z DEBUG awase::engine::engine: [diag-engine-active] ime_on=true なのに非活性: reason=Inactive(NotRomajiInput) romaji_capable=false japanese=true user_enabled=true was_active=false input_mode=ObservedEisu
2026-09-21T03:30:42.345643Z DEBUG awase::journal: key input seq=1178 elapsed_ms=186675 vk_code=65 is_down=false injected=false key_class="Char" state_before="Idle" state_after="Idle" decision="PassThrough" physical="Allow" repeat_count=1 last_timestamp_us=186669827 last_elapsed_ms=0
2026-09-21T03:30:42.346082Z DEBUG execute_one{generation=None}: awase_windows::runtime::executor: [reinject] vk=0x41 up (queued passthrough now firing)
2026-09-21T03:30:42.347754Z DEBUG awase_windows::platform: [gji-fsm] StartComposition (candidate SHOW)
2026-09-21T03:30:42.347786Z DEBUG gji_on_event{event=StartComposition}: awase_windows::tsf::gji_fsm: [gji-fsm] StartComposition: OnWarm → OnComposing(AlreadyWarm)
2026-09-21T03:30:42.347905Z DEBUG awase::journal: gji fsm transition seq=1179 elapsed_ms=186677 trigger="StartComposition(candidate SHOW)" state_before="OnWarm" state_after="OnComposing(Warm)"
2026-09-21T03:30:42.349649Z DEBUG awase_windows::runtime::ime_refresh: Skipping observer/SSOT write: typing active (idle=16ms)
2026-09-21T03:30:42.349718Z DEBUG awase::engine::engine: [diag-engine-active] ime_on=true なのに非活性: reason=Inactive(NotRomajiInput) romaji_capable=false japanese=true user_enabled=true was_active=false input_mode=ObservedEisu
2026-09-21T03:30:42.862269Z DEBUG awase_windows::observer::ime_observer: IME snapshot: japanese=Some(true) ime_on=Some(true) romaji=None conv=Some("0x00000010") guard=false
2026-09-21T03:30:42.862333Z DEBUG awase::journal: ime event seq=1180 elapsed_ms=187192 event_kind="ObserverReported"
2026-09-21T03:30:42.862388Z DEBUG awase::engine::engine: [diag-engine-active] ime_on=true なのに非活性: reason=Inactive(NotRomajiInput) romaji_capable=false japanese=true user_enabled=true was_active=false input_mode=ObservedEisu
2026-09-21T03:30:43.361971Z DEBUG awase_windows::observer::ime_observer: IME snapshot: japanese=Some(true) ime_on=Some(true) romaji=None conv=Some("0x00000010") guard=false
2026-09-21T03:30:43.362036Z DEBUG awase::journal: ime event seq=1181 elapsed_ms=187692 event_kind="ObserverReported"
2026-09-21T03:30:43.362096Z DEBUG awase::engine::engine: [diag-engine-active] ime_on=true なのに非活性: reason=Inactive(NotRomajiInput) romaji_capable=false japanese=true user_enabled=true was_active=false input_mode=ObservedEisu
2026-09-21T03:30:43.861456Z DEBUG awase_windows::observer::ime_observer: IME snapshot: japanese=Some(true) ime_on=Some(true) romaji=None conv=Some("0x00000010") guard=false
2026-09-21T03:30:43.861552Z DEBUG awase::journal: ime event seq=1182 elapsed_ms=188191 event_kind="ObserverReported"
2026-09-21T03:30:43.861627Z DEBUG awase::engine::engine: [diag-engine-active] ime_on=true なのに非活性: reason=Inactive(NotRomajiInput) romaji_capable=false japanese=true user_enabled=true was_active=false input_mode=ObservedEisu
2026-09-21T03:30:44.156446Z DEBUG awase_windows::runtime::key_pipeline: [engine-input] vk=0x1C KeyDown ts=188480667us delay=0ms state=Idle mods(c=false s=false a=false w=false) gas_ctrl=false phys_ctrl=false extra=0x5350494B pending_drain=0 gate_active=false l_thumb=None r_thumb=Some(188480654) [dia
2026-09-21T03:30:44.156505Z DEBUG awase::engine::engine: [diag-engine-active] ime_on=true なのに非活性: reason=Inactive(NotRomajiInput) romaji_capable=false japanese=true user_enabled=true was_active=false input_mode=ObservedEisu
2026-09-21T03:30:44.156582Z DEBUG awase::journal: key input seq=1183 elapsed_ms=188486 vk_code=28 is_down=true injected=false key_class="RightThumb" state_before="Idle" state_after="Idle" decision="PassThrough" physical="Allow" repeat_count=1 last_timestamp_us=188480667 last_elapsed_ms=0
2026-09-21T03:30:44.156672Z  INFO awase_windows::runtime::key_pipeline: [mode-key-follow] mode key PassThrough(vk=0x1C): IME refresh scheduled (20ms)
2026-09-21T03:30:44.157299Z DEBUG awase_windows::runtime::key_pipeline: [key-effect-predict] vk=0x1C status=Pre: no prediction
2026-09-21T03:30:44.157578Z DEBUG execute_one{generation=None}: awase_windows::runtime::executor: [reinject] vk=0x1c down (queued passthrough now firing)
2026-09-21T03:30:44.162237Z  INFO awase_windows::tsf::win_event_obs: [gji-obs] candidate HIDE: last_gji_write=1937ms ago
2026-09-21T03:30:44.171815Z DEBUG awase_windows::tsf::gji_monitor: [gji-io] WRITE: w_ops=+2 w_KB=+1.8 (r_ops=+4 x_ops=+4 x_KB=+0.0)
2026-09-21T03:30:44.191935Z DEBUG awase_windows::runtime::ime_refresh: Explicit intent: bypassing typing-idle guard for IME verify (idle=47ms)
2026-09-21T03:30:44.191982Z DEBUG awase_windows::observer::ime_observer: IME snapshot: japanese=Some(true) ime_on=Some(true) romaji=None conv=Some("0x00000010") guard=false
2026-09-21T03:30:44.192043Z DEBUG awase::journal: ime event seq=1184 elapsed_ms=188522 event_kind="ObserverReported"
2026-09-21T03:30:44.192075Z DEBUG awase::journal: ime event seq=1185 elapsed_ms=188522 event_kind="ModeKeyPassedThrough"
2026-09-21T03:30:44.192084Z  INFO awase_windows::runtime::ime_refresh: [mode-key-follow] observation arrived after mode key pass: intents invalidated
2026-09-21T03:30:44.192203Z DEBUG awase::engine::engine: [diag-engine-active] ime_on=true なのに非活性: reason=Inactive(NotRomajiInput) romaji_capable=false japanese=true user_enabled=true was_active=false input_mode=ObservedEisu
2026-09-21T03:30:44.271603Z DEBUG awase_windows::runtime::ime_refresh: Explicit intent: bypassing typing-idle guard for IME verify (idle=125ms)
2026-09-21T03:30:44.271656Z DEBUG awase_windows::observer::ime_observer: IME snapshot: japanese=Some(true) ime_on=Some(true) romaji=None conv=Some("0x00000010") guard=false
2026-09-21T03:30:44.271726Z DEBUG awase::journal: ime event seq=1186 elapsed_ms=188601 event_kind="ObserverReported"
2026-09-21T03:30:44.271753Z  INFO awase_windows::runtime::ime_refresh: [mode-key-follow] observation arrived after mode key pass: intents invalidated
2026-09-21T03:30:44.271823Z DEBUG awase::engine::engine: [diag-engine-active] ime_on=true なのに非活性: reason=Inactive(NotRomajiInput) romaji_capable=false japanese=true user_enabled=true was_active=false input_mode=ObservedEisu
2026-09-21T03:30:44.346539Z DEBUG awase_windows::runtime::key_pipeline: [engine-input] vk=0x1C KeyUp ts=188670677us delay=0ms state=Idle mods(c=false s=false a=false w=false) gas_ctrl=false phys_ctrl=false extra=0x5350494B pending_drain=0 gate_active=false l_thumb=None r_thumb=None [diag-ctx] ime_on
2026-09-21T03:30:44.346638Z DEBUG awase::engine::engine: [diag-engine-active] ime_on=true なのに非活性: reason=Inactive(NotRomajiInput) romaji_capable=false japanese=true user_enabled=true was_active=false input_mode=ObservedEisu
2026-09-21T03:30:44.346796Z DEBUG awase::journal: key input seq=1187 elapsed_ms=188676 vk_code=28 is_down=false injected=false key_class="RightThumb" state_before="Idle" state_after="Idle" decision="PassThrough" physical="Allow" repeat_count=1 last_timestamp_us=188670677 last_elapsed_ms=0
2026-09-21T03:30:44.347441Z DEBUG execute_one{generation=None}: awase_windows::runtime::executor: [reinject] vk=0x1c up (queued passthrough now firing)
2026-09-21T03:30:44.352082Z DEBUG awase_windows::platform: [gji-fsm] EndComposition (candidate HIDE) epoch=FocusEpoch(7)
2026-09-21T03:30:44.352348Z DEBUG awase::journal: gji fsm transition seq=1188 elapsed_ms=188682 trigger="EndComposition(candidate HIDE, epoch=FocusEpoch(7))" state_before="OnComposing(Warm)" state_after="OnWarm"
2026-09-21T03:30:44.354951Z DEBUG awase_windows::runtime::ime_refresh: Explicit intent: bypassing typing-idle guard for IME verify (idle=16ms)
2026-09-21T03:30:44.355020Z DEBUG awase_windows::observer::ime_observer: IME snapshot: japanese=Some(true) ime_on=Some(true) romaji=None conv=Some("0x00000010") guard=false
2026-09-21T03:30:44.355128Z DEBUG awase::journal: ime event seq=1189 elapsed_ms=188685 event_kind="ObserverReported"
2026-09-21T03:30:44.355170Z  INFO awase_windows::runtime::ime_refresh: [mode-key-follow] observation arrived after mode key pass: intents invalidated
2026-09-21T03:30:44.355252Z DEBUG awase::engine::engine: [diag-engine-active] ime_on=true なのに非活性: reason=Inactive(NotRomajiInput) romaji_capable=false japanese=true user_enabled=true was_active=false input_mode=ObservedEisu
2026-09-21T03:30:44.427822Z DEBUG awase_windows::runtime::ime_refresh: Explicit intent: bypassing typing-idle guard for IME verify (idle=94ms)
2026-09-21T03:30:44.427950Z DEBUG awase_windows::observer::ime_observer: IME snapshot: japanese=Some(true) ime_on=Some(true) romaji=None conv=Some("0x00000010") guard=false
2026-09-21T03:30:44.428058Z DEBUG awase::journal: ime event seq=1190 elapsed_ms=188758 event_kind="ObserverReported"
2026-09-21T03:30:44.428098Z  INFO awase_windows::runtime::ime_refresh: [mode-key-follow] observation arrived after mode key pass: intents invalidated
2026-09-21T03:30:44.428192Z DEBUG awase::engine::engine: [diag-engine-active] ime_on=true なのに非活性: reason=Inactive(NotRomajiInput) romaji_capable=false japanese=true user_enabled=true was_active=false input_mode=ObservedEisu
2026-09-21T03:30:44.504984Z DEBUG awase_windows::runtime::ime_refresh: Skipping observer/SSOT write: typing active (idle=156ms)
2026-09-21T03:30:44.505060Z DEBUG awase::engine::engine: [diag-engine-active] ime_on=true なのに非活性: reason=Inactive(NotRomajiInput) romaji_capable=false japanese=true user_enabled=true was_active=false input_mode=ObservedEisu
2026-09-21T03:30:44.992822Z DEBUG awase_windows::observer::ime_observer: IME snapshot: japanese=Some(true) ime_on=Some(true) romaji=None conv=Some("0x00000010") guard=false
2026-09-21T03:30:44.992882Z DEBUG awase::journal: ime event seq=1191 elapsed_ms=189322 event_kind="ObserverReported"
2026-09-21T03:30:44.992933Z DEBUG awase::engine::engine: [diag-engine-active] ime_on=true なのに非活性: reason=Inactive(NotRomajiInput) romaji_capable=false japanese=true user_enabled=true was_active=false input_mode=ObservedEisu
2026-09-21T03:30:45.497535Z DEBUG awase_windows::observer::ime_observer: IME snapshot: japanese=Some(true) ime_on=Some(true) romaji=None conv=Some("0x00000010") guard=false
2026-09-21T03:30:45.497606Z DEBUG awase::journal: ime event seq=1192 elapsed_ms=189827 event_kind="ObserverReported"
2026-09-21T03:30:45.497671Z DEBUG awase::engine::engine: [diag-engine-active] ime_on=true なのに非活性: reason=Inactive(NotRomajiInput) romaji_capable=false japanese=true user_enabled=true was_active=false input_mode=ObservedEisu
2026-09-21T03:30:45.994373Z DEBUG awase_windows::observer::ime_observer: IME snapshot: japanese=Some(true) ime_on=Some(true) romaji=None conv=Some("0x00000010") guard=false
2026-09-21T03:30:45.994510Z DEBUG awase::journal: ime event seq=1193 elapsed_ms=190324 event_kind="ObserverReported"
2026-09-21T03:30:45.994581Z DEBUG awase::engine::engine: [diag-engine-active] ime_on=true なのに非活性: reason=Inactive(NotRomajiInput) romaji_capable=false japanese=true user_enabled=true was_active=false input_mode=ObservedEisu
2026-09-21T03:30:46.118757Z DEBUG awase_windows::runtime::key_pipeline: [engine-input] vk=0x1B KeyDown ts=190443106us delay=0ms state=Idle mods(c=false s=false a=false w=false) gas_ctrl=false phys_ctrl=false extra=0x5350494B pending_drain=0 gate_active=false l_thumb=None r_thumb=None [diag-ctx] ime_
2026-09-21T03:30:46.118795Z DEBUG awase::engine::engine: [diag-engine-active] ime_on=true なのに非活性: reason=Inactive(NotRomajiInput) romaji_capable=false japanese=true user_enabled=true was_active=false input_mode=ObservedEisu
2026-09-21T03:30:46.118842Z DEBUG awase::journal: key input seq=1194 elapsed_ms=190448 vk_code=27 is_down=true injected=false key_class="Passthrough" state_before="Idle" state_after="Idle" decision="PassThrough" physical="Allow" repeat_count=1 last_timestamp_us=190443106 last_elapsed_ms=0
2026-09-21T03:30:46.118911Z DEBUG execute_from_hook: awase_windows::runtime::executor: [relay-passthrough] PassThrough idle: direct OS pass-through (vk=0x1b down)
2026-09-21T03:30:46.118961Z DEBUG execute_one{generation=None}: awase_windows::runtime::executor: [reinject] vk=0x1b down (queued passthrough now firing)
2026-09-21T03:30:46.125531Z  INFO awase_windows::tsf::win_event_obs: [gji-obs] candidate SHOW #10: last_gji_write=1953ms ago
2026-09-21T03:30:46.134669Z DEBUG awase_windows::tsf::gji_monitor: [gji-io] WRITE: w_ops=+2 w_KB=+1.8 (r_ops=+4 x_ops=+4 x_KB=+0.0)
2026-09-21T03:30:46.245575Z DEBUG awase_windows::runtime::key_pipeline: [engine-input] vk=0x1B KeyUp ts=190569898us delay=0ms state=Idle mods(c=false s=false a=false w=false) gas_ctrl=false phys_ctrl=false extra=0x5350494B pending_drain=0 gate_active=false l_thumb=None r_thumb=None [diag-ctx] ime_on
2026-09-21T03:30:46.245617Z DEBUG awase::engine::engine: [diag-engine-active] ime_on=true なのに非活性: reason=Inactive(NotRomajiInput) romaji_capable=false japanese=true user_enabled=true was_active=false input_mode=ObservedEisu
2026-09-21T03:30:46.245678Z DEBUG awase::journal: key input seq=1195 elapsed_ms=190575 vk_code=27 is_down=false injected=false key_class="Passthrough" state_before="Idle" state_after="Idle" decision="PassThrough" physical="Allow" repeat_count=1 last_timestamp_us=190569898 last_elapsed_ms=0
2026-09-21T03:30:46.245767Z DEBUG execute_from_hook: awase_windows::runtime::executor: [relay-passthrough] PassThrough idle: direct OS pass-through (vk=0x1b up)
2026-09-21T03:30:46.245829Z DEBUG execute_one{generation=None}: awase_windows::runtime::executor: [reinject] vk=0x1b up (queued passthrough now firing)
2026-09-21T03:30:46.246974Z DEBUG awase_windows::platform: [gji-fsm] StartComposition (candidate SHOW)
2026-09-21T03:30:46.247170Z DEBUG gji_on_event{event=StartComposition}: awase_windows::tsf::gji_fsm: [gji-fsm] StartComposition: OnWarm → OnComposing(AlreadyWarm)
2026-09-21T03:30:46.247339Z DEBUG awase::journal: gji fsm transition seq=1196 elapsed_ms=190577 trigger="StartComposition(candidate SHOW)" state_before="OnWarm" state_after="OnComposing(Warm)"
2026-09-21T03:30:46.499858Z DEBUG awase_windows::runtime::ime_refresh: Skipping observer/SSOT write: typing active (idle=250ms)
2026-09-21T03:30:46.499945Z DEBUG awase::engine::engine: [diag-engine-active] ime_on=true なのに非活性: reason=Inactive(NotRomajiInput) romaji_capable=false japanese=true user_enabled=true was_active=false input_mode=ObservedEisu
2026-09-21T03:30:47.001362Z DEBUG awase_windows::observer::ime_observer: IME snapshot: japanese=Some(true) ime_on=Some(true) romaji=None conv=Some("0x00000010") guard=false
2026-09-21T03:30:47.001428Z DEBUG awase::journal: ime event seq=1197 elapsed_ms=191331 event_kind="ObserverReported"
2026-09-21T03:30:47.001533Z DEBUG awase::engine::engine: [diag-engine-active] ime_on=true なのに非活性: reason=Inactive(NotRomajiInput) romaji_capable=false japanese=true user_enabled=true was_active=false input_mode=ObservedEisu
2026-09-21T03:30:47.500368Z DEBUG awase_windows::observer::ime_observer: IME snapshot: japanese=Some(true) ime_on=Some(true) romaji=None conv=Some("0x00000010") guard=false
2026-09-21T03:30:47.500452Z DEBUG awase::journal: ime event seq=1198 elapsed_ms=191830 event_kind="ObserverReported"
2026-09-21T03:30:47.500519Z DEBUG awase::engine::engine: [diag-engine-active] ime_on=true なのに非活性: reason=Inactive(NotRomajiInput) romaji_capable=false japanese=true user_enabled=true was_active=false input_mode=ObservedEisu
2026-09-21T03:30:48.006247Z DEBUG awase_windows::observer::ime_observer: IME snapshot: japanese=Some(true) ime_on=Some(true) romaji=None conv=Some("0x00000010") guard=false
2026-09-21T03:30:48.006330Z DEBUG awase::journal: ime event seq=1199 elapsed_ms=192336 event_kind="ObserverReported"
2026-09-21T03:30:48.006398Z DEBUG awase::engine::engine: [diag-engine-active] ime_on=true なのに非活性: reason=Inactive(NotRomajiInput) romaji_capable=false japanese=true user_enabled=true was_active=false input_mode=ObservedEisu
2026-09-21T03:30:48.064851Z DEBUG awase_windows::hook: [hook] IME-mode vk=0xF3 up self_injected=false injected=false scan=0x29 extra=0x5350494B since_actuation_us=Some(180972564)
2026-09-21T03:30:48.065087Z DEBUG awase::journal: hook ime-mode diagnostic seq=1200 elapsed_ms=192395 vk_code=243 is_down=false self_injected=false injected=false scan=41
2026-09-21T03:30:48.065487Z DEBUG awase_windows::runtime::key_pipeline: [engine-input] vk=0xF3 KeyUp ts=192389518us delay=0ms state=Idle mods(c=false s=false a=false w=false) gas_ctrl=false phys_ctrl=false extra=0x5350494B pending_drain=0 gate_active=false l_thumb=None r_thumb=None [diag-ctx] ime_on
2026-09-21T03:30:48.065547Z DEBUG awase::engine::engine: [diag-engine-active] ime_on=true なのに非活性: reason=Inactive(NotRomajiInput) romaji_capable=false japanese=true user_enabled=true was_active=false input_mode=ObservedEisu
2026-09-21T03:30:48.065643Z DEBUG awase::journal: key input seq=1201 elapsed_ms=192395 vk_code=243 is_down=false injected=false key_class="Passthrough" state_before="Idle" state_after="Idle" decision="PassThrough" physical="Allow" repeat_count=1 last_timestamp_us=192389518 last_elapsed_ms=0
2026-09-21T03:30:48.065763Z DEBUG execute_from_hook: awase_windows::runtime::executor: [relay-passthrough] PassThrough idle: direct OS pass-through (vk=0xf3 up)
2026-09-21T03:30:48.065839Z DEBUG awase_windows::hook: [hook] IME-mode vk=0xF4 down self_injected=false injected=false scan=0x29 extra=0x5350494B since_actuation_us=Some(180973580)
2026-09-21T03:30:48.065952Z DEBUG execute_one{generation=None}: awase_windows::runtime::executor: [reinject] vk=0xf3 up (queued passthrough now firing)
2026-09-21T03:30:48.066082Z DEBUG awase::journal: hook ime-mode diagnostic seq=1202 elapsed_ms=192396 vk_code=244 is_down=true self_injected=false injected=false scan=41
2026-09-21T03:30:48.066341Z DEBUG awase_windows::runtime::key_pipeline: [engine-input] vk=0xF4 KeyDown ts=192390580us delay=0ms state=Idle mods(c=false s=false a=false w=false) gas_ctrl=false phys_ctrl=false extra=0x5350494B pending_drain=0 gate_active=false l_thumb=None r_thumb=None [diag-ctx] ime_
2026-09-21T03:30:48.066390Z DEBUG awase::engine::engine: [diag-engine-active] ime_on=true なのに非活性: reason=Inactive(NotRomajiInput) romaji_capable=false japanese=true user_enabled=true was_active=false input_mode=ObservedEisu
2026-09-21T03:30:48.066465Z DEBUG awase::journal: key input seq=1203 elapsed_ms=192396 vk_code=244 is_down=true injected=false key_class="Passthrough" state_before="Idle" state_after="Idle" decision="PassThrough" physical="Allow" repeat_count=1 last_timestamp_us=192390580 last_elapsed_ms=0
2026-09-21T03:30:48.066562Z DEBUG awase_windows::runtime::key_pipeline: may_change_ime key passed through → IME refresh scheduled (20ms)
2026-09-21T03:30:48.066619Z  INFO awase_windows::runtime::key_pipeline: [mode-key-follow] mode key PassThrough(vk=0xF4): IME refresh scheduled (20ms)
2026-09-21T03:30:48.067576Z DEBUG awase_windows::runtime::key_pipeline: [key-effect-predict] vk=0xF4 status=Pre: no prediction
2026-09-21T03:30:48.067680Z DEBUG execute_from_hook: awase_windows::runtime::executor: [relay-passthrough] PassThrough idle: direct OS pass-through (vk=0xf4 down)
2026-09-21T03:30:48.067862Z DEBUG execute_one{generation=None}: awase_windows::runtime::executor: [reinject] vk=0xf4 down (queued passthrough now firing)
2026-09-21T03:30:48.067994Z DEBUG awase_windows::hook: [hook] IME-mode vk=0xF4 down self_injected=true injected=true scan=0x0 extra=0x4B45594D since_actuation_us=Some(180975734)
2026-09-21T03:30:48.069509Z DEBUG awase::journal: hook ime-mode diagnostic seq=1204 elapsed_ms=192399 vk_code=244 is_down=true self_injected=true injected=true scan=0
2026-09-21T03:30:48.075264Z  INFO awase_windows::tsf::win_event_obs: [gji-obs] candidate HIDE: last_gji_write=1938ms ago
2026-09-21T03:30:48.078179Z DEBUG awase_windows::tsf::gji_monitor: [gji-io] WRITE: w_ops=+2 w_KB=+0.3 (r_ops=+4 x_ops=+4 x_KB=+0.0)
2026-09-21T03:30:48.087632Z DEBUG awase_windows::runtime::ime_refresh: Explicit intent: bypassing typing-idle guard for IME verify (idle=31ms)
2026-09-21T03:30:48.087705Z DEBUG awase_windows::observer::ime_observer: IME snapshot: japanese=Some(true) ime_on=Some(false) romaji=None conv=Some("0x00000010") guard=false
2026-09-21T03:30:48.087817Z DEBUG awase::journal: ime event seq=1205 elapsed_ms=192417 event_kind="ObserverReported"
2026-09-21T03:30:48.087886Z DEBUG awase::journal: ime event seq=1206 elapsed_ms=192418 event_kind="ModeKeyPassedThrough"
2026-09-21T03:30:48.087907Z  INFO awase_windows::runtime::ime_refresh: [mode-key-follow] observation arrived after mode key pass: intents invalidated
2026-09-21T03:30:48.152136Z DEBUG awase_windows::runtime::ime_refresh: Explicit intent: bypassing typing-idle guard for IME verify (idle=94ms)
2026-09-21T03:30:48.152198Z DEBUG awase_windows::observer::ime_observer: IME snapshot: japanese=Some(true) ime_on=Some(false) romaji=None conv=Some("0x00000010") guard=false
2026-09-21T03:30:48.152292Z DEBUG awase::journal: ime event seq=1207 elapsed_ms=192482 event_kind="ObserverReported"
2026-09-21T03:30:48.152328Z  INFO awase_windows::runtime::ime_refresh: [mode-key-follow] observation arrived after mode key pass: intents invalidated
2026-09-21T03:30:48.224877Z DEBUG awase_windows::runtime::ime_refresh: Explicit intent: bypassing typing-idle guard for IME verify (idle=172ms)
2026-09-21T03:30:48.224934Z DEBUG awase_windows::observer::ime_observer: IME snapshot: japanese=Some(true) ime_on=Some(false) romaji=None conv=Some("0x00000010") guard=false
2026-09-21T03:30:48.225020Z DEBUG awase::journal: ime event seq=1208 elapsed_ms=192555 event_kind="ObserverReported"
2026-09-21T03:30:48.225054Z  INFO awase_windows::runtime::ime_refresh: [mode-key-follow] observation arrived after mode key pass: intents invalidated
2026-09-21T03:30:48.303418Z DEBUG awase_windows::runtime::ime_refresh: Explicit intent: bypassing typing-idle guard for IME verify (idle=250ms)
2026-09-21T03:30:48.303459Z DEBUG awase_windows::observer::ime_observer: IME snapshot: japanese=Some(true) ime_on=Some(false) romaji=None conv=Some("0x00000010") guard=false
2026-09-21T03:30:48.303540Z DEBUG awase::journal: ime event seq=1209 elapsed_ms=192633 event_kind="ObserverReported"
2026-09-21T03:30:48.303564Z  INFO awase_windows::runtime::ime_refresh: [mode-key-follow] observation arrived after mode key pass: intents invalidated
2026-09-21T03:30:48.384622Z DEBUG awase_windows::runtime::ime_refresh: Skipping observer/SSOT write: typing active (idle=328ms)
2026-09-21T03:30:48.895883Z DEBUG awase_windows::observer::ime_observer: IME snapshot: japanese=Some(true) ime_on=Some(false) romaji=None conv=Some("0x00000010") guard=false
2026-09-21T03:30:48.895976Z DEBUG awase::journal: ime event seq=1210 elapsed_ms=193226 event_kind="ObserverReported"
2026-09-21T03:30:49.416974Z DEBUG awase_windows::observer::ime_observer: IME snapshot: japanese=Some(true) ime_on=Some(false) romaji=None conv=Some("0x00000010") guard=false
2026-09-21T03:30:49.417059Z DEBUG awase::journal: ime event seq=1211 elapsed_ms=193747 event_kind="ObserverReported"
2026-09-21T03:30:49.917118Z DEBUG awase_windows::observer::ime_observer: IME snapshot: japanese=Some(true) ime_on=Some(false) romaji=None conv=Some("0x00000010") guard=false
2026-09-21T03:30:49.917256Z DEBUG awase::journal: ime event seq=1212 elapsed_ms=194247 event_kind="ObserverReported"
2026-09-21T03:30:49.990825Z DEBUG awase_windows::runtime::key_pipeline: [engine-input] vk=0x41 KeyDown ts=194315116us delay=0ms state=Idle mods(c=false s=false a=false w=false) gas_ctrl=false phys_ctrl=false extra=0x5350494B pending_drain=0 gate_active=false l_thumb=None r_thumb=None [diag-ctx] ime_
2026-09-21T03:30:49.990936Z DEBUG awase::journal: key input seq=1213 elapsed_ms=194321 vk_code=65 is_down=true injected=false key_class="Char" state_before="Idle" state_after="Idle" decision="PassThrough" physical="Allow" repeat_count=1 last_timestamp_us=194315116 last_elapsed_ms=0
2026-09-21T03:30:49.991105Z DEBUG execute_one{generation=None}: awase_windows::runtime::executor: [reinject] vk=0x41 down (queued passthrough now firing)
2026-09-21T03:30:49.993060Z DEBUG awase_windows::platform: [gji-fsm] EndComposition (candidate HIDE) epoch=FocusEpoch(8)
2026-09-21T03:30:49.993385Z DEBUG awase::journal: gji fsm transition seq=1214 elapsed_ms=194323 trigger="EndComposition(candidate HIDE, epoch=FocusEpoch(8))" state_before="OnComposing(Warm)" state_after="OnWarm"
2026-09-21T03:30:50.131317Z DEBUG awase_windows::runtime::key_pipeline: [engine-input] vk=0x41 KeyUp ts=194455408us delay=0ms state=Idle mods(c=false s=false a=false w=false) gas_ctrl=false phys_ctrl=false extra=0x5350494B pending_drain=0 gate_active=false l_thumb=None r_thumb=None [diag-ctx] ime_on
2026-09-21T03:30:50.131508Z DEBUG awase::journal: key input seq=1215 elapsed_ms=194461 vk_code=65 is_down=false injected=false key_class="Char" state_before="Idle" state_after="Idle" decision="PassThrough" physical="Allow" repeat_count=1 last_timestamp_us=194455408 last_elapsed_ms=0
2026-09-21T03:30:50.131813Z DEBUG execute_one{generation=None}: awase_windows::runtime::executor: [reinject] vk=0x41 up (queued passthrough now firing)
2026-09-21T03:30:50.427396Z DEBUG awase_windows::runtime::ime_refresh: Skipping observer/SSOT write: typing active (idle=297ms)
2026-09-21T03:30:50.945496Z DEBUG awase_windows::observer::ime_observer: IME snapshot: japanese=Some(true) ime_on=Some(false) romaji=None conv=Some("0x00000010") guard=false
2026-09-21T03:30:50.945560Z DEBUG awase::journal: ime event seq=1216 elapsed_ms=195275 event_kind="ObserverReported"
2026-09-21T03:30:51.451771Z DEBUG awase_windows::observer::ime_observer: IME snapshot: japanese=Some(true) ime_on=Some(false) romaji=None conv=Some("0x00000010") guard=false
2026-09-21T03:30:51.451894Z DEBUG awase::journal: ime event seq=1217 elapsed_ms=195782 event_kind="ObserverReported"
2026-09-21T03:30:51.930712Z DEBUG awase_windows::runtime::key_pipeline: [engine-input] vk=0x0D KeyDown ts=196254977us delay=0ms state=Idle mods(c=false s=false a=false w=false) gas_ctrl=false phys_ctrl=false extra=0x5350494B pending_drain=0 gate_active=false l_thumb=None r_thumb=None [diag-ctx] ime_
2026-09-21T03:30:51.930811Z DEBUG awase::journal: key input seq=1218 elapsed_ms=196261 vk_code=13 is_down=true injected=false key_class="Passthrough" state_before="Idle" state_after="Idle" decision="PassThrough" physical="Allow" repeat_count=1 last_timestamp_us=196254977 last_elapsed_ms=0
2026-09-21T03:30:51.930904Z DEBUG execute_from_hook: awase_windows::runtime::executor: [relay-passthrough] PassThrough idle: direct OS pass-through (vk=0x0d down)
2026-09-21T03:30:51.930973Z DEBUG execute_one{generation=None}: awase_windows::runtime::executor: [reinject] vk=0x0d down (queued passthrough now firing)
2026-09-21T03:30:51.949926Z DEBUG awase_windows::runtime::ime_refresh: Skipping observer/SSOT write: typing active (idle=16ms)
2026-09-21T03:30:52.055959Z DEBUG awase_windows::runtime::key_pipeline: [engine-input] vk=0x0D KeyUp ts=196380290us delay=0ms state=Idle mods(c=false s=false a=false w=false) gas_ctrl=false phys_ctrl=false extra=0x5350494B pending_drain=0 gate_active=false l_thumb=None r_thumb=None [diag-ctx] ime_on
2026-09-21T03:30:52.056037Z DEBUG awase::journal: key input seq=1219 elapsed_ms=196386 vk_code=13 is_down=false injected=false key_class="Passthrough" state_before="Idle" state_after="Idle" decision="PassThrough" physical="Allow" repeat_count=1 last_timestamp_us=196380290 last_elapsed_ms=0
2026-09-21T03:30:52.056120Z DEBUG execute_from_hook: awase_windows::runtime::executor: [relay-passthrough] PassThrough idle: direct OS pass-through (vk=0x0d up)
2026-09-21T03:30:52.056170Z DEBUG execute_one{generation=None}: awase_windows::runtime::executor: [reinject] vk=0x0d up (queued passthrough now firing)
2026-09-21T03:30:52.447467Z DEBUG awase_windows::runtime::ime_refresh: Skipping observer/SSOT write: typing active (idle=391ms)
2026-09-21T03:30:52.950259Z DEBUG awase_windows::observer::ime_observer: IME snapshot: japanese=Some(true) ime_on=Some(false) romaji=None conv=Some("0x00000010") guard=false
2026-09-21T03:30:52.950359Z DEBUG awase::journal: ime event seq=1220 elapsed_ms=197280 event_kind="ObserverReported"
2026-09-21T03:30:53.448065Z DEBUG awase_windows::observer::ime_observer: IME snapshot: japanese=Some(true) ime_on=Some(false) romaji=None conv=Some("0x00000010") guard=false
2026-09-21T03:30:53.448136Z DEBUG awase::journal: ime event seq=1221 elapsed_ms=197778 event_kind="ObserverReported"
2026-09-21T03:30:53.865359Z DEBUG awase_windows::hook: [hook] IME-mode vk=0xF0 up self_injected=false injected=false scan=0x70 extra=0x5350494B since_actuation_us=Some(186773086)
2026-09-21T03:30:53.865507Z DEBUG awase::journal: hook ime-mode diagnostic seq=1222 elapsed_ms=198195 vk_code=240 is_down=false self_injected=false injected=false scan=112
2026-09-21T03:30:53.865671Z DEBUG awase_windows::hook: [hook] IME-mode vk=0xF2 down self_injected=false injected=false scan=0x70 extra=0x5350494B since_actuation_us=Some(186773409)
2026-09-21T03:30:53.865672Z DEBUG awase_windows::runtime::key_pipeline: [engine-input] vk=0xF0 KeyUp ts=198189988us delay=0ms state=Idle mods(c=false s=false a=false w=false) gas_ctrl=false phys_ctrl=false extra=0x5350494B pending_drain=0 gate_active=false l_thumb=None r_thumb=None [diag-ctx] ime_on
2026-09-21T03:30:53.865757Z DEBUG awase::journal: key input seq=1223 elapsed_ms=198196 vk_code=240 is_down=false injected=false key_class="Passthrough" state_before="Idle" state_after="Idle" decision="PassThrough" physical="Allow" repeat_count=1 last_timestamp_us=198189988 last_elapsed_ms=0
2026-09-21T03:30:53.865869Z DEBUG execute_from_hook: awase_windows::runtime::executor: [relay-passthrough] PassThrough idle: direct OS pass-through (vk=0xf0 up)
2026-09-21T03:30:53.865933Z DEBUG awase::journal: hook ime-mode diagnostic seq=1224 elapsed_ms=198196 vk_code=242 is_down=true self_injected=false injected=false scan=112
2026-09-21T03:30:53.866022Z DEBUG awase_windows::runtime::key_pipeline: [engine-input] vk=0xF2 KeyDown ts=198190244us delay=0ms state=Idle mods(c=false s=false a=false w=false) gas_ctrl=false phys_ctrl=false extra=0x5350494B pending_drain=0 gate_active=false l_thumb=None r_thumb=None [diag-ctx] ime_
2026-09-21T03:30:53.866091Z DEBUG awase::journal: key input seq=1225 elapsed_ms=198196 vk_code=242 is_down=true injected=false key_class="Passthrough" state_before="Idle" state_after="Idle" decision="PassThrough" physical="Allow" repeat_count=1 last_timestamp_us=198190244 last_elapsed_ms=0
2026-09-21T03:30:53.866157Z DEBUG awase_windows::runtime::key_pipeline: may_change_ime key passed through → IME refresh scheduled (20ms)
2026-09-21T03:30:53.866200Z  INFO awase_windows::runtime::key_pipeline: [mode-key-follow] mode key PassThrough(vk=0xF2): IME refresh scheduled (20ms)
2026-09-21T03:30:53.867066Z DEBUG execute_from_hook: awase_windows::runtime::transport: [relay-defer] PassThrough deferred: pending effects, reinject(vk=0xf2 down)
2026-09-21T03:30:53.867155Z DEBUG execute_one{generation=None}: awase_windows::runtime::executor: [reinject] vk=0xf0 up (queued passthrough now firing)
2026-09-21T03:30:53.867215Z DEBUG execute_one{generation=None}: awase_windows::runtime::executor: [reinject] vk=0xf2 down (queued passthrough now firing)
2026-09-21T03:30:53.867372Z DEBUG awase_windows::hook: [hook] IME-mode vk=0xF0 up self_injected=true injected=false scan=0x0 extra=0x4B45594D since_actuation_us=Some(186775109)
2026-09-21T03:30:53.868645Z DEBUG awase_windows::hook: [hook] IME-mode vk=0xF2 down self_injected=true injected=true scan=0x0 extra=0x4B45594D since_actuation_us=Some(186776380)
2026-09-21T03:30:53.870235Z DEBUG awase::journal: hook ime-mode diagnostic seq=1226 elapsed_ms=198200 vk_code=240 is_down=false self_injected=true injected=false scan=0
2026-09-21T03:30:53.870268Z DEBUG awase::journal: hook ime-mode diagnostic seq=1227 elapsed_ms=198200 vk_code=242 is_down=true self_injected=true injected=true scan=0
2026-09-21T03:30:53.899054Z DEBUG awase_windows::runtime::ime_refresh: Explicit intent: bypassing typing-idle guard for IME verify (idle=32ms)
2026-09-21T03:30:53.899113Z DEBUG awase_windows::observer::ime_observer: IME snapshot: japanese=Some(true) ime_on=Some(false) romaji=None conv=Some("0x00000010") guard=false
2026-09-21T03:30:53.899204Z DEBUG awase::journal: ime event seq=1228 elapsed_ms=198229 event_kind="ObserverReported"
2026-09-21T03:30:53.899259Z DEBUG awase::journal: ime event seq=1229 elapsed_ms=198229 event_kind="ModeKeyPassedThrough"
2026-09-21T03:30:53.899276Z  INFO awase_windows::runtime::ime_refresh: [mode-key-follow] observation arrived after mode key pass: intents invalidated
2026-09-21T03:30:53.961037Z DEBUG awase_windows::runtime::ime_refresh: Explicit intent: bypassing typing-idle guard for IME verify (idle=94ms)
2026-09-21T03:30:53.961093Z DEBUG awase_windows::observer::ime_observer: IME snapshot: japanese=Some(true) ime_on=Some(false) romaji=None conv=Some("0x00000010") guard=false
2026-09-21T03:30:53.961182Z DEBUG awase::journal: ime event seq=1230 elapsed_ms=198291 event_kind="ObserverReported"
2026-09-21T03:30:53.961216Z  INFO awase_windows::runtime::ime_refresh: [mode-key-follow] observation arrived after mode key pass: intents invalidated
2026-09-21T03:30:54.024850Z DEBUG awase_windows::runtime::ime_refresh: Explicit intent: bypassing typing-idle guard for IME verify (idle=157ms)
2026-09-21T03:30:54.024925Z DEBUG awase_windows::observer::ime_observer: IME snapshot: japanese=Some(true) ime_on=Some(false) romaji=None conv=Some("0x00000010") guard=false
2026-09-21T03:30:54.025044Z DEBUG awase::journal: ime event seq=1231 elapsed_ms=198355 event_kind="ObserverReported"
2026-09-21T03:30:54.025090Z  INFO awase_windows::runtime::ime_refresh: [mode-key-follow] observation arrived after mode key pass: intents invalidated
2026-09-21T03:30:54.103050Z DEBUG awase_windows::runtime::ime_refresh: Explicit intent: bypassing typing-idle guard for IME verify (idle=235ms)
2026-09-21T03:30:54.103138Z DEBUG awase_windows::observer::ime_observer: IME snapshot: japanese=Some(true) ime_on=Some(false) romaji=None conv=Some("0x00000010") guard=false
2026-09-21T03:30:54.103273Z DEBUG awase::journal: ime event seq=1232 elapsed_ms=198433 event_kind="ObserverReported"
2026-09-21T03:30:54.103325Z  INFO awase_windows::runtime::ime_refresh: [mode-key-follow] observation arrived after mode key pass: intents invalidated
2026-09-21T03:30:54.181318Z DEBUG awase_windows::runtime::ime_refresh: Skipping observer/SSOT write: typing active (idle=313ms)
2026-09-21T03:30:54.682631Z DEBUG awase_windows::observer::ime_observer: IME snapshot: japanese=Some(true) ime_on=Some(false) romaji=None conv=Some("0x00000010") guard=false
2026-09-21T03:30:54.682771Z DEBUG awase::journal: ime event seq=1233 elapsed_ms=199013 event_kind="ObserverReported"
2026-09-21T03:30:55.188436Z DEBUG awase_windows::observer::ime_observer: IME snapshot: japanese=Some(true) ime_on=Some(false) romaji=None conv=Some("0x00000010") guard=false
2026-09-21T03:30:55.188532Z DEBUG awase::journal: ime event seq=1234 elapsed_ms=199518 event_kind="ObserverReported"
2026-09-21T03:30:55.691793Z DEBUG awase_windows::observer::ime_observer: IME snapshot: japanese=Some(true) ime_on=Some(false) romaji=None conv=Some("0x00000010") guard=false
2026-09-21T03:30:55.691865Z DEBUG awase::journal: ime event seq=1235 elapsed_ms=200022 event_kind="ObserverReported"
2026-09-21T03:30:55.812279Z DEBUG awase_windows::hook: [hook] IME-mode vk=0xF2 down self_injected=false injected=false scan=0x70 extra=0x5350494B since_actuation_us=Some(188719987)
2026-09-21T03:30:55.812580Z DEBUG awase::journal: hook ime-mode diagnostic seq=1236 elapsed_ms=200142 vk_code=242 is_down=true self_injected=false injected=false scan=112
2026-09-21T03:30:55.812998Z DEBUG awase_windows::runtime::key_pipeline: [engine-input] vk=0xF2 KeyDown ts=200136984us delay=0ms state=Idle mods(c=false s=false a=false w=false) gas_ctrl=false phys_ctrl=false extra=0x5350494B pending_drain=0 gate_active=false l_thumb=None r_thumb=None [diag-ctx] ime_
2026-09-21T03:30:55.813169Z DEBUG awase::journal: key input seq=1237 elapsed_ms=200143 vk_code=242 is_down=true injected=false key_class="Passthrough" state_before="Idle" state_after="Idle" decision="PassThrough" physical="Allow" repeat_count=1 last_timestamp_us=200136984 last_elapsed_ms=0
2026-09-21T03:30:55.813319Z DEBUG awase_windows::runtime::key_pipeline: may_change_ime key passed through → IME refresh scheduled (20ms)
2026-09-21T03:30:55.813410Z  INFO awase_windows::runtime::key_pipeline: [mode-key-follow] mode key PassThrough(vk=0xF2): IME refresh scheduled (20ms)
2026-09-21T03:30:55.815000Z DEBUG execute_from_hook: awase_windows::runtime::executor: [relay-passthrough] PassThrough idle: direct OS pass-through (vk=0xf2 down)
2026-09-21T03:30:55.815160Z DEBUG execute_one{generation=None}: awase_windows::runtime::executor: [reinject] vk=0xf2 down (queued passthrough now firing)
2026-09-21T03:30:55.815386Z DEBUG awase_windows::hook: [hook] IME-mode vk=0xF2 down self_injected=true injected=true scan=0x0 extra=0x4B45594D since_actuation_us=Some(188723124)
2026-09-21T03:30:55.817882Z DEBUG awase::journal: hook ime-mode diagnostic seq=1238 elapsed_ms=200148 vk_code=242 is_down=true self_injected=true injected=true scan=0
2026-09-21T03:30:55.846368Z DEBUG awase_windows::runtime::ime_refresh: Explicit intent: bypassing typing-idle guard for IME verify (idle=31ms)
2026-09-21T03:30:55.846442Z DEBUG awase_windows::observer::ime_observer: IME snapshot: japanese=Some(true) ime_on=Some(false) romaji=None conv=Some("0x00000010") guard=false
2026-09-21T03:30:55.846553Z DEBUG awase::journal: ime event seq=1239 elapsed_ms=200176 event_kind="ObserverReported"
2026-09-21T03:30:55.846619Z DEBUG awase::journal: ime event seq=1240 elapsed_ms=200177 event_kind="ModeKeyPassedThrough"
2026-09-21T03:30:55.846640Z  INFO awase_windows::runtime::ime_refresh: [mode-key-follow] observation arrived after mode key pass: intents invalidated
2026-09-21T03:30:55.909345Z DEBUG awase_windows::runtime::ime_refresh: Explicit intent: bypassing typing-idle guard for IME verify (idle=94ms)
2026-09-21T03:30:55.909420Z DEBUG awase_windows::observer::ime_observer: IME snapshot: japanese=Some(true) ime_on=Some(false) romaji=None conv=Some("0x00000010") guard=false
2026-09-21T03:30:55.909535Z DEBUG awase::journal: ime event seq=1241 elapsed_ms=200239 event_kind="ObserverReported"
2026-09-21T03:30:55.909579Z  INFO awase_windows::runtime::ime_refresh: [mode-key-follow] observation arrived after mode key pass: intents invalidated
2026-09-21T03:30:55.972314Z DEBUG awase_windows::runtime::ime_refresh: Explicit intent: bypassing typing-idle guard for IME verify (idle=156ms)
2026-09-21T03:30:55.972371Z DEBUG awase_windows::observer::ime_observer: IME snapshot: japanese=Some(true) ime_on=Some(false) romaji=None conv=Some("0x00000010") guard=false
2026-09-21T03:30:55.972445Z DEBUG awase::journal: ime event seq=1242 elapsed_ms=200302 event_kind="ObserverReported"
2026-09-21T03:30:55.972471Z  INFO awase_windows::runtime::ime_refresh: [mode-key-follow] observation arrived after mode key pass: intents invalidated
2026-09-21T03:30:56.035159Z DEBUG awase_windows::runtime::ime_refresh: Explicit intent: bypassing typing-idle guard for IME verify (idle=219ms)
2026-09-21T03:30:56.035223Z DEBUG awase_windows::observer::ime_observer: IME snapshot: japanese=Some(true) ime_on=Some(false) romaji=None conv=Some("0x00000010") guard=false
2026-09-21T03:30:56.035321Z DEBUG awase::journal: ime event seq=1243 elapsed_ms=200365 event_kind="ObserverReported"
2026-09-21T03:30:56.035375Z  INFO awase_windows::runtime::ime_refresh: [mode-key-follow] observation arrived after mode key pass: intents invalidated
2026-09-21T03:30:56.095815Z DEBUG awase_windows::runtime::ime_refresh: Explicit intent: bypassing typing-idle guard for IME verify (idle=281ms)
2026-09-21T03:30:56.095872Z DEBUG awase_windows::observer::ime_observer: IME snapshot: japanese=Some(true) ime_on=Some(false) romaji=None conv=Some("0x00000010") guard=false
2026-09-21T03:30:56.095955Z DEBUG awase::journal: ime event seq=1244 elapsed_ms=200426 event_kind="ObserverReported"
2026-09-21T03:30:56.095987Z  INFO awase_windows::runtime::ime_refresh: [mode-key-follow] observation arrived after mode key pass: intents invalidated
2026-09-21T03:30:56.159197Z DEBUG awase_windows::runtime::ime_refresh: Skipping observer/SSOT write: typing active (idle=344ms)
2026-09-21T03:30:56.664098Z DEBUG awase_windows::observer::ime_observer: IME snapshot: japanese=Some(true) ime_on=Some(false) romaji=None conv=Some("0x00000010") guard=false
2026-09-21T03:30:56.664184Z DEBUG awase::journal: ime event seq=1245 elapsed_ms=200994 event_kind="ObserverReported"
2026-09-21T03:30:57.167303Z DEBUG awase_windows::observer::ime_observer: IME snapshot: japanese=Some(true) ime_on=Some(false) romaji=None conv=Some("0x00000010") guard=false
2026-09-21T03:30:57.167369Z DEBUG awase::journal: ime event seq=1246 elapsed_ms=201497 event_kind="ObserverReported"
2026-09-21T03:30:57.670684Z DEBUG awase_windows::observer::ime_observer: IME snapshot: japanese=Some(true) ime_on=Some(false) romaji=None conv=Some("0x00000010") guard=false
2026-09-21T03:30:57.670821Z DEBUG awase::journal: ime event seq=1247 elapsed_ms=202001 event_kind="ObserverReported"
2026-09-21T03:30:57.714982Z DEBUG awase_windows::runtime::key_pipeline: [engine-input] vk=0x1C KeyDown ts=202039270us delay=0ms state=Idle mods(c=false s=false a=false w=false) gas_ctrl=false phys_ctrl=false extra=0x5350494B pending_drain=0 gate_active=false l_thumb=None r_thumb=Some(202039261) [dia
2026-09-21T03:30:57.715117Z DEBUG awase::journal: key input seq=1248 elapsed_ms=202045 vk_code=28 is_down=true injected=false key_class="RightThumb" state_before="Idle" state_after="Idle" decision="PassThrough" physical="Allow" repeat_count=1 last_timestamp_us=202039270 last_elapsed_ms=0
2026-09-21T03:30:57.715202Z  INFO awase_windows::runtime::key_pipeline: [mode-key-follow] mode key PassThrough(vk=0x1C): IME refresh scheduled (20ms)
2026-09-21T03:30:57.715713Z DEBUG awase_windows::runtime::key_pipeline: [key-effect-predict] vk=0x1C status=Direct: no prediction
2026-09-21T03:30:57.716092Z DEBUG execute_one{generation=None}: awase_windows::runtime::executor: [reinject] vk=0x1c down (queued passthrough now firing)
2026-09-21T03:30:57.730188Z DEBUG awase_windows::tsf::gji_monitor: [gji-io] WRITE: w_ops=+2 w_KB=+0.0 (r_ops=+4 x_ops=+4 x_KB=+0.0)
2026-09-21T03:30:57.750767Z DEBUG awase_windows::runtime::ime_refresh: Explicit intent: bypassing typing-idle guard for IME verify (idle=31ms)
2026-09-21T03:30:57.750821Z DEBUG awase_windows::observer::ime_observer: IME snapshot: japanese=Some(true) ime_on=Some(true) romaji=None conv=Some("0x00000010") guard=false
2026-09-21T03:30:57.750898Z DEBUG awase::journal: ime event seq=1249 elapsed_ms=202081 event_kind="ObserverReported"
2026-09-21T03:30:57.750937Z DEBUG awase::journal: ime event seq=1250 elapsed_ms=202081 event_kind="ModeKeyPassedThrough"
2026-09-21T03:30:57.750949Z  INFO awase_windows::runtime::ime_refresh: [mode-key-follow] observation arrived after mode key pass: intents invalidated
2026-09-21T03:30:57.751116Z DEBUG awase::engine::engine: [diag-engine-active] ime_on=true なのに非活性: reason=Inactive(NotRomajiInput) romaji_capable=false japanese=true user_enabled=true was_active=false input_mode=ObservedEisu
2026-09-21T03:30:57.811401Z DEBUG awase_windows::runtime::ime_refresh: Explicit intent: bypassing typing-idle guard for IME verify (idle=94ms)
2026-09-21T03:30:57.811452Z DEBUG awase_windows::observer::ime_observer: IME snapshot: japanese=Some(true) ime_on=Some(true) romaji=None conv=Some("0x00000010") guard=false
2026-09-21T03:30:57.811516Z DEBUG awase::journal: ime event seq=1251 elapsed_ms=202141 event_kind="ObserverReported"
2026-09-21T03:30:57.811585Z  INFO awase_windows::runtime::ime_refresh: [mode-key-follow] observation arrived after mode key pass: intents invalidated
2026-09-21T03:30:57.811648Z DEBUG awase::engine::engine: [diag-engine-active] ime_on=true なのに非活性: reason=Inactive(NotRomajiInput) romaji_capable=false japanese=true user_enabled=true was_active=false input_mode=ObservedEisu
2026-09-21T03:30:57.838964Z DEBUG awase_windows::runtime::key_pipeline: [engine-input] vk=0x1C KeyUp ts=202163121us delay=0ms state=Idle mods(c=false s=false a=false w=false) gas_ctrl=false phys_ctrl=false extra=0x5350494B pending_drain=0 gate_active=false l_thumb=None r_thumb=None [diag-ctx] ime_on
2026-09-21T03:30:57.839026Z DEBUG awase::engine::engine: [diag-engine-active] ime_on=true なのに非活性: reason=Inactive(NotRomajiInput) romaji_capable=false japanese=true user_enabled=true was_active=false input_mode=ObservedEisu
2026-09-21T03:30:57.839110Z DEBUG awase::journal: key input seq=1252 elapsed_ms=202169 vk_code=28 is_down=false injected=false key_class="RightThumb" state_before="Idle" state_after="Idle" decision="PassThrough" physical="Allow" repeat_count=1 last_timestamp_us=202163121 last_elapsed_ms=0
2026-09-21T03:30:57.839355Z DEBUG execute_one{generation=None}: awase_windows::runtime::executor: [reinject] vk=0x1c up (queued passthrough now firing)
2026-09-21T03:30:57.873164Z DEBUG awase_windows::runtime::ime_refresh: Explicit intent: bypassing typing-idle guard for IME verify (idle=31ms)
2026-09-21T03:30:57.873220Z DEBUG awase_windows::observer::ime_observer: IME snapshot: japanese=Some(true) ime_on=Some(true) romaji=None conv=Some("0x00000010") guard=false
2026-09-21T03:30:57.873291Z DEBUG awase::journal: ime event seq=1253 elapsed_ms=202203 event_kind="ObserverReported"
2026-09-21T03:30:57.873317Z  INFO awase_windows::runtime::ime_refresh: [mode-key-follow] observation arrived after mode key pass: intents invalidated
2026-09-21T03:30:57.873369Z DEBUG awase::engine::engine: [diag-engine-active] ime_on=true なのに非活性: reason=Inactive(NotRomajiInput) romaji_capable=false japanese=true user_enabled=true was_active=false input_mode=ObservedEisu
2026-09-21T03:30:57.938219Z DEBUG awase_windows::runtime::ime_refresh: Explicit intent: bypassing typing-idle guard for IME verify (idle=94ms)
2026-09-21T03:30:57.938280Z DEBUG awase_windows::observer::ime_observer: IME snapshot: japanese=Some(true) ime_on=Some(true) romaji=None conv=Some("0x00000010") guard=false
2026-09-21T03:30:57.938358Z DEBUG awase::journal: ime event seq=1254 elapsed_ms=202268 event_kind="ObserverReported"
2026-09-21T03:30:57.938388Z  INFO awase_windows::runtime::ime_refresh: [mode-key-follow] observation arrived after mode key pass: intents invalidated
2026-09-21T03:30:57.938458Z DEBUG awase::engine::engine: [diag-engine-active] ime_on=true なのに非活性: reason=Inactive(NotRomajiInput) romaji_capable=false japanese=true user_enabled=true was_active=false input_mode=ObservedEisu
2026-09-21T03:30:58.000042Z DEBUG awase_windows::runtime::ime_refresh: Explicit intent: bypassing typing-idle guard for IME verify (idle=156ms)
2026-09-21T03:30:58.000145Z DEBUG awase_windows::observer::ime_observer: IME snapshot: japanese=Some(true) ime_on=Some(true) romaji=None conv=Some("0x00000010") guard=false
2026-09-21T03:30:58.000267Z DEBUG awase::journal: ime event seq=1255 elapsed_ms=202330 event_kind="ObserverReported"
2026-09-21T03:30:58.000314Z  INFO awase_windows::runtime::ime_refresh: [mode-key-follow] observation arrived after mode key pass: intents invalidated
2026-09-21T03:30:58.000423Z DEBUG awase::engine::engine: [diag-engine-active] ime_on=true なのに非活性: reason=Inactive(NotRomajiInput) romaji_capable=false japanese=true user_enabled=true was_active=false input_mode=ObservedEisu
2026-09-21T03:30:58.061588Z DEBUG awase_windows::runtime::ime_refresh: Skipping observer/SSOT write: typing active (idle=219ms)
2026-09-21T03:30:58.061661Z DEBUG awase::engine::engine: [diag-engine-active] ime_on=true なのに非活性: reason=Inactive(NotRomajiInput) romaji_capable=false japanese=true user_enabled=true was_active=false input_mode=ObservedEisu
2026-09-21T03:30:58.562140Z DEBUG awase_windows::observer::ime_observer: IME snapshot: japanese=Some(true) ime_on=Some(true) romaji=None conv=Some("0x00000010") guard=false
2026-09-21T03:30:58.562220Z DEBUG awase::journal: ime event seq=1256 elapsed_ms=202892 event_kind="ObserverReported"
2026-09-21T03:30:58.562285Z DEBUG awase::engine::engine: [diag-engine-active] ime_on=true なのに非活性: reason=Inactive(NotRomajiInput) romaji_capable=false japanese=true user_enabled=true was_active=false input_mode=ObservedEisu
2026-09-21T03:30:59.060054Z DEBUG awase_windows::observer::ime_observer: IME snapshot: japanese=Some(true) ime_on=Some(true) romaji=None conv=Some("0x00000010") guard=false
2026-09-21T03:30:59.060139Z DEBUG awase::journal: ime event seq=1257 elapsed_ms=203390 event_kind="ObserverReported"
2026-09-21T03:30:59.060205Z DEBUG awase::engine::engine: [diag-engine-active] ime_on=true なのに非活性: reason=Inactive(NotRomajiInput) romaji_capable=false japanese=true user_enabled=true was_active=false input_mode=ObservedEisu
2026-09-21T03:30:59.565636Z DEBUG awase_windows::observer::ime_observer: IME snapshot: japanese=Some(true) ime_on=Some(true) romaji=None conv=Some("0x00000010") guard=false
2026-09-21T03:30:59.565756Z DEBUG awase::journal: ime event seq=1258 elapsed_ms=203896 event_kind="ObserverReported"
2026-09-21T03:30:59.565850Z DEBUG awase::engine::engine: [diag-engine-active] ime_on=true なのに非活性: reason=Inactive(NotRomajiInput) romaji_capable=false japanese=true user_enabled=true was_active=false input_mode=ObservedEisu
2026-09-21T03:30:59.653417Z DEBUG awase_windows::runtime::key_pipeline: [engine-input] vk=0x1D KeyDown ts=203977540us delay=0ms state=Idle mods(c=false s=false a=false w=false) gas_ctrl=false phys_ctrl=false extra=0x5350494B pending_drain=0 gate_active=false l_thumb=Some(203977522) r_thumb=None [dia
2026-09-21T03:30:59.653482Z DEBUG awase::engine::engine: [diag-engine-active] ime_on=true なのに非活性: reason=Inactive(NotRomajiInput) romaji_capable=false japanese=true user_enabled=true was_active=false input_mode=ObservedEisu
2026-09-21T03:30:59.653560Z DEBUG awase::journal: key input seq=1259 elapsed_ms=203984 vk_code=29 is_down=true injected=false key_class="LeftThumb" state_before="Idle" state_after="Idle" decision="PassThrough" physical="Allow" repeat_count=1 last_timestamp_us=203977540 last_elapsed_ms=0
2026-09-21T03:30:59.653657Z  INFO awase_windows::runtime::key_pipeline: [mode-key-follow] mode key PassThrough(vk=0x1D): IME refresh scheduled (20ms)
2026-09-21T03:30:59.654556Z  INFO awase_windows::runtime::key_pipeline: [key-effect-predict] vk=0x1D status=Pre open=Some(false) mode=None
2026-09-21T03:30:59.654625Z DEBUG awase::journal: ime event seq=1260 elapsed_ms=203985 event_kind="KeyEffectPredicted"
2026-09-21T03:30:59.654832Z DEBUG execute_one{generation=None}: awase_windows::runtime::executor: [reinject] vk=0x1d down (queued passthrough now firing)
2026-09-21T03:30:59.668560Z DEBUG awase_windows::tsf::gji_monitor: [gji-io] WRITE: w_ops=+2 w_KB=+0.0 (r_ops=+4 x_ops=+4 x_KB=+0.0)
2026-09-21T03:30:59.689638Z DEBUG awase_windows::runtime::ime_refresh: Explicit intent: bypassing typing-idle guard for IME verify (idle=31ms)
2026-09-21T03:30:59.689696Z DEBUG awase_windows::observer::ime_observer: IME snapshot: japanese=Some(true) ime_on=Some(false) romaji=None conv=Some("0x00000010") guard=false
2026-09-21T03:30:59.689829Z DEBUG reduce: awase_windows::state::ime_model: [key-effect-fence] axis=open stale observation ignored: observed=false predicted=false age_ms=31
2026-09-21T03:30:59.689882Z DEBUG awase::journal: ime event seq=1261 elapsed_ms=204020 event_kind="ObserverReported"
2026-09-21T03:30:59.689976Z DEBUG awase::journal: ime event seq=1262 elapsed_ms=204020 event_kind="ModeKeyPassedThrough"
2026-09-21T03:30:59.690000Z  INFO awase_windows::runtime::ime_refresh: [mode-key-follow] observation arrived after mode key pass: intents invalidated
2026-09-21T03:30:59.749912Z DEBUG awase_windows::runtime::ime_refresh: Explicit intent: bypassing typing-idle guard for IME verify (idle=93ms)
2026-09-21T03:30:59.749956Z DEBUG awase_windows::observer::ime_observer: IME snapshot: japanese=Some(true) ime_on=Some(false) romaji=None conv=Some("0x00000010") guard=false
2026-09-21T03:30:59.750036Z DEBUG reduce: awase_windows::state::ime_model: [key-effect-fence] axis=open stale observation ignored: observed=false predicted=false age_ms=93
2026-09-21T03:30:59.750077Z DEBUG awase::journal: ime event seq=1263 elapsed_ms=204080 event_kind="ObserverReported"
2026-09-21T03:30:59.750111Z  INFO awase_windows::runtime::ime_refresh: [mode-key-follow] observation arrived after mode key pass: intents invalidated
2026-09-21T03:30:59.779185Z DEBUG awase_windows::runtime::key_pipeline: [engine-input] vk=0x1D KeyUp ts=204103492us delay=0ms state=Idle mods(c=false s=false a=false w=false) gas_ctrl=false phys_ctrl=false extra=0x5350494B pending_drain=0 gate_active=false l_thumb=None r_thumb=None [diag-ctx] ime_on
2026-09-21T03:30:59.779264Z DEBUG awase::journal: key input seq=1264 elapsed_ms=204109 vk_code=29 is_down=false injected=false key_class="LeftThumb" state_before="Idle" state_after="Idle" decision="PassThrough" physical="Allow" repeat_count=1 last_timestamp_us=204103492 last_elapsed_ms=0
2026-09-21T03:30:59.779388Z DEBUG execute_one{generation=None}: awase_windows::runtime::executor: [reinject] vk=0x1d up (queued passthrough now firing)
2026-09-21T03:30:59.813010Z DEBUG awase_windows::runtime::ime_refresh: Explicit intent: bypassing typing-idle guard for IME verify (idle=31ms)
2026-09-21T03:30:59.813096Z DEBUG awase_windows::observer::ime_observer: IME snapshot: japanese=Some(true) ime_on=Some(false) romaji=None conv=Some("0x00000010") guard=false
2026-09-21T03:30:59.813175Z DEBUG reduce: awase_windows::state::ime_model: [key-effect-confirmed] axis=open value=false
2026-09-21T03:30:59.813213Z DEBUG awase::journal: ime event seq=1265 elapsed_ms=204143 event_kind="ObserverReported"
2026-09-21T03:30:59.813246Z  INFO awase_windows::runtime::ime_refresh: [mode-key-follow] observation arrived after mode key pass: intents invalidated
2026-09-21T03:30:59.876683Z DEBUG awase_windows::runtime::ime_refresh: Explicit intent: bypassing typing-idle guard for IME verify (idle=93ms)
2026-09-21T03:30:59.876739Z DEBUG awase_windows::observer::ime_observer: IME snapshot: japanese=Some(true) ime_on=Some(false) romaji=None conv=Some("0x00000010") guard=false
2026-09-21T03:30:59.876823Z DEBUG awase::journal: ime event seq=1266 elapsed_ms=204207 event_kind="ObserverReported"
2026-09-21T03:30:59.876855Z  INFO awase_windows::runtime::ime_refresh: [mode-key-follow] observation arrived after mode key pass: intents invalidated
2026-09-21T03:30:59.940477Z DEBUG awase_windows::runtime::ime_refresh: Explicit intent: bypassing typing-idle guard for IME verify (idle=156ms)
2026-09-21T03:30:59.940542Z DEBUG awase_windows::observer::ime_observer: IME snapshot: japanese=Some(true) ime_on=Some(false) romaji=None conv=Some("0x00000010") guard=false
2026-09-21T03:30:59.940639Z DEBUG awase::journal: ime event seq=1267 elapsed_ms=204271 event_kind="ObserverReported"
2026-09-21T03:30:59.940677Z  INFO awase_windows::runtime::ime_refresh: [mode-key-follow] observation arrived after mode key pass: intents invalidated
2026-09-21T03:30:59.999159Z DEBUG awase_windows::tsf::gji_fsm: [gji-fsm] LongIdle timeout → OnCold(Long, NotStarted)
2026-09-21T03:30:59.999202Z DEBUG awase::journal: gji fsm transition seq=1268 elapsed_ms=204329 trigger="LongIdleTimeout" state_before="OnWarm" state_after="OnCold(Long)"
2026-09-21T03:31:00.003323Z DEBUG awase_windows::runtime::ime_refresh: Skipping observer/SSOT write: typing active (idle=218ms)
2026-09-21T03:31:00.503155Z DEBUG awase_windows::observer::ime_observer: IME snapshot: japanese=Some(true) ime_on=Some(false) romaji=None conv=Some("0x00000010") guard=false
2026-09-21T03:31:00.503292Z DEBUG awase::journal: ime event seq=1269 elapsed_ms=204833 event_kind="ObserverReported"
2026-09-21T03:31:01.009286Z DEBUG awase_windows::observer::ime_observer: IME snapshot: japanese=Some(true) ime_on=Some(false) romaji=None conv=Some("0x00000010") guard=false
2026-09-21T03:31:01.009356Z DEBUG awase::journal: ime event seq=1270 elapsed_ms=205339 event_kind="ObserverReported"
2026-09-21T03:31:01.512929Z DEBUG awase_windows::observer::ime_observer: IME snapshot: japanese=Some(true) ime_on=Some(false) romaji=None conv=Some("0x00000010") guard=false
2026-09-21T03:31:01.512995Z DEBUG awase::journal: ime event seq=1271 elapsed_ms=205843 event_kind="ObserverReported"
2026-09-21T03:31:02.022560Z DEBUG awase_windows::observer::ime_observer: IME snapshot: japanese=Some(true) ime_on=Some(false) romaji=None conv=Some("0x00000010") guard=false
2026-09-21T03:31:02.022646Z DEBUG awase::journal: ime event seq=1272 elapsed_ms=206353 event_kind="ObserverReported"
2026-09-21T03:31:02.538363Z DEBUG awase_windows::observer::ime_observer: IME snapshot: japanese=Some(true) ime_on=Some(false) romaji=None conv=Some("0x00000010") guard=false
2026-09-21T03:31:02.538428Z DEBUG awase::journal: ime event seq=1273 elapsed_ms=206869 event_kind="ObserverReported"
2026-09-21T03:31:03.042067Z DEBUG awase_windows::tsf::gji_monitor: [gji-io] WRITE: w_ops=+1 w_KB=+0.0 (r_ops=+2 x_ops=+2 x_KB=+0.0)
2026-09-21T03:31:03.043087Z DEBUG awase_windows::runtime: [focus-sync] hwnd=0x2A02F8 class="HwndWrapper[pushbullet_client.exe;;94662a1e-13a2-4b0b-bd32-53ed4716af73]" app_kind=Win32 hint=Default → mode=Unicode
2026-09-21T03:31:03.043224Z DEBUG awase_windows::tsf::tsf_gate: [tsf-gate] focus change → PendingWarmup (held cleared)
2026-09-21T03:31:03.067811Z DEBUG awase_windows::tsf::gji_monitor: [gji-io] r_ops=+0 w_ops=+0 x_ops=+4 read_KB=+0.0 x_KB=+0.0
2026-09-21T03:31:03.104456Z DEBUG apply_focus_probe_result: awase_windows::runtime::focus_tracking: Focus kind changed: TextInput → Undetermined (reason=Undetermined)
2026-09-21T03:31:03.104907Z DEBUG apply_focus_probe_result: awase::journal: focus transition seq=1274 elapsed_ms=207435 changed_process=true changed_window=true changed_app_kind=false changed_focus_kind=true dwell_ms=196016 profile="ImmCross"
2026-09-21T03:31:03.105448Z  INFO apply_focus_probe_result: awase_windows::runtime::focus_tracking: FocusChange [22816→2116] HwndWrapper[pushbullet_client.exe;;94662a1e-13a2-4b0b-bd32-53ed4716af73]: stale ime_on=false intent=None mode=ObservedEisu japanese=true
2026-09-21T03:31:03.105527Z DEBUG apply_focus_probe_result: awase_windows::tsf::probe: [composition] focus changed → marked cold
2026-09-21T03:31:03.105571Z DEBUG apply_focus_probe_result: awase_windows::runtime: [keymap] active rules recomputed: 0 rule(s) for process="pushbullet_client.exe"
2026-09-21T03:31:03.105608Z DEBUG apply_focus_probe_result: awase_windows::runtime::focus_tracking: [keymap] active rules updated on focus change: 0 rule(s) (hwnd=HWND(0x2a02f8) kind=Undetermined focus_epoch=3)
2026-09-21T03:31:03.105680Z DEBUG apply_focus_probe_result:reduce: awase_windows::state::ime_model: [explicit-intent] cleared (focus change)
2026-09-21T03:31:03.105740Z DEBUG apply_focus_probe_result: awase::journal: ime event seq=1275 elapsed_ms=207436 event_kind="FocusChanged"
2026-09-21T03:31:03.105890Z DEBUG apply_focus_probe_result: awase::journal: ime event seq=1276 elapsed_ms=207436 event_kind="HwndCacheRestored"
2026-09-21T03:31:03.105971Z DEBUG apply_focus_probe_result: awase::journal: ime event seq=1277 elapsed_ms=207436 event_kind="InputModeApplied"
2026-09-21T03:31:03.108054Z DEBUG awase_windows::observer::ime_observer: IME snapshot: japanese=Some(true) ime_on=Some(false) romaji=None conv=Some("0x00000009") guard=false
2026-09-21T03:31:03.108215Z DEBUG awase::journal: ime event seq=1278 elapsed_ms=207438 event_kind="ObserverReported"
2026-09-21T03:31:03.113131Z DEBUG awase_windows::tsf::gji_monitor: [gji-io] WRITE: w_ops=+3 w_KB=+576.3 (r_ops=+0 x_ops=+9 x_KB=+0.0)
2026-09-21T03:31:03.119578Z DEBUG awase_windows::ime_diagnostic: [ime-diag] label=focus_changed t=53474156 hwnd=0x0 pid=0 tid=2072 class="" hkl=04110411 lang=0411 imm_bridge=true imc_open=- imc_conv=- shadow_on=false shadow_romaji=false shadow_jp=false inject=Unknown dt_focus_ms=- dt_activity_ms=-
2026-09-21T03:31:03.119671Z DEBUG awase_windows::runtime::ime_refresh: [composition] focus change → marking cold
2026-09-21T03:31:03.119729Z DEBUG awase_windows::tsf::probe: [composition] marked cold reason=FocusChange idle=36328ms → next VK/TSF output will send VK_DBE_HIRAGANA warmup
2026-09-21T03:31:03.119842Z DEBUG gji_on_event{event=FocusChange { injection_mode: Unicode, gji_idle_ms: 15 }}: awase_windows::tsf::gji_fsm: [gji-fsm] FocusChange gji_idle=15ms → Short
2026-09-21T03:31:03.119948Z DEBUG awase_windows::platform: [gji-fsm] StartProbe probe_id=ProbeId(5) forces_f2=false long=false
2026-09-21T03:31:03.121284Z DEBUG awase_windows::tsf::ime_mode_fsm: [ime-mode] FocusChange → Unknown
2026-09-21T03:31:03.122887Z DEBUG awase::journal: gji fsm transition seq=1279 elapsed_ms=207450 trigger="FocusChange(gji_idle_ms=15)" state_before="OnCold(Long)" state_after="OnCold(Short)"
2026-09-21T03:31:03.122980Z DEBUG awase::journal: tsf probe started seq=1280 elapsed_ms=207450 source="GjiAction::StartProbe" cold_seq=0 probe_id=5 probe_id_present=true gji_state="OnCold(Short)" consecutive_at_start=0 pending_deferred_len=0
2026-09-21T03:31:03.123026Z DEBUG awase::journal: gji fsm transition seq=1281 elapsed_ms=207450 trigger="WarmupComplete(unicode)" state_before="OnCold(Short)" state_after="OnWarm"
2026-09-21T03:31:03.123058Z DEBUG awase::journal: tsf probe completed seq=1282 elapsed_ms=207450 outcome="UnicodeImmediate" cold_seq=18446744073709551615 cold_seq_present=false probe_id=5 probe_id_present=true duration_ms=0 tick_count=0 gji_state="OnWarm"
2026-09-21T03:31:03.123138Z DEBUG awase_windows::runtime::ime_refresh: [composition] FocusChange: send_eager_tsf_warmup called (ime_on via warmup_ime_on())
2026-09-21T03:31:03.123176Z DEBUG awase_windows::ime_controller: [warrant-shadow] chain=set_ime_open open=false origin=EventOrigin { source: SelfActuated { strategy: "focus_change_enforce_off" }, epoch: Generation(0) } warranted
2026-09-21T03:31:03.124234Z DEBUG awase_windows::runtime::ime_refresh: [composition] FocusChange: set_ime_open(false) sent=true (applied_open OFF → enforce IME OFF on new window; ADR-090 A-2: sent=false means warrant was refused, no write happened)
2026-09-21T03:31:03.128464Z DEBUG awase_windows::tsf::gji_monitor: [gji-io] r_ops=+0 w_ops=+0 x_ops=+74 read_KB=+0.0 x_KB=+0.0
2026-09-21T03:31:03.133398Z DEBUG awase_windows::ime: [idle-conv-check-diag] focused_hwnd=HWND(0x2a02f8) ime_wnd=Some(HWND(0x402ee))
2026-09-21T03:31:03.141253Z DEBUG set_ime_open_cross_process{open=false}: awase_windows::shadow_send_trace: [shadow-send] channel=ImeControl cmd=0x0006 lparam=0 issue_us=207457966
2026-09-21T03:31:03.141290Z DEBUG set_ime_open_cross_process{open=false}: awase_windows::ime: set_ime_open_for_target: hwnd=HWND(0x2a02f8) ime_wnd=HWND(0x402ee) open=false success=true send_elapsed=7ms candidate_visible=false
2026-09-21T03:31:03.142083Z DEBUG awase_windows::platform: [ime-mode] FocusProbe: checkpoint3でGJI actuationとの交錯を検知 → hint更新をabandon
2026-09-21T03:31:03.144351Z DEBUG awase::journal: ime event seq=1283 elapsed_ms=207474 event_kind="ObserverReported"
2026-09-21T03:31:03.144392Z DEBUG awase_windows::runtime::focus_tracking: [ImmCrossProbe/focus] child-hwnd IME=false → High confidence 観測記録
2026-09-21T03:31:03.643298Z DEBUG awase_windows::observer::ime_observer: IME snapshot: japanese=Some(true) ime_on=Some(false) romaji=None conv=Some("0x00000009") guard=false
2026-09-21T03:31:03.643391Z DEBUG awase::journal: ime event seq=1284 elapsed_ms=207974 event_kind="ObserverReported"
2026-09-21T03:31:04.150575Z DEBUG awase_windows::observer::ime_observer: IME snapshot: japanese=Some(true) ime_on=Some(false) romaji=None conv=Some("0x00000009") guard=false
2026-09-21T03:31:04.150673Z DEBUG awase::journal: ime event seq=1285 elapsed_ms=208481 event_kind="ObserverReported"
2026-09-21T03:31:04.669712Z DEBUG awase_windows::observer::ime_observer: IME snapshot: japanese=Some(true) ime_on=Some(false) romaji=None conv=Some("0x00000009") guard=false
2026-09-21T03:31:04.669811Z DEBUG awase::journal: ime event seq=1286 elapsed_ms=209000 event_kind="ObserverReported"
2026-09-21T03:31:05.187593Z DEBUG awase_windows::observer::ime_observer: IME snapshot: japanese=Some(true) ime_on=Some(false) romaji=None conv=Some("0x00000009") guard=false
2026-09-21T03:31:05.187665Z DEBUG awase::journal: ime event seq=1287 elapsed_ms=209518 event_kind="ObserverReported"
2026-09-21T03:31:05.693689Z DEBUG awase_windows::observer::ime_observer: IME snapshot: japanese=Some(true) ime_on=Some(false) romaji=None conv=Some("0x00000009") guard=false
2026-09-21T03:31:05.693782Z DEBUG awase::journal: ime event seq=1288 elapsed_ms=210024 event_kind="ObserverReported"
2026-09-21T03:31:05.742488Z  WARN awase_windows::runtime::message_handlers: Hook watchdog: no activity for 5968ms (OS全体の最終入力は5968ms前、OSも無操作のため単なるアイドルの可能性が高い)
2026-09-21T03:31:06.204464Z DEBUG awase_windows::observer::ime_observer: IME snapshot: japanese=Some(true) ime_on=Some(false) romaji=None conv=Some("0x00000009") guard=false
2026-09-21T03:31:06.204558Z DEBUG awase::journal: ime event seq=1289 elapsed_ms=210535 event_kind="ObserverReported"
2026-09-21T03:31:06.701526Z DEBUG awase_windows::observer::ime_observer: IME snapshot: japanese=Some(true) ime_on=Some(false) romaji=None conv=Some("0x00000009") guard=false
2026-09-21T03:31:06.701595Z DEBUG awase::journal: ime event seq=1290 elapsed_ms=211032 event_kind="ObserverReported"
2026-09-21T03:31:07.202967Z DEBUG awase_windows::observer::ime_observer: IME snapshot: japanese=Some(true) ime_on=Some(false) romaji=None conv=Some("0x00000009") guard=false
2026-09-21T03:31:07.203032Z DEBUG awase::journal: ime event seq=1291 elapsed_ms=211533 event_kind="ObserverReported"
2026-09-21T03:31:07.715023Z DEBUG awase_windows::observer::ime_observer: IME snapshot: japanese=Some(true) ime_on=Some(false) romaji=None conv=Some("0x00000009") guard=false
2026-09-21T03:31:07.715119Z DEBUG awase::journal: ime event seq=1292 elapsed_ms=212045 event_kind="ObserverReported"
2026-09-21T03:31:08.216509Z DEBUG awase_windows::observer::ime_observer: IME snapshot: japanese=Some(true) ime_on=Some(false) romaji=None conv=Some("0x00000009") guard=false
2026-09-21T03:31:08.216576Z DEBUG awase::journal: ime event seq=1293 elapsed_ms=212547 event_kind="ObserverReported"
2026-09-21T03:31:08.719780Z DEBUG awase_windows::observer::ime_observer: IME snapshot: japanese=Some(true) ime_on=Some(false) romaji=None conv=Some("0x00000009") guard=false
2026-09-21T03:31:08.719842Z DEBUG awase::journal: ime event seq=1294 elapsed_ms=213050 event_kind="ObserverReported"
2026-09-21T03:31:08.744772Z  WARN awase_windows::runtime::message_handlers: Hook watchdog: no activity for 8968ms (OS全体の最終入力は8968ms前、OSも無操作のため単なるアイドルの可能性が高い)
2026-09-21T03:31:09.221179Z DEBUG awase_windows::observer::ime_observer: IME snapshot: japanese=Some(true) ime_on=Some(false) romaji=None conv=Some("0x00000009") guard=false
2026-09-21T03:31:09.221263Z DEBUG awase::journal: ime event seq=1295 elapsed_ms=213552 event_kind="ObserverReported"
2026-09-21T03:31:09.722804Z DEBUG awase_windows::observer::ime_observer: IME snapshot: japanese=Some(true) ime_on=Some(false) romaji=None conv=Some("0x00000009") guard=false
2026-09-21T03:31:09.722872Z DEBUG awase::journal: ime event seq=1296 elapsed_ms=214053 event_kind="ObserverReported"
2026-09-21T03:31:10.224981Z DEBUG awase_windows::observer::ime_observer: IME snapshot: japanese=Some(true) ime_on=Some(false) romaji=None conv=Some("0x00000009") guard=false
2026-09-21T03:31:10.225046Z DEBUG awase::journal: ime event seq=1297 elapsed_ms=214555 event_kind="ObserverReported"
2026-09-21T03:31:10.741265Z DEBUG awase_windows::observer::ime_observer: IME snapshot: japanese=Some(true) ime_on=Some(false) romaji=None conv=Some("0x00000009") guard=false
2026-09-21T03:31:10.741324Z DEBUG awase::journal: ime event seq=1298 elapsed_ms=215072 event_kind="ObserverReported"
2026-09-21T03:31:11.263102Z DEBUG awase_windows::observer::ime_observer: IME snapshot: japanese=Some(true) ime_on=Some(false) romaji=None conv=Some("0x00000009") guard=false
2026-09-21T03:31:11.263198Z DEBUG awase::journal: ime event seq=1299 elapsed_ms=215594 event_kind="ObserverReported"
2026-09-21T03:31:11.746369Z  WARN awase_windows::runtime::message_handlers: Hook watchdog: no activity for 11968ms (OS全体の最終入力は11968ms前、OSも無操作のため単なるアイドルの可能性が高い)
2026-09-21T03:31:11.771514Z DEBUG awase_windows::observer::ime_observer: IME snapshot: japanese=Some(true) ime_on=Some(false) romaji=None conv=Some("0x00000009") guard=false
2026-09-21T03:31:11.771579Z DEBUG awase::journal: ime event seq=1300 elapsed_ms=216102 event_kind="ObserverReported"
2026-09-21T03:31:12.290772Z DEBUG awase_windows::observer::ime_observer: IME snapshot: japanese=Some(true) ime_on=Some(false) romaji=None conv=Some("0x00000009") guard=false
2026-09-21T03:31:12.290872Z DEBUG awase::journal: ime event seq=1301 elapsed_ms=216621 event_kind="ObserverReported"
2026-09-21T03:31:12.804972Z DEBUG awase_windows::observer::ime_observer: IME snapshot: japanese=Some(true) ime_on=Some(false) romaji=None conv=Some("0x00000009") guard=false
2026-09-21T03:31:12.805062Z DEBUG awase::journal: ime event seq=1302 elapsed_ms=217135 event_kind="ObserverReported"
2026-09-21T03:31:13.120413Z DEBUG awase_windows::tsf::gji_fsm: [gji-fsm] LongIdle timeout → OnCold(Long, NotStarted)
2026-09-21T03:31:13.120551Z DEBUG awase::journal: gji fsm transition seq=1303 elapsed_ms=217451 trigger="LongIdleTimeout" state_before="OnWarm" state_after="OnCold(Long)"
2026-09-21T03:31:13.316582Z DEBUG awase_windows::observer::ime_observer: IME snapshot: japanese=Some(true) ime_on=Some(false) romaji=None conv=Some("0x00000009") guard=false
2026-09-21T03:31:13.316678Z DEBUG awase::journal: ime event seq=1304 elapsed_ms=217647 event_kind="ObserverReported"
2026-09-21T03:31:13.824631Z DEBUG awase_windows::observer::ime_observer: IME snapshot: japanese=Some(true) ime_on=Some(false) romaji=None conv=Some("0x00000009") guard=false
2026-09-21T03:31:13.824694Z DEBUG awase::journal: ime event seq=1305 elapsed_ms=218155 event_kind="ObserverReported"
2026-09-21T03:31:14.344604Z DEBUG awase_windows::observer::ime_observer: IME snapshot: japanese=Some(true) ime_on=Some(false) romaji=None conv=Some("0x00000009") guard=false
2026-09-21T03:31:14.344674Z DEBUG awase::journal: ime event seq=1306 elapsed_ms=218675 event_kind="ObserverReported"
2026-09-21T03:31:14.754039Z  WARN awase_windows::runtime::message_handlers: Hook watchdog: no activity for 14968ms (OS全体の最終入力は14968ms前、OSも無操作のため単なるアイドルの可能性が高い)
2026-09-21T03:31:14.840267Z DEBUG awase_windows::observer::ime_observer: IME snapshot: japanese=Some(true) ime_on=Some(false) romaji=None conv=Some("0x00000009") guard=false
2026-09-21T03:31:14.840325Z DEBUG awase::journal: ime event seq=1307 elapsed_ms=219171 event_kind="ObserverReported"
2026-09-21T03:31:15.355534Z DEBUG awase_windows::observer::ime_observer: IME snapshot: japanese=Some(true) ime_on=Some(false) romaji=None conv=Some("0x00000009") guard=false
2026-09-21T03:31:15.355622Z DEBUG awase::journal: ime event seq=1308 elapsed_ms=219686 event_kind="ObserverReported"
2026-09-21T03:31:15.863197Z DEBUG awase_windows::observer::ime_observer: IME snapshot: japanese=Some(true) ime_on=Some(false) romaji=None conv=Some("0x00000009") guard=false
2026-09-21T03:31:15.863290Z DEBUG awase::journal: ime event seq=1309 elapsed_ms=220194 event_kind="ObserverReported"
2026-09-21T03:31:16.362531Z DEBUG awase_windows::observer::ime_observer: IME snapshot: japanese=Some(true) ime_on=Some(false) romaji=None conv=Some("0x00000009") guard=false
2026-09-21T03:31:16.362589Z DEBUG awase::journal: ime event seq=1310 elapsed_ms=220693 event_kind="ObserverReported"
2026-09-21T03:31:16.863810Z DEBUG awase_windows::observer::ime_observer: IME snapshot: japanese=Some(true) ime_on=Some(false) romaji=None conv=Some("0x00000009") guard=false
2026-09-21T03:31:16.863912Z DEBUG awase::journal: ime event seq=1311 elapsed_ms=221194 event_kind="ObserverReported"
2026-09-21T03:31:17.383339Z DEBUG awase_windows::observer::ime_observer: IME snapshot: japanese=Some(true) ime_on=Some(false) romaji=None conv=Some("0x00000009") guard=false
2026-09-21T03:31:17.383399Z DEBUG awase::journal: ime event seq=1312 elapsed_ms=221714 event_kind="ObserverReported"
2026-09-21T03:31:17.751404Z  WARN awase_windows::runtime::message_handlers: Hook watchdog: no activity for 17968ms (OS全体の最終入力は17968ms前、OSも無操作のため単なるアイドルの可能性が高い)
script error: Output type incorrect: bool (expecting ())
