2026-09-21T03:31:36.162224Z  INFO awase_windows::app::bootstrap: Keyboard Layout Emulator starting... (log → C:\Users\cuzic\scoop\persist\msys2\home\cuzic\awase\target\debug\awase.log)
2026-09-21T03:31:36.162529Z  WARN awase_windows::app::bootstrap: Running without administrator privileges — keyboard hook will not work in elevated windows (e.g. Task Manager)
2026-09-21T03:31:36.162751Z DEBUG awase::paths: is_dev_build: true (current_exe ancestry contains a directory named "target"; ADR-178 self-heal is disabled for this process)
2026-09-21T03:31:36.162988Z  INFO awase_windows::app: Loading config from: C:\Users\cuzic\scoop\persist\msys2\home\cuzic\awase\config.toml
2026-09-21T03:31:36.164938Z  INFO awase_windows::app: Default layout: nicola_keytop.yab, Threshold: 100ms
2026-09-21T03:31:36.165408Z DEBUG awase::paths: is_dev_build: true (current_exe ancestry contains a directory named "target"; ADR-178 self-heal is disabled for this process)
2026-09-21T03:31:36.167227Z  INFO awase_windows::app::bootstrap: Discovered layout: nicola (C:\Users\cuzic\scoop\persist\msys2\home\cuzic\awase\layout\nicola.yab)
2026-09-21T03:31:36.168380Z  INFO awase_windows::app::bootstrap: Discovered layout: nicola_f (C:\Users\cuzic\scoop\persist\msys2\home\cuzic\awase\layout\nicola_f.yab)
2026-09-21T03:31:36.169545Z  INFO awase_windows::app::bootstrap: Discovered layout: nicola_kakutei (C:\Users\cuzic\scoop\persist\msys2\home\cuzic\awase\layout\nicola_kakutei.yab)
2026-09-21T03:31:36.170502Z  INFO awase_windows::app::bootstrap: Discovered layout: nicola_kb232 (C:\Users\cuzic\scoop\persist\msys2\home\cuzic\awase\layout\nicola_kb232.yab)
2026-09-21T03:31:36.171504Z  INFO awase_windows::app::bootstrap: Discovered layout: nicola_keytop (C:\Users\cuzic\scoop\persist\msys2\home\cuzic\awase\layout\nicola_keytop.yab)
2026-09-21T03:31:36.172384Z  INFO awase_windows::app::bootstrap: Discovered layout: nicola_us (C:\Users\cuzic\scoop\persist\msys2\home\cuzic\awase\layout\nicola_us.yab)
2026-09-21T03:31:36.172488Z  INFO awase_windows::app::bootstrap: Available layouts: ["nicola", "nicola_f", "nicola_kakutei", "nicola_kb232", "nicola_keytop", "nicola_us"]
2026-09-21T03:31:36.172598Z  INFO awase_windows::app::bootstrap: Layout loaded: 48 normal keys, 48 left thumb keys, 48 right thumb keys
2026-09-21T03:31:36.172638Z  INFO awase_windows::app: Engine ON keys: ["Ctrl+Shift+変換"] (1 parsed)
2026-09-21T03:31:36.172650Z  INFO awase_windows::app: Engine OFF keys: ["Ctrl+Shift+無変換"] (1 parsed)
2026-09-21T03:31:36.172658Z  INFO awase_windows::app: IME control ON keys: ["Ctrl+変換"] (1 parsed)
2026-09-21T03:31:36.172665Z  INFO awase_windows::app: IME control OFF keys: ["Ctrl+無変換"] (1 parsed)
2026-09-21T03:31:36.172672Z  INFO awase_windows::app: IME control Toggle keys: ["VK_KANJI"] (1 parsed)
2026-09-21T03:31:36.172681Z  INFO awase_windows::app: IME detect keys: toggle=[] on=["IMEオン"] off=["IMEオフ"]
2026-09-21T03:31:36.180250Z  INFO awase_windows::app::bootstrap: Keyboard layout: LANGID=0x0411, Japanese=true
2026-09-21T03:31:36.196368Z  INFO awase_windows::tray: System tray icon created (elevated=false)
2026-09-21T03:31:36.397459Z DEBUG awase::journal: clock anchor seq=0 elapsed_ms=0 tick_ms=53507453 hook_us=0
2026-09-21T03:31:36.399605Z  INFO awase_windows::focus::classifier: Loaded IMM capability cache: 62 entries from C:\Users\cuzic\scoop\persist\msys2\home\cuzic\awase\target\debug\cache.toml
2026-09-21T03:31:36.474579Z  INFO awase_windows::app: N-gram model loaded from C:\Users\cuzic\scoop\persist\msys2\home\cuzic\awase\data/ngram_hiragana.csv.gz
2026-09-21T03:31:36.475407Z  INFO awase_windows::hook: Keyboard hook installed in dedicated thread (tid=13932)
2026-09-21T03:31:36.475444Z  INFO awase_windows::app::bootstrap: Toggle hotkey registered: Ctrl+Shift+F12
2026-09-21T03:31:36.475450Z  INFO awase_windows::app::bootstrap: Focus override hotkey registered: Ctrl+Shift+F11
2026-09-21T03:31:36.475455Z  INFO awase_windows::app::bootstrap: Hook installed. Running message loop...
2026-09-21T03:31:36.475467Z  INFO awase_windows::app::bootstrap: Focus event hook installed
2026-09-21T03:31:36.475479Z  INFO awase_windows::tsf::win_event_obs: [obs-hook] OBJECT_SHOW/HIDE hook installed (GJI candidate window visibility tracking)
2026-09-21T03:31:36.475486Z  INFO awase_windows::tsf::win_event_obs: [obs-hook] EVENT_OBJECT_IME_SHOW/HIDE/CHANGE hook installed (Chrome TSF composition context probe)
2026-09-21T03:31:36.476418Z  INFO awase_windows::tsf::gji_monitor: [gji-monitor] thread started
2026-09-21T03:31:36.476896Z  INFO awase_windows::app::bootstrap: WTS session notification registered
2026-09-21T03:31:36.480405Z  INFO awase_windows::tsf::tip_detector: [tip-detect] ── EnumProfiles(JA) start ──
2026-09-21T03:31:36.480487Z  INFO awase_windows::tsf::tip_detector: [tip-detect] HKL clsid={00000000-0000-0000-0000-000000000000} profile={00000000-0000-0000-0000-000000000000} lang=0411 desc=""
2026-09-21T03:31:36.480964Z  INFO awase_windows::tsf::tip_detector: [tip-detect] TIP clsid={03B5835F-F03C-411B-9CE2-AA23E1171E36} profile={A76C93D9-5523-4E90-AAFA-4DB112F9AC76} lang=0411 desc="Microsoft IME"
2026-09-21T03:31:36.481019Z  INFO awase_windows::tsf::tip_detector: [tip-detect] TIP clsid={8F2C1A6E-3D47-4B8A-9E12-5A6F7C8D9E0F} profile={1B3D5F7A-9C2E-4F6B-8A1D-3E5F7A9C2E4F} lang=0411 desc="awaza"
2026-09-21T03:31:36.481675Z DEBUG awase::journal: focus transition seq=1 elapsed_ms=84 changed_process=true changed_window=true changed_app_kind=false changed_focus_kind=false dwell_ms=0 profile="ImmCross"
2026-09-21T03:31:36.481699Z DEBUG awase_windows::tsf::probe: [composition] focus changed → marked cold
2026-09-21T03:31:36.481710Z DEBUG awase_windows::runtime: [keymap] active rules recomputed: 0 rule(s) for process="pushbullet_client.exe"
2026-09-21T03:31:36.481718Z DEBUG awase_windows::runtime::focus_tracking: [keymap] active rules updated on focus change: 0 rule(s) (hwnd=HWND(0x2a02f8) kind=Undetermined focus_epoch=1)
2026-09-21T03:31:36.481725Z DEBUG awase_windows::runtime::focus_tracking: [focus-fence] bootstrap initial fence: FocusFence { epoch: 1, hwnd: HwndId(2753272) }
2026-09-21T03:31:36.481779Z DEBUG reduce: awase_windows::state::observation_store: [focus-fence] establish_initial_fence: FocusFence { epoch: 0, hwnd: HwndId(0) } -> FocusFence { epoch: 1, hwnd: HwndId(2753272) }
2026-09-21T03:31:36.481800Z DEBUG awase::journal: ime event seq=2 elapsed_ms=84 event_kind="InitialFocusFenceEstablished"
2026-09-21T03:31:36.481807Z DEBUG awase_windows::runtime::focus_tracking: [app-policy] bootstrap initial app_policy: profile=ImmCross
2026-09-21T03:31:36.481819Z DEBUG awase::journal: ime event seq=3 elapsed_ms=84 event_kind="InitialAppPolicyEstablished"
2026-09-21T03:31:36.481824Z DEBUG awase_windows::runtime::focus_tracking: [focus] bootstrap initial current_focus: HwndId(2753272)
2026-09-21T03:31:36.481837Z DEBUG awase::journal: ime event seq=4 elapsed_ms=84 event_kind="InitialFocusHwndEstablished"
2026-09-21T03:31:36.481904Z  INFO awase_windows::tsf::tip_detector: [tip-detect] TIP clsid={D5A86FD5-5308-47EA-AD16-9C4EB160EC3C} profile={773EB24E-CA1D-4B1B-B420-FA985BB0B80D} lang=0411 desc="Google 日本語入力"
2026-09-21T03:31:36.482450Z  INFO awase_windows::tsf::tip_detector: [tip-detect] TIP clsid={8613E14C-D0C0-4161-AC0F-1DD2563286BC} profile={B37D4237-8D1A-412E-9026-538FE16DF216} lang=0000 desc="タッチ入力修正機能"
2026-09-21T03:31:36.482768Z  INFO awase_windows::tsf::tip_detector: [tip-detect] TIP clsid={F25E9F57-2FC8-4EB3-A41A-CCE5F08541E6} profile={F2510000-2FC8-4EB3-A41A-CCE5F08541E6} lang=0000 desc="タッチ入力テキストの挿入"
2026-09-21T03:31:36.482832Z  INFO awase_windows::tsf::tip_detector: [tip-detect] TIP clsid={FA445657-9379-11D6-B41A-00065B83EE53} profile={38445657-9381-11D6-B41A-00065B83EE53} lang=0000 desc="Ink Correction"
2026-09-21T03:31:36.483161Z  INFO awase_windows::tsf::tip_detector: [tip-detect] TIP clsid={DCBD6FA8-032F-11D3-B5B1-00C04FC324A1} profile={6A114E62-E11B-447F-9A58-2D354F5C9204} lang=0000 desc="音声認識"
2026-09-21T03:31:36.483187Z  INFO awase_windows::tsf::tip_detector: [tip-detect] ── EnumProfiles(JA) end ──
2026-09-21T03:31:36.483823Z  INFO awase_windows::tsf::tip_detector: [tip-detect] GJI CLSID discovered: {D5A86FD5-5308-47EA-AD16-9C4EB160EC3C}
2026-09-21T03:31:36.488137Z  INFO awase_windows::tsf::gji_monitor: [tip-detect] initial IME kind: GoogleJapaneseInput
2026-09-21T03:31:36.490026Z DEBUG awase_windows::observer::ime_observer: IME snapshot: japanese=Some(true) ime_on=Some(false) romaji=None conv=Some("0x00000009") guard=false
2026-09-21T03:31:36.490150Z DEBUG awase::journal: ime event seq=5 elapsed_ms=92 event_kind="ObserverReported"
2026-09-21T03:31:36.490195Z  INFO awase_windows::runtime::ime_refresh: ObserverPoll +15ms since focus: ime_on true → false(intent=None) 
2026-09-21T03:31:36.490492Z  INFO awase_windows::runtime::message_handlers: [runtime] IME kind sync (startup pull sync): GoogleJapaneseInput (detected=true)
2026-09-21T03:31:36.490534Z  INFO awase_windows::output::tsf_warmup_coord: [output] Switching warmup strategy → GjiFsm (GJI detected)
2026-09-21T03:31:36.490619Z  INFO awase_windows::runtime::message_handlers: [runtime] IME kind sync (WM_IME_KIND_CHANGED): GoogleJapaneseInput (detected=true)
2026-09-21T03:31:36.490643Z  INFO awase_windows::output::tsf_warmup_coord: [output] Switching warmup strategy → GjiFsm (GJI detected)
2026-09-21T03:31:36.494948Z DEBUG awase_windows::tsf::gji_monitor: [gji-monitor] found GJI process: GoogleIMEJaConverter.exe pid=10996
2026-09-21T03:31:36.494993Z  INFO awase_windows::tsf::gji_monitor: [gji-monitor] attached to GJI process (I/O monitoring enabled)
2026-09-21T03:31:37.002423Z DEBUG awase_windows::observer::ime_observer: IME snapshot: japanese=Some(true) ime_on=Some(false) romaji=None conv=Some("0x00000009") guard=false
2026-09-21T03:31:37.002463Z DEBUG awase::journal: ime event seq=6 elapsed_ms=605 event_kind="ObserverReported"
2026-09-21T03:31:37.002553Z  WARN ir_apply_drift_correction: awase_windows::runtime::ime_refresh: [drift] correction: observed=false ≠ desired=true for 512ms → set_ime_open(true) (source=ObserverPoll confidence=Medium)
2026-09-21T03:31:37.002630Z DEBUG ir_apply_drift_correction: awase::journal: ime actuation seq=7 elapsed_ms=605 target_open=true attempts=0 policy="Read" action="Send"
2026-09-21T03:31:37.002656Z DEBUG ir_apply_drift_correction: awase::journal: ime event seq=8 elapsed_ms=605 event_kind="DriftDetected"
2026-09-21T03:31:37.002683Z  INFO ir_apply_drift_correction: awase_windows::ime_controller: [warrant-shadow] chain=set_ime_open open=true origin=EventOrigin { source: SelfActuated { strategy: "drift_correction_read" }, epoch: Generation(0) } would_have_blocked=true (A-1 shadow: 書き込みは止めない。A-2 で強制する際の
2026-09-21T03:31:37.505301Z DEBUG awase_windows::observer::ime_observer: IME snapshot: japanese=Some(true) ime_on=Some(false) romaji=None conv=Some("0x00000009") guard=false
2026-09-21T03:31:37.505367Z DEBUG awase::journal: ime event seq=9 elapsed_ms=1108 event_kind="ObserverReported"
2026-09-21T03:31:37.505533Z  WARN ir_apply_drift_correction: awase_windows::runtime::ime_refresh: [drift] correction: observed=false ≠ desired=true for 1015ms → set_ime_open(true) (source=ObserverPoll confidence=Medium)
2026-09-21T03:31:37.505596Z DEBUG ir_apply_drift_correction: awase::journal: ime actuation seq=10 elapsed_ms=1108 target_open=true attempts=1 policy="Read" action="Send"
2026-09-21T03:31:37.505625Z DEBUG ir_apply_drift_correction: awase::journal: ime event seq=11 elapsed_ms=1108 event_kind="DriftDetected"
2026-09-21T03:31:37.505662Z  INFO ir_apply_drift_correction: awase_windows::ime_controller: [warrant-shadow] chain=set_ime_open open=true origin=EventOrigin { source: SelfActuated { strategy: "drift_correction_read" }, epoch: Generation(1) } would_have_blocked=true (A-1 shadow: 書き込みは止めない。A-2 で強制する際の
2026-09-21T03:31:38.022082Z DEBUG awase_windows::observer::ime_observer: IME snapshot: japanese=Some(true) ime_on=Some(false) romaji=None conv=Some("0x00000009") guard=false
2026-09-21T03:31:38.022145Z DEBUG awase::journal: ime event seq=12 elapsed_ms=1624 event_kind="ObserverReported"
2026-09-21T03:31:38.022233Z  WARN ir_apply_drift_correction: awase_windows::runtime::ime_refresh: [drift] correction: observed=false ≠ desired=true for 1532ms → set_ime_open(true) (source=ObserverPoll confidence=Medium)
2026-09-21T03:31:38.022305Z DEBUG ir_apply_drift_correction: awase::journal: ime actuation seq=13 elapsed_ms=1625 target_open=true attempts=2 policy="Read" action="Send"
2026-09-21T03:31:38.022334Z DEBUG ir_apply_drift_correction: awase::journal: ime event seq=14 elapsed_ms=1625 event_kind="DriftDetected"
2026-09-21T03:31:38.022369Z  INFO ir_apply_drift_correction: awase_windows::ime_controller: [warrant-shadow] chain=set_ime_open open=true origin=EventOrigin { source: SelfActuated { strategy: "drift_correction_read" }, epoch: Generation(2) } would_have_blocked=true (A-1 shadow: 書き込みは止めない。A-2 で強制する際の
2026-09-21T03:31:38.538845Z DEBUG awase_windows::observer::ime_observer: IME snapshot: japanese=Some(true) ime_on=Some(false) romaji=None conv=Some("0x00000009") guard=false
2026-09-21T03:31:38.538913Z DEBUG awase::journal: ime event seq=15 elapsed_ms=2141 event_kind="ObserverReported"
2026-09-21T03:31:38.539000Z  WARN ir_apply_drift_correction: awase_windows::runtime::ime_refresh: [drift] correction: observed=false ≠ desired=true for 2048ms → set_ime_open(true) (source=ObserverPoll confidence=Medium)
2026-09-21T03:31:38.539140Z DEBUG ir_apply_drift_correction: awase::journal: ime actuation seq=16 elapsed_ms=2141 target_open=true attempts=3 policy="Read" action="Send"
2026-09-21T03:31:38.539181Z DEBUG ir_apply_drift_correction: awase::journal: ime event seq=17 elapsed_ms=2141 event_kind="DriftDetected"
2026-09-21T03:31:38.539221Z  INFO ir_apply_drift_correction: awase_windows::ime_controller: [warrant-shadow] chain=set_ime_open open=true origin=EventOrigin { source: SelfActuated { strategy: "drift_correction_read" }, epoch: Generation(3) } would_have_blocked=true (A-1 shadow: 書き込みは止めない。A-2 で強制する際の
2026-09-21T03:31:39.047668Z DEBUG awase_windows::observer::ime_observer: IME snapshot: japanese=Some(true) ime_on=Some(false) romaji=None conv=Some("0x00000009") guard=false
2026-09-21T03:31:39.047731Z DEBUG awase::journal: ime event seq=18 elapsed_ms=2650 event_kind="ObserverReported"
2026-09-21T03:31:39.047942Z  WARN ir_apply_drift_correction: awase_windows::runtime::ime_refresh: [drift] correction: observed=false ≠ desired=true for 2557ms → set_ime_open(true) (source=ObserverPoll confidence=Medium)
2026-09-21T03:31:39.048045Z DEBUG ir_apply_drift_correction: awase::journal: ime actuation seq=19 elapsed_ms=2650 target_open=true attempts=4 policy="Read" action="Send"
2026-09-21T03:31:39.048181Z DEBUG ir_apply_drift_correction: awase::journal: ime event seq=20 elapsed_ms=2650 event_kind="DriftDetected"
2026-09-21T03:31:39.048292Z  INFO ir_apply_drift_correction: awase_windows::ime_controller: [warrant-shadow] chain=set_ime_open open=true origin=EventOrigin { source: SelfActuated { strategy: "drift_correction_read" }, epoch: Generation(4) } would_have_blocked=true (A-1 shadow: 書き込みは止めない。A-2 で強制する際の
2026-09-21T03:31:39.475038Z  WARN awase_windows::runtime::message_handlers: Hook watchdog: no activity for 53510531ms (OS全体の最終入力は39703ms前、OSも無操作のため単なるアイドルの可能性が高い)
2026-09-21T03:31:39.544794Z DEBUG awase_windows::observer::ime_observer: IME snapshot: japanese=Some(true) ime_on=Some(false) romaji=None conv=Some("0x00000009") guard=false
2026-09-21T03:31:39.544858Z DEBUG awase::journal: ime event seq=21 elapsed_ms=3147 event_kind="ObserverReported"
2026-09-21T03:31:39.578031Z DEBUG ir_apply_drift_correction: awase::journal: drift give-up diagnostic seq=22 elapsed_ms=3180 desired_open=true observed_open=false drift_duration_ms=3054 layout_name="nicola_keytop" half_width_alnum_toggle_active=false
2026-09-21T03:31:39.578088Z  WARN ir_apply_drift_correction: awase_windows::runtime::ime_refresh: [drift] correction: observed=false ≠ desired=true for 3054ms → set_ime_open(true) (source=ObserverPoll confidence=Medium)
2026-09-21T03:31:39.578119Z DEBUG ir_apply_drift_correction: awase::journal: ime actuation seq=23 elapsed_ms=3180 target_open=true attempts=5 policy="Read" action="Send"
2026-09-21T03:31:39.578164Z DEBUG ir_apply_drift_correction: awase::journal: ime event seq=24 elapsed_ms=3180 event_kind="DriftDetected"
2026-09-21T03:31:39.578192Z  INFO ir_apply_drift_correction: awase_windows::ime_controller: [warrant-shadow] chain=set_ime_open open=true origin=EventOrigin { source: SelfActuated { strategy: "drift_correction_read" }, epoch: Generation(5) } would_have_blocked=true (A-1 shadow: 書き込みは止めない。A-2 で強制する際の
2026-09-21T03:31:39.578361Z DEBUG awase_windows::runtime::message_handlers: WM_APP received: hwnd=HWND(0x6092a) lparam=0x0000000000000402
2026-09-21T03:31:39.578380Z DEBUG awase_windows::tray: Tray message: event=0x0402 lparam=0x0000000000000402
2026-09-21T03:31:39.582816Z DEBUG awase_windows::runtime::message_handlers: WM_APP received: hwnd=HWND(0x6092a) lparam=0x0000000000000404
2026-09-21T03:31:39.582852Z DEBUG awase_windows::tray: Tray message: event=0x0404 lparam=0x0000000000000404
2026-09-21T03:31:40.080360Z DEBUG awase_windows::observer::ime_observer: IME snapshot: japanese=Some(true) ime_on=Some(false) romaji=None conv=Some("0x00000009") guard=false
2026-09-21T03:31:40.080427Z DEBUG awase::journal: ime event seq=25 elapsed_ms=3683 event_kind="ObserverReported"
2026-09-21T03:31:40.080515Z  WARN ir_apply_drift_correction: awase_windows::runtime::ime_refresh: [drift] correction: observed=false ≠ desired=true for 3590ms → set_ime_open(true) (source=ObserverPoll confidence=Medium)
2026-09-21T03:31:40.080570Z DEBUG ir_apply_drift_correction: awase::journal: ime actuation seq=26 elapsed_ms=3683 target_open=true attempts=6 policy="Read" action="Send"
2026-09-21T03:31:40.080595Z DEBUG ir_apply_drift_correction: awase::journal: ime event seq=27 elapsed_ms=3683 event_kind="DriftDetected"
2026-09-21T03:31:40.080632Z  INFO ir_apply_drift_correction: awase_windows::ime_controller: [warrant-shadow] chain=set_ime_open open=true origin=EventOrigin { source: SelfActuated { strategy: "drift_correction_read" }, epoch: Generation(6) } would_have_blocked=true (A-1 shadow: 書き込みは止めない。A-2 で強制する際の
2026-09-21T03:31:40.576895Z DEBUG awase_windows::observer::ime_observer: IME snapshot: japanese=Some(true) ime_on=Some(false) romaji=None conv=Some("0x00000009") guard=false
2026-09-21T03:31:40.576934Z DEBUG awase::journal: ime event seq=28 elapsed_ms=4179 event_kind="ObserverReported"
2026-09-21T03:31:40.577005Z  WARN ir_apply_drift_correction: awase_windows::runtime::ime_refresh: [drift] correction: observed=false ≠ desired=true for 4086ms → set_ime_open(true) (source=ObserverPoll confidence=Medium)
2026-09-21T03:31:40.577044Z DEBUG ir_apply_drift_correction: awase::journal: ime actuation seq=29 elapsed_ms=4179 target_open=true attempts=7 policy="Read" action="Send"
2026-09-21T03:31:40.577061Z DEBUG ir_apply_drift_correction: awase::journal: ime event seq=30 elapsed_ms=4179 event_kind="DriftDetected"
2026-09-21T03:31:40.577083Z  INFO ir_apply_drift_correction: awase_windows::ime_controller: [warrant-shadow] chain=set_ime_open open=true origin=EventOrigin { source: SelfActuated { strategy: "drift_correction_read" }, epoch: Generation(7) } would_have_blocked=true (A-1 shadow: 書き込みは止めない。A-2 で強制する際の
2026-09-21T03:31:41.081053Z DEBUG awase_windows::observer::ime_observer: IME snapshot: japanese=Some(true) ime_on=Some(false) romaji=None conv=Some("0x00000009") guard=false
2026-09-21T03:31:41.081120Z DEBUG awase::journal: ime event seq=31 elapsed_ms=4683 event_kind="ObserverReported"
2026-09-21T03:31:41.081206Z  WARN ir_apply_drift_correction: awase_windows::runtime::ime_refresh: [drift] correction: observed=false ≠ desired=true for 4591ms → set_ime_open(true) (source=ObserverPoll confidence=Medium)
2026-09-21T03:31:41.081269Z DEBUG ir_apply_drift_correction: awase::journal: ime actuation seq=32 elapsed_ms=4683 target_open=true attempts=8 policy="Read" action="Send"
2026-09-21T03:31:41.081354Z DEBUG ir_apply_drift_correction: awase::journal: ime event seq=33 elapsed_ms=4684 event_kind="DriftDetected"
2026-09-21T03:31:41.081393Z  INFO ir_apply_drift_correction: awase_windows::ime_controller: [warrant-shadow] chain=set_ime_open open=true origin=EventOrigin { source: SelfActuated { strategy: "drift_correction_read" }, epoch: Generation(8) } would_have_blocked=true (A-1 shadow: 書き込みは止めない。A-2 で強制する際の
2026-09-21T03:31:41.588879Z DEBUG awase_windows::observer::ime_observer: IME snapshot: japanese=Some(true) ime_on=Some(false) romaji=None conv=Some("0x00000009") guard=false
2026-09-21T03:31:41.588977Z DEBUG awase::journal: ime event seq=34 elapsed_ms=5191 event_kind="ObserverReported"
2026-09-21T03:31:41.589110Z  WARN ir_apply_drift_correction: awase_windows::runtime::ime_refresh: [drift] correction: observed=false ≠ desired=true for 5099ms → set_ime_open(true) (source=ObserverPoll confidence=Medium)
2026-09-21T03:31:41.589283Z DEBUG ir_apply_drift_correction: awase::journal: ime actuation seq=35 elapsed_ms=5191 target_open=true attempts=9 policy="Read" action="Send"
2026-09-21T03:31:41.589353Z DEBUG ir_apply_drift_correction: awase::journal: ime event seq=36 elapsed_ms=5192 event_kind="DriftDetected"
2026-09-21T03:31:41.589418Z  INFO ir_apply_drift_correction: awase_windows::ime_controller: [warrant-shadow] chain=set_ime_open open=true origin=EventOrigin { source: SelfActuated { strategy: "drift_correction_read" }, epoch: Generation(9) } would_have_blocked=true (A-1 shadow: 書き込みは止めない。A-2 で強制する際の
2026-09-21T03:31:42.095896Z DEBUG awase_windows::observer::ime_observer: IME snapshot: japanese=Some(true) ime_on=Some(false) romaji=None conv=Some("0x00000009") guard=false
2026-09-21T03:31:42.095986Z DEBUG awase::journal: ime event seq=37 elapsed_ms=5698 event_kind="ObserverReported"
2026-09-21T03:31:42.096280Z  WARN ir_apply_drift_correction: awase_windows::runtime::ime_refresh: [drift] correction: observed=false ≠ desired=true for 5606ms → set_ime_open(true) (source=ObserverPoll confidence=Medium)
2026-09-21T03:31:42.096387Z DEBUG ir_apply_drift_correction: awase::journal: ime actuation seq=38 elapsed_ms=5699 target_open=true attempts=10 policy="Read" action="Send"
2026-09-21T03:31:42.096444Z DEBUG ir_apply_drift_correction: awase::journal: ime event seq=39 elapsed_ms=5699 event_kind="DriftDetected"
2026-09-21T03:31:42.096500Z  INFO ir_apply_drift_correction: awase_windows::ime_controller: [warrant-shadow] chain=set_ime_open open=true origin=EventOrigin { source: SelfActuated { strategy: "drift_correction_read" }, epoch: Generation(10) } would_have_blocked=true (A-1 shadow: 書き込みは止めない。A-2 で強制する際
2026-09-21T03:31:42.479178Z  WARN awase_windows::runtime::message_handlers: Hook watchdog: no activity for 53513531ms (OS全体の最終入力は42703ms前、OSも無操作のため単なるアイドルの可能性が高い)
2026-09-21T03:31:42.599287Z DEBUG awase_windows::observer::ime_observer: IME snapshot: japanese=Some(true) ime_on=Some(false) romaji=None conv=Some("0x00000009") guard=false
2026-09-21T03:31:42.599355Z DEBUG awase::journal: ime event seq=40 elapsed_ms=6202 event_kind="ObserverReported"
2026-09-21T03:31:42.599570Z  WARN ir_apply_drift_correction: awase_windows::runtime::ime_refresh: [drift] correction: observed=false ≠ desired=true for 6109ms → set_ime_open(true) (source=ObserverPoll confidence=Medium)
2026-09-21T03:31:42.599628Z DEBUG ir_apply_drift_correction: awase::journal: ime actuation seq=41 elapsed_ms=6202 target_open=true attempts=11 policy="Read" action="Send"
2026-09-21T03:31:42.599654Z DEBUG ir_apply_drift_correction: awase::journal: ime event seq=42 elapsed_ms=6202 event_kind="DriftDetected"
2026-09-21T03:31:42.599688Z  INFO ir_apply_drift_correction: awase_windows::ime_controller: [warrant-shadow] chain=set_ime_open open=true origin=EventOrigin { source: SelfActuated { strategy: "drift_correction_read" }, epoch: Generation(11) } would_have_blocked=true (A-1 shadow: 書き込みは止めない。A-2 で強制する際
2026-09-21T03:31:43.116009Z DEBUG awase_windows::observer::ime_observer: IME snapshot: japanese=Some(true) ime_on=Some(false) romaji=None conv=Some("0x00000009") guard=false
2026-09-21T03:31:43.116081Z DEBUG awase::journal: ime event seq=43 elapsed_ms=6718 event_kind="ObserverReported"
2026-09-21T03:31:43.116165Z  WARN ir_apply_drift_correction: awase_windows::runtime::ime_refresh: [drift] correction: observed=false ≠ desired=true for 6626ms → set_ime_open(true) (source=ObserverPoll confidence=Medium)
2026-09-21T03:31:43.116256Z DEBUG ir_apply_drift_correction: awase::journal: ime actuation seq=44 elapsed_ms=6718 target_open=true attempts=12 policy="Read" action="Send"
2026-09-21T03:31:43.116284Z DEBUG ir_apply_drift_correction: awase::journal: ime event seq=45 elapsed_ms=6718 event_kind="DriftDetected"
2026-09-21T03:31:43.116317Z  INFO ir_apply_drift_correction: awase_windows::ime_controller: [warrant-shadow] chain=set_ime_open open=true origin=EventOrigin { source: SelfActuated { strategy: "drift_correction_read" }, epoch: Generation(12) } would_have_blocked=true (A-1 shadow: 書き込みは止めない。A-2 で強制する際
2026-09-21T03:31:43.630497Z DEBUG awase_windows::observer::ime_observer: IME snapshot: japanese=Some(true) ime_on=Some(false) romaji=None conv=Some("0x00000009") guard=false
2026-09-21T03:31:43.630553Z DEBUG awase::journal: ime event seq=46 elapsed_ms=7233 event_kind="ObserverReported"
2026-09-21T03:31:43.630709Z  WARN ir_apply_drift_correction: awase_windows::runtime::ime_refresh: [drift] correction: observed=false ≠ desired=true for 7140ms → set_ime_open(true) (source=ObserverPoll confidence=Medium)
2026-09-21T03:31:43.630768Z DEBUG ir_apply_drift_correction: awase::journal: ime actuation seq=47 elapsed_ms=7233 target_open=true attempts=13 policy="Read" action="Send"
2026-09-21T03:31:43.630794Z DEBUG ir_apply_drift_correction: awase::journal: ime event seq=48 elapsed_ms=7233 event_kind="DriftDetected"
2026-09-21T03:31:43.630828Z  INFO ir_apply_drift_correction: awase_windows::ime_controller: [warrant-shadow] chain=set_ime_open open=true origin=EventOrigin { source: SelfActuated { strategy: "drift_correction_read" }, epoch: Generation(13) } would_have_blocked=true (A-1 shadow: 書き込みは止めない。A-2 で強制する際
2026-09-21T03:31:44.144806Z DEBUG awase_windows::observer::ime_observer: IME snapshot: japanese=Some(true) ime_on=Some(false) romaji=None conv=Some("0x00000009") guard=false
2026-09-21T03:31:44.144900Z DEBUG awase::journal: ime event seq=49 elapsed_ms=7747 event_kind="ObserverReported"
2026-09-21T03:31:44.145241Z  WARN ir_apply_drift_correction: awase_windows::runtime::ime_refresh: [drift] correction: observed=false ≠ desired=true for 7655ms → set_ime_open(true) (source=ObserverPoll confidence=Medium)
2026-09-21T03:31:44.145340Z DEBUG ir_apply_drift_correction: awase::journal: ime actuation seq=50 elapsed_ms=7748 target_open=true attempts=14 policy="Read" action="Send"
2026-09-21T03:31:44.145410Z DEBUG ir_apply_drift_correction: awase::journal: ime event seq=51 elapsed_ms=7748 event_kind="DriftDetected"
2026-09-21T03:31:44.145472Z  INFO ir_apply_drift_correction: awase_windows::ime_controller: [warrant-shadow] chain=set_ime_open open=true origin=EventOrigin { source: SelfActuated { strategy: "drift_correction_read" }, epoch: Generation(14) } would_have_blocked=true (A-1 shadow: 書き込みは止めない。A-2 で強制する際
2026-09-21T03:31:44.659725Z DEBUG awase_windows::observer::ime_observer: IME snapshot: japanese=Some(true) ime_on=Some(false) romaji=None conv=Some("0x00000009") guard=false
2026-09-21T03:31:44.659795Z DEBUG awase::journal: ime event seq=52 elapsed_ms=8262 event_kind="ObserverReported"
2026-09-21T03:31:44.659980Z  WARN ir_apply_drift_correction: awase_windows::runtime::ime_refresh: [drift] correction: observed=false ≠ desired=true for 8169ms → set_ime_open(true) (source=ObserverPoll confidence=Medium)
2026-09-21T03:31:44.660042Z DEBUG ir_apply_drift_correction: awase::journal: ime actuation seq=53 elapsed_ms=8262 target_open=true attempts=15 policy="Read" action="Send"
2026-09-21T03:31:44.660071Z DEBUG ir_apply_drift_correction: awase::journal: ime event seq=54 elapsed_ms=8262 event_kind="DriftDetected"
2026-09-21T03:31:44.660108Z  INFO ir_apply_drift_correction: awase_windows::ime_controller: [warrant-shadow] chain=set_ime_open open=true origin=EventOrigin { source: SelfActuated { strategy: "drift_correction_read" }, epoch: Generation(15) } would_have_blocked=true (A-1 shadow: 書き込みは止めない。A-2 で強制する際
2026-09-21T03:31:45.160778Z DEBUG awase_windows::observer::ime_observer: IME snapshot: japanese=Some(true) ime_on=Some(false) romaji=None conv=Some("0x00000009") guard=false
2026-09-21T03:31:45.160843Z DEBUG awase::journal: ime event seq=55 elapsed_ms=8763 event_kind="ObserverReported"
2026-09-21T03:31:45.160971Z  WARN ir_apply_drift_correction: awase_windows::runtime::ime_refresh: [drift] correction: observed=false ≠ desired=true for 8670ms → set_ime_open(true) (source=ObserverPoll confidence=Medium)
2026-09-21T03:31:45.161026Z DEBUG ir_apply_drift_correction: awase::journal: ime actuation seq=56 elapsed_ms=8763 target_open=true attempts=16 policy="Read" action="Send"
2026-09-21T03:31:45.161053Z DEBUG ir_apply_drift_correction: awase::journal: ime event seq=57 elapsed_ms=8763 event_kind="DriftDetected"
2026-09-21T03:31:45.161089Z  INFO ir_apply_drift_correction: awase_windows::ime_controller: [warrant-shadow] chain=set_ime_open open=true origin=EventOrigin { source: SelfActuated { strategy: "drift_correction_read" }, epoch: Generation(16) } would_have_blocked=true (A-1 shadow: 書き込みは止めない。A-2 で強制する際
2026-09-21T03:31:45.479145Z  WARN awase_windows::runtime::message_handlers: Hook watchdog: no activity for 53516531ms (OS全体の最終入力は45703ms前、OSも無操作のため単なるアイドルの可能性が高い)
2026-09-21T03:31:45.657242Z DEBUG awase_windows::observer::ime_observer: IME snapshot: japanese=Some(true) ime_on=Some(false) romaji=None conv=Some("0x00000009") guard=false
2026-09-21T03:31:45.657335Z DEBUG awase::journal: ime event seq=58 elapsed_ms=9260 event_kind="ObserverReported"
2026-09-21T03:31:45.657463Z  WARN ir_apply_drift_correction: awase_windows::runtime::ime_refresh: [drift] correction: observed=false ≠ desired=true for 9167ms → set_ime_open(true) (source=ObserverPoll confidence=Medium)
2026-09-21T03:31:45.657539Z DEBUG ir_apply_drift_correction: awase::journal: ime actuation seq=59 elapsed_ms=9260 target_open=true attempts=17 policy="Read" action="Send"
2026-09-21T03:31:45.657594Z DEBUG ir_apply_drift_correction: awase::journal: ime event seq=60 elapsed_ms=9260 event_kind="DriftDetected"
2026-09-21T03:31:45.657649Z  INFO ir_apply_drift_correction: awase_windows::ime_controller: [warrant-shadow] chain=set_ime_open open=true origin=EventOrigin { source: SelfActuated { strategy: "drift_correction_read" }, epoch: Generation(17) } would_have_blocked=true (A-1 shadow: 書き込みは止めない。A-2 で強制する際
2026-09-21T03:31:46.162135Z DEBUG awase_windows::observer::ime_observer: IME snapshot: japanese=Some(true) ime_on=Some(false) romaji=None conv=Some("0x00000009") guard=false
2026-09-21T03:31:46.162225Z DEBUG awase::journal: ime event seq=61 elapsed_ms=9764 event_kind="ObserverReported"
2026-09-21T03:31:46.162438Z  WARN ir_apply_drift_correction: awase_windows::runtime::ime_refresh: [drift] correction: observed=false ≠ desired=true for 9672ms → set_ime_open(true) (source=ObserverPoll confidence=Medium)
2026-09-21T03:31:46.162520Z DEBUG ir_apply_drift_correction: awase::journal: ime actuation seq=62 elapsed_ms=9765 target_open=true attempts=18 policy="Read" action="Send"
2026-09-21T03:31:46.162578Z DEBUG ir_apply_drift_correction: awase::journal: ime event seq=63 elapsed_ms=9765 event_kind="DriftDetected"
2026-09-21T03:31:46.162630Z  INFO ir_apply_drift_correction: awase_windows::ime_controller: [warrant-shadow] chain=set_ime_open open=true origin=EventOrigin { source: SelfActuated { strategy: "drift_correction_read" }, epoch: Generation(18) } would_have_blocked=true (A-1 shadow: 書き込みは止めない。A-2 で強制する際
2026-09-21T03:31:46.681634Z DEBUG awase_windows::observer::ime_observer: IME snapshot: japanese=Some(true) ime_on=Some(false) romaji=None conv=Some("0x00000009") guard=false
2026-09-21T03:31:46.681720Z DEBUG awase::journal: ime event seq=64 elapsed_ms=10284 event_kind="ObserverReported"
2026-09-21T03:31:46.681816Z  WARN ir_apply_drift_correction: awase_windows::runtime::ime_refresh: [drift] correction: observed=false ≠ desired=true for 10191ms → set_ime_open(true) (source=ObserverPoll confidence=Medium)
2026-09-21T03:31:46.681882Z DEBUG ir_apply_drift_correction: awase::journal: ime actuation seq=65 elapsed_ms=10284 target_open=true attempts=19 policy="Read" action="Send"
2026-09-21T03:31:46.681908Z DEBUG ir_apply_drift_correction: awase::journal: ime event seq=66 elapsed_ms=10284 event_kind="DriftDetected"
2026-09-21T03:31:46.681944Z  INFO ir_apply_drift_correction: awase_windows::ime_controller: [warrant-shadow] chain=set_ime_open open=true origin=EventOrigin { source: SelfActuated { strategy: "drift_correction_read" }, epoch: Generation(19) } would_have_blocked=true (A-1 shadow: 書き込みは止めない。A-2 で強制する際
2026-09-21T03:31:47.199362Z DEBUG awase_windows::observer::ime_observer: IME snapshot: japanese=Some(true) ime_on=Some(false) romaji=None conv=Some("0x00000009") guard=false
2026-09-21T03:31:47.199453Z DEBUG awase::journal: ime event seq=67 elapsed_ms=10802 event_kind="ObserverReported"
2026-09-21T03:31:47.199570Z  WARN ir_apply_drift_correction: awase_windows::runtime::ime_refresh: [drift] correction: observed=false ≠ desired=true for 10709ms → set_ime_open(true) (source=ObserverPoll confidence=Medium)
2026-09-21T03:31:47.199645Z DEBUG ir_apply_drift_correction: awase::journal: ime actuation seq=68 elapsed_ms=10802 target_open=true attempts=20 policy="Read" action="Send"
2026-09-21T03:31:47.199695Z DEBUG ir_apply_drift_correction: awase::journal: ime event seq=69 elapsed_ms=10802 event_kind="DriftDetected"
2026-09-21T03:31:47.199751Z  INFO ir_apply_drift_correction: awase_windows::ime_controller: [warrant-shadow] chain=set_ime_open open=true origin=EventOrigin { source: SelfActuated { strategy: "drift_correction_read" }, epoch: Generation(20) } would_have_blocked=true (A-1 shadow: 書き込みは止めない。A-2 で強制する際
2026-09-21T03:31:47.587544Z DEBUG awase_windows::runtime: [focus-sync] hwnd=0x8091C class="Edit" app_kind=Win32 hint=Default → mode=Unicode
2026-09-21T03:31:47.587620Z DEBUG awase_windows::tsf::tsf_gate: [tsf-gate] focus change → PendingWarmup (held cleared)
2026-09-21T03:31:47.669071Z DEBUG apply_focus_probe_result: awase_windows::runtime::focus_tracking: Focus kind changed: Undetermined → TextInput (reason=KnownTextClass(Edit))
2026-09-21T03:31:47.669272Z DEBUG apply_focus_probe_result: awase::journal: focus transition seq=70 elapsed_ms=11271 changed_process=true changed_window=true changed_app_kind=false changed_focus_kind=true dwell_ms=11187 profile="ImmCross"
2026-09-21T03:31:47.669586Z  INFO apply_focus_probe_result: awase_windows::runtime::focus_tracking: FocusChange [2116→7600] Edit: stale ime_on=false intent=None mode=ObservedRomaji japanese=true
2026-09-21T03:31:47.669626Z DEBUG apply_focus_probe_result: awase::journal: drift give-up interval ended seq=71 elapsed_ms=11272 reason="FocusChanged" interval_elapsed_ms=8124
2026-09-21T03:31:47.669660Z DEBUG apply_focus_probe_result: awase_windows::tsf::probe: [composition] focus changed → marked cold
2026-09-21T03:31:47.669687Z DEBUG apply_focus_probe_result: awase_windows::runtime: [keymap] active rules recomputed: 0 rule(s) for process="ime_key_matrix_spike.exe"
2026-09-21T03:31:47.669710Z DEBUG apply_focus_probe_result: awase_windows::runtime::focus_tracking: [keymap] active rules updated on focus change: 0 rule(s) (hwnd=HWND(0x8091c) kind=TextInput focus_epoch=2)
2026-09-21T03:31:47.669756Z DEBUG apply_focus_probe_result:reduce: awase_windows::state::ime_model: [explicit-intent] cleared (focus change)
2026-09-21T03:31:47.669791Z DEBUG apply_focus_probe_result: awase::journal: ime event seq=72 elapsed_ms=11272 event_kind="FocusChanged"
2026-09-21T03:31:47.669951Z DEBUG apply_focus_probe_result: awase_windows::runtime::focus_tracking: [focus] Imm32Unavailable hard pre-sync applied=true (prevent spurious VK_KANJI on first character key)
2026-09-21T03:31:47.670087Z DEBUG apply_focus_probe_result:gji_on_event{event=ImeOn { injection_mode: Unicode, gji_idle_ms: 11172 }}: awase_windows::tsf::gji_fsm: [gji-fsm] ImeOn gji_idle=11172ms → Long
2026-09-21T03:31:47.670159Z DEBUG apply_focus_probe_result: awase_windows::platform: [gji-fsm] StartProbe probe_id=ProbeId(0) forces_f2=true long=true
2026-09-21T03:31:47.670212Z DEBUG apply_focus_probe_result: awase_windows::platform: [gji-fsm] Unicode long-cold StartProbe: VK_IME_OFF→VK_IME_ON reinit (chars なし)
2026-09-21T03:31:47.670253Z DEBUG apply_focus_probe_result: awase_windows::output::probe_io: [chrome-reinit] cold=0 VK_IME_OFF→VK_IME_ON 強制リセット送信 + IMC ポーリング開始 (write_bytes_baseline=30514478)
2026-09-21T03:31:47.670322Z DEBUG apply_focus_probe_result: awase_windows::shadow_send_trace: [shadow-send] channel=SendInput kind=kanji_marker vk=[1A, 16] issue_us=11272868
2026-09-21T03:31:47.670803Z DEBUG awase_windows::hook: [hook] IME-mode vk=0x1A down self_injected=true injected=true scan=0x0 extra=0x4B45594A since_actuation_us=Some(492)
2026-09-21T03:31:47.672007Z DEBUG awase_windows::hook: [hook] IME-mode vk=0x1A up self_injected=true injected=true scan=0x0 extra=0x4B45594A since_actuation_us=Some(1716)
2026-09-21T03:31:47.673732Z DEBUG awase_windows::hook: [hook] IME-mode vk=0x16 down self_injected=true injected=true scan=0x0 extra=0x4B45594A since_actuation_us=Some(3428)
2026-09-21T03:31:47.674942Z DEBUG awase_windows::hook: [hook] IME-mode vk=0x16 up self_injected=true injected=true scan=0x0 extra=0x4B45594A since_actuation_us=Some(4649)
2026-09-21T03:31:47.678552Z DEBUG apply_focus_probe_result: awase_windows::tsf::ime_mode_fsm: [ime-mode] VK_IME_OFF 送信 → Off (belief, unconfirmed)
2026-09-21T03:31:47.678608Z DEBUG apply_focus_probe_result: awase_windows::tsf::ime_mode_fsm: [ime-mode] VK_IME_ON 送信 → Hiragana (belief, unconfirmed)
2026-09-21T03:31:47.678924Z DEBUG apply_focus_probe_result: awase::journal: gji fsm transition seq=73 elapsed_ms=11272 trigger="ImeOn(gji_idle_ms=11172)" state_before="OffCold" state_after="OnCold(Long)"
2026-09-21T03:31:47.678967Z DEBUG apply_focus_probe_result: awase::journal: tsf probe started seq=74 elapsed_ms=11272 source="GjiAction::StartProbe" cold_seq=0 probe_id=0 probe_id_present=true gji_state="OnCold(Long)" consecutive_at_start=0 pending_deferred_len=0
2026-09-21T03:31:47.679017Z DEBUG apply_focus_probe_result: awase::journal: gji fsm transition seq=75 elapsed_ms=11281 trigger="WarmupComplete(unicode)" state_before="OnCold(Long)" state_after="OnWarm"
2026-09-21T03:31:47.679045Z DEBUG apply_focus_probe_result: awase::journal: tsf probe completed seq=76 elapsed_ms=11281 outcome="UnicodeImmediate" cold_seq=18446744073709551615 cold_seq_present=false probe_id=0 probe_id_present=true duration_ms=16 tick_count=0 gji_state="OnWarm"
2026-09-21T03:31:47.679625Z  INFO awase::engine::engine: Engine activated (ime=true, romaji=true, japanese=true, user=true, reason=Active)
2026-09-21T03:31:47.679687Z DEBUG execute_from_loop: awase_windows::runtime::executor: [focus-settle] SetOpen(true) effect stripped from decision (focus transition barrier still settling)
2026-09-21T03:31:47.681467Z DEBUG execute_from_loop:execute_one{generation=None}: awase_windows::platform: [engine-state-key] suppressed (polling/focus-triggered, enabled=true)
2026-09-21T03:31:47.681551Z DEBUG awase_windows::runtime: [focus-settle] SetOpen stripped from execute_from_loop decision → 150ms 後に refresh で再試行
2026-09-21T03:31:47.681695Z DEBUG awase_windows::observer::ime_observer: IME snapshot: japanese=Some(true) ime_on=Some(false) romaji=None conv=Some("0x00000009") guard=false
2026-09-21T03:31:47.681799Z DEBUG awase::journal: ime event seq=77 elapsed_ms=11284 event_kind="ObserverReported"
2026-09-21T03:31:47.681877Z  INFO awase_windows::runtime::ime_refresh: ObserverPoll +16ms since focus: ime_on true → false(intent=None) 
2026-09-21T03:31:47.682923Z DEBUG awase_windows::ime_diagnostic: [ime-diag] label=focus_changed t=53518734 hwnd=0x0 pid=0 tid=23424 class="" hkl=04110411 lang=0411 imm_bridge=true imc_open=- imc_conv=- shadow_on=false shadow_romaji=false shadow_jp=false inject=Unknown dt_focus_ms=- dt_activity_ms=-
2026-09-21T03:31:47.682968Z DEBUG awase_windows::runtime::ime_refresh: [composition] focus change → marking cold
2026-09-21T03:31:47.682999Z DEBUG awase_windows::tsf::probe: [composition] marked cold reason=FocusChange idle=18446744073709551615ms → next VK/TSF output will send VK_DBE_HIRAGANA warmup
2026-09-21T03:31:47.683065Z DEBUG gji_on_event{event=FocusChange { injection_mode: Unicode, gji_idle_ms: 11188 }}: awase_windows::tsf::gji_fsm: [gji-fsm] FocusChange gji_idle=11188ms → Long
2026-09-21T03:31:47.683163Z DEBUG awase_windows::tsf::ime_mode_fsm: [ime-mode] FocusChange (0ms after VK send) → confirmed=false のみ（state=Hiragana 維持）
2026-09-21T03:31:47.683221Z DEBUG awase::journal: gji fsm transition seq=78 elapsed_ms=11285 trigger="FocusChange(gji_idle_ms=11188)" state_before="OnWarm" state_after="OnCold(Long)"
2026-09-21T03:31:47.683278Z DEBUG awase_windows::runtime::ime_refresh: [composition] FocusChange: send_eager_tsf_warmup called (ime_on via warmup_ime_on())
2026-09-21T03:31:47.683307Z DEBUG awase_windows::ime_controller: [warrant-shadow] chain=set_ime_open open=false origin=EventOrigin { source: SelfActuated { strategy: "focus_change_enforce_off" }, epoch: Generation(0) } warranted
2026-09-21T03:31:47.683412Z DEBUG awase_windows::runtime::ime_refresh: [composition] FocusChange: set_ime_open(false) sent=true (applied_open OFF → enforce IME OFF on new window; ADR-090 A-2: sent=false means warrant was refused, no write happened)
2026-09-21T03:31:47.683504Z  INFO awase::engine::engine: Engine deactivated (ime=false, romaji=true, japanese=true, user=true, reason=Inactive(ImeOff))
2026-09-21T03:31:47.683552Z DEBUG execute_from_loop: awase_windows::runtime::executor: [focus-settle] SetOpen(false) effect stripped from decision (focus transition barrier still settling)
2026-09-21T03:31:47.684784Z DEBUG execute_from_loop:execute_one{generation=None}: awase_windows::platform: [engine-state-key] suppressed (polling/focus-triggered, enabled=false)
2026-09-21T03:31:47.684897Z DEBUG awase_windows::runtime: [focus-settle] SetOpen stripped from execute_from_loop decision → 150ms 後に refresh で再試行
2026-09-21T03:31:47.685358Z DEBUG awase::journal: hook ime-mode diagnostic seq=79 elapsed_ms=11288 vk_code=26 is_down=true self_injected=true injected=true scan=0
2026-09-21T03:31:47.685408Z DEBUG awase::journal: hook ime-mode diagnostic seq=80 elapsed_ms=11288 vk_code=26 is_down=false self_injected=true injected=true scan=0
2026-09-21T03:31:47.685430Z DEBUG awase::journal: hook ime-mode diagnostic seq=81 elapsed_ms=11288 vk_code=22 is_down=true self_injected=true injected=true scan=0
2026-09-21T03:31:47.685451Z DEBUG awase::journal: hook ime-mode diagnostic seq=82 elapsed_ms=11288 vk_code=22 is_down=false self_injected=true injected=true scan=0
2026-09-21T03:31:47.686848Z DEBUG awase_windows::ime: [idle-conv-check-diag] focused_hwnd=HWND(0x8091c) ime_wnd=Some(HWND(0xf086a))
2026-09-21T03:31:47.688189Z DEBUG awase::journal: ime event seq=83 elapsed_ms=11290 event_kind="ObserverReported"
2026-09-21T03:31:47.688217Z DEBUG awase_windows::runtime::focus_tracking: [ImmCrossProbe/focus] child-hwnd IME=true → High confidence 観測記録
2026-09-21T03:31:47.689165Z DEBUG set_ime_open_cross_process{open=false}: awase_windows::shadow_send_trace: [shadow-send] channel=ImeControl cmd=0x0006 lparam=0 issue_us=11291078
2026-09-21T03:31:47.689194Z DEBUG set_ime_open_cross_process{open=false}: awase_windows::ime: set_ime_open_for_target: hwnd=HWND(0x8091c) ime_wnd=HWND(0xf086a) open=false success=true send_elapsed=0ms candidate_visible=false
2026-09-21T03:31:47.689573Z DEBUG awase_windows::tsf::gji_monitor: [gji-io] WRITE: w_ops=+5 w_KB=+0.1 (r_ops=+10 x_ops=+10 x_KB=+0.0)
2026-09-21T03:31:47.705398Z  INFO awase_windows::output::probe_io: [chrome-reinit] cold=0 GJI write_bytes 上昇検出: tick=#0 delta=+52B (+0.1KB)
2026-09-21T03:31:47.708009Z DEBUG awase_windows::ime: [idle-conv-check-diag] focused_hwnd=HWND(0x8091c) ime_wnd=Some(HWND(0xf086a))
2026-09-21T03:31:47.708881Z DEBUG awase_windows::output::probe_io: [chrome-reinit] cold=0 IMC poll #0: conv=0x00000009 NATIVE=true write_delta=+52B
2026-09-21T03:31:47.708933Z DEBUG awase_windows::output::probe_io: [chrome-reinit] cold=0 stale focus_gen=0 → ポーリング終了
2026-09-21T03:31:47.708955Z  INFO awase_windows::output::probe_io: [chrome-reinit] cold=0 ポーリング完了: total_write_delta=+52B first_write_tick=Some(1)
2026-09-21T03:31:48.203294Z DEBUG awase_windows::observer::ime_observer: IME snapshot: japanese=Some(true) ime_on=Some(false) romaji=None conv=Some("0x00000009") guard=false
2026-09-21T03:31:48.203402Z DEBUG awase::journal: ime event seq=84 elapsed_ms=11806 event_kind="ObserverReported"
2026-09-21T03:31:48.203491Z  INFO awase::engine::engine: Engine activated (ime=true, romaji=true, japanese=true, user=true, reason=Active)
2026-09-21T03:31:48.203710Z DEBUG execute_from_loop:execute_one{generation=None}:dispatch_ime_set_open{open=true generation=None}: awase_windows::runtime::executor: [dispatch-ime] ImmCross async: optimistic applied_snapshot=true (suppress send_engine_state_ime_key)
2026-09-21T03:31:48.205103Z DEBUG execute_from_loop:execute_one{generation=None}: awase_windows::platform: [engine-state-key] suppressed (polling/focus-triggered, enabled=true)
2026-09-21T03:31:48.208093Z DEBUG run_open_chain_async: awase_windows::ime_controller: [warrant-shadow] chain=async open=true origin=EventOrigin { source: SelfActuated { strategy: "engine_decision_async" }, epoch: Generation(0) } warranted
2026-09-21T03:31:48.208215Z  INFO run_open_chain_async:imm_cross_write{open=true}: awase_windows::runtime::open_chain: [apply-ime] ImmCross async: open=true composition_active=false show_seq=0 change_seq=0 (issue #138診断)
2026-09-21T03:31:48.210959Z DEBUG awase_windows::shadow_send_trace: [shadow-send] channel=ImeControl cmd=0x0006 lparam=1 issue_us=11812299
2026-09-21T03:31:48.210979Z DEBUG awase_windows::ime: set_ime_open_for_target: hwnd=HWND(0x8091c) ime_wnd=HWND(0xf086a) open=true success=true send_elapsed=1ms candidate_visible=false
2026-09-21T03:31:48.215666Z DEBUG awase_windows::shadow_send_trace: [shadow-send] channel=ImeControl cmd=0x0002 lparam=25 issue_us=11815574
2026-09-21T03:31:48.215698Z DEBUG awase_windows::ime: [imm-romaji] conv 0x00000009 → 0x00000019 success=true target=None
2026-09-21T03:31:48.216199Z DEBUG run_open_chain_async:imm_cross_write{open=true}: awase_windows::ime: [imm-cross-actuate] hwnd=HWND(0x8091c) open=Written conv=Some(Written)
2026-09-21T03:31:48.216255Z DEBUG run_open_chain_async:imm_cross_write{open=true}: awase_windows::runtime::open_chain: [apply-ime] ROMAN 補完結果: Written
2026-09-21T03:31:48.216328Z DEBUG run_open_chain_async: awase::journal: actuation decision seq=85 elapsed_ms=11819 site="DispatchImeSetOpen" caller="None" open=true chain_len=4 attempts_len=1 gate_profile="Standard" gate_kind="Gji" gate_shadow_known=true gate_shadow_on=false gate_input_mode="Observe
2026-09-21T03:31:48.216565Z DEBUG on_ime_apply_complete{open=true outcome=AppliedWithoutSendInput generation=None reason=EngineDecision}: awase::journal: ime open applied seq=86 elapsed_ms=11819 open=true outcome="AppliedWithoutSendInput" reason="EngineDecision"
2026-09-21T03:31:48.216694Z DEBUG on_ime_apply_complete{open=true outcome=AppliedWithoutSendInput generation=None reason=EngineDecision}: awase_windows::tsf::ime_mode_fsm: [ime-mode] SetOpen(true) applied → Hiragana (belief, unconfirmed)
2026-09-21T03:31:48.216732Z DEBUG on_ime_apply_complete{open=true outcome=AppliedWithoutSendInput generation=None reason=EngineDecision}: awase_windows::platform: [composition] ImeEffect::SetOpen(true) → marking cold
2026-09-21T03:31:48.216760Z DEBUG on_ime_apply_complete{open=true outcome=AppliedWithoutSendInput generation=None reason=EngineDecision}: awase_windows::tsf::probe: [composition] marked cold reason=SetOpenTrue idle=18446744073709551615ms → next VK/TSF output will send VK_DBE_HIRAGANA warmup
2026-09-21T03:31:48.216824Z DEBUG on_ime_apply_complete{open=true outcome=AppliedWithoutSendInput generation=None reason=EngineDecision}:gji_on_event{event=ImeOn { injection_mode: Unicode, gji_idle_ms: 531 }}: awase_windows::tsf::gji_fsm: [gji-fsm] ImeOn: already on (OnCold(Long)), ignored
2026-09-21T03:31:48.217114Z DEBUG awase::journal: gji fsm transition seq=87 elapsed_ms=11819 trigger="ImeOn(gji_idle_ms=531)" state_before="OnCold(Long)" state_after="OnCold(Long)"
2026-09-21T03:31:48.250314Z DEBUG awase_windows::runtime::key_pipeline: [engine-input] vk=0x0D KeyDown ts=11852480us delay=0ms state=Idle mods(c=false s=false a=false w=false) gas_ctrl=false phys_ctrl=false extra=0x5350494B pending_drain=0 gate_active=false l_thumb=None r_thumb=None [diag-ctx] ime_o
2026-09-21T03:31:48.250565Z DEBUG awase::journal: key input seq=88 elapsed_ms=11853 vk_code=13 is_down=true injected=true key_class="Passthrough" state_before="Idle" state_after="Idle" decision="PassThrough" physical="Allow" repeat_count=1 last_timestamp_us=11852480 last_elapsed_ms=0
2026-09-21T03:31:48.250735Z DEBUG execute_from_hook: awase_windows::tsf::probe: [composition] marked cold reason=PassthroughConfirmKey idle=18446744073709551615ms → next VK/TSF output will send VK_DBE_HIRAGANA warmup
2026-09-21T03:31:48.250769Z DEBUG execute_from_hook: awase_windows::tsf::probe: [mark-send] last_send_ms=53519296
2026-09-21T03:31:48.250884Z DEBUG execute_from_hook: awase_windows::platform: [composition-fsm] EmitWarmup (ConfirmKeyDown)
2026-09-21T03:31:48.250919Z DEBUG execute_from_hook: awase_windows::runtime::executor: [relay-passthrough] PassThrough idle: direct OS pass-through (vk=0x0d down)
2026-09-21T03:31:48.250959Z DEBUG awase::journal: gji fsm transition seq=89 elapsed_ms=11853 trigger="CompositionReset(gji_idle_ms=562)" state_before="OnCold(Long)" state_after="OnCold(Short)"
2026-09-21T03:31:48.251755Z DEBUG awase_windows::runtime::executor: [reinject-guard] suspending drain for 50ms (vk=0x0d)
2026-09-21T03:31:48.253202Z DEBUG awase::journal: ime event seq=90 elapsed_ms=11855 event_kind="ObserverReported"
2026-09-21T03:31:48.253284Z  INFO awase_windows::runtime::key_pipeline: FocusProbe +0ms: ime_on=true mode=ObservedRomaji [ime=GoogleJapaneseInput sig1=false gji_io=562ms sig2=false]
2026-09-21T03:31:48.255173Z DEBUG awase_windows::runtime::ime_refresh: Skipping observer/SSOT write: typing active (idle=16ms)
2026-09-21T03:31:48.257112Z DEBUG awase::journal: ime event seq=91 elapsed_ms=11859 event_kind="ObserverReported"
2026-09-21T03:31:48.257145Z DEBUG awase_windows::runtime::key_pipeline: [ImmCrossProbe] child-hwnd IME=true → High confidence 観測記録
2026-09-21T03:31:48.257183Z DEBUG awase_windows::observer::ime_observer: IME snapshot: japanese=Some(true) ime_on=Some(true) romaji=Some(true) conv=Some("0x00000019") guard=false
2026-09-21T03:31:48.257223Z DEBUG awase::journal: ime event seq=92 elapsed_ms=11859 event_kind="InputModeObserved"
2026-09-21T03:31:48.311787Z DEBUG execute_one{generation=None}: awase_windows::runtime::executor: [reinject] vk=0x0d down (queued passthrough now firing)
2026-09-21T03:31:48.312209Z DEBUG execute_one{generation=None}: awase_windows::platform: [composition] reinject KeyDown vk=0x0d → marking cold + eager warmup
2026-09-21T03:31:48.312305Z DEBUG execute_one{generation=None}: awase_windows::tsf::probe: [composition] marked cold reason=ReinjectConfirmKey idle=63ms → next VK/TSF output will send VK_DBE_HIRAGANA warmup
2026-09-21T03:31:48.312367Z DEBUG execute_one{generation=None}: awase_windows::tsf::probe: [mark-send] last_send_ms=53519359
2026-09-21T03:31:48.316847Z DEBUG awase::journal: gji fsm transition seq=93 elapsed_ms=11915 trigger="CompositionReset(gji_idle_ms=625)" state_before="OnCold(Short)" state_after="OnCold(Short)"
2026-09-21T03:31:48.327026Z DEBUG awase_windows::tsf::gji_monitor: [gji-io] WRITE: w_ops=+1 w_KB=+0.0 (r_ops=+2 x_ops=+2 x_KB=+0.0)
2026-09-21T03:31:48.377595Z DEBUG awase_windows::runtime::key_pipeline: [engine-input] vk=0x0D KeyUp ts=11979925us delay=0ms state=Idle mods(c=false s=false a=false w=false) gas_ctrl=false phys_ctrl=false extra=0x5350494B pending_drain=0 gate_active=false l_thumb=None r_thumb=None [diag-ctx] ime_on=
2026-09-21T03:31:48.377751Z DEBUG awase::journal: key input seq=94 elapsed_ms=11980 vk_code=13 is_down=false injected=true key_class="Passthrough" state_before="Idle" state_after="Idle" decision="PassThrough" physical="Allow" repeat_count=1 last_timestamp_us=11979925 last_elapsed_ms=0
2026-09-21T03:31:48.378146Z DEBUG execute_from_hook: awase_windows::runtime::executor: [relay-passthrough] PassThrough idle: direct OS pass-through (vk=0x0d up)
2026-09-21T03:31:48.378245Z DEBUG execute_one{generation=None}: awase_windows::runtime::executor: [reinject] vk=0x0d up (queued passthrough now firing)
2026-09-21T03:31:48.769557Z DEBUG awase_windows::runtime::ime_refresh: Skipping observer/SSOT write: typing active (idle=391ms)
2026-09-21T03:31:49.296510Z DEBUG awase_windows::observer::ime_observer: IME snapshot: japanese=Some(true) ime_on=Some(true) romaji=Some(true) conv=Some("0x00000019") guard=false
2026-09-21T03:31:49.296615Z DEBUG awase::journal: ime event seq=95 elapsed_ms=12899 event_kind="ObserverReported"
2026-09-21T03:31:49.296652Z DEBUG awase::journal: ime event seq=96 elapsed_ms=12899 event_kind="InputModeObserved"
2026-09-21T03:31:49.803781Z DEBUG awase_windows::observer::ime_observer: IME snapshot: japanese=Some(true) ime_on=Some(true) romaji=Some(true) conv=Some("0x00000019") guard=false
2026-09-21T03:31:49.804069Z DEBUG awase::journal: ime event seq=97 elapsed_ms=13406 event_kind="ObserverReported"
2026-09-21T03:31:49.804099Z DEBUG awase::journal: ime event seq=98 elapsed_ms=13406 event_kind="InputModeObserved"
2026-09-21T03:31:50.186261Z DEBUG awase_windows::runtime::key_pipeline: [engine-input] vk=0x1C KeyDown ts=13788557us delay=0ms state=Idle mods(c=false s=false a=false w=false) gas_ctrl=false phys_ctrl=false extra=0x5350494B pending_drain=0 gate_active=false l_thumb=None r_thumb=None [diag-ctx] ime_o
2026-09-21T03:31:50.186422Z DEBUG awase::journal: key input seq=99 elapsed_ms=13789 vk_code=28 is_down=true injected=true key_class="RightThumb" state_before="Idle" state_after="PendingThumb(vk=0x1C,left=false)" decision="Consume" physical="Allow" repeat_count=1 last_timestamp_us=13788557 last_elaps
2026-09-21T03:31:50.312555Z DEBUG awase_windows::runtime::key_pipeline: [engine-input] vk=0x1C KeyUp ts=13914498us delay=0ms state=Idle mods(c=false s=false a=false w=false) gas_ctrl=false phys_ctrl=false extra=0x5350494B pending_drain=0 gate_active=false l_thumb=None r_thumb=None [diag-ctx] ime_on=
2026-09-21T03:31:50.312776Z DEBUG awase::journal: key input seq=101 elapsed_ms=13915 vk_code=28 is_down=false injected=true key_class="RightThumb" state_before="Idle" state_after="Idle" decision="Consume" physical="Allow" repeat_count=1 last_timestamp_us=13914498 last_elapsed_ms=0
2026-09-21T03:31:50.318775Z DEBUG awase_windows::runtime::ime_refresh: Skipping observer/SSOT write: typing active (idle=16ms)
2026-09-21T03:31:50.833688Z DEBUG awase_windows::observer::ime_observer: IME snapshot: japanese=Some(true) ime_on=Some(true) romaji=Some(true) conv=Some("0x00000019") guard=false
2026-09-21T03:31:50.833760Z DEBUG awase::journal: ime event seq=102 elapsed_ms=14436 event_kind="ObserverReported"
2026-09-21T03:31:50.833787Z DEBUG awase::journal: ime event seq=103 elapsed_ms=14436 event_kind="InputModeObserved"
2026-09-21T03:31:51.346416Z DEBUG awase_windows::observer::ime_observer: IME snapshot: japanese=Some(true) ime_on=Some(true) romaji=Some(true) conv=Some("0x00000019") guard=false
2026-09-21T03:31:51.346513Z DEBUG awase::journal: ime event seq=104 elapsed_ms=14949 event_kind="ObserverReported"
2026-09-21T03:31:51.346566Z DEBUG awase::journal: ime event seq=105 elapsed_ms=14949 event_kind="InputModeObserved"
2026-09-21T03:31:51.843834Z DEBUG awase_windows::observer::ime_observer: IME snapshot: japanese=Some(true) ime_on=Some(true) romaji=Some(true) conv=Some("0x00000019") guard=false
2026-09-21T03:31:51.843931Z DEBUG awase::journal: ime event seq=106 elapsed_ms=15446 event_kind="ObserverReported"
2026-09-21T03:31:51.843972Z DEBUG awase::journal: ime event seq=107 elapsed_ms=15446 event_kind="InputModeObserved"
2026-09-21T03:31:52.126342Z DEBUG awase_windows::runtime::key_pipeline: [engine-input] vk=0x4B KeyDown ts=15728668us delay=0ms state=Idle mods(c=false s=false a=false w=false) gas_ctrl=false phys_ctrl=false extra=0x5350494B pending_drain=0 gate_active=false l_thumb=None r_thumb=None [diag-ctx] ime_o
2026-09-21T03:31:52.126478Z DEBUG awase::journal: key input seq=108 elapsed_ms=15729 vk_code=75 is_down=true injected=true key_class="Char" state_before="Idle" state_after="PendingChar(vk=0x4B)" decision="Consume" physical="Allow" repeat_count=1 last_timestamp_us=15728668 last_elapsed_ms=0
2026-09-21T03:31:52.234031Z DEBUG execute_from_loop:execute_one{generation=None}: awase_windows::output: send_keys: mode=Unicode actions=[Char('き')] prev_elapsed=3922ms
2026-09-21T03:31:52.234082Z DEBUG execute_from_loop:execute_one{generation=None}: awase_windows::tsf::probe: [mark-send] last_send_ms=53523281
2026-09-21T03:31:52.234113Z DEBUG execute_from_loop:execute_one{generation=None}: awase_windows::output:   → Char('き') via Unicode
2026-09-21T03:31:52.235917Z DEBUG execute_from_loop:execute_one{generation=None}: awase_windows::tsf::probe: [mark-send] last_send_ms=53523281
2026-09-21T03:31:52.239644Z  INFO awase_windows::tsf::win_event_obs: [gji-obs] candidate SHOW #1: last_gji_write=3921ms ago
2026-09-21T03:31:52.247205Z DEBUG awase_windows::runtime::key_pipeline: [engine-input] vk=0x4B KeyUp ts=15849604us delay=0ms state=Idle mods(c=false s=false a=false w=false) gas_ctrl=false phys_ctrl=false extra=0x5350494B pending_drain=0 gate_active=false l_thumb=None r_thumb=None [diag-ctx] ime_on=
2026-09-21T03:31:52.247305Z DEBUG awase::journal: key input seq=110 elapsed_ms=15850 vk_code=75 is_down=false injected=true key_class="Char" state_before="Idle" state_after="Idle" decision="Consume" physical="Allow" repeat_count=1 last_timestamp_us=15849604 last_elapsed_ms=0
2026-09-21T03:31:52.247445Z DEBUG execute_one{generation=None}: awase_windows::output: send_keys: mode=Unicode actions=[Suppress] prev_elapsed=15ms
2026-09-21T03:31:52.247519Z DEBUG execute_one{generation=None}: awase_windows::tsf::probe: [mark-send] last_send_ms=53523296
2026-09-21T03:31:52.247545Z DEBUG execute_one{generation=None}: awase_windows::output:   → Suppress
2026-09-21T03:31:52.247579Z DEBUG execute_one{generation=None}: awase_windows::tsf::probe: [mark-send] last_send_ms=53523296
2026-09-21T03:31:52.247634Z DEBUG execute_one{generation=None}: awase_windows::platform: [gji-fsm] StartComposition (candidate SHOW)
2026-09-21T03:31:52.247684Z DEBUG execute_one{generation=None}:gji_on_event{event=StartComposition}: awase_windows::tsf::gji_fsm: [gji-fsm] StartComposition while cold (no probe) → AlreadyWarm
2026-09-21T03:31:52.247796Z DEBUG awase::journal: gji fsm transition seq=111 elapsed_ms=15850 trigger="StartComposition(candidate SHOW)" state_before="OnCold(Short)" state_after="OnComposing(Warm)"
2026-09-21T03:31:52.248951Z DEBUG awase_windows::tsf::gji_monitor: [gji-io] WRITE: w_ops=+2 w_KB=+0.3 (r_ops=+4 x_ops=+4 x_KB=+0.0)
2026-09-21T03:31:52.344608Z DEBUG awase_windows::runtime::ime_refresh: Skipping observer/SSOT write: typing active (idle=94ms)
2026-09-21T03:31:52.842060Z DEBUG awase_windows::observer::ime_observer: IME snapshot: japanese=Some(true) ime_on=Some(true) romaji=Some(true) conv=Some("0x00000019") guard=false
2026-09-21T03:31:52.842143Z DEBUG awase::journal: ime event seq=112 elapsed_ms=16444 event_kind="ObserverReported"
2026-09-21T03:31:52.842178Z DEBUG awase::journal: ime event seq=113 elapsed_ms=16444 event_kind="InputModeObserved"
2026-09-21T03:31:53.347918Z DEBUG awase_windows::observer::ime_observer: IME snapshot: japanese=Some(true) ime_on=Some(true) romaji=Some(true) conv=Some("0x00000019") guard=false
2026-09-21T03:31:53.347999Z DEBUG awase::journal: ime event seq=114 elapsed_ms=16950 event_kind="ObserverReported"
2026-09-21T03:31:53.348033Z DEBUG awase::journal: ime event seq=115 elapsed_ms=16950 event_kind="InputModeObserved"
2026-09-21T03:31:53.837935Z DEBUG awase_windows::observer::ime_observer: IME snapshot: japanese=Some(true) ime_on=Some(true) romaji=Some(true) conv=Some("0x00000019") guard=false
2026-09-21T03:31:53.838019Z DEBUG awase::journal: ime event seq=116 elapsed_ms=17440 event_kind="ObserverReported"
2026-09-21T03:31:53.838054Z DEBUG awase::journal: ime event seq=117 elapsed_ms=17440 event_kind="InputModeObserved"
2026-09-21T03:31:54.072567Z DEBUG awase_windows::runtime::key_pipeline: [engine-input] vk=0x0D KeyDown ts=17674900us delay=0ms state=Idle mods(c=false s=false a=false w=false) gas_ctrl=false phys_ctrl=false extra=0x5350494B pending_drain=0 gate_active=false l_thumb=None r_thumb=None [diag-ctx] ime_o
2026-09-21T03:31:54.072661Z DEBUG awase::journal: key input seq=118 elapsed_ms=17675 vk_code=13 is_down=true injected=true key_class="Passthrough" state_before="Idle" state_after="Idle" decision="PassThrough" physical="Allow" repeat_count=1 last_timestamp_us=17674900 last_elapsed_ms=0
2026-09-21T03:31:54.072747Z DEBUG execute_from_hook: awase_windows::runtime::executor: [relay-passthrough] PassThrough idle: direct OS pass-through (vk=0x0d down)
2026-09-21T03:31:54.072816Z DEBUG execute_one{generation=None}: awase_windows::runtime::executor: [reinject] vk=0x0d down (queued passthrough now firing)
2026-09-21T03:31:54.076083Z  INFO awase_windows::tsf::win_event_obs: [gji-obs] candidate HIDE: last_gji_write=1829ms ago
2026-09-21T03:31:54.086907Z DEBUG awase_windows::tsf::gji_monitor: [gji-io] WRITE: w_ops=+2 w_KB=+0.3 (r_ops=+4 x_ops=+4 x_KB=+0.0)
2026-09-21T03:31:54.198387Z DEBUG awase_windows::runtime::key_pipeline: [engine-input] vk=0x0D KeyUp ts=17800731us delay=0ms state=Idle mods(c=false s=false a=false w=false) gas_ctrl=false phys_ctrl=false extra=0x5350494B pending_drain=0 gate_active=false l_thumb=None r_thumb=None [diag-ctx] ime_on=
2026-09-21T03:31:54.198493Z DEBUG awase::journal: key input seq=119 elapsed_ms=17801 vk_code=13 is_down=false injected=true key_class="Passthrough" state_before="Idle" state_after="Idle" decision="PassThrough" physical="Allow" repeat_count=1 last_timestamp_us=17800731 last_elapsed_ms=0
2026-09-21T03:31:54.198596Z DEBUG execute_from_hook: awase_windows::runtime::executor: [relay-passthrough] PassThrough idle: direct OS pass-through (vk=0x0d up)
2026-09-21T03:31:54.198666Z DEBUG execute_one{generation=None}: awase_windows::runtime::executor: [reinject] vk=0x0d up (queued passthrough now firing)
2026-09-21T03:31:54.200327Z DEBUG awase_windows::platform: [gji-fsm] EndComposition (candidate HIDE) epoch=FocusEpoch(1)
2026-09-21T03:31:54.200436Z DEBUG awase::journal: gji fsm transition seq=120 elapsed_ms=17803 trigger="EndComposition(candidate HIDE, epoch=FocusEpoch(1))" state_before="OnComposing(Warm)" state_after="OnWarm"
2026-09-21T03:31:54.343471Z DEBUG awase_windows::runtime::ime_refresh: Skipping observer/SSOT write: typing active (idle=140ms)
2026-09-21T03:31:54.849738Z DEBUG awase_windows::observer::ime_observer: IME snapshot: japanese=Some(true) ime_on=Some(true) romaji=Some(true) conv=Some("0x00000019") guard=false
2026-09-21T03:31:54.849831Z DEBUG awase::journal: ime event seq=121 elapsed_ms=18452 event_kind="ObserverReported"
2026-09-21T03:31:54.849869Z DEBUG awase::journal: ime event seq=122 elapsed_ms=18452 event_kind="InputModeObserved"
2026-09-21T03:31:55.352382Z DEBUG awase_windows::observer::ime_observer: IME snapshot: japanese=Some(true) ime_on=Some(true) romaji=Some(true) conv=Some("0x00000019") guard=false
2026-09-21T03:31:55.352513Z DEBUG awase::journal: ime event seq=123 elapsed_ms=18955 event_kind="ObserverReported"
2026-09-21T03:31:55.352548Z DEBUG awase::journal: ime event seq=124 elapsed_ms=18955 event_kind="InputModeObserved"
2026-09-21T03:31:55.861699Z DEBUG awase_windows::observer::ime_observer: IME snapshot: japanese=Some(true) ime_on=Some(true) romaji=Some(true) conv=Some("0x00000019") guard=false
2026-09-21T03:31:55.861780Z DEBUG awase::journal: ime event seq=125 elapsed_ms=19464 event_kind="ObserverReported"
2026-09-21T03:31:55.861824Z DEBUG awase::journal: ime event seq=126 elapsed_ms=19464 event_kind="InputModeObserved"
2026-09-21T03:31:56.016858Z DEBUG awase_windows::hook: [hook] IME-mode vk=0xF2 down self_injected=false injected=true scan=0x70 extra=0x5350494B since_actuation_us=Some(8346557)
2026-09-21T03:31:56.016994Z DEBUG awase::journal: hook ime-mode diagnostic seq=127 elapsed_ms=19619 vk_code=242 is_down=true self_injected=false injected=true scan=112
2026-09-21T03:31:56.017132Z DEBUG awase_windows::runtime::key_pipeline: [engine-input] vk=0xF2 KeyDown ts=19619518us delay=0ms state=Idle mods(c=false s=false a=false w=false) gas_ctrl=false phys_ctrl=false extra=0x5350494B pending_drain=0 gate_active=false l_thumb=None r_thumb=None [diag-ctx] ime_o
2026-09-21T03:31:56.017208Z DEBUG awase::journal: key input seq=128 elapsed_ms=19619 vk_code=242 is_down=true injected=true key_class="Passthrough" state_before="Idle" state_after="Idle" decision="PassThrough" physical="Allow" repeat_count=1 last_timestamp_us=19619518 last_elapsed_ms=0
2026-09-21T03:31:56.017273Z DEBUG awase_windows::runtime::key_pipeline: may_change_ime key passed through → IME refresh scheduled (20ms)
2026-09-21T03:31:56.017335Z DEBUG execute_from_hook: awase_windows::runtime::executor: [relay-passthrough] PassThrough idle: direct OS pass-through (vk=0xf2 down)
2026-09-21T03:31:56.017393Z DEBUG execute_one{generation=None}: awase_windows::runtime::executor: [reinject] vk=0xf2 down (queued passthrough now firing)
2026-09-21T03:31:56.017500Z DEBUG awase_windows::hook: [hook] IME-mode vk=0xF2 down self_injected=true injected=true scan=0x0 extra=0x4B45594D since_actuation_us=Some(8347210)
2026-09-21T03:31:56.018568Z DEBUG awase::journal: hook ime-mode diagnostic seq=129 elapsed_ms=19621 vk_code=242 is_down=true self_injected=true injected=true scan=0
2026-09-21T03:31:56.031684Z DEBUG awase_windows::tsf::gji_monitor: [gji-io] WRITE: w_ops=+2 w_KB=+0.0 (r_ops=+4 x_ops=+4 x_KB=+0.0)
2026-09-21T03:31:56.049552Z DEBUG awase_windows::runtime::ime_refresh: Skipping observer/SSOT write: typing active (idle=31ms)
2026-09-21T03:31:56.552959Z DEBUG awase_windows::observer::ime_observer: IME snapshot: japanese=Some(true) ime_on=Some(true) romaji=None conv=Some("0x00000010") guard=false
2026-09-21T03:31:56.553045Z DEBUG awase::journal: ime event seq=130 elapsed_ms=20155 event_kind="ObserverReported"
2026-09-21T03:31:56.553081Z DEBUG awase::journal: ime event seq=131 elapsed_ms=20155 event_kind="InputModeObserved"
2026-09-21T03:31:56.553147Z  INFO awase_windows::runtime::ime_refresh: ObserverPoll +8891ms since focus: mode ObservedRomaji → ObservedEisu
2026-09-21T03:31:56.553215Z DEBUG awase::engine::engine: [diag-engine-active] ime_on=true なのに非活性: reason=Inactive(NotRomajiInput) romaji_capable=false japanese=true user_enabled=true was_active=true input_mode=ObservedEisu
2026-09-21T03:31:56.553266Z  INFO awase::engine::engine: Engine deactivated (ime=true, romaji=false, japanese=true, user=true, reason=Inactive(NotRomajiInput))
2026-09-21T03:31:57.070856Z DEBUG awase_windows::observer::ime_observer: IME snapshot: japanese=Some(true) ime_on=Some(true) romaji=None conv=Some("0x00000010") guard=false
2026-09-21T03:31:57.070914Z DEBUG awase::journal: ime event seq=132 elapsed_ms=20673 event_kind="ObserverReported"
2026-09-21T03:31:57.070967Z DEBUG awase::engine::engine: [diag-engine-active] ime_on=true なのに非活性: reason=Inactive(NotRomajiInput) romaji_capable=false japanese=true user_enabled=true was_active=false input_mode=ObservedEisu
2026-09-21T03:31:57.573683Z DEBUG awase_windows::observer::ime_observer: IME snapshot: japanese=Some(true) ime_on=Some(true) romaji=None conv=Some("0x00000010") guard=false
2026-09-21T03:31:57.573780Z DEBUG awase::journal: ime event seq=133 elapsed_ms=21176 event_kind="ObserverReported"
2026-09-21T03:31:57.573863Z DEBUG awase::engine::engine: [diag-engine-active] ime_on=true なのに非活性: reason=Inactive(NotRomajiInput) romaji_capable=false japanese=true user_enabled=true was_active=false input_mode=ObservedEisu
2026-09-21T03:31:57.915225Z DEBUG awase_windows::hook: [hook] IME-mode vk=0xF3 up self_injected=false injected=false scan=0x29 extra=0x5350494B since_actuation_us=Some(10244908)
2026-09-21T03:31:57.915474Z DEBUG awase::journal: hook ime-mode diagnostic seq=134 elapsed_ms=21518 vk_code=243 is_down=false self_injected=false injected=false scan=41
2026-09-21T03:31:57.915816Z DEBUG awase_windows::hook: [hook] IME-mode vk=0xF4 down self_injected=false injected=true scan=0x29 extra=0x5350494B since_actuation_us=Some(10245517)
2026-09-21T03:31:57.915885Z DEBUG awase_windows::runtime::key_pipeline: [engine-input] vk=0xF3 KeyUp ts=21518050us delay=0ms state=Idle mods(c=false s=false a=false w=false) gas_ctrl=false phys_ctrl=false extra=0x5350494B pending_drain=0 gate_active=false l_thumb=None r_thumb=None [diag-ctx] ime_on=
2026-09-21T03:31:57.915965Z DEBUG awase::engine::engine: [diag-engine-active] ime_on=true なのに非活性: reason=Inactive(NotRomajiInput) romaji_capable=false japanese=true user_enabled=true was_active=false input_mode=ObservedEisu
2026-09-21T03:31:57.916103Z DEBUG awase::journal: key input seq=135 elapsed_ms=21518 vk_code=243 is_down=false injected=false key_class="Passthrough" state_before="Idle" state_after="Idle" decision="PassThrough" physical="Allow" repeat_count=1 last_timestamp_us=21518050 last_elapsed_ms=0
2026-09-21T03:31:57.916269Z DEBUG execute_from_hook: awase_windows::runtime::executor: [relay-passthrough] PassThrough idle: direct OS pass-through (vk=0xf3 up)
2026-09-21T03:31:57.916399Z DEBUG awase::journal: hook ime-mode diagnostic seq=136 elapsed_ms=21519 vk_code=244 is_down=true self_injected=false injected=true scan=41
2026-09-21T03:31:57.916571Z DEBUG awase_windows::runtime::key_pipeline: [engine-input] vk=0xF4 KeyDown ts=21518500us delay=0ms state=Idle mods(c=false s=false a=false w=false) gas_ctrl=false phys_ctrl=false extra=0x5350494B pending_drain=0 gate_active=false l_thumb=None r_thumb=None [diag-ctx] ime_o
2026-09-21T03:31:57.916638Z DEBUG awase::engine::engine: [diag-engine-active] ime_on=true なのに非活性: reason=Inactive(NotRomajiInput) romaji_capable=false japanese=true user_enabled=true was_active=false input_mode=ObservedEisu
2026-09-21T03:31:57.916741Z DEBUG awase::journal: key input seq=137 elapsed_ms=21519 vk_code=244 is_down=true injected=true key_class="Passthrough" state_before="Idle" state_after="Idle" decision="PassThrough" physical="Allow" repeat_count=1 last_timestamp_us=21518500 last_elapsed_ms=0
2026-09-21T03:31:57.916877Z DEBUG awase_windows::runtime::key_pipeline: may_change_ime key passed through → IME refresh scheduled (20ms)
2026-09-21T03:31:57.916987Z DEBUG execute_from_hook: awase_windows::runtime::transport: [relay-defer] PassThrough deferred: pending effects, reinject(vk=0xf4 down)
2026-09-21T03:31:57.917285Z DEBUG execute_one{generation=None}: awase_windows::runtime::executor: [reinject] vk=0xf3 up (queued passthrough now firing)
2026-09-21T03:31:57.917394Z DEBUG execute_one{generation=None}: awase_windows::runtime::executor: [reinject] vk=0xf4 down (queued passthrough now firing)
2026-09-21T03:31:57.918105Z DEBUG awase_windows::hook: [hook] IME-mode vk=0xF4 down self_injected=true injected=true scan=0x0 extra=0x4B45594D since_actuation_us=Some(10247789)
2026-09-21T03:31:57.920109Z DEBUG awase::journal: hook ime-mode diagnostic seq=138 elapsed_ms=21522 vk_code=244 is_down=true self_injected=true injected=true scan=0
2026-09-21T03:31:57.929603Z DEBUG awase_windows::tsf::gji_monitor: [gji-io] WRITE: w_ops=+2 w_KB=+0.0 (r_ops=+4 x_ops=+4 x_KB=+0.0)
2026-09-21T03:31:57.948972Z DEBUG awase_windows::runtime::ime_refresh: Skipping observer/SSOT write: typing active (idle=32ms)
2026-09-21T03:31:57.949058Z DEBUG awase::engine::engine: [diag-engine-active] ime_on=true なのに非活性: reason=Inactive(NotRomajiInput) romaji_capable=false japanese=true user_enabled=true was_active=false input_mode=ObservedEisu
2026-09-21T03:31:58.449360Z DEBUG awase_windows::observer::ime_observer: IME snapshot: japanese=Some(true) ime_on=Some(false) romaji=None conv=Some("0x00000010") guard=false
2026-09-21T03:31:58.449441Z DEBUG awase::journal: ime event seq=139 elapsed_ms=22052 event_kind="ObserverReported"
2026-09-21T03:31:58.952343Z DEBUG awase_windows::observer::ime_observer: IME snapshot: japanese=Some(true) ime_on=Some(false) romaji=None conv=Some("0x00000010") guard=false
2026-09-21T03:31:58.952410Z DEBUG awase::journal: ime event seq=140 elapsed_ms=22555 event_kind="ObserverReported"
2026-09-21T03:31:59.453685Z DEBUG awase_windows::observer::ime_observer: IME snapshot: japanese=Some(true) ime_on=Some(false) romaji=None conv=Some("0x00000010") guard=false
2026-09-21T03:31:59.453759Z DEBUG awase::journal: ime event seq=141 elapsed_ms=23056 event_kind="ObserverReported"
2026-09-21T03:31:59.857439Z DEBUG awase_windows::hook: [hook] IME-mode vk=0xF0 up self_injected=false injected=false scan=0x70 extra=0x5350494B since_actuation_us=Some(12187139)
2026-09-21T03:31:59.857602Z DEBUG awase::journal: hook ime-mode diagnostic seq=142 elapsed_ms=23460 vk_code=240 is_down=false self_injected=false injected=false scan=112
2026-09-21T03:31:59.857766Z DEBUG awase_windows::runtime::key_pipeline: [engine-input] vk=0xF0 KeyUp ts=23460174us delay=0ms state=Idle mods(c=false s=false a=false w=false) gas_ctrl=false phys_ctrl=false extra=0x5350494B pending_drain=0 gate_active=false l_thumb=None r_thumb=None [diag-ctx] ime_on=
2026-09-21T03:31:59.857793Z DEBUG awase_windows::hook: [hook] IME-mode vk=0xF2 down self_injected=false injected=true scan=0x70 extra=0x5350494B since_actuation_us=Some(12187503)
2026-09-21T03:31:59.857842Z DEBUG awase::journal: key input seq=143 elapsed_ms=23460 vk_code=240 is_down=false injected=false key_class="Passthrough" state_before="Idle" state_after="Idle" decision="PassThrough" physical="Allow" repeat_count=1 last_timestamp_us=23460174 last_elapsed_ms=0
2026-09-21T03:31:59.857928Z DEBUG execute_from_hook: awase_windows::runtime::executor: [relay-passthrough] PassThrough idle: direct OS pass-through (vk=0xf0 up)
2026-09-21T03:31:59.857982Z DEBUG awase::journal: hook ime-mode diagnostic seq=144 elapsed_ms=23460 vk_code=242 is_down=true self_injected=false injected=true scan=112
2026-09-21T03:31:59.858048Z DEBUG awase_windows::runtime::key_pipeline: [engine-input] vk=0xF2 KeyDown ts=23460414us delay=0ms state=Idle mods(c=false s=false a=false w=false) gas_ctrl=false phys_ctrl=false extra=0x5350494B pending_drain=0 gate_active=false l_thumb=None r_thumb=None [diag-ctx] ime_o
2026-09-21T03:31:59.858105Z DEBUG awase::journal: key input seq=145 elapsed_ms=23460 vk_code=242 is_down=true injected=true key_class="Passthrough" state_before="Idle" state_after="Idle" decision="PassThrough" physical="Allow" repeat_count=1 last_timestamp_us=23460414 last_elapsed_ms=0
2026-09-21T03:31:59.858162Z DEBUG awase_windows::runtime::key_pipeline: may_change_ime key passed through → IME refresh scheduled (20ms)
2026-09-21T03:31:59.858223Z DEBUG execute_from_hook: awase_windows::runtime::transport: [relay-defer] PassThrough deferred: pending effects, reinject(vk=0xf2 down)
2026-09-21T03:31:59.858283Z DEBUG execute_one{generation=None}: awase_windows::runtime::executor: [reinject] vk=0xf0 up (queued passthrough now firing)
2026-09-21T03:31:59.858336Z DEBUG execute_one{generation=None}: awase_windows::runtime::executor: [reinject] vk=0xf2 down (queued passthrough now firing)
2026-09-21T03:31:59.858735Z DEBUG awase_windows::hook: [hook] IME-mode vk=0xF0 up self_injected=true injected=false scan=0x0 extra=0x4B45594D since_actuation_us=Some(12188444)
2026-09-21T03:31:59.860143Z DEBUG awase_windows::hook: [hook] IME-mode vk=0xF2 down self_injected=true injected=true scan=0x0 extra=0x4B45594D since_actuation_us=Some(12189849)
2026-09-21T03:31:59.861930Z DEBUG awase::journal: hook ime-mode diagnostic seq=146 elapsed_ms=23464 vk_code=240 is_down=false self_injected=true injected=false scan=0
2026-09-21T03:31:59.861964Z DEBUG awase::journal: hook ime-mode diagnostic seq=147 elapsed_ms=23464 vk_code=242 is_down=true self_injected=true injected=true scan=0
2026-09-21T03:31:59.890757Z DEBUG awase_windows::runtime::ime_refresh: Skipping observer/SSOT write: typing active (idle=31ms)
2026-09-21T03:32:00.394557Z DEBUG awase_windows::observer::ime_observer: IME snapshot: japanese=Some(true) ime_on=Some(false) romaji=None conv=Some("0x00000010") guard=false
2026-09-21T03:32:00.394628Z DEBUG awase::journal: ime event seq=148 elapsed_ms=23997 event_kind="ObserverReported"
2026-09-21T03:32:00.892961Z DEBUG awase_windows::observer::ime_observer: IME snapshot: japanese=Some(true) ime_on=Some(false) romaji=None conv=Some("0x00000010") guard=false
2026-09-21T03:32:00.893029Z DEBUG awase::journal: ime event seq=149 elapsed_ms=24495 event_kind="ObserverReported"
2026-09-21T03:32:01.392506Z DEBUG awase_windows::observer::ime_observer: IME snapshot: japanese=Some(true) ime_on=Some(false) romaji=None conv=Some("0x00000010") guard=false
2026-09-21T03:32:01.392589Z DEBUG awase::journal: ime event seq=150 elapsed_ms=24995 event_kind="ObserverReported"
2026-09-21T03:32:01.801543Z DEBUG awase_windows::runtime::key_pipeline: [engine-input] vk=0x0D KeyDown ts=25403817us delay=0ms state=Idle mods(c=false s=false a=false w=false) gas_ctrl=false phys_ctrl=false extra=0x5350494B pending_drain=0 gate_active=false l_thumb=None r_thumb=None [diag-ctx] ime_o
2026-09-21T03:32:01.801652Z DEBUG awase::journal: key input seq=151 elapsed_ms=25404 vk_code=13 is_down=true injected=true key_class="Passthrough" state_before="Idle" state_after="Idle" decision="PassThrough" physical="Allow" repeat_count=1 last_timestamp_us=25403817 last_elapsed_ms=0
2026-09-21T03:32:01.801757Z DEBUG execute_from_hook: awase_windows::runtime::executor: [relay-passthrough] PassThrough idle: direct OS pass-through (vk=0x0d down)
2026-09-21T03:32:01.801823Z DEBUG execute_one{generation=None}: awase_windows::runtime::executor: [reinject] vk=0x0d down (queued passthrough now firing)
2026-09-21T03:32:01.898296Z DEBUG awase_windows::runtime::ime_refresh: Skipping observer/SSOT write: typing active (idle=110ms)
2026-09-21T03:32:01.925569Z DEBUG awase_windows::runtime::key_pipeline: [engine-input] vk=0x0D KeyUp ts=25527553us delay=0ms state=Idle mods(c=false s=false a=false w=false) gas_ctrl=false phys_ctrl=false extra=0x5350494B pending_drain=0 gate_active=false l_thumb=None r_thumb=None [diag-ctx] ime_on=
2026-09-21T03:32:01.925737Z DEBUG awase::journal: key input seq=152 elapsed_ms=25528 vk_code=13 is_down=false injected=true key_class="Passthrough" state_before="Idle" state_after="Idle" decision="PassThrough" physical="Allow" repeat_count=1 last_timestamp_us=25527553 last_elapsed_ms=0
2026-09-21T03:32:01.925912Z DEBUG execute_from_hook: awase_windows::runtime::executor: [relay-passthrough] PassThrough idle: direct OS pass-through (vk=0x0d up)
2026-09-21T03:32:01.926018Z DEBUG execute_one{generation=None}: awase_windows::runtime::executor: [reinject] vk=0x0d up (queued passthrough now firing)
2026-09-21T03:32:02.416942Z DEBUG awase_windows::observer::ime_observer: IME snapshot: japanese=Some(true) ime_on=Some(false) romaji=None conv=Some("0x00000010") guard=false
2026-09-21T03:32:02.417255Z DEBUG awase::journal: ime event seq=153 elapsed_ms=26019 event_kind="ObserverReported"
2026-09-21T03:32:02.915600Z DEBUG awase_windows::observer::ime_observer: IME snapshot: japanese=Some(true) ime_on=Some(false) romaji=None conv=Some("0x00000010") guard=false
2026-09-21T03:32:02.915642Z DEBUG awase::journal: ime event seq=154 elapsed_ms=26518 event_kind="ObserverReported"
2026-09-21T03:32:03.519850Z DEBUG awase_windows::observer::ime_observer: IME snapshot: japanese=Some(true) ime_on=None romaji=None conv=Some("0x00000010") guard=false
2026-09-21T03:32:03.729023Z DEBUG awase_windows::runtime::key_pipeline: [engine-input] vk=0x1C KeyDown ts=27331197us delay=0ms state=Idle mods(c=false s=false a=false w=false) gas_ctrl=false phys_ctrl=false extra=0x5350494B pending_drain=0 gate_active=false l_thumb=None r_thumb=None [diag-ctx] ime_o
2026-09-21T03:32:03.729202Z DEBUG awase::journal: key input seq=155 elapsed_ms=27331 vk_code=28 is_down=true injected=true key_class="RightThumb" state_before="Idle" state_after="Idle" decision="PassThrough" physical="Allow" repeat_count=1 last_timestamp_us=27331197 last_elapsed_ms=0
2026-09-21T03:32:03.729430Z DEBUG execute_one{generation=None}: awase_windows::runtime::executor: [reinject] vk=0x1c down (queued passthrough now firing)
2026-09-21T03:32:03.742288Z DEBUG awase_windows::tsf::gji_monitor: [gji-io] WRITE: w_ops=+2 w_KB=+0.0 (r_ops=+4 x_ops=+4 x_KB=+0.0)
2026-09-21T03:32:03.852226Z DEBUG awase_windows::runtime::key_pipeline: [engine-input] vk=0x1C KeyUp ts=27454437us delay=0ms state=Idle mods(c=false s=false a=false w=false) gas_ctrl=false phys_ctrl=false extra=0x5350494B pending_drain=0 gate_active=false l_thumb=None r_thumb=None [diag-ctx] ime_on=
2026-09-21T03:32:03.852334Z DEBUG awase::journal: key input seq=156 elapsed_ms=27455 vk_code=28 is_down=false injected=true key_class="RightThumb" state_before="Idle" state_after="Idle" decision="PassThrough" physical="Allow" repeat_count=1 last_timestamp_us=27454437 last_elapsed_ms=0
2026-09-21T03:32:03.852476Z DEBUG execute_one{generation=None}: awase_windows::runtime::executor: [reinject] vk=0x1c up (queued passthrough now firing)
2026-09-21T03:32:04.013367Z DEBUG awase_windows::runtime::ime_refresh: Skipping observer/SSOT write: typing active (idle=156ms)
2026-09-21T03:32:04.196516Z DEBUG awase_windows::tsf::gji_fsm: [gji-fsm] LongIdle timeout → OnCold(Long, NotStarted)
2026-09-21T03:32:04.196593Z DEBUG awase::journal: gji fsm transition seq=157 elapsed_ms=27799 trigger="LongIdleTimeout" state_before="OnWarm" state_after="OnCold(Long)"
2026-09-21T03:32:04.517439Z DEBUG awase_windows::observer::ime_observer: IME snapshot: japanese=Some(true) ime_on=Some(true) romaji=None conv=Some("0x00000010") guard=false
2026-09-21T03:32:04.517513Z DEBUG awase::journal: ime event seq=158 elapsed_ms=28120 event_kind="ObserverReported"
2026-09-21T03:32:04.517545Z  INFO awase_windows::runtime: IMM capability learned: ime_key_matrix_spike.exe/Edit → Works (miss 1→0)
2026-09-21T03:32:04.521523Z DEBUG awase_windows::focus::classifier: Saved IMM capability cache: 63 entries
2026-09-21T03:32:04.521590Z DEBUG awase::engine::engine: [diag-engine-active] ime_on=true なのに非活性: reason=Inactive(NotRomajiInput) romaji_capable=false japanese=true user_enabled=true was_active=false input_mode=ObservedEisu
2026-09-21T03:32:05.028466Z DEBUG awase_windows::observer::ime_observer: IME snapshot: japanese=Some(true) ime_on=Some(true) romaji=None conv=Some("0x00000010") guard=false
2026-09-21T03:32:05.028552Z DEBUG awase::journal: ime event seq=159 elapsed_ms=28631 event_kind="ObserverReported"
2026-09-21T03:32:05.028631Z DEBUG awase::engine::engine: [diag-engine-active] ime_on=true なのに非活性: reason=Inactive(NotRomajiInput) romaji_capable=false japanese=true user_enabled=true was_active=false input_mode=ObservedEisu
2026-09-21T03:32:05.532053Z DEBUG awase_windows::observer::ime_observer: IME snapshot: japanese=Some(true) ime_on=Some(true) romaji=None conv=Some("0x00000010") guard=false
2026-09-21T03:32:05.532123Z DEBUG awase::journal: ime event seq=160 elapsed_ms=29134 event_kind="ObserverReported"
2026-09-21T03:32:05.532183Z DEBUG awase::engine::engine: [diag-engine-active] ime_on=true なのに非活性: reason=Inactive(NotRomajiInput) romaji_capable=false japanese=true user_enabled=true was_active=false input_mode=ObservedEisu
2026-09-21T03:32:05.667996Z DEBUG awase_windows::hook: [hook] IME-mode vk=0xF0 up self_injected=false injected=false scan=0x70 extra=0x5350494B since_actuation_us=Some(17997693)
2026-09-21T03:32:05.668107Z DEBUG awase::journal: hook ime-mode diagnostic seq=161 elapsed_ms=29270 vk_code=240 is_down=false self_injected=false injected=false scan=112
2026-09-21T03:32:05.668259Z DEBUG awase_windows::runtime::key_pipeline: [engine-input] vk=0xF0 KeyUp ts=29270683us delay=0ms state=Idle mods(c=false s=false a=false w=false) gas_ctrl=false phys_ctrl=false extra=0x5350494B pending_drain=0 gate_active=false l_thumb=None r_thumb=None [diag-ctx] ime_on=
2026-09-21T03:32:05.668291Z DEBUG awase::engine::engine: [diag-engine-active] ime_on=true なのに非活性: reason=Inactive(NotRomajiInput) romaji_capable=false japanese=true user_enabled=true was_active=false input_mode=ObservedEisu
2026-09-21T03:32:05.668294Z DEBUG awase_windows::hook: [hook] IME-mode vk=0xF2 down self_injected=false injected=true scan=0x70 extra=0x5350494B since_actuation_us=Some(17998004)
2026-09-21T03:32:05.668352Z DEBUG awase::journal: key input seq=162 elapsed_ms=29271 vk_code=240 is_down=false injected=false key_class="Passthrough" state_before="Idle" state_after="Idle" decision="PassThrough" physical="Allow" repeat_count=1 last_timestamp_us=29270683 last_elapsed_ms=0
2026-09-21T03:32:05.668439Z DEBUG execute_from_hook: awase_windows::runtime::executor: [relay-passthrough] PassThrough idle: direct OS pass-through (vk=0xf0 up)
2026-09-21T03:32:05.668538Z DEBUG awase::journal: hook ime-mode diagnostic seq=163 elapsed_ms=29271 vk_code=242 is_down=true self_injected=false injected=true scan=112
2026-09-21T03:32:05.668606Z DEBUG awase_windows::runtime::key_pipeline: [engine-input] vk=0xF2 KeyDown ts=29270917us delay=0ms state=Idle mods(c=false s=false a=false w=false) gas_ctrl=false phys_ctrl=false extra=0x5350494B pending_drain=0 gate_active=false l_thumb=None r_thumb=None [diag-ctx] ime_o
2026-09-21T03:32:05.668635Z DEBUG awase::engine::engine: [diag-engine-active] ime_on=true なのに非活性: reason=Inactive(NotRomajiInput) romaji_capable=false japanese=true user_enabled=true was_active=false input_mode=ObservedEisu
2026-09-21T03:32:05.668679Z DEBUG awase::journal: key input seq=164 elapsed_ms=29271 vk_code=242 is_down=true injected=true key_class="Passthrough" state_before="Idle" state_after="Idle" decision="PassThrough" physical="Allow" repeat_count=1 last_timestamp_us=29270917 last_elapsed_ms=0
2026-09-21T03:32:05.668740Z DEBUG awase_windows::runtime::key_pipeline: may_change_ime key passed through → IME refresh scheduled (20ms)
2026-09-21T03:32:05.668762Z DEBUG awase_windows::tsf::probe: [composition] marked cold reason=F2NonTsf idle=13422ms → next VK/TSF output will send VK_DBE_HIRAGANA warmup
2026-09-21T03:32:05.668846Z DEBUG execute_from_hook: awase_windows::runtime::transport: [relay-defer] PassThrough deferred: pending effects, reinject(vk=0xf2 down)
2026-09-21T03:32:05.668881Z DEBUG awase::journal: gji fsm transition seq=165 elapsed_ms=29271 trigger="CompositionReset(gji_idle_ms=1922)" state_before="OnCold(Long)" state_after="OnCold(Short)"
2026-09-21T03:32:05.668923Z DEBUG execute_one{generation=None}: awase_windows::runtime::executor: [reinject] vk=0xf0 up (queued passthrough now firing)
2026-09-21T03:32:05.668976Z DEBUG execute_one{generation=None}: awase_windows::runtime::executor: [reinject] vk=0xf2 down (queued passthrough now firing)
2026-09-21T03:32:05.669104Z DEBUG awase_windows::hook: [hook] IME-mode vk=0xF0 up self_injected=true injected=false scan=0x0 extra=0x4B45594D since_actuation_us=Some(17998813)
2026-09-21T03:32:05.670398Z DEBUG awase_windows::hook: [hook] IME-mode vk=0xF2 down self_injected=true injected=true scan=0x0 extra=0x4B45594D since_actuation_us=Some(18000101)
2026-09-21T03:32:05.671818Z DEBUG awase::journal: hook ime-mode diagnostic seq=166 elapsed_ms=29274 vk_code=240 is_down=false self_injected=true injected=false scan=0
2026-09-21T03:32:05.671847Z DEBUG awase::journal: hook ime-mode diagnostic seq=167 elapsed_ms=29274 vk_code=242 is_down=true self_injected=true injected=true scan=0
2026-09-21T03:32:05.683152Z DEBUG awase_windows::tsf::gji_monitor: [gji-io] WRITE: w_ops=+2 w_KB=+0.0 (r_ops=+4 x_ops=+4 x_KB=+0.0)
2026-09-21T03:32:05.700976Z DEBUG awase_windows::runtime::ime_refresh: Skipping observer/SSOT write: typing active (idle=32ms)
2026-09-21T03:32:05.701049Z DEBUG awase::engine::engine: [diag-engine-active] ime_on=true なのに非活性: reason=Inactive(NotRomajiInput) romaji_capable=false japanese=true user_enabled=true was_active=false input_mode=ObservedEisu
2026-09-21T03:32:06.203822Z  INFO awase_windows::observer::ime_observer: IME input method changed: kana → romaji (focused_class=Some("Edit"))
2026-09-21T03:32:06.203846Z DEBUG awase_windows::observer::ime_observer: IME snapshot: japanese=Some(true) ime_on=Some(true) romaji=Some(true) conv=Some("0x00000019") guard=false
2026-09-21T03:32:06.203952Z DEBUG awase::journal: ime event seq=168 elapsed_ms=29806 event_kind="ObserverReported"
2026-09-21T03:32:06.203998Z DEBUG awase::journal: ime event seq=169 elapsed_ms=29806 event_kind="InputModeObserved"
2026-09-21T03:32:06.204076Z  INFO awase::engine::engine: Engine activated (ime=true, romaji=true, japanese=true, user=true, reason=Active)
2026-09-21T03:32:06.204232Z DEBUG execute_from_loop:execute_one{generation=None}:dispatch_ime_set_open{open=true generation=None}: awase_windows::runtime::executor: [dispatch-ime] ImmCross async: optimistic applied_snapshot=true (suppress send_engine_state_ime_key)
2026-09-21T03:32:06.205717Z DEBUG execute_from_loop:execute_one{generation=None}: awase_windows::platform: [engine-state-key] suppressed (polling/focus-triggered, enabled=true)
2026-09-21T03:32:06.207529Z DEBUG run_open_chain_async: awase_windows::ime_controller: [warrant-shadow] chain=async open=true origin=EventOrigin { source: SelfActuated { strategy: "engine_decision_async" }, epoch: Generation(0) } warranted
2026-09-21T03:32:06.207676Z  INFO run_open_chain_async:imm_cross_write{open=true}: awase_windows::runtime::open_chain: [apply-ime] ImmCross async: open=true composition_active=false show_seq=0 change_seq=0 (issue #138診断)
2026-09-21T03:32:06.209310Z DEBUG awase_windows::shadow_send_trace: [shadow-send] channel=ImeControl cmd=0x0006 lparam=1 issue_us=29811574
2026-09-21T03:32:06.209330Z DEBUG awase_windows::ime: set_ime_open_for_target: hwnd=HWND(0x8091c) ime_wnd=HWND(0xf086a) open=true success=true send_elapsed=0ms candidate_visible=false
2026-09-21T03:32:06.209876Z DEBUG run_open_chain_async:imm_cross_write{open=true}: awase_windows::ime: [imm-cross-actuate] hwnd=HWND(0x8091c) open=Written conv=Some(Written)
2026-09-21T03:32:06.209953Z DEBUG run_open_chain_async:imm_cross_write{open=true}: awase_windows::runtime::open_chain: [apply-ime] ROMAN 補完結果: Written
2026-09-21T03:32:06.210022Z DEBUG run_open_chain_async: awase::journal: actuation decision seq=170 elapsed_ms=29812 site="DispatchImeSetOpen" caller="None" open=true chain_len=4 attempts_len=1 gate_profile="Standard" gate_kind="Gji" gate_shadow_known=true gate_shadow_on=true gate_input_mode="Observe
2026-09-21T03:32:06.210211Z DEBUG on_ime_apply_complete{open=true outcome=AppliedWithoutSendInput generation=None reason=EngineDecision}: awase::journal: ime open applied seq=171 elapsed_ms=29812 open=true outcome="AppliedWithoutSendInput" reason="EngineDecision"
2026-09-21T03:32:06.210314Z DEBUG on_ime_apply_complete{open=true outcome=AppliedWithoutSendInput generation=None reason=EngineDecision}: awase_windows::tsf::ime_mode_fsm: [ime-mode] SetOpen(true) applied → Hiragana (belief, unconfirmed)
2026-09-21T03:32:06.210347Z DEBUG on_ime_apply_complete{open=true outcome=AppliedWithoutSendInput generation=None reason=EngineDecision}: awase_windows::platform: [composition] ImeEffect::SetOpen(true) → marking cold
2026-09-21T03:32:06.210374Z DEBUG on_ime_apply_complete{open=true outcome=AppliedWithoutSendInput generation=None reason=EngineDecision}: awase_windows::tsf::probe: [composition] marked cold reason=SetOpenTrue idle=13969ms → next VK/TSF output will send VK_DBE_HIRAGANA warmup
2026-09-21T03:32:06.210433Z DEBUG on_ime_apply_complete{open=true outcome=AppliedWithoutSendInput generation=None reason=EngineDecision}:gji_on_event{event=ImeOn { injection_mode: Unicode, gji_idle_ms: 531 }}: awase_windows::tsf::gji_fsm: [gji-fsm] ImeOn: already on (OnCold(Short)), ignored
2026-09-21T03:32:06.210564Z DEBUG awase::journal: gji fsm transition seq=172 elapsed_ms=29813 trigger="ImeOn(gji_idle_ms=531)" state_before="OnCold(Short)" state_after="OnCold(Short)"
2026-09-21T03:32:06.251487Z DEBUG awase_windows::observer::ime_observer: IME snapshot: japanese=Some(true) ime_on=Some(true) romaji=Some(true) conv=Some("0x00000019") guard=false
2026-09-21T03:32:06.251595Z DEBUG awase::journal: ime event seq=173 elapsed_ms=29854 event_kind="ObserverReported"
2026-09-21T03:32:06.251640Z DEBUG awase::journal: ime event seq=174 elapsed_ms=29854 event_kind="InputModeObserved"
2026-09-21T03:32:06.749501Z DEBUG awase_windows::observer::ime_observer: IME snapshot: japanese=Some(true) ime_on=Some(true) romaji=Some(true) conv=Some("0x00000019") guard=false
2026-09-21T03:32:06.749594Z DEBUG awase::journal: ime event seq=175 elapsed_ms=30352 event_kind="ObserverReported"
2026-09-21T03:32:06.749624Z DEBUG awase::journal: ime event seq=176 elapsed_ms=30352 event_kind="InputModeObserved"
2026-09-21T03:32:07.246013Z DEBUG awase_windows::observer::ime_observer: IME snapshot: japanese=Some(true) ime_on=Some(true) romaji=Some(true) conv=Some("0x00000019") guard=false
2026-09-21T03:32:07.246095Z DEBUG awase::journal: ime event seq=177 elapsed_ms=30848 event_kind="ObserverReported"
2026-09-21T03:32:07.246129Z DEBUG awase::journal: ime event seq=178 elapsed_ms=30848 event_kind="InputModeObserved"
2026-09-21T03:32:07.604468Z DEBUG awase_windows::hook: [hook] IME-mode vk=0xF4 up self_injected=false injected=false scan=0x29 extra=0x5350494B since_actuation_us=Some(19934157)
2026-09-21T03:32:07.604642Z DEBUG awase::journal: hook ime-mode diagnostic seq=179 elapsed_ms=31207 vk_code=244 is_down=false self_injected=false injected=false scan=41
2026-09-21T03:32:07.604729Z DEBUG awase_windows::hook: [hook] IME-mode vk=0xF3 down self_injected=false injected=true scan=0x29 extra=0x5350494B since_actuation_us=Some(19934434)
2026-09-21T03:32:07.604924Z DEBUG awase_windows::runtime::key_pipeline: [engine-input] vk=0xF4 KeyUp ts=31207191us delay=0ms state=Idle mods(c=false s=false a=false w=false) gas_ctrl=false phys_ctrl=false extra=0x5350494B pending_drain=0 gate_active=false l_thumb=None r_thumb=None [diag-ctx] ime_on=
2026-09-21T03:32:07.605023Z DEBUG awase::journal: key input seq=180 elapsed_ms=31207 vk_code=244 is_down=false injected=false key_class="Passthrough" state_before="Idle" state_after="Idle" decision="PassThrough" physical="Allow" repeat_count=1 last_timestamp_us=31207191 last_elapsed_ms=0
2026-09-21T03:32:07.605086Z DEBUG execute_from_hook: awase_windows::runtime::transport: [relay-sym] PassThrough KeyUp vk=0xf4: KeyDown was deferred → force reinject for symmetry
2026-09-21T03:32:07.605171Z DEBUG awase::journal: hook ime-mode diagnostic seq=181 elapsed_ms=31207 vk_code=243 is_down=true self_injected=false injected=true scan=41
2026-09-21T03:32:07.605237Z DEBUG awase_windows::runtime::key_pipeline: [engine-input] vk=0xF3 KeyDown ts=31207369us delay=0ms state=Idle mods(c=false s=false a=false w=false) gas_ctrl=false phys_ctrl=false extra=0x5350494B pending_drain=0 gate_active=false l_thumb=None r_thumb=None [diag-ctx] ime_o
2026-09-21T03:32:07.605299Z DEBUG awase::journal: key input seq=182 elapsed_ms=31208 vk_code=243 is_down=true injected=true key_class="Passthrough" state_before="Idle" state_after="Idle" decision="PassThrough" physical="Allow" repeat_count=1 last_timestamp_us=31207369 last_elapsed_ms=0
2026-09-21T03:32:07.605365Z DEBUG awase_windows::runtime::key_pipeline: may_change_ime key passed through → IME refresh scheduled (20ms)
2026-09-21T03:32:07.605411Z DEBUG execute_from_hook: awase_windows::runtime::transport: [relay-defer] PassThrough deferred: pending effects, reinject(vk=0xf3 down)
2026-09-21T03:32:07.605467Z DEBUG execute_one{generation=None}: awase_windows::runtime::executor: [reinject] vk=0xf4 up (queued passthrough now firing)
2026-09-21T03:32:07.605515Z DEBUG execute_one{generation=None}: awase_windows::runtime::executor: [reinject] vk=0xf3 down (queued passthrough now firing)
2026-09-21T03:32:07.605639Z DEBUG awase_windows::hook: [hook] IME-mode vk=0xF4 up self_injected=true injected=true scan=0x0 extra=0x4B45594D since_actuation_us=Some(19935350)
2026-09-21T03:32:07.608052Z DEBUG awase_windows::hook: [hook] IME-mode vk=0xF3 up self_injected=true injected=false scan=0x0 extra=0x4B45594D since_actuation_us=Some(19937750)
2026-09-21T03:32:07.609714Z DEBUG awase_windows::hook: [hook] IME-mode vk=0xF4 down self_injected=true injected=true scan=0x0 extra=0x4B45594D since_actuation_us=Some(19939420)
2026-09-21T03:32:07.610444Z DEBUG awase::journal: hook ime-mode diagnostic seq=183 elapsed_ms=31213 vk_code=244 is_down=false self_injected=true injected=true scan=0
2026-09-21T03:32:07.610468Z DEBUG awase::journal: hook ime-mode diagnostic seq=184 elapsed_ms=31213 vk_code=243 is_down=false self_injected=true injected=false scan=0
2026-09-21T03:32:07.610487Z DEBUG awase::journal: hook ime-mode diagnostic seq=185 elapsed_ms=31213 vk_code=244 is_down=true self_injected=true injected=true scan=0
2026-09-21T03:32:07.619239Z DEBUG awase_windows::tsf::gji_monitor: [gji-io] WRITE: w_ops=+2 w_KB=+0.0 (r_ops=+4 x_ops=+4 x_KB=+0.0)
2026-09-21T03:32:07.638889Z DEBUG awase_windows::runtime::ime_refresh: Skipping observer/SSOT write: typing active (idle=31ms)
2026-09-21T03:32:08.136622Z DEBUG awase_windows::observer::ime_observer: IME snapshot: japanese=Some(true) ime_on=Some(false) romaji=Some(true) conv=Some("0x00000019") guard=false
2026-09-21T03:32:08.136682Z DEBUG awase::journal: ime event seq=186 elapsed_ms=31739 event_kind="ObserverReported"
2026-09-21T03:32:08.136704Z DEBUG awase::journal: ime event seq=187 elapsed_ms=31739 event_kind="InputModeObserved"
2026-09-21T03:32:08.136773Z  INFO awase::engine::engine: Engine deactivated (ime=false, romaji=true, japanese=true, user=true, reason=Inactive(ImeOff))
2026-09-21T03:32:08.136918Z DEBUG execute_from_loop:execute_one{generation=None}:dispatch_ime_set_open{open=false generation=None}: awase_windows::runtime::executor: [dispatch-ime] ImmCross async: optimistic applied_snapshot=false (suppress send_engine_state_ime_key)
2026-09-21T03:32:08.138143Z DEBUG execute_from_loop:execute_one{generation=None}: awase_windows::platform: [engine-state-key] suppressed (polling/focus-triggered, enabled=false)
2026-09-21T03:32:08.140771Z DEBUG run_open_chain_async: awase_windows::ime_controller: [warrant-shadow] chain=async open=false origin=EventOrigin { source: SelfActuated { strategy: "engine_decision_async" }, epoch: Generation(0) } warranted
2026-09-21T03:32:08.140830Z  INFO run_open_chain_async:imm_cross_write{open=false}: awase_windows::runtime::open_chain: [apply-ime] ImmCross async: open=false composition_active=false show_seq=0 change_seq=0 (issue #138診断)
2026-09-21T03:32:08.142788Z DEBUG awase_windows::shadow_send_trace: [shadow-send] channel=ImeControl cmd=0x0006 lparam=0 issue_us=31745027
2026-09-21T03:32:08.142799Z DEBUG awase_windows::ime: set_ime_open_for_target: hwnd=HWND(0x8091c) ime_wnd=HWND(0xf086a) open=false success=true send_elapsed=0ms candidate_visible=false
2026-09-21T03:32:08.142951Z DEBUG run_open_chain_async:imm_cross_write{open=false}: awase_windows::ime: [imm-cross-actuate] hwnd=HWND(0x8091c) open=Written conv=None
2026-09-21T03:32:08.143023Z DEBUG run_open_chain_async: awase::journal: actuation decision seq=188 elapsed_ms=31745 site="DispatchImeSetOpen" caller="None" open=false chain_len=4 attempts_len=1 gate_profile="Standard" gate_kind="Gji" gate_shadow_known=true gate_shadow_on=true gate_input_mode="Observ
2026-09-21T03:32:08.143161Z DEBUG on_ime_apply_complete{open=false outcome=AppliedWithoutSendInput generation=None reason=EngineDecision}: awase::journal: ime open applied seq=189 elapsed_ms=31745 open=false outcome="AppliedWithoutSendInput" reason="EngineDecision"
2026-09-21T03:32:08.143210Z DEBUG on_ime_apply_complete{open=false outcome=AppliedWithoutSendInput generation=None reason=EngineDecision}: awase_windows::tsf::ime_mode_fsm: [ime-mode] SetOpen(false) applied → Off (belief, unconfirmed)
2026-09-21T03:32:08.143232Z DEBUG on_ime_apply_complete{open=false outcome=AppliedWithoutSendInput generation=None reason=EngineDecision}: awase_windows::platform: [composition] ImeEffect::SetOpen(false) → marking cold (prevent warm+TSF Enter leak)
2026-09-21T03:32:08.143246Z DEBUG on_ime_apply_complete{open=false outcome=AppliedWithoutSendInput generation=None reason=EngineDecision}: awase_windows::tsf::probe: [composition] marked cold reason=SetOpenFalse idle=15891ms → next VK/TSF output will send VK_DBE_HIRAGANA warmup
2026-09-21T03:32:08.143319Z DEBUG awase::journal: gji fsm transition seq=190 elapsed_ms=31745 trigger="ImeOff" state_before="OnCold(Short)" state_after="OffCold"
2026-09-21T03:32:08.169008Z DEBUG awase_windows::observer::ime_observer: IME snapshot: japanese=Some(true) ime_on=Some(false) romaji=Some(true) conv=Some("0x00000019") guard=false
2026-09-21T03:32:08.169124Z DEBUG awase::journal: ime event seq=191 elapsed_ms=31771 event_kind="ObserverReported"
2026-09-21T03:32:08.169151Z DEBUG awase::journal: ime event seq=192 elapsed_ms=31771 event_kind="InputModeObserved"
2026-09-21T03:32:08.667934Z DEBUG awase_windows::observer::ime_observer: IME snapshot: japanese=Some(true) ime_on=Some(false) romaji=Some(true) conv=Some("0x00000019") guard=false
2026-09-21T03:32:08.668023Z DEBUG awase::journal: ime event seq=193 elapsed_ms=32270 event_kind="ObserverReported"
2026-09-21T03:32:08.668059Z DEBUG awase::journal: ime event seq=194 elapsed_ms=32270 event_kind="InputModeObserved"
2026-09-21T03:32:09.169169Z DEBUG awase_windows::observer::ime_observer: IME snapshot: japanese=Some(true) ime_on=Some(false) romaji=Some(true) conv=Some("0x00000019") guard=false
2026-09-21T03:32:09.169241Z DEBUG awase::journal: ime event seq=195 elapsed_ms=32771 event_kind="ObserverReported"
2026-09-21T03:32:09.169266Z DEBUG awase::journal: ime event seq=196 elapsed_ms=32771 event_kind="InputModeObserved"
2026-09-21T03:32:09.541074Z DEBUG awase_windows::hook: [hook] IME-mode vk=0xF0 up self_injected=false injected=false scan=0x70 extra=0x5350494B since_actuation_us=Some(21870764)
2026-09-21T03:32:09.541285Z DEBUG awase::journal: hook ime-mode diagnostic seq=197 elapsed_ms=33143 vk_code=240 is_down=false self_injected=false injected=false scan=112
2026-09-21T03:32:09.541498Z DEBUG awase_windows::runtime::key_pipeline: [engine-input] vk=0xF0 KeyUp ts=33143794us delay=0ms state=Idle mods(c=false s=false a=false w=false) gas_ctrl=false phys_ctrl=false extra=0x5350494B pending_drain=0 gate_active=false l_thumb=None r_thumb=None [diag-ctx] ime_on=
2026-09-21T03:32:09.541611Z DEBUG awase::journal: key input seq=198 elapsed_ms=33144 vk_code=240 is_down=false injected=false key_class="Passthrough" state_before="Idle" state_after="Idle" decision="PassThrough" physical="Allow" repeat_count=1 last_timestamp_us=33143794 last_elapsed_ms=0
2026-09-21T03:32:09.541732Z DEBUG execute_from_hook: awase_windows::runtime::executor: [relay-passthrough] PassThrough idle: direct OS pass-through (vk=0xf0 up)
2026-09-21T03:32:09.541830Z DEBUG execute_one{generation=None}: awase_windows::runtime::executor: [reinject] vk=0xf0 up (queued passthrough now firing)
2026-09-21T03:32:09.542109Z DEBUG awase_windows::hook: [hook] IME-mode vk=0xF2 down self_injected=false injected=true scan=0x70 extra=0x5350494B since_actuation_us=Some(21871820)
2026-09-21T03:32:09.542221Z DEBUG awase::journal: hook ime-mode diagnostic seq=199 elapsed_ms=33144 vk_code=242 is_down=true self_injected=false injected=true scan=112
2026-09-21T03:32:09.542339Z DEBUG awase_windows::runtime::key_pipeline: [engine-input] vk=0xF2 KeyDown ts=33144760us delay=0ms state=Idle mods(c=false s=false a=false w=false) gas_ctrl=false phys_ctrl=false extra=0x5350494B pending_drain=0 gate_active=false l_thumb=None r_thumb=None [diag-ctx] ime_o
2026-09-21T03:32:09.542435Z DEBUG awase::journal: key input seq=200 elapsed_ms=33145 vk_code=242 is_down=true injected=true key_class="Passthrough" state_before="Idle" state_after="Idle" decision="PassThrough" physical="Allow" repeat_count=1 last_timestamp_us=33144760 last_elapsed_ms=0
2026-09-21T03:32:09.542531Z DEBUG awase_windows::runtime::key_pipeline: may_change_ime key passed through → IME refresh scheduled (20ms)
2026-09-21T03:32:09.542574Z DEBUG awase_windows::tsf::probe: [composition] marked cold reason=F2NonTsf idle=17297ms → next VK/TSF output will send VK_DBE_HIRAGANA warmup
2026-09-21T03:32:09.542704Z DEBUG execute_from_hook: awase_windows::runtime::executor: [relay-passthrough] PassThrough idle: direct OS pass-through (vk=0xf2 down)
2026-09-21T03:32:09.542743Z DEBUG awase::journal: gji fsm transition seq=201 elapsed_ms=33145 trigger="CompositionReset(gji_idle_ms=1922)" state_before="OffCold" state_after="OffCold"
2026-09-21T03:32:09.542821Z DEBUG execute_one{generation=None}: awase_windows::runtime::executor: [reinject] vk=0xf2 down (queued passthrough now firing)
2026-09-21T03:32:09.542944Z DEBUG awase_windows::hook: [hook] IME-mode vk=0xF0 up self_injected=true injected=false scan=0x0 extra=0x4B45594D since_actuation_us=Some(21872654)
2026-09-21T03:32:09.544972Z DEBUG awase_windows::hook: [hook] IME-mode vk=0xF2 down self_injected=true injected=true scan=0x0 extra=0x4B45594D since_actuation_us=Some(21874622)
2026-09-21T03:32:09.547158Z DEBUG awase::journal: hook ime-mode diagnostic seq=202 elapsed_ms=33149 vk_code=240 is_down=false self_injected=true injected=false scan=0
2026-09-21T03:32:09.547185Z DEBUG awase::journal: hook ime-mode diagnostic seq=203 elapsed_ms=33149 vk_code=242 is_down=true self_injected=true injected=true scan=0
2026-09-21T03:32:09.576010Z DEBUG awase_windows::runtime::ime_refresh: Skipping observer/SSOT write: typing active (idle=32ms)
2026-09-21T03:32:10.072205Z DEBUG awase_windows::observer::ime_observer: IME snapshot: japanese=Some(true) ime_on=Some(false) romaji=Some(true) conv=Some("0x00000019") guard=false
2026-09-21T03:32:10.072292Z DEBUG awase::journal: ime event seq=204 elapsed_ms=33674 event_kind="ObserverReported"
2026-09-21T03:32:10.072330Z DEBUG awase::journal: ime event seq=205 elapsed_ms=33675 event_kind="InputModeObserved"
2026-09-21T03:32:10.574091Z DEBUG awase_windows::observer::ime_observer: IME snapshot: japanese=Some(true) ime_on=Some(false) romaji=Some(true) conv=Some("0x00000019") guard=false
2026-09-21T03:32:10.574183Z DEBUG awase::journal: ime event seq=206 elapsed_ms=34176 event_kind="ObserverReported"
2026-09-21T03:32:10.574221Z DEBUG awase::journal: ime event seq=207 elapsed_ms=34176 event_kind="InputModeObserved"
2026-09-21T03:32:11.087953Z DEBUG awase_windows::observer::ime_observer: IME snapshot: japanese=Some(true) ime_on=Some(false) romaji=Some(true) conv=Some("0x00000019") guard=false
2026-09-21T03:32:11.088022Z DEBUG awase::journal: ime event seq=208 elapsed_ms=34690 event_kind="ObserverReported"
2026-09-21T03:32:11.088046Z DEBUG awase::journal: ime event seq=209 elapsed_ms=34690 event_kind="InputModeObserved"
2026-09-21T03:32:11.440931Z DEBUG awase_windows::runtime::key_pipeline: [engine-input] vk=0x4B KeyDown ts=35043197us delay=0ms state=Idle mods(c=false s=false a=false w=false) gas_ctrl=false phys_ctrl=false extra=0x5350494B pending_drain=0 gate_active=false l_thumb=None r_thumb=None [diag-ctx] ime_o
2026-09-21T03:32:11.441060Z DEBUG awase::journal: key input seq=210 elapsed_ms=35043 vk_code=75 is_down=true injected=true key_class="Char" state_before="Idle" state_after="Idle" decision="PassThrough" physical="Allow" repeat_count=1 last_timestamp_us=35043197 last_elapsed_ms=0
2026-09-21T03:32:11.441349Z DEBUG execute_one{generation=None}: awase_windows::runtime::executor: [reinject] vk=0x4b down (queued passthrough now firing)
2026-09-21T03:32:11.567836Z DEBUG awase_windows::runtime::key_pipeline: [engine-input] vk=0x4B KeyUp ts=35170214us delay=0ms state=Idle mods(c=false s=false a=false w=false) gas_ctrl=false phys_ctrl=false extra=0x5350494B pending_drain=0 gate_active=false l_thumb=None r_thumb=None [diag-ctx] ime_on=
2026-09-21T03:32:11.568122Z DEBUG awase::journal: key input seq=211 elapsed_ms=35170 vk_code=75 is_down=false injected=true key_class="Char" state_before="Idle" state_after="Idle" decision="PassThrough" physical="Allow" repeat_count=1 last_timestamp_us=35170214 last_elapsed_ms=0
2026-09-21T03:32:11.568283Z DEBUG execute_one{generation=None}: awase_windows::runtime::executor: [reinject] vk=0x4b up (queued passthrough now firing)
2026-09-21T03:32:11.599587Z DEBUG awase_windows::runtime::ime_refresh: Skipping observer/SSOT write: typing active (idle=31ms)
2026-09-21T03:32:12.103777Z DEBUG awase_windows::observer::ime_observer: IME snapshot: japanese=Some(true) ime_on=Some(false) romaji=Some(true) conv=Some("0x00000019") guard=false
2026-09-21T03:32:12.103880Z DEBUG awase::journal: ime event seq=212 elapsed_ms=35706 event_kind="ObserverReported"
2026-09-21T03:32:12.103922Z DEBUG awase::journal: ime event seq=213 elapsed_ms=35706 event_kind="InputModeObserved"
2026-09-21T03:32:12.603713Z DEBUG awase_windows::observer::ime_observer: IME snapshot: japanese=Some(true) ime_on=Some(false) romaji=Some(true) conv=Some("0x00000019") guard=false
2026-09-21T03:32:12.603790Z DEBUG awase::journal: ime event seq=214 elapsed_ms=36206 event_kind="ObserverReported"
2026-09-21T03:32:12.603815Z DEBUG awase::journal: ime event seq=215 elapsed_ms=36206 event_kind="InputModeObserved"
2026-09-21T03:32:13.153491Z DEBUG awase_windows::observer::ime_observer: IME snapshot: japanese=Some(true) ime_on=Some(false) romaji=Some(true) conv=Some("0x00000019") guard=false
2026-09-21T03:32:13.153577Z DEBUG awase::journal: ime event seq=216 elapsed_ms=36756 event_kind="ObserverReported"
2026-09-21T03:32:13.153612Z DEBUG awase::journal: ime event seq=217 elapsed_ms=36756 event_kind="InputModeObserved"
2026-09-21T03:32:13.381179Z DEBUG awase_windows::runtime::key_pipeline: [engine-input] vk=0x1D KeyDown ts=36983257us delay=0ms state=Idle mods(c=false s=false a=false w=false) gas_ctrl=false phys_ctrl=false extra=0x5350494B pending_drain=0 gate_active=false l_thumb=None r_thumb=None [diag-ctx] ime_o
2026-09-21T03:32:13.381395Z DEBUG awase::journal: key input seq=218 elapsed_ms=36984 vk_code=29 is_down=true injected=true key_class="LeftThumb" state_before="Idle" state_after="Idle" decision="PassThrough" physical="Allow" repeat_count=1 last_timestamp_us=36983257 last_elapsed_ms=0
2026-09-21T03:32:13.381665Z DEBUG execute_one{generation=None}: awase_windows::runtime::executor: [reinject] vk=0x1d down (queued passthrough now firing)
2026-09-21T03:32:13.394055Z DEBUG awase_windows::tsf::gji_monitor: [gji-io] WRITE: w_ops=+2 w_KB=+0.0 (r_ops=+4 x_ops=+4 x_KB=+0.0)
2026-09-21T03:32:13.552979Z DEBUG awase_windows::runtime::key_pipeline: [engine-input] vk=0x1D KeyUp ts=37155352us delay=0ms state=Idle mods(c=false s=false a=false w=false) gas_ctrl=false phys_ctrl=false extra=0x5350494B pending_drain=0 gate_active=false l_thumb=None r_thumb=None [diag-ctx] ime_on=
2026-09-21T03:32:13.553061Z DEBUG awase::journal: key input seq=219 elapsed_ms=37155 vk_code=29 is_down=false injected=true key_class="LeftThumb" state_before="Idle" state_after="Idle" decision="PassThrough" physical="Allow" repeat_count=1 last_timestamp_us=37155352 last_elapsed_ms=0
2026-09-21T03:32:13.553182Z DEBUG execute_one{generation=None}: awase_windows::runtime::executor: [reinject] vk=0x1d up (queued passthrough now firing)
2026-09-21T03:32:13.650837Z DEBUG awase_windows::runtime::ime_refresh: Skipping observer/SSOT write: typing active (idle=94ms)
2026-09-21T03:32:14.152116Z DEBUG awase_windows::observer::ime_observer: IME snapshot: japanese=Some(true) ime_on=Some(true) romaji=Some(true) conv=Some("0x00000019") guard=false
2026-09-21T03:32:14.152184Z DEBUG awase::journal: ime event seq=220 elapsed_ms=37754 event_kind="ObserverReported"
2026-09-21T03:32:14.152208Z DEBUG awase::journal: ime event seq=221 elapsed_ms=37754 event_kind="InputModeObserved"
2026-09-21T03:32:14.152259Z  INFO awase::engine::engine: Engine activated (ime=true, romaji=true, japanese=true, user=true, reason=Active)
2026-09-21T03:32:14.152355Z DEBUG execute_from_loop:execute_one{generation=None}:dispatch_ime_set_open{open=true generation=None}: awase_windows::runtime::executor: [dispatch-ime] ImmCross async: optimistic applied_snapshot=true (suppress send_engine_state_ime_key)
2026-09-21T03:32:14.153656Z DEBUG execute_from_loop:execute_one{generation=None}: awase_windows::platform: [engine-state-key] suppressed (polling/focus-triggered, enabled=true)
2026-09-21T03:32:14.155362Z DEBUG run_open_chain_async: awase_windows::ime_controller: [warrant-shadow] chain=async open=true origin=EventOrigin { source: SelfActuated { strategy: "engine_decision_async" }, epoch: Generation(0) } warranted
2026-09-21T03:32:14.155418Z  INFO run_open_chain_async:imm_cross_write{open=true}: awase_windows::runtime::open_chain: [apply-ime] ImmCross async: open=true composition_active=false show_seq=0 change_seq=0 (issue #138診断)
2026-09-21T03:32:14.157689Z DEBUG awase_windows::shadow_send_trace: [shadow-send] channel=ImeControl cmd=0x0006 lparam=1 issue_us=37759909
2026-09-21T03:32:14.157705Z DEBUG awase_windows::ime: set_ime_open_for_target: hwnd=HWND(0x8091c) ime_wnd=HWND(0xf086a) open=true success=true send_elapsed=0ms candidate_visible=false
2026-09-21T03:32:14.158084Z DEBUG run_open_chain_async:imm_cross_write{open=true}: awase_windows::ime: [imm-cross-actuate] hwnd=HWND(0x8091c) open=Written conv=Some(Written)
2026-09-21T03:32:14.158166Z DEBUG run_open_chain_async:imm_cross_write{open=true}: awase_windows::runtime::open_chain: [apply-ime] ROMAN 補完結果: Written
2026-09-21T03:32:14.158220Z DEBUG run_open_chain_async: awase::journal: actuation decision seq=222 elapsed_ms=37760 site="DispatchImeSetOpen" caller="None" open=true chain_len=4 attempts_len=1 gate_profile="Standard" gate_kind="Gji" gate_shadow_known=true gate_shadow_on=false gate_input_mode="Observ
2026-09-21T03:32:14.158342Z DEBUG on_ime_apply_complete{open=true outcome=AppliedWithoutSendInput generation=None reason=EngineDecision}: awase::journal: ime open applied seq=223 elapsed_ms=37761 open=true outcome="AppliedWithoutSendInput" reason="EngineDecision"
2026-09-21T03:32:14.158387Z DEBUG on_ime_apply_complete{open=true outcome=AppliedWithoutSendInput generation=None reason=EngineDecision}: awase_windows::tsf::ime_mode_fsm: [ime-mode] SetOpen(true) applied → Hiragana (belief, unconfirmed)
2026-09-21T03:32:14.158403Z DEBUG on_ime_apply_complete{open=true outcome=AppliedWithoutSendInput generation=None reason=EngineDecision}: awase_windows::platform: [composition] ImeEffect::SetOpen(true) → marking cold
2026-09-21T03:32:14.158416Z DEBUG on_ime_apply_complete{open=true outcome=AppliedWithoutSendInput generation=None reason=EngineDecision}: awase_windows::tsf::probe: [composition] marked cold reason=SetOpenTrue idle=21907ms → next VK/TSF output will send VK_DBE_HIRAGANA warmup
2026-09-21T03:32:14.158444Z DEBUG on_ime_apply_complete{open=true outcome=AppliedWithoutSendInput generation=None reason=EngineDecision}:gji_on_event{event=ImeOn { injection_mode: Unicode, gji_idle_ms: 766 }}: awase_windows::tsf::gji_fsm: [gji-fsm] ImeOn gji_idle=766ms → Short
2026-09-21T03:32:14.158470Z DEBUG on_ime_apply_complete{open=true outcome=AppliedWithoutSendInput generation=None reason=EngineDecision}: awase_windows::platform: [gji-fsm] StartProbe probe_id=ProbeId(1) forces_f2=false long=false
2026-09-21T03:32:14.158560Z DEBUG awase::journal: gji fsm transition seq=224 elapsed_ms=37761 trigger="ImeOn(gji_idle_ms=766)" state_before="OffCold" state_after="OnCold(Short)"
2026-09-21T03:32:14.158572Z DEBUG awase::journal: tsf probe started seq=225 elapsed_ms=37761 source="GjiAction::StartProbe" cold_seq=0 probe_id=1 probe_id_present=true gji_state="OnCold(Short)" consecutive_at_start=0 pending_deferred_len=0
2026-09-21T03:32:14.158587Z DEBUG awase::journal: gji fsm transition seq=226 elapsed_ms=37761 trigger="WarmupComplete(unicode)" state_before="OnCold(Short)" state_after="OnWarm"
2026-09-21T03:32:14.158597Z DEBUG awase::journal: tsf probe completed seq=227 elapsed_ms=37761 outcome="UnicodeImmediate" cold_seq=18446744073709551615 cold_seq_present=false probe_id=1 probe_id_present=true duration_ms=0 tick_count=0 gji_state="OnWarm"
2026-09-21T03:32:14.184055Z DEBUG awase_windows::observer::ime_observer: IME snapshot: japanese=Some(true) ime_on=Some(true) romaji=Some(true) conv=Some("0x00000019") guard=false
2026-09-21T03:32:14.184135Z DEBUG awase::journal: ime event seq=228 elapsed_ms=37786 event_kind="ObserverReported"
2026-09-21T03:32:14.184163Z DEBUG awase::journal: ime event seq=229 elapsed_ms=37786 event_kind="InputModeObserved"
2026-09-21T03:32:14.681346Z DEBUG awase_windows::observer::ime_observer: IME snapshot: japanese=Some(true) ime_on=Some(true) romaji=Some(true) conv=Some("0x00000019") guard=false
2026-09-21T03:32:14.681458Z DEBUG awase::journal: ime event seq=230 elapsed_ms=38284 event_kind="ObserverReported"
2026-09-21T03:32:14.681504Z DEBUG awase::journal: ime event seq=231 elapsed_ms=38284 event_kind="InputModeObserved"
2026-09-21T03:32:15.180650Z DEBUG awase_windows::observer::ime_observer: IME snapshot: japanese=Some(true) ime_on=Some(true) romaji=Some(true) conv=Some("0x00000019") guard=false
2026-09-21T03:32:15.180772Z DEBUG awase::journal: ime event seq=232 elapsed_ms=38783 event_kind="ObserverReported"
2026-09-21T03:32:15.180816Z DEBUG awase::journal: ime event seq=233 elapsed_ms=38783 event_kind="InputModeObserved"
2026-09-21T03:32:15.287833Z DEBUG awase_windows::hook: [hook] IME-mode vk=0xF2 down self_injected=false injected=true scan=0x70 extra=0x5350494B since_actuation_us=Some(27617530)
2026-09-21T03:32:15.287947Z DEBUG awase::journal: hook ime-mode diagnostic seq=234 elapsed_ms=38890 vk_code=242 is_down=true self_injected=false injected=true scan=112
2026-09-21T03:32:15.288107Z DEBUG awase_windows::runtime::key_pipeline: [engine-input] vk=0xF2 KeyDown ts=38890526us delay=0ms state=Idle mods(c=false s=false a=false w=false) gas_ctrl=false phys_ctrl=false extra=0x5350494B pending_drain=0 gate_active=false l_thumb=None r_thumb=None [diag-ctx] ime_o
2026-09-21T03:32:15.288186Z DEBUG awase::journal: key input seq=235 elapsed_ms=38890 vk_code=242 is_down=true injected=true key_class="Passthrough" state_before="Idle" state_after="Idle" decision="PassThrough" physical="Allow" repeat_count=1 last_timestamp_us=38890526 last_elapsed_ms=0
2026-09-21T03:32:15.288247Z DEBUG awase_windows::runtime::key_pipeline: may_change_ime key passed through → IME refresh scheduled (20ms)
2026-09-21T03:32:15.288311Z DEBUG execute_from_hook: awase_windows::runtime::executor: [relay-passthrough] PassThrough idle: direct OS pass-through (vk=0xf2 down)
2026-09-21T03:32:15.288372Z DEBUG execute_one{generation=None}: awase_windows::runtime::executor: [reinject] vk=0xf2 down (queued passthrough now firing)
2026-09-21T03:32:15.288495Z DEBUG awase_windows::hook: [hook] IME-mode vk=0xF2 down self_injected=true injected=true scan=0x0 extra=0x4B45594D since_actuation_us=Some(27618205)
2026-09-21T03:32:15.290039Z DEBUG awase::journal: hook ime-mode diagnostic seq=236 elapsed_ms=38892 vk_code=242 is_down=true self_injected=true injected=true scan=0
2026-09-21T03:32:15.303546Z DEBUG awase_windows::tsf::gji_monitor: [gji-io] WRITE: w_ops=+2 w_KB=+0.0 (r_ops=+4 x_ops=+4 x_KB=+0.0)
2026-09-21T03:32:15.324317Z DEBUG awase_windows::runtime::ime_refresh: Skipping observer/SSOT write: typing active (idle=32ms)
2026-09-21T03:32:15.823843Z DEBUG awase_windows::observer::ime_observer: IME snapshot: japanese=Some(true) ime_on=Some(true) romaji=None conv=Some("0x00000010") guard=false
2026-09-21T03:32:15.823934Z DEBUG awase::journal: ime event seq=237 elapsed_ms=39426 event_kind="ObserverReported"
2026-09-21T03:32:15.823972Z DEBUG awase::journal: ime event seq=238 elapsed_ms=39426 event_kind="InputModeObserved"
2026-09-21T03:32:15.824039Z DEBUG awase::engine::engine: [diag-engine-active] ime_on=true なのに非活性: reason=Inactive(NotRomajiInput) romaji_capable=false japanese=true user_enabled=true was_active=true input_mode=ObservedEisu
2026-09-21T03:32:15.824085Z  INFO awase::engine::engine: Engine deactivated (ime=true, romaji=false, japanese=true, user=true, reason=Inactive(NotRomajiInput))
2026-09-21T03:32:16.337002Z DEBUG awase_windows::observer::ime_observer: IME snapshot: japanese=Some(true) ime_on=Some(true) romaji=None conv=Some("0x00000010") guard=false
2026-09-21T03:32:16.337100Z DEBUG awase::journal: ime event seq=239 elapsed_ms=39939 event_kind="ObserverReported"
2026-09-21T03:32:16.337157Z DEBUG awase::engine::engine: [diag-engine-active] ime_on=true なのに非活性: reason=Inactive(NotRomajiInput) romaji_capable=false japanese=true user_enabled=true was_active=false input_mode=ObservedEisu
2026-09-21T03:32:16.839852Z DEBUG awase_windows::observer::ime_observer: IME snapshot: japanese=Some(true) ime_on=Some(true) romaji=None conv=Some("0x00000010") guard=false
2026-09-21T03:32:16.839930Z DEBUG awase::journal: ime event seq=240 elapsed_ms=40442 event_kind="ObserverReported"
2026-09-21T03:32:16.840000Z DEBUG awase::engine::engine: [diag-engine-active] ime_on=true なのに非活性: reason=Inactive(NotRomajiInput) romaji_capable=false japanese=true user_enabled=true was_active=false input_mode=ObservedEisu
2026-09-21T03:32:17.257345Z DEBUG awase_windows::runtime::key_pipeline: [engine-input] vk=0x4B KeyDown ts=40859541us delay=0ms state=Idle mods(c=false s=false a=false w=false) gas_ctrl=false phys_ctrl=false extra=0x5350494B pending_drain=0 gate_active=false l_thumb=None r_thumb=None [diag-ctx] ime_o
2026-09-21T03:32:17.257429Z DEBUG awase::engine::engine: [diag-engine-active] ime_on=true なのに非活性: reason=Inactive(NotRomajiInput) romaji_capable=false japanese=true user_enabled=true was_active=false input_mode=ObservedEisu
2026-09-21T03:32:17.257545Z DEBUG awase::journal: key input seq=241 elapsed_ms=40860 vk_code=75 is_down=true injected=true key_class="Char" state_before="Idle" state_after="Idle" decision="PassThrough" physical="Allow" repeat_count=1 last_timestamp_us=40859541 last_elapsed_ms=0
2026-09-21T03:32:17.257776Z DEBUG execute_one{generation=None}: awase_windows::runtime::executor: [reinject] vk=0x4b down (queued passthrough now firing)
2026-09-21T03:32:17.270655Z DEBUG awase_windows::tsf::gji_monitor: [gji-io] WRITE: w_ops=+2 w_KB=+0.4 (r_ops=+4 x_ops=+4 x_KB=+0.0)
2026-09-21T03:32:17.270921Z  INFO awase_windows::tsf::win_event_obs: [gji-obs] candidate SHOW #2: last_gji_write=0ms ago
2026-09-21T03:32:17.351199Z DEBUG awase_windows::runtime::ime_refresh: Skipping observer/SSOT write: typing active (idle=94ms)
2026-09-21T03:32:17.351274Z DEBUG awase::engine::engine: [diag-engine-active] ime_on=true なのに非活性: reason=Inactive(NotRomajiInput) romaji_capable=false japanese=true user_enabled=true was_active=false input_mode=ObservedEisu
2026-09-21T03:32:17.365054Z DEBUG awase_windows::runtime::key_pipeline: [engine-input] vk=0x4B KeyUp ts=40967397us delay=0ms state=Idle mods(c=false s=false a=false w=false) gas_ctrl=false phys_ctrl=false extra=0x5350494B pending_drain=0 gate_active=false l_thumb=None r_thumb=None [diag-ctx] ime_on=
2026-09-21T03:32:17.365097Z DEBUG awase::engine::engine: [diag-engine-active] ime_on=true なのに非活性: reason=Inactive(NotRomajiInput) romaji_capable=false japanese=true user_enabled=true was_active=false input_mode=ObservedEisu
2026-09-21T03:32:17.365160Z DEBUG awase::journal: key input seq=242 elapsed_ms=40967 vk_code=75 is_down=false injected=true key_class="Char" state_before="Idle" state_after="Idle" decision="PassThrough" physical="Allow" repeat_count=1 last_timestamp_us=40967397 last_elapsed_ms=0
2026-09-21T03:32:17.365310Z DEBUG execute_one{generation=None}: awase_windows::runtime::executor: [reinject] vk=0x4b up (queued passthrough now firing)
2026-09-21T03:32:17.366999Z DEBUG awase_windows::platform: [gji-fsm] StartComposition (candidate SHOW)
2026-09-21T03:32:17.367040Z DEBUG gji_on_event{event=StartComposition}: awase_windows::tsf::gji_fsm: [gji-fsm] StartComposition: OnWarm → OnComposing(AlreadyWarm)
2026-09-21T03:32:17.367128Z DEBUG awase::journal: gji fsm transition seq=243 elapsed_ms=40969 trigger="StartComposition(candidate SHOW)" state_before="OnWarm" state_after="OnComposing(Warm)"
2026-09-21T03:32:17.853276Z DEBUG awase_windows::runtime::ime_refresh: Skipping observer/SSOT write: typing active (idle=485ms)
2026-09-21T03:32:17.853362Z DEBUG awase::engine::engine: [diag-engine-active] ime_on=true なのに非活性: reason=Inactive(NotRomajiInput) romaji_capable=false japanese=true user_enabled=true was_active=false input_mode=ObservedEisu
2026-09-21T03:32:18.353913Z DEBUG awase_windows::observer::ime_observer: IME snapshot: japanese=Some(true) ime_on=Some(true) romaji=None conv=Some("0x00000010") guard=false
2026-09-21T03:32:18.353984Z DEBUG awase::journal: ime event seq=244 elapsed_ms=41956 event_kind="ObserverReported"
2026-09-21T03:32:18.354043Z DEBUG awase::engine::engine: [diag-engine-active] ime_on=true なのに非活性: reason=Inactive(NotRomajiInput) romaji_capable=false japanese=true user_enabled=true was_active=false input_mode=ObservedEisu
2026-09-21T03:32:18.919686Z DEBUG awase_windows::observer::ime_observer: IME snapshot: japanese=Some(true) ime_on=None romaji=None conv=Some("0x00000010") guard=false
2026-09-21T03:32:18.919780Z DEBUG awase::engine::engine: [diag-engine-active] ime_on=true なのに非活性: reason=Inactive(NotRomajiInput) romaji_capable=false japanese=true user_enabled=true was_active=false input_mode=ObservedEisu
2026-09-21T03:32:19.195732Z DEBUG awase_windows::hook: [hook] IME-mode vk=0xF0 up self_injected=false injected=false scan=0x70 extra=0x5350494B since_actuation_us=Some(31525422)
2026-09-21T03:32:19.195914Z DEBUG awase::journal: hook ime-mode diagnostic seq=245 elapsed_ms=42798 vk_code=240 is_down=false self_injected=false injected=false scan=112
2026-09-21T03:32:19.195989Z DEBUG awase_windows::hook: [hook] IME-mode vk=0xF2 down self_injected=false injected=true scan=0x70 extra=0x5350494B since_actuation_us=Some(31525688)
2026-09-21T03:32:19.196075Z DEBUG awase_windows::runtime::key_pipeline: [engine-input] vk=0xF0 KeyUp ts=42798430us delay=0ms state=Idle mods(c=false s=false a=false w=false) gas_ctrl=false phys_ctrl=false extra=0x5350494B pending_drain=0 gate_active=false l_thumb=None r_thumb=None [diag-ctx] ime_on=
2026-09-21T03:32:19.196107Z DEBUG awase::engine::engine: [diag-engine-active] ime_on=true なのに非活性: reason=Inactive(NotRomajiInput) romaji_capable=false japanese=true user_enabled=true was_active=false input_mode=ObservedEisu
2026-09-21T03:32:19.196161Z DEBUG awase::journal: key input seq=246 elapsed_ms=42798 vk_code=240 is_down=false injected=false key_class="Passthrough" state_before="Idle" state_after="Idle" decision="PassThrough" physical="Allow" repeat_count=1 last_timestamp_us=42798430 last_elapsed_ms=0
2026-09-21T03:32:19.196229Z DEBUG execute_from_hook: awase_windows::runtime::executor: [relay-passthrough] PassThrough idle: direct OS pass-through (vk=0xf0 up)
2026-09-21T03:32:19.196270Z DEBUG awase::journal: hook ime-mode diagnostic seq=247 elapsed_ms=42798 vk_code=242 is_down=true self_injected=false injected=true scan=112
2026-09-21T03:32:19.196379Z DEBUG awase_windows::runtime::key_pipeline: [engine-input] vk=0xF2 KeyDown ts=42798651us delay=0ms state=Idle mods(c=false s=false a=false w=false) gas_ctrl=false phys_ctrl=false extra=0x5350494B pending_drain=0 gate_active=false l_thumb=None r_thumb=None [diag-ctx] ime_o
2026-09-21T03:32:19.196409Z DEBUG awase::engine::engine: [diag-engine-active] ime_on=true なのに非活性: reason=Inactive(NotRomajiInput) romaji_capable=false japanese=true user_enabled=true was_active=false input_mode=ObservedEisu
2026-09-21T03:32:19.196446Z DEBUG awase::journal: key input seq=248 elapsed_ms=42799 vk_code=242 is_down=true injected=true key_class="Passthrough" state_before="Idle" state_after="Idle" decision="PassThrough" physical="Allow" repeat_count=1 last_timestamp_us=42798651 last_elapsed_ms=0
2026-09-21T03:32:19.196502Z DEBUG awase_windows::runtime::key_pipeline: may_change_ime key passed through → IME refresh scheduled (20ms)
2026-09-21T03:32:19.196546Z DEBUG execute_from_hook: awase_windows::runtime::transport: [relay-defer] PassThrough deferred: pending effects, reinject(vk=0xf2 down)
2026-09-21T03:32:19.196589Z DEBUG execute_one{generation=None}: awase_windows::runtime::executor: [reinject] vk=0xf0 up (queued passthrough now firing)
2026-09-21T03:32:19.196630Z DEBUG execute_one{generation=None}: awase_windows::runtime::executor: [reinject] vk=0xf2 down (queued passthrough now firing)
2026-09-21T03:32:19.196769Z DEBUG awase_windows::hook: [hook] IME-mode vk=0xF0 up self_injected=true injected=false scan=0x0 extra=0x4B45594D since_actuation_us=Some(31526481)
2026-09-21T03:32:19.198564Z DEBUG awase_windows::hook: [hook] IME-mode vk=0xF2 down self_injected=true injected=true scan=0x0 extra=0x4B45594D since_actuation_us=Some(31528265)
2026-09-21T03:32:19.200622Z DEBUG awase::journal: hook ime-mode diagnostic seq=249 elapsed_ms=42803 vk_code=240 is_down=false self_injected=true injected=false scan=0
2026-09-21T03:32:19.200690Z DEBUG awase::journal: hook ime-mode diagnostic seq=250 elapsed_ms=42803 vk_code=242 is_down=true self_injected=true injected=true scan=0
2026-09-21T03:32:19.209572Z DEBUG awase_windows::tsf::gji_monitor: [gji-io] WRITE: w_ops=+2 w_KB=+0.7 (r_ops=+4 x_ops=+4 x_KB=+0.0)
2026-09-21T03:32:19.231032Z DEBUG awase_windows::runtime::ime_refresh: Skipping observer/SSOT write: typing active (idle=31ms)
2026-09-21T03:32:19.231147Z DEBUG awase::engine::engine: [diag-engine-active] ime_on=true なのに非活性: reason=Inactive(NotRomajiInput) romaji_capable=false japanese=true user_enabled=true was_active=false input_mode=ObservedEisu
2026-09-21T03:32:19.732668Z  INFO awase_windows::observer::ime_observer: IME input method changed: kana → romaji (focused_class=Some("Edit"))
2026-09-21T03:32:19.732693Z DEBUG awase_windows::observer::ime_observer: IME snapshot: japanese=Some(true) ime_on=Some(true) romaji=Some(true) conv=Some("0x00000019") guard=false
2026-09-21T03:32:19.732805Z DEBUG awase::journal: ime event seq=251 elapsed_ms=43335 event_kind="ObserverReported"
2026-09-21T03:32:19.732853Z DEBUG awase::journal: ime event seq=252 elapsed_ms=43335 event_kind="InputModeObserved"
2026-09-21T03:32:19.732930Z  INFO awase::engine::engine: Engine activated (ime=true, romaji=true, japanese=true, user=true, reason=Active)
2026-09-21T03:32:19.733090Z DEBUG execute_from_loop:execute_one{generation=None}:dispatch_ime_set_open{open=true generation=None}: awase_windows::runtime::executor: [dispatch-ime] ImmCross async: optimistic applied_snapshot=true (suppress send_engine_state_ime_key)
2026-09-21T03:32:19.734724Z DEBUG execute_from_loop:execute_one{generation=None}: awase_windows::platform: [engine-state-key] suppressed (polling/focus-triggered, enabled=true)
2026-09-21T03:32:19.738301Z DEBUG run_open_chain_async: awase_windows::ime_controller: [warrant-shadow] chain=async open=true origin=EventOrigin { source: SelfActuated { strategy: "engine_decision_async" }, epoch: Generation(0) } warranted
2026-09-21T03:32:19.738400Z  INFO run_open_chain_async:imm_cross_write{open=true}: awase_windows::runtime::open_chain: [apply-ime] ImmCross async: open=true composition_active=false show_seq=0 change_seq=0 (issue #138診断)
2026-09-21T03:32:19.740231Z DEBUG awase_windows::shadow_send_trace: [shadow-send] channel=ImeControl cmd=0x0006 lparam=1 issue_us=43342454
2026-09-21T03:32:19.740249Z DEBUG awase_windows::ime: set_ime_open_for_target: hwnd=HWND(0x8091c) ime_wnd=HWND(0xf086a) open=true success=true send_elapsed=0ms candidate_visible=true
2026-09-21T03:32:19.740794Z DEBUG run_open_chain_async:imm_cross_write{open=true}: awase_windows::ime: [imm-cross-actuate] hwnd=HWND(0x8091c) open=Written conv=Some(Written)
2026-09-21T03:32:19.740838Z DEBUG run_open_chain_async:imm_cross_write{open=true}: awase_windows::runtime::open_chain: [apply-ime] ROMAN 補完結果: Written
2026-09-21T03:32:19.740894Z DEBUG run_open_chain_async: awase::journal: actuation decision seq=253 elapsed_ms=43343 site="DispatchImeSetOpen" caller="None" open=true chain_len=4 attempts_len=1 gate_profile="Standard" gate_kind="Gji" gate_shadow_known=true gate_shadow_on=true gate_input_mode="Observe
2026-09-21T03:32:19.741066Z DEBUG on_ime_apply_complete{open=true outcome=AppliedWithoutSendInput generation=None reason=EngineDecision}: awase::journal: ime open applied seq=254 elapsed_ms=43343 open=true outcome="AppliedWithoutSendInput" reason="EngineDecision"
2026-09-21T03:32:19.741154Z DEBUG on_ime_apply_complete{open=true outcome=AppliedWithoutSendInput generation=None reason=EngineDecision}: awase_windows::tsf::ime_mode_fsm: [ime-mode] SetOpen(true) applied → Hiragana (belief, unconfirmed)
2026-09-21T03:32:19.741183Z DEBUG on_ime_apply_complete{open=true outcome=AppliedWithoutSendInput generation=None reason=EngineDecision}: awase_windows::platform: [composition] ImeEffect::SetOpen(true) → marking cold
2026-09-21T03:32:19.741205Z DEBUG on_ime_apply_complete{open=true outcome=AppliedWithoutSendInput generation=None reason=EngineDecision}: awase_windows::tsf::probe: [composition] marked cold reason=SetOpenTrue idle=27500ms → next VK/TSF output will send VK_DBE_HIRAGANA warmup
2026-09-21T03:32:19.741255Z DEBUG on_ime_apply_complete{open=true outcome=AppliedWithoutSendInput generation=None reason=EngineDecision}:gji_on_event{event=ImeOn { injection_mode: Unicode, gji_idle_ms: 531 }}: awase_windows::tsf::gji_fsm: [gji-fsm] ImeOn: already on (OnComposing(Warm)), ignored
2026-09-21T03:32:19.741366Z DEBUG awase::journal: gji fsm transition seq=255 elapsed_ms=43344 trigger="ImeOn(gji_idle_ms=531)" state_before="OnComposing(Warm)" state_after="OnComposing(Warm)"
2026-09-21T03:32:19.779855Z DEBUG awase_windows::observer::ime_observer: IME snapshot: japanese=Some(true) ime_on=Some(true) romaji=Some(true) conv=Some("0x00000019") guard=false
2026-09-21T03:32:19.779977Z DEBUG awase::journal: ime event seq=256 elapsed_ms=43382 event_kind="ObserverReported"
2026-09-21T03:32:19.780024Z DEBUG awase::journal: ime event seq=257 elapsed_ms=43382 event_kind="InputModeObserved"
2026-09-21T03:32:20.276668Z DEBUG awase_windows::observer::ime_observer: IME snapshot: japanese=Some(true) ime_on=Some(true) romaji=Some(true) conv=Some("0x00000019") guard=false
2026-09-21T03:32:20.276751Z DEBUG awase::journal: ime event seq=258 elapsed_ms=43879 event_kind="ObserverReported"
2026-09-21T03:32:20.276786Z DEBUG awase::journal: ime event seq=259 elapsed_ms=43879 event_kind="InputModeObserved"
2026-09-21T03:32:20.870028Z DEBUG awase_windows::observer::ime_observer: IME snapshot: japanese=Some(true) ime_on=None romaji=Some(true) conv=Some("0x00000019") guard=false
2026-09-21T03:32:20.870099Z DEBUG awase::journal: ime event seq=260 elapsed_ms=44472 event_kind="InputModeObserved"
2026-09-21T03:32:21.138262Z DEBUG awase_windows::runtime::key_pipeline: [engine-input] vk=0x1B KeyDown ts=44740633us delay=0ms state=Idle mods(c=false s=false a=false w=false) gas_ctrl=false phys_ctrl=false extra=0x5350494B pending_drain=0 gate_active=false l_thumb=None r_thumb=None [diag-ctx] ime_o
2026-09-21T03:32:21.138358Z DEBUG awase::journal: key input seq=261 elapsed_ms=44741 vk_code=27 is_down=true injected=true key_class="Passthrough" state_before="Idle" state_after="Idle" decision="PassThrough" physical="Allow" repeat_count=1 last_timestamp_us=44740633 last_elapsed_ms=0
2026-09-21T03:32:21.138446Z DEBUG execute_from_hook: awase_windows::runtime::executor: [relay-passthrough] PassThrough idle: direct OS pass-through (vk=0x1b down)
2026-09-21T03:32:21.138514Z DEBUG execute_one{generation=None}: awase_windows::runtime::executor: [reinject] vk=0x1b down (queued passthrough now firing)
2026-09-21T03:32:21.143708Z  INFO awase_windows::tsf::win_event_obs: [gji-obs] candidate HIDE: last_gji_write=1922ms ago
2026-09-21T03:32:21.153782Z DEBUG awase_windows::tsf::gji_monitor: [gji-io] WRITE: w_ops=+2 w_KB=+0.4 (r_ops=+4 x_ops=+4 x_KB=+0.0)
2026-09-21T03:32:21.265643Z DEBUG awase_windows::runtime::key_pipeline: [engine-input] vk=0x1B KeyUp ts=44867704us delay=0ms state=Idle mods(c=false s=false a=false w=false) gas_ctrl=false phys_ctrl=false extra=0x5350494B pending_drain=0 gate_active=false l_thumb=None r_thumb=None [diag-ctx] ime_on=
2026-09-21T03:32:21.265840Z DEBUG awase::journal: key input seq=262 elapsed_ms=44868 vk_code=27 is_down=false injected=true key_class="Passthrough" state_before="Idle" state_after="Idle" decision="PassThrough" physical="Allow" repeat_count=1 last_timestamp_us=44867704 last_elapsed_ms=0
2026-09-21T03:32:21.266076Z DEBUG execute_from_hook: awase_windows::runtime::executor: [relay-passthrough] PassThrough idle: direct OS pass-through (vk=0x1b up)
2026-09-21T03:32:21.266227Z DEBUG execute_one{generation=None}: awase_windows::runtime::executor: [reinject] vk=0x1b up (queued passthrough now firing)
2026-09-21T03:32:21.269216Z DEBUG awase_windows::platform: [gji-fsm] EndComposition (candidate HIDE) epoch=FocusEpoch(2)
2026-09-21T03:32:21.269328Z DEBUG awase::journal: gji fsm transition seq=263 elapsed_ms=44871 trigger="EndComposition(candidate HIDE, epoch=FocusEpoch(2))" state_before="OnComposing(Warm)" state_after="OnWarm"
2026-09-21T03:32:21.379621Z DEBUG awase_windows::runtime::ime_refresh: Skipping observer/SSOT write: typing active (idle=109ms)
2026-09-21T03:32:21.876498Z DEBUG awase_windows::observer::ime_observer: IME snapshot: japanese=Some(true) ime_on=Some(true) romaji=Some(true) conv=Some("0x00000019") guard=false
2026-09-21T03:32:21.876579Z DEBUG awase::journal: ime event seq=264 elapsed_ms=45479 event_kind="ObserverReported"
2026-09-21T03:32:21.876613Z DEBUG awase::journal: ime event seq=265 elapsed_ms=45479 event_kind="InputModeObserved"
2026-09-21T03:32:22.378705Z DEBUG awase_windows::observer::ime_observer: IME snapshot: japanese=Some(true) ime_on=Some(true) romaji=Some(true) conv=Some("0x00000019") guard=false
2026-09-21T03:32:22.378782Z DEBUG awase::journal: ime event seq=266 elapsed_ms=45981 event_kind="ObserverReported"
2026-09-21T03:32:22.378808Z DEBUG awase::journal: ime event seq=267 elapsed_ms=45981 event_kind="InputModeObserved"
2026-09-21T03:32:22.876110Z DEBUG awase_windows::observer::ime_observer: IME snapshot: japanese=Some(true) ime_on=Some(true) romaji=Some(true) conv=Some("0x00000019") guard=false
2026-09-21T03:32:22.876233Z DEBUG awase::journal: ime event seq=268 elapsed_ms=46478 event_kind="ObserverReported"
2026-09-21T03:32:22.876300Z DEBUG awase::journal: ime event seq=269 elapsed_ms=46479 event_kind="InputModeObserved"
2026-09-21T03:32:23.077575Z DEBUG awase_windows::runtime::key_pipeline: [engine-input] vk=0x4B KeyDown ts=46679764us delay=0ms state=Idle mods(c=false s=false a=false w=false) gas_ctrl=false phys_ctrl=false extra=0x5350494B pending_drain=0 gate_active=false l_thumb=None r_thumb=None [diag-ctx] ime_o
2026-09-21T03:32:23.077792Z DEBUG awase::journal: key input seq=270 elapsed_ms=46680 vk_code=75 is_down=true injected=true key_class="Char" state_before="Idle" state_after="PendingChar(vk=0x4B)" decision="Consume" physical="Allow" repeat_count=1 last_timestamp_us=46679764 last_elapsed_ms=0
2026-09-21T03:32:23.186347Z DEBUG execute_from_loop:execute_one{generation=None}: awase_windows::output: send_keys: mode=Unicode actions=[Char('き')] prev_elapsed=30938ms
2026-09-21T03:32:23.186376Z DEBUG execute_from_loop:execute_one{generation=None}: awase_windows::tsf::probe: [mark-send] last_send_ms=53554234
2026-09-21T03:32:23.186396Z DEBUG execute_from_loop:execute_one{generation=None}: awase_windows::output:   → Char('き') via Unicode
2026-09-21T03:32:23.188057Z DEBUG execute_from_loop:execute_one{generation=None}: awase_windows::tsf::probe: [mark-send] last_send_ms=53554234
2026-09-21T03:32:23.192335Z  INFO awase_windows::tsf::win_event_obs: [gji-obs] candidate SHOW #3: last_gji_write=2031ms ago
2026-09-21T03:32:23.199712Z DEBUG awase_windows::runtime::key_pipeline: [engine-input] vk=0x4B KeyUp ts=46802102us delay=0ms state=Idle mods(c=false s=false a=false w=false) gas_ctrl=false phys_ctrl=false extra=0x5350494B pending_drain=0 gate_active=false l_thumb=None r_thumb=None [diag-ctx] ime_on=
2026-09-21T03:32:23.199809Z DEBUG awase::journal: key input seq=272 elapsed_ms=46802 vk_code=75 is_down=false injected=true key_class="Char" state_before="Idle" state_after="Idle" decision="Consume" physical="Allow" repeat_count=1 last_timestamp_us=46802102 last_elapsed_ms=0
2026-09-21T03:32:23.199944Z DEBUG execute_one{generation=None}: awase_windows::output: send_keys: mode=Unicode actions=[Suppress] prev_elapsed=16ms
2026-09-21T03:32:23.199974Z DEBUG execute_one{generation=None}: awase_windows::tsf::probe: [mark-send] last_send_ms=53554250
2026-09-21T03:32:23.199992Z DEBUG execute_one{generation=None}: awase_windows::output:   → Suppress
2026-09-21T03:32:23.200008Z DEBUG execute_one{generation=None}: awase_windows::tsf::probe: [mark-send] last_send_ms=53554250
2026-09-21T03:32:23.200105Z DEBUG execute_one{generation=None}: awase_windows::platform: [gji-fsm] StartComposition (candidate SHOW)
2026-09-21T03:32:23.200150Z DEBUG execute_one{generation=None}:gji_on_event{event=StartComposition}: awase_windows::tsf::gji_fsm: [gji-fsm] StartComposition: OnWarm → OnComposing(AlreadyWarm)
2026-09-21T03:32:23.200282Z DEBUG awase::journal: gji fsm transition seq=273 elapsed_ms=46802 trigger="StartComposition(candidate SHOW)" state_before="OnWarm" state_after="OnComposing(Warm)"
2026-09-21T03:32:23.201390Z DEBUG awase_windows::tsf::gji_monitor: [gji-io] WRITE: w_ops=+2 w_KB=+0.3 (r_ops=+4 x_ops=+4 x_KB=+0.0)
2026-09-21T03:32:23.376316Z DEBUG awase_windows::runtime::ime_refresh: Skipping observer/SSOT write: typing active (idle=171ms)
2026-09-21T03:32:23.882043Z DEBUG awase_windows::observer::ime_observer: IME snapshot: japanese=Some(true) ime_on=Some(true) romaji=Some(true) conv=Some("0x00000019") guard=false
2026-09-21T03:32:23.882172Z DEBUG awase::journal: ime event seq=274 elapsed_ms=47484 event_kind="ObserverReported"
2026-09-21T03:32:23.882223Z DEBUG awase::journal: ime event seq=275 elapsed_ms=47484 event_kind="InputModeObserved"
2026-09-21T03:32:24.396145Z DEBUG awase_windows::observer::ime_observer: IME snapshot: japanese=Some(true) ime_on=Some(true) romaji=Some(true) conv=Some("0x00000019") guard=false
2026-09-21T03:32:24.396210Z DEBUG awase::journal: ime event seq=276 elapsed_ms=47998 event_kind="ObserverReported"
2026-09-21T03:32:24.396233Z DEBUG awase::journal: ime event seq=277 elapsed_ms=47998 event_kind="InputModeObserved"
2026-09-21T03:32:24.909704Z DEBUG awase_windows::observer::ime_observer: IME snapshot: japanese=Some(true) ime_on=Some(true) romaji=Some(true) conv=Some("0x00000019") guard=false
2026-09-21T03:32:24.909767Z DEBUG awase::journal: ime event seq=278 elapsed_ms=48512 event_kind="ObserverReported"
2026-09-21T03:32:24.909788Z DEBUG awase::journal: ime event seq=279 elapsed_ms=48512 event_kind="InputModeObserved"
2026-09-21T03:32:25.016665Z DEBUG awase_windows::runtime::key_pipeline: [engine-input] vk=0x41 KeyDown ts=48618805us delay=0ms state=Idle mods(c=false s=false a=false w=false) gas_ctrl=false phys_ctrl=false extra=0x5350494B pending_drain=0 gate_active=false l_thumb=None r_thumb=None [diag-ctx] ime_o
2026-09-21T03:32:25.016875Z DEBUG awase::journal: key input seq=280 elapsed_ms=48619 vk_code=65 is_down=true injected=true key_class="Char" state_before="Idle" state_after="PendingChar(vk=0x41)" decision="Consume" physical="Allow" repeat_count=1 last_timestamp_us=48618805 last_elapsed_ms=0
2026-09-21T03:32:25.122854Z DEBUG execute_from_loop:execute_one{generation=None}: awase_windows::output: send_keys: mode=Unicode actions=[Char('う')] prev_elapsed=1921ms
2026-09-21T03:32:25.122883Z DEBUG execute_from_loop:execute_one{generation=None}: awase_windows::tsf::probe: [mark-send] last_send_ms=53556171
2026-09-21T03:32:25.122966Z DEBUG execute_from_loop:execute_one{generation=None}: awase_windows::output:   → Char('う') via Unicode
2026-09-21T03:32:25.127746Z DEBUG execute_from_loop:execute_one{generation=None}: awase_windows::tsf::probe: [mark-send] last_send_ms=53556171
2026-09-21T03:32:25.138551Z DEBUG awase_windows::tsf::gji_monitor: [gji-io] WRITE: w_ops=+2 w_KB=+0.5 (r_ops=+4 x_ops=+4 x_KB=+0.0)
2026-09-21T03:32:25.140731Z DEBUG awase_windows::runtime::key_pipeline: [engine-input] vk=0x41 KeyUp ts=48743079us delay=0ms state=Idle mods(c=false s=false a=false w=false) gas_ctrl=false phys_ctrl=false extra=0x5350494B pending_drain=0 gate_active=false l_thumb=None r_thumb=None [diag-ctx] ime_on=
2026-09-21T03:32:25.140852Z DEBUG awase::journal: key input seq=282 elapsed_ms=48743 vk_code=65 is_down=false injected=true key_class="Char" state_before="Idle" state_after="Idle" decision="Consume" physical="Allow" repeat_count=1 last_timestamp_us=48743079 last_elapsed_ms=0
2026-09-21T03:32:25.141026Z DEBUG execute_one{generation=None}: awase_windows::output: send_keys: mode=Unicode actions=[Suppress] prev_elapsed=16ms
2026-09-21T03:32:25.141065Z DEBUG execute_one{generation=None}: awase_windows::tsf::probe: [mark-send] last_send_ms=53556187
2026-09-21T03:32:25.141088Z DEBUG execute_one{generation=None}: awase_windows::output:   → Suppress
2026-09-21T03:32:25.141107Z DEBUG execute_one{generation=None}: awase_windows::tsf::probe: [mark-send] last_send_ms=53556187
2026-09-21T03:32:25.405535Z DEBUG awase_windows::runtime::ime_refresh: Skipping observer/SSOT write: typing active (idle=266ms)
2026-09-21T03:32:25.908296Z DEBUG awase_windows::observer::ime_observer: IME snapshot: japanese=Some(true) ime_on=Some(true) romaji=Some(true) conv=Some("0x00000019") guard=false
2026-09-21T03:32:25.908377Z DEBUG awase::journal: ime event seq=283 elapsed_ms=49511 event_kind="ObserverReported"
2026-09-21T03:32:25.908404Z DEBUG awase::journal: ime event seq=284 elapsed_ms=49511 event_kind="InputModeObserved"
2026-09-21T03:32:26.407778Z DEBUG awase_windows::observer::ime_observer: IME snapshot: japanese=Some(true) ime_on=Some(true) romaji=Some(true) conv=Some("0x00000019") guard=false
2026-09-21T03:32:26.407847Z DEBUG awase::journal: ime event seq=285 elapsed_ms=50010 event_kind="ObserverReported"
2026-09-21T03:32:26.407873Z DEBUG awase::journal: ime event seq=286 elapsed_ms=50010 event_kind="InputModeObserved"
2026-09-21T03:32:26.908451Z DEBUG awase_windows::observer::ime_observer: IME snapshot: japanese=Some(true) ime_on=Some(true) romaji=Some(true) conv=Some("0x00000019") guard=false
2026-09-21T03:32:26.908536Z DEBUG awase::journal: ime event seq=287 elapsed_ms=50511 event_kind="ObserverReported"
2026-09-21T03:32:26.908571Z DEBUG awase::journal: ime event seq=288 elapsed_ms=50511 event_kind="InputModeObserved"
2026-09-21T03:32:26.950107Z DEBUG awase_windows::hook: [hook] IME-mode vk=0xF4 up self_injected=false injected=false scan=0x29 extra=0x5350494B since_actuation_us=Some(39279806)
2026-09-21T03:32:26.950271Z DEBUG awase::journal: hook ime-mode diagnostic seq=289 elapsed_ms=50552 vk_code=244 is_down=false self_injected=false injected=false scan=41
2026-09-21T03:32:26.950338Z DEBUG awase_windows::hook: [hook] IME-mode vk=0xF3 down self_injected=false injected=true scan=0x29 extra=0x5350494B since_actuation_us=Some(39280043)
2026-09-21T03:32:26.950491Z DEBUG awase_windows::runtime::key_pipeline: [engine-input] vk=0xF4 KeyUp ts=50552769us delay=0ms state=Idle mods(c=false s=false a=false w=false) gas_ctrl=false phys_ctrl=false extra=0x5350494B pending_drain=0 gate_active=false l_thumb=None r_thumb=None [diag-ctx] ime_on=
2026-09-21T03:32:26.950581Z DEBUG awase::journal: key input seq=290 elapsed_ms=50553 vk_code=244 is_down=false injected=false key_class="Passthrough" state_before="Idle" state_after="Idle" decision="PassThrough" physical="Allow" repeat_count=1 last_timestamp_us=50552769 last_elapsed_ms=0
2026-09-21T03:32:26.950662Z DEBUG execute_from_hook: awase_windows::runtime::executor: [relay-passthrough] PassThrough idle: direct OS pass-through (vk=0xf4 up)
2026-09-21T03:32:26.950719Z DEBUG awase::journal: hook ime-mode diagnostic seq=291 elapsed_ms=50553 vk_code=243 is_down=true self_injected=false injected=true scan=41
2026-09-21T03:32:26.950792Z DEBUG awase_windows::runtime::key_pipeline: [engine-input] vk=0xF3 KeyDown ts=50552986us delay=0ms state=Idle mods(c=false s=false a=false w=false) gas_ctrl=false phys_ctrl=false extra=0x5350494B pending_drain=0 gate_active=false l_thumb=None r_thumb=None [diag-ctx] ime_o
2026-09-21T03:32:26.950854Z DEBUG awase::journal: key input seq=292 elapsed_ms=50553 vk_code=243 is_down=true injected=true key_class="Passthrough" state_before="Idle" state_after="Idle" decision="PassThrough" physical="Allow" repeat_count=1 last_timestamp_us=50552986 last_elapsed_ms=0
2026-09-21T03:32:26.950913Z DEBUG awase_windows::runtime::key_pipeline: may_change_ime key passed through → IME refresh scheduled (20ms)
2026-09-21T03:32:26.950959Z DEBUG execute_from_hook: awase_windows::runtime::transport: [relay-defer] PassThrough deferred: pending effects, reinject(vk=0xf3 down)
2026-09-21T03:32:26.951037Z DEBUG execute_one{generation=None}: awase_windows::runtime::executor: [reinject] vk=0xf4 up (queued passthrough now firing)
2026-09-21T03:32:26.951097Z DEBUG execute_one{generation=None}: awase_windows::runtime::executor: [reinject] vk=0xf3 down (queued passthrough now firing)
2026-09-21T03:32:26.951210Z DEBUG awase_windows::hook: [hook] IME-mode vk=0xF4 up self_injected=true injected=true scan=0x0 extra=0x4B45594D since_actuation_us=Some(39280918)
2026-09-21T03:32:26.952755Z DEBUG awase_windows::hook: [hook] IME-mode vk=0xF3 up self_injected=true injected=false scan=0x0 extra=0x4B45594D since_actuation_us=Some(39282462)
2026-09-21T03:32:26.953468Z DEBUG awase_windows::hook: [hook] IME-mode vk=0xF4 down self_injected=true injected=true scan=0x0 extra=0x4B45594D since_actuation_us=Some(39283176)
2026-09-21T03:32:26.954294Z DEBUG awase::journal: hook ime-mode diagnostic seq=293 elapsed_ms=50556 vk_code=244 is_down=false self_injected=true injected=true scan=0
2026-09-21T03:32:26.954326Z DEBUG awase::journal: hook ime-mode diagnostic seq=294 elapsed_ms=50557 vk_code=243 is_down=false self_injected=true injected=false scan=0
2026-09-21T03:32:26.954344Z DEBUG awase::journal: hook ime-mode diagnostic seq=295 elapsed_ms=50557 vk_code=244 is_down=true self_injected=true injected=true scan=0
2026-09-21T03:32:26.958214Z  INFO awase_windows::tsf::win_event_obs: [gji-obs] candidate HIDE: last_gji_write=1828ms ago
2026-09-21T03:32:26.965499Z DEBUG awase_windows::tsf::gji_monitor: [gji-io] WRITE: w_ops=+2 w_KB=+0.3 (r_ops=+4 x_ops=+4 x_KB=+0.0)
2026-09-21T03:32:26.984074Z DEBUG awase_windows::runtime::ime_refresh: Skipping observer/SSOT write: typing active (idle=31ms)
2026-09-21T03:32:27.483883Z DEBUG awase_windows::observer::ime_observer: IME snapshot: japanese=Some(true) ime_on=Some(false) romaji=Some(true) conv=Some("0x00000019") guard=false
2026-09-21T03:32:27.483993Z DEBUG awase::journal: ime event seq=296 elapsed_ms=51086 event_kind="ObserverReported"
2026-09-21T03:32:27.484038Z DEBUG awase::journal: ime event seq=297 elapsed_ms=51086 event_kind="InputModeObserved"
2026-09-21T03:32:27.484173Z  INFO awase::engine::engine: Engine deactivated (ime=false, romaji=true, japanese=true, user=true, reason=Inactive(ImeOff))
2026-09-21T03:32:27.484380Z DEBUG execute_from_loop:execute_one{generation=None}:dispatch_ime_set_open{open=false generation=None}: awase_windows::runtime::executor: [dispatch-ime] ImmCross async: optimistic applied_snapshot=false (suppress send_engine_state_ime_key)
2026-09-21T03:32:27.485941Z DEBUG execute_from_loop:execute_one{generation=None}: awase_windows::platform: [engine-state-key] suppressed (polling/focus-triggered, enabled=false)
2026-09-21T03:32:27.488926Z DEBUG run_open_chain_async: awase_windows::ime_controller: [warrant-shadow] chain=async open=false origin=EventOrigin { source: SelfActuated { strategy: "engine_decision_async" }, epoch: Generation(0) } warranted
2026-09-21T03:32:27.489043Z  INFO run_open_chain_async:imm_cross_write{open=false}: awase_windows::runtime::open_chain: [apply-ime] ImmCross async: open=false composition_active=false show_seq=0 change_seq=0 (issue #138診断)
2026-09-21T03:32:27.490848Z DEBUG awase_windows::shadow_send_trace: [shadow-send] channel=ImeControl cmd=0x0006 lparam=0 issue_us=51093018
2026-09-21T03:32:27.490867Z DEBUG awase_windows::ime: set_ime_open_for_target: hwnd=HWND(0x8091c) ime_wnd=HWND(0xf086a) open=false success=true send_elapsed=0ms candidate_visible=false
2026-09-21T03:32:27.491399Z DEBUG run_open_chain_async:imm_cross_write{open=false}: awase_windows::ime: [imm-cross-actuate] hwnd=HWND(0x8091c) open=Written conv=None
2026-09-21T03:32:27.491489Z DEBUG run_open_chain_async: awase::journal: actuation decision seq=298 elapsed_ms=51094 site="DispatchImeSetOpen" caller="None" open=false chain_len=4 attempts_len=1 gate_profile="Standard" gate_kind="Gji" gate_shadow_known=true gate_shadow_on=true gate_input_mode="Observ
2026-09-21T03:32:27.491662Z DEBUG on_ime_apply_complete{open=false outcome=AppliedWithoutSendInput generation=None reason=EngineDecision}: awase::journal: ime open applied seq=299 elapsed_ms=51094 open=false outcome="AppliedWithoutSendInput" reason="EngineDecision"
2026-09-21T03:32:27.491756Z DEBUG on_ime_apply_complete{open=false outcome=AppliedWithoutSendInput generation=None reason=EngineDecision}: awase_windows::tsf::ime_mode_fsm: [ime-mode] SetOpen(false) applied → Off (belief, unconfirmed)
2026-09-21T03:32:27.491784Z DEBUG on_ime_apply_complete{open=false outcome=AppliedWithoutSendInput generation=None reason=EngineDecision}: awase_windows::platform: [composition] ImeEffect::SetOpen(false) → marking cold (prevent warm+TSF Enter leak)
2026-09-21T03:32:27.491809Z DEBUG on_ime_apply_complete{open=false outcome=AppliedWithoutSendInput generation=None reason=EngineDecision}: awase_windows::tsf::probe: [composition] marked cold reason=SetOpenFalse idle=2359ms → next VK/TSF output will send VK_DBE_HIRAGANA warmup
2026-09-21T03:32:27.491950Z DEBUG awase::journal: gji fsm transition seq=300 elapsed_ms=51094 trigger="ImeOff" state_before="OnComposing(Warm)" state_after="OffCold"
2026-09-21T03:32:27.528911Z DEBUG awase_windows::observer::ime_observer: IME snapshot: japanese=Some(true) ime_on=Some(false) romaji=Some(true) conv=Some("0x00000019") guard=false
2026-09-21T03:32:27.528998Z DEBUG awase::journal: ime event seq=301 elapsed_ms=51131 event_kind="ObserverReported"
2026-09-21T03:32:27.529035Z DEBUG awase::journal: ime event seq=302 elapsed_ms=51131 event_kind="InputModeObserved"
2026-09-21T03:32:28.034337Z DEBUG awase_windows::observer::ime_observer: IME snapshot: japanese=Some(true) ime_on=Some(false) romaji=Some(true) conv=Some("0x00000019") guard=false
2026-09-21T03:32:28.034423Z DEBUG awase::journal: ime event seq=303 elapsed_ms=51637 event_kind="ObserverReported"
2026-09-21T03:32:28.034450Z DEBUG awase::journal: ime event seq=304 elapsed_ms=51637 event_kind="InputModeObserved"
2026-09-21T03:32:28.537734Z DEBUG awase_windows::observer::ime_observer: IME snapshot: japanese=Some(true) ime_on=Some(false) romaji=Some(true) conv=Some("0x00000019") guard=false
2026-09-21T03:32:28.537810Z DEBUG awase::journal: ime event seq=305 elapsed_ms=52140 event_kind="ObserverReported"
2026-09-21T03:32:28.537836Z DEBUG awase::journal: ime event seq=306 elapsed_ms=52140 event_kind="InputModeObserved"
2026-09-21T03:32:28.896835Z DEBUG awase_windows::runtime::key_pipeline: [engine-input] vk=0x41 KeyDown ts=52498932us delay=0ms state=Idle mods(c=false s=false a=false w=false) gas_ctrl=false phys_ctrl=false extra=0x5350494B pending_drain=0 gate_active=false l_thumb=None r_thumb=None [diag-ctx] ime_o
2026-09-21T03:32:28.897054Z DEBUG awase::journal: key input seq=307 elapsed_ms=52499 vk_code=65 is_down=true injected=true key_class="Char" state_before="Idle" state_after="Idle" decision="PassThrough" physical="Allow" repeat_count=1 last_timestamp_us=52498932 last_elapsed_ms=0
2026-09-21T03:32:28.897328Z DEBUG execute_one{generation=None}: awase_windows::runtime::executor: [reinject] vk=0x41 down (queued passthrough now firing)
2026-09-21T03:32:29.039486Z DEBUG awase_windows::runtime::ime_refresh: Skipping observer/SSOT write: typing active (idle=140ms)
2026-09-21T03:32:29.068233Z DEBUG awase_windows::runtime::key_pipeline: [engine-input] vk=0x41 KeyUp ts=52670655us delay=0ms state=Idle mods(c=false s=false a=false w=false) gas_ctrl=false phys_ctrl=false extra=0x5350494B pending_drain=0 gate_active=false l_thumb=None r_thumb=None [diag-ctx] ime_on=
2026-09-21T03:32:29.068310Z DEBUG awase::journal: key input seq=308 elapsed_ms=52671 vk_code=65 is_down=false injected=true key_class="Char" state_before="Idle" state_after="Idle" decision="PassThrough" physical="Allow" repeat_count=1 last_timestamp_us=52670655 last_elapsed_ms=0
2026-09-21T03:32:29.068427Z DEBUG execute_one{generation=None}: awase_windows::runtime::executor: [reinject] vk=0x41 up (queued passthrough now firing)
2026-09-21T03:32:29.542580Z DEBUG awase_windows::runtime::ime_refresh: Skipping observer/SSOT write: typing active (idle=468ms)
2026-09-21T03:32:30.044803Z DEBUG awase_windows::observer::ime_observer: IME snapshot: japanese=Some(true) ime_on=Some(false) romaji=Some(true) conv=Some("0x00000019") guard=false
2026-09-21T03:32:30.044879Z DEBUG awase::journal: ime event seq=309 elapsed_ms=53647 event_kind="ObserverReported"
2026-09-21T03:32:30.044906Z DEBUG awase::journal: ime event seq=310 elapsed_ms=53647 event_kind="InputModeObserved"
2026-09-21T03:32:30.543785Z DEBUG awase_windows::observer::ime_observer: IME snapshot: japanese=Some(true) ime_on=Some(false) romaji=Some(true) conv=Some("0x00000019") guard=false
2026-09-21T03:32:30.543883Z DEBUG awase::journal: ime event seq=311 elapsed_ms=54146 event_kind="ObserverReported"
2026-09-21T03:32:30.543925Z DEBUG awase::journal: ime event seq=312 elapsed_ms=54146 event_kind="InputModeObserved"
2026-09-21T03:32:30.824007Z DEBUG awase_windows::runtime::key_pipeline: [engine-input] vk=0x0D KeyDown ts=54426126us delay=0ms state=Idle mods(c=false s=false a=false w=false) gas_ctrl=false phys_ctrl=false extra=0x5350494B pending_drain=0 gate_active=false l_thumb=None r_thumb=None [diag-ctx] ime_o
2026-09-21T03:32:30.824172Z DEBUG awase::journal: key input seq=313 elapsed_ms=54426 vk_code=13 is_down=true injected=true key_class="Passthrough" state_before="Idle" state_after="Idle" decision="PassThrough" physical="Allow" repeat_count=1 last_timestamp_us=54426126 last_elapsed_ms=0
2026-09-21T03:32:30.824343Z DEBUG execute_from_hook: awase_windows::tsf::probe: [composition] marked cold reason=PassthroughConfirmKey idle=5688ms → next VK/TSF output will send VK_DBE_HIRAGANA warmup
2026-09-21T03:32:30.824386Z DEBUG execute_from_hook: awase_windows::tsf::probe: [mark-send] last_send_ms=53561875
2026-09-21T03:32:30.824484Z DEBUG execute_from_hook: awase_windows::platform: [composition-fsm] EmitWarmup (ConfirmKeyDown)
2026-09-21T03:32:30.824525Z DEBUG execute_from_hook: awase_windows::runtime::executor: [relay-passthrough] PassThrough idle: direct OS pass-through (vk=0x0d down)
2026-09-21T03:32:30.824576Z DEBUG awase::journal: gji fsm transition seq=314 elapsed_ms=54427 trigger="CompositionReset(gji_idle_ms=3860)" state_before="OffCold" state_after="OffCold"
2026-09-21T03:32:30.824662Z DEBUG awase_windows::runtime::executor: [reinject-guard] suspending drain for 50ms (vk=0x0d)
2026-09-21T03:32:30.884596Z DEBUG execute_one{generation=None}: awase_windows::runtime::executor: [reinject] vk=0x0d down (queued passthrough now firing)
2026-09-21T03:32:30.884722Z DEBUG execute_one{generation=None}: awase_windows::platform: [composition] reinject KeyDown vk=0x0d → marking cold + eager warmup
2026-09-21T03:32:30.884768Z DEBUG execute_one{generation=None}: awase_windows::tsf::probe: [composition] marked cold reason=ReinjectConfirmKey idle=62ms → next VK/TSF output will send VK_DBE_HIRAGANA warmup
2026-09-21T03:32:30.884814Z DEBUG execute_one{generation=None}: awase_windows::tsf::probe: [mark-send] last_send_ms=53561937
2026-09-21T03:32:30.890179Z DEBUG awase::journal: gji fsm transition seq=315 elapsed_ms=54487 trigger="CompositionReset(gji_idle_ms=3922)" state_before="OffCold" state_after="OffCold"
2026-09-21T03:32:30.947957Z DEBUG awase_windows::runtime::key_pipeline: [engine-input] vk=0x0D KeyUp ts=54549974us delay=0ms state=Idle mods(c=false s=false a=false w=false) gas_ctrl=false phys_ctrl=false extra=0x5350494B pending_drain=0 gate_active=false l_thumb=None r_thumb=None [diag-ctx] ime_on=
2026-09-21T03:32:30.948100Z DEBUG awase::journal: key input seq=316 elapsed_ms=54550 vk_code=13 is_down=false injected=true key_class="Passthrough" state_before="Idle" state_after="Idle" decision="PassThrough" physical="Allow" repeat_count=1 last_timestamp_us=54549974 last_elapsed_ms=0
2026-09-21T03:32:30.948247Z DEBUG execute_from_hook: awase_windows::runtime::executor: [relay-passthrough] PassThrough idle: direct OS pass-through (vk=0x0d up)
2026-09-21T03:32:30.948357Z DEBUG execute_one{generation=None}: awase_windows::runtime::executor: [reinject] vk=0x0d up (queued passthrough now firing)
2026-09-21T03:32:31.044405Z DEBUG awase_windows::runtime::ime_refresh: Skipping observer/SSOT write: typing active (idle=93ms)
2026-09-21T03:32:31.546302Z DEBUG awase_windows::observer::ime_observer: IME snapshot: japanese=Some(true) ime_on=Some(false) romaji=Some(true) conv=Some("0x00000019") guard=false
2026-09-21T03:32:31.546403Z DEBUG awase::journal: ime event seq=317 elapsed_ms=55149 event_kind="ObserverReported"
2026-09-21T03:32:31.546445Z DEBUG awase::journal: ime event seq=318 elapsed_ms=55149 event_kind="InputModeObserved"
2026-09-21T03:32:32.043890Z DEBUG awase_windows::observer::ime_observer: IME snapshot: japanese=Some(true) ime_on=Some(false) romaji=Some(true) conv=Some("0x00000019") guard=false
2026-09-21T03:32:32.043971Z DEBUG awase::journal: ime event seq=319 elapsed_ms=55646 event_kind="ObserverReported"
2026-09-21T03:32:32.044005Z DEBUG awase::journal: ime event seq=320 elapsed_ms=55646 event_kind="InputModeObserved"
2026-09-21T03:32:32.553755Z DEBUG awase_windows::observer::ime_observer: IME snapshot: japanese=Some(true) ime_on=Some(false) romaji=Some(true) conv=Some("0x00000019") guard=false
2026-09-21T03:32:32.553844Z DEBUG awase::journal: ime event seq=321 elapsed_ms=56156 event_kind="ObserverReported"
2026-09-21T03:32:32.553882Z DEBUG awase::journal: ime event seq=322 elapsed_ms=56156 event_kind="InputModeObserved"
2026-09-21T03:32:32.761799Z DEBUG awase_windows::hook: [hook] IME-mode vk=0xF0 up self_injected=false injected=false scan=0x70 extra=0x5350494B since_actuation_us=Some(45091496)
2026-09-21T03:32:32.762007Z DEBUG awase_windows::hook: [hook] IME-mode vk=0xF2 down self_injected=false injected=true scan=0x70 extra=0x5350494B since_actuation_us=Some(45091716)
2026-09-21T03:32:32.762126Z DEBUG awase::journal: hook ime-mode diagnostic seq=323 elapsed_ms=56364 vk_code=240 is_down=false self_injected=false injected=false scan=112
2026-09-21T03:32:32.762169Z DEBUG awase::journal: hook ime-mode diagnostic seq=324 elapsed_ms=56364 vk_code=242 is_down=true self_injected=false injected=true scan=112
2026-09-21T03:32:32.762330Z DEBUG awase_windows::runtime::key_pipeline: [engine-input] vk=0xF0 KeyUp ts=56364476us delay=0ms state=Idle mods(c=false s=false a=false w=false) gas_ctrl=false phys_ctrl=false extra=0x5350494B pending_drain=0 gate_active=false l_thumb=None r_thumb=None [diag-ctx] ime_on=
2026-09-21T03:32:32.762455Z DEBUG awase::journal: key input seq=325 elapsed_ms=56365 vk_code=240 is_down=false injected=false key_class="Passthrough" state_before="Idle" state_after="Idle" decision="PassThrough" physical="Allow" repeat_count=1 last_timestamp_us=56364476 last_elapsed_ms=0
2026-09-21T03:32:32.762548Z DEBUG execute_from_hook: awase_windows::runtime::executor: [relay-passthrough] PassThrough idle: direct OS pass-through (vk=0xf0 up)
2026-09-21T03:32:32.762640Z DEBUG awase_windows::runtime::key_pipeline: [engine-input] vk=0xF2 KeyDown ts=56364641us delay=0ms state=Idle mods(c=false s=false a=false w=false) gas_ctrl=false phys_ctrl=false extra=0x5350494B pending_drain=0 gate_active=false l_thumb=None r_thumb=None [diag-ctx] ime_o
2026-09-21T03:32:32.762704Z DEBUG awase::journal: key input seq=326 elapsed_ms=56365 vk_code=242 is_down=true injected=true key_class="Passthrough" state_before="Idle" state_after="Idle" decision="PassThrough" physical="Allow" repeat_count=1 last_timestamp_us=56364641 last_elapsed_ms=0
2026-09-21T03:32:32.762763Z DEBUG awase_windows::runtime::key_pipeline: may_change_ime key passed through → IME refresh scheduled (20ms)
2026-09-21T03:32:32.762792Z DEBUG awase_windows::tsf::probe: [composition] marked cold reason=F2NonTsf idle=1875ms → next VK/TSF output will send VK_DBE_HIRAGANA warmup
2026-09-21T03:32:32.762878Z DEBUG execute_from_hook: awase_windows::runtime::transport: [relay-defer] PassThrough deferred: pending effects, reinject(vk=0xf2 down)
2026-09-21T03:32:32.762917Z DEBUG awase::journal: gji fsm transition seq=327 elapsed_ms=56365 trigger="CompositionReset(gji_idle_ms=5797)" state_before="OffCold" state_after="OffCold"
2026-09-21T03:32:32.762977Z DEBUG execute_one{generation=None}: awase_windows::runtime::executor: [reinject] vk=0xf0 up (queued passthrough now firing)
2026-09-21T03:32:32.763033Z DEBUG execute_one{generation=None}: awase_windows::runtime::executor: [reinject] vk=0xf2 down (queued passthrough now firing)
2026-09-21T03:32:32.763188Z DEBUG awase_windows::hook: [hook] IME-mode vk=0xF0 up self_injected=true injected=false scan=0x0 extra=0x4B45594D since_actuation_us=Some(45092897)
2026-09-21T03:32:32.764153Z DEBUG awase_windows::hook: [hook] IME-mode vk=0xF2 down self_injected=true injected=true scan=0x0 extra=0x4B45594D since_actuation_us=Some(45093856)
2026-09-21T03:32:32.765391Z DEBUG awase::journal: hook ime-mode diagnostic seq=328 elapsed_ms=56368 vk_code=240 is_down=false self_injected=true injected=false scan=0
2026-09-21T03:32:32.765428Z DEBUG awase::journal: hook ime-mode diagnostic seq=329 elapsed_ms=56368 vk_code=242 is_down=true self_injected=true injected=true scan=0
2026-09-21T03:32:32.795413Z DEBUG awase_windows::runtime::ime_refresh: Skipping observer/SSOT write: typing active (idle=31ms)
2026-09-21T03:32:33.294171Z DEBUG awase_windows::observer::ime_observer: IME snapshot: japanese=Some(true) ime_on=Some(false) romaji=Some(true) conv=Some("0x00000019") guard=false
2026-09-21T03:32:33.294269Z DEBUG awase::journal: ime event seq=330 elapsed_ms=56896 event_kind="ObserverReported"
2026-09-21T03:32:33.294310Z DEBUG awase::journal: ime event seq=331 elapsed_ms=56897 event_kind="InputModeObserved"
2026-09-21T03:32:33.797470Z DEBUG awase_windows::observer::ime_observer: IME snapshot: japanese=Some(true) ime_on=Some(false) romaji=Some(true) conv=Some("0x00000019") guard=false
2026-09-21T03:32:33.797627Z DEBUG awase::journal: ime event seq=332 elapsed_ms=57400 event_kind="ObserverReported"
2026-09-21T03:32:33.797653Z DEBUG awase::journal: ime event seq=333 elapsed_ms=57400 event_kind="InputModeObserved"
2026-09-21T03:32:34.295297Z DEBUG awase_windows::observer::ime_observer: IME snapshot: japanese=Some(true) ime_on=Some(false) romaji=Some(true) conv=Some("0x00000019") guard=false
2026-09-21T03:32:34.295385Z DEBUG awase::journal: ime event seq=334 elapsed_ms=57898 event_kind="ObserverReported"
2026-09-21T03:32:34.295421Z DEBUG awase::journal: ime event seq=335 elapsed_ms=57898 event_kind="InputModeObserved"
2026-09-21T03:32:34.698494Z DEBUG awase_windows::runtime::key_pipeline: [engine-input] vk=0x41 KeyDown ts=58300667us delay=0ms state=Idle mods(c=false s=false a=false w=false) gas_ctrl=false phys_ctrl=false extra=0x5350494B pending_drain=0 gate_active=false l_thumb=None r_thumb=None [diag-ctx] ime_o
2026-09-21T03:32:34.698628Z DEBUG awase::journal: key input seq=336 elapsed_ms=58301 vk_code=65 is_down=true injected=true key_class="Char" state_before="Idle" state_after="Idle" decision="PassThrough" physical="Allow" repeat_count=1 last_timestamp_us=58300667 last_elapsed_ms=0
2026-09-21T03:32:34.698821Z DEBUG execute_one{generation=None}: awase_windows::runtime::executor: [reinject] vk=0x41 down (queued passthrough now firing)
2026-09-21T03:32:34.795150Z DEBUG awase_windows::runtime::ime_refresh: Skipping observer/SSOT write: typing active (idle=93ms)
2026-09-21T03:32:34.822515Z DEBUG awase_windows::runtime::key_pipeline: [engine-input] vk=0x41 KeyUp ts=58424889us delay=0ms state=Idle mods(c=false s=false a=false w=false) gas_ctrl=false phys_ctrl=false extra=0x5350494B pending_drain=0 gate_active=false l_thumb=None r_thumb=None [diag-ctx] ime_on=
2026-09-21T03:32:34.822607Z DEBUG awase::journal: key input seq=337 elapsed_ms=58425 vk_code=65 is_down=false injected=true key_class="Char" state_before="Idle" state_after="Idle" decision="PassThrough" physical="Allow" repeat_count=1 last_timestamp_us=58424889 last_elapsed_ms=0
2026-09-21T03:32:34.822743Z DEBUG execute_one{generation=None}: awase_windows::runtime::executor: [reinject] vk=0x41 up (queued passthrough now firing)
2026-09-21T03:32:35.298940Z DEBUG awase_windows::runtime::ime_refresh: Skipping observer/SSOT write: typing active (idle=468ms)
2026-09-21T03:32:35.801313Z DEBUG awase_windows::observer::ime_observer: IME snapshot: japanese=Some(true) ime_on=Some(false) romaji=Some(true) conv=Some("0x00000019") guard=false
2026-09-21T03:32:35.801375Z DEBUG awase::journal: ime event seq=338 elapsed_ms=59404 event_kind="ObserverReported"
2026-09-21T03:32:35.801397Z DEBUG awase::journal: ime event seq=339 elapsed_ms=59404 event_kind="InputModeObserved"
2026-09-21T03:32:36.370100Z DEBUG awase_windows::observer::ime_observer: IME snapshot: japanese=Some(true) ime_on=None romaji=Some(true) conv=Some("0x00000019") guard=false
2026-09-21T03:32:36.370179Z DEBUG awase::journal: ime event seq=340 elapsed_ms=59972 event_kind="InputModeObserved"
2026-09-21T03:32:36.644825Z DEBUG awase_windows::runtime::key_pipeline: [engine-input] vk=0x1D KeyDown ts=60247033us delay=0ms state=Idle mods(c=false s=false a=false w=false) gas_ctrl=false phys_ctrl=false extra=0x5350494B pending_drain=0 gate_active=false l_thumb=None r_thumb=None [diag-ctx] ime_o
2026-09-21T03:32:36.644953Z DEBUG awase::journal: key input seq=341 elapsed_ms=60247 vk_code=29 is_down=true injected=true key_class="LeftThumb" state_before="Idle" state_after="Idle" decision="PassThrough" physical="Allow" repeat_count=1 last_timestamp_us=60247033 last_elapsed_ms=0
2026-09-21T03:32:36.645110Z DEBUG execute_one{generation=None}: awase_windows::runtime::executor: [reinject] vk=0x1d down (queued passthrough now firing)
2026-09-21T03:32:36.659277Z DEBUG awase_windows::tsf::gji_monitor: [gji-io] WRITE: w_ops=+2 w_KB=+0.0 (r_ops=+4 x_ops=+4 x_KB=+0.0)
2026-09-21T03:32:36.771286Z DEBUG awase_windows::runtime::key_pipeline: [engine-input] vk=0x1D KeyUp ts=60372306us delay=1ms state=Idle mods(c=false s=false a=false w=false) gas_ctrl=false phys_ctrl=false extra=0x5350494B pending_drain=0 gate_active=false l_thumb=None r_thumb=None [diag-ctx] ime_on=
2026-09-21T03:32:36.771474Z DEBUG awase::journal: key input seq=342 elapsed_ms=60374 vk_code=29 is_down=false injected=true key_class="LeftThumb" state_before="Idle" state_after="Idle" decision="PassThrough" physical="Allow" repeat_count=1 last_timestamp_us=60372306 last_elapsed_ms=0
2026-09-21T03:32:36.771645Z DEBUG execute_one{generation=None}: awase_windows::runtime::executor: [reinject] vk=0x1d up (queued passthrough now firing)
2026-09-21T03:32:36.884041Z DEBUG awase_windows::runtime::ime_refresh: Skipping observer/SSOT write: typing active (idle=109ms)
2026-09-21T03:32:37.385296Z DEBUG awase_windows::observer::ime_observer: IME snapshot: japanese=Some(true) ime_on=Some(true) romaji=Some(true) conv=Some("0x00000019") guard=false
2026-09-21T03:32:37.385361Z DEBUG awase::journal: ime event seq=343 elapsed_ms=60988 event_kind="ObserverReported"
2026-09-21T03:32:37.385389Z DEBUG awase::journal: ime event seq=344 elapsed_ms=60988 event_kind="InputModeObserved"
2026-09-21T03:32:37.385433Z  INFO awase::engine::engine: Engine activated (ime=true, romaji=true, japanese=true, user=true, reason=Active)
2026-09-21T03:32:37.385524Z DEBUG execute_from_loop:execute_one{generation=None}:dispatch_ime_set_open{open=true generation=None}: awase_windows::runtime::executor: [dispatch-ime] ImmCross async: optimistic applied_snapshot=true (suppress send_engine_state_ime_key)
2026-09-21T03:32:37.386757Z DEBUG execute_from_loop:execute_one{generation=None}: awase_windows::platform: [engine-state-key] suppressed (polling/focus-triggered, enabled=true)
2026-09-21T03:32:37.388604Z DEBUG run_open_chain_async: awase_windows::ime_controller: [warrant-shadow] chain=async open=true origin=EventOrigin { source: SelfActuated { strategy: "engine_decision_async" }, epoch: Generation(0) } warranted
2026-09-21T03:32:37.388660Z  INFO run_open_chain_async:imm_cross_write{open=true}: awase_windows::runtime::open_chain: [apply-ime] ImmCross async: open=true composition_active=false show_seq=0 change_seq=0 (issue #138診断)
2026-09-21T03:32:37.390037Z DEBUG awase_windows::shadow_send_trace: [shadow-send] channel=ImeControl cmd=0x0006 lparam=1 issue_us=60992409
2026-09-21T03:32:37.390048Z DEBUG awase_windows::ime: set_ime_open_for_target: hwnd=HWND(0x8091c) ime_wnd=HWND(0xf086a) open=true success=true send_elapsed=0ms candidate_visible=false
2026-09-21T03:32:37.390598Z DEBUG run_open_chain_async:imm_cross_write{open=true}: awase_windows::ime: [imm-cross-actuate] hwnd=HWND(0x8091c) open=Written conv=Some(Written)
2026-09-21T03:32:37.390640Z DEBUG run_open_chain_async:imm_cross_write{open=true}: awase_windows::runtime::open_chain: [apply-ime] ROMAN 補完結果: Written
2026-09-21T03:32:37.390691Z DEBUG run_open_chain_async: awase::journal: actuation decision seq=345 elapsed_ms=60993 site="DispatchImeSetOpen" caller="None" open=true chain_len=4 attempts_len=1 gate_profile="Standard" gate_kind="Gji" gate_shadow_known=true gate_shadow_on=false gate_input_mode="Observ
2026-09-21T03:32:37.390891Z DEBUG on_ime_apply_complete{open=true outcome=AppliedWithoutSendInput generation=None reason=EngineDecision}: awase::journal: ime open applied seq=346 elapsed_ms=60993 open=true outcome="AppliedWithoutSendInput" reason="EngineDecision"
2026-09-21T03:32:37.390946Z DEBUG on_ime_apply_complete{open=true outcome=AppliedWithoutSendInput generation=None reason=EngineDecision}: awase_windows::tsf::ime_mode_fsm: [ime-mode] SetOpen(true) applied → Hiragana (belief, unconfirmed)
2026-09-21T03:32:37.390963Z DEBUG on_ime_apply_complete{open=true outcome=AppliedWithoutSendInput generation=None reason=EngineDecision}: awase_windows::platform: [composition] ImeEffect::SetOpen(true) → marking cold
2026-09-21T03:32:37.390976Z DEBUG on_ime_apply_complete{open=true outcome=AppliedWithoutSendInput generation=None reason=EngineDecision}: awase_windows::tsf::probe: [composition] marked cold reason=SetOpenTrue idle=6500ms → next VK/TSF output will send VK_DBE_HIRAGANA warmup
2026-09-21T03:32:37.391004Z DEBUG on_ime_apply_complete{open=true outcome=AppliedWithoutSendInput generation=None reason=EngineDecision}:gji_on_event{event=ImeOn { injection_mode: Unicode, gji_idle_ms: 734 }}: awase_windows::tsf::gji_fsm: [gji-fsm] ImeOn gji_idle=734ms → Short
2026-09-21T03:32:37.391031Z DEBUG on_ime_apply_complete{open=true outcome=AppliedWithoutSendInput generation=None reason=EngineDecision}: awase_windows::platform: [gji-fsm] StartProbe probe_id=ProbeId(2) forces_f2=false long=false
2026-09-21T03:32:37.391123Z DEBUG awase::journal: gji fsm transition seq=347 elapsed_ms=60993 trigger="ImeOn(gji_idle_ms=734)" state_before="OffCold" state_after="OnCold(Short)"
2026-09-21T03:32:37.391136Z DEBUG awase::journal: tsf probe started seq=348 elapsed_ms=60993 source="GjiAction::StartProbe" cold_seq=0 probe_id=2 probe_id_present=true gji_state="OnCold(Short)" consecutive_at_start=0 pending_deferred_len=0
2026-09-21T03:32:37.391150Z DEBUG awase::journal: gji fsm transition seq=349 elapsed_ms=60993 trigger="WarmupComplete(unicode)" state_before="OnCold(Short)" state_after="OnWarm"
2026-09-21T03:32:37.391161Z DEBUG awase::journal: tsf probe completed seq=350 elapsed_ms=60993 outcome="UnicodeImmediate" cold_seq=18446744073709551615 cold_seq_present=false probe_id=2 probe_id_present=true duration_ms=0 tick_count=0 gji_state="OnWarm"
2026-09-21T03:32:37.418392Z DEBUG awase_windows::observer::ime_observer: IME snapshot: japanese=Some(true) ime_on=Some(true) romaji=Some(true) conv=Some("0x00000019") guard=false
2026-09-21T03:32:37.418516Z DEBUG awase::journal: ime event seq=351 elapsed_ms=61021 event_kind="ObserverReported"
2026-09-21T03:32:37.418569Z DEBUG awase::journal: ime event seq=352 elapsed_ms=61021 event_kind="InputModeObserved"
2026-09-21T03:32:37.916136Z DEBUG awase_windows::observer::ime_observer: IME snapshot: japanese=Some(true) ime_on=Some(true) romaji=Some(true) conv=Some("0x00000019") guard=false
2026-09-21T03:32:37.916275Z DEBUG awase::journal: ime event seq=353 elapsed_ms=61518 event_kind="ObserverReported"
2026-09-21T03:32:37.916325Z DEBUG awase::journal: ime event seq=354 elapsed_ms=61519 event_kind="InputModeObserved"
2026-09-21T03:32:38.421561Z DEBUG awase_windows::observer::ime_observer: IME snapshot: japanese=Some(true) ime_on=Some(true) romaji=Some(true) conv=Some("0x00000019") guard=false
2026-09-21T03:32:38.421674Z DEBUG awase::journal: ime event seq=355 elapsed_ms=62024 event_kind="ObserverReported"
2026-09-21T03:32:38.421722Z DEBUG awase::journal: ime event seq=356 elapsed_ms=62024 event_kind="InputModeObserved"
2026-09-21T03:32:38.573075Z DEBUG awase_windows::runtime::key_pipeline: [engine-input] vk=0x4B KeyDown ts=62175450us delay=0ms state=Idle mods(c=false s=false a=false w=false) gas_ctrl=false phys_ctrl=false extra=0x5350494B pending_drain=0 gate_active=false l_thumb=None r_thumb=None [diag-ctx] ime_o
2026-09-21T03:32:38.573195Z DEBUG awase::journal: key input seq=357 elapsed_ms=62175 vk_code=75 is_down=true injected=true key_class="Char" state_before="Idle" state_after="PendingChar(vk=0x4B)" decision="Consume" physical="Allow" repeat_count=1 last_timestamp_us=62175450 last_elapsed_ms=0
2026-09-21T03:32:38.683105Z DEBUG execute_from_loop:execute_one{generation=None}: awase_windows::output: send_keys: mode=Unicode actions=[Char('き')] prev_elapsed=7797ms
2026-09-21T03:32:38.683134Z DEBUG execute_from_loop:execute_one{generation=None}: awase_windows::tsf::probe: [mark-send] last_send_ms=53569734
2026-09-21T03:32:38.683154Z DEBUG execute_from_loop:execute_one{generation=None}: awase_windows::output:   → Char('き') via Unicode
2026-09-21T03:32:38.685192Z DEBUG execute_from_loop:execute_one{generation=None}: awase_windows::tsf::probe: [mark-send] last_send_ms=53569734
2026-09-21T03:32:38.690264Z  INFO awase_windows::tsf::win_event_obs: [gji-obs] candidate SHOW #4: last_gji_write=2031ms ago
2026-09-21T03:32:38.699912Z DEBUG awase_windows::runtime::key_pipeline: [engine-input] vk=0x4B KeyUp ts=62302219us delay=0ms state=Idle mods(c=false s=false a=false w=false) gas_ctrl=false phys_ctrl=false extra=0x5350494B pending_drain=0 gate_active=false l_thumb=None r_thumb=None [diag-ctx] ime_on=
2026-09-21T03:32:38.700006Z DEBUG awase::journal: key input seq=359 elapsed_ms=62302 vk_code=75 is_down=false injected=true key_class="Char" state_before="Idle" state_after="Idle" decision="Consume" physical="Allow" repeat_count=1 last_timestamp_us=62302219 last_elapsed_ms=0
2026-09-21T03:32:38.700115Z DEBUG execute_one{generation=None}: awase_windows::output: send_keys: mode=Unicode actions=[Suppress] prev_elapsed=16ms
2026-09-21T03:32:38.700139Z DEBUG execute_one{generation=None}: awase_windows::tsf::probe: [mark-send] last_send_ms=53569750
2026-09-21T03:32:38.700197Z DEBUG execute_one{generation=None}: awase_windows::output:   → Suppress
2026-09-21T03:32:38.700207Z DEBUG execute_one{generation=None}: awase_windows::tsf::probe: [mark-send] last_send_ms=53569750
2026-09-21T03:32:38.700242Z DEBUG execute_one{generation=None}: awase_windows::platform: [gji-fsm] StartComposition (candidate SHOW)
2026-09-21T03:32:38.700264Z DEBUG execute_one{generation=None}:gji_on_event{event=StartComposition}: awase_windows::tsf::gji_fsm: [gji-fsm] StartComposition: OnWarm → OnComposing(AlreadyWarm)
2026-09-21T03:32:38.700521Z DEBUG awase::journal: gji fsm transition seq=360 elapsed_ms=62303 trigger="StartComposition(candidate SHOW)" state_before="OnWarm" state_after="OnComposing(Warm)"
2026-09-21T03:32:38.700644Z DEBUG awase_windows::tsf::gji_monitor: [gji-io] WRITE: w_ops=+2 w_KB=+0.3 (r_ops=+4 x_ops=+4 x_KB=+0.0)
2026-09-21T03:32:38.922701Z DEBUG awase_windows::runtime::ime_refresh: Skipping observer/SSOT write: typing active (idle=218ms)
2026-09-21T03:32:39.423473Z DEBUG awase_windows::observer::ime_observer: IME snapshot: japanese=Some(true) ime_on=Some(true) romaji=Some(true) conv=Some("0x00000019") guard=false
2026-09-21T03:32:39.423553Z DEBUG awase::journal: ime event seq=361 elapsed_ms=63026 event_kind="ObserverReported"
2026-09-21T03:32:39.423586Z DEBUG awase::journal: ime event seq=362 elapsed_ms=63026 event_kind="InputModeObserved"
2026-09-21T03:32:39.927045Z DEBUG awase_windows::observer::ime_observer: IME snapshot: japanese=Some(true) ime_on=Some(true) romaji=Some(true) conv=Some("0x00000019") guard=false
2026-09-21T03:32:39.927121Z DEBUG awase::journal: ime event seq=363 elapsed_ms=63529 event_kind="ObserverReported"
2026-09-21T03:32:39.927148Z DEBUG awase::journal: ime event seq=364 elapsed_ms=63529 event_kind="InputModeObserved"
2026-09-21T03:32:40.447489Z DEBUG awase_windows::observer::ime_observer: IME snapshot: japanese=Some(true) ime_on=Some(true) romaji=Some(true) conv=Some("0x00000019") guard=false
2026-09-21T03:32:40.447611Z DEBUG awase::journal: ime event seq=365 elapsed_ms=64050 event_kind="ObserverReported"
2026-09-21T03:32:40.447662Z DEBUG awase::journal: ime event seq=366 elapsed_ms=64050 event_kind="InputModeObserved"
2026-09-21T03:32:40.521450Z DEBUG awase_windows::runtime::key_pipeline: [engine-input] vk=0x1D KeyDown ts=64123179us delay=0ms state=Idle mods(c=false s=false a=false w=false) gas_ctrl=false phys_ctrl=false extra=0x5350494B pending_drain=0 gate_active=false l_thumb=None r_thumb=None [diag-ctx] ime_o
2026-09-21T03:32:40.521620Z DEBUG awase::journal: key input seq=367 elapsed_ms=64124 vk_code=29 is_down=true injected=true key_class="LeftThumb" state_before="Idle" state_after="PendingThumb(vk=0x1D,left=true)" decision="Consume" physical="Allow" repeat_count=1 last_timestamp_us=64123179 last_elapse
2026-09-21T03:32:40.647984Z DEBUG awase_windows::runtime::key_pipeline: [engine-input] vk=0x1D KeyUp ts=64250180us delay=0ms state=Idle mods(c=false s=false a=false w=false) gas_ctrl=false phys_ctrl=false extra=0x5350494B pending_drain=0 gate_active=false l_thumb=None r_thumb=None [diag-ctx] ime_on=
2026-09-21T03:32:40.648148Z DEBUG awase::journal: key input seq=369 elapsed_ms=64250 vk_code=29 is_down=false injected=true key_class="LeftThumb" state_before="Idle" state_after="Idle" decision="Consume" physical="Allow" repeat_count=1 last_timestamp_us=64250180 last_elapsed_ms=0
2026-09-21T03:32:40.951231Z DEBUG awase_windows::runtime::ime_refresh: Skipping observer/SSOT write: typing active (idle=297ms)
2026-09-21T03:32:41.460241Z DEBUG awase_windows::observer::ime_observer: IME snapshot: japanese=Some(true) ime_on=Some(true) romaji=Some(true) conv=Some("0x00000019") guard=false
2026-09-21T03:32:41.460328Z DEBUG awase::journal: ime event seq=370 elapsed_ms=65063 event_kind="ObserverReported"
2026-09-21T03:32:41.460365Z DEBUG awase::journal: ime event seq=371 elapsed_ms=65063 event_kind="InputModeObserved"
2026-09-21T03:32:41.976706Z DEBUG awase_windows::observer::ime_observer: IME snapshot: japanese=Some(true) ime_on=Some(true) romaji=Some(true) conv=Some("0x00000019") guard=false
2026-09-21T03:32:41.976809Z DEBUG awase::journal: ime event seq=372 elapsed_ms=65579 event_kind="ObserverReported"
2026-09-21T03:32:41.976856Z DEBUG awase::journal: ime event seq=373 elapsed_ms=65579 event_kind="InputModeObserved"
2026-09-21T03:32:42.462345Z DEBUG awase_windows::runtime::key_pipeline: [engine-input] vk=0x1C KeyDown ts=66064482us delay=0ms state=Idle mods(c=false s=false a=false w=false) gas_ctrl=false phys_ctrl=false extra=0x5350494B pending_drain=0 gate_active=false l_thumb=None r_thumb=None [diag-ctx] ime_o
2026-09-21T03:32:42.462502Z DEBUG awase::journal: key input seq=374 elapsed_ms=66065 vk_code=28 is_down=true injected=true key_class="RightThumb" state_before="Idle" state_after="PendingThumb(vk=0x1C,left=false)" decision="Consume" physical="Allow" repeat_count=1 last_timestamp_us=66064482 last_elap
2026-09-21T03:32:42.481872Z DEBUG awase_windows::runtime::ime_refresh: Skipping observer/SSOT write: typing active (idle=16ms)
2026-09-21T03:32:42.586487Z DEBUG awase_windows::runtime::key_pipeline: [engine-input] vk=0x1C KeyUp ts=66188703us delay=0ms state=Idle mods(c=false s=false a=false w=false) gas_ctrl=false phys_ctrl=false extra=0x5350494B pending_drain=0 gate_active=false l_thumb=None r_thumb=None [diag-ctx] ime_on=
2026-09-21T03:32:42.586686Z DEBUG awase::journal: key input seq=376 elapsed_ms=66189 vk_code=28 is_down=false injected=true key_class="RightThumb" state_before="Idle" state_after="Idle" decision="Consume" physical="Allow" repeat_count=1 last_timestamp_us=66188703 last_elapsed_ms=0
2026-09-21T03:32:42.979462Z DEBUG awase_windows::runtime::ime_refresh: Skipping observer/SSOT write: typing active (idle=391ms)
2026-09-21T03:32:43.484984Z DEBUG awase_windows::observer::ime_observer: IME snapshot: japanese=Some(true) ime_on=Some(true) romaji=Some(true) conv=Some("0x00000019") guard=false
2026-09-21T03:32:43.485082Z DEBUG awase::journal: ime event seq=377 elapsed_ms=67087 event_kind="ObserverReported"
2026-09-21T03:32:43.485123Z DEBUG awase::journal: ime event seq=378 elapsed_ms=67087 event_kind="InputModeObserved"
2026-09-21T03:32:43.987898Z DEBUG awase_windows::observer::ime_observer: IME snapshot: japanese=Some(true) ime_on=Some(true) romaji=Some(true) conv=Some("0x00000019") guard=false
2026-09-21T03:32:43.987976Z DEBUG awase::journal: ime event seq=379 elapsed_ms=67590 event_kind="ObserverReported"
2026-09-21T03:32:43.988004Z DEBUG awase::journal: ime event seq=380 elapsed_ms=67590 event_kind="InputModeObserved"
2026-09-21T03:32:44.403238Z DEBUG awase_windows::runtime::key_pipeline: [engine-input] vk=0x1D KeyDown ts=68005635us delay=0ms state=Idle mods(c=false s=false a=false w=false) gas_ctrl=false phys_ctrl=false extra=0x5350494B pending_drain=0 gate_active=false l_thumb=None r_thumb=None [diag-ctx] ime_o
2026-09-21T03:32:44.403335Z DEBUG awase::journal: key input seq=381 elapsed_ms=68006 vk_code=29 is_down=true injected=true key_class="LeftThumb" state_before="Idle" state_after="PendingThumb(vk=0x1D,left=true)" decision="Consume" physical="Allow" repeat_count=1 last_timestamp_us=68005635 last_elapse
2026-09-21T03:32:44.485085Z DEBUG awase_windows::runtime::ime_refresh: Skipping observer/SSOT write: typing active (idle=78ms)
2026-09-21T03:32:44.531490Z DEBUG awase_windows::runtime::key_pipeline: [engine-input] vk=0x1D KeyUp ts=68132532us delay=1ms state=Idle mods(c=false s=false a=false w=false) gas_ctrl=false phys_ctrl=false extra=0x5350494B pending_drain=0 gate_active=false l_thumb=None r_thumb=None [diag-ctx] ime_on=
2026-09-21T03:32:44.531647Z DEBUG awase::journal: key input seq=383 elapsed_ms=68134 vk_code=29 is_down=false injected=true key_class="LeftThumb" state_before="Idle" state_after="Idle" decision="Consume" physical="Allow" repeat_count=1 last_timestamp_us=68132532 last_elapsed_ms=0
2026-09-21T03:32:44.987243Z DEBUG awase_windows::runtime::ime_refresh: Skipping observer/SSOT write: typing active (idle=453ms)
2026-09-21T03:32:45.489608Z DEBUG awase_windows::observer::ime_observer: IME snapshot: japanese=Some(true) ime_on=Some(true) romaji=Some(true) conv=Some("0x00000019") guard=false
2026-09-21T03:32:45.489669Z DEBUG awase::journal: ime event seq=384 elapsed_ms=69092 event_kind="ObserverReported"
2026-09-21T03:32:45.489691Z DEBUG awase::journal: ime event seq=385 elapsed_ms=69092 event_kind="InputModeObserved"
2026-09-21T03:32:46.003960Z DEBUG awase_windows::observer::ime_observer: IME snapshot: japanese=Some(true) ime_on=Some(true) romaji=Some(true) conv=Some("0x00000019") guard=false
2026-09-21T03:32:46.004021Z DEBUG awase::journal: ime event seq=386 elapsed_ms=69606 event_kind="ObserverReported"
2026-09-21T03:32:46.004042Z DEBUG awase::journal: ime event seq=387 elapsed_ms=69606 event_kind="InputModeObserved"
2026-09-21T03:32:46.343318Z DEBUG awase_windows::runtime::key_pipeline: [engine-input] vk=0x1B KeyDown ts=69945604us delay=0ms state=Idle mods(c=false s=false a=false w=false) gas_ctrl=false phys_ctrl=false extra=0x5350494B pending_drain=0 gate_active=false l_thumb=None r_thumb=None [diag-ctx] ime_o
2026-09-21T03:32:46.343544Z DEBUG awase::journal: key input seq=388 elapsed_ms=69946 vk_code=27 is_down=true injected=true key_class="Passthrough" state_before="Idle" state_after="Idle" decision="PassThrough" physical="Allow" repeat_count=1 last_timestamp_us=69945604 last_elapsed_ms=0
2026-09-21T03:32:46.343676Z DEBUG execute_from_hook: awase_windows::runtime::executor: [relay-passthrough] PassThrough idle: direct OS pass-through (vk=0x1b down)
2026-09-21T03:32:46.343778Z DEBUG execute_one{generation=None}: awase_windows::runtime::executor: [reinject] vk=0x1b down (queued passthrough now firing)
2026-09-21T03:32:46.350787Z  INFO awase_windows::tsf::win_event_obs: [gji-obs] candidate HIDE: last_gji_write=7656ms ago
2026-09-21T03:32:46.358425Z DEBUG awase_windows::tsf::gji_monitor: [gji-io] WRITE: w_ops=+2 w_KB=+0.3 (r_ops=+4 x_ops=+4 x_KB=+0.0)
2026-09-21T03:32:46.468295Z DEBUG awase_windows::runtime::key_pipeline: [engine-input] vk=0x1B KeyUp ts=70070527us delay=0ms state=Idle mods(c=false s=false a=false w=false) gas_ctrl=false phys_ctrl=false extra=0x5350494B pending_drain=0 gate_active=false l_thumb=None r_thumb=None [diag-ctx] ime_on=
2026-09-21T03:32:46.468442Z DEBUG awase::journal: key input seq=389 elapsed_ms=70071 vk_code=27 is_down=false injected=true key_class="Passthrough" state_before="Idle" state_after="Idle" decision="PassThrough" physical="Allow" repeat_count=1 last_timestamp_us=70070527 last_elapsed_ms=0
2026-09-21T03:32:46.468647Z DEBUG execute_from_hook: awase_windows::runtime::executor: [relay-passthrough] PassThrough idle: direct OS pass-through (vk=0x1b up)
2026-09-21T03:32:46.468744Z DEBUG execute_one{generation=None}: awase_windows::runtime::executor: [reinject] vk=0x1b up (queued passthrough now firing)
2026-09-21T03:32:46.471234Z DEBUG awase_windows::platform: [gji-fsm] EndComposition (candidate HIDE) epoch=FocusEpoch(4)
2026-09-21T03:32:46.471355Z DEBUG awase::journal: gji fsm transition seq=390 elapsed_ms=70074 trigger="EndComposition(candidate HIDE, epoch=FocusEpoch(4))" state_before="OnComposing(Warm)" state_after="OnWarm"
2026-09-21T03:32:46.504045Z DEBUG awase_windows::runtime::ime_refresh: Skipping observer/SSOT write: typing active (idle=31ms)
2026-09-21T03:32:47.004866Z DEBUG awase_windows::observer::ime_observer: IME snapshot: japanese=Some(true) ime_on=Some(true) romaji=Some(true) conv=Some("0x00000019") guard=false
2026-09-21T03:32:47.005000Z DEBUG awase::journal: ime event seq=391 elapsed_ms=70607 event_kind="ObserverReported"
2026-09-21T03:32:47.005048Z DEBUG awase::journal: ime event seq=392 elapsed_ms=70607 event_kind="InputModeObserved"
2026-09-21T03:32:47.519163Z DEBUG awase_windows::observer::ime_observer: IME snapshot: japanese=Some(true) ime_on=Some(true) romaji=Some(true) conv=Some("0x00000019") guard=false
2026-09-21T03:32:47.519269Z DEBUG awase::journal: ime event seq=393 elapsed_ms=71121 event_kind="ObserverReported"
2026-09-21T03:32:47.519292Z DEBUG awase::journal: ime event seq=394 elapsed_ms=71122 event_kind="InputModeObserved"
2026-09-21T03:32:48.062936Z DEBUG awase_windows::observer::ime_observer: IME snapshot: japanese=Some(true) ime_on=Some(true) romaji=Some(true) conv=Some("0x00000019") guard=false
2026-09-21T03:32:48.063049Z DEBUG awase::journal: ime event seq=395 elapsed_ms=71665 event_kind="ObserverReported"
2026-09-21T03:32:48.063097Z DEBUG awase::journal: ime event seq=396 elapsed_ms=71665 event_kind="InputModeObserved"
2026-09-21T03:32:48.281311Z DEBUG awase_windows::hook: [hook] IME-mode vk=0xF2 down self_injected=false injected=true scan=0x70 extra=0x5350494B since_actuation_us=Some(60610886)
2026-09-21T03:32:48.281502Z DEBUG awase::journal: hook ime-mode diagnostic seq=397 elapsed_ms=71884 vk_code=242 is_down=true self_injected=false injected=true scan=112
2026-09-21T03:32:48.281690Z DEBUG awase_windows::runtime::key_pipeline: [engine-input] vk=0xF2 KeyDown ts=71884007us delay=0ms state=Idle mods(c=false s=false a=false w=false) gas_ctrl=false phys_ctrl=false extra=0x5350494B pending_drain=0 gate_active=false l_thumb=None r_thumb=None [diag-ctx] ime_o
2026-09-21T03:32:48.281793Z DEBUG awase::journal: key input seq=398 elapsed_ms=71884 vk_code=242 is_down=true injected=true key_class="Passthrough" state_before="Idle" state_after="Idle" decision="PassThrough" physical="Allow" repeat_count=1 last_timestamp_us=71884007 last_elapsed_ms=0
2026-09-21T03:32:48.281877Z DEBUG awase_windows::runtime::key_pipeline: may_change_ime key passed through → IME refresh scheduled (20ms)
2026-09-21T03:32:48.281968Z DEBUG execute_from_hook: awase_windows::runtime::executor: [relay-passthrough] PassThrough idle: direct OS pass-through (vk=0xf2 down)
2026-09-21T03:32:48.282048Z DEBUG execute_one{generation=None}: awase_windows::runtime::executor: [reinject] vk=0xf2 down (queued passthrough now firing)
2026-09-21T03:32:48.282209Z DEBUG awase_windows::hook: [hook] IME-mode vk=0xF2 down self_injected=true injected=true scan=0x0 extra=0x4B45594D since_actuation_us=Some(60611919)
2026-09-21T03:32:48.283862Z DEBUG awase::journal: hook ime-mode diagnostic seq=399 elapsed_ms=71886 vk_code=242 is_down=true self_injected=true injected=true scan=0
2026-09-21T03:32:48.294656Z DEBUG awase_windows::tsf::gji_monitor: [gji-io] WRITE: w_ops=+2 w_KB=+0.0 (r_ops=+4 x_ops=+4 x_KB=+0.0)
2026-09-21T03:32:48.316572Z DEBUG awase_windows::runtime::ime_refresh: Skipping observer/SSOT write: typing active (idle=31ms)
2026-09-21T03:32:48.812101Z DEBUG awase_windows::observer::ime_observer: IME snapshot: japanese=Some(true) ime_on=Some(true) romaji=None conv=Some("0x00000010") guard=false
2026-09-21T03:32:48.812182Z DEBUG awase::journal: ime event seq=400 elapsed_ms=72414 event_kind="ObserverReported"
2026-09-21T03:32:48.812216Z DEBUG awase::journal: ime event seq=401 elapsed_ms=72414 event_kind="InputModeObserved"
2026-09-21T03:32:48.812318Z DEBUG awase::engine::engine: [diag-engine-active] ime_on=true なのに非活性: reason=Inactive(NotRomajiInput) romaji_capable=false japanese=true user_enabled=true was_active=true input_mode=ObservedEisu
2026-09-21T03:32:48.812366Z  INFO awase::engine::engine: Engine deactivated (ime=true, romaji=false, japanese=true, user=true, reason=Inactive(NotRomajiInput))
2026-09-21T03:32:49.311505Z DEBUG awase_windows::observer::ime_observer: IME snapshot: japanese=Some(true) ime_on=Some(true) romaji=None conv=Some("0x00000010") guard=false
2026-09-21T03:32:49.311583Z DEBUG awase::journal: ime event seq=402 elapsed_ms=72914 event_kind="ObserverReported"
2026-09-21T03:32:49.311650Z DEBUG awase::engine::engine: [diag-engine-active] ime_on=true なのに非活性: reason=Inactive(NotRomajiInput) romaji_capable=false japanese=true user_enabled=true was_active=false input_mode=ObservedEisu
2026-09-21T03:32:49.814794Z DEBUG awase_windows::observer::ime_observer: IME snapshot: japanese=Some(true) ime_on=Some(true) romaji=None conv=Some("0x00000010") guard=false
2026-09-21T03:32:49.814872Z DEBUG awase::journal: ime event seq=403 elapsed_ms=73417 event_kind="ObserverReported"
2026-09-21T03:32:49.814939Z DEBUG awase::engine::engine: [diag-engine-active] ime_on=true なのに非活性: reason=Inactive(NotRomajiInput) romaji_capable=false japanese=true user_enabled=true was_active=false input_mode=ObservedEisu
2026-09-21T03:32:50.214692Z DEBUG awase_windows::runtime::key_pipeline: [engine-input] vk=0x4B KeyDown ts=73817047us delay=0ms state=Idle mods(c=false s=false a=false w=false) gas_ctrl=false phys_ctrl=false extra=0x5350494B pending_drain=0 gate_active=false l_thumb=None r_thumb=None [diag-ctx] ime_o
2026-09-21T03:32:50.214747Z DEBUG awase::engine::engine: [diag-engine-active] ime_on=true なのに非活性: reason=Inactive(NotRomajiInput) romaji_capable=false japanese=true user_enabled=true was_active=false input_mode=ObservedEisu
2026-09-21T03:32:50.214822Z DEBUG awase::journal: key input seq=404 elapsed_ms=73817 vk_code=75 is_down=true injected=true key_class="Char" state_before="Idle" state_after="Idle" decision="PassThrough" physical="Allow" repeat_count=1 last_timestamp_us=73817047 last_elapsed_ms=0
2026-09-21T03:32:50.214975Z DEBUG execute_one{generation=None}: awase_windows::runtime::executor: [reinject] vk=0x4b down (queued passthrough now firing)
2026-09-21T03:32:50.225309Z  INFO awase_windows::tsf::win_event_obs: [gji-obs] candidate SHOW #5: last_gji_write=1938ms ago
2026-09-21T03:32:50.228740Z DEBUG awase_windows::tsf::gji_monitor: [gji-io] WRITE: w_ops=+2 w_KB=+0.3 (r_ops=+4 x_ops=+4 x_KB=+0.0)
2026-09-21T03:32:50.313038Z DEBUG awase_windows::runtime::ime_refresh: Skipping observer/SSOT write: typing active (idle=94ms)
2026-09-21T03:32:50.313114Z DEBUG awase::engine::engine: [diag-engine-active] ime_on=true なのに非活性: reason=Inactive(NotRomajiInput) romaji_capable=false japanese=true user_enabled=true was_active=false input_mode=ObservedEisu
2026-09-21T03:32:50.339587Z DEBUG awase_windows::runtime::key_pipeline: [engine-input] vk=0x4B KeyUp ts=73942004us delay=0ms state=Idle mods(c=false s=false a=false w=false) gas_ctrl=false phys_ctrl=false extra=0x5350494B pending_drain=0 gate_active=false l_thumb=None r_thumb=None [diag-ctx] ime_on=
2026-09-21T03:32:50.339681Z DEBUG awase::engine::engine: [diag-engine-active] ime_on=true なのに非活性: reason=Inactive(NotRomajiInput) romaji_capable=false japanese=true user_enabled=true was_active=false input_mode=ObservedEisu
2026-09-21T03:32:50.339754Z DEBUG awase::journal: key input seq=405 elapsed_ms=73942 vk_code=75 is_down=false injected=true key_class="Char" state_before="Idle" state_after="Idle" decision="PassThrough" physical="Allow" repeat_count=1 last_timestamp_us=73942004 last_elapsed_ms=0
2026-09-21T03:32:50.339887Z DEBUG execute_one{generation=None}: awase_windows::runtime::executor: [reinject] vk=0x4b up (queued passthrough now firing)
2026-09-21T03:32:50.341132Z DEBUG awase_windows::platform: [gji-fsm] StartComposition (candidate SHOW)
2026-09-21T03:32:50.341161Z DEBUG gji_on_event{event=StartComposition}: awase_windows::tsf::gji_fsm: [gji-fsm] StartComposition: OnWarm → OnComposing(AlreadyWarm)
2026-09-21T03:32:50.341228Z DEBUG awase::journal: gji fsm transition seq=406 elapsed_ms=73943 trigger="StartComposition(candidate SHOW)" state_before="OnWarm" state_after="OnComposing(Warm)"
2026-09-21T03:32:50.819909Z DEBUG awase_windows::runtime::ime_refresh: Skipping observer/SSOT write: typing active (idle=485ms)
2026-09-21T03:32:50.820013Z DEBUG awase::engine::engine: [diag-engine-active] ime_on=true なのに非活性: reason=Inactive(NotRomajiInput) romaji_capable=false japanese=true user_enabled=true was_active=false input_mode=ObservedEisu
2026-09-21T03:32:51.337318Z DEBUG awase_windows::observer::ime_observer: IME snapshot: japanese=Some(true) ime_on=Some(true) romaji=None conv=Some("0x00000010") guard=false
2026-09-21T03:32:51.337436Z DEBUG awase::journal: ime event seq=407 elapsed_ms=74940 event_kind="ObserverReported"
2026-09-21T03:32:51.337527Z DEBUG awase::engine::engine: [diag-engine-active] ime_on=true なのに非活性: reason=Inactive(NotRomajiInput) romaji_capable=false japanese=true user_enabled=true was_active=false input_mode=ObservedEisu
2026-09-21T03:32:51.887679Z DEBUG awase_windows::observer::ime_observer: IME snapshot: japanese=Some(true) ime_on=Some(true) romaji=None conv=Some("0x00000010") guard=false
2026-09-21T03:32:51.887765Z DEBUG awase::journal: ime event seq=408 elapsed_ms=75490 event_kind="ObserverReported"
2026-09-21T03:32:51.887835Z DEBUG awase::engine::engine: [diag-engine-active] ime_on=true なのに非活性: reason=Inactive(NotRomajiInput) romaji_capable=false japanese=true user_enabled=true was_active=false input_mode=ObservedEisu
2026-09-21T03:32:52.160742Z DEBUG awase_windows::runtime::key_pipeline: [engine-input] vk=0x41 KeyDown ts=75762900us delay=0ms state=Idle mods(c=false s=false a=false w=false) gas_ctrl=false phys_ctrl=false extra=0x5350494B pending_drain=0 gate_active=false l_thumb=None r_thumb=None [diag-ctx] ime_o
2026-09-21T03:32:52.160844Z DEBUG awase::engine::engine: [diag-engine-active] ime_on=true なのに非活性: reason=Inactive(NotRomajiInput) romaji_capable=false japanese=true user_enabled=true was_active=false input_mode=ObservedEisu
2026-09-21T03:32:52.161114Z DEBUG awase::journal: key input seq=409 elapsed_ms=75763 vk_code=65 is_down=true injected=true key_class="Char" state_before="Idle" state_after="Idle" decision="PassThrough" physical="Allow" repeat_count=1 last_timestamp_us=75762900 last_elapsed_ms=0
2026-09-21T03:32:52.161399Z DEBUG execute_one{generation=None}: awase_windows::runtime::executor: [reinject] vk=0x41 down (queued passthrough now firing)
2026-09-21T03:32:52.174901Z DEBUG awase_windows::tsf::gji_monitor: [gji-io] WRITE: w_ops=+2 w_KB=+0.7 (r_ops=+4 x_ops=+4 x_KB=+0.0)
2026-09-21T03:32:52.349679Z DEBUG awase_windows::runtime::key_pipeline: [engine-input] vk=0x41 KeyUp ts=75952056us delay=0ms state=Idle mods(c=false s=false a=false w=false) gas_ctrl=false phys_ctrl=false extra=0x5350494B pending_drain=0 gate_active=false l_thumb=None r_thumb=None [diag-ctx] ime_on=
2026-09-21T03:32:52.349725Z DEBUG awase::engine::engine: [diag-engine-active] ime_on=true なのに非活性: reason=Inactive(NotRomajiInput) romaji_capable=false japanese=true user_enabled=true was_active=false input_mode=ObservedEisu
2026-09-21T03:32:52.349791Z DEBUG awase::journal: key input seq=410 elapsed_ms=75952 vk_code=65 is_down=false injected=true key_class="Char" state_before="Idle" state_after="Idle" decision="PassThrough" physical="Allow" repeat_count=1 last_timestamp_us=75952056 last_elapsed_ms=0
2026-09-21T03:32:52.349926Z DEBUG execute_one{generation=None}: awase_windows::runtime::executor: [reinject] vk=0x41 up (queued passthrough now firing)
2026-09-21T03:32:52.383370Z DEBUG awase_windows::runtime::ime_refresh: Skipping observer/SSOT write: typing active (idle=31ms)
2026-09-21T03:32:52.383454Z DEBUG awase::engine::engine: [diag-engine-active] ime_on=true なのに非活性: reason=Inactive(NotRomajiInput) romaji_capable=false japanese=true user_enabled=true was_active=false input_mode=ObservedEisu
2026-09-21T03:32:52.885750Z DEBUG awase_windows::observer::ime_observer: IME snapshot: japanese=Some(true) ime_on=Some(true) romaji=None conv=Some("0x00000010") guard=false
2026-09-21T03:32:52.885863Z DEBUG awase::journal: ime event seq=411 elapsed_ms=76488 event_kind="ObserverReported"
2026-09-21T03:32:52.885963Z DEBUG awase::engine::engine: [diag-engine-active] ime_on=true なのに非活性: reason=Inactive(NotRomajiInput) romaji_capable=false japanese=true user_enabled=true was_active=false input_mode=ObservedEisu
2026-09-21T03:32:53.391567Z DEBUG awase_windows::observer::ime_observer: IME snapshot: japanese=Some(true) ime_on=Some(true) romaji=None conv=Some("0x00000010") guard=false
2026-09-21T03:32:53.391681Z DEBUG awase::journal: ime event seq=412 elapsed_ms=76994 event_kind="ObserverReported"
2026-09-21T03:32:53.391748Z DEBUG awase::engine::engine: [diag-engine-active] ime_on=true なのに非活性: reason=Inactive(NotRomajiInput) romaji_capable=false japanese=true user_enabled=true was_active=false input_mode=ObservedEisu
2026-09-21T03:32:53.889317Z DEBUG awase_windows::observer::ime_observer: IME snapshot: japanese=Some(true) ime_on=Some(true) romaji=None conv=Some("0x00000010") guard=false
2026-09-21T03:32:53.889404Z DEBUG awase::journal: ime event seq=413 elapsed_ms=77492 event_kind="ObserverReported"
2026-09-21T03:32:53.889475Z DEBUG awase::engine::engine: [diag-engine-active] ime_on=true なのに非活性: reason=Inactive(NotRomajiInput) romaji_capable=false japanese=true user_enabled=true was_active=false input_mode=ObservedEisu
2026-09-21T03:32:54.061538Z DEBUG awase_windows::runtime::key_pipeline: [engine-input] vk=0x0D KeyDown ts=77663768us delay=0ms state=Idle mods(c=false s=false a=false w=false) gas_ctrl=false phys_ctrl=false extra=0x5350494B pending_drain=0 gate_active=false l_thumb=None r_thumb=None [diag-ctx] ime_o
2026-09-21T03:32:54.061627Z DEBUG awase::engine::engine: [diag-engine-active] ime_on=true なのに非活性: reason=Inactive(NotRomajiInput) romaji_capable=false japanese=true user_enabled=true was_active=false input_mode=ObservedEisu
2026-09-21T03:32:54.061747Z DEBUG awase::journal: key input seq=414 elapsed_ms=77664 vk_code=13 is_down=true injected=true key_class="Passthrough" state_before="Idle" state_after="Idle" decision="PassThrough" physical="Allow" repeat_count=1 last_timestamp_us=77663768 last_elapsed_ms=0
2026-09-21T03:32:54.061914Z DEBUG execute_from_hook: awase_windows::runtime::executor: [relay-passthrough] PassThrough idle: direct OS pass-through (vk=0x0d down)
2026-09-21T03:32:54.062048Z DEBUG execute_one{generation=None}: awase_windows::runtime::executor: [reinject] vk=0x0d down (queued passthrough now firing)
2026-09-21T03:32:54.068889Z  INFO awase_windows::tsf::win_event_obs: [gji-obs] candidate HIDE: last_gji_write=1907ms ago
2026-09-21T03:32:54.076113Z DEBUG awase_windows::tsf::gji_monitor: [gji-io] WRITE: w_ops=+2 w_KB=+0.4 (r_ops=+4 x_ops=+4 x_KB=+0.0)
2026-09-21T03:32:54.187584Z DEBUG awase_windows::runtime::key_pipeline: [engine-input] vk=0x0D KeyUp ts=77789768us delay=0ms state=Idle mods(c=false s=false a=false w=false) gas_ctrl=false phys_ctrl=false extra=0x5350494B pending_drain=0 gate_active=false l_thumb=None r_thumb=None [diag-ctx] ime_on=
2026-09-21T03:32:54.187664Z DEBUG awase::engine::engine: [diag-engine-active] ime_on=true なのに非活性: reason=Inactive(NotRomajiInput) romaji_capable=false japanese=true user_enabled=true was_active=false input_mode=ObservedEisu
2026-09-21T03:32:54.187778Z DEBUG awase::journal: key input seq=415 elapsed_ms=77790 vk_code=13 is_down=false injected=true key_class="Passthrough" state_before="Idle" state_after="Idle" decision="PassThrough" physical="Allow" repeat_count=1 last_timestamp_us=77789768 last_elapsed_ms=0
2026-09-21T03:32:54.187941Z DEBUG execute_from_hook: awase_windows::runtime::executor: [relay-passthrough] PassThrough idle: direct OS pass-through (vk=0x0d up)
2026-09-21T03:32:54.188064Z DEBUG execute_one{generation=None}: awase_windows::runtime::executor: [reinject] vk=0x0d up (queued passthrough now firing)
2026-09-21T03:32:54.190192Z DEBUG awase_windows::platform: [gji-fsm] EndComposition (candidate HIDE) epoch=FocusEpoch(5)
2026-09-21T03:32:54.190392Z DEBUG awase::journal: gji fsm transition seq=416 elapsed_ms=77792 trigger="EndComposition(candidate HIDE, epoch=FocusEpoch(5))" state_before="OnComposing(Warm)" state_after="OnWarm"
2026-09-21T03:32:54.393873Z DEBUG awase_windows::runtime::ime_refresh: Skipping observer/SSOT write: typing active (idle=203ms)
2026-09-21T03:32:54.393940Z DEBUG awase::engine::engine: [diag-engine-active] ime_on=true なのに非活性: reason=Inactive(NotRomajiInput) romaji_capable=false japanese=true user_enabled=true was_active=false input_mode=ObservedEisu
2026-09-21T03:32:54.893692Z DEBUG awase_windows::observer::ime_observer: IME snapshot: japanese=Some(true) ime_on=Some(true) romaji=None conv=Some("0x00000010") guard=false
2026-09-21T03:32:54.893753Z DEBUG awase::journal: ime event seq=417 elapsed_ms=78496 event_kind="ObserverReported"
2026-09-21T03:32:54.893807Z DEBUG awase::engine::engine: [diag-engine-active] ime_on=true なのに非活性: reason=Inactive(NotRomajiInput) romaji_capable=false japanese=true user_enabled=true was_active=false input_mode=ObservedEisu
2026-09-21T03:32:55.391970Z DEBUG awase_windows::observer::ime_observer: IME snapshot: japanese=Some(true) ime_on=Some(true) romaji=None conv=Some("0x00000010") guard=false
2026-09-21T03:32:55.392055Z DEBUG awase::journal: ime event seq=418 elapsed_ms=78994 event_kind="ObserverReported"
2026-09-21T03:32:55.392122Z DEBUG awase::engine::engine: [diag-engine-active] ime_on=true なのに非活性: reason=Inactive(NotRomajiInput) romaji_capable=false japanese=true user_enabled=true was_active=false input_mode=ObservedEisu
2026-09-21T03:32:55.897713Z DEBUG awase_windows::observer::ime_observer: IME snapshot: japanese=Some(true) ime_on=Some(true) romaji=None conv=Some("0x00000010") guard=false
2026-09-21T03:32:55.897836Z DEBUG awase::journal: ime event seq=419 elapsed_ms=79500 event_kind="ObserverReported"
2026-09-21T03:32:55.897970Z DEBUG awase::engine::engine: [diag-engine-active] ime_on=true なのに非活性: reason=Inactive(NotRomajiInput) romaji_capable=false japanese=true user_enabled=true was_active=false input_mode=ObservedEisu
2026-09-21T03:32:56.002995Z DEBUG awase_windows::hook: [hook] IME-mode vk=0xF0 up self_injected=false injected=false scan=0x70 extra=0x5350494B since_actuation_us=Some(68332691)
2026-09-21T03:32:56.003127Z DEBUG awase::journal: hook ime-mode diagnostic seq=420 elapsed_ms=79605 vk_code=240 is_down=false self_injected=false injected=false scan=112
2026-09-21T03:32:56.003272Z DEBUG awase_windows::hook: [hook] IME-mode vk=0xF2 down self_injected=false injected=true scan=0x70 extra=0x5350494B since_actuation_us=Some(68332981)
2026-09-21T03:32:56.003300Z DEBUG awase_windows::runtime::key_pipeline: [engine-input] vk=0xF0 KeyUp ts=79605706us delay=0ms state=Idle mods(c=false s=false a=false w=false) gas_ctrl=false phys_ctrl=false extra=0x5350494B pending_drain=0 gate_active=false l_thumb=None r_thumb=None [diag-ctx] ime_on=
2026-09-21T03:32:56.003339Z DEBUG awase::engine::engine: [diag-engine-active] ime_on=true なのに非活性: reason=Inactive(NotRomajiInput) romaji_capable=false japanese=true user_enabled=true was_active=false input_mode=ObservedEisu
2026-09-21T03:32:56.003409Z DEBUG awase::journal: key input seq=421 elapsed_ms=79606 vk_code=240 is_down=false injected=false key_class="Passthrough" state_before="Idle" state_after="Idle" decision="PassThrough" physical="Allow" repeat_count=1 last_timestamp_us=79605706 last_elapsed_ms=0
2026-09-21T03:32:56.003499Z DEBUG execute_from_hook: awase_windows::runtime::executor: [relay-passthrough] PassThrough idle: direct OS pass-through (vk=0xf0 up)
2026-09-21T03:32:56.003561Z DEBUG awase::journal: hook ime-mode diagnostic seq=422 elapsed_ms=79606 vk_code=242 is_down=true self_injected=false injected=true scan=112
2026-09-21T03:32:56.003644Z DEBUG awase_windows::runtime::key_pipeline: [engine-input] vk=0xF2 KeyDown ts=79605903us delay=0ms state=Idle mods(c=false s=false a=false w=false) gas_ctrl=false phys_ctrl=false extra=0x5350494B pending_drain=0 gate_active=false l_thumb=None r_thumb=None [diag-ctx] ime_o
2026-09-21T03:32:56.003747Z DEBUG awase::engine::engine: [diag-engine-active] ime_on=true なのに非活性: reason=Inactive(NotRomajiInput) romaji_capable=false japanese=true user_enabled=true was_active=false input_mode=ObservedEisu
2026-09-21T03:32:56.003809Z DEBUG awase::journal: key input seq=423 elapsed_ms=79606 vk_code=242 is_down=true injected=true key_class="Passthrough" state_before="Idle" state_after="Idle" decision="PassThrough" physical="Allow" repeat_count=1 last_timestamp_us=79605903 last_elapsed_ms=0
2026-09-21T03:32:56.003880Z DEBUG awase_windows::runtime::key_pipeline: may_change_ime key passed through → IME refresh scheduled (20ms)
2026-09-21T03:32:56.003948Z DEBUG execute_from_hook: awase_windows::runtime::transport: [relay-defer] PassThrough deferred: pending effects, reinject(vk=0xf2 down)
2026-09-21T03:32:56.004021Z DEBUG execute_one{generation=None}: awase_windows::runtime::executor: [reinject] vk=0xf0 up (queued passthrough now firing)
2026-09-21T03:32:56.004084Z DEBUG execute_one{generation=None}: awase_windows::runtime::executor: [reinject] vk=0xf2 down (queued passthrough now firing)
2026-09-21T03:32:56.004241Z DEBUG awase_windows::hook: [hook] IME-mode vk=0xF0 up self_injected=true injected=false scan=0x0 extra=0x4B45594D since_actuation_us=Some(68333949)
2026-09-21T03:32:56.005496Z DEBUG awase_windows::hook: [hook] IME-mode vk=0xF2 down self_injected=true injected=true scan=0x0 extra=0x4B45594D since_actuation_us=Some(68335201)
2026-09-21T03:32:56.007135Z DEBUG awase::journal: hook ime-mode diagnostic seq=424 elapsed_ms=79609 vk_code=240 is_down=false self_injected=true injected=false scan=0
2026-09-21T03:32:56.007168Z DEBUG awase::journal: hook ime-mode diagnostic seq=425 elapsed_ms=79609 vk_code=242 is_down=true self_injected=true injected=true scan=0
2026-09-21T03:32:56.017790Z DEBUG awase_windows::tsf::gji_monitor: [gji-io] WRITE: w_ops=+2 w_KB=+0.0 (r_ops=+4 x_ops=+4 x_KB=+0.0)
2026-09-21T03:32:56.036104Z DEBUG awase_windows::runtime::ime_refresh: Skipping observer/SSOT write: typing active (idle=32ms)
2026-09-21T03:32:56.036187Z DEBUG awase::engine::engine: [diag-engine-active] ime_on=true なのに非活性: reason=Inactive(NotRomajiInput) romaji_capable=false japanese=true user_enabled=true was_active=false input_mode=ObservedEisu
2026-09-21T03:32:56.526108Z  INFO awase_windows::observer::ime_observer: IME input method changed: kana → romaji (focused_class=Some("Edit"))
2026-09-21T03:32:56.526124Z DEBUG awase_windows::observer::ime_observer: IME snapshot: japanese=Some(true) ime_on=Some(true) romaji=Some(true) conv=Some("0x00000019") guard=false
2026-09-21T03:32:56.526236Z DEBUG awase::journal: ime event seq=426 elapsed_ms=80128 event_kind="ObserverReported"
2026-09-21T03:32:56.526268Z DEBUG awase::journal: ime event seq=427 elapsed_ms=80128 event_kind="InputModeObserved"
2026-09-21T03:32:56.526341Z  INFO awase::engine::engine: Engine activated (ime=true, romaji=true, japanese=true, user=true, reason=Active)
2026-09-21T03:32:56.526444Z DEBUG execute_from_loop:execute_one{generation=None}:dispatch_ime_set_open{open=true generation=None}: awase_windows::runtime::executor: [dispatch-ime] ImmCross async: optimistic applied_snapshot=true (suppress send_engine_state_ime_key)
2026-09-21T03:32:56.527863Z DEBUG execute_from_loop:execute_one{generation=None}: awase_windows::platform: [engine-state-key] suppressed (polling/focus-triggered, enabled=true)
2026-09-21T03:32:56.529973Z DEBUG run_open_chain_async: awase_windows::ime_controller: [warrant-shadow] chain=async open=true origin=EventOrigin { source: SelfActuated { strategy: "engine_decision_async" }, epoch: Generation(0) } warranted
2026-09-21T03:32:56.530050Z  INFO run_open_chain_async:imm_cross_write{open=true}: awase_windows::runtime::open_chain: [apply-ime] ImmCross async: open=true composition_active=false show_seq=0 change_seq=0 (issue #138診断)
2026-09-21T03:32:56.532397Z DEBUG awase_windows::shadow_send_trace: [shadow-send] channel=ImeControl cmd=0x0006 lparam=1 issue_us=80134562
2026-09-21T03:32:56.532471Z DEBUG awase_windows::ime: set_ime_open_for_target: hwnd=HWND(0x8091c) ime_wnd=HWND(0xf086a) open=true success=true send_elapsed=0ms candidate_visible=false
2026-09-21T03:32:56.533250Z DEBUG run_open_chain_async:imm_cross_write{open=true}: awase_windows::ime: [imm-cross-actuate] hwnd=HWND(0x8091c) open=Written conv=Some(Written)
2026-09-21T03:32:56.533300Z DEBUG run_open_chain_async:imm_cross_write{open=true}: awase_windows::runtime::open_chain: [apply-ime] ROMAN 補完結果: Written
2026-09-21T03:32:56.533364Z DEBUG run_open_chain_async: awase::journal: actuation decision seq=428 elapsed_ms=80136 site="DispatchImeSetOpen" caller="None" open=true chain_len=4 attempts_len=1 gate_profile="Standard" gate_kind="Gji" gate_shadow_known=true gate_shadow_on=true gate_input_mode="Observe
2026-09-21T03:32:56.533534Z DEBUG on_ime_apply_complete{open=true outcome=AppliedWithoutSendInput generation=None reason=EngineDecision}: awase::journal: ime open applied seq=429 elapsed_ms=80136 open=true outcome="AppliedWithoutSendInput" reason="EngineDecision"
2026-09-21T03:32:56.533619Z DEBUG on_ime_apply_complete{open=true outcome=AppliedWithoutSendInput generation=None reason=EngineDecision}: awase_windows::tsf::ime_mode_fsm: [ime-mode] SetOpen(true) applied → Hiragana (belief, unconfirmed)
2026-09-21T03:32:56.533649Z DEBUG on_ime_apply_complete{open=true outcome=AppliedWithoutSendInput generation=None reason=EngineDecision}: awase_windows::platform: [composition] ImeEffect::SetOpen(true) → marking cold
2026-09-21T03:32:56.533672Z DEBUG on_ime_apply_complete{open=true outcome=AppliedWithoutSendInput generation=None reason=EngineDecision}: awase_windows::tsf::probe: [composition] marked cold reason=SetOpenTrue idle=17828ms → next VK/TSF output will send VK_DBE_HIRAGANA warmup
2026-09-21T03:32:56.533724Z DEBUG on_ime_apply_complete{open=true outcome=AppliedWithoutSendInput generation=None reason=EngineDecision}:gji_on_event{event=ImeOn { injection_mode: Unicode, gji_idle_ms: 516 }}: awase_windows::tsf::gji_fsm: [gji-fsm] ImeOn: already on (OnWarm), ignored
2026-09-21T03:32:56.533840Z DEBUG awase::journal: gji fsm transition seq=430 elapsed_ms=80136 trigger="ImeOn(gji_idle_ms=516)" state_before="OnWarm" state_after="OnWarm"
2026-09-21T03:32:56.558776Z DEBUG awase_windows::observer::ime_observer: IME snapshot: japanese=Some(true) ime_on=Some(true) romaji=Some(true) conv=Some("0x00000019") guard=false
2026-09-21T03:32:56.558888Z DEBUG awase::journal: ime event seq=431 elapsed_ms=80161 event_kind="ObserverReported"
2026-09-21T03:32:56.558936Z DEBUG awase::journal: ime event seq=432 elapsed_ms=80161 event_kind="InputModeObserved"
2026-09-21T03:32:57.058965Z DEBUG awase_windows::observer::ime_observer: IME snapshot: japanese=Some(true) ime_on=Some(true) romaji=Some(true) conv=Some("0x00000019") guard=false
2026-09-21T03:32:57.059055Z DEBUG awase::journal: ime event seq=433 elapsed_ms=80661 event_kind="ObserverReported"
2026-09-21T03:32:57.059083Z DEBUG awase::journal: ime event seq=434 elapsed_ms=80661 event_kind="InputModeObserved"
2026-09-21T03:32:57.556118Z DEBUG awase_windows::observer::ime_observer: IME snapshot: japanese=Some(true) ime_on=Some(true) romaji=Some(true) conv=Some("0x00000019") guard=false
2026-09-21T03:32:57.556269Z DEBUG awase::journal: ime event seq=435 elapsed_ms=81158 event_kind="ObserverReported"
2026-09-21T03:32:57.556310Z DEBUG awase::journal: ime event seq=436 elapsed_ms=81159 event_kind="InputModeObserved"
2026-09-21T03:32:57.943992Z DEBUG awase_windows::hook: [hook] IME-mode vk=0xF2 down self_injected=false injected=true scan=0x70 extra=0x5350494B since_actuation_us=Some(70273680)
2026-09-21T03:32:57.944176Z DEBUG awase::journal: hook ime-mode diagnostic seq=437 elapsed_ms=81546 vk_code=242 is_down=true self_injected=false injected=true scan=112
2026-09-21T03:32:57.944403Z DEBUG awase_windows::runtime::key_pipeline: [engine-input] vk=0xF2 KeyDown ts=81546684us delay=0ms state=Idle mods(c=false s=false a=false w=false) gas_ctrl=false phys_ctrl=false extra=0x5350494B pending_drain=0 gate_active=false l_thumb=None r_thumb=None [diag-ctx] ime_o
2026-09-21T03:32:57.944481Z DEBUG awase::journal: key input seq=438 elapsed_ms=81547 vk_code=242 is_down=true injected=true key_class="Passthrough" state_before="Idle" state_after="Idle" decision="PassThrough" physical="Allow" repeat_count=1 last_timestamp_us=81546684 last_elapsed_ms=0
2026-09-21T03:32:57.944541Z DEBUG awase_windows::runtime::key_pipeline: may_change_ime key passed through → IME refresh scheduled (20ms)
2026-09-21T03:32:57.944604Z DEBUG execute_from_hook: awase_windows::runtime::executor: [relay-passthrough] PassThrough idle: direct OS pass-through (vk=0xf2 down)
2026-09-21T03:32:57.944682Z DEBUG execute_one{generation=None}: awase_windows::runtime::executor: [reinject] vk=0xf2 down (queued passthrough now firing)
2026-09-21T03:32:57.944777Z DEBUG awase_windows::hook: [hook] IME-mode vk=0xF2 down self_injected=true injected=true scan=0x0 extra=0x4B45594D since_actuation_us=Some(70274490)
2026-09-21T03:32:57.945940Z DEBUG awase::journal: hook ime-mode diagnostic seq=439 elapsed_ms=81548 vk_code=242 is_down=true self_injected=true injected=true scan=0
2026-09-21T03:32:57.959559Z DEBUG awase_windows::tsf::gji_monitor: [gji-io] WRITE: w_ops=+2 w_KB=+0.0 (r_ops=+4 x_ops=+4 x_KB=+0.0)
2026-09-21T03:32:57.977545Z DEBUG awase_windows::runtime::ime_refresh: Skipping observer/SSOT write: typing active (idle=31ms)
2026-09-21T03:32:58.482628Z DEBUG awase_windows::observer::ime_observer: IME snapshot: japanese=Some(true) ime_on=Some(true) romaji=None conv=Some("0x00000010") guard=false
2026-09-21T03:32:58.482734Z DEBUG awase::journal: ime event seq=440 elapsed_ms=82085 event_kind="ObserverReported"
2026-09-21T03:32:58.482778Z DEBUG awase::journal: ime event seq=441 elapsed_ms=82085 event_kind="InputModeObserved"
2026-09-21T03:32:58.482855Z DEBUG awase::engine::engine: [diag-engine-active] ime_on=true なのに非活性: reason=Inactive(NotRomajiInput) romaji_capable=false japanese=true user_enabled=true was_active=true input_mode=ObservedEisu
2026-09-21T03:32:58.482907Z  INFO awase::engine::engine: Engine deactivated (ime=true, romaji=false, japanese=true, user=true, reason=Inactive(NotRomajiInput))
2026-09-21T03:32:58.989139Z DEBUG awase_windows::observer::ime_observer: IME snapshot: japanese=Some(true) ime_on=Some(true) romaji=None conv=Some("0x00000010") guard=false
2026-09-21T03:32:58.989309Z DEBUG awase::journal: ime event seq=442 elapsed_ms=82592 event_kind="ObserverReported"
2026-09-21T03:32:58.989400Z DEBUG awase::engine::engine: [diag-engine-active] ime_on=true なのに非活性: reason=Inactive(NotRomajiInput) romaji_capable=false japanese=true user_enabled=true was_active=false input_mode=ObservedEisu
2026-09-21T03:32:59.495962Z DEBUG awase_windows::observer::ime_observer: IME snapshot: japanese=Some(true) ime_on=Some(true) romaji=None conv=Some("0x00000010") guard=false
2026-09-21T03:32:59.496035Z DEBUG awase::journal: ime event seq=443 elapsed_ms=83098 event_kind="ObserverReported"
2026-09-21T03:32:59.496100Z DEBUG awase::engine::engine: [diag-engine-active] ime_on=true なのに非活性: reason=Inactive(NotRomajiInput) romaji_capable=false japanese=true user_enabled=true was_active=false input_mode=ObservedEisu
2026-09-21T03:32:59.848139Z DEBUG awase_windows::hook: [hook] IME-mode vk=0xF0 up self_injected=false injected=false scan=0x70 extra=0x5350494B since_actuation_us=Some(72177828)
2026-09-21T03:32:59.848391Z DEBUG awase::journal: hook ime-mode diagnostic seq=444 elapsed_ms=83451 vk_code=240 is_down=false self_injected=false injected=false scan=112
2026-09-21T03:32:59.848654Z DEBUG awase_windows::runtime::key_pipeline: [engine-input] vk=0xF0 KeyUp ts=83450861us delay=0ms state=Idle mods(c=false s=false a=false w=false) gas_ctrl=false phys_ctrl=false extra=0x5350494B pending_drain=0 gate_active=false l_thumb=None r_thumb=None [diag-ctx] ime_on=
2026-09-21T03:32:59.848704Z DEBUG awase::engine::engine: [diag-engine-active] ime_on=true なのに非活性: reason=Inactive(NotRomajiInput) romaji_capable=false japanese=true user_enabled=true was_active=false input_mode=ObservedEisu
2026-09-21T03:32:59.848791Z DEBUG awase::journal: key input seq=445 elapsed_ms=83451 vk_code=240 is_down=false injected=false key_class="Passthrough" state_before="Idle" state_after="Idle" decision="PassThrough" physical="Allow" repeat_count=1 last_timestamp_us=83450861 last_elapsed_ms=0
2026-09-21T03:32:59.848904Z DEBUG execute_from_hook: awase_windows::runtime::executor: [relay-passthrough] PassThrough idle: direct OS pass-through (vk=0xf0 up)
2026-09-21T03:32:59.848976Z DEBUG awase_windows::hook: [hook] IME-mode vk=0xF2 down self_injected=false injected=true scan=0x70 extra=0x5350494B since_actuation_us=Some(72178688)
2026-09-21T03:32:59.849081Z DEBUG execute_one{generation=None}: awase_windows::runtime::executor: [reinject] vk=0xf0 up (queued passthrough now firing)
2026-09-21T03:32:59.849200Z DEBUG awase::journal: hook ime-mode diagnostic seq=446 elapsed_ms=83451 vk_code=242 is_down=true self_injected=false injected=true scan=112
2026-09-21T03:32:59.849430Z DEBUG awase_windows::runtime::key_pipeline: [engine-input] vk=0xF2 KeyDown ts=83451761us delay=0ms state=Idle mods(c=false s=false a=false w=false) gas_ctrl=false phys_ctrl=false extra=0x5350494B pending_drain=0 gate_active=false l_thumb=None r_thumb=None [diag-ctx] ime_o
2026-09-21T03:32:59.849473Z DEBUG awase::engine::engine: [diag-engine-active] ime_on=true なのに非活性: reason=Inactive(NotRomajiInput) romaji_capable=false japanese=true user_enabled=true was_active=false input_mode=ObservedEisu
2026-09-21T03:32:59.849538Z DEBUG awase::journal: key input seq=447 elapsed_ms=83452 vk_code=242 is_down=true injected=true key_class="Passthrough" state_before="Idle" state_after="Idle" decision="PassThrough" physical="Allow" repeat_count=1 last_timestamp_us=83451761 last_elapsed_ms=0
2026-09-21T03:32:59.849668Z DEBUG awase_windows::runtime::key_pipeline: may_change_ime key passed through → IME refresh scheduled (20ms)
2026-09-21T03:32:59.849757Z DEBUG execute_from_hook: awase_windows::runtime::executor: [relay-passthrough] PassThrough idle: direct OS pass-through (vk=0xf2 down)
2026-09-21T03:32:59.849915Z DEBUG execute_one{generation=None}: awase_windows::runtime::executor: [reinject] vk=0xf2 down (queued passthrough now firing)
2026-09-21T03:32:59.850037Z DEBUG awase_windows::hook: [hook] IME-mode vk=0xF0 up self_injected=true injected=false scan=0x0 extra=0x4B45594D since_actuation_us=Some(72179748)
2026-09-21T03:32:59.851629Z DEBUG awase_windows::hook: [hook] IME-mode vk=0xF2 down self_injected=true injected=true scan=0x0 extra=0x4B45594D since_actuation_us=Some(72181320)
2026-09-21T03:32:59.852447Z DEBUG awase::journal: hook ime-mode diagnostic seq=448 elapsed_ms=83455 vk_code=240 is_down=false self_injected=true injected=false scan=0
2026-09-21T03:32:59.852470Z DEBUG awase::journal: hook ime-mode diagnostic seq=449 elapsed_ms=83455 vk_code=242 is_down=true self_injected=true injected=true scan=0
2026-09-21T03:32:59.862619Z DEBUG awase_windows::tsf::gji_monitor: [gji-io] WRITE: w_ops=+2 w_KB=+0.0 (r_ops=+4 x_ops=+4 x_KB=+0.0)
2026-09-21T03:32:59.900177Z DEBUG awase_windows::runtime::ime_refresh: Skipping observer/SSOT write: typing active (idle=47ms)
2026-09-21T03:32:59.900257Z DEBUG awase::engine::engine: [diag-engine-active] ime_on=true なのに非活性: reason=Inactive(NotRomajiInput) romaji_capable=false japanese=true user_enabled=true was_active=false input_mode=ObservedEisu
2026-09-21T03:33:00.410594Z  INFO awase_windows::observer::ime_observer: IME input method changed: kana → romaji (focused_class=Some("Edit"))
2026-09-21T03:33:00.410612Z DEBUG awase_windows::observer::ime_observer: IME snapshot: japanese=Some(true) ime_on=Some(true) romaji=Some(true) conv=Some("0x00000019") guard=false
2026-09-21T03:33:00.410696Z DEBUG awase::journal: ime event seq=450 elapsed_ms=84013 event_kind="ObserverReported"
2026-09-21T03:33:00.410732Z DEBUG awase::journal: ime event seq=451 elapsed_ms=84013 event_kind="InputModeObserved"
2026-09-21T03:33:00.410795Z  INFO awase::engine::engine: Engine activated (ime=true, romaji=true, japanese=true, user=true, reason=Active)
2026-09-21T03:33:00.410919Z DEBUG execute_from_loop:execute_one{generation=None}:dispatch_ime_set_open{open=true generation=None}: awase_windows::runtime::executor: [dispatch-ime] ImmCross async: optimistic applied_snapshot=true (suppress send_engine_state_ime_key)
2026-09-21T03:33:00.412186Z DEBUG execute_from_loop:execute_one{generation=None}: awase_windows::platform: [engine-state-key] suppressed (polling/focus-triggered, enabled=true)
2026-09-21T03:33:00.414019Z DEBUG run_open_chain_async: awase_windows::ime_controller: [warrant-shadow] chain=async open=true origin=EventOrigin { source: SelfActuated { strategy: "engine_decision_async" }, epoch: Generation(0) } warranted
2026-09-21T03:33:00.414122Z  INFO run_open_chain_async:imm_cross_write{open=true}: awase_windows::runtime::open_chain: [apply-ime] ImmCross async: open=true composition_active=false show_seq=0 change_seq=0 (issue #138診断)
2026-09-21T03:33:00.416097Z DEBUG awase_windows::shadow_send_trace: [shadow-send] channel=ImeControl cmd=0x0006 lparam=1 issue_us=84018436
2026-09-21T03:33:00.416114Z DEBUG awase_windows::ime: set_ime_open_for_target: hwnd=HWND(0x8091c) ime_wnd=HWND(0xf086a) open=true success=true send_elapsed=0ms candidate_visible=false
2026-09-21T03:33:00.416280Z DEBUG run_open_chain_async:imm_cross_write{open=true}: awase_windows::ime: [imm-cross-actuate] hwnd=HWND(0x8091c) open=Written conv=Some(Written)
2026-09-21T03:33:00.416325Z DEBUG run_open_chain_async:imm_cross_write{open=true}: awase_windows::runtime::open_chain: [apply-ime] ROMAN 補完結果: Written
2026-09-21T03:33:00.416381Z DEBUG run_open_chain_async: awase::journal: actuation decision seq=452 elapsed_ms=84019 site="DispatchImeSetOpen" caller="None" open=true chain_len=4 attempts_len=1 gate_profile="Standard" gate_kind="Gji" gate_shadow_known=true gate_shadow_on=true gate_input_mode="Observe
2026-09-21T03:33:00.416562Z DEBUG on_ime_apply_complete{open=true outcome=AppliedWithoutSendInput generation=None reason=EngineDecision}: awase::journal: ime open applied seq=453 elapsed_ms=84019 open=true outcome="AppliedWithoutSendInput" reason="EngineDecision"
2026-09-21T03:33:00.416638Z DEBUG on_ime_apply_complete{open=true outcome=AppliedWithoutSendInput generation=None reason=EngineDecision}: awase_windows::tsf::ime_mode_fsm: [ime-mode] SetOpen(true) applied → Hiragana (belief, unconfirmed)
2026-09-21T03:33:00.416665Z DEBUG on_ime_apply_complete{open=true outcome=AppliedWithoutSendInput generation=None reason=EngineDecision}: awase_windows::platform: [composition] ImeEffect::SetOpen(true) → marking cold
2026-09-21T03:33:00.416687Z DEBUG on_ime_apply_complete{open=true outcome=AppliedWithoutSendInput generation=None reason=EngineDecision}: awase_windows::tsf::probe: [composition] marked cold reason=SetOpenTrue idle=21718ms → next VK/TSF output will send VK_DBE_HIRAGANA warmup
2026-09-21T03:33:00.416735Z DEBUG on_ime_apply_complete{open=true outcome=AppliedWithoutSendInput generation=None reason=EngineDecision}:gji_on_event{event=ImeOn { injection_mode: Unicode, gji_idle_ms: 562 }}: awase_windows::tsf::gji_fsm: [gji-fsm] ImeOn: already on (OnWarm), ignored
2026-09-21T03:33:00.416842Z DEBUG awase::journal: gji fsm transition seq=454 elapsed_ms=84019 trigger="ImeOn(gji_idle_ms=562)" state_before="OnWarm" state_after="OnWarm"
2026-09-21T03:33:00.457275Z DEBUG awase_windows::observer::ime_observer: IME snapshot: japanese=Some(true) ime_on=Some(true) romaji=Some(true) conv=Some("0x00000019") guard=false
2026-09-21T03:33:00.457368Z DEBUG awase::journal: ime event seq=455 elapsed_ms=84060 event_kind="ObserverReported"
2026-09-21T03:33:00.457410Z DEBUG awase::journal: ime event seq=456 elapsed_ms=84060 event_kind="InputModeObserved"
2026-09-21T03:33:00.703370Z DEBUG awase_windows::tsf::gji_monitor: [gji-io] WRITE: w_ops=+2 w_KB=+0.0 (r_ops=+3 x_ops=+7 x_KB=+0.0)
2026-09-21T03:33:00.719184Z DEBUG awase_windows::tsf::gji_monitor: [gji-io] r_ops=+0 w_ops=+0 x_ops=+4 read_KB=+0.0 x_KB=+0.0
2026-09-21T03:33:00.750804Z DEBUG awase_windows::tsf::gji_monitor: [gji-io] WRITE: w_ops=+3 w_KB=+576.3 (r_ops=+0 x_ops=+23 x_KB=+0.0)
2026-09-21T03:33:00.766903Z DEBUG awase_windows::tsf::gji_monitor: [gji-io] r_ops=+0 w_ops=+0 x_ops=+60 read_KB=+0.0 x_KB=+0.0
2026-09-21T03:33:00.960541Z DEBUG awase_windows::observer::ime_observer: IME snapshot: japanese=Some(true) ime_on=Some(true) romaji=Some(true) conv=Some("0x00000019") guard=false
2026-09-21T03:33:00.960618Z DEBUG awase::journal: ime event seq=457 elapsed_ms=84563 event_kind="ObserverReported"
2026-09-21T03:33:00.960647Z DEBUG awase::journal: ime event seq=458 elapsed_ms=84563 event_kind="InputModeObserved"
2026-09-21T03:33:01.570712Z DEBUG awase_windows::observer::ime_observer: IME snapshot: japanese=Some(true) ime_on=None romaji=Some(true) conv=Some("0x00000019") guard=false
2026-09-21T03:33:01.570809Z DEBUG awase::journal: ime event seq=459 elapsed_ms=85173 event_kind="InputModeObserved"
2026-09-21T03:33:01.773140Z DEBUG awase_windows::runtime::key_pipeline: [engine-input] vk=0x4B KeyDown ts=85375531us delay=0ms state=Idle mods(c=false s=false a=false w=false) gas_ctrl=false phys_ctrl=false extra=0x5350494B pending_drain=0 gate_active=false l_thumb=None r_thumb=None [diag-ctx] ime_o
2026-09-21T03:33:01.773251Z DEBUG awase::journal: key input seq=460 elapsed_ms=85375 vk_code=75 is_down=true injected=true key_class="Char" state_before="Idle" state_after="PendingChar(vk=0x4B)" decision="Consume" physical="Allow" repeat_count=1 last_timestamp_us=85375531 last_elapsed_ms=0
2026-09-21T03:33:01.881540Z DEBUG execute_from_loop:execute_one{generation=None}: awase_windows::output: send_keys: mode=Unicode actions=[Char('き')] prev_elapsed=23187ms
2026-09-21T03:33:01.881570Z DEBUG execute_from_loop:execute_one{generation=None}: awase_windows::tsf::probe: [mark-send] last_send_ms=53592937
2026-09-21T03:33:01.881589Z DEBUG execute_from_loop:execute_one{generation=None}: awase_windows::output:   → Char('き') via Unicode
2026-09-21T03:33:01.883257Z DEBUG execute_from_loop:execute_one{generation=None}: awase_windows::tsf::probe: [mark-send] last_send_ms=53592937
2026-09-21T03:33:01.887698Z  INFO awase_windows::tsf::win_event_obs: [gji-obs] candidate SHOW #6: last_gji_write=1141ms ago
2026-09-21T03:33:01.897364Z DEBUG awase_windows::tsf::gji_monitor: [gji-io] WRITE: w_ops=+2 w_KB=+0.3 (r_ops=+4 x_ops=+4 x_KB=+0.0)
2026-09-21T03:33:01.899904Z DEBUG awase_windows::runtime::key_pipeline: [engine-input] vk=0x4B KeyUp ts=85502288us delay=0ms state=Idle mods(c=false s=false a=false w=false) gas_ctrl=false phys_ctrl=false extra=0x5350494B pending_drain=0 gate_active=false l_thumb=None r_thumb=None [diag-ctx] ime_on=
2026-09-21T03:33:01.900003Z DEBUG awase::journal: key input seq=462 elapsed_ms=85502 vk_code=75 is_down=false injected=true key_class="Char" state_before="Idle" state_after="Idle" decision="Consume" physical="Allow" repeat_count=1 last_timestamp_us=85502288 last_elapsed_ms=0
2026-09-21T03:33:01.900531Z DEBUG execute_one{generation=None}: awase_windows::output: send_keys: mode=Unicode actions=[Suppress] prev_elapsed=16ms
2026-09-21T03:33:01.900574Z DEBUG execute_one{generation=None}: awase_windows::tsf::probe: [mark-send] last_send_ms=53592953
2026-09-21T03:33:01.900593Z DEBUG execute_one{generation=None}: awase_windows::output:   → Suppress
2026-09-21T03:33:01.900609Z DEBUG execute_one{generation=None}: awase_windows::tsf::probe: [mark-send] last_send_ms=53592953
2026-09-21T03:33:01.900666Z DEBUG execute_one{generation=None}: awase_windows::platform: [gji-fsm] StartComposition (candidate SHOW)
2026-09-21T03:33:01.900707Z DEBUG execute_one{generation=None}:gji_on_event{event=StartComposition}: awase_windows::tsf::gji_fsm: [gji-fsm] StartComposition: OnWarm → OnComposing(AlreadyWarm)
2026-09-21T03:33:01.900849Z DEBUG awase::journal: gji fsm transition seq=463 elapsed_ms=85503 trigger="StartComposition(candidate SHOW)" state_before="OnWarm" state_after="OnComposing(Warm)"
2026-09-21T03:33:02.075881Z DEBUG awase_windows::runtime::ime_refresh: Skipping observer/SSOT write: typing active (idle=172ms)
2026-09-21T03:33:02.572697Z DEBUG awase_windows::observer::ime_observer: IME snapshot: japanese=Some(true) ime_on=Some(true) romaji=Some(true) conv=Some("0x00000019") guard=false
2026-09-21T03:33:02.572781Z DEBUG awase::journal: ime event seq=464 elapsed_ms=86175 event_kind="ObserverReported"
2026-09-21T03:33:02.572816Z DEBUG awase::journal: ime event seq=465 elapsed_ms=86175 event_kind="InputModeObserved"
2026-09-21T03:33:03.079220Z DEBUG awase_windows::observer::ime_observer: IME snapshot: japanese=Some(true) ime_on=Some(true) romaji=Some(true) conv=Some("0x00000019") guard=false
2026-09-21T03:33:03.079290Z DEBUG awase::journal: ime event seq=466 elapsed_ms=86681 event_kind="ObserverReported"
2026-09-21T03:33:03.079316Z DEBUG awase::journal: ime event seq=467 elapsed_ms=86682 event_kind="InputModeObserved"
2026-09-21T03:33:03.576425Z DEBUG awase_windows::observer::ime_observer: IME snapshot: japanese=Some(true) ime_on=Some(true) romaji=Some(true) conv=Some("0x00000019") guard=false
2026-09-21T03:33:03.576487Z DEBUG awase::journal: ime event seq=468 elapsed_ms=87179 event_kind="ObserverReported"
2026-09-21T03:33:03.576509Z DEBUG awase::journal: ime event seq=469 elapsed_ms=87179 event_kind="InputModeObserved"
2026-09-21T03:33:03.713934Z DEBUG awase_windows::runtime::key_pipeline: [engine-input] vk=0x41 KeyDown ts=87316211us delay=0ms state=Idle mods(c=false s=false a=false w=false) gas_ctrl=false phys_ctrl=false extra=0x5350494B pending_drain=0 gate_active=false l_thumb=None r_thumb=None [diag-ctx] ime_o
2026-09-21T03:33:03.714086Z DEBUG awase::journal: key input seq=470 elapsed_ms=87316 vk_code=65 is_down=true injected=true key_class="Char" state_before="Idle" state_after="PendingChar(vk=0x41)" decision="Consume" physical="Allow" repeat_count=1 last_timestamp_us=87316211 last_elapsed_ms=0
2026-09-21T03:33:03.821993Z DEBUG execute_from_loop:execute_one{generation=None}: awase_windows::output: send_keys: mode=Unicode actions=[Char('う')] prev_elapsed=1922ms
2026-09-21T03:33:03.822022Z DEBUG execute_from_loop:execute_one{generation=None}: awase_windows::tsf::probe: [mark-send] last_send_ms=53594875
2026-09-21T03:33:03.822042Z DEBUG execute_from_loop:execute_one{generation=None}: awase_windows::output:   → Char('う') via Unicode
2026-09-21T03:33:03.827028Z DEBUG execute_from_loop:execute_one{generation=None}: awase_windows::tsf::probe: [mark-send] last_send_ms=53594875
2026-09-21T03:33:03.828494Z DEBUG awase_windows::tsf::gji_monitor: [gji-io] WRITE: w_ops=+2 w_KB=+0.5 (r_ops=+4 x_ops=+4 x_KB=+0.0)
2026-09-21T03:33:03.840894Z DEBUG awase_windows::runtime::key_pipeline: [engine-input] vk=0x41 KeyUp ts=87442523us delay=0ms state=Idle mods(c=false s=false a=false w=false) gas_ctrl=false phys_ctrl=false extra=0x5350494B pending_drain=0 gate_active=false l_thumb=None r_thumb=None [diag-ctx] ime_on=
2026-09-21T03:33:03.840982Z DEBUG awase::journal: key input seq=472 elapsed_ms=87443 vk_code=65 is_down=false injected=true key_class="Char" state_before="Idle" state_after="Idle" decision="Consume" physical="Allow" repeat_count=1 last_timestamp_us=87442523 last_elapsed_ms=0
2026-09-21T03:33:03.841080Z DEBUG execute_one{generation=None}: awase_windows::output: send_keys: mode=Unicode actions=[Suppress] prev_elapsed=15ms
2026-09-21T03:33:03.841103Z DEBUG execute_one{generation=None}: awase_windows::tsf::probe: [mark-send] last_send_ms=53594890
2026-09-21T03:33:03.841115Z DEBUG execute_one{generation=None}: awase_windows::output:   → Suppress
2026-09-21T03:33:03.841124Z DEBUG execute_one{generation=None}: awase_windows::tsf::probe: [mark-send] last_send_ms=53594890
2026-09-21T03:33:04.072938Z DEBUG awase_windows::runtime::ime_refresh: Skipping observer/SSOT write: typing active (idle=235ms)
2026-09-21T03:33:04.576925Z DEBUG awase_windows::observer::ime_observer: IME snapshot: japanese=Some(true) ime_on=Some(true) romaji=Some(true) conv=Some("0x00000019") guard=false
2026-09-21T03:33:04.577038Z DEBUG awase::journal: ime event seq=473 elapsed_ms=88179 event_kind="ObserverReported"
2026-09-21T03:33:04.577085Z DEBUG awase::journal: ime event seq=474 elapsed_ms=88179 event_kind="InputModeObserved"
2026-09-21T03:33:05.074390Z DEBUG awase_windows::observer::ime_observer: IME snapshot: japanese=Some(true) ime_on=Some(true) romaji=Some(true) conv=Some("0x00000019") guard=false
2026-09-21T03:33:05.074458Z DEBUG awase::journal: ime event seq=475 elapsed_ms=88677 event_kind="ObserverReported"
2026-09-21T03:33:05.074480Z DEBUG awase::journal: ime event seq=476 elapsed_ms=88677 event_kind="InputModeObserved"
2026-09-21T03:33:05.573516Z DEBUG awase_windows::observer::ime_observer: IME snapshot: japanese=Some(true) ime_on=Some(true) romaji=Some(true) conv=Some("0x00000019") guard=false
2026-09-21T03:33:05.573575Z DEBUG awase::journal: ime event seq=477 elapsed_ms=89176 event_kind="ObserverReported"
2026-09-21T03:33:05.573597Z DEBUG awase::journal: ime event seq=478 elapsed_ms=89176 event_kind="InputModeObserved"
2026-09-21T03:33:05.650247Z DEBUG awase_windows::runtime::key_pipeline: [engine-input] vk=0x1B KeyDown ts=89252332us delay=0ms state=Idle mods(c=false s=false a=false w=false) gas_ctrl=false phys_ctrl=false extra=0x5350494B pending_drain=0 gate_active=false l_thumb=None r_thumb=None [diag-ctx] ime_o
2026-09-21T03:33:05.650444Z DEBUG awase::journal: key input seq=479 elapsed_ms=89253 vk_code=27 is_down=true injected=true key_class="Passthrough" state_before="Idle" state_after="Idle" decision="PassThrough" physical="Allow" repeat_count=1 last_timestamp_us=89252332 last_elapsed_ms=0
2026-09-21T03:33:05.650624Z DEBUG execute_from_hook: awase_windows::runtime::executor: [relay-passthrough] PassThrough idle: direct OS pass-through (vk=0x1b down)
2026-09-21T03:33:05.650762Z DEBUG execute_one{generation=None}: awase_windows::runtime::executor: [reinject] vk=0x1b down (queued passthrough now firing)
2026-09-21T03:33:05.658960Z  INFO awase_windows::tsf::win_event_obs: [gji-obs] candidate HIDE: last_gji_write=1828ms ago
2026-09-21T03:33:05.663222Z DEBUG awase_windows::tsf::gji_monitor: [gji-io] WRITE: w_ops=+2 w_KB=+0.3 (r_ops=+4 x_ops=+4 x_KB=+0.0)
2026-09-21T03:33:05.771929Z DEBUG awase_windows::runtime::key_pipeline: [engine-input] vk=0x1B KeyUp ts=89374031us delay=0ms state=Idle mods(c=false s=false a=false w=false) gas_ctrl=false phys_ctrl=false extra=0x5350494B pending_drain=0 gate_active=false l_thumb=None r_thumb=None [diag-ctx] ime_on=
2026-09-21T03:33:05.772113Z DEBUG awase::journal: key input seq=480 elapsed_ms=89374 vk_code=27 is_down=false injected=true key_class="Passthrough" state_before="Idle" state_after="Idle" decision="PassThrough" physical="Allow" repeat_count=1 last_timestamp_us=89374031 last_elapsed_ms=0
2026-09-21T03:33:05.772239Z DEBUG execute_from_hook: awase_windows::runtime::executor: [relay-passthrough] PassThrough idle: direct OS pass-through (vk=0x1b up)
2026-09-21T03:33:05.772329Z DEBUG execute_one{generation=None}: awase_windows::runtime::executor: [reinject] vk=0x1b up (queued passthrough now firing)
2026-09-21T03:33:05.774413Z DEBUG awase_windows::platform: [gji-fsm] EndComposition (candidate HIDE) epoch=FocusEpoch(6)
2026-09-21T03:33:05.774750Z DEBUG awase::journal: gji fsm transition seq=481 elapsed_ms=89377 trigger="EndComposition(candidate HIDE, epoch=FocusEpoch(6))" state_before="OnComposing(Warm)" state_after="OnWarm"
2026-09-21T03:33:06.070877Z DEBUG awase_windows::runtime::ime_refresh: Skipping observer/SSOT write: typing active (idle=297ms)
2026-09-21T03:33:06.573628Z DEBUG awase_windows::observer::ime_observer: IME snapshot: japanese=Some(true) ime_on=Some(true) romaji=Some(true) conv=Some("0x00000019") guard=false
2026-09-21T03:33:06.573702Z DEBUG awase::journal: ime event seq=482 elapsed_ms=90176 event_kind="ObserverReported"
2026-09-21T03:33:06.573727Z DEBUG awase::journal: ime event seq=483 elapsed_ms=90176 event_kind="InputModeObserved"
2026-09-21T03:33:07.073252Z DEBUG awase_windows::observer::ime_observer: IME snapshot: japanese=Some(true) ime_on=Some(true) romaji=Some(true) conv=Some("0x00000019") guard=false
2026-09-21T03:33:07.073315Z DEBUG awase::journal: ime event seq=484 elapsed_ms=90676 event_kind="ObserverReported"
2026-09-21T03:33:07.073338Z DEBUG awase::journal: ime event seq=485 elapsed_ms=90676 event_kind="InputModeObserved"
2026-09-21T03:33:07.572599Z DEBUG awase_windows::observer::ime_observer: IME snapshot: japanese=Some(true) ime_on=Some(true) romaji=Some(true) conv=Some("0x00000019") guard=false
2026-09-21T03:33:07.572690Z DEBUG awase::journal: ime event seq=486 elapsed_ms=91175 event_kind="ObserverReported"
2026-09-21T03:33:07.572728Z DEBUG awase::journal: ime event seq=487 elapsed_ms=91175 event_kind="InputModeObserved"
2026-09-21T03:33:07.600557Z DEBUG awase_windows::runtime::key_pipeline: [engine-input] vk=0x4B KeyDown ts=91202943us delay=0ms state=Idle mods(c=false s=false a=false w=false) gas_ctrl=false phys_ctrl=false extra=0x5350494B pending_drain=0 gate_active=false l_thumb=None r_thumb=None [diag-ctx] ime_o
2026-09-21T03:33:07.600663Z DEBUG awase::journal: key input seq=488 elapsed_ms=91203 vk_code=75 is_down=true injected=true key_class="Char" state_before="Idle" state_after="PendingChar(vk=0x4B)" decision="Consume" physical="Allow" repeat_count=1 last_timestamp_us=91202943 last_elapsed_ms=0
2026-09-21T03:33:07.710736Z DEBUG execute_from_loop:execute_one{generation=None}: awase_windows::output: send_keys: mode=Unicode actions=[Char('き')] prev_elapsed=3875ms
2026-09-21T03:33:07.710761Z DEBUG execute_from_loop:execute_one{generation=None}: awase_windows::tsf::probe: [mark-send] last_send_ms=53598765
2026-09-21T03:33:07.710776Z DEBUG execute_from_loop:execute_one{generation=None}: awase_windows::output:   → Char('き') via Unicode
2026-09-21T03:33:07.714184Z DEBUG execute_from_loop:execute_one{generation=None}: awase_windows::tsf::probe: [mark-send] last_send_ms=53598765
2026-09-21T03:33:07.717483Z  INFO awase_windows::tsf::win_event_obs: [gji-obs] candidate SHOW #7: last_gji_write=2047ms ago
2026-09-21T03:33:07.725571Z DEBUG awase_windows::runtime::key_pipeline: [engine-input] vk=0x4B KeyUp ts=91327929us delay=0ms state=Idle mods(c=false s=false a=false w=false) gas_ctrl=false phys_ctrl=false extra=0x5350494B pending_drain=0 gate_active=false l_thumb=None r_thumb=None [diag-ctx] ime_on=
2026-09-21T03:33:07.725661Z DEBUG awase::journal: key input seq=490 elapsed_ms=91328 vk_code=75 is_down=false injected=true key_class="Char" state_before="Idle" state_after="Idle" decision="Consume" physical="Allow" repeat_count=1 last_timestamp_us=91327929 last_elapsed_ms=0
2026-09-21T03:33:07.725899Z DEBUG execute_one{generation=None}: awase_windows::output: send_keys: mode=Unicode actions=[Suppress] prev_elapsed=16ms
2026-09-21T03:33:07.725955Z DEBUG execute_one{generation=None}: awase_windows::tsf::probe: [mark-send] last_send_ms=53598781
2026-09-21T03:33:07.725967Z DEBUG execute_one{generation=None}: awase_windows::output:   → Suppress
2026-09-21T03:33:07.725976Z DEBUG execute_one{generation=None}: awase_windows::tsf::probe: [mark-send] last_send_ms=53598781
2026-09-21T03:33:07.726011Z DEBUG execute_one{generation=None}: awase_windows::platform: [gji-fsm] StartComposition (candidate SHOW)
2026-09-21T03:33:07.726031Z DEBUG execute_one{generation=None}:gji_on_event{event=StartComposition}: awase_windows::tsf::gji_fsm: [gji-fsm] StartComposition: OnWarm → OnComposing(AlreadyWarm)
2026-09-21T03:33:07.726115Z DEBUG awase::journal: gji fsm transition seq=491 elapsed_ms=91328 trigger="StartComposition(candidate SHOW)" state_before="OnWarm" state_after="OnComposing(Warm)"
2026-09-21T03:33:07.726244Z DEBUG awase_windows::tsf::gji_monitor: [gji-io] WRITE: w_ops=+2 w_KB=+0.3 (r_ops=+4 x_ops=+4 x_KB=+0.0)
2026-09-21T03:33:08.073028Z DEBUG awase_windows::runtime::ime_refresh: Skipping observer/SSOT write: typing active (idle=344ms)
2026-09-21T03:33:08.576544Z DEBUG awase_windows::observer::ime_observer: IME snapshot: japanese=Some(true) ime_on=Some(true) romaji=Some(true) conv=Some("0x00000019") guard=false
2026-09-21T03:33:08.576622Z DEBUG awase::journal: ime event seq=492 elapsed_ms=92179 event_kind="ObserverReported"
2026-09-21T03:33:08.576649Z DEBUG awase::journal: ime event seq=493 elapsed_ms=92179 event_kind="InputModeObserved"
2026-09-21T03:33:09.078150Z DEBUG awase_windows::observer::ime_observer: IME snapshot: japanese=Some(true) ime_on=Some(true) romaji=Some(true) conv=Some("0x00000019") guard=false
2026-09-21T03:33:09.078238Z DEBUG awase::journal: ime event seq=494 elapsed_ms=92680 event_kind="ObserverReported"
2026-09-21T03:33:09.078274Z DEBUG awase::journal: ime event seq=495 elapsed_ms=92680 event_kind="InputModeObserved"
2026-09-21T03:33:09.546219Z DEBUG awase_windows::hook: [hook] IME-mode vk=0xF2 down self_injected=false injected=true scan=0x70 extra=0x5350494B since_actuation_us=Some(81875909)
2026-09-21T03:33:09.546482Z DEBUG awase::journal: hook ime-mode diagnostic seq=496 elapsed_ms=93149 vk_code=242 is_down=true self_injected=false injected=true scan=112
2026-09-21T03:33:09.546750Z DEBUG awase_windows::runtime::key_pipeline: [engine-input] vk=0xF2 KeyDown ts=93148996us delay=0ms state=Idle mods(c=false s=false a=false w=false) gas_ctrl=false phys_ctrl=false extra=0x5350494B pending_drain=0 gate_active=false l_thumb=None r_thumb=None [diag-ctx] ime_o
2026-09-21T03:33:09.546874Z DEBUG awase::journal: key input seq=497 elapsed_ms=93149 vk_code=242 is_down=true injected=true key_class="Passthrough" state_before="Idle" state_after="Idle" decision="PassThrough" physical="Allow" repeat_count=1 last_timestamp_us=93148996 last_elapsed_ms=0
2026-09-21T03:33:09.546970Z DEBUG awase_windows::runtime::key_pipeline: may_change_ime key passed through → IME refresh scheduled (20ms)
2026-09-21T03:33:09.547068Z DEBUG execute_from_hook: awase_windows::runtime::executor: [relay-passthrough] PassThrough idle: direct OS pass-through (vk=0xf2 down)
2026-09-21T03:33:09.547162Z DEBUG execute_one{generation=None}: awase_windows::runtime::executor: [reinject] vk=0xf2 down (queued passthrough now firing)
2026-09-21T03:33:09.547315Z DEBUG awase_windows::hook: [hook] IME-mode vk=0xF2 down self_injected=true injected=true scan=0x0 extra=0x4B45594D since_actuation_us=Some(81877025)
2026-09-21T03:33:09.549113Z DEBUG awase::journal: hook ime-mode diagnostic seq=498 elapsed_ms=93151 vk_code=242 is_down=true self_injected=true injected=true scan=0
2026-09-21T03:33:09.561973Z DEBUG awase_windows::tsf::gji_monitor: [gji-io] WRITE: w_ops=+2 w_KB=+0.5 (r_ops=+4 x_ops=+4 x_KB=+0.0)
2026-09-21T03:33:09.583861Z DEBUG awase_windows::runtime::ime_refresh: Skipping observer/SSOT write: typing active (idle=47ms)
2026-09-21T03:33:10.093653Z DEBUG awase_windows::observer::ime_observer: IME snapshot: japanese=Some(true) ime_on=Some(true) romaji=None conv=Some("0x00000010") guard=false
2026-09-21T03:33:10.093715Z DEBUG awase::journal: ime event seq=499 elapsed_ms=93696 event_kind="ObserverReported"
2026-09-21T03:33:10.093737Z DEBUG awase::journal: ime event seq=500 elapsed_ms=93696 event_kind="InputModeObserved"
2026-09-21T03:33:10.093784Z DEBUG awase::engine::engine: [diag-engine-active] ime_on=true なのに非活性: reason=Inactive(NotRomajiInput) romaji_capable=false japanese=true user_enabled=true was_active=true input_mode=ObservedEisu
2026-09-21T03:33:10.093826Z  INFO awase::engine::engine: Engine deactivated (ime=true, romaji=false, japanese=true, user=true, reason=Inactive(NotRomajiInput))
2026-09-21T03:33:10.592954Z DEBUG awase_windows::observer::ime_observer: IME snapshot: japanese=Some(true) ime_on=Some(true) romaji=None conv=Some("0x00000010") guard=false
2026-09-21T03:33:10.593050Z DEBUG awase::journal: ime event seq=501 elapsed_ms=94195 event_kind="ObserverReported"
2026-09-21T03:33:10.593140Z DEBUG awase::engine::engine: [diag-engine-active] ime_on=true なのに非活性: reason=Inactive(NotRomajiInput) romaji_capable=false japanese=true user_enabled=true was_active=false input_mode=ObservedEisu
2026-09-21T03:33:11.094454Z DEBUG awase_windows::observer::ime_observer: IME snapshot: japanese=Some(true) ime_on=Some(true) romaji=None conv=Some("0x00000010") guard=false
2026-09-21T03:33:11.094546Z DEBUG awase::journal: ime event seq=502 elapsed_ms=94697 event_kind="ObserverReported"
2026-09-21T03:33:11.094620Z DEBUG awase::engine::engine: [diag-engine-active] ime_on=true なのに非活性: reason=Inactive(NotRomajiInput) romaji_capable=false japanese=true user_enabled=true was_active=false input_mode=ObservedEisu
2026-09-21T03:33:11.480512Z DEBUG awase_windows::runtime::key_pipeline: [engine-input] vk=0x1D KeyDown ts=95082853us delay=0ms state=Idle mods(c=false s=false a=false w=false) gas_ctrl=false phys_ctrl=false extra=0x5350494B pending_drain=0 gate_active=false l_thumb=None r_thumb=None [diag-ctx] ime_o
2026-09-21T03:33:11.480560Z DEBUG awase::engine::engine: [diag-engine-active] ime_on=true なのに非活性: reason=Inactive(NotRomajiInput) romaji_capable=false japanese=true user_enabled=true was_active=false input_mode=ObservedEisu
2026-09-21T03:33:11.480624Z DEBUG awase::journal: key input seq=503 elapsed_ms=95083 vk_code=29 is_down=true injected=true key_class="LeftThumb" state_before="Idle" state_after="Idle" decision="PassThrough" physical="Allow" repeat_count=1 last_timestamp_us=95082853 last_elapsed_ms=0
2026-09-21T03:33:11.480754Z DEBUG execute_one{generation=None}: awase_windows::runtime::executor: [reinject] vk=0x1d down (queued passthrough now firing)
2026-09-21T03:33:11.496008Z DEBUG awase_windows::tsf::gji_monitor: [gji-io] WRITE: w_ops=+2 w_KB=+0.5 (r_ops=+4 x_ops=+4 x_KB=+0.0)
2026-09-21T03:33:11.596420Z DEBUG awase_windows::runtime::ime_refresh: Skipping observer/SSOT write: typing active (idle=109ms)
2026-09-21T03:33:11.596528Z DEBUG awase::engine::engine: [diag-engine-active] ime_on=true なのに非活性: reason=Inactive(NotRomajiInput) romaji_capable=false japanese=true user_enabled=true was_active=false input_mode=ObservedEisu
2026-09-21T03:33:11.607780Z DEBUG awase_windows::runtime::key_pipeline: [engine-input] vk=0x1D KeyUp ts=95209944us delay=0ms state=Idle mods(c=false s=false a=false w=false) gas_ctrl=false phys_ctrl=false extra=0x5350494B pending_drain=0 gate_active=false l_thumb=None r_thumb=None [diag-ctx] ime_on=
2026-09-21T03:33:11.607860Z DEBUG awase::engine::engine: [diag-engine-active] ime_on=true なのに非活性: reason=Inactive(NotRomajiInput) romaji_capable=false japanese=true user_enabled=true was_active=false input_mode=ObservedEisu
2026-09-21T03:33:11.607982Z DEBUG awase::journal: key input seq=504 elapsed_ms=95210 vk_code=29 is_down=false injected=true key_class="LeftThumb" state_before="Idle" state_after="Idle" decision="PassThrough" physical="Allow" repeat_count=1 last_timestamp_us=95209944 last_elapsed_ms=0
2026-09-21T03:33:11.608201Z DEBUG execute_one{generation=None}: awase_windows::runtime::executor: [reinject] vk=0x1d up (queued passthrough now firing)
2026-09-21T03:33:12.095474Z DEBUG awase_windows::runtime::ime_refresh: Skipping observer/SSOT write: typing active (idle=484ms)
2026-09-21T03:33:12.095560Z DEBUG awase::engine::engine: [diag-engine-active] ime_on=true なのに非活性: reason=Inactive(NotRomajiInput) romaji_capable=false japanese=true user_enabled=true was_active=false input_mode=ObservedEisu
2026-09-21T03:33:12.593509Z  INFO awase_windows::observer::ime_observer: IME input method changed: kana → romaji (focused_class=Some("Edit"))
2026-09-21T03:33:12.593528Z DEBUG awase_windows::observer::ime_observer: IME snapshot: japanese=Some(true) ime_on=Some(true) romaji=Some(true) conv=Some("0x00000019") guard=false
2026-09-21T03:33:12.593618Z DEBUG awase::journal: ime event seq=505 elapsed_ms=96196 event_kind="ObserverReported"
2026-09-21T03:33:12.593657Z DEBUG awase::journal: ime event seq=506 elapsed_ms=96196 event_kind="InputModeObserved"
2026-09-21T03:33:12.593726Z  INFO awase::engine::engine: Engine activated (ime=true, romaji=true, japanese=true, user=true, reason=Active)
2026-09-21T03:33:12.593859Z DEBUG execute_from_loop:execute_one{generation=None}:dispatch_ime_set_open{open=true generation=None}: awase_windows::runtime::executor: [dispatch-ime] ImmCross async: optimistic applied_snapshot=true (suppress send_engine_state_ime_key)
2026-09-21T03:33:12.595156Z DEBUG execute_from_loop:execute_one{generation=None}: awase_windows::platform: [engine-state-key] suppressed (polling/focus-triggered, enabled=true)
2026-09-21T03:33:12.597942Z DEBUG run_open_chain_async: awase_windows::ime_controller: [warrant-shadow] chain=async open=true origin=EventOrigin { source: SelfActuated { strategy: "engine_decision_async" }, epoch: Generation(0) } warranted
2026-09-21T03:33:12.598032Z  INFO run_open_chain_async:imm_cross_write{open=true}: awase_windows::runtime::open_chain: [apply-ime] ImmCross async: open=true composition_active=false show_seq=0 change_seq=0 (issue #138診断)
2026-09-21T03:33:12.599629Z DEBUG awase_windows::shadow_send_trace: [shadow-send] channel=ImeControl cmd=0x0006 lparam=1 issue_us=96201972
2026-09-21T03:33:12.599647Z DEBUG awase_windows::ime: set_ime_open_for_target: hwnd=HWND(0x8091c) ime_wnd=HWND(0xf086a) open=true success=true send_elapsed=0ms candidate_visible=true
2026-09-21T03:33:12.600085Z DEBUG run_open_chain_async:imm_cross_write{open=true}: awase_windows::ime: [imm-cross-actuate] hwnd=HWND(0x8091c) open=Written conv=Some(Written)
2026-09-21T03:33:12.600132Z DEBUG run_open_chain_async:imm_cross_write{open=true}: awase_windows::runtime::open_chain: [apply-ime] ROMAN 補完結果: Written
2026-09-21T03:33:12.600188Z DEBUG run_open_chain_async: awase::journal: actuation decision seq=507 elapsed_ms=96202 site="DispatchImeSetOpen" caller="None" open=true chain_len=4 attempts_len=1 gate_profile="Standard" gate_kind="Gji" gate_shadow_known=true gate_shadow_on=true gate_input_mode="Observe
2026-09-21T03:33:12.600344Z DEBUG on_ime_apply_complete{open=true outcome=AppliedWithoutSendInput generation=None reason=EngineDecision}: awase::journal: ime open applied seq=508 elapsed_ms=96203 open=true outcome="AppliedWithoutSendInput" reason="EngineDecision"
2026-09-21T03:33:12.600430Z DEBUG on_ime_apply_complete{open=true outcome=AppliedWithoutSendInput generation=None reason=EngineDecision}: awase_windows::tsf::ime_mode_fsm: [ime-mode] SetOpen(true) applied → Hiragana (belief, unconfirmed)
2026-09-21T03:33:12.600459Z DEBUG on_ime_apply_complete{open=true outcome=AppliedWithoutSendInput generation=None reason=EngineDecision}: awase_windows::platform: [composition] ImeEffect::SetOpen(true) → marking cold
2026-09-21T03:33:12.600482Z DEBUG on_ime_apply_complete{open=true outcome=AppliedWithoutSendInput generation=None reason=EngineDecision}: awase_windows::tsf::probe: [composition] marked cold reason=SetOpenTrue idle=4875ms → next VK/TSF output will send VK_DBE_HIRAGANA warmup
2026-09-21T03:33:12.600531Z DEBUG on_ime_apply_complete{open=true outcome=AppliedWithoutSendInput generation=None reason=EngineDecision}:gji_on_event{event=ImeOn { injection_mode: Unicode, gji_idle_ms: 1110 }}: awase_windows::tsf::gji_fsm: [gji-fsm] ImeOn: already on (OnComposing(Warm)), ignored
2026-09-21T03:33:12.600644Z DEBUG awase::journal: gji fsm transition seq=509 elapsed_ms=96203 trigger="ImeOn(gji_idle_ms=1110)" state_before="OnComposing(Warm)" state_after="OnComposing(Warm)"
2026-09-21T03:33:12.640449Z DEBUG awase_windows::observer::ime_observer: IME snapshot: japanese=Some(true) ime_on=Some(true) romaji=Some(true) conv=Some("0x00000019") guard=false
2026-09-21T03:33:12.640586Z DEBUG awase::journal: ime event seq=510 elapsed_ms=96243 event_kind="ObserverReported"
2026-09-21T03:33:12.640623Z DEBUG awase::journal: ime event seq=511 elapsed_ms=96243 event_kind="InputModeObserved"
2026-09-21T03:33:13.152733Z DEBUG awase_windows::observer::ime_observer: IME snapshot: japanese=Some(true) ime_on=Some(true) romaji=Some(true) conv=Some("0x00000019") guard=false
2026-09-21T03:33:13.152824Z DEBUG awase::journal: ime event seq=512 elapsed_ms=96755 event_kind="ObserverReported"
2026-09-21T03:33:13.152862Z DEBUG awase::journal: ime event seq=513 elapsed_ms=96755 event_kind="InputModeObserved"
2026-09-21T03:33:13.413056Z DEBUG awase_windows::runtime::key_pipeline: [engine-input] vk=0x41 KeyDown ts=97015455us delay=0ms state=Idle mods(c=false s=false a=false w=false) gas_ctrl=false phys_ctrl=false extra=0x5350494B pending_drain=0 gate_active=false l_thumb=None r_thumb=None [diag-ctx] ime_o
2026-09-21T03:33:13.413163Z DEBUG awase::journal: key input seq=514 elapsed_ms=97015 vk_code=65 is_down=true injected=true key_class="Char" state_before="Idle" state_after="PendingChar(vk=0x41)" decision="Consume" physical="Allow" repeat_count=1 last_timestamp_us=97015455 last_elapsed_ms=0
2026-09-21T03:33:13.522929Z DEBUG execute_from_loop:execute_one{generation=None}: awase_windows::output: send_keys: mode=Unicode actions=[Char('う')] prev_elapsed=5797ms
2026-09-21T03:33:13.522957Z DEBUG execute_from_loop:execute_one{generation=None}: awase_windows::tsf::probe: [mark-send] last_send_ms=53604578
2026-09-21T03:33:13.522976Z DEBUG execute_from_loop:execute_one{generation=None}: awase_windows::output:   → Char('う') via Unicode
2026-09-21T03:33:13.524678Z DEBUG execute_from_loop:execute_one{generation=None}: awase_windows::tsf::probe: [mark-send] last_send_ms=53604578
2026-09-21T03:33:13.538421Z DEBUG awase_windows::tsf::gji_monitor: [gji-io] WRITE: w_ops=+2 w_KB=+0.5 (r_ops=+4 x_ops=+4 x_KB=+0.0)
2026-09-21T03:33:13.540870Z DEBUG awase_windows::runtime::key_pipeline: [engine-input] vk=0x41 KeyUp ts=97143241us delay=0ms state=Idle mods(c=false s=false a=false w=false) gas_ctrl=false phys_ctrl=false extra=0x5350494B pending_drain=0 gate_active=false l_thumb=None r_thumb=None [diag-ctx] ime_on=
2026-09-21T03:33:13.540983Z DEBUG awase::journal: key input seq=516 elapsed_ms=97143 vk_code=65 is_down=false injected=true key_class="Char" state_before="Idle" state_after="Idle" decision="Consume" physical="Allow" repeat_count=1 last_timestamp_us=97143241 last_elapsed_ms=0
2026-09-21T03:33:13.541143Z DEBUG execute_one{generation=None}: awase_windows::output: send_keys: mode=Unicode actions=[Suppress] prev_elapsed=15ms
2026-09-21T03:33:13.541178Z DEBUG execute_one{generation=None}: awase_windows::tsf::probe: [mark-send] last_send_ms=53604593
2026-09-21T03:33:13.541198Z DEBUG execute_one{generation=None}: awase_windows::output:   → Suppress
2026-09-21T03:33:13.541234Z DEBUG execute_one{generation=None}: awase_windows::tsf::probe: [mark-send] last_send_ms=53604593
2026-09-21T03:33:13.650137Z DEBUG awase_windows::runtime::ime_refresh: Skipping observer/SSOT write: typing active (idle=110ms)
2026-09-21T03:33:14.150668Z DEBUG awase_windows::observer::ime_observer: IME snapshot: japanese=Some(true) ime_on=Some(true) romaji=Some(true) conv=Some("0x00000019") guard=false
2026-09-21T03:33:14.150752Z DEBUG awase::journal: ime event seq=517 elapsed_ms=97753 event_kind="ObserverReported"
2026-09-21T03:33:14.150787Z DEBUG awase::journal: ime event seq=518 elapsed_ms=97753 event_kind="InputModeObserved"
2026-09-21T03:33:14.656233Z DEBUG awase_windows::observer::ime_observer: IME snapshot: japanese=Some(true) ime_on=Some(true) romaji=Some(true) conv=Some("0x00000019") guard=false
2026-09-21T03:33:14.656302Z DEBUG awase::journal: ime event seq=519 elapsed_ms=98259 event_kind="ObserverReported"
2026-09-21T03:33:14.656331Z DEBUG awase::journal: ime event seq=520 elapsed_ms=98259 event_kind="InputModeObserved"
2026-09-21T03:33:15.159841Z DEBUG awase_windows::observer::ime_observer: IME snapshot: japanese=Some(true) ime_on=Some(true) romaji=Some(true) conv=Some("0x00000019") guard=false
2026-09-21T03:33:15.159914Z DEBUG awase::journal: ime event seq=521 elapsed_ms=98762 event_kind="ObserverReported"
2026-09-21T03:33:15.159941Z DEBUG awase::journal: ime event seq=522 elapsed_ms=98762 event_kind="InputModeObserved"
2026-09-21T03:33:15.359453Z DEBUG awase_windows::runtime::key_pipeline: [engine-input] vk=0x0D KeyDown ts=98961526us delay=0ms state=Idle mods(c=false s=false a=false w=false) gas_ctrl=false phys_ctrl=false extra=0x5350494B pending_drain=0 gate_active=false l_thumb=None r_thumb=None [diag-ctx] ime_o
2026-09-21T03:33:15.359599Z DEBUG awase::journal: key input seq=523 elapsed_ms=98962 vk_code=13 is_down=true injected=true key_class="Passthrough" state_before="Idle" state_after="Idle" decision="PassThrough" physical="Allow" repeat_count=1 last_timestamp_us=98961526 last_elapsed_ms=0
2026-09-21T03:33:15.359712Z DEBUG execute_from_hook: awase_windows::runtime::executor: [relay-passthrough] PassThrough idle: direct OS pass-through (vk=0x0d down)
2026-09-21T03:33:15.359801Z DEBUG execute_one{generation=None}: awase_windows::runtime::executor: [reinject] vk=0x0d down (queued passthrough now firing)
2026-09-21T03:33:15.367739Z  INFO awase_windows::tsf::win_event_obs: [gji-obs] candidate HIDE: last_gji_write=1828ms ago
2026-09-21T03:33:15.372991Z DEBUG awase_windows::tsf::gji_monitor: [gji-io] WRITE: w_ops=+2 w_KB=+0.3 (r_ops=+4 x_ops=+4 x_KB=+0.0)
2026-09-21T03:33:15.482884Z DEBUG awase_windows::runtime::key_pipeline: [engine-input] vk=0x0D KeyUp ts=99085116us delay=0ms state=Idle mods(c=false s=false a=false w=false) gas_ctrl=false phys_ctrl=false extra=0x5350494B pending_drain=0 gate_active=false l_thumb=None r_thumb=None [diag-ctx] ime_on=
2026-09-21T03:33:15.483086Z DEBUG awase::journal: key input seq=524 elapsed_ms=99085 vk_code=13 is_down=false injected=true key_class="Passthrough" state_before="Idle" state_after="Idle" decision="PassThrough" physical="Allow" repeat_count=1 last_timestamp_us=99085116 last_elapsed_ms=0
2026-09-21T03:33:15.483224Z DEBUG execute_from_hook: awase_windows::runtime::executor: [relay-passthrough] PassThrough idle: direct OS pass-through (vk=0x0d up)
2026-09-21T03:33:15.483327Z DEBUG execute_one{generation=None}: awase_windows::runtime::executor: [reinject] vk=0x0d up (queued passthrough now firing)
2026-09-21T03:33:15.485367Z DEBUG awase_windows::platform: [gji-fsm] EndComposition (candidate HIDE) epoch=FocusEpoch(7)
2026-09-21T03:33:15.485560Z DEBUG awase::journal: gji fsm transition seq=525 elapsed_ms=99088 trigger="EndComposition(candidate HIDE, epoch=FocusEpoch(7))" state_before="OnComposing(Warm)" state_after="OnWarm"
2026-09-21T03:33:15.656182Z DEBUG awase_windows::runtime::ime_refresh: Skipping observer/SSOT write: typing active (idle=172ms)
2026-09-21T03:33:16.158779Z DEBUG awase_windows::observer::ime_observer: IME snapshot: japanese=Some(true) ime_on=Some(true) romaji=Some(true) conv=Some("0x00000019") guard=false
2026-09-21T03:33:16.158847Z DEBUG awase::journal: ime event seq=526 elapsed_ms=99761 event_kind="ObserverReported"
2026-09-21T03:33:16.158875Z DEBUG awase::journal: ime event seq=527 elapsed_ms=99761 event_kind="InputModeObserved"
2026-09-21T03:33:16.663998Z DEBUG awase_windows::observer::ime_observer: IME snapshot: japanese=Some(true) ime_on=Some(true) romaji=Some(true) conv=Some("0x00000019") guard=false
2026-09-21T03:33:16.664100Z DEBUG awase::journal: ime event seq=528 elapsed_ms=100266 event_kind="ObserverReported"
2026-09-21T03:33:16.664128Z DEBUG awase::journal: ime event seq=529 elapsed_ms=100266 event_kind="InputModeObserved"
2026-09-21T03:33:17.182319Z DEBUG awase_windows::observer::ime_observer: IME snapshot: japanese=Some(true) ime_on=Some(true) romaji=Some(true) conv=Some("0x00000019") guard=false
2026-09-21T03:33:17.182424Z DEBUG awase::journal: ime event seq=530 elapsed_ms=100785 event_kind="ObserverReported"
2026-09-21T03:33:17.182469Z DEBUG awase::journal: ime event seq=531 elapsed_ms=100785 event_kind="InputModeObserved"
2026-09-21T03:33:17.301028Z DEBUG awase_windows::runtime::key_pipeline: [engine-input] vk=0x4B KeyDown ts=100903268us delay=0ms state=Idle mods(c=false s=false a=false w=false) gas_ctrl=false phys_ctrl=false extra=0x5350494B pending_drain=0 gate_active=false l_thumb=None r_thumb=None [diag-ctx] ime_
2026-09-21T03:33:17.301262Z DEBUG awase::journal: key input seq=532 elapsed_ms=100903 vk_code=75 is_down=true injected=true key_class="Char" state_before="Idle" state_after="PendingChar(vk=0x4B)" decision="Consume" physical="Allow" repeat_count=1 last_timestamp_us=100903268 last_elapsed_ms=0
2026-09-21T03:33:17.410109Z DEBUG execute_from_loop:execute_one{generation=None}: awase_windows::output: send_keys: mode=Unicode actions=[Char('き')] prev_elapsed=3860ms
2026-09-21T03:33:17.410184Z DEBUG execute_from_loop:execute_one{generation=None}: awase_windows::tsf::probe: [mark-send] last_send_ms=53608453
2026-09-21T03:33:17.410237Z DEBUG execute_from_loop:execute_one{generation=None}: awase_windows::output:   → Char('き') via Unicode
2026-09-21T03:33:17.413483Z DEBUG execute_from_loop:execute_one{generation=None}: awase_windows::tsf::probe: [mark-send] last_send_ms=53608468
2026-09-21T03:33:17.422353Z  INFO awase_windows::tsf::win_event_obs: [gji-obs] candidate SHOW #8: last_gji_write=2047ms ago
2026-09-21T03:33:17.424482Z DEBUG awase_windows::tsf::gji_monitor: [gji-io] WRITE: w_ops=+2 w_KB=+0.3 (r_ops=+4 x_ops=+4 x_KB=+0.0)
2026-09-21T03:33:17.433024Z DEBUG awase_windows::runtime::key_pipeline: [engine-input] vk=0x4B KeyUp ts=101035290us delay=0ms state=Idle mods(c=false s=false a=false w=false) gas_ctrl=false phys_ctrl=false extra=0x5350494B pending_drain=0 gate_active=false l_thumb=None r_thumb=None [diag-ctx] ime_on
2026-09-21T03:33:17.433165Z DEBUG awase::journal: key input seq=534 elapsed_ms=101035 vk_code=75 is_down=false injected=true key_class="Char" state_before="Idle" state_after="Idle" decision="Consume" physical="Allow" repeat_count=1 last_timestamp_us=101035290 last_elapsed_ms=0
2026-09-21T03:33:17.433346Z DEBUG execute_one{generation=None}: awase_windows::output: send_keys: mode=Unicode actions=[Suppress] prev_elapsed=16ms
2026-09-21T03:33:17.433382Z DEBUG execute_one{generation=None}: awase_windows::tsf::probe: [mark-send] last_send_ms=53608484
2026-09-21T03:33:17.433404Z DEBUG execute_one{generation=None}: awase_windows::output:   → Suppress
2026-09-21T03:33:17.433422Z DEBUG execute_one{generation=None}: awase_windows::tsf::probe: [mark-send] last_send_ms=53608484
2026-09-21T03:33:17.433479Z DEBUG execute_one{generation=None}: awase_windows::platform: [gji-fsm] StartComposition (candidate SHOW)
2026-09-21T03:33:17.433518Z DEBUG execute_one{generation=None}:gji_on_event{event=StartComposition}: awase_windows::tsf::gji_fsm: [gji-fsm] StartComposition: OnWarm → OnComposing(AlreadyWarm)
2026-09-21T03:33:17.433712Z DEBUG awase::journal: gji fsm transition seq=535 elapsed_ms=101036 trigger="StartComposition(candidate SHOW)" state_before="OnWarm" state_after="OnComposing(Warm)"
2026-09-21T03:33:17.691170Z DEBUG awase_windows::runtime::ime_refresh: Skipping observer/SSOT write: typing active (idle=250ms)
2026-09-21T03:33:18.197614Z DEBUG awase_windows::observer::ime_observer: IME snapshot: japanese=Some(true) ime_on=Some(true) romaji=Some(true) conv=Some("0x00000019") guard=false
2026-09-21T03:33:18.197700Z DEBUG awase::journal: ime event seq=536 elapsed_ms=101800 event_kind="ObserverReported"
2026-09-21T03:33:18.197731Z DEBUG awase::journal: ime event seq=537 elapsed_ms=101800 event_kind="InputModeObserved"
2026-09-21T03:33:18.697038Z DEBUG awase_windows::observer::ime_observer: IME snapshot: japanese=Some(true) ime_on=Some(true) romaji=Some(true) conv=Some("0x00000019") guard=false
2026-09-21T03:33:18.697103Z DEBUG awase::journal: ime event seq=538 elapsed_ms=102299 event_kind="ObserverReported"
2026-09-21T03:33:18.697126Z DEBUG awase::journal: ime event seq=539 elapsed_ms=102299 event_kind="InputModeObserved"
2026-09-21T03:33:19.192315Z DEBUG awase_windows::runtime::key_pipeline: [engine-input] vk=0x41 KeyDown ts=102794697us delay=0ms state=Idle mods(c=false s=false a=false w=false) gas_ctrl=false phys_ctrl=false extra=0x5350494B pending_drain=0 gate_active=false l_thumb=None r_thumb=None [diag-ctx] ime_
2026-09-21T03:33:19.192416Z DEBUG awase::journal: key input seq=540 elapsed_ms=102795 vk_code=65 is_down=true injected=true key_class="Char" state_before="Idle" state_after="PendingChar(vk=0x41)" decision="Consume" physical="Allow" repeat_count=1 last_timestamp_us=102794697 last_elapsed_ms=0
2026-09-21T03:33:19.195654Z DEBUG awase_windows::runtime::ime_refresh: Skipping observer/SSOT write: typing active (idle=0ms)
2026-09-21T03:33:19.317406Z DEBUG execute_from_loop:execute_one{generation=None}: awase_windows::output: send_keys: mode=Unicode actions=[Char('う')] prev_elapsed=1891ms
2026-09-21T03:33:19.317436Z DEBUG execute_from_loop:execute_one{generation=None}: awase_windows::tsf::probe: [mark-send] last_send_ms=53610375
2026-09-21T03:33:19.317456Z DEBUG execute_from_loop:execute_one{generation=None}: awase_windows::output:   → Char('う') via Unicode
2026-09-21T03:33:19.320181Z DEBUG execute_from_loop:execute_one{generation=None}: awase_windows::tsf::probe: [mark-send] last_send_ms=53610375
2026-09-21T03:33:19.320381Z DEBUG awase_windows::runtime::key_pipeline: [engine-input] vk=0x41 KeyUp ts=102920353us delay=2ms state=Idle mods(c=false s=false a=false w=false) gas_ctrl=false phys_ctrl=false extra=0x5350494B pending_drain=0 gate_active=false l_thumb=None r_thumb=None [diag-ctx] ime_on
2026-09-21T03:33:19.320461Z DEBUG awase::journal: key input seq=542 elapsed_ms=102923 vk_code=65 is_down=false injected=true key_class="Char" state_before="Idle" state_after="Idle" decision="Consume" physical="Allow" repeat_count=1 last_timestamp_us=102920353 last_elapsed_ms=0
2026-09-21T03:33:19.320655Z DEBUG execute_one{generation=None}: awase_windows::output: send_keys: mode=Unicode actions=[Suppress] prev_elapsed=0ms
2026-09-21T03:33:19.320679Z DEBUG execute_one{generation=None}: awase_windows::tsf::probe: [mark-send] last_send_ms=53610375
2026-09-21T03:33:19.320696Z DEBUG execute_one{generation=None}: awase_windows::output:   → Suppress
2026-09-21T03:33:19.320711Z DEBUG execute_one{generation=None}: awase_windows::tsf::probe: [mark-send] last_send_ms=53610375
2026-09-21T03:33:19.332969Z DEBUG awase_windows::tsf::gji_monitor: [gji-io] WRITE: w_ops=+2 w_KB=+0.5 (r_ops=+4 x_ops=+4 x_KB=+0.0)
2026-09-21T03:33:19.696042Z DEBUG awase_windows::runtime::ime_refresh: Skipping observer/SSOT write: typing active (idle=375ms)
2026-09-21T03:33:20.198471Z DEBUG awase_windows::observer::ime_observer: IME snapshot: japanese=Some(true) ime_on=Some(true) romaji=Some(true) conv=Some("0x00000019") guard=false
2026-09-21T03:33:20.198540Z DEBUG awase::journal: ime event seq=543 elapsed_ms=103801 event_kind="ObserverReported"
2026-09-21T03:33:20.198564Z DEBUG awase::journal: ime event seq=544 elapsed_ms=103801 event_kind="InputModeObserved"
2026-09-21T03:33:20.700810Z DEBUG awase_windows::observer::ime_observer: IME snapshot: japanese=Some(true) ime_on=Some(true) romaji=Some(true) conv=Some("0x00000019") guard=false
2026-09-21T03:33:20.700896Z DEBUG awase::journal: ime event seq=545 elapsed_ms=104303 event_kind="ObserverReported"
2026-09-21T03:33:20.700932Z DEBUG awase::journal: ime event seq=546 elapsed_ms=104303 event_kind="InputModeObserved"
2026-09-21T03:33:21.124096Z DEBUG awase_windows::runtime::key_pipeline: [engine-input] vk=0x1B KeyDown ts=104726354us delay=0ms state=Idle mods(c=false s=false a=false w=false) gas_ctrl=false phys_ctrl=false extra=0x5350494B pending_drain=0 gate_active=false l_thumb=None r_thumb=None [diag-ctx] ime_
2026-09-21T03:33:21.124248Z DEBUG awase::journal: key input seq=547 elapsed_ms=104726 vk_code=27 is_down=true injected=true key_class="Passthrough" state_before="Idle" state_after="Idle" decision="PassThrough" physical="Allow" repeat_count=1 last_timestamp_us=104726354 last_elapsed_ms=0
2026-09-21T03:33:21.124387Z DEBUG execute_from_hook: awase_windows::runtime::executor: [relay-passthrough] PassThrough idle: direct OS pass-through (vk=0x1b down)
2026-09-21T03:33:21.124492Z DEBUG execute_one{generation=None}: awase_windows::runtime::executor: [reinject] vk=0x1b down (queued passthrough now firing)
2026-09-21T03:33:21.131929Z  INFO awase_windows::tsf::win_event_obs: [gji-obs] candidate HIDE: last_gji_write=1797ms ago
2026-09-21T03:33:21.137330Z DEBUG awase_windows::tsf::gji_monitor: [gji-io] WRITE: w_ops=+2 w_KB=+0.3 (r_ops=+4 x_ops=+4 x_KB=+0.0)
2026-09-21T03:33:21.195996Z DEBUG awase_windows::runtime::ime_refresh: Skipping observer/SSOT write: typing active (idle=79ms)
2026-09-21T03:33:21.247534Z DEBUG awase_windows::runtime::key_pipeline: [engine-input] vk=0x1B KeyUp ts=104849545us delay=0ms state=Idle mods(c=false s=false a=false w=false) gas_ctrl=false phys_ctrl=false extra=0x5350494B pending_drain=0 gate_active=false l_thumb=None r_thumb=None [diag-ctx] ime_on
2026-09-21T03:33:21.247695Z DEBUG awase::journal: key input seq=548 elapsed_ms=104850 vk_code=27 is_down=false injected=true key_class="Passthrough" state_before="Idle" state_after="Idle" decision="PassThrough" physical="Allow" repeat_count=1 last_timestamp_us=104849545 last_elapsed_ms=0
2026-09-21T03:33:21.247902Z DEBUG execute_from_hook: awase_windows::runtime::executor: [relay-passthrough] PassThrough idle: direct OS pass-through (vk=0x1b up)
2026-09-21T03:33:21.248019Z DEBUG execute_one{generation=None}: awase_windows::runtime::executor: [reinject] vk=0x1b up (queued passthrough now firing)
2026-09-21T03:33:21.250039Z DEBUG awase_windows::platform: [gji-fsm] EndComposition (candidate HIDE) epoch=FocusEpoch(8)
2026-09-21T03:33:21.250286Z DEBUG awase::journal: gji fsm transition seq=549 elapsed_ms=104852 trigger="EndComposition(candidate HIDE, epoch=FocusEpoch(8))" state_before="OnComposing(Warm)" state_after="OnWarm"
2026-09-21T03:33:21.710076Z DEBUG awase_windows::runtime::ime_refresh: Skipping observer/SSOT write: typing active (idle=469ms)
2026-09-21T03:33:22.221980Z DEBUG awase_windows::observer::ime_observer: IME snapshot: japanese=Some(true) ime_on=Some(true) romaji=Some(true) conv=Some("0x00000019") guard=false
2026-09-21T03:33:22.222073Z DEBUG awase::journal: ime event seq=550 elapsed_ms=105824 event_kind="ObserverReported"
2026-09-21T03:33:22.222119Z DEBUG awase::journal: ime event seq=551 elapsed_ms=105824 event_kind="InputModeObserved"
2026-09-21T03:33:22.724011Z DEBUG awase_windows::observer::ime_observer: IME snapshot: japanese=Some(true) ime_on=Some(true) romaji=Some(true) conv=Some("0x00000019") guard=false
2026-09-21T03:33:22.724078Z DEBUG awase::journal: ime event seq=552 elapsed_ms=106326 event_kind="ObserverReported"
2026-09-21T03:33:22.724100Z DEBUG awase::journal: ime event seq=553 elapsed_ms=106326 event_kind="InputModeObserved"
2026-09-21T03:33:23.063847Z DEBUG awase_windows::hook: [hook] IME-mode vk=0xF2 down self_injected=false injected=true scan=0x70 extra=0x5350494B since_actuation_us=Some(95393535)
2026-09-21T03:33:23.064074Z DEBUG awase::journal: hook ime-mode diagnostic seq=554 elapsed_ms=106666 vk_code=242 is_down=true self_injected=false injected=true scan=112
2026-09-21T03:33:23.064310Z DEBUG awase_windows::runtime::key_pipeline: [engine-input] vk=0xF2 KeyDown ts=106666563us delay=0ms state=Idle mods(c=false s=false a=false w=false) gas_ctrl=false phys_ctrl=false extra=0x5350494B pending_drain=0 gate_active=false l_thumb=None r_thumb=None [diag-ctx] ime_
2026-09-21T03:33:23.064421Z DEBUG awase::journal: key input seq=555 elapsed_ms=106667 vk_code=242 is_down=true injected=true key_class="Passthrough" state_before="Idle" state_after="Idle" decision="PassThrough" physical="Allow" repeat_count=1 last_timestamp_us=106666563 last_elapsed_ms=0
2026-09-21T03:33:23.064514Z DEBUG awase_windows::runtime::key_pipeline: may_change_ime key passed through → IME refresh scheduled (20ms)
2026-09-21T03:33:23.064604Z DEBUG execute_from_hook: awase_windows::runtime::executor: [relay-passthrough] PassThrough idle: direct OS pass-through (vk=0xf2 down)
2026-09-21T03:33:23.064693Z DEBUG execute_one{generation=None}: awase_windows::runtime::executor: [reinject] vk=0xf2 down (queued passthrough now firing)
2026-09-21T03:33:23.064861Z DEBUG awase_windows::hook: [hook] IME-mode vk=0xF2 down self_injected=true injected=true scan=0x0 extra=0x4B45594D since_actuation_us=Some(95394569)
2026-09-21T03:33:23.067436Z DEBUG awase::journal: hook ime-mode diagnostic seq=556 elapsed_ms=106670 vk_code=242 is_down=true self_injected=true injected=true scan=0
2026-09-21T03:33:23.077098Z DEBUG awase_windows::tsf::gji_monitor: [gji-io] WRITE: w_ops=+2 w_KB=+0.0 (r_ops=+4 x_ops=+4 x_KB=+0.0)
2026-09-21T03:33:23.095985Z DEBUG awase_windows::runtime::ime_refresh: Skipping observer/SSOT write: typing active (idle=31ms)
2026-09-21T03:33:23.597383Z DEBUG awase_windows::observer::ime_observer: IME snapshot: japanese=Some(true) ime_on=Some(true) romaji=None conv=Some("0x00000010") guard=false
2026-09-21T03:33:23.597481Z DEBUG awase::journal: ime event seq=557 elapsed_ms=107200 event_kind="ObserverReported"
2026-09-21T03:33:23.597522Z DEBUG awase::journal: ime event seq=558 elapsed_ms=107200 event_kind="InputModeObserved"
2026-09-21T03:33:23.597635Z DEBUG awase::engine::engine: [diag-engine-active] ime_on=true なのに非活性: reason=Inactive(NotRomajiInput) romaji_capable=false japanese=true user_enabled=true was_active=true input_mode=ObservedEisu
2026-09-21T03:33:23.597698Z  INFO awase::engine::engine: Engine deactivated (ime=true, romaji=false, japanese=true, user=true, reason=Inactive(NotRomajiInput))
2026-09-21T03:33:24.115443Z DEBUG awase_windows::observer::ime_observer: IME snapshot: japanese=Some(true) ime_on=Some(true) romaji=None conv=Some("0x00000010") guard=false
2026-09-21T03:33:24.115566Z DEBUG awase::journal: ime event seq=559 elapsed_ms=107718 event_kind="ObserverReported"
2026-09-21T03:33:24.115664Z DEBUG awase::engine::engine: [diag-engine-active] ime_on=true なのに非活性: reason=Inactive(NotRomajiInput) romaji_capable=false japanese=true user_enabled=true was_active=false input_mode=ObservedEisu
2026-09-21T03:33:24.718137Z DEBUG awase_windows::observer::ime_observer: IME snapshot: japanese=Some(true) ime_on=None romaji=None conv=Some("0x00000010") guard=false
2026-09-21T03:33:24.718234Z DEBUG awase::engine::engine: [diag-engine-active] ime_on=true なのに非活性: reason=Inactive(NotRomajiInput) romaji_capable=false japanese=true user_enabled=true was_active=false input_mode=ObservedEisu
2026-09-21T03:33:25.002019Z DEBUG awase_windows::hook: [hook] IME-mode vk=0xF0 up self_injected=false injected=false scan=0x70 extra=0x5350494B since_actuation_us=Some(97331710)
2026-09-21T03:33:25.002134Z DEBUG awase::journal: hook ime-mode diagnostic seq=560 elapsed_ms=108604 vk_code=240 is_down=false self_injected=false injected=false scan=112
2026-09-21T03:33:25.002285Z DEBUG awase_windows::runtime::key_pipeline: [engine-input] vk=0xF0 KeyUp ts=108604712us delay=0ms state=Idle mods(c=false s=false a=false w=false) gas_ctrl=false phys_ctrl=false extra=0x5350494B pending_drain=0 gate_active=false l_thumb=None r_thumb=None [diag-ctx] ime_on
2026-09-21T03:33:25.002294Z DEBUG awase_windows::hook: [hook] IME-mode vk=0xF2 down self_injected=false injected=true scan=0x70 extra=0x5350494B since_actuation_us=Some(97332004)
2026-09-21T03:33:25.002318Z DEBUG awase::engine::engine: [diag-engine-active] ime_on=true なのに非活性: reason=Inactive(NotRomajiInput) romaji_capable=false japanese=true user_enabled=true was_active=false input_mode=ObservedEisu
2026-09-21T03:33:25.002452Z DEBUG awase::journal: key input seq=561 elapsed_ms=108605 vk_code=240 is_down=false injected=false key_class="Passthrough" state_before="Idle" state_after="Idle" decision="PassThrough" physical="Allow" repeat_count=1 last_timestamp_us=108604712 last_elapsed_ms=0
2026-09-21T03:33:25.002540Z DEBUG execute_from_hook: awase_windows::runtime::executor: [relay-passthrough] PassThrough idle: direct OS pass-through (vk=0xf0 up)
2026-09-21T03:33:25.002600Z DEBUG awase::journal: hook ime-mode diagnostic seq=562 elapsed_ms=108605 vk_code=242 is_down=true self_injected=false injected=true scan=112
2026-09-21T03:33:25.002679Z DEBUG awase_windows::runtime::key_pipeline: [engine-input] vk=0xF2 KeyDown ts=108604978us delay=0ms state=Idle mods(c=false s=false a=false w=false) gas_ctrl=false phys_ctrl=false extra=0x5350494B pending_drain=0 gate_active=false l_thumb=None r_thumb=None [diag-ctx] ime_
2026-09-21T03:33:25.002712Z DEBUG awase::engine::engine: [diag-engine-active] ime_on=true なのに非活性: reason=Inactive(NotRomajiInput) romaji_capable=false japanese=true user_enabled=true was_active=false input_mode=ObservedEisu
2026-09-21T03:33:25.002759Z DEBUG awase::journal: key input seq=563 elapsed_ms=108605 vk_code=242 is_down=true injected=true key_class="Passthrough" state_before="Idle" state_after="Idle" decision="PassThrough" physical="Allow" repeat_count=1 last_timestamp_us=108604978 last_elapsed_ms=0
2026-09-21T03:33:25.002819Z DEBUG awase_windows::runtime::key_pipeline: may_change_ime key passed through → IME refresh scheduled (20ms)
2026-09-21T03:33:25.002893Z DEBUG execute_from_hook: awase_windows::runtime::transport: [relay-defer] PassThrough deferred: pending effects, reinject(vk=0xf2 down)
2026-09-21T03:33:25.002955Z DEBUG execute_one{generation=None}: awase_windows::runtime::executor: [reinject] vk=0xf0 up (queued passthrough now firing)
2026-09-21T03:33:25.003010Z DEBUG execute_one{generation=None}: awase_windows::runtime::executor: [reinject] vk=0xf2 down (queued passthrough now firing)
2026-09-21T03:33:25.003136Z DEBUG awase_windows::hook: [hook] IME-mode vk=0xF0 up self_injected=true injected=false scan=0x0 extra=0x4B45594D since_actuation_us=Some(97332846)
2026-09-21T03:33:25.004392Z DEBUG awase_windows::hook: [hook] IME-mode vk=0xF2 down self_injected=true injected=true scan=0x0 extra=0x4B45594D since_actuation_us=Some(97334098)
2026-09-21T03:33:25.006031Z DEBUG awase::journal: hook ime-mode diagnostic seq=564 elapsed_ms=108608 vk_code=240 is_down=false self_injected=true injected=false scan=0
2026-09-21T03:33:25.006068Z DEBUG awase::journal: hook ime-mode diagnostic seq=565 elapsed_ms=108608 vk_code=242 is_down=true self_injected=true injected=true scan=0
2026-09-21T03:33:25.017263Z DEBUG awase_windows::tsf::gji_monitor: [gji-io] WRITE: w_ops=+2 w_KB=+0.0 (r_ops=+4 x_ops=+4 x_KB=+0.0)
2026-09-21T03:33:25.035711Z DEBUG awase_windows::runtime::ime_refresh: Skipping observer/SSOT write: typing active (idle=32ms)
2026-09-21T03:33:25.035790Z DEBUG awase::engine::engine: [diag-engine-active] ime_on=true なのに非活性: reason=Inactive(NotRomajiInput) romaji_capable=false japanese=true user_enabled=true was_active=false input_mode=ObservedEisu
2026-09-21T03:33:25.527303Z  INFO awase_windows::observer::ime_observer: IME input method changed: kana → romaji (focused_class=Some("Edit"))
2026-09-21T03:33:25.527331Z DEBUG awase_windows::observer::ime_observer: IME snapshot: japanese=Some(true) ime_on=Some(true) romaji=Some(true) conv=Some("0x00000019") guard=false
2026-09-21T03:33:25.527460Z DEBUG awase::journal: ime event seq=566 elapsed_ms=109130 event_kind="ObserverReported"
2026-09-21T03:33:25.527515Z DEBUG awase::journal: ime event seq=567 elapsed_ms=109130 event_kind="InputModeObserved"
2026-09-21T03:33:25.527601Z  INFO awase::engine::engine: Engine activated (ime=true, romaji=true, japanese=true, user=true, reason=Active)
2026-09-21T03:33:25.527780Z DEBUG execute_from_loop:execute_one{generation=None}:dispatch_ime_set_open{open=true generation=None}: awase_windows::runtime::executor: [dispatch-ime] ImmCross async: optimistic applied_snapshot=true (suppress send_engine_state_ime_key)
2026-09-21T03:33:25.529919Z DEBUG execute_from_loop:execute_one{generation=None}: awase_windows::platform: [engine-state-key] suppressed (polling/focus-triggered, enabled=true)
2026-09-21T03:33:25.532013Z DEBUG run_open_chain_async: awase_windows::ime_controller: [warrant-shadow] chain=async open=true origin=EventOrigin { source: SelfActuated { strategy: "engine_decision_async" }, epoch: Generation(0) } warranted
2026-09-21T03:33:25.532103Z  INFO run_open_chain_async:imm_cross_write{open=true}: awase_windows::runtime::open_chain: [apply-ime] ImmCross async: open=true composition_active=false show_seq=0 change_seq=0 (issue #138診断)
2026-09-21T03:33:25.534799Z DEBUG awase_windows::shadow_send_trace: [shadow-send] channel=ImeControl cmd=0x0006 lparam=1 issue_us=109137135
2026-09-21T03:33:25.534817Z DEBUG awase_windows::ime: set_ime_open_for_target: hwnd=HWND(0x8091c) ime_wnd=HWND(0xf086a) open=true success=true send_elapsed=0ms candidate_visible=false
2026-09-21T03:33:25.535040Z DEBUG run_open_chain_async:imm_cross_write{open=true}: awase_windows::ime: [imm-cross-actuate] hwnd=HWND(0x8091c) open=Written conv=Some(Written)
2026-09-21T03:33:25.535096Z DEBUG run_open_chain_async:imm_cross_write{open=true}: awase_windows::runtime::open_chain: [apply-ime] ROMAN 補完結果: Written
2026-09-21T03:33:25.535161Z DEBUG run_open_chain_async: awase::journal: actuation decision seq=568 elapsed_ms=109137 site="DispatchImeSetOpen" caller="None" open=true chain_len=4 attempts_len=1 gate_profile="Standard" gate_kind="Gji" gate_shadow_known=true gate_shadow_on=true gate_input_mode="Observ
2026-09-21T03:33:25.535364Z DEBUG on_ime_apply_complete{open=true outcome=AppliedWithoutSendInput generation=None reason=EngineDecision}: awase::journal: ime open applied seq=569 elapsed_ms=109138 open=true outcome="AppliedWithoutSendInput" reason="EngineDecision"
2026-09-21T03:33:25.535446Z DEBUG on_ime_apply_complete{open=true outcome=AppliedWithoutSendInput generation=None reason=EngineDecision}: awase_windows::tsf::ime_mode_fsm: [ime-mode] SetOpen(true) applied → Hiragana (belief, unconfirmed)
2026-09-21T03:33:25.535476Z DEBUG on_ime_apply_complete{open=true outcome=AppliedWithoutSendInput generation=None reason=EngineDecision}: awase_windows::platform: [composition] ImeEffect::SetOpen(true) → marking cold
2026-09-21T03:33:25.535500Z DEBUG on_ime_apply_complete{open=true outcome=AppliedWithoutSendInput generation=None reason=EngineDecision}: awase_windows::tsf::probe: [composition] marked cold reason=SetOpenTrue idle=6203ms → next VK/TSF output will send VK_DBE_HIRAGANA warmup
2026-09-21T03:33:25.535552Z DEBUG on_ime_apply_complete{open=true outcome=AppliedWithoutSendInput generation=None reason=EngineDecision}:gji_on_event{event=ImeOn { injection_mode: Unicode, gji_idle_ms: 516 }}: awase_windows::tsf::gji_fsm: [gji-fsm] ImeOn: already on (OnWarm), ignored
2026-09-21T03:33:25.535669Z DEBUG awase::journal: gji fsm transition seq=570 elapsed_ms=109138 trigger="ImeOn(gji_idle_ms=516)" state_before="OnWarm" state_after="OnWarm"
2026-09-21T03:33:25.572622Z DEBUG awase_windows::observer::ime_observer: IME snapshot: japanese=Some(true) ime_on=Some(true) romaji=Some(true) conv=Some("0x00000019") guard=false
2026-09-21T03:33:25.572737Z DEBUG awase::journal: ime event seq=571 elapsed_ms=109175 event_kind="ObserverReported"
2026-09-21T03:33:25.572786Z DEBUG awase::journal: ime event seq=572 elapsed_ms=109175 event_kind="InputModeObserved"
2026-09-21T03:33:26.075131Z DEBUG awase_windows::observer::ime_observer: IME snapshot: japanese=Some(true) ime_on=Some(true) romaji=Some(true) conv=Some("0x00000019") guard=false
2026-09-21T03:33:26.075213Z DEBUG awase::journal: ime event seq=573 elapsed_ms=109677 event_kind="ObserverReported"
2026-09-21T03:33:26.075241Z DEBUG awase::journal: ime event seq=574 elapsed_ms=109677 event_kind="InputModeObserved"
2026-09-21T03:33:26.601163Z DEBUG awase_windows::observer::ime_observer: IME snapshot: japanese=Some(true) ime_on=Some(true) romaji=Some(true) conv=Some("0x00000019") guard=false
2026-09-21T03:33:26.601253Z DEBUG awase::journal: ime event seq=575 elapsed_ms=110203 event_kind="ObserverReported"
2026-09-21T03:33:26.601291Z DEBUG awase::journal: ime event seq=576 elapsed_ms=110204 event_kind="InputModeObserved"
2026-09-21T03:33:26.959306Z DEBUG awase_windows::runtime::key_pipeline: [engine-input] vk=0x1D KeyDown ts=110561371us delay=0ms state=Idle mods(c=false s=false a=false w=false) gas_ctrl=false phys_ctrl=false extra=0x5350494B pending_drain=0 gate_active=false l_thumb=None r_thumb=None [diag-ctx] ime_
2026-09-21T03:33:26.959536Z DEBUG awase::journal: key input seq=577 elapsed_ms=110562 vk_code=29 is_down=true injected=true key_class="LeftThumb" state_before="Idle" state_after="PendingThumb(vk=0x1D,left=true)" decision="Consume" physical="Allow" repeat_count=1 last_timestamp_us=110561371 last_elap
2026-09-21T03:33:27.083046Z DEBUG awase_windows::runtime::key_pipeline: [engine-input] vk=0x1D KeyUp ts=110685439us delay=0ms state=Idle mods(c=false s=false a=false w=false) gas_ctrl=false phys_ctrl=false extra=0x5350494B pending_drain=0 gate_active=false l_thumb=None r_thumb=None [diag-ctx] ime_on
2026-09-21T03:33:27.083128Z DEBUG awase::journal: key input seq=579 elapsed_ms=110685 vk_code=29 is_down=false injected=true key_class="LeftThumb" state_before="Idle" state_after="Idle" decision="Consume" physical="Allow" repeat_count=1 last_timestamp_us=110685439 last_elapsed_ms=0
2026-09-21T03:33:27.118443Z DEBUG awase_windows::runtime::ime_refresh: Skipping observer/SSOT write: typing active (idle=31ms)
2026-09-21T03:33:27.638491Z DEBUG awase_windows::observer::ime_observer: IME snapshot: japanese=Some(true) ime_on=Some(true) romaji=Some(true) conv=Some("0x00000019") guard=false
2026-09-21T03:33:27.638561Z DEBUG awase::journal: ime event seq=580 elapsed_ms=111241 event_kind="ObserverReported"
2026-09-21T03:33:27.638585Z DEBUG awase::journal: ime event seq=581 elapsed_ms=111241 event_kind="InputModeObserved"
2026-09-21T03:33:28.133649Z DEBUG awase_windows::observer::ime_observer: IME snapshot: japanese=Some(true) ime_on=Some(true) romaji=Some(true) conv=Some("0x00000019") guard=false
2026-09-21T03:33:28.133717Z DEBUG awase::journal: ime event seq=582 elapsed_ms=111736 event_kind="ObserverReported"
2026-09-21T03:33:28.133739Z DEBUG awase::journal: ime event seq=583 elapsed_ms=111736 event_kind="InputModeObserved"
2026-09-21T03:33:28.635307Z DEBUG awase_windows::observer::ime_observer: IME snapshot: japanese=Some(true) ime_on=Some(true) romaji=Some(true) conv=Some("0x00000019") guard=false
2026-09-21T03:33:28.635398Z DEBUG awase::journal: ime event seq=584 elapsed_ms=112238 event_kind="ObserverReported"
2026-09-21T03:33:28.635436Z DEBUG awase::journal: ime event seq=585 elapsed_ms=112238 event_kind="InputModeObserved"
2026-09-21T03:33:28.917587Z DEBUG awase_windows::runtime::key_pipeline: [engine-input] vk=0x4B KeyDown ts=112519805us delay=0ms state=Idle mods(c=false s=false a=false w=false) gas_ctrl=false phys_ctrl=false extra=0x5350494B pending_drain=0 gate_active=false l_thumb=None r_thumb=None [diag-ctx] ime_
2026-09-21T03:33:28.917764Z DEBUG awase::journal: key input seq=586 elapsed_ms=112520 vk_code=75 is_down=true injected=true key_class="Char" state_before="Idle" state_after="PendingChar(vk=0x4B)" decision="Consume" physical="Allow" repeat_count=1 last_timestamp_us=112519805 last_elapsed_ms=0
2026-09-21T03:33:29.026381Z DEBUG execute_from_loop:execute_one{generation=None}: awase_windows::output: send_keys: mode=Unicode actions=[Char('き')] prev_elapsed=9703ms
2026-09-21T03:33:29.026433Z DEBUG execute_from_loop:execute_one{generation=None}: awase_windows::tsf::probe: [mark-send] last_send_ms=53620078
2026-09-21T03:33:29.026469Z DEBUG execute_from_loop:execute_one{generation=None}: awase_windows::output:   → Char('き') via Unicode
2026-09-21T03:33:29.029651Z DEBUG execute_from_loop:execute_one{generation=None}: awase_windows::tsf::probe: [mark-send] last_send_ms=53620078
2026-09-21T03:33:29.038555Z  INFO awase_windows::tsf::win_event_obs: [gji-obs] candidate SHOW #9: last_gji_write=4031ms ago
2026-09-21T03:33:29.040859Z DEBUG awase_windows::tsf::gji_monitor: [gji-io] WRITE: w_ops=+2 w_KB=+0.3 (r_ops=+4 x_ops=+4 x_KB=+0.0)
2026-09-21T03:33:29.050701Z DEBUG awase_windows::runtime::key_pipeline: [engine-input] vk=0x4B KeyUp ts=112653001us delay=0ms state=Idle mods(c=false s=false a=false w=false) gas_ctrl=false phys_ctrl=false extra=0x5350494B pending_drain=0 gate_active=false l_thumb=None r_thumb=None [diag-ctx] ime_on
2026-09-21T03:33:29.051056Z DEBUG awase::journal: key input seq=588 elapsed_ms=112653 vk_code=75 is_down=false injected=true key_class="Char" state_before="Idle" state_after="Idle" decision="Consume" physical="Allow" repeat_count=1 last_timestamp_us=112653001 last_elapsed_ms=0
2026-09-21T03:33:29.051581Z DEBUG execute_one{generation=None}: awase_windows::output: send_keys: mode=Unicode actions=[Suppress] prev_elapsed=15ms
2026-09-21T03:33:29.051624Z DEBUG execute_one{generation=None}: awase_windows::tsf::probe: [mark-send] last_send_ms=53620109
2026-09-21T03:33:29.051792Z DEBUG execute_one{generation=None}: awase_windows::output:   → Suppress
2026-09-21T03:33:29.051822Z DEBUG execute_one{generation=None}: awase_windows::tsf::probe: [mark-send] last_send_ms=53620109
2026-09-21T03:33:29.051892Z DEBUG execute_one{generation=None}: awase_windows::platform: [gji-fsm] StartComposition (candidate SHOW)
2026-09-21T03:33:29.051938Z DEBUG execute_one{generation=None}:gji_on_event{event=StartComposition}: awase_windows::tsf::gji_fsm: [gji-fsm] StartComposition: OnWarm → OnComposing(AlreadyWarm)
2026-09-21T03:33:29.052108Z DEBUG awase::journal: gji fsm transition seq=589 elapsed_ms=112654 trigger="StartComposition(candidate SHOW)" state_before="OnWarm" state_after="OnComposing(Warm)"
2026-09-21T03:33:29.138841Z DEBUG awase_windows::runtime::ime_refresh: Skipping observer/SSOT write: typing active (idle=94ms)
2026-09-21T03:33:29.640080Z DEBUG awase_windows::observer::ime_observer: IME snapshot: japanese=Some(true) ime_on=Some(true) romaji=Some(true) conv=Some("0x00000019") guard=false
2026-09-21T03:33:29.640152Z DEBUG awase::journal: ime event seq=590 elapsed_ms=113242 event_kind="ObserverReported"
2026-09-21T03:33:29.640176Z DEBUG awase::journal: ime event seq=591 elapsed_ms=113242 event_kind="InputModeObserved"
2026-09-21T03:33:30.139406Z DEBUG awase_windows::observer::ime_observer: IME snapshot: japanese=Some(true) ime_on=Some(true) romaji=Some(true) conv=Some("0x00000019") guard=false
2026-09-21T03:33:30.139490Z DEBUG awase::journal: ime event seq=592 elapsed_ms=113742 event_kind="ObserverReported"
2026-09-21T03:33:30.139524Z DEBUG awase::journal: ime event seq=593 elapsed_ms=113742 event_kind="InputModeObserved"
2026-09-21T03:33:30.645003Z DEBUG awase_windows::observer::ime_observer: IME snapshot: japanese=Some(true) ime_on=Some(true) romaji=Some(true) conv=Some("0x00000019") guard=false
2026-09-21T03:33:30.645104Z DEBUG awase::journal: ime event seq=594 elapsed_ms=114247 event_kind="ObserverReported"
2026-09-21T03:33:30.645132Z DEBUG awase::journal: ime event seq=595 elapsed_ms=114247 event_kind="InputModeObserved"
2026-09-21T03:33:30.858044Z DEBUG awase_windows::hook: [hook] IME-mode vk=0xF2 down self_injected=false injected=true scan=0x70 extra=0x5350494B since_actuation_us=Some(103187728)
2026-09-21T03:33:30.858154Z DEBUG awase::journal: hook ime-mode diagnostic seq=596 elapsed_ms=114460 vk_code=242 is_down=true self_injected=false injected=true scan=112
2026-09-21T03:33:30.858305Z DEBUG awase_windows::runtime::key_pipeline: [engine-input] vk=0xF2 KeyDown ts=114460728us delay=0ms state=Idle mods(c=false s=false a=false w=false) gas_ctrl=false phys_ctrl=false extra=0x5350494B pending_drain=0 gate_active=false l_thumb=None r_thumb=None [diag-ctx] ime_
2026-09-21T03:33:30.858385Z DEBUG awase::journal: key input seq=597 elapsed_ms=114461 vk_code=242 is_down=true injected=true key_class="Passthrough" state_before="Idle" state_after="Idle" decision="PassThrough" physical="Allow" repeat_count=1 last_timestamp_us=114460728 last_elapsed_ms=0
2026-09-21T03:33:30.858447Z DEBUG awase_windows::runtime::key_pipeline: may_change_ime key passed through → IME refresh scheduled (20ms)
2026-09-21T03:33:30.858512Z DEBUG execute_from_hook: awase_windows::runtime::executor: [relay-passthrough] PassThrough idle: direct OS pass-through (vk=0xf2 down)
2026-09-21T03:33:30.858574Z DEBUG execute_one{generation=None}: awase_windows::runtime::executor: [reinject] vk=0xf2 down (queued passthrough now firing)
2026-09-21T03:33:30.858745Z DEBUG awase_windows::hook: [hook] IME-mode vk=0xF2 down self_injected=true injected=true scan=0x0 extra=0x4B45594D since_actuation_us=Some(103188454)
2026-09-21T03:33:30.860225Z DEBUG awase::journal: hook ime-mode diagnostic seq=598 elapsed_ms=114462 vk_code=242 is_down=true self_injected=true injected=true scan=0
2026-09-21T03:33:30.873378Z DEBUG awase_windows::tsf::gji_monitor: [gji-io] WRITE: w_ops=+2 w_KB=+0.5 (r_ops=+4 x_ops=+4 x_KB=+0.0)
2026-09-21T03:33:30.891377Z DEBUG awase_windows::runtime::ime_refresh: Skipping observer/SSOT write: typing active (idle=31ms)
2026-09-21T03:33:31.392672Z DEBUG awase_windows::observer::ime_observer: IME snapshot: japanese=Some(true) ime_on=Some(true) romaji=None conv=Some("0x00000010") guard=false
2026-09-21T03:33:31.392741Z DEBUG awase::journal: ime event seq=599 elapsed_ms=114995 event_kind="ObserverReported"
2026-09-21T03:33:31.392766Z DEBUG awase::journal: ime event seq=600 elapsed_ms=114995 event_kind="InputModeObserved"
2026-09-21T03:33:31.392816Z DEBUG awase::engine::engine: [diag-engine-active] ime_on=true なのに非活性: reason=Inactive(NotRomajiInput) romaji_capable=false japanese=true user_enabled=true was_active=true input_mode=ObservedEisu
2026-09-21T03:33:31.392861Z  INFO awase::engine::engine: Engine deactivated (ime=true, romaji=false, japanese=true, user=true, reason=Inactive(NotRomajiInput))
2026-09-21T03:33:31.892656Z DEBUG awase_windows::observer::ime_observer: IME snapshot: japanese=Some(true) ime_on=Some(true) romaji=None conv=Some("0x00000010") guard=false
2026-09-21T03:33:31.892752Z DEBUG awase::journal: ime event seq=601 elapsed_ms=115495 event_kind="ObserverReported"
2026-09-21T03:33:31.892845Z DEBUG awase::engine::engine: [diag-engine-active] ime_on=true なのに非活性: reason=Inactive(NotRomajiInput) romaji_capable=false japanese=true user_enabled=true was_active=false input_mode=ObservedEisu
2026-09-21T03:33:32.393005Z DEBUG awase_windows::observer::ime_observer: IME snapshot: japanese=Some(true) ime_on=Some(true) romaji=None conv=Some("0x00000010") guard=false
2026-09-21T03:33:32.393102Z DEBUG awase::journal: ime event seq=602 elapsed_ms=115995 event_kind="ObserverReported"
2026-09-21T03:33:32.393228Z DEBUG awase::engine::engine: [diag-engine-active] ime_on=true なのに非活性: reason=Inactive(NotRomajiInput) romaji_capable=false japanese=true user_enabled=true was_active=false input_mode=ObservedEisu
2026-09-21T03:33:32.799724Z DEBUG awase_windows::runtime::key_pipeline: [engine-input] vk=0x41 KeyDown ts=116402048us delay=0ms state=Idle mods(c=false s=false a=false w=false) gas_ctrl=false phys_ctrl=false extra=0x5350494B pending_drain=0 gate_active=false l_thumb=None r_thumb=None [diag-ctx] ime_
2026-09-21T03:33:32.799794Z DEBUG awase::engine::engine: [diag-engine-active] ime_on=true なのに非活性: reason=Inactive(NotRomajiInput) romaji_capable=false japanese=true user_enabled=true was_active=false input_mode=ObservedEisu
2026-09-21T03:33:32.799871Z DEBUG awase::journal: key input seq=603 elapsed_ms=116402 vk_code=65 is_down=true injected=true key_class="Char" state_before="Idle" state_after="Idle" decision="PassThrough" physical="Allow" repeat_count=1 last_timestamp_us=116402048 last_elapsed_ms=0
2026-09-21T03:33:32.800008Z DEBUG execute_one{generation=None}: awase_windows::runtime::executor: [reinject] vk=0x41 down (queued passthrough now firing)
2026-09-21T03:33:32.814782Z DEBUG awase_windows::tsf::gji_monitor: [gji-io] WRITE: w_ops=+2 w_KB=+0.6 (r_ops=+4 x_ops=+4 x_KB=+0.0)
2026-09-21T03:33:32.900101Z DEBUG awase_windows::runtime::ime_refresh: Skipping observer/SSOT write: typing active (idle=110ms)
2026-09-21T03:33:32.900204Z DEBUG awase::engine::engine: [diag-engine-active] ime_on=true なのに非活性: reason=Inactive(NotRomajiInput) romaji_capable=false japanese=true user_enabled=true was_active=false input_mode=ObservedEisu
2026-09-21T03:33:32.923869Z DEBUG awase_windows::runtime::key_pipeline: [engine-input] vk=0x41 KeyUp ts=116526262us delay=0ms state=Idle mods(c=false s=false a=false w=false) gas_ctrl=false phys_ctrl=false extra=0x5350494B pending_drain=0 gate_active=false l_thumb=None r_thumb=None [diag-ctx] ime_on
2026-09-21T03:33:32.923908Z DEBUG awase::engine::engine: [diag-engine-active] ime_on=true なのに非活性: reason=Inactive(NotRomajiInput) romaji_capable=false japanese=true user_enabled=true was_active=false input_mode=ObservedEisu
2026-09-21T03:33:32.923958Z DEBUG awase::journal: key input seq=604 elapsed_ms=116526 vk_code=65 is_down=false injected=true key_class="Char" state_before="Idle" state_after="Idle" decision="PassThrough" physical="Allow" repeat_count=1 last_timestamp_us=116526262 last_elapsed_ms=0
2026-09-21T03:33:32.924088Z DEBUG execute_one{generation=None}: awase_windows::runtime::executor: [reinject] vk=0x41 up (queued passthrough now firing)
2026-09-21T03:33:33.399434Z DEBUG awase_windows::runtime::ime_refresh: Skipping observer/SSOT write: typing active (idle=485ms)
2026-09-21T03:33:33.399506Z DEBUG awase::engine::engine: [diag-engine-active] ime_on=true なのに非活性: reason=Inactive(NotRomajiInput) romaji_capable=false japanese=true user_enabled=true was_active=false input_mode=ObservedEisu
2026-09-21T03:33:33.907247Z DEBUG awase_windows::observer::ime_observer: IME snapshot: japanese=Some(true) ime_on=Some(true) romaji=None conv=Some("0x00000010") guard=false
2026-09-21T03:33:33.907330Z DEBUG awase::journal: ime event seq=605 elapsed_ms=117510 event_kind="ObserverReported"
2026-09-21T03:33:33.907495Z DEBUG awase::engine::engine: [diag-engine-active] ime_on=true なのに非活性: reason=Inactive(NotRomajiInput) romaji_capable=false japanese=true user_enabled=true was_active=false input_mode=ObservedEisu
2026-09-21T03:33:34.406121Z DEBUG awase_windows::observer::ime_observer: IME snapshot: japanese=Some(true) ime_on=Some(true) romaji=None conv=Some("0x00000010") guard=false
2026-09-21T03:33:34.406212Z DEBUG awase::journal: ime event seq=606 elapsed_ms=118008 event_kind="ObserverReported"
2026-09-21T03:33:34.406284Z DEBUG awase::engine::engine: [diag-engine-active] ime_on=true なのに非活性: reason=Inactive(NotRomajiInput) romaji_capable=false japanese=true user_enabled=true was_active=false input_mode=ObservedEisu
2026-09-21T03:33:34.748972Z DEBUG awase_windows::runtime::key_pipeline: [engine-input] vk=0x1D KeyDown ts=118351172us delay=0ms state=Idle mods(c=false s=false a=false w=false) gas_ctrl=false phys_ctrl=false extra=0x5350494B pending_drain=0 gate_active=false l_thumb=None r_thumb=None [diag-ctx] ime_
2026-09-21T03:33:34.749088Z DEBUG awase::engine::engine: [diag-engine-active] ime_on=true なのに非活性: reason=Inactive(NotRomajiInput) romaji_capable=false japanese=true user_enabled=true was_active=false input_mode=ObservedEisu
2026-09-21T03:33:34.749200Z DEBUG awase::journal: key input seq=607 elapsed_ms=118351 vk_code=29 is_down=true injected=true key_class="LeftThumb" state_before="Idle" state_after="Idle" decision="PassThrough" physical="Allow" repeat_count=1 last_timestamp_us=118351172 last_elapsed_ms=0
2026-09-21T03:33:34.749428Z DEBUG execute_one{generation=None}: awase_windows::runtime::executor: [reinject] vk=0x1d down (queued passthrough now firing)
2026-09-21T03:33:34.763090Z DEBUG awase_windows::tsf::gji_monitor: [gji-io] WRITE: w_ops=+2 w_KB=+0.7 (r_ops=+4 x_ops=+4 x_KB=+0.0)
2026-09-21T03:33:34.875733Z DEBUG awase_windows::runtime::key_pipeline: [engine-input] vk=0x1D KeyUp ts=118477839us delay=0ms state=Idle mods(c=false s=false a=false w=false) gas_ctrl=false phys_ctrl=false extra=0x5350494B pending_drain=0 gate_active=false l_thumb=None r_thumb=None [diag-ctx] ime_on
2026-09-21T03:33:34.875826Z DEBUG awase::engine::engine: [diag-engine-active] ime_on=true なのに非活性: reason=Inactive(NotRomajiInput) romaji_capable=false japanese=true user_enabled=true was_active=false input_mode=ObservedEisu
2026-09-21T03:33:34.875965Z DEBUG awase::journal: key input seq=608 elapsed_ms=118478 vk_code=29 is_down=false injected=true key_class="LeftThumb" state_before="Idle" state_after="Idle" decision="PassThrough" physical="Allow" repeat_count=1 last_timestamp_us=118477839 last_elapsed_ms=0
2026-09-21T03:33:34.876236Z DEBUG execute_one{generation=None}: awase_windows::runtime::executor: [reinject] vk=0x1d up (queued passthrough now firing)
2026-09-21T03:33:34.909376Z DEBUG awase_windows::runtime::ime_refresh: Skipping observer/SSOT write: typing active (idle=32ms)
2026-09-21T03:33:34.909464Z DEBUG awase::engine::engine: [diag-engine-active] ime_on=true なのに非活性: reason=Inactive(NotRomajiInput) romaji_capable=false japanese=true user_enabled=true was_active=false input_mode=ObservedEisu
2026-09-21T03:33:35.411359Z  INFO awase_windows::observer::ime_observer: IME input method changed: kana → romaji (focused_class=Some("Edit"))
2026-09-21T03:33:35.411382Z DEBUG awase_windows::observer::ime_observer: IME snapshot: japanese=Some(true) ime_on=Some(true) romaji=Some(true) conv=Some("0x00000019") guard=false
2026-09-21T03:33:35.411477Z DEBUG awase::journal: ime event seq=609 elapsed_ms=119014 event_kind="ObserverReported"
2026-09-21T03:33:35.411516Z DEBUG awase::journal: ime event seq=610 elapsed_ms=119014 event_kind="InputModeObserved"
2026-09-21T03:33:35.411584Z  INFO awase::engine::engine: Engine activated (ime=true, romaji=true, japanese=true, user=true, reason=Active)
2026-09-21T03:33:35.411717Z DEBUG execute_from_loop:execute_one{generation=None}:dispatch_ime_set_open{open=true generation=None}: awase_windows::runtime::executor: [dispatch-ime] ImmCross async: optimistic applied_snapshot=true (suppress send_engine_state_ime_key)
2026-09-21T03:33:35.413364Z DEBUG execute_from_loop:execute_one{generation=None}: awase_windows::platform: [engine-state-key] suppressed (polling/focus-triggered, enabled=true)
2026-09-21T03:33:35.414914Z DEBUG run_open_chain_async: awase_windows::ime_controller: [warrant-shadow] chain=async open=true origin=EventOrigin { source: SelfActuated { strategy: "engine_decision_async" }, epoch: Generation(0) } warranted
2026-09-21T03:33:35.414998Z  INFO run_open_chain_async:imm_cross_write{open=true}: awase_windows::runtime::open_chain: [apply-ime] ImmCross async: open=true composition_active=false show_seq=0 change_seq=0 (issue #138診断)
2026-09-21T03:33:35.417555Z DEBUG awase_windows::shadow_send_trace: [shadow-send] channel=ImeControl cmd=0x0006 lparam=1 issue_us=119019895
2026-09-21T03:33:35.417574Z DEBUG awase_windows::ime: set_ime_open_for_target: hwnd=HWND(0x8091c) ime_wnd=HWND(0xf086a) open=true success=true send_elapsed=0ms candidate_visible=true
2026-09-21T03:33:35.417970Z DEBUG run_open_chain_async:imm_cross_write{open=true}: awase_windows::ime: [imm-cross-actuate] hwnd=HWND(0x8091c) open=Written conv=Some(Written)
2026-09-21T03:33:35.418023Z DEBUG run_open_chain_async:imm_cross_write{open=true}: awase_windows::runtime::open_chain: [apply-ime] ROMAN 補完結果: Written
2026-09-21T03:33:35.418086Z DEBUG run_open_chain_async: awase::journal: actuation decision seq=611 elapsed_ms=119020 site="DispatchImeSetOpen" caller="None" open=true chain_len=4 attempts_len=1 gate_profile="Standard" gate_kind="Gji" gate_shadow_known=true gate_shadow_on=true gate_input_mode="Observ
2026-09-21T03:33:35.418259Z DEBUG on_ime_apply_complete{open=true outcome=AppliedWithoutSendInput generation=None reason=EngineDecision}: awase::journal: ime open applied seq=612 elapsed_ms=119020 open=true outcome="AppliedWithoutSendInput" reason="EngineDecision"
2026-09-21T03:33:35.418339Z DEBUG on_ime_apply_complete{open=true outcome=AppliedWithoutSendInput generation=None reason=EngineDecision}: awase_windows::tsf::ime_mode_fsm: [ime-mode] SetOpen(true) applied → Hiragana (belief, unconfirmed)
2026-09-21T03:33:35.418367Z DEBUG on_ime_apply_complete{open=true outcome=AppliedWithoutSendInput generation=None reason=EngineDecision}: awase_windows::platform: [composition] ImeEffect::SetOpen(true) → marking cold
2026-09-21T03:33:35.418390Z DEBUG on_ime_apply_complete{open=true outcome=AppliedWithoutSendInput generation=None reason=EngineDecision}: awase_windows::tsf::probe: [composition] marked cold reason=SetOpenTrue idle=6359ms → next VK/TSF output will send VK_DBE_HIRAGANA warmup
2026-09-21T03:33:35.418439Z DEBUG on_ime_apply_complete{open=true outcome=AppliedWithoutSendInput generation=None reason=EngineDecision}:gji_on_event{event=ImeOn { injection_mode: Unicode, gji_idle_ms: 656 }}: awase_windows::tsf::gji_fsm: [gji-fsm] ImeOn: already on (OnComposing(Warm)), ignored
2026-09-21T03:33:35.418549Z DEBUG awase::journal: gji fsm transition seq=613 elapsed_ms=119021 trigger="ImeOn(gji_idle_ms=656)" state_before="OnComposing(Warm)" state_after="OnComposing(Warm)"
2026-09-21T03:33:35.458036Z DEBUG awase_windows::observer::ime_observer: IME snapshot: japanese=Some(true) ime_on=Some(true) romaji=Some(true) conv=Some("0x00000019") guard=false
2026-09-21T03:33:35.458136Z DEBUG awase::journal: ime event seq=614 elapsed_ms=119060 event_kind="ObserverReported"
2026-09-21T03:33:35.458179Z DEBUG awase::journal: ime event seq=615 elapsed_ms=119060 event_kind="InputModeObserved"
2026-09-21T03:33:35.971530Z DEBUG awase_windows::observer::ime_observer: IME snapshot: japanese=Some(true) ime_on=Some(true) romaji=Some(true) conv=Some("0x00000019") guard=false
2026-09-21T03:33:35.971616Z DEBUG awase::journal: ime event seq=616 elapsed_ms=119574 event_kind="ObserverReported"
2026-09-21T03:33:35.971652Z DEBUG awase::journal: ime event seq=617 elapsed_ms=119574 event_kind="InputModeObserved"
2026-09-21T03:33:36.473972Z DEBUG awase_windows::observer::ime_observer: IME snapshot: japanese=Some(true) ime_on=Some(true) romaji=Some(true) conv=Some("0x00000019") guard=false
2026-09-21T03:33:36.474078Z DEBUG awase::journal: ime event seq=618 elapsed_ms=120076 event_kind="ObserverReported"
2026-09-21T03:33:36.474104Z DEBUG awase::journal: ime event seq=619 elapsed_ms=120076 event_kind="InputModeObserved"
2026-09-21T03:33:36.690005Z DEBUG awase_windows::runtime::key_pipeline: [engine-input] vk=0x0D KeyDown ts=120292394us delay=0ms state=Idle mods(c=false s=false a=false w=false) gas_ctrl=false phys_ctrl=false extra=0x5350494B pending_drain=0 gate_active=false l_thumb=None r_thumb=None [diag-ctx] ime_
2026-09-21T03:33:36.690098Z DEBUG awase::journal: key input seq=620 elapsed_ms=120292 vk_code=13 is_down=true injected=true key_class="Passthrough" state_before="Idle" state_after="Idle" decision="PassThrough" physical="Allow" repeat_count=1 last_timestamp_us=120292394 last_elapsed_ms=0
2026-09-21T03:33:36.690195Z DEBUG execute_from_hook: awase_windows::runtime::executor: [relay-passthrough] PassThrough idle: direct OS pass-through (vk=0x0d down)
2026-09-21T03:33:36.690259Z DEBUG execute_one{generation=None}: awase_windows::runtime::executor: [reinject] vk=0x0d down (queued passthrough now firing)
2026-09-21T03:33:36.694300Z  INFO awase_windows::tsf::win_event_obs: [gji-obs] candidate HIDE: last_gji_write=1938ms ago
2026-09-21T03:33:36.705656Z DEBUG awase_windows::tsf::gji_monitor: [gji-io] WRITE: w_ops=+2 w_KB=+0.4 (r_ops=+4 x_ops=+4 x_KB=+0.0)
2026-09-21T03:33:36.815077Z DEBUG awase_windows::runtime::key_pipeline: [engine-input] vk=0x0D KeyUp ts=120417272us delay=0ms state=Idle mods(c=false s=false a=false w=false) gas_ctrl=false phys_ctrl=false extra=0x5350494B pending_drain=0 gate_active=false l_thumb=None r_thumb=None [diag-ctx] ime_on
2026-09-21T03:33:36.815213Z DEBUG awase::journal: key input seq=621 elapsed_ms=120417 vk_code=13 is_down=false injected=true key_class="Passthrough" state_before="Idle" state_after="Idle" decision="PassThrough" physical="Allow" repeat_count=1 last_timestamp_us=120417272 last_elapsed_ms=0
2026-09-21T03:33:36.815360Z DEBUG execute_from_hook: awase_windows::runtime::executor: [relay-passthrough] PassThrough idle: direct OS pass-through (vk=0x0d up)
2026-09-21T03:33:36.815443Z DEBUG execute_one{generation=None}: awase_windows::runtime::executor: [reinject] vk=0x0d up (queued passthrough now firing)
2026-09-21T03:33:36.816852Z DEBUG awase_windows::platform: [gji-fsm] EndComposition (candidate HIDE) epoch=FocusEpoch(9)
2026-09-21T03:33:36.817101Z DEBUG awase::journal: gji fsm transition seq=622 elapsed_ms=120419 trigger="EndComposition(candidate HIDE, epoch=FocusEpoch(9))" state_before="OnComposing(Warm)" state_after="OnWarm"
2026-09-21T03:33:36.990033Z DEBUG awase_windows::runtime::ime_refresh: Skipping observer/SSOT write: typing active (idle=187ms)
2026-09-21T03:33:37.509548Z DEBUG awase_windows::observer::ime_observer: IME snapshot: japanese=Some(true) ime_on=Some(true) romaji=Some(true) conv=Some("0x00000019") guard=false
2026-09-21T03:33:37.509622Z DEBUG awase::journal: ime event seq=623 elapsed_ms=121112 event_kind="ObserverReported"
2026-09-21T03:33:37.509648Z DEBUG awase::journal: ime event seq=624 elapsed_ms=121112 event_kind="InputModeObserved"
2026-09-21T03:33:38.020638Z DEBUG awase_windows::observer::ime_observer: IME snapshot: japanese=Some(true) ime_on=Some(true) romaji=Some(true) conv=Some("0x00000019") guard=false
2026-09-21T03:33:38.020721Z DEBUG awase::journal: ime event seq=625 elapsed_ms=121623 event_kind="ObserverReported"
2026-09-21T03:33:38.020756Z DEBUG awase::journal: ime event seq=626 elapsed_ms=121623 event_kind="InputModeObserved"
2026-09-21T03:33:38.533653Z DEBUG awase_windows::observer::ime_observer: IME snapshot: japanese=Some(true) ime_on=Some(true) romaji=Some(true) conv=Some("0x00000019") guard=false
2026-09-21T03:33:38.533741Z DEBUG awase::journal: ime event seq=627 elapsed_ms=122136 event_kind="ObserverReported"
2026-09-21T03:33:38.533777Z DEBUG awase::journal: ime event seq=628 elapsed_ms=122136 event_kind="InputModeObserved"
2026-09-21T03:33:38.626139Z DEBUG awase_windows::hook: [hook] IME-mode vk=0xF4 up self_injected=false injected=false scan=0x29 extra=0x5350494B since_actuation_us=Some(110955829)
2026-09-21T03:33:38.626345Z DEBUG awase::journal: hook ime-mode diagnostic seq=629 elapsed_ms=122229 vk_code=244 is_down=false self_injected=false injected=false scan=41
2026-09-21T03:33:38.626484Z DEBUG awase_windows::hook: [hook] IME-mode vk=0xF3 down self_injected=false injected=true scan=0x29 extra=0x5350494B since_actuation_us=Some(110956194)
2026-09-21T03:33:38.626490Z DEBUG awase_windows::runtime::key_pipeline: [engine-input] vk=0xF4 KeyUp ts=122228840us delay=0ms state=Idle mods(c=false s=false a=false w=false) gas_ctrl=false phys_ctrl=false extra=0x5350494B pending_drain=0 gate_active=false l_thumb=None r_thumb=None [diag-ctx] ime_on
2026-09-21T03:33:38.626566Z DEBUG awase::journal: key input seq=630 elapsed_ms=122229 vk_code=244 is_down=false injected=false key_class="Passthrough" state_before="Idle" state_after="Idle" decision="PassThrough" physical="Allow" repeat_count=1 last_timestamp_us=122228840 last_elapsed_ms=0
2026-09-21T03:33:38.626638Z DEBUG execute_from_hook: awase_windows::runtime::executor: [relay-passthrough] PassThrough idle: direct OS pass-through (vk=0xf4 up)
2026-09-21T03:33:38.626763Z DEBUG awase::journal: hook ime-mode diagnostic seq=631 elapsed_ms=122229 vk_code=243 is_down=true self_injected=false injected=true scan=41
2026-09-21T03:33:38.626852Z DEBUG awase_windows::runtime::key_pipeline: [engine-input] vk=0xF3 KeyDown ts=122229103us delay=0ms state=Idle mods(c=false s=false a=false w=false) gas_ctrl=false phys_ctrl=false extra=0x5350494B pending_drain=0 gate_active=false l_thumb=None r_thumb=None [diag-ctx] ime_
2026-09-21T03:33:38.627058Z DEBUG awase::journal: key input seq=632 elapsed_ms=122229 vk_code=243 is_down=true injected=true key_class="Passthrough" state_before="Idle" state_after="Idle" decision="PassThrough" physical="Allow" repeat_count=1 last_timestamp_us=122229103 last_elapsed_ms=0
2026-09-21T03:33:38.627121Z DEBUG awase_windows::runtime::key_pipeline: may_change_ime key passed through → IME refresh scheduled (20ms)
2026-09-21T03:33:38.627168Z DEBUG execute_from_hook: awase_windows::runtime::transport: [relay-defer] PassThrough deferred: pending effects, reinject(vk=0xf3 down)
2026-09-21T03:33:38.627233Z DEBUG execute_one{generation=None}: awase_windows::runtime::executor: [reinject] vk=0xf4 up (queued passthrough now firing)
2026-09-21T03:33:38.627286Z DEBUG execute_one{generation=None}: awase_windows::runtime::executor: [reinject] vk=0xf3 down (queued passthrough now firing)
2026-09-21T03:33:38.627505Z DEBUG awase_windows::hook: [hook] IME-mode vk=0xF4 up self_injected=true injected=true scan=0x0 extra=0x4B45594D since_actuation_us=Some(110957215)
2026-09-21T03:33:38.629100Z DEBUG awase_windows::hook: [hook] IME-mode vk=0xF3 up self_injected=true injected=false scan=0x0 extra=0x4B45594D since_actuation_us=Some(110958808)
2026-09-21T03:33:38.630545Z DEBUG awase_windows::hook: [hook] IME-mode vk=0xF4 down self_injected=true injected=true scan=0x0 extra=0x4B45594D since_actuation_us=Some(110960250)
2026-09-21T03:33:38.631927Z DEBUG awase::journal: hook ime-mode diagnostic seq=633 elapsed_ms=122234 vk_code=244 is_down=false self_injected=true injected=true scan=0
2026-09-21T03:33:38.631959Z DEBUG awase::journal: hook ime-mode diagnostic seq=634 elapsed_ms=122234 vk_code=243 is_down=false self_injected=true injected=false scan=0
2026-09-21T03:33:38.631979Z DEBUG awase::journal: hook ime-mode diagnostic seq=635 elapsed_ms=122234 vk_code=244 is_down=true self_injected=true injected=true scan=0
2026-09-21T03:33:38.641059Z DEBUG awase_windows::tsf::gji_monitor: [gji-io] WRITE: w_ops=+2 w_KB=+0.0 (r_ops=+4 x_ops=+4 x_KB=+0.0)
2026-09-21T03:33:38.663107Z DEBUG awase_windows::runtime::ime_refresh: Skipping observer/SSOT write: typing active (idle=47ms)
2026-09-21T03:33:39.181304Z DEBUG awase_windows::observer::ime_observer: IME snapshot: japanese=Some(true) ime_on=Some(false) romaji=Some(true) conv=Some("0x00000019") guard=false
2026-09-21T03:33:39.181390Z DEBUG awase::journal: ime event seq=636 elapsed_ms=122784 event_kind="ObserverReported"
2026-09-21T03:33:39.181419Z DEBUG awase::journal: ime event seq=637 elapsed_ms=122784 event_kind="InputModeObserved"
2026-09-21T03:33:39.181549Z  INFO awase::engine::engine: Engine deactivated (ime=false, romaji=true, japanese=true, user=true, reason=Inactive(ImeOff))
2026-09-21T03:33:39.181703Z DEBUG execute_from_loop:execute_one{generation=None}:dispatch_ime_set_open{open=false generation=None}: awase_windows::runtime::executor: [dispatch-ime] ImmCross async: optimistic applied_snapshot=false (suppress send_engine_state_ime_key)
2026-09-21T03:33:39.183378Z DEBUG execute_from_loop:execute_one{generation=None}: awase_windows::platform: [engine-state-key] suppressed (polling/focus-triggered, enabled=false)
2026-09-21T03:33:39.185853Z DEBUG run_open_chain_async: awase_windows::ime_controller: [warrant-shadow] chain=async open=false origin=EventOrigin { source: SelfActuated { strategy: "engine_decision_async" }, epoch: Generation(0) } warranted
2026-09-21T03:33:39.186072Z  INFO run_open_chain_async:imm_cross_write{open=false}: awase_windows::runtime::open_chain: [apply-ime] ImmCross async: open=false composition_active=false show_seq=0 change_seq=0 (issue #138診断)
2026-09-21T03:33:39.188082Z DEBUG awase_windows::shadow_send_trace: [shadow-send] channel=ImeControl cmd=0x0006 lparam=0 issue_us=122790420
2026-09-21T03:33:39.188093Z DEBUG awase_windows::ime: set_ime_open_for_target: hwnd=HWND(0x8091c) ime_wnd=HWND(0xf086a) open=false success=true send_elapsed=0ms candidate_visible=false
2026-09-21T03:33:39.188233Z DEBUG run_open_chain_async:imm_cross_write{open=false}: awase_windows::ime: [imm-cross-actuate] hwnd=HWND(0x8091c) open=Written conv=None
2026-09-21T03:33:39.188346Z DEBUG run_open_chain_async: awase::journal: actuation decision seq=638 elapsed_ms=122791 site="DispatchImeSetOpen" caller="None" open=false chain_len=4 attempts_len=1 gate_profile="Standard" gate_kind="Gji" gate_shadow_known=true gate_shadow_on=true gate_input_mode="Obser
2026-09-21T03:33:39.188484Z DEBUG on_ime_apply_complete{open=false outcome=AppliedWithoutSendInput generation=None reason=EngineDecision}: awase::journal: ime open applied seq=639 elapsed_ms=122791 open=false outcome="AppliedWithoutSendInput" reason="EngineDecision"
2026-09-21T03:33:39.188534Z DEBUG on_ime_apply_complete{open=false outcome=AppliedWithoutSendInput generation=None reason=EngineDecision}: awase_windows::tsf::ime_mode_fsm: [ime-mode] SetOpen(false) applied → Off (belief, unconfirmed)
2026-09-21T03:33:39.188550Z DEBUG on_ime_apply_complete{open=false outcome=AppliedWithoutSendInput generation=None reason=EngineDecision}: awase_windows::platform: [composition] ImeEffect::SetOpen(false) → marking cold (prevent warm+TSF Enter leak)
2026-09-21T03:33:39.188565Z DEBUG on_ime_apply_complete{open=false outcome=AppliedWithoutSendInput generation=None reason=EngineDecision}: awase_windows::tsf::probe: [composition] marked cold reason=SetOpenFalse idle=10125ms → next VK/TSF output will send VK_DBE_HIRAGANA warmup
2026-09-21T03:33:39.188654Z DEBUG awase::journal: gji fsm transition seq=640 elapsed_ms=122791 trigger="ImeOff" state_before="OnWarm" state_after="OffCold"
2026-09-21T03:33:39.227810Z DEBUG awase_windows::observer::ime_observer: IME snapshot: japanese=Some(true) ime_on=Some(false) romaji=Some(true) conv=Some("0x00000019") guard=false
2026-09-21T03:33:39.227932Z DEBUG awase::journal: ime event seq=641 elapsed_ms=122830 event_kind="ObserverReported"
2026-09-21T03:33:39.228007Z DEBUG awase::journal: ime event seq=642 elapsed_ms=122830 event_kind="InputModeObserved"
2026-09-21T03:33:39.738183Z DEBUG awase_windows::observer::ime_observer: IME snapshot: japanese=Some(true) ime_on=Some(false) romaji=Some(true) conv=Some("0x00000019") guard=false
2026-09-21T03:33:39.738296Z DEBUG awase::journal: ime event seq=643 elapsed_ms=123341 event_kind="ObserverReported"
2026-09-21T03:33:39.738343Z DEBUG awase::journal: ime event seq=644 elapsed_ms=123341 event_kind="InputModeObserved"
2026-09-21T03:33:40.235053Z DEBUG awase_windows::observer::ime_observer: IME snapshot: japanese=Some(true) ime_on=Some(false) romaji=Some(true) conv=Some("0x00000019") guard=false
2026-09-21T03:33:40.235137Z DEBUG awase::journal: ime event seq=645 elapsed_ms=123837 event_kind="ObserverReported"
2026-09-21T03:33:40.235172Z DEBUG awase::journal: ime event seq=646 elapsed_ms=123837 event_kind="InputModeObserved"
2026-09-21T03:33:40.561568Z DEBUG awase_windows::runtime::key_pipeline: [engine-input] vk=0x1B KeyDown ts=124163742us delay=0ms state=Idle mods(c=false s=false a=false w=false) gas_ctrl=false phys_ctrl=false extra=0x5350494B pending_drain=0 gate_active=false l_thumb=None r_thumb=None [diag-ctx] ime_
2026-09-21T03:33:40.561760Z DEBUG awase::journal: key input seq=647 elapsed_ms=124164 vk_code=27 is_down=true injected=true key_class="Passthrough" state_before="Idle" state_after="Idle" decision="PassThrough" physical="Allow" repeat_count=1 last_timestamp_us=124163742 last_elapsed_ms=0
2026-09-21T03:33:40.561891Z DEBUG execute_from_hook: awase_windows::tsf::probe: [composition] marked cold reason=PassthroughConfirmKey idle=11500ms → next VK/TSF output will send VK_DBE_HIRAGANA warmup
2026-09-21T03:33:40.561917Z DEBUG execute_from_hook: awase_windows::tsf::probe: [mark-send] last_send_ms=53631609
2026-09-21T03:33:40.561978Z DEBUG execute_from_hook: awase_windows::platform: [composition-fsm] EmitWarmup (ConfirmKeyDown)
2026-09-21T03:33:40.562000Z DEBUG execute_from_hook: awase_windows::runtime::executor: [relay-passthrough] PassThrough idle: direct OS pass-through (vk=0x1b down)
2026-09-21T03:33:40.562029Z DEBUG awase::journal: gji fsm transition seq=648 elapsed_ms=124164 trigger="CompositionReset(gji_idle_ms=1922)" state_before="OffCold" state_after="OffCold"
2026-09-21T03:33:40.562097Z DEBUG awase_windows::runtime::executor: [reinject-guard] suspending drain for 50ms (vk=0x1b)
2026-09-21T03:33:40.623913Z DEBUG execute_one{generation=None}: awase_windows::runtime::executor: [reinject] vk=0x1b down (queued passthrough now firing)
2026-09-21T03:33:40.624017Z DEBUG execute_one{generation=None}: awase_windows::platform: [composition] reinject KeyDown vk=0x1b → marking cold + eager warmup
2026-09-21T03:33:40.624049Z DEBUG execute_one{generation=None}: awase_windows::tsf::probe: [composition] marked cold reason=ReinjectConfirmKey idle=62ms → next VK/TSF output will send VK_DBE_HIRAGANA warmup
2026-09-21T03:33:40.624083Z DEBUG execute_one{generation=None}: awase_windows::tsf::probe: [mark-send] last_send_ms=53631671
2026-09-21T03:33:40.628328Z DEBUG awase::journal: gji fsm transition seq=649 elapsed_ms=124226 trigger="CompositionReset(gji_idle_ms=1984)" state_before="OffCold" state_after="OffCold"
2026-09-21T03:33:40.692920Z DEBUG awase_windows::runtime::key_pipeline: [engine-input] vk=0x1B KeyUp ts=124294574us delay=0ms state=Idle mods(c=false s=false a=false w=false) gas_ctrl=false phys_ctrl=false extra=0x5350494B pending_drain=0 gate_active=false l_thumb=None r_thumb=None [diag-ctx] ime_on
2026-09-21T03:33:40.693170Z DEBUG awase::journal: key input seq=650 elapsed_ms=124295 vk_code=27 is_down=false injected=true key_class="Passthrough" state_before="Idle" state_after="Idle" decision="PassThrough" physical="Allow" repeat_count=1 last_timestamp_us=124294574 last_elapsed_ms=0
2026-09-21T03:33:40.693307Z DEBUG execute_from_hook: awase_windows::runtime::executor: [relay-passthrough] PassThrough idle: direct OS pass-through (vk=0x1b up)
2026-09-21T03:33:40.693418Z DEBUG execute_one{generation=None}: awase_windows::runtime::executor: [reinject] vk=0x1b up (queued passthrough now firing)
2026-09-21T03:33:40.737750Z DEBUG awase_windows::runtime::ime_refresh: Skipping observer/SSOT write: typing active (idle=47ms)
2026-09-21T03:33:41.240452Z DEBUG awase_windows::observer::ime_observer: IME snapshot: japanese=Some(true) ime_on=Some(false) romaji=Some(true) conv=Some("0x00000019") guard=false
2026-09-21T03:33:41.240591Z DEBUG awase::journal: ime event seq=651 elapsed_ms=124843 event_kind="ObserverReported"
2026-09-21T03:33:41.240648Z DEBUG awase::journal: ime event seq=652 elapsed_ms=124843 event_kind="InputModeObserved"
2026-09-21T03:33:41.762670Z DEBUG awase_windows::observer::ime_observer: IME snapshot: japanese=Some(true) ime_on=Some(false) romaji=Some(true) conv=Some("0x00000019") guard=false
2026-09-21T03:33:41.762771Z DEBUG awase::journal: ime event seq=653 elapsed_ms=125365 event_kind="ObserverReported"
2026-09-21T03:33:41.762809Z DEBUG awase::journal: ime event seq=654 elapsed_ms=125365 event_kind="InputModeObserved"
2026-09-21T03:33:42.263446Z DEBUG awase_windows::observer::ime_observer: IME snapshot: japanese=Some(true) ime_on=Some(false) romaji=Some(true) conv=Some("0x00000019") guard=false
2026-09-21T03:33:42.263542Z DEBUG awase::journal: ime event seq=655 elapsed_ms=125866 event_kind="ObserverReported"
2026-09-21T03:33:42.263582Z DEBUG awase::journal: ime event seq=656 elapsed_ms=125866 event_kind="InputModeObserved"
2026-09-21T03:33:42.495763Z DEBUG awase_windows::runtime::key_pipeline: [engine-input] vk=0x0D KeyDown ts=126098138us delay=0ms state=Idle mods(c=false s=false a=false w=false) gas_ctrl=false phys_ctrl=false extra=0x5350494B pending_drain=0 gate_active=false l_thumb=None r_thumb=None [diag-ctx] ime_
2026-09-21T03:33:42.495854Z DEBUG awase::journal: key input seq=657 elapsed_ms=126098 vk_code=13 is_down=true injected=true key_class="Passthrough" state_before="Idle" state_after="Idle" decision="PassThrough" physical="Allow" repeat_count=1 last_timestamp_us=126098138 last_elapsed_ms=0
2026-09-21T03:33:42.495946Z DEBUG execute_from_hook: awase_windows::tsf::probe: [composition] marked cold reason=PassthroughConfirmKey idle=1875ms → next VK/TSF output will send VK_DBE_HIRAGANA warmup
2026-09-21T03:33:42.495968Z DEBUG execute_from_hook: awase_windows::tsf::probe: [mark-send] last_send_ms=53633546
2026-09-21T03:33:42.496020Z DEBUG execute_from_hook: awase_windows::platform: [composition-fsm] EmitWarmup (ConfirmKeyDown)
2026-09-21T03:33:42.496041Z DEBUG execute_from_hook: awase_windows::runtime::executor: [relay-passthrough] PassThrough idle: direct OS pass-through (vk=0x0d down)
2026-09-21T03:33:42.496067Z DEBUG awase::journal: gji fsm transition seq=658 elapsed_ms=126098 trigger="CompositionReset(gji_idle_ms=3859)" state_before="OffCold" state_after="OffCold"
2026-09-21T03:33:42.496125Z DEBUG awase_windows::runtime::executor: [reinject-guard] suspending drain for 50ms (vk=0x0d)
2026-09-21T03:33:42.557087Z DEBUG execute_one{generation=None}: awase_windows::runtime::executor: [reinject] vk=0x0d down (queued passthrough now firing)
2026-09-21T03:33:42.557184Z DEBUG execute_one{generation=None}: awase_windows::platform: [composition] reinject KeyDown vk=0x0d → marking cold + eager warmup
2026-09-21T03:33:42.557210Z DEBUG execute_one{generation=None}: awase_windows::tsf::probe: [composition] marked cold reason=ReinjectConfirmKey idle=63ms → next VK/TSF output will send VK_DBE_HIRAGANA warmup
2026-09-21T03:33:42.557238Z DEBUG execute_one{generation=None}: awase_windows::tsf::probe: [mark-send] last_send_ms=53633609
2026-09-21T03:33:42.560923Z DEBUG awase::journal: gji fsm transition seq=659 elapsed_ms=126160 trigger="CompositionReset(gji_idle_ms=3922)" state_before="OffCold" state_after="OffCold"
2026-09-21T03:33:42.619306Z DEBUG awase_windows::runtime::key_pipeline: [engine-input] vk=0x0D KeyUp ts=126221657us delay=0ms state=Idle mods(c=false s=false a=false w=false) gas_ctrl=false phys_ctrl=false extra=0x5350494B pending_drain=0 gate_active=false l_thumb=None r_thumb=None [diag-ctx] ime_on
2026-09-21T03:33:42.619499Z DEBUG awase::journal: key input seq=660 elapsed_ms=126222 vk_code=13 is_down=false injected=true key_class="Passthrough" state_before="Idle" state_after="Idle" decision="PassThrough" physical="Allow" repeat_count=1 last_timestamp_us=126221657 last_elapsed_ms=0
2026-09-21T03:33:42.619600Z DEBUG execute_from_hook: awase_windows::runtime::executor: [relay-passthrough] PassThrough idle: direct OS pass-through (vk=0x0d up)
2026-09-21T03:33:42.619669Z DEBUG execute_one{generation=None}: awase_windows::runtime::executor: [reinject] vk=0x0d up (queued passthrough now firing)
2026-09-21T03:33:42.764890Z DEBUG awase_windows::runtime::ime_refresh: Skipping observer/SSOT write: typing active (idle=141ms)
2026-09-21T03:33:43.267942Z DEBUG awase_windows::observer::ime_observer: IME snapshot: japanese=Some(true) ime_on=Some(false) romaji=Some(true) conv=Some("0x00000019") guard=false
2026-09-21T03:33:43.268049Z DEBUG awase::journal: ime event seq=661 elapsed_ms=126870 event_kind="ObserverReported"
2026-09-21T03:33:43.268095Z DEBUG awase::journal: ime event seq=662 elapsed_ms=126870 event_kind="InputModeObserved"
2026-09-21T03:33:43.766609Z DEBUG awase_windows::observer::ime_observer: IME snapshot: japanese=Some(true) ime_on=Some(false) romaji=Some(true) conv=Some("0x00000019") guard=false
2026-09-21T03:33:43.766707Z DEBUG awase::journal: ime event seq=663 elapsed_ms=127369 event_kind="ObserverReported"
2026-09-21T03:33:43.766748Z DEBUG awase::journal: ime event seq=664 elapsed_ms=127369 event_kind="InputModeObserved"
2026-09-21T03:33:44.270065Z DEBUG awase_windows::observer::ime_observer: IME snapshot: japanese=Some(true) ime_on=Some(false) romaji=Some(true) conv=Some("0x00000019") guard=false
2026-09-21T03:33:44.270172Z DEBUG awase::journal: ime event seq=665 elapsed_ms=127872 event_kind="ObserverReported"
2026-09-21T03:33:44.270217Z DEBUG awase::journal: ime event seq=666 elapsed_ms=127872 event_kind="InputModeObserved"
2026-09-21T03:33:44.438630Z DEBUG awase_windows::runtime::key_pipeline: [engine-input] vk=0x1C KeyDown ts=128040890us delay=0ms state=Idle mods(c=false s=false a=false w=false) gas_ctrl=false phys_ctrl=false extra=0x5350494B pending_drain=0 gate_active=false l_thumb=None r_thumb=None [diag-ctx] ime_
2026-09-21T03:33:44.438761Z DEBUG awase::journal: key input seq=667 elapsed_ms=128041 vk_code=28 is_down=true injected=true key_class="RightThumb" state_before="Idle" state_after="Idle" decision="PassThrough" physical="Allow" repeat_count=1 last_timestamp_us=128040890 last_elapsed_ms=0
2026-09-21T03:33:44.438948Z DEBUG execute_one{generation=None}: awase_windows::runtime::executor: [reinject] vk=0x1c down (queued passthrough now firing)
2026-09-21T03:33:44.453367Z DEBUG awase_windows::tsf::gji_monitor: [gji-io] WRITE: w_ops=+2 w_KB=+0.0 (r_ops=+4 x_ops=+4 x_KB=+0.0)
2026-09-21T03:33:44.563904Z DEBUG awase_windows::runtime::key_pipeline: [engine-input] vk=0x1C KeyUp ts=128166275us delay=0ms state=Idle mods(c=false s=false a=false w=false) gas_ctrl=false phys_ctrl=false extra=0x5350494B pending_drain=0 gate_active=false l_thumb=None r_thumb=None [diag-ctx] ime_on
2026-09-21T03:33:44.564001Z DEBUG awase::journal: key input seq=668 elapsed_ms=128166 vk_code=28 is_down=false injected=true key_class="RightThumb" state_before="Idle" state_after="Idle" decision="PassThrough" physical="Allow" repeat_count=1 last_timestamp_us=128166275 last_elapsed_ms=0
2026-09-21T03:33:44.564138Z DEBUG execute_one{generation=None}: awase_windows::runtime::executor: [reinject] vk=0x1c up (queued passthrough now firing)
2026-09-21T03:33:44.771148Z DEBUG awase_windows::runtime::ime_refresh: Skipping observer/SSOT write: typing active (idle=219ms)
2026-09-21T03:33:45.286672Z DEBUG awase_windows::observer::ime_observer: IME snapshot: japanese=Some(true) ime_on=Some(true) romaji=Some(true) conv=Some("0x00000019") guard=false
2026-09-21T03:33:45.286755Z DEBUG awase::journal: ime event seq=669 elapsed_ms=128889 event_kind="ObserverReported"
2026-09-21T03:33:45.286790Z DEBUG awase::journal: ime event seq=670 elapsed_ms=128889 event_kind="InputModeObserved"
2026-09-21T03:33:45.286853Z  INFO awase::engine::engine: Engine activated (ime=true, romaji=true, japanese=true, user=true, reason=Active)
2026-09-21T03:33:45.286974Z DEBUG execute_from_loop:execute_one{generation=None}:dispatch_ime_set_open{open=true generation=None}: awase_windows::runtime::executor: [dispatch-ime] ImmCross async: optimistic applied_snapshot=true (suppress send_engine_state_ime_key)
2026-09-21T03:33:45.288261Z DEBUG execute_from_loop:execute_one{generation=None}: awase_windows::platform: [engine-state-key] suppressed (polling/focus-triggered, enabled=true)
2026-09-21T03:33:45.290722Z DEBUG run_open_chain_async: awase_windows::ime_controller: [warrant-shadow] chain=async open=true origin=EventOrigin { source: SelfActuated { strategy: "engine_decision_async" }, epoch: Generation(0) } warranted
2026-09-21T03:33:45.290812Z  INFO run_open_chain_async:imm_cross_write{open=true}: awase_windows::runtime::open_chain: [apply-ime] ImmCross async: open=true composition_active=false show_seq=0 change_seq=0 (issue #138診断)
2026-09-21T03:33:45.292225Z DEBUG awase_windows::shadow_send_trace: [shadow-send] channel=ImeControl cmd=0x0006 lparam=1 issue_us=128894590
2026-09-21T03:33:45.292241Z DEBUG awase_windows::ime: set_ime_open_for_target: hwnd=HWND(0x8091c) ime_wnd=HWND(0xf086a) open=true success=true send_elapsed=0ms candidate_visible=false
2026-09-21T03:33:45.292553Z DEBUG run_open_chain_async:imm_cross_write{open=true}: awase_windows::ime: [imm-cross-actuate] hwnd=HWND(0x8091c) open=Written conv=Some(Written)
2026-09-21T03:33:45.292599Z DEBUG run_open_chain_async:imm_cross_write{open=true}: awase_windows::runtime::open_chain: [apply-ime] ROMAN 補完結果: Written
2026-09-21T03:33:45.292653Z DEBUG run_open_chain_async: awase::journal: actuation decision seq=671 elapsed_ms=128895 site="DispatchImeSetOpen" caller="None" open=true chain_len=4 attempts_len=1 gate_profile="Standard" gate_kind="Gji" gate_shadow_known=true gate_shadow_on=false gate_input_mode="Obser
2026-09-21T03:33:45.292841Z DEBUG on_ime_apply_complete{open=true outcome=AppliedWithoutSendInput generation=None reason=EngineDecision}: awase::journal: ime open applied seq=672 elapsed_ms=128895 open=true outcome="AppliedWithoutSendInput" reason="EngineDecision"
2026-09-21T03:33:45.292963Z DEBUG on_ime_apply_complete{open=true outcome=AppliedWithoutSendInput generation=None reason=EngineDecision}: awase_windows::tsf::ime_mode_fsm: [ime-mode] SetOpen(true) applied → Hiragana (belief, unconfirmed)
2026-09-21T03:33:45.292992Z DEBUG on_ime_apply_complete{open=true outcome=AppliedWithoutSendInput generation=None reason=EngineDecision}: awase_windows::platform: [composition] ImeEffect::SetOpen(true) → marking cold
2026-09-21T03:33:45.293014Z DEBUG on_ime_apply_complete{open=true outcome=AppliedWithoutSendInput generation=None reason=EngineDecision}: awase_windows::tsf::probe: [composition] marked cold reason=SetOpenTrue idle=2734ms → next VK/TSF output will send VK_DBE_HIRAGANA warmup
2026-09-21T03:33:45.293065Z DEBUG on_ime_apply_complete{open=true outcome=AppliedWithoutSendInput generation=None reason=EngineDecision}:gji_on_event{event=ImeOn { injection_mode: Unicode, gji_idle_ms: 843 }}: awase_windows::tsf::gji_fsm: [gji-fsm] ImeOn gji_idle=843ms → Short
2026-09-21T03:33:45.293117Z DEBUG on_ime_apply_complete{open=true outcome=AppliedWithoutSendInput generation=None reason=EngineDecision}: awase_windows::platform: [gji-fsm] StartProbe probe_id=ProbeId(3) forces_f2=false long=false
2026-09-21T03:33:45.293295Z DEBUG awase::journal: gji fsm transition seq=673 elapsed_ms=128895 trigger="ImeOn(gji_idle_ms=843)" state_before="OffCold" state_after="OnCold(Short)"
2026-09-21T03:33:45.293326Z DEBUG awase::journal: tsf probe started seq=674 elapsed_ms=128895 source="GjiAction::StartProbe" cold_seq=0 probe_id=3 probe_id_present=true gji_state="OnCold(Short)" consecutive_at_start=0 pending_deferred_len=0
2026-09-21T03:33:45.293353Z DEBUG awase::journal: gji fsm transition seq=675 elapsed_ms=128895 trigger="WarmupComplete(unicode)" state_before="OnCold(Short)" state_after="OnWarm"
2026-09-21T03:33:45.293370Z DEBUG awase::journal: tsf probe completed seq=676 elapsed_ms=128895 outcome="UnicodeImmediate" cold_seq=18446744073709551615 cold_seq_present=false probe_id=3 probe_id_present=true duration_ms=0 tick_count=0 gji_state="OnWarm"
2026-09-21T03:33:45.333291Z DEBUG awase_windows::observer::ime_observer: IME snapshot: japanese=Some(true) ime_on=Some(true) romaji=Some(true) conv=Some("0x00000019") guard=false
2026-09-21T03:33:45.333379Z DEBUG awase::journal: ime event seq=677 elapsed_ms=128936 event_kind="ObserverReported"
2026-09-21T03:33:45.333426Z DEBUG awase::journal: ime event seq=678 elapsed_ms=128936 event_kind="InputModeObserved"
2026-09-21T03:33:45.853379Z DEBUG awase_windows::observer::ime_observer: IME snapshot: japanese=Some(true) ime_on=Some(true) romaji=Some(true) conv=Some("0x00000019") guard=false
2026-09-21T03:33:45.853493Z DEBUG awase::journal: ime event seq=679 elapsed_ms=129456 event_kind="ObserverReported"
2026-09-21T03:33:45.853541Z DEBUG awase::journal: ime event seq=680 elapsed_ms=129456 event_kind="InputModeObserved"
2026-09-21T03:33:46.368180Z DEBUG awase_windows::observer::ime_observer: IME snapshot: japanese=Some(true) ime_on=Some(true) romaji=Some(true) conv=Some("0x00000019") guard=false
2026-09-21T03:33:46.368263Z DEBUG awase::journal: ime event seq=681 elapsed_ms=129970 event_kind="ObserverReported"
2026-09-21T03:33:46.368290Z DEBUG awase::journal: ime event seq=682 elapsed_ms=129971 event_kind="InputModeObserved"
2026-09-21T03:33:46.369913Z DEBUG awase_windows::runtime::key_pipeline: [engine-input] vk=0x0D KeyDown ts=129972278us delay=0ms state=Idle mods(c=false s=false a=false w=false) gas_ctrl=false phys_ctrl=false extra=0x5350494B pending_drain=0 gate_active=false l_thumb=None r_thumb=None [diag-ctx] ime_
2026-09-21T03:33:46.370016Z DEBUG awase::journal: key input seq=683 elapsed_ms=129972 vk_code=13 is_down=true injected=true key_class="Passthrough" state_before="Idle" state_after="Idle" decision="PassThrough" physical="Allow" repeat_count=1 last_timestamp_us=129972278 last_elapsed_ms=0
2026-09-21T03:33:46.370096Z DEBUG execute_from_hook: awase_windows::runtime::executor: [relay-passthrough] PassThrough idle: direct OS pass-through (vk=0x0d down)
2026-09-21T03:33:46.370188Z DEBUG execute_one{generation=None}: awase_windows::runtime::executor: [reinject] vk=0x0d down (queued passthrough now firing)
2026-09-21T03:33:46.376891Z DEBUG awase_windows::tsf::gji_monitor: [gji-io] WRITE: w_ops=+1 w_KB=+0.0 (r_ops=+2 x_ops=+2 x_KB=+0.0)
2026-09-21T03:33:46.501636Z DEBUG awase_windows::runtime::key_pipeline: [engine-input] vk=0x0D KeyUp ts=130104013us delay=0ms state=Idle mods(c=false s=false a=false w=false) gas_ctrl=false phys_ctrl=false extra=0x5350494B pending_drain=0 gate_active=false l_thumb=None r_thumb=None [diag-ctx] ime_on
2026-09-21T03:33:46.501757Z DEBUG awase::journal: key input seq=684 elapsed_ms=130104 vk_code=13 is_down=false injected=true key_class="Passthrough" state_before="Idle" state_after="Idle" decision="PassThrough" physical="Allow" repeat_count=1 last_timestamp_us=130104013 last_elapsed_ms=0
2026-09-21T03:33:46.501862Z DEBUG execute_from_hook: awase_windows::runtime::executor: [relay-passthrough] PassThrough idle: direct OS pass-through (vk=0x0d up)
2026-09-21T03:33:46.501935Z DEBUG execute_one{generation=None}: awase_windows::runtime::executor: [reinject] vk=0x0d up (queued passthrough now firing)
2026-09-21T03:33:46.878290Z DEBUG awase_windows::runtime::ime_refresh: Skipping observer/SSOT write: typing active (idle=375ms)
2026-09-21T03:33:47.381935Z DEBUG awase_windows::observer::ime_observer: IME snapshot: japanese=Some(true) ime_on=Some(true) romaji=Some(true) conv=Some("0x00000019") guard=false
2026-09-21T03:33:47.382062Z DEBUG awase::journal: ime event seq=685 elapsed_ms=130984 event_kind="ObserverReported"
2026-09-21T03:33:47.382113Z DEBUG awase::journal: ime event seq=686 elapsed_ms=130984 event_kind="InputModeObserved"
2026-09-21T03:33:47.895555Z DEBUG awase_windows::observer::ime_observer: IME snapshot: japanese=Some(true) ime_on=Some(true) romaji=Some(true) conv=Some("0x00000019") guard=false
2026-09-21T03:33:47.895736Z DEBUG awase::journal: ime event seq=687 elapsed_ms=131498 event_kind="ObserverReported"
2026-09-21T03:33:47.895764Z DEBUG awase::journal: ime event seq=688 elapsed_ms=131498 event_kind="InputModeObserved"
2026-09-21T03:33:48.311436Z DEBUG awase_windows::runtime::key_pipeline: [engine-input] vk=0x4B KeyDown ts=131913749us delay=0ms state=Idle mods(c=false s=false a=false w=false) gas_ctrl=false phys_ctrl=false extra=0x5350494B pending_drain=0 gate_active=false l_thumb=None r_thumb=None [diag-ctx] ime_
2026-09-21T03:33:48.311537Z DEBUG awase::journal: key input seq=689 elapsed_ms=131914 vk_code=75 is_down=true injected=true key_class="Char" state_before="Idle" state_after="PendingChar(vk=0x4B)" decision="Consume" physical="Allow" repeat_count=1 last_timestamp_us=131913749 last_elapsed_ms=0
2026-09-21T03:33:48.409312Z DEBUG awase_windows::runtime::ime_refresh: Skipping observer/SSOT write: typing active (idle=94ms)
2026-09-21T03:33:48.419858Z DEBUG execute_from_loop:execute_one{generation=None}: awase_windows::output: send_keys: mode=Unicode actions=[Char('き')] prev_elapsed=5859ms
2026-09-21T03:33:48.419893Z DEBUG execute_from_loop:execute_one{generation=None}: awase_windows::tsf::probe: [mark-send] last_send_ms=53639468
2026-09-21T03:33:48.419917Z DEBUG execute_from_loop:execute_one{generation=None}: awase_windows::output:   → Char('き') via Unicode
2026-09-21T03:33:48.426225Z DEBUG execute_from_loop:execute_one{generation=None}: awase_windows::tsf::probe: [mark-send] last_send_ms=53639468
2026-09-21T03:33:48.428568Z  INFO awase_windows::tsf::win_event_obs: [gji-obs] candidate SHOW #10: last_gji_write=2063ms ago
2026-09-21T03:33:48.435328Z DEBUG awase_windows::tsf::gji_monitor: [gji-io] WRITE: w_ops=+2 w_KB=+0.3 (r_ops=+4 x_ops=+4 x_KB=+0.0)
2026-09-21T03:33:48.439121Z DEBUG awase_windows::runtime::key_pipeline: [engine-input] vk=0x4B KeyUp ts=132041532us delay=0ms state=Idle mods(c=false s=false a=false w=false) gas_ctrl=false phys_ctrl=false extra=0x5350494B pending_drain=0 gate_active=false l_thumb=None r_thumb=None [diag-ctx] ime_on
2026-09-21T03:33:48.439206Z DEBUG awase::journal: key input seq=691 elapsed_ms=132041 vk_code=75 is_down=false injected=true key_class="Char" state_before="Idle" state_after="Idle" decision="Consume" physical="Allow" repeat_count=1 last_timestamp_us=132041532 last_elapsed_ms=0
2026-09-21T03:33:48.439303Z DEBUG execute_one{generation=None}: awase_windows::output: send_keys: mode=Unicode actions=[Suppress] prev_elapsed=16ms
2026-09-21T03:33:48.439325Z DEBUG execute_one{generation=None}: awase_windows::tsf::probe: [mark-send] last_send_ms=53639484
2026-09-21T03:33:48.439371Z DEBUG execute_one{generation=None}: awase_windows::output:   → Suppress
2026-09-21T03:33:48.439381Z DEBUG execute_one{generation=None}: awase_windows::tsf::probe: [mark-send] last_send_ms=53639484
2026-09-21T03:33:48.439420Z DEBUG execute_one{generation=None}: awase_windows::platform: [gji-fsm] StartComposition (candidate SHOW)
2026-09-21T03:33:48.439442Z DEBUG execute_one{generation=None}:gji_on_event{event=StartComposition}: awase_windows::tsf::gji_fsm: [gji-fsm] StartComposition: OnWarm → OnComposing(AlreadyWarm)
2026-09-21T03:33:48.439527Z DEBUG awase::journal: gji fsm transition seq=692 elapsed_ms=132042 trigger="StartComposition(candidate SHOW)" state_before="OnWarm" state_after="OnComposing(Warm)"
2026-09-21T03:33:48.908476Z DEBUG awase_windows::runtime::ime_refresh: Skipping observer/SSOT write: typing active (idle=469ms)
2026-09-21T03:33:49.413969Z DEBUG awase_windows::observer::ime_observer: IME snapshot: japanese=Some(true) ime_on=Some(true) romaji=Some(true) conv=Some("0x00000019") guard=false
2026-09-21T03:33:49.414100Z DEBUG awase::journal: ime event seq=693 elapsed_ms=133016 event_kind="ObserverReported"
2026-09-21T03:33:49.414148Z DEBUG awase::journal: ime event seq=694 elapsed_ms=133016 event_kind="InputModeObserved"
2026-09-21T03:33:49.930201Z DEBUG awase_windows::observer::ime_observer: IME snapshot: japanese=Some(true) ime_on=Some(true) romaji=Some(true) conv=Some("0x00000019") guard=false
2026-09-21T03:33:49.930331Z DEBUG awase::journal: ime event seq=695 elapsed_ms=133533 event_kind="ObserverReported"
2026-09-21T03:33:49.930385Z DEBUG awase::journal: ime event seq=696 elapsed_ms=133533 event_kind="InputModeObserved"
2026-09-21T03:33:50.253945Z DEBUG awase_windows::runtime::key_pipeline: [engine-input] vk=0x41 KeyDown ts=133856259us delay=0ms state=Idle mods(c=false s=false a=false w=false) gas_ctrl=false phys_ctrl=false extra=0x5350494B pending_drain=0 gate_active=false l_thumb=None r_thumb=None [diag-ctx] ime_
2026-09-21T03:33:50.254115Z DEBUG awase::journal: key input seq=697 elapsed_ms=133856 vk_code=65 is_down=true injected=true key_class="Char" state_before="Idle" state_after="PendingChar(vk=0x41)" decision="Consume" physical="Allow" repeat_count=1 last_timestamp_us=133856259 last_elapsed_ms=0
2026-09-21T03:33:50.349239Z DEBUG execute_from_loop:execute_one{generation=None}: awase_windows::output: send_keys: mode=Unicode actions=[Char('う')] prev_elapsed=1922ms
2026-09-21T03:33:50.349272Z DEBUG execute_from_loop:execute_one{generation=None}: awase_windows::tsf::probe: [mark-send] last_send_ms=53641406
2026-09-21T03:33:50.349295Z DEBUG execute_from_loop:execute_one{generation=None}: awase_windows::output:   → Char('う') via Unicode
2026-09-21T03:33:50.354929Z DEBUG execute_from_loop:execute_one{generation=None}: awase_windows::tsf::probe: [mark-send] last_send_ms=53641406
2026-09-21T03:33:50.379293Z DEBUG awase_windows::tsf::gji_monitor: [gji-io] WRITE: w_ops=+2 w_KB=+0.5 (r_ops=+4 x_ops=+4 x_KB=+0.0)
2026-09-21T03:33:50.381597Z DEBUG awase_windows::runtime::key_pipeline: [engine-input] vk=0x41 KeyUp ts=133983976us delay=0ms state=Idle mods(c=false s=false a=false w=false) gas_ctrl=false phys_ctrl=false extra=0x5350494B pending_drain=0 gate_active=false l_thumb=None r_thumb=None [diag-ctx] ime_on
2026-09-21T03:33:50.381775Z DEBUG awase::journal: key input seq=699 elapsed_ms=133984 vk_code=65 is_down=false injected=true key_class="Char" state_before="Idle" state_after="Idle" decision="Consume" physical="Allow" repeat_count=1 last_timestamp_us=133983976 last_elapsed_ms=0
2026-09-21T03:33:50.381949Z DEBUG execute_one{generation=None}: awase_windows::output: send_keys: mode=Unicode actions=[Suppress] prev_elapsed=31ms
2026-09-21T03:33:50.381984Z DEBUG execute_one{generation=None}: awase_windows::tsf::probe: [mark-send] last_send_ms=53641437
2026-09-21T03:33:50.382005Z DEBUG execute_one{generation=None}: awase_windows::output:   → Suppress
2026-09-21T03:33:50.382022Z DEBUG execute_one{generation=None}: awase_windows::tsf::probe: [mark-send] last_send_ms=53641437
2026-09-21T03:33:50.434753Z DEBUG awase_windows::runtime::ime_refresh: Skipping observer/SSOT write: typing active (idle=47ms)
2026-09-21T03:33:50.934789Z DEBUG awase_windows::observer::ime_observer: IME snapshot: japanese=Some(true) ime_on=Some(true) romaji=Some(true) conv=Some("0x00000019") guard=false
2026-09-21T03:33:50.934864Z DEBUG awase::journal: ime event seq=700 elapsed_ms=134537 event_kind="ObserverReported"
2026-09-21T03:33:50.934891Z DEBUG awase::journal: ime event seq=701 elapsed_ms=134537 event_kind="InputModeObserved"
2026-09-21T03:33:51.432245Z DEBUG awase_windows::observer::ime_observer: IME snapshot: japanese=Some(true) ime_on=Some(true) romaji=Some(true) conv=Some("0x00000019") guard=false
2026-09-21T03:33:51.432316Z DEBUG awase::journal: ime event seq=702 elapsed_ms=135035 event_kind="ObserverReported"
2026-09-21T03:33:51.432342Z DEBUG awase::journal: ime event seq=703 elapsed_ms=135035 event_kind="InputModeObserved"
2026-09-21T03:33:51.929997Z DEBUG awase_windows::observer::ime_observer: IME snapshot: japanese=Some(true) ime_on=Some(true) romaji=Some(true) conv=Some("0x00000019") guard=false
2026-09-21T03:33:51.930078Z DEBUG awase::journal: ime event seq=704 elapsed_ms=135532 event_kind="ObserverReported"
2026-09-21T03:33:51.930113Z DEBUG awase::journal: ime event seq=705 elapsed_ms=135532 event_kind="InputModeObserved"
2026-09-21T03:33:52.194689Z DEBUG awase_windows::runtime::key_pipeline: [engine-input] vk=0x1B KeyDown ts=135796870us delay=0ms state=Idle mods(c=false s=false a=false w=false) gas_ctrl=false phys_ctrl=false extra=0x5350494B pending_drain=0 gate_active=false l_thumb=None r_thumb=None [diag-ctx] ime_
2026-09-21T03:33:52.194856Z DEBUG awase::journal: key input seq=706 elapsed_ms=135797 vk_code=27 is_down=true injected=true key_class="Passthrough" state_before="Idle" state_after="Idle" decision="PassThrough" physical="Allow" repeat_count=1 last_timestamp_us=135796870 last_elapsed_ms=0
2026-09-21T03:33:52.194996Z DEBUG execute_from_hook: awase_windows::runtime::executor: [relay-passthrough] PassThrough idle: direct OS pass-through (vk=0x1b down)
2026-09-21T03:33:52.195182Z DEBUG execute_one{generation=None}: awase_windows::runtime::executor: [reinject] vk=0x1b down (queued passthrough now firing)
2026-09-21T03:33:52.202442Z  INFO awase_windows::tsf::win_event_obs: [gji-obs] candidate HIDE: last_gji_write=1829ms ago
2026-09-21T03:33:52.209063Z DEBUG awase_windows::tsf::gji_monitor: [gji-io] WRITE: w_ops=+2 w_KB=+0.3 (r_ops=+4 x_ops=+4 x_KB=+0.0)
2026-09-21T03:33:52.320071Z DEBUG awase_windows::runtime::key_pipeline: [engine-input] vk=0x1B KeyUp ts=135922246us delay=0ms state=Idle mods(c=false s=false a=false w=false) gas_ctrl=false phys_ctrl=false extra=0x5350494B pending_drain=0 gate_active=false l_thumb=None r_thumb=None [diag-ctx] ime_on
2026-09-21T03:33:52.320298Z DEBUG awase::journal: key input seq=707 elapsed_ms=135923 vk_code=27 is_down=false injected=true key_class="Passthrough" state_before="Idle" state_after="Idle" decision="PassThrough" physical="Allow" repeat_count=1 last_timestamp_us=135922246 last_elapsed_ms=0
2026-09-21T03:33:52.320536Z DEBUG execute_from_hook: awase_windows::runtime::executor: [relay-passthrough] PassThrough idle: direct OS pass-through (vk=0x1b up)
2026-09-21T03:33:52.320650Z DEBUG execute_one{generation=None}: awase_windows::runtime::executor: [reinject] vk=0x1b up (queued passthrough now firing)
2026-09-21T03:33:52.323185Z DEBUG awase_windows::platform: [gji-fsm] EndComposition (candidate HIDE) epoch=FocusEpoch(10)
2026-09-21T03:33:52.323308Z DEBUG awase::journal: gji fsm transition seq=708 elapsed_ms=135925 trigger="EndComposition(candidate HIDE, epoch=FocusEpoch(10))" state_before="OnComposing(Warm)" state_after="OnWarm"
2026-09-21T03:33:52.433764Z DEBUG awase_windows::runtime::ime_refresh: Skipping observer/SSOT write: typing active (idle=109ms)
2026-09-21T03:33:52.932383Z DEBUG awase_windows::observer::ime_observer: IME snapshot: japanese=Some(true) ime_on=Some(true) romaji=Some(true) conv=Some("0x00000019") guard=false
2026-09-21T03:33:52.932479Z DEBUG awase::journal: ime event seq=709 elapsed_ms=136535 event_kind="ObserverReported"
2026-09-21T03:33:52.932519Z DEBUG awase::journal: ime event seq=710 elapsed_ms=136535 event_kind="InputModeObserved"
2026-09-21T03:33:53.429732Z DEBUG awase_windows::observer::ime_observer: IME snapshot: japanese=Some(true) ime_on=Some(true) romaji=Some(true) conv=Some("0x00000019") guard=false
2026-09-21T03:33:53.429785Z DEBUG awase::journal: ime event seq=711 elapsed_ms=137032 event_kind="ObserverReported"
2026-09-21T03:33:53.429805Z DEBUG awase::journal: ime event seq=712 elapsed_ms=137032 event_kind="InputModeObserved"
2026-09-21T03:33:53.946480Z DEBUG awase_windows::observer::ime_observer: IME snapshot: japanese=Some(true) ime_on=Some(true) romaji=Some(true) conv=Some("0x00000019") guard=false
2026-09-21T03:33:53.946602Z DEBUG awase::journal: ime event seq=713 elapsed_ms=137549 event_kind="ObserverReported"
2026-09-21T03:33:53.946653Z DEBUG awase::journal: ime event seq=714 elapsed_ms=137549 event_kind="InputModeObserved"
2026-09-21T03:33:54.143900Z DEBUG awase_windows::runtime::key_pipeline: [engine-input] vk=0x1B KeyDown ts=137746270us delay=0ms state=Idle mods(c=false s=false a=false w=false) gas_ctrl=false phys_ctrl=false extra=0x5350494B pending_drain=0 gate_active=false l_thumb=None r_thumb=None [diag-ctx] ime_
2026-09-21T03:33:54.144029Z DEBUG awase::journal: key input seq=715 elapsed_ms=137746 vk_code=27 is_down=true injected=true key_class="Passthrough" state_before="Idle" state_after="Idle" decision="PassThrough" physical="Allow" repeat_count=1 last_timestamp_us=137746270 last_elapsed_ms=0
2026-09-21T03:33:54.144124Z DEBUG execute_from_hook: awase_windows::runtime::executor: [relay-passthrough] PassThrough idle: direct OS pass-through (vk=0x1b down)
2026-09-21T03:33:54.144200Z DEBUG execute_one{generation=None}: awase_windows::runtime::executor: [reinject] vk=0x1b down (queued passthrough now firing)
2026-09-21T03:33:54.159002Z DEBUG awase_windows::tsf::gji_monitor: [gji-io] WRITE: w_ops=+1 w_KB=+0.0 (r_ops=+2 x_ops=+2 x_KB=+0.0)
2026-09-21T03:33:54.272063Z DEBUG awase_windows::runtime::key_pipeline: [engine-input] vk=0x1B KeyUp ts=137874072us delay=0ms state=Idle mods(c=false s=false a=false w=false) gas_ctrl=false phys_ctrl=false extra=0x5350494B pending_drain=0 gate_active=false l_thumb=None r_thumb=None [diag-ctx] ime_on
2026-09-21T03:33:54.272535Z DEBUG awase::journal: key input seq=716 elapsed_ms=137875 vk_code=27 is_down=false injected=true key_class="Passthrough" state_before="Idle" state_after="Idle" decision="PassThrough" physical="Allow" repeat_count=1 last_timestamp_us=137874072 last_elapsed_ms=0
2026-09-21T03:33:54.272842Z DEBUG execute_from_hook: awase_windows::runtime::executor: [relay-passthrough] PassThrough idle: direct OS pass-through (vk=0x1b up)
2026-09-21T03:33:54.273176Z DEBUG execute_one{generation=None}: awase_windows::runtime::executor: [reinject] vk=0x1b up (queued passthrough now firing)
2026-09-21T03:33:54.462938Z DEBUG awase_windows::runtime::ime_refresh: Skipping observer/SSOT write: typing active (idle=187ms)
2026-09-21T03:33:54.968063Z DEBUG awase_windows::observer::ime_observer: IME snapshot: japanese=Some(true) ime_on=Some(true) romaji=Some(true) conv=Some("0x00000019") guard=false
2026-09-21T03:33:54.968176Z DEBUG awase::journal: ime event seq=717 elapsed_ms=138570 event_kind="ObserverReported"
2026-09-21T03:33:54.968223Z DEBUG awase::journal: ime event seq=718 elapsed_ms=138570 event_kind="InputModeObserved"
2026-09-21T03:33:55.465263Z DEBUG awase_windows::observer::ime_observer: IME snapshot: japanese=Some(true) ime_on=Some(true) romaji=Some(true) conv=Some("0x00000019") guard=false
2026-09-21T03:33:55.465354Z DEBUG awase::journal: ime event seq=719 elapsed_ms=139068 event_kind="ObserverReported"
2026-09-21T03:33:55.465392Z DEBUG awase::journal: ime event seq=720 elapsed_ms=139068 event_kind="InputModeObserved"
2026-09-21T03:33:55.968326Z DEBUG awase_windows::observer::ime_observer: IME snapshot: japanese=Some(true) ime_on=Some(true) romaji=Some(true) conv=Some("0x00000019") guard=false
2026-09-21T03:33:55.968407Z DEBUG awase::journal: ime event seq=721 elapsed_ms=139571 event_kind="ObserverReported"
2026-09-21T03:33:55.968446Z DEBUG awase::journal: ime event seq=722 elapsed_ms=139571 event_kind="InputModeObserved"
2026-09-21T03:33:56.074572Z DEBUG awase_windows::hook: [hook] IME-mode vk=0xF4 up self_injected=false injected=false scan=0x29 extra=0x5350494B since_actuation_us=Some(128404260)
2026-09-21T03:33:56.074808Z DEBUG awase::journal: hook ime-mode diagnostic seq=723 elapsed_ms=139677 vk_code=244 is_down=false self_injected=false injected=false scan=41
2026-09-21T03:33:56.074998Z DEBUG awase_windows::hook: [hook] IME-mode vk=0xF3 down self_injected=false injected=true scan=0x29 extra=0x5350494B since_actuation_us=Some(128404703)
2026-09-21T03:33:56.075052Z DEBUG awase_windows::runtime::key_pipeline: [engine-input] vk=0xF4 KeyUp ts=139677297us delay=0ms state=Idle mods(c=false s=false a=false w=false) gas_ctrl=false phys_ctrl=false extra=0x5350494B pending_drain=0 gate_active=false l_thumb=None r_thumb=None [diag-ctx] ime_on
2026-09-21T03:33:56.075188Z DEBUG awase::journal: key input seq=724 elapsed_ms=139677 vk_code=244 is_down=false injected=false key_class="Passthrough" state_before="Idle" state_after="Idle" decision="PassThrough" physical="Allow" repeat_count=1 last_timestamp_us=139677297 last_elapsed_ms=0
2026-09-21T03:33:56.075320Z DEBUG execute_from_hook: awase_windows::runtime::executor: [relay-passthrough] PassThrough idle: direct OS pass-through (vk=0xf4 up)
2026-09-21T03:33:56.075411Z DEBUG awase::journal: hook ime-mode diagnostic seq=725 elapsed_ms=139678 vk_code=243 is_down=true self_injected=false injected=true scan=41
2026-09-21T03:33:56.075533Z DEBUG awase_windows::runtime::key_pipeline: [engine-input] vk=0xF3 KeyDown ts=139677658us delay=0ms state=Idle mods(c=false s=false a=false w=false) gas_ctrl=false phys_ctrl=false extra=0x5350494B pending_drain=0 gate_active=false l_thumb=None r_thumb=None [diag-ctx] ime_
2026-09-21T03:33:56.075636Z DEBUG awase::journal: key input seq=726 elapsed_ms=139678 vk_code=243 is_down=true injected=true key_class="Passthrough" state_before="Idle" state_after="Idle" decision="PassThrough" physical="Allow" repeat_count=1 last_timestamp_us=139677658 last_elapsed_ms=0
2026-09-21T03:33:56.075736Z DEBUG awase_windows::runtime::key_pipeline: may_change_ime key passed through → IME refresh scheduled (20ms)
2026-09-21T03:33:56.075809Z DEBUG execute_from_hook: awase_windows::runtime::transport: [relay-defer] PassThrough deferred: pending effects, reinject(vk=0xf3 down)
2026-09-21T03:33:56.075911Z DEBUG execute_one{generation=None}: awase_windows::runtime::executor: [reinject] vk=0xf4 up (queued passthrough now firing)
2026-09-21T03:33:56.076001Z DEBUG execute_one{generation=None}: awase_windows::runtime::executor: [reinject] vk=0xf3 down (queued passthrough now firing)
2026-09-21T03:33:56.076216Z DEBUG awase_windows::hook: [hook] IME-mode vk=0xF4 up self_injected=true injected=true scan=0x0 extra=0x4B45594D since_actuation_us=Some(128405921)
2026-09-21T03:33:56.078138Z DEBUG awase_windows::hook: [hook] IME-mode vk=0xF3 up self_injected=true injected=false scan=0x0 extra=0x4B45594D since_actuation_us=Some(128407840)
2026-09-21T03:33:56.080193Z DEBUG awase_windows::hook: [hook] IME-mode vk=0xF4 down self_injected=true injected=true scan=0x0 extra=0x4B45594D since_actuation_us=Some(128409889)
2026-09-21T03:33:56.081497Z DEBUG awase::journal: hook ime-mode diagnostic seq=727 elapsed_ms=139684 vk_code=244 is_down=false self_injected=true injected=true scan=0
2026-09-21T03:33:56.081529Z DEBUG awase::journal: hook ime-mode diagnostic seq=728 elapsed_ms=139684 vk_code=243 is_down=false self_injected=true injected=false scan=0
2026-09-21T03:33:56.081552Z DEBUG awase::journal: hook ime-mode diagnostic seq=729 elapsed_ms=139684 vk_code=244 is_down=true self_injected=true injected=true scan=0
2026-09-21T03:33:56.088121Z DEBUG awase_windows::tsf::gji_monitor: [gji-io] WRITE: w_ops=+2 w_KB=+0.0 (r_ops=+4 x_ops=+4 x_KB=+0.0)
2026-09-21T03:33:56.107390Z DEBUG awase_windows::runtime::ime_refresh: Skipping observer/SSOT write: typing active (idle=31ms)
2026-09-21T03:33:56.607872Z DEBUG awase_windows::observer::ime_observer: IME snapshot: japanese=Some(true) ime_on=Some(false) romaji=Some(true) conv=Some("0x00000019") guard=false
2026-09-21T03:33:56.607952Z DEBUG awase::journal: ime event seq=730 elapsed_ms=140210 event_kind="ObserverReported"
2026-09-21T03:33:56.607986Z DEBUG awase::journal: ime event seq=731 elapsed_ms=140210 event_kind="InputModeObserved"
2026-09-21T03:33:56.608074Z  INFO awase::engine::engine: Engine deactivated (ime=false, romaji=true, japanese=true, user=true, reason=Inactive(ImeOff))
2026-09-21T03:33:56.608226Z DEBUG execute_from_loop:execute_one{generation=None}:dispatch_ime_set_open{open=false generation=None}: awase_windows::runtime::executor: [dispatch-ime] ImmCross async: optimistic applied_snapshot=false (suppress send_engine_state_ime_key)
2026-09-21T03:33:56.609408Z DEBUG execute_from_loop:execute_one{generation=None}: awase_windows::platform: [engine-state-key] suppressed (polling/focus-triggered, enabled=false)
2026-09-21T03:33:56.612081Z DEBUG run_open_chain_async: awase_windows::ime_controller: [warrant-shadow] chain=async open=false origin=EventOrigin { source: SelfActuated { strategy: "engine_decision_async" }, epoch: Generation(0) } warranted
2026-09-21T03:33:56.612188Z  INFO run_open_chain_async:imm_cross_write{open=false}: awase_windows::runtime::open_chain: [apply-ime] ImmCross async: open=false composition_active=false show_seq=0 change_seq=0 (issue #138診断)
2026-09-21T03:33:56.613755Z DEBUG awase_windows::shadow_send_trace: [shadow-send] channel=ImeControl cmd=0x0006 lparam=0 issue_us=140216180
2026-09-21T03:33:56.613772Z DEBUG awase_windows::ime: set_ime_open_for_target: hwnd=HWND(0x8091c) ime_wnd=HWND(0xf086a) open=false success=true send_elapsed=0ms candidate_visible=false
2026-09-21T03:33:56.613897Z DEBUG run_open_chain_async:imm_cross_write{open=false}: awase_windows::ime: [imm-cross-actuate] hwnd=HWND(0x8091c) open=Written conv=None
2026-09-21T03:33:56.613980Z DEBUG run_open_chain_async: awase::journal: actuation decision seq=732 elapsed_ms=140216 site="DispatchImeSetOpen" caller="None" open=false chain_len=4 attempts_len=1 gate_profile="Standard" gate_kind="Gji" gate_shadow_known=true gate_shadow_on=true gate_input_mode="Obser
2026-09-21T03:33:56.614155Z DEBUG on_ime_apply_complete{open=false outcome=AppliedWithoutSendInput generation=None reason=EngineDecision}: awase::journal: ime open applied seq=733 elapsed_ms=140216 open=false outcome="AppliedWithoutSendInput" reason="EngineDecision"
2026-09-21T03:33:56.614229Z DEBUG on_ime_apply_complete{open=false outcome=AppliedWithoutSendInput generation=None reason=EngineDecision}: awase_windows::tsf::ime_mode_fsm: [ime-mode] SetOpen(false) applied → Off (belief, unconfirmed)
2026-09-21T03:33:56.614255Z DEBUG on_ime_apply_complete{open=false outcome=AppliedWithoutSendInput generation=None reason=EngineDecision}: awase_windows::platform: [composition] ImeEffect::SetOpen(false) → marking cold (prevent warm+TSF Enter leak)
2026-09-21T03:33:56.614277Z DEBUG on_ime_apply_complete{open=false outcome=AppliedWithoutSendInput generation=None reason=EngineDecision}: awase_windows::tsf::probe: [composition] marked cold reason=SetOpenFalse idle=6219ms → next VK/TSF output will send VK_DBE_HIRAGANA warmup
2026-09-21T03:33:56.614434Z DEBUG awase::journal: gji fsm transition seq=734 elapsed_ms=140217 trigger="ImeOff" state_before="OnWarm" state_after="OffCold"
2026-09-21T03:33:56.639892Z DEBUG awase_windows::observer::ime_observer: IME snapshot: japanese=Some(true) ime_on=Some(false) romaji=Some(true) conv=Some("0x00000019") guard=false
2026-09-21T03:33:56.639973Z DEBUG awase::journal: ime event seq=735 elapsed_ms=140242 event_kind="ObserverReported"
2026-09-21T03:33:56.640008Z DEBUG awase::journal: ime event seq=736 elapsed_ms=140242 event_kind="InputModeObserved"
2026-09-21T03:33:57.141789Z DEBUG awase_windows::observer::ime_observer: IME snapshot: japanese=Some(true) ime_on=Some(false) romaji=Some(true) conv=Some("0x00000019") guard=false
2026-09-21T03:33:57.141852Z DEBUG awase::journal: ime event seq=737 elapsed_ms=140744 event_kind="ObserverReported"
2026-09-21T03:33:57.141874Z DEBUG awase::journal: ime event seq=738 elapsed_ms=140744 event_kind="InputModeObserved"
2026-09-21T03:33:57.637209Z DEBUG awase_windows::observer::ime_observer: IME snapshot: japanese=Some(true) ime_on=Some(false) romaji=Some(true) conv=Some("0x00000019") guard=false
2026-09-21T03:33:57.637297Z DEBUG awase::journal: ime event seq=739 elapsed_ms=141240 event_kind="ObserverReported"
2026-09-21T03:33:57.637334Z DEBUG awase::journal: ime event seq=740 elapsed_ms=141240 event_kind="InputModeObserved"
2026-09-21T03:33:58.012473Z DEBUG awase_windows::runtime::key_pipeline: [engine-input] vk=0x1D KeyDown ts=141614842us delay=0ms state=Idle mods(c=false s=false a=false w=false) gas_ctrl=false phys_ctrl=false extra=0x5350494B pending_drain=0 gate_active=false l_thumb=None r_thumb=None [diag-ctx] ime_
2026-09-21T03:33:58.012568Z DEBUG awase::journal: key input seq=741 elapsed_ms=141615 vk_code=29 is_down=true injected=true key_class="LeftThumb" state_before="Idle" state_after="Idle" decision="PassThrough" physical="Allow" repeat_count=1 last_timestamp_us=141614842 last_elapsed_ms=0
2026-09-21T03:33:58.012702Z DEBUG execute_one{generation=None}: awase_windows::runtime::executor: [reinject] vk=0x1d down (queued passthrough now firing)
2026-09-21T03:33:58.027510Z DEBUG awase_windows::tsf::gji_monitor: [gji-io] WRITE: w_ops=+2 w_KB=+0.0 (r_ops=+4 x_ops=+4 x_KB=+0.0)
2026-09-21T03:33:58.137692Z DEBUG awase_windows::runtime::key_pipeline: [engine-input] vk=0x1D KeyUp ts=141739882us delay=0ms state=Idle mods(c=false s=false a=false w=false) gas_ctrl=false phys_ctrl=false extra=0x5350494B pending_drain=0 gate_active=false l_thumb=None r_thumb=None [diag-ctx] ime_on
2026-09-21T03:33:58.137903Z DEBUG awase::journal: key input seq=742 elapsed_ms=141740 vk_code=29 is_down=false injected=true key_class="LeftThumb" state_before="Idle" state_after="Idle" decision="PassThrough" physical="Allow" repeat_count=1 last_timestamp_us=141739882 last_elapsed_ms=0
2026-09-21T03:33:58.138225Z DEBUG execute_one{generation=None}: awase_windows::runtime::executor: [reinject] vk=0x1d up (queued passthrough now firing)
2026-09-21T03:33:58.145061Z DEBUG awase_windows::runtime::ime_refresh: Skipping observer/SSOT write: typing active (idle=16ms)
2026-09-21T03:33:58.662243Z DEBUG awase_windows::observer::ime_observer: IME snapshot: japanese=Some(true) ime_on=Some(true) romaji=Some(true) conv=Some("0x00000019") guard=false
2026-09-21T03:33:58.662358Z DEBUG awase::journal: ime event seq=743 elapsed_ms=142265 event_kind="ObserverReported"
2026-09-21T03:33:58.662407Z DEBUG awase::journal: ime event seq=744 elapsed_ms=142265 event_kind="InputModeObserved"
2026-09-21T03:33:58.662491Z  INFO awase::engine::engine: Engine activated (ime=true, romaji=true, japanese=true, user=true, reason=Active)
2026-09-21T03:33:58.662656Z DEBUG execute_from_loop:execute_one{generation=None}:dispatch_ime_set_open{open=true generation=None}: awase_windows::runtime::executor: [dispatch-ime] ImmCross async: optimistic applied_snapshot=true (suppress send_engine_state_ime_key)
2026-09-21T03:33:58.664674Z DEBUG execute_from_loop:execute_one{generation=None}: awase_windows::platform: [engine-state-key] suppressed (polling/focus-triggered, enabled=true)
2026-09-21T03:33:58.667939Z DEBUG run_open_chain_async: awase_windows::ime_controller: [warrant-shadow] chain=async open=true origin=EventOrigin { source: SelfActuated { strategy: "engine_decision_async" }, epoch: Generation(0) } warranted
2026-09-21T03:33:58.668043Z  INFO run_open_chain_async:imm_cross_write{open=true}: awase_windows::runtime::open_chain: [apply-ime] ImmCross async: open=true composition_active=false show_seq=0 change_seq=0 (issue #138診断)
2026-09-21T03:33:58.669996Z DEBUG awase_windows::shadow_send_trace: [shadow-send] channel=ImeControl cmd=0x0006 lparam=1 issue_us=142272316
2026-09-21T03:33:58.670015Z DEBUG awase_windows::ime: set_ime_open_for_target: hwnd=HWND(0x8091c) ime_wnd=HWND(0xf086a) open=true success=true send_elapsed=0ms candidate_visible=false
2026-09-21T03:33:58.670845Z DEBUG run_open_chain_async:imm_cross_write{open=true}: awase_windows::ime: [imm-cross-actuate] hwnd=HWND(0x8091c) open=Written conv=Some(Written)
2026-09-21T03:33:58.670898Z DEBUG run_open_chain_async:imm_cross_write{open=true}: awase_windows::runtime::open_chain: [apply-ime] ROMAN 補完結果: Written
2026-09-21T03:33:58.670960Z DEBUG run_open_chain_async: awase::journal: actuation decision seq=745 elapsed_ms=142273 site="DispatchImeSetOpen" caller="None" open=true chain_len=4 attempts_len=1 gate_profile="Standard" gate_kind="Gji" gate_shadow_known=true gate_shadow_on=false gate_input_mode="Obser
2026-09-21T03:33:58.671133Z DEBUG on_ime_apply_complete{open=true outcome=AppliedWithoutSendInput generation=None reason=EngineDecision}: awase::journal: ime open applied seq=746 elapsed_ms=142273 open=true outcome="AppliedWithoutSendInput" reason="EngineDecision"
2026-09-21T03:33:58.671216Z DEBUG on_ime_apply_complete{open=true outcome=AppliedWithoutSendInput generation=None reason=EngineDecision}: awase_windows::tsf::ime_mode_fsm: [ime-mode] SetOpen(true) applied → Hiragana (belief, unconfirmed)
2026-09-21T03:33:58.671246Z DEBUG on_ime_apply_complete{open=true outcome=AppliedWithoutSendInput generation=None reason=EngineDecision}: awase_windows::platform: [composition] ImeEffect::SetOpen(true) → marking cold
2026-09-21T03:33:58.671270Z DEBUG on_ime_apply_complete{open=true outcome=AppliedWithoutSendInput generation=None reason=EngineDecision}: awase_windows::tsf::probe: [composition] marked cold reason=SetOpenTrue idle=8281ms → next VK/TSF output will send VK_DBE_HIRAGANA warmup
2026-09-21T03:33:58.671323Z DEBUG on_ime_apply_complete{open=true outcome=AppliedWithoutSendInput generation=None reason=EngineDecision}:gji_on_event{event=ImeOn { injection_mode: Unicode, gji_idle_ms: 640 }}: awase_windows::tsf::gji_fsm: [gji-fsm] ImeOn gji_idle=640ms → Short
2026-09-21T03:33:58.671374Z DEBUG on_ime_apply_complete{open=true outcome=AppliedWithoutSendInput generation=None reason=EngineDecision}: awase_windows::platform: [gji-fsm] StartProbe probe_id=ProbeId(4) forces_f2=false long=false
2026-09-21T03:33:58.671581Z DEBUG awase::journal: gji fsm transition seq=747 elapsed_ms=142274 trigger="ImeOn(gji_idle_ms=640)" state_before="OffCold" state_after="OnCold(Short)"
2026-09-21T03:33:58.671605Z DEBUG awase::journal: tsf probe started seq=748 elapsed_ms=142274 source="GjiAction::StartProbe" cold_seq=0 probe_id=4 probe_id_present=true gji_state="OnCold(Short)" consecutive_at_start=0 pending_deferred_len=0
2026-09-21T03:33:58.671630Z DEBUG awase::journal: gji fsm transition seq=749 elapsed_ms=142274 trigger="WarmupComplete(unicode)" state_before="OnCold(Short)" state_after="OnWarm"
2026-09-21T03:33:58.671650Z DEBUG awase::journal: tsf probe completed seq=750 elapsed_ms=142274 outcome="UnicodeImmediate" cold_seq=18446744073709551615 cold_seq_present=false probe_id=4 probe_id_present=true duration_ms=0 tick_count=0 gji_state="OnWarm"
2026-09-21T03:33:58.706684Z DEBUG awase_windows::observer::ime_observer: IME snapshot: japanese=Some(true) ime_on=Some(true) romaji=Some(true) conv=Some("0x00000019") guard=false
2026-09-21T03:33:58.706750Z DEBUG awase::journal: ime event seq=751 elapsed_ms=142309 event_kind="ObserverReported"
2026-09-21T03:33:58.706779Z DEBUG awase::journal: ime event seq=752 elapsed_ms=142309 event_kind="InputModeObserved"
2026-09-21T03:33:59.204121Z DEBUG awase_windows::observer::ime_observer: IME snapshot: japanese=Some(true) ime_on=Some(true) romaji=Some(true) conv=Some("0x00000019") guard=false
2026-09-21T03:33:59.204209Z DEBUG awase::journal: ime event seq=753 elapsed_ms=142806 event_kind="ObserverReported"
2026-09-21T03:33:59.204255Z DEBUG awase::journal: ime event seq=754 elapsed_ms=142806 event_kind="InputModeObserved"
2026-09-21T03:33:59.708369Z DEBUG awase_windows::observer::ime_observer: IME snapshot: japanese=Some(true) ime_on=Some(true) romaji=Some(true) conv=Some("0x00000019") guard=false
2026-09-21T03:33:59.708438Z DEBUG awase::journal: ime event seq=755 elapsed_ms=143311 event_kind="ObserverReported"
2026-09-21T03:33:59.708462Z DEBUG awase::journal: ime event seq=756 elapsed_ms=143311 event_kind="InputModeObserved"
2026-09-21T03:33:59.957806Z DEBUG awase_windows::hook: [hook] IME-mode vk=0xF2 down self_injected=false injected=true scan=0x70 extra=0x5350494B since_actuation_us=Some(132287503)
2026-09-21T03:33:59.957940Z DEBUG awase::journal: hook ime-mode diagnostic seq=757 elapsed_ms=143560 vk_code=242 is_down=true self_injected=false injected=true scan=112
2026-09-21T03:33:59.958094Z DEBUG awase_windows::runtime::key_pipeline: [engine-input] vk=0xF2 KeyDown ts=143560472us delay=0ms state=Idle mods(c=false s=false a=false w=false) gas_ctrl=false phys_ctrl=false extra=0x5350494B pending_drain=0 gate_active=false l_thumb=None r_thumb=None [diag-ctx] ime_
2026-09-21T03:33:59.958180Z DEBUG awase::journal: key input seq=758 elapsed_ms=143560 vk_code=242 is_down=true injected=true key_class="Passthrough" state_before="Idle" state_after="Idle" decision="PassThrough" physical="Allow" repeat_count=1 last_timestamp_us=143560472 last_elapsed_ms=0
2026-09-21T03:33:59.958254Z DEBUG awase_windows::runtime::key_pipeline: may_change_ime key passed through → IME refresh scheduled (20ms)
2026-09-21T03:33:59.958325Z DEBUG execute_from_hook: awase_windows::runtime::executor: [relay-passthrough] PassThrough idle: direct OS pass-through (vk=0xf2 down)
2026-09-21T03:33:59.958462Z DEBUG execute_one{generation=None}: awase_windows::runtime::executor: [reinject] vk=0xf2 down (queued passthrough now firing)
2026-09-21T03:33:59.958568Z DEBUG awase_windows::hook: [hook] IME-mode vk=0xF2 down self_injected=true injected=true scan=0x0 extra=0x4B45594D since_actuation_us=Some(132288280)
2026-09-21T03:33:59.959859Z DEBUG awase::journal: hook ime-mode diagnostic seq=759 elapsed_ms=143562 vk_code=242 is_down=true self_injected=true injected=true scan=0
2026-09-21T03:33:59.972882Z DEBUG awase_windows::tsf::gji_monitor: [gji-io] WRITE: w_ops=+2 w_KB=+0.0 (r_ops=+4 x_ops=+4 x_KB=+0.0)
2026-09-21T03:34:00.009812Z DEBUG awase_windows::runtime::ime_refresh: Skipping observer/SSOT write: typing active (idle=62ms)
2026-09-21T03:34:00.508341Z DEBUG awase_windows::observer::ime_observer: IME snapshot: japanese=Some(true) ime_on=Some(true) romaji=None conv=Some("0x00000010") guard=false
2026-09-21T03:34:00.508423Z DEBUG awase::journal: ime event seq=760 elapsed_ms=144111 event_kind="ObserverReported"
2026-09-21T03:34:00.508458Z DEBUG awase::journal: ime event seq=761 elapsed_ms=144111 event_kind="InputModeObserved"
2026-09-21T03:34:00.508521Z DEBUG awase::engine::engine: [diag-engine-active] ime_on=true なのに非活性: reason=Inactive(NotRomajiInput) romaji_capable=false japanese=true user_enabled=true was_active=true input_mode=ObservedEisu
2026-09-21T03:34:00.508566Z  INFO awase::engine::engine: Engine deactivated (ime=true, romaji=false, japanese=true, user=true, reason=Inactive(NotRomajiInput))
2026-09-21T03:34:01.010971Z DEBUG awase_windows::observer::ime_observer: IME snapshot: japanese=Some(true) ime_on=Some(true) romaji=None conv=Some("0x00000010") guard=false
2026-09-21T03:34:01.011035Z DEBUG awase::journal: ime event seq=762 elapsed_ms=144613 event_kind="ObserverReported"
2026-09-21T03:34:01.011089Z DEBUG awase::engine::engine: [diag-engine-active] ime_on=true なのに非活性: reason=Inactive(NotRomajiInput) romaji_capable=false japanese=true user_enabled=true was_active=false input_mode=ObservedEisu
2026-09-21T03:34:01.514747Z DEBUG awase_windows::observer::ime_observer: IME snapshot: japanese=Some(true) ime_on=Some(true) romaji=None conv=Some("0x00000010") guard=false
2026-09-21T03:34:01.514852Z DEBUG awase::journal: ime event seq=763 elapsed_ms=145117 event_kind="ObserverReported"
2026-09-21T03:34:01.514937Z DEBUG awase::engine::engine: [diag-engine-active] ime_on=true なのに非活性: reason=Inactive(NotRomajiInput) romaji_capable=false japanese=true user_enabled=true was_active=false input_mode=ObservedEisu
2026-09-21T03:34:01.882759Z DEBUG awase_windows::runtime::key_pipeline: [engine-input] vk=0x1B KeyDown ts=145485008us delay=0ms state=Idle mods(c=false s=false a=false w=false) gas_ctrl=false phys_ctrl=false extra=0x5350494B pending_drain=0 gate_active=false l_thumb=None r_thumb=None [diag-ctx] ime_
2026-09-21T03:34:01.882822Z DEBUG awase::engine::engine: [diag-engine-active] ime_on=true なのに非活性: reason=Inactive(NotRomajiInput) romaji_capable=false japanese=true user_enabled=true was_active=false input_mode=ObservedEisu
2026-09-21T03:34:01.882897Z DEBUG awase::journal: key input seq=764 elapsed_ms=145485 vk_code=27 is_down=true injected=true key_class="Passthrough" state_before="Idle" state_after="Idle" decision="PassThrough" physical="Allow" repeat_count=1 last_timestamp_us=145485008 last_elapsed_ms=0
2026-09-21T03:34:01.883128Z DEBUG execute_from_hook: awase_windows::runtime::executor: [relay-passthrough] PassThrough idle: direct OS pass-through (vk=0x1b down)
2026-09-21T03:34:01.883218Z DEBUG execute_one{generation=None}: awase_windows::runtime::executor: [reinject] vk=0x1b down (queued passthrough now firing)
2026-09-21T03:34:01.897240Z DEBUG awase_windows::tsf::gji_monitor: [gji-io] WRITE: w_ops=+1 w_KB=+0.0 (r_ops=+2 x_ops=+2 x_KB=+0.0)
2026-09-21T03:34:02.008276Z DEBUG awase_windows::runtime::key_pipeline: [engine-input] vk=0x1B KeyUp ts=145610666us delay=0ms state=Idle mods(c=false s=false a=false w=false) gas_ctrl=false phys_ctrl=false extra=0x5350494B pending_drain=0 gate_active=false l_thumb=None r_thumb=None [diag-ctx] ime_on
2026-09-21T03:34:02.008321Z DEBUG awase::engine::engine: [diag-engine-active] ime_on=true なのに非活性: reason=Inactive(NotRomajiInput) romaji_capable=false japanese=true user_enabled=true was_active=false input_mode=ObservedEisu
2026-09-21T03:34:02.008400Z DEBUG awase::journal: key input seq=765 elapsed_ms=145611 vk_code=27 is_down=false injected=true key_class="Passthrough" state_before="Idle" state_after="Idle" decision="PassThrough" physical="Allow" repeat_count=1 last_timestamp_us=145610666 last_elapsed_ms=0
2026-09-21T03:34:02.008510Z DEBUG execute_from_hook: awase_windows::runtime::executor: [relay-passthrough] PassThrough idle: direct OS pass-through (vk=0x1b up)
2026-09-21T03:34:02.008993Z DEBUG execute_one{generation=None}: awase_windows::runtime::executor: [reinject] vk=0x1b up (queued passthrough now firing)
2026-09-21T03:34:02.012844Z DEBUG awase_windows::runtime::ime_refresh: Skipping observer/SSOT write: typing active (idle=0ms)
2026-09-21T03:34:02.012921Z DEBUG awase::engine::engine: [diag-engine-active] ime_on=true なのに非活性: reason=Inactive(NotRomajiInput) romaji_capable=false japanese=true user_enabled=true was_active=false input_mode=ObservedEisu
2026-09-21T03:34:02.511125Z DEBUG awase_windows::observer::ime_observer: IME snapshot: japanese=Some(true) ime_on=Some(true) romaji=None conv=Some("0x00000010") guard=false
2026-09-21T03:34:02.511195Z DEBUG awase::journal: ime event seq=766 elapsed_ms=146113 event_kind="ObserverReported"
2026-09-21T03:34:02.511255Z DEBUG awase::engine::engine: [diag-engine-active] ime_on=true なのに非活性: reason=Inactive(NotRomajiInput) romaji_capable=false japanese=true user_enabled=true was_active=false input_mode=ObservedEisu
2026-09-21T03:34:03.013337Z DEBUG awase_windows::observer::ime_observer: IME snapshot: japanese=Some(true) ime_on=Some(true) romaji=None conv=Some("0x00000010") guard=false
2026-09-21T03:34:03.013445Z DEBUG awase::journal: ime event seq=767 elapsed_ms=146616 event_kind="ObserverReported"
2026-09-21T03:34:03.013628Z DEBUG awase::engine::engine: [diag-engine-active] ime_on=true なのに非活性: reason=Inactive(NotRomajiInput) romaji_capable=false japanese=true user_enabled=true was_active=false input_mode=ObservedEisu
2026-09-21T03:34:03.512634Z DEBUG awase_windows::observer::ime_observer: IME snapshot: japanese=Some(true) ime_on=Some(true) romaji=None conv=Some("0x00000010") guard=false
2026-09-21T03:34:03.512738Z DEBUG awase::journal: ime event seq=768 elapsed_ms=147115 event_kind="ObserverReported"
2026-09-21T03:34:03.512822Z DEBUG awase::engine::engine: [diag-engine-active] ime_on=true なのに非活性: reason=Inactive(NotRomajiInput) romaji_capable=false japanese=true user_enabled=true was_active=false input_mode=ObservedEisu
2026-09-21T03:34:03.821197Z DEBUG awase_windows::hook: [hook] IME-mode vk=0xF0 up self_injected=false injected=false scan=0x70 extra=0x5350494B since_actuation_us=Some(136150889)
2026-09-21T03:34:03.821435Z DEBUG awase_windows::hook: [hook] IME-mode vk=0xF2 down self_injected=false injected=true scan=0x70 extra=0x5350494B since_actuation_us=Some(136151146)
2026-09-21T03:34:03.821413Z DEBUG awase::journal: hook ime-mode diagnostic seq=769 elapsed_ms=147424 vk_code=240 is_down=false self_injected=false injected=false scan=112
2026-09-21T03:34:03.821670Z DEBUG awase_windows::runtime::key_pipeline: [engine-input] vk=0xF0 KeyUp ts=147423883us delay=0ms state=Idle mods(c=false s=false a=false w=false) gas_ctrl=false phys_ctrl=false extra=0x5350494B pending_drain=0 gate_active=false l_thumb=None r_thumb=None [diag-ctx] ime_on
2026-09-21T03:34:03.821709Z DEBUG awase::engine::engine: [diag-engine-active] ime_on=true なのに非活性: reason=Inactive(NotRomajiInput) romaji_capable=false japanese=true user_enabled=true was_active=false input_mode=ObservedEisu
2026-09-21T03:34:03.821775Z DEBUG awase::journal: key input seq=770 elapsed_ms=147424 vk_code=240 is_down=false injected=false key_class="Passthrough" state_before="Idle" state_after="Idle" decision="PassThrough" physical="Allow" repeat_count=1 last_timestamp_us=147423883 last_elapsed_ms=0
2026-09-21T03:34:03.821858Z DEBUG execute_from_hook: awase_windows::runtime::executor: [relay-passthrough] PassThrough idle: direct OS pass-through (vk=0xf0 up)
2026-09-21T03:34:03.821936Z DEBUG awase_windows::runtime::key_pipeline: [engine-input] vk=0xF2 KeyDown ts=147424056us delay=0ms state=Idle mods(c=false s=false a=false w=false) gas_ctrl=false phys_ctrl=false extra=0x5350494B pending_drain=0 gate_active=false l_thumb=None r_thumb=None [diag-ctx] ime_
2026-09-21T03:34:03.821967Z DEBUG awase::engine::engine: [diag-engine-active] ime_on=true なのに非活性: reason=Inactive(NotRomajiInput) romaji_capable=false japanese=true user_enabled=true was_active=false input_mode=ObservedEisu
2026-09-21T03:34:03.822102Z DEBUG awase::journal: key input seq=771 elapsed_ms=147424 vk_code=242 is_down=true injected=true key_class="Passthrough" state_before="Idle" state_after="Idle" decision="PassThrough" physical="Allow" repeat_count=1 last_timestamp_us=147424056 last_elapsed_ms=0
2026-09-21T03:34:03.822167Z DEBUG awase_windows::runtime::key_pipeline: may_change_ime key passed through → IME refresh scheduled (20ms)
2026-09-21T03:34:03.822216Z DEBUG execute_from_hook: awase_windows::runtime::transport: [relay-defer] PassThrough deferred: pending effects, reinject(vk=0xf2 down)
2026-09-21T03:34:03.822268Z DEBUG awase::journal: hook ime-mode diagnostic seq=772 elapsed_ms=147424 vk_code=242 is_down=true self_injected=false injected=true scan=112
2026-09-21T03:34:03.822303Z DEBUG execute_one{generation=None}: awase_windows::runtime::executor: [reinject] vk=0xf0 up (queued passthrough now firing)
2026-09-21T03:34:03.822347Z DEBUG execute_one{generation=None}: awase_windows::runtime::executor: [reinject] vk=0xf2 down (queued passthrough now firing)
2026-09-21T03:34:03.822473Z DEBUG awase_windows::hook: [hook] IME-mode vk=0xF0 up self_injected=true injected=false scan=0x0 extra=0x4B45594D since_actuation_us=Some(136152185)
2026-09-21T03:34:03.823367Z DEBUG awase_windows::hook: [hook] IME-mode vk=0xF2 down self_injected=true injected=true scan=0x0 extra=0x4B45594D since_actuation_us=Some(136153067)
2026-09-21T03:34:03.825499Z DEBUG awase::journal: hook ime-mode diagnostic seq=773 elapsed_ms=147428 vk_code=240 is_down=false self_injected=true injected=false scan=0
2026-09-21T03:34:03.825539Z DEBUG awase::journal: hook ime-mode diagnostic seq=774 elapsed_ms=147428 vk_code=242 is_down=true self_injected=true injected=true scan=0
2026-09-21T03:34:03.836787Z DEBUG awase_windows::tsf::gji_monitor: [gji-io] WRITE: w_ops=+2 w_KB=+0.0 (r_ops=+4 x_ops=+4 x_KB=+0.0)
2026-09-21T03:34:03.856190Z DEBUG awase_windows::runtime::ime_refresh: Skipping observer/SSOT write: typing active (idle=31ms)
2026-09-21T03:34:03.856292Z DEBUG awase::engine::engine: [diag-engine-active] ime_on=true なのに非活性: reason=Inactive(NotRomajiInput) romaji_capable=false japanese=true user_enabled=true was_active=false input_mode=ObservedEisu
2026-09-21T03:34:04.359462Z  INFO awase_windows::observer::ime_observer: IME input method changed: kana → romaji (focused_class=Some("Edit"))
2026-09-21T03:34:04.359487Z DEBUG awase_windows::observer::ime_observer: IME snapshot: japanese=Some(true) ime_on=Some(true) romaji=Some(true) conv=Some("0x00000019") guard=false
2026-09-21T03:34:04.359607Z DEBUG awase::journal: ime event seq=775 elapsed_ms=147962 event_kind="ObserverReported"
2026-09-21T03:34:04.359654Z DEBUG awase::journal: ime event seq=776 elapsed_ms=147962 event_kind="InputModeObserved"
2026-09-21T03:34:04.359738Z  INFO awase::engine::engine: Engine activated (ime=true, romaji=true, japanese=true, user=true, reason=Active)
2026-09-21T03:34:04.359897Z DEBUG execute_from_loop:execute_one{generation=None}:dispatch_ime_set_open{open=true generation=None}: awase_windows::runtime::executor: [dispatch-ime] ImmCross async: optimistic applied_snapshot=true (suppress send_engine_state_ime_key)
2026-09-21T03:34:04.361424Z DEBUG execute_from_loop:execute_one{generation=None}: awase_windows::platform: [engine-state-key] suppressed (polling/focus-triggered, enabled=true)
2026-09-21T03:34:04.363529Z DEBUG run_open_chain_async: awase_windows::ime_controller: [warrant-shadow] chain=async open=true origin=EventOrigin { source: SelfActuated { strategy: "engine_decision_async" }, epoch: Generation(0) } warranted
2026-09-21T03:34:04.363623Z  INFO run_open_chain_async:imm_cross_write{open=true}: awase_windows::runtime::open_chain: [apply-ime] ImmCross async: open=true composition_active=false show_seq=0 change_seq=0 (issue #138診断)
2026-09-21T03:34:04.365903Z DEBUG awase_windows::shadow_send_trace: [shadow-send] channel=ImeControl cmd=0x0006 lparam=1 issue_us=147968241
2026-09-21T03:34:04.365922Z DEBUG awase_windows::ime: set_ime_open_for_target: hwnd=HWND(0x8091c) ime_wnd=HWND(0xf086a) open=true success=true send_elapsed=0ms candidate_visible=false
2026-09-21T03:34:04.366154Z DEBUG run_open_chain_async:imm_cross_write{open=true}: awase_windows::ime: [imm-cross-actuate] hwnd=HWND(0x8091c) open=Written conv=Some(Written)
2026-09-21T03:34:04.366207Z DEBUG run_open_chain_async:imm_cross_write{open=true}: awase_windows::runtime::open_chain: [apply-ime] ROMAN 補完結果: Written
2026-09-21T03:34:04.366270Z DEBUG run_open_chain_async: awase::journal: actuation decision seq=777 elapsed_ms=147968 site="DispatchImeSetOpen" caller="None" open=true chain_len=4 attempts_len=1 gate_profile="Standard" gate_kind="Gji" gate_shadow_known=true gate_shadow_on=true gate_input_mode="Observ
2026-09-21T03:34:04.366470Z DEBUG on_ime_apply_complete{open=true outcome=AppliedWithoutSendInput generation=None reason=EngineDecision}: awase::journal: ime open applied seq=778 elapsed_ms=147969 open=true outcome="AppliedWithoutSendInput" reason="EngineDecision"
2026-09-21T03:34:04.366585Z DEBUG on_ime_apply_complete{open=true outcome=AppliedWithoutSendInput generation=None reason=EngineDecision}: awase_windows::tsf::ime_mode_fsm: [ime-mode] SetOpen(true) applied → Hiragana (belief, unconfirmed)
2026-09-21T03:34:04.366615Z DEBUG on_ime_apply_complete{open=true outcome=AppliedWithoutSendInput generation=None reason=EngineDecision}: awase_windows::platform: [composition] ImeEffect::SetOpen(true) → marking cold
2026-09-21T03:34:04.366639Z DEBUG on_ime_apply_complete{open=true outcome=AppliedWithoutSendInput generation=None reason=EngineDecision}: awase_windows::tsf::probe: [composition] marked cold reason=SetOpenTrue idle=13984ms → next VK/TSF output will send VK_DBE_HIRAGANA warmup
2026-09-21T03:34:04.366695Z DEBUG on_ime_apply_complete{open=true outcome=AppliedWithoutSendInput generation=None reason=EngineDecision}:gji_on_event{event=ImeOn { injection_mode: Unicode, gji_idle_ms: 531 }}: awase_windows::tsf::gji_fsm: [gji-fsm] ImeOn: already on (OnWarm), ignored
2026-09-21T03:34:04.366820Z DEBUG awase::journal: gji fsm transition seq=779 elapsed_ms=147969 trigger="ImeOn(gji_idle_ms=531)" state_before="OnWarm" state_after="OnWarm"
2026-09-21T03:34:04.408006Z DEBUG awase_windows::observer::ime_observer: IME snapshot: japanese=Some(true) ime_on=Some(true) romaji=Some(true) conv=Some("0x00000019") guard=false
2026-09-21T03:34:04.408132Z DEBUG awase::journal: ime event seq=780 elapsed_ms=148010 event_kind="ObserverReported"
2026-09-21T03:34:04.408185Z DEBUG awase::journal: ime event seq=781 elapsed_ms=148010 event_kind="InputModeObserved"
2026-09-21T03:34:04.903553Z DEBUG awase_windows::observer::ime_observer: IME snapshot: japanese=Some(true) ime_on=Some(true) romaji=Some(true) conv=Some("0x00000019") guard=false
2026-09-21T03:34:04.903641Z DEBUG awase::journal: ime event seq=782 elapsed_ms=148506 event_kind="ObserverReported"
2026-09-21T03:34:04.903683Z DEBUG awase::journal: ime event seq=783 elapsed_ms=148506 event_kind="InputModeObserved"
2026-09-21T03:34:05.404353Z DEBUG awase_windows::observer::ime_observer: IME snapshot: japanese=Some(true) ime_on=Some(true) romaji=Some(true) conv=Some("0x00000019") guard=false
2026-09-21T03:34:05.404448Z DEBUG awase::journal: ime event seq=784 elapsed_ms=149007 event_kind="ObserverReported"
2026-09-21T03:34:05.404488Z DEBUG awase::journal: ime event seq=785 elapsed_ms=149007 event_kind="InputModeObserved"
2026-09-21T03:34:05.759183Z DEBUG awase_windows::runtime::key_pipeline: [engine-input] vk=0x41 KeyDown ts=149361497us delay=0ms state=Idle mods(c=false s=false a=false w=false) gas_ctrl=false phys_ctrl=false extra=0x5350494B pending_drain=0 gate_active=false l_thumb=None r_thumb=None [diag-ctx] ime_
2026-09-21T03:34:05.759313Z DEBUG awase::journal: key input seq=786 elapsed_ms=149362 vk_code=65 is_down=true injected=true key_class="Char" state_before="Idle" state_after="PendingChar(vk=0x41)" decision="Consume" physical="Allow" repeat_count=1 last_timestamp_us=149361497 last_elapsed_ms=0
2026-09-21T03:34:05.867164Z DEBUG execute_from_loop:execute_one{generation=None}: awase_windows::output: send_keys: mode=Unicode actions=[Char('う')] prev_elapsed=15484ms
2026-09-21T03:34:05.867191Z DEBUG execute_from_loop:execute_one{generation=None}: awase_windows::tsf::probe: [mark-send] last_send_ms=53656921
2026-09-21T03:34:05.867209Z DEBUG execute_from_loop:execute_one{generation=None}: awase_windows::output:   → Char('う') via Unicode
2026-09-21T03:34:05.872715Z DEBUG execute_from_loop:execute_one{generation=None}: awase_windows::tsf::probe: [mark-send] last_send_ms=53656921
2026-09-21T03:34:05.873205Z DEBUG awase_windows::tsf::gji_monitor: [gji-io] WRITE: w_ops=+2 w_KB=+0.3 (r_ops=+4 x_ops=+4 x_KB=+0.0)
2026-09-21T03:34:05.881622Z  INFO awase_windows::tsf::win_event_obs: [gji-obs] candidate SHOW #11: last_gji_write=16ms ago
2026-09-21T03:34:05.887962Z DEBUG awase_windows::runtime::key_pipeline: [engine-input] vk=0x41 KeyUp ts=149488611us delay=1ms state=Idle mods(c=false s=false a=false w=false) gas_ctrl=false phys_ctrl=false extra=0x5350494B pending_drain=0 gate_active=false l_thumb=None r_thumb=None [diag-ctx] ime_on
2026-09-21T03:34:05.888050Z DEBUG awase::journal: key input seq=788 elapsed_ms=149490 vk_code=65 is_down=false injected=true key_class="Char" state_before="Idle" state_after="Idle" decision="Consume" physical="Allow" repeat_count=1 last_timestamp_us=149488611 last_elapsed_ms=0
2026-09-21T03:34:05.888155Z DEBUG execute_one{generation=None}: awase_windows::output: send_keys: mode=Unicode actions=[Suppress] prev_elapsed=16ms
2026-09-21T03:34:05.888295Z DEBUG execute_one{generation=None}: awase_windows::tsf::probe: [mark-send] last_send_ms=53656937
2026-09-21T03:34:05.888312Z DEBUG execute_one{generation=None}: awase_windows::output:   → Suppress
2026-09-21T03:34:05.888321Z DEBUG execute_one{generation=None}: awase_windows::tsf::probe: [mark-send] last_send_ms=53656937
2026-09-21T03:34:05.888357Z DEBUG execute_one{generation=None}: awase_windows::platform: [gji-fsm] StartComposition (candidate SHOW)
2026-09-21T03:34:05.888382Z DEBUG execute_one{generation=None}:gji_on_event{event=StartComposition}: awase_windows::tsf::gji_fsm: [gji-fsm] StartComposition: OnWarm → OnComposing(AlreadyWarm)
2026-09-21T03:34:05.888472Z DEBUG awase::journal: gji fsm transition seq=789 elapsed_ms=149491 trigger="StartComposition(candidate SHOW)" state_before="OnWarm" state_after="OnComposing(Warm)"
2026-09-21T03:34:05.902270Z DEBUG awase_windows::runtime::ime_refresh: Skipping observer/SSOT write: typing active (idle=16ms)
2026-09-21T03:34:06.403819Z DEBUG awase_windows::observer::ime_observer: IME snapshot: japanese=Some(true) ime_on=Some(true) romaji=Some(true) conv=Some("0x00000019") guard=false
2026-09-21T03:34:06.403919Z DEBUG awase::journal: ime event seq=790 elapsed_ms=150006 event_kind="ObserverReported"
2026-09-21T03:34:06.403959Z DEBUG awase::journal: ime event seq=791 elapsed_ms=150006 event_kind="InputModeObserved"
2026-09-21T03:34:06.903336Z DEBUG awase_windows::observer::ime_observer: IME snapshot: japanese=Some(true) ime_on=Some(true) romaji=Some(true) conv=Some("0x00000019") guard=false
2026-09-21T03:34:06.903410Z DEBUG awase::journal: ime event seq=792 elapsed_ms=150506 event_kind="ObserverReported"
2026-09-21T03:34:06.903436Z DEBUG awase::journal: ime event seq=793 elapsed_ms=150506 event_kind="InputModeObserved"
2026-09-21T03:34:07.407010Z DEBUG awase_windows::observer::ime_observer: IME snapshot: japanese=Some(true) ime_on=Some(true) romaji=Some(true) conv=Some("0x00000019") guard=false
2026-09-21T03:34:07.407086Z DEBUG awase::journal: ime event seq=794 elapsed_ms=151009 event_kind="ObserverReported"
2026-09-21T03:34:07.407113Z DEBUG awase::journal: ime event seq=795 elapsed_ms=151009 event_kind="InputModeObserved"
2026-09-21T03:34:07.699150Z DEBUG awase_windows::runtime::key_pipeline: [engine-input] vk=0x1C KeyDown ts=151301299us delay=0ms state=Idle mods(c=false s=false a=false w=false) gas_ctrl=false phys_ctrl=false extra=0x5350494B pending_drain=0 gate_active=false l_thumb=None r_thumb=None [diag-ctx] ime_
2026-09-21T03:34:07.699292Z DEBUG awase::journal: key input seq=796 elapsed_ms=151302 vk_code=28 is_down=true injected=true key_class="RightThumb" state_before="Idle" state_after="PendingThumb(vk=0x1C,left=false)" decision="Consume" physical="Allow" repeat_count=1 last_timestamp_us=151301299 last_el
2026-09-21T03:34:07.821576Z DEBUG awase_windows::runtime::key_pipeline: [engine-input] vk=0x1C KeyUp ts=151424002us delay=0ms state=Idle mods(c=false s=false a=false w=false) gas_ctrl=false phys_ctrl=false extra=0x5350494B pending_drain=0 gate_active=false l_thumb=None r_thumb=None [diag-ctx] ime_on
2026-09-21T03:34:07.821676Z DEBUG awase::journal: key input seq=798 elapsed_ms=151424 vk_code=28 is_down=false injected=true key_class="RightThumb" state_before="Idle" state_after="Idle" decision="Consume" physical="Allow" repeat_count=1 last_timestamp_us=151424002 last_elapsed_ms=0
2026-09-21T03:34:07.904061Z DEBUG awase_windows::runtime::ime_refresh: Skipping observer/SSOT write: typing active (idle=78ms)
2026-09-21T03:34:08.403499Z DEBUG awase_windows::observer::ime_observer: IME snapshot: japanese=Some(true) ime_on=Some(true) romaji=Some(true) conv=Some("0x00000019") guard=false
2026-09-21T03:34:08.403561Z DEBUG awase::journal: ime event seq=799 elapsed_ms=152006 event_kind="ObserverReported"
2026-09-21T03:34:08.403583Z DEBUG awase::journal: ime event seq=800 elapsed_ms=152006 event_kind="InputModeObserved"
2026-09-21T03:34:08.906432Z DEBUG awase_windows::observer::ime_observer: IME snapshot: japanese=Some(true) ime_on=Some(true) romaji=Some(true) conv=Some("0x00000019") guard=false
2026-09-21T03:34:08.906523Z DEBUG awase::journal: ime event seq=801 elapsed_ms=152509 event_kind="ObserverReported"
2026-09-21T03:34:08.906574Z DEBUG awase::journal: ime event seq=802 elapsed_ms=152509 event_kind="InputModeObserved"
2026-09-21T03:34:09.405396Z DEBUG awase_windows::observer::ime_observer: IME snapshot: japanese=Some(true) ime_on=Some(true) romaji=Some(true) conv=Some("0x00000019") guard=false
2026-09-21T03:34:09.405491Z DEBUG awase::journal: ime event seq=803 elapsed_ms=153008 event_kind="ObserverReported"
2026-09-21T03:34:09.405529Z DEBUG awase::journal: ime event seq=804 elapsed_ms=153008 event_kind="InputModeObserved"
2026-09-21T03:34:09.638042Z DEBUG awase_windows::runtime::key_pipeline: [engine-input] vk=0x4B KeyDown ts=153240401us delay=0ms state=Idle mods(c=false s=false a=false w=false) gas_ctrl=false phys_ctrl=false extra=0x5350494B pending_drain=0 gate_active=false l_thumb=None r_thumb=None [diag-ctx] ime_
2026-09-21T03:34:09.638140Z DEBUG awase::journal: key input seq=805 elapsed_ms=153240 vk_code=75 is_down=true injected=true key_class="Char" state_before="Idle" state_after="PendingChar(vk=0x4B)" decision="Consume" physical="Allow" repeat_count=1 last_timestamp_us=153240401 last_elapsed_ms=0
2026-09-21T03:34:09.747321Z DEBUG execute_from_loop:execute_one{generation=None}: awase_windows::output: send_keys: mode=Unicode actions=[Char('き')] prev_elapsed=3859ms
2026-09-21T03:34:09.747389Z DEBUG execute_from_loop:execute_one{generation=None}: awase_windows::tsf::probe: [mark-send] last_send_ms=53660796
2026-09-21T03:34:09.747436Z DEBUG execute_from_loop:execute_one{generation=None}: awase_windows::output:   → Char('き') via Unicode
2026-09-21T03:34:09.755137Z DEBUG execute_from_loop:execute_one{generation=None}: awase_windows::tsf::probe: [mark-send] last_send_ms=53660796
2026-09-21T03:34:09.763585Z DEBUG awase_windows::tsf::gji_monitor: [gji-io] WRITE: w_ops=+2 w_KB=+0.6 (r_ops=+4 x_ops=+4 x_KB=+0.0)
2026-09-21T03:34:09.766407Z DEBUG awase_windows::runtime::key_pipeline: [engine-input] vk=0x4B KeyUp ts=153368710us delay=0ms state=Idle mods(c=false s=false a=false w=false) gas_ctrl=false phys_ctrl=false extra=0x5350494B pending_drain=0 gate_active=false l_thumb=None r_thumb=None [diag-ctx] ime_on
2026-09-21T03:34:09.766541Z DEBUG awase::journal: key input seq=807 elapsed_ms=153369 vk_code=75 is_down=false injected=true key_class="Char" state_before="Idle" state_after="Idle" decision="Consume" physical="Allow" repeat_count=1 last_timestamp_us=153368710 last_elapsed_ms=0
2026-09-21T03:34:09.766707Z DEBUG execute_one{generation=None}: awase_windows::output: send_keys: mode=Unicode actions=[Suppress] prev_elapsed=16ms
2026-09-21T03:34:09.766742Z DEBUG execute_one{generation=None}: awase_windows::tsf::probe: [mark-send] last_send_ms=53660812
2026-09-21T03:34:09.766763Z DEBUG execute_one{generation=None}: awase_windows::output:   → Suppress
2026-09-21T03:34:09.766782Z DEBUG execute_one{generation=None}: awase_windows::tsf::probe: [mark-send] last_send_ms=53660812
2026-09-21T03:34:09.909020Z DEBUG awase_windows::runtime::ime_refresh: Skipping observer/SSOT write: typing active (idle=141ms)
2026-09-21T03:34:10.414051Z DEBUG awase_windows::observer::ime_observer: IME snapshot: japanese=Some(true) ime_on=Some(true) romaji=Some(true) conv=Some("0x00000019") guard=false
2026-09-21T03:34:10.414167Z DEBUG awase::journal: ime event seq=808 elapsed_ms=154016 event_kind="ObserverReported"
2026-09-21T03:34:10.414216Z DEBUG awase::journal: ime event seq=809 elapsed_ms=154016 event_kind="InputModeObserved"
2026-09-21T03:34:10.926072Z DEBUG awase_windows::observer::ime_observer: IME snapshot: japanese=Some(true) ime_on=Some(true) romaji=Some(true) conv=Some("0x00000019") guard=false
2026-09-21T03:34:10.926156Z DEBUG awase::journal: ime event seq=810 elapsed_ms=154528 event_kind="ObserverReported"
2026-09-21T03:34:10.926185Z DEBUG awase::journal: ime event seq=811 elapsed_ms=154528 event_kind="InputModeObserved"
2026-09-21T03:34:11.426760Z DEBUG awase_windows::observer::ime_observer: IME snapshot: japanese=Some(true) ime_on=Some(true) romaji=Some(true) conv=Some("0x00000019") guard=false
2026-09-21T03:34:11.426872Z DEBUG awase::journal: ime event seq=812 elapsed_ms=155029 event_kind="ObserverReported"
2026-09-21T03:34:11.426919Z DEBUG awase::journal: ime event seq=813 elapsed_ms=155029 event_kind="InputModeObserved"
2026-09-21T03:34:11.579686Z DEBUG awase_windows::runtime::key_pipeline: [engine-input] vk=0x1B KeyDown ts=155181991us delay=0ms state=Idle mods(c=false s=false a=false w=false) gas_ctrl=false phys_ctrl=false extra=0x5350494B pending_drain=0 gate_active=false l_thumb=None r_thumb=None [diag-ctx] ime_
2026-09-21T03:34:11.579805Z DEBUG awase::journal: key input seq=814 elapsed_ms=155182 vk_code=27 is_down=true injected=true key_class="Passthrough" state_before="Idle" state_after="Idle" decision="PassThrough" physical="Allow" repeat_count=1 last_timestamp_us=155181991 last_elapsed_ms=0
2026-09-21T03:34:11.579894Z DEBUG execute_from_hook: awase_windows::runtime::executor: [relay-passthrough] PassThrough idle: direct OS pass-through (vk=0x1b down)
2026-09-21T03:34:11.579963Z DEBUG execute_one{generation=None}: awase_windows::runtime::executor: [reinject] vk=0x1b down (queued passthrough now firing)
2026-09-21T03:34:11.585623Z  INFO awase_windows::tsf::win_event_obs: [gji-obs] candidate HIDE: last_gji_write=1828ms ago
2026-09-21T03:34:11.593437Z DEBUG awase_windows::tsf::gji_monitor: [gji-io] WRITE: w_ops=+2 w_KB=+0.3 (r_ops=+4 x_ops=+4 x_KB=+0.0)
2026-09-21T03:34:11.703272Z DEBUG awase_windows::runtime::key_pipeline: [engine-input] vk=0x1B KeyUp ts=155305430us delay=0ms state=Idle mods(c=false s=false a=false w=false) gas_ctrl=false phys_ctrl=false extra=0x5350494B pending_drain=0 gate_active=false l_thumb=None r_thumb=None [diag-ctx] ime_on
2026-09-21T03:34:11.703451Z DEBUG awase::journal: key input seq=815 elapsed_ms=155306 vk_code=27 is_down=false injected=true key_class="Passthrough" state_before="Idle" state_after="Idle" decision="PassThrough" physical="Allow" repeat_count=1 last_timestamp_us=155305430 last_elapsed_ms=0
2026-09-21T03:34:11.703623Z DEBUG execute_from_hook: awase_windows::runtime::executor: [relay-passthrough] PassThrough idle: direct OS pass-through (vk=0x1b up)
2026-09-21T03:34:11.703746Z DEBUG execute_one{generation=None}: awase_windows::runtime::executor: [reinject] vk=0x1b up (queued passthrough now firing)
2026-09-21T03:34:11.706234Z DEBUG awase_windows::platform: [gji-fsm] EndComposition (candidate HIDE) epoch=FocusEpoch(11)
2026-09-21T03:34:11.706534Z DEBUG awase::journal: gji fsm transition seq=816 elapsed_ms=155309 trigger="EndComposition(candidate HIDE, epoch=FocusEpoch(11))" state_before="OnComposing(Warm)" state_after="OnWarm"
2026-09-21T03:34:11.940425Z DEBUG awase_windows::runtime::ime_refresh: Skipping observer/SSOT write: typing active (idle=234ms)
2026-09-21T03:34:12.441755Z DEBUG awase_windows::observer::ime_observer: IME snapshot: japanese=Some(true) ime_on=Some(true) romaji=Some(true) conv=Some("0x00000019") guard=false
2026-09-21T03:34:12.441864Z DEBUG awase::journal: ime event seq=817 elapsed_ms=156044 event_kind="ObserverReported"
2026-09-21T03:34:12.441908Z DEBUG awase::journal: ime event seq=818 elapsed_ms=156044 event_kind="InputModeObserved"
2026-09-21T03:34:12.955676Z DEBUG awase_windows::observer::ime_observer: IME snapshot: japanese=Some(true) ime_on=Some(true) romaji=Some(true) conv=Some("0x00000019") guard=false
2026-09-21T03:34:12.955762Z DEBUG awase::journal: ime event seq=819 elapsed_ms=156558 event_kind="ObserverReported"
2026-09-21T03:34:12.955799Z DEBUG awase::journal: ime event seq=820 elapsed_ms=156558 event_kind="InputModeObserved"
2026-09-21T03:34:13.458465Z DEBUG awase_windows::observer::ime_observer: IME snapshot: japanese=Some(true) ime_on=Some(true) romaji=Some(true) conv=Some("0x00000019") guard=false
2026-09-21T03:34:13.458591Z DEBUG awase::journal: ime event seq=821 elapsed_ms=157061 event_kind="ObserverReported"
2026-09-21T03:34:13.458657Z DEBUG awase::journal: ime event seq=822 elapsed_ms=157061 event_kind="InputModeObserved"
2026-09-21T03:34:13.517167Z DEBUG awase_windows::runtime::key_pipeline: [engine-input] vk=0x4B KeyDown ts=157119266us delay=0ms state=Idle mods(c=false s=false a=false w=false) gas_ctrl=false phys_ctrl=false extra=0x5350494B pending_drain=0 gate_active=false l_thumb=None r_thumb=None [diag-ctx] ime_
2026-09-21T03:34:13.517382Z DEBUG awase::journal: key input seq=823 elapsed_ms=157120 vk_code=75 is_down=true injected=true key_class="Char" state_before="Idle" state_after="PendingChar(vk=0x4B)" decision="Consume" physical="Allow" repeat_count=1 last_timestamp_us=157119266 last_elapsed_ms=0
2026-09-21T03:34:13.625575Z DEBUG execute_from_loop:execute_one{generation=None}: awase_windows::output: send_keys: mode=Unicode actions=[Char('き')] prev_elapsed=3859ms
2026-09-21T03:34:13.625607Z DEBUG execute_from_loop:execute_one{generation=None}: awase_windows::tsf::probe: [mark-send] last_send_ms=53664671
2026-09-21T03:34:13.625628Z DEBUG execute_from_loop:execute_one{generation=None}: awase_windows::output:   → Char('き') via Unicode
2026-09-21T03:34:13.628117Z DEBUG execute_from_loop:execute_one{generation=None}: awase_windows::tsf::probe: [mark-send] last_send_ms=53664671
2026-09-21T03:34:13.633538Z  INFO awase_windows::tsf::win_event_obs: [gji-obs] candidate SHOW #12: last_gji_write=2047ms ago
2026-09-21T03:34:13.641390Z DEBUG awase_windows::runtime::key_pipeline: [engine-input] vk=0x4B KeyUp ts=157243758us delay=0ms state=Idle mods(c=false s=false a=false w=false) gas_ctrl=false phys_ctrl=false extra=0x5350494B pending_drain=0 gate_active=false l_thumb=None r_thumb=None [diag-ctx] ime_on
2026-09-21T03:34:13.641532Z DEBUG awase::journal: key input seq=825 elapsed_ms=157244 vk_code=75 is_down=false injected=true key_class="Char" state_before="Idle" state_after="Idle" decision="Consume" physical="Allow" repeat_count=1 last_timestamp_us=157243758 last_elapsed_ms=0
2026-09-21T03:34:13.641642Z DEBUG awase_windows::tsf::gji_monitor: [gji-io] WRITE: w_ops=+2 w_KB=+0.3 (r_ops=+4 x_ops=+4 x_KB=+0.0)
2026-09-21T03:34:13.641705Z DEBUG execute_one{generation=None}: awase_windows::output: send_keys: mode=Unicode actions=[Suppress] prev_elapsed=16ms
2026-09-21T03:34:13.641740Z DEBUG execute_one{generation=None}: awase_windows::tsf::probe: [mark-send] last_send_ms=53664687
2026-09-21T03:34:13.641763Z DEBUG execute_one{generation=None}: awase_windows::output:   → Suppress
2026-09-21T03:34:13.641781Z DEBUG execute_one{generation=None}: awase_windows::tsf::probe: [mark-send] last_send_ms=53664687
2026-09-21T03:34:13.641890Z DEBUG execute_one{generation=None}: awase_windows::platform: [gji-fsm] StartComposition (candidate SHOW)
2026-09-21T03:34:13.641943Z DEBUG execute_one{generation=None}:gji_on_event{event=StartComposition}: awase_windows::tsf::gji_fsm: [gji-fsm] StartComposition: OnWarm → OnComposing(AlreadyWarm)
2026-09-21T03:34:13.642108Z DEBUG awase::journal: gji fsm transition seq=826 elapsed_ms=157244 trigger="StartComposition(candidate SHOW)" state_before="OnWarm" state_after="OnComposing(Warm)"
2026-09-21T03:34:13.974393Z DEBUG awase_windows::runtime::ime_refresh: Skipping observer/SSOT write: typing active (idle=344ms)
2026-09-21T03:34:14.488533Z DEBUG awase_windows::observer::ime_observer: IME snapshot: japanese=Some(true) ime_on=Some(true) romaji=Some(true) conv=Some("0x00000019") guard=false
2026-09-21T03:34:14.488626Z DEBUG awase::journal: ime event seq=827 elapsed_ms=158091 event_kind="ObserverReported"
2026-09-21T03:34:14.488665Z DEBUG awase::journal: ime event seq=828 elapsed_ms=158091 event_kind="InputModeObserved"
2026-09-21T03:34:15.005893Z DEBUG awase_windows::observer::ime_observer: IME snapshot: japanese=Some(true) ime_on=Some(true) romaji=Some(true) conv=Some("0x00000019") guard=false
2026-09-21T03:34:15.005965Z DEBUG awase::journal: ime event seq=829 elapsed_ms=158608 event_kind="ObserverReported"
2026-09-21T03:34:15.005988Z DEBUG awase::journal: ime event seq=830 elapsed_ms=158608 event_kind="InputModeObserved"
2026-09-21T03:34:15.458377Z DEBUG awase_windows::runtime::key_pipeline: [engine-input] vk=0x1C KeyDown ts=159060666us delay=0ms state=Idle mods(c=false s=false a=false w=false) gas_ctrl=false phys_ctrl=false extra=0x5350494B pending_drain=0 gate_active=false l_thumb=None r_thumb=None [diag-ctx] ime_
2026-09-21T03:34:15.458612Z DEBUG awase::journal: key input seq=831 elapsed_ms=159061 vk_code=28 is_down=true injected=true key_class="RightThumb" state_before="Idle" state_after="PendingThumb(vk=0x1C,left=false)" decision="Consume" physical="Allow" repeat_count=1 last_timestamp_us=159060666 last_el
2026-09-21T03:34:15.523776Z DEBUG awase_windows::runtime::ime_refresh: Skipping observer/SSOT write: typing active (idle=63ms)
2026-09-21T03:34:15.583391Z DEBUG awase_windows::runtime::key_pipeline: [engine-input] vk=0x1C KeyUp ts=159185805us delay=0ms state=Idle mods(c=false s=false a=false w=false) gas_ctrl=false phys_ctrl=false extra=0x5350494B pending_drain=0 gate_active=false l_thumb=None r_thumb=None [diag-ctx] ime_on
2026-09-21T03:34:15.583503Z DEBUG awase::journal: key input seq=833 elapsed_ms=159186 vk_code=28 is_down=false injected=true key_class="RightThumb" state_before="Idle" state_after="Idle" decision="Consume" physical="Allow" repeat_count=1 last_timestamp_us=159185805 last_elapsed_ms=0
2026-09-21T03:34:16.024242Z DEBUG awase_windows::runtime::ime_refresh: Skipping observer/SSOT write: typing active (idle=438ms)
2026-09-21T03:34:16.529135Z DEBUG awase_windows::observer::ime_observer: IME snapshot: japanese=Some(true) ime_on=Some(true) romaji=Some(true) conv=Some("0x00000019") guard=false
2026-09-21T03:34:16.529258Z DEBUG awase::journal: ime event seq=834 elapsed_ms=160131 event_kind="ObserverReported"
2026-09-21T03:34:16.529306Z DEBUG awase::journal: ime event seq=835 elapsed_ms=160132 event_kind="InputModeObserved"
2026-09-21T03:34:17.032396Z DEBUG awase_windows::observer::ime_observer: IME snapshot: japanese=Some(true) ime_on=Some(true) romaji=Some(true) conv=Some("0x00000019") guard=false
2026-09-21T03:34:17.032468Z DEBUG awase::journal: ime event seq=836 elapsed_ms=160635 event_kind="ObserverReported"
2026-09-21T03:34:17.032494Z DEBUG awase::journal: ime event seq=837 elapsed_ms=160635 event_kind="InputModeObserved"
2026-09-21T03:34:17.389499Z DEBUG awase_windows::runtime::key_pipeline: [engine-input] vk=0x0D KeyDown ts=160991871us delay=0ms state=Idle mods(c=false s=false a=false w=false) gas_ctrl=false phys_ctrl=false extra=0x5350494B pending_drain=0 gate_active=false l_thumb=None r_thumb=None [diag-ctx] ime_
2026-09-21T03:34:17.389601Z DEBUG awase::journal: key input seq=838 elapsed_ms=160992 vk_code=13 is_down=true injected=true key_class="Passthrough" state_before="Idle" state_after="Idle" decision="PassThrough" physical="Allow" repeat_count=1 last_timestamp_us=160991871 last_elapsed_ms=0
2026-09-21T03:34:17.389708Z DEBUG execute_from_hook: awase_windows::runtime::executor: [relay-passthrough] PassThrough idle: direct OS pass-through (vk=0x0d down)
2026-09-21T03:34:17.389783Z DEBUG execute_one{generation=None}: awase_windows::runtime::executor: [reinject] vk=0x0d down (queued passthrough now firing)
2026-09-21T03:34:17.393615Z  INFO awase_windows::tsf::win_event_obs: [gji-obs] candidate HIDE: last_gji_write=3750ms ago
2026-09-21T03:34:17.404890Z DEBUG awase_windows::tsf::gji_monitor: [gji-io] WRITE: w_ops=+2 w_KB=+0.3 (r_ops=+4 x_ops=+4 x_KB=+0.0)
2026-09-21T03:34:17.514652Z DEBUG awase_windows::runtime::key_pipeline: [engine-input] vk=0x0D KeyUp ts=161116831us delay=0ms state=Idle mods(c=false s=false a=false w=false) gas_ctrl=false phys_ctrl=false extra=0x5350494B pending_drain=0 gate_active=false l_thumb=None r_thumb=None [diag-ctx] ime_on
2026-09-21T03:34:17.514822Z DEBUG awase::journal: key input seq=839 elapsed_ms=161117 vk_code=13 is_down=false injected=true key_class="Passthrough" state_before="Idle" state_after="Idle" decision="PassThrough" physical="Allow" repeat_count=1 last_timestamp_us=161116831 last_elapsed_ms=0
2026-09-21T03:34:17.514977Z DEBUG execute_from_hook: awase_windows::runtime::executor: [relay-passthrough] PassThrough idle: direct OS pass-through (vk=0x0d up)
2026-09-21T03:34:17.515080Z DEBUG execute_one{generation=None}: awase_windows::runtime::executor: [reinject] vk=0x0d up (queued passthrough now firing)
2026-09-21T03:34:17.518137Z DEBUG awase_windows::platform: [gji-fsm] EndComposition (candidate HIDE) epoch=FocusEpoch(12)
2026-09-21T03:34:17.518387Z DEBUG awase::journal: gji fsm transition seq=840 elapsed_ms=161120 trigger="EndComposition(candidate HIDE, epoch=FocusEpoch(12))" state_before="OnComposing(Warm)" state_after="OnWarm"
2026-09-21T03:34:17.535113Z DEBUG awase_windows::runtime::ime_refresh: Skipping observer/SSOT write: typing active (idle=16ms)
2026-09-21T03:34:18.034183Z DEBUG awase_windows::observer::ime_observer: IME snapshot: japanese=Some(true) ime_on=Some(true) romaji=Some(true) conv=Some("0x00000019") guard=false
2026-09-21T03:34:18.034274Z DEBUG awase::journal: ime event seq=841 elapsed_ms=161636 event_kind="ObserverReported"
2026-09-21T03:34:18.034312Z DEBUG awase::journal: ime event seq=842 elapsed_ms=161637 event_kind="InputModeObserved"
2026-09-21T03:34:18.540927Z DEBUG awase_windows::observer::ime_observer: IME snapshot: japanese=Some(true) ime_on=Some(true) romaji=Some(true) conv=Some("0x00000019") guard=false
2026-09-21T03:34:18.541582Z DEBUG awase::journal: ime event seq=843 elapsed_ms=162144 event_kind="ObserverReported"
2026-09-21T03:34:18.541613Z DEBUG awase::journal: ime event seq=844 elapsed_ms=162144 event_kind="InputModeObserved"
2026-09-21T03:34:19.042100Z DEBUG awase_windows::observer::ime_observer: IME snapshot: japanese=Some(true) ime_on=Some(true) romaji=Some(true) conv=Some("0x00000019") guard=false
2026-09-21T03:34:19.042199Z DEBUG awase::journal: ime event seq=845 elapsed_ms=162644 event_kind="ObserverReported"
2026-09-21T03:34:19.042226Z DEBUG awase::journal: ime event seq=846 elapsed_ms=162644 event_kind="InputModeObserved"
2026-09-21T03:34:19.331596Z DEBUG awase_windows::runtime::key_pipeline: [engine-input] vk=0x1B KeyDown ts=162933911us delay=0ms state=Idle mods(c=false s=false a=false w=false) gas_ctrl=false phys_ctrl=false extra=0x5350494B pending_drain=0 gate_active=false l_thumb=None r_thumb=None [diag-ctx] ime_
2026-09-21T03:34:19.331704Z DEBUG awase::journal: key input seq=847 elapsed_ms=162934 vk_code=27 is_down=true injected=true key_class="Passthrough" state_before="Idle" state_after="Idle" decision="PassThrough" physical="Allow" repeat_count=1 last_timestamp_us=162933911 last_elapsed_ms=0
2026-09-21T03:34:19.331801Z DEBUG execute_from_hook: awase_windows::runtime::executor: [relay-passthrough] PassThrough idle: direct OS pass-through (vk=0x1b down)
2026-09-21T03:34:19.331876Z DEBUG execute_one{generation=None}: awase_windows::runtime::executor: [reinject] vk=0x1b down (queued passthrough now firing)
2026-09-21T03:34:19.346332Z DEBUG awase_windows::tsf::gji_monitor: [gji-io] WRITE: w_ops=+1 w_KB=+0.0 (r_ops=+2 x_ops=+2 x_KB=+0.0)
2026-09-21T03:34:19.458532Z DEBUG awase_windows::runtime::key_pipeline: [engine-input] vk=0x1B KeyUp ts=163060759us delay=0ms state=Idle mods(c=false s=false a=false w=false) gas_ctrl=false phys_ctrl=false extra=0x5350494B pending_drain=0 gate_active=false l_thumb=None r_thumb=None [diag-ctx] ime_on
2026-09-21T03:34:19.458690Z DEBUG awase::journal: key input seq=848 elapsed_ms=163061 vk_code=27 is_down=false injected=true key_class="Passthrough" state_before="Idle" state_after="Idle" decision="PassThrough" physical="Allow" repeat_count=1 last_timestamp_us=163060759 last_elapsed_ms=0
2026-09-21T03:34:19.458889Z DEBUG execute_from_hook: awase_windows::runtime::executor: [relay-passthrough] PassThrough idle: direct OS pass-through (vk=0x1b up)
2026-09-21T03:34:19.459013Z DEBUG execute_one{generation=None}: awase_windows::runtime::executor: [reinject] vk=0x1b up (queued passthrough now firing)
2026-09-21T03:34:19.553977Z DEBUG awase_windows::runtime::ime_refresh: Skipping observer/SSOT write: typing active (idle=94ms)
2026-09-21T03:34:20.067214Z DEBUG awase_windows::observer::ime_observer: IME snapshot: japanese=Some(true) ime_on=Some(true) romaji=Some(true) conv=Some("0x00000019") guard=false
2026-09-21T03:34:20.067305Z DEBUG awase::journal: ime event seq=849 elapsed_ms=163670 event_kind="ObserverReported"
2026-09-21T03:34:20.067326Z DEBUG awase::journal: ime event seq=850 elapsed_ms=163670 event_kind="InputModeObserved"
2026-09-21T03:34:20.587570Z DEBUG awase_windows::observer::ime_observer: IME snapshot: japanese=Some(true) ime_on=Some(true) romaji=Some(true) conv=Some("0x00000019") guard=false
2026-09-21T03:34:20.587652Z DEBUG awase::journal: ime event seq=851 elapsed_ms=164190 event_kind="ObserverReported"
2026-09-21T03:34:20.587679Z DEBUG awase::journal: ime event seq=852 elapsed_ms=164190 event_kind="InputModeObserved"
2026-09-21T03:34:21.087803Z DEBUG awase_windows::observer::ime_observer: IME snapshot: japanese=Some(true) ime_on=Some(true) romaji=Some(true) conv=Some("0x00000019") guard=false
2026-09-21T03:34:21.087884Z DEBUG awase::journal: ime event seq=853 elapsed_ms=164690 event_kind="ObserverReported"
2026-09-21T03:34:21.087923Z DEBUG awase::journal: ime event seq=854 elapsed_ms=164690 event_kind="InputModeObserved"
2026-09-21T03:34:21.258943Z DEBUG awase_windows::runtime::key_pipeline: [engine-input] vk=0x41 KeyDown ts=164861150us delay=0ms state=Idle mods(c=false s=false a=false w=false) gas_ctrl=false phys_ctrl=false extra=0x5350494B pending_drain=0 gate_active=false l_thumb=None r_thumb=None [diag-ctx] ime_
2026-09-21T03:34:21.259115Z DEBUG awase::journal: key input seq=855 elapsed_ms=164861 vk_code=65 is_down=true injected=true key_class="Char" state_before="Idle" state_after="PendingChar(vk=0x41)" decision="Consume" physical="Allow" repeat_count=1 last_timestamp_us=164861150 last_elapsed_ms=0
2026-09-21T03:34:21.367515Z DEBUG execute_from_loop:execute_one{generation=None}: awase_windows::output: send_keys: mode=Unicode actions=[Char('う')] prev_elapsed=7734ms
2026-09-21T03:34:21.367572Z DEBUG execute_from_loop:execute_one{generation=None}: awase_windows::tsf::probe: [mark-send] last_send_ms=53672421
2026-09-21T03:34:21.367612Z DEBUG execute_from_loop:execute_one{generation=None}: awase_windows::output:   → Char('う') via Unicode
2026-09-21T03:34:21.372491Z DEBUG execute_from_loop:execute_one{generation=None}: awase_windows::tsf::probe: [mark-send] last_send_ms=53672421
2026-09-21T03:34:21.377754Z  INFO awase_windows::tsf::win_event_obs: [gji-obs] candidate SHOW #13: last_gji_write=2031ms ago
2026-09-21T03:34:21.382022Z DEBUG awase_windows::tsf::gji_monitor: [gji-io] WRITE: w_ops=+2 w_KB=+0.3 (r_ops=+4 x_ops=+4 x_KB=+0.0)
2026-09-21T03:34:21.387380Z DEBUG awase_windows::runtime::key_pipeline: [engine-input] vk=0x41 KeyUp ts=164989782us delay=0ms state=Idle mods(c=false s=false a=false w=false) gas_ctrl=false phys_ctrl=false extra=0x5350494B pending_drain=0 gate_active=false l_thumb=None r_thumb=None [diag-ctx] ime_on
2026-09-21T03:34:21.387712Z DEBUG awase::journal: key input seq=857 elapsed_ms=164990 vk_code=65 is_down=false injected=true key_class="Char" state_before="Idle" state_after="Idle" decision="Consume" physical="Allow" repeat_count=1 last_timestamp_us=164989782 last_elapsed_ms=0
2026-09-21T03:34:21.387833Z DEBUG execute_one{generation=None}: awase_windows::output: send_keys: mode=Unicode actions=[Suppress] prev_elapsed=16ms
2026-09-21T03:34:21.387857Z DEBUG execute_one{generation=None}: awase_windows::tsf::probe: [mark-send] last_send_ms=53672437
2026-09-21T03:34:21.387869Z DEBUG execute_one{generation=None}: awase_windows::output:   → Suppress
2026-09-21T03:34:21.387878Z DEBUG execute_one{generation=None}: awase_windows::tsf::probe: [mark-send] last_send_ms=53672437
2026-09-21T03:34:21.387999Z DEBUG execute_one{generation=None}: awase_windows::platform: [gji-fsm] StartComposition (candidate SHOW)
2026-09-21T03:34:21.388022Z DEBUG execute_one{generation=None}:gji_on_event{event=StartComposition}: awase_windows::tsf::gji_fsm: [gji-fsm] StartComposition: OnWarm → OnComposing(AlreadyWarm)
2026-09-21T03:34:21.388113Z DEBUG awase::journal: gji fsm transition seq=858 elapsed_ms=164990 trigger="StartComposition(candidate SHOW)" state_before="OnWarm" state_after="OnComposing(Warm)"
2026-09-21T03:34:21.588333Z DEBUG awase_windows::runtime::ime_refresh: Skipping observer/SSOT write: typing active (idle=203ms)
2026-09-21T03:34:22.101695Z DEBUG awase_windows::observer::ime_observer: IME snapshot: japanese=Some(true) ime_on=Some(true) romaji=Some(true) conv=Some("0x00000019") guard=false
2026-09-21T03:34:22.101795Z DEBUG awase::journal: ime event seq=859 elapsed_ms=165704 event_kind="ObserverReported"
2026-09-21T03:34:22.101837Z DEBUG awase::journal: ime event seq=860 elapsed_ms=165704 event_kind="InputModeObserved"
2026-09-21T03:34:22.614903Z DEBUG awase_windows::observer::ime_observer: IME snapshot: japanese=Some(true) ime_on=Some(true) romaji=Some(true) conv=Some("0x00000019") guard=false
2026-09-21T03:34:22.615000Z DEBUG awase::journal: ime event seq=861 elapsed_ms=166217 event_kind="ObserverReported"
2026-09-21T03:34:22.615040Z DEBUG awase::journal: ime event seq=862 elapsed_ms=166217 event_kind="InputModeObserved"
2026-09-21T03:34:23.132244Z DEBUG awase_windows::observer::ime_observer: IME snapshot: japanese=Some(true) ime_on=Some(true) romaji=Some(true) conv=Some("0x00000019") guard=false
2026-09-21T03:34:23.132338Z DEBUG awase::journal: ime event seq=863 elapsed_ms=166735 event_kind="ObserverReported"
2026-09-21T03:34:23.132376Z DEBUG awase::journal: ime event seq=864 elapsed_ms=166735 event_kind="InputModeObserved"
2026-09-21T03:34:23.208858Z DEBUG awase_windows::runtime::key_pipeline: [engine-input] vk=0x1C KeyDown ts=166811213us delay=0ms state=Idle mods(c=false s=false a=false w=false) gas_ctrl=false phys_ctrl=false extra=0x5350494B pending_drain=0 gate_active=false l_thumb=None r_thumb=None [diag-ctx] ime_
2026-09-21T03:34:23.209022Z DEBUG awase::journal: key input seq=865 elapsed_ms=166811 vk_code=28 is_down=true injected=true key_class="RightThumb" state_before="Idle" state_after="PendingThumb(vk=0x1C,left=false)" decision="Consume" physical="Allow" repeat_count=1 last_timestamp_us=166811213 last_el
2026-09-21T03:34:23.317931Z DEBUG awase_windows::runtime::key_pipeline: [engine-input] vk=0x1C KeyUp ts=166920409us delay=0ms state=Idle mods(c=false s=false a=false w=false) gas_ctrl=false phys_ctrl=false extra=0x5350494B pending_drain=0 gate_active=false l_thumb=None r_thumb=None [diag-ctx] ime_on
2026-09-21T03:34:23.318004Z DEBUG awase::journal: key input seq=867 elapsed_ms=166920 vk_code=28 is_down=false injected=true key_class="RightThumb" state_before="Idle" state_after="Idle" decision="Consume" physical="Allow" repeat_count=1 last_timestamp_us=166920409 last_elapsed_ms=0
2026-09-21T03:34:23.635943Z DEBUG awase_windows::runtime::ime_refresh: Skipping observer/SSOT write: typing active (idle=312ms)
2026-09-21T03:34:24.138798Z DEBUG awase_windows::observer::ime_observer: IME snapshot: japanese=Some(true) ime_on=Some(true) romaji=Some(true) conv=Some("0x00000019") guard=false
2026-09-21T03:34:24.138888Z DEBUG awase::journal: ime event seq=868 elapsed_ms=167741 event_kind="ObserverReported"
2026-09-21T03:34:24.138912Z DEBUG awase::journal: ime event seq=869 elapsed_ms=167741 event_kind="InputModeObserved"
2026-09-21T03:34:24.637659Z DEBUG awase_windows::observer::ime_observer: IME snapshot: japanese=Some(true) ime_on=Some(true) romaji=Some(true) conv=Some("0x00000019") guard=false
2026-09-21T03:34:24.637743Z DEBUG awase::journal: ime event seq=870 elapsed_ms=168240 event_kind="ObserverReported"
2026-09-21T03:34:24.637777Z DEBUG awase::journal: ime event seq=871 elapsed_ms=168240 event_kind="InputModeObserved"
2026-09-21T03:34:25.132245Z DEBUG awase_windows::hook: [hook] IME-mode vk=0xF4 up self_injected=false injected=false scan=0x29 extra=0x5350494B since_actuation_us=Some(157461945)
2026-09-21T03:34:25.132383Z DEBUG awase::journal: hook ime-mode diagnostic seq=872 elapsed_ms=168735 vk_code=244 is_down=false self_injected=false injected=false scan=41
2026-09-21T03:34:25.132608Z DEBUG awase_windows::hook: [hook] IME-mode vk=0xF3 down self_injected=false injected=true scan=0x29 extra=0x5350494B since_actuation_us=Some(157462315)
2026-09-21T03:34:25.132651Z DEBUG awase_windows::runtime::key_pipeline: [engine-input] vk=0xF4 KeyUp ts=168734939us delay=0ms state=Idle mods(c=false s=false a=false w=false) gas_ctrl=false phys_ctrl=false extra=0x5350494B pending_drain=0 gate_active=false l_thumb=None r_thumb=None [diag-ctx] ime_on
2026-09-21T03:34:25.132801Z DEBUG awase::journal: key input seq=873 elapsed_ms=168735 vk_code=244 is_down=false injected=false key_class="Passthrough" state_before="Idle" state_after="Idle" decision="PassThrough" physical="Allow" repeat_count=1 last_timestamp_us=168734939 last_elapsed_ms=0
2026-09-21T03:34:25.133050Z DEBUG execute_from_hook: awase_windows::runtime::executor: [relay-passthrough] PassThrough idle: direct OS pass-through (vk=0xf4 up)
2026-09-21T03:34:25.133149Z DEBUG awase::journal: hook ime-mode diagnostic seq=874 elapsed_ms=168735 vk_code=243 is_down=true self_injected=false injected=true scan=41
2026-09-21T03:34:25.133351Z DEBUG awase_windows::runtime::key_pipeline: [engine-input] vk=0xF3 KeyDown ts=168735293us delay=0ms state=Idle mods(c=false s=false a=false w=false) gas_ctrl=false phys_ctrl=false extra=0x5350494B pending_drain=0 gate_active=false l_thumb=None r_thumb=None [diag-ctx] ime_
2026-09-21T03:34:25.133486Z DEBUG awase::journal: key input seq=875 elapsed_ms=168736 vk_code=243 is_down=true injected=true key_class="Passthrough" state_before="Idle" state_after="Idle" decision="PassThrough" physical="Allow" repeat_count=1 last_timestamp_us=168735293 last_elapsed_ms=0
2026-09-21T03:34:25.133582Z DEBUG awase_windows::runtime::key_pipeline: may_change_ime key passed through → IME refresh scheduled (20ms)
2026-09-21T03:34:25.133670Z DEBUG execute_from_hook: awase_windows::runtime::transport: [relay-defer] PassThrough deferred: pending effects, reinject(vk=0xf3 down)
2026-09-21T03:34:25.134092Z DEBUG execute_one{generation=None}: awase_windows::runtime::executor: [reinject] vk=0xf4 up (queued passthrough now firing)
2026-09-21T03:34:25.134197Z DEBUG execute_one{generation=None}: awase_windows::runtime::executor: [reinject] vk=0xf3 down (queued passthrough now firing)
2026-09-21T03:34:25.134438Z DEBUG awase_windows::hook: [hook] IME-mode vk=0xF4 up self_injected=true injected=true scan=0x0 extra=0x4B45594D since_actuation_us=Some(157464143)
2026-09-21T03:34:25.136523Z DEBUG awase_windows::hook: [hook] IME-mode vk=0xF3 up self_injected=true injected=false scan=0x0 extra=0x4B45594D since_actuation_us=Some(157466215)
2026-09-21T03:34:25.137995Z DEBUG awase_windows::hook: [hook] IME-mode vk=0xF4 down self_injected=true injected=true scan=0x0 extra=0x4B45594D since_actuation_us=Some(157467701)
2026-09-21T03:34:25.138881Z DEBUG awase::journal: hook ime-mode diagnostic seq=876 elapsed_ms=168741 vk_code=244 is_down=false self_injected=true injected=true scan=0
2026-09-21T03:34:25.138902Z DEBUG awase::journal: hook ime-mode diagnostic seq=877 elapsed_ms=168741 vk_code=243 is_down=false self_injected=true injected=false scan=0
2026-09-21T03:34:25.138916Z DEBUG awase::journal: hook ime-mode diagnostic seq=878 elapsed_ms=168741 vk_code=244 is_down=true self_injected=true injected=true scan=0
2026-09-21T03:34:25.144722Z  INFO awase_windows::tsf::win_event_obs: [gji-obs] candidate HIDE: last_gji_write=3750ms ago
2026-09-21T03:34:25.149931Z DEBUG awase_windows::runtime::ime_refresh: Skipping observer/SSOT write: typing active (idle=16ms)
2026-09-21T03:34:25.147739Z DEBUG awase_windows::tsf::gji_monitor: [gji-io] WRITE: w_ops=+2 w_KB=+0.3 (r_ops=+4 x_ops=+4 x_KB=+0.0)
2026-09-21T03:34:25.653438Z DEBUG awase_windows::observer::ime_observer: IME snapshot: japanese=Some(true) ime_on=Some(false) romaji=Some(true) conv=Some("0x00000019") guard=false
2026-09-21T03:34:25.653505Z DEBUG awase::journal: ime event seq=879 elapsed_ms=169256 event_kind="ObserverReported"
2026-09-21T03:34:25.653527Z DEBUG awase::journal: ime event seq=880 elapsed_ms=169256 event_kind="InputModeObserved"
2026-09-21T03:34:25.653602Z  INFO awase::engine::engine: Engine deactivated (ime=false, romaji=true, japanese=true, user=true, reason=Inactive(ImeOff))
2026-09-21T03:34:25.653709Z DEBUG execute_from_loop:execute_one{generation=None}:dispatch_ime_set_open{open=false generation=None}: awase_windows::runtime::executor: [dispatch-ime] ImmCross async: optimistic applied_snapshot=false (suppress send_engine_state_ime_key)
2026-09-21T03:34:25.654984Z DEBUG execute_from_loop:execute_one{generation=None}: awase_windows::platform: [engine-state-key] suppressed (polling/focus-triggered, enabled=false)
2026-09-21T03:34:25.656496Z DEBUG run_open_chain_async: awase_windows::ime_controller: [warrant-shadow] chain=async open=false origin=EventOrigin { source: SelfActuated { strategy: "engine_decision_async" }, epoch: Generation(0) } warranted
2026-09-21T03:34:25.656636Z  INFO run_open_chain_async:imm_cross_write{open=false}: awase_windows::runtime::open_chain: [apply-ime] ImmCross async: open=false composition_active=false show_seq=0 change_seq=0 (issue #138診断)
2026-09-21T03:34:25.658204Z DEBUG awase_windows::shadow_send_trace: [shadow-send] channel=ImeControl cmd=0x0006 lparam=0 issue_us=169260569
2026-09-21T03:34:25.658215Z DEBUG awase_windows::ime: set_ime_open_for_target: hwnd=HWND(0x8091c) ime_wnd=HWND(0xf086a) open=false success=true send_elapsed=0ms candidate_visible=false
2026-09-21T03:34:25.658280Z DEBUG run_open_chain_async:imm_cross_write{open=false}: awase_windows::ime: [imm-cross-actuate] hwnd=HWND(0x8091c) open=Written conv=None
2026-09-21T03:34:25.658371Z DEBUG run_open_chain_async: awase::journal: actuation decision seq=881 elapsed_ms=169261 site="DispatchImeSetOpen" caller="None" open=false chain_len=4 attempts_len=1 gate_profile="Standard" gate_kind="Gji" gate_shadow_known=true gate_shadow_on=true gate_input_mode="Obser
2026-09-21T03:34:25.658547Z DEBUG on_ime_apply_complete{open=false outcome=AppliedWithoutSendInput generation=None reason=EngineDecision}: awase::journal: ime open applied seq=882 elapsed_ms=169261 open=false outcome="AppliedWithoutSendInput" reason="EngineDecision"
2026-09-21T03:34:25.658616Z DEBUG on_ime_apply_complete{open=false outcome=AppliedWithoutSendInput generation=None reason=EngineDecision}: awase_windows::tsf::ime_mode_fsm: [ime-mode] SetOpen(false) applied → Off (belief, unconfirmed)
2026-09-21T03:34:25.658633Z DEBUG on_ime_apply_complete{open=false outcome=AppliedWithoutSendInput generation=None reason=EngineDecision}: awase_windows::platform: [composition] ImeEffect::SetOpen(false) → marking cold (prevent warm+TSF Enter leak)
2026-09-21T03:34:25.658646Z DEBUG on_ime_apply_complete{open=false outcome=AppliedWithoutSendInput generation=None reason=EngineDecision}: awase_windows::tsf::probe: [composition] marked cold reason=SetOpenFalse idle=4266ms → next VK/TSF output will send VK_DBE_HIRAGANA warmup
2026-09-21T03:34:25.658747Z DEBUG awase::journal: gji fsm transition seq=883 elapsed_ms=169261 trigger="ImeOff" state_before="OnComposing(Warm)" state_after="OffCold"
2026-09-21T03:34:25.686209Z DEBUG awase_windows::observer::ime_observer: IME snapshot: japanese=Some(true) ime_on=Some(false) romaji=Some(true) conv=Some("0x00000019") guard=false
2026-09-21T03:34:25.686331Z DEBUG awase::journal: ime event seq=884 elapsed_ms=169289 event_kind="ObserverReported"
2026-09-21T03:34:25.686380Z DEBUG awase::journal: ime event seq=885 elapsed_ms=169289 event_kind="InputModeObserved"
2026-09-21T03:34:26.183272Z DEBUG awase_windows::observer::ime_observer: IME snapshot: japanese=Some(true) ime_on=Some(false) romaji=Some(true) conv=Some("0x00000019") guard=false
2026-09-21T03:34:26.183355Z DEBUG awase::journal: ime event seq=886 elapsed_ms=169786 event_kind="ObserverReported"
2026-09-21T03:34:26.183390Z DEBUG awase::journal: ime event seq=887 elapsed_ms=169786 event_kind="InputModeObserved"
2026-09-21T03:34:26.686379Z DEBUG awase_windows::observer::ime_observer: IME snapshot: japanese=Some(true) ime_on=Some(false) romaji=Some(true) conv=Some("0x00000019") guard=false
2026-09-21T03:34:26.686497Z DEBUG awase::journal: ime event seq=888 elapsed_ms=170289 event_kind="ObserverReported"
2026-09-21T03:34:26.686521Z DEBUG awase::journal: ime event seq=889 elapsed_ms=170289 event_kind="InputModeObserved"
2026-09-21T03:34:27.090538Z DEBUG awase_windows::runtime::key_pipeline: [engine-input] vk=0x1B KeyDown ts=170692680us delay=0ms state=Idle mods(c=false s=false a=false w=false) gas_ctrl=false phys_ctrl=false extra=0x5350494B pending_drain=0 gate_active=false l_thumb=None r_thumb=None [diag-ctx] ime_
2026-09-21T03:34:27.090702Z DEBUG awase::journal: key input seq=890 elapsed_ms=170693 vk_code=27 is_down=true injected=true key_class="Passthrough" state_before="Idle" state_after="Idle" decision="PassThrough" physical="Allow" repeat_count=1 last_timestamp_us=170692680 last_elapsed_ms=0
2026-09-21T03:34:27.090907Z DEBUG execute_from_hook: awase_windows::tsf::probe: [composition] marked cold reason=PassthroughConfirmKey idle=5703ms → next VK/TSF output will send VK_DBE_HIRAGANA warmup
2026-09-21T03:34:27.090939Z DEBUG execute_from_hook: awase_windows::tsf::probe: [mark-send] last_send_ms=53678140
2026-09-21T03:34:27.091013Z DEBUG execute_from_hook: awase_windows::platform: [composition-fsm] EmitWarmup (ConfirmKeyDown)
2026-09-21T03:34:27.091040Z DEBUG execute_from_hook: awase_windows::runtime::executor: [relay-passthrough] PassThrough idle: direct OS pass-through (vk=0x1b down)
2026-09-21T03:34:27.091077Z DEBUG awase::journal: gji fsm transition seq=891 elapsed_ms=170693 trigger="CompositionReset(gji_idle_ms=1937)" state_before="OffCold" state_after="OffCold"
2026-09-21T03:34:27.091161Z DEBUG awase_windows::runtime::executor: [reinject-guard] suspending drain for 50ms (vk=0x1b)
2026-09-21T03:34:27.151234Z DEBUG execute_one{generation=None}: awase_windows::runtime::executor: [reinject] vk=0x1b down (queued passthrough now firing)
2026-09-21T03:34:27.151320Z DEBUG execute_one{generation=None}: awase_windows::platform: [composition] reinject KeyDown vk=0x1b → marking cold + eager warmup
2026-09-21T03:34:27.151345Z DEBUG execute_one{generation=None}: awase_windows::tsf::probe: [composition] marked cold reason=ReinjectConfirmKey idle=63ms → next VK/TSF output will send VK_DBE_HIRAGANA warmup
2026-09-21T03:34:27.151372Z DEBUG execute_one{generation=None}: awase_windows::tsf::probe: [mark-send] last_send_ms=53678203
2026-09-21T03:34:27.155539Z DEBUG awase::journal: gji fsm transition seq=892 elapsed_ms=170754 trigger="CompositionReset(gji_idle_ms=2000)" state_before="OffCold" state_after="OffCold"
2026-09-21T03:34:27.185592Z DEBUG awase_windows::runtime::ime_refresh: Skipping observer/SSOT write: typing active (idle=94ms)
2026-09-21T03:34:27.218361Z DEBUG awase_windows::runtime::key_pipeline: [engine-input] vk=0x1B KeyUp ts=170820551us delay=0ms state=Idle mods(c=false s=false a=false w=false) gas_ctrl=false phys_ctrl=false extra=0x5350494B pending_drain=0 gate_active=false l_thumb=None r_thumb=None [diag-ctx] ime_on
2026-09-21T03:34:27.218487Z DEBUG awase::journal: key input seq=893 elapsed_ms=170821 vk_code=27 is_down=false injected=true key_class="Passthrough" state_before="Idle" state_after="Idle" decision="PassThrough" physical="Allow" repeat_count=1 last_timestamp_us=170820551 last_elapsed_ms=0
2026-09-21T03:34:27.218622Z DEBUG execute_from_hook: awase_windows::runtime::executor: [relay-passthrough] PassThrough idle: direct OS pass-through (vk=0x1b up)
2026-09-21T03:34:27.218728Z DEBUG execute_one{generation=None}: awase_windows::runtime::executor: [reinject] vk=0x1b up (queued passthrough now firing)
2026-09-21T03:34:27.687035Z DEBUG awase_windows::runtime::ime_refresh: Skipping observer/SSOT write: typing active (idle=469ms)
2026-09-21T03:34:28.185212Z DEBUG awase_windows::observer::ime_observer: IME snapshot: japanese=Some(true) ime_on=Some(false) romaji=Some(true) conv=Some("0x00000019") guard=false
2026-09-21T03:34:28.185272Z DEBUG awase::journal: ime event seq=894 elapsed_ms=171787 event_kind="ObserverReported"
2026-09-21T03:34:28.185293Z DEBUG awase::journal: ime event seq=895 elapsed_ms=171788 event_kind="InputModeObserved"
2026-09-21T03:34:28.684462Z DEBUG awase_windows::observer::ime_observer: IME snapshot: japanese=Some(true) ime_on=Some(false) romaji=Some(true) conv=Some("0x00000019") guard=false
2026-09-21T03:34:28.684545Z DEBUG awase::journal: ime event seq=896 elapsed_ms=172287 event_kind="ObserverReported"
2026-09-21T03:34:28.684571Z DEBUG awase::journal: ime event seq=897 elapsed_ms=172287 event_kind="InputModeObserved"
2026-09-21T03:34:29.022748Z DEBUG awase_windows::hook: [hook] IME-mode vk=0xF0 up self_injected=false injected=false scan=0x70 extra=0x5350494B since_actuation_us=Some(161352447)
2026-09-21T03:34:29.022889Z DEBUG awase::journal: hook ime-mode diagnostic seq=898 elapsed_ms=172625 vk_code=240 is_down=false self_injected=false injected=false scan=112
2026-09-21T03:34:29.023033Z DEBUG awase_windows::runtime::key_pipeline: [engine-input] vk=0xF0 KeyUp ts=172625412us delay=0ms state=Idle mods(c=false s=false a=false w=false) gas_ctrl=false phys_ctrl=false extra=0x5350494B pending_drain=0 gate_active=false l_thumb=None r_thumb=None [diag-ctx] ime_on
2026-09-21T03:34:29.023086Z DEBUG awase_windows::hook: [hook] IME-mode vk=0xF2 down self_injected=false injected=true scan=0x70 extra=0x5350494B since_actuation_us=Some(161352797)
2026-09-21T03:34:29.023134Z DEBUG awase::journal: key input seq=899 elapsed_ms=172625 vk_code=240 is_down=false injected=false key_class="Passthrough" state_before="Idle" state_after="Idle" decision="PassThrough" physical="Allow" repeat_count=1 last_timestamp_us=172625412 last_elapsed_ms=0
2026-09-21T03:34:29.023227Z DEBUG execute_from_hook: awase_windows::runtime::executor: [relay-passthrough] PassThrough idle: direct OS pass-through (vk=0xf0 up)
2026-09-21T03:34:29.023290Z DEBUG awase::journal: hook ime-mode diagnostic seq=900 elapsed_ms=172626 vk_code=242 is_down=true self_injected=false injected=true scan=112
2026-09-21T03:34:29.023365Z DEBUG awase_windows::runtime::key_pipeline: [engine-input] vk=0xF2 KeyDown ts=172625719us delay=0ms state=Idle mods(c=false s=false a=false w=false) gas_ctrl=false phys_ctrl=false extra=0x5350494B pending_drain=0 gate_active=false l_thumb=None r_thumb=None [diag-ctx] ime_
2026-09-21T03:34:29.023442Z DEBUG awase::journal: key input seq=901 elapsed_ms=172626 vk_code=242 is_down=true injected=true key_class="Passthrough" state_before="Idle" state_after="Idle" decision="PassThrough" physical="Allow" repeat_count=1 last_timestamp_us=172625719 last_elapsed_ms=0
2026-09-21T03:34:29.023517Z DEBUG awase_windows::runtime::key_pipeline: may_change_ime key passed through → IME refresh scheduled (20ms)
2026-09-21T03:34:29.023545Z DEBUG awase_windows::tsf::probe: [composition] marked cold reason=F2NonTsf idle=1875ms → next VK/TSF output will send VK_DBE_HIRAGANA warmup
2026-09-21T03:34:29.023633Z DEBUG execute_from_hook: awase_windows::runtime::transport: [relay-defer] PassThrough deferred: pending effects, reinject(vk=0xf2 down)
2026-09-21T03:34:29.023671Z DEBUG awase::journal: gji fsm transition seq=902 elapsed_ms=172626 trigger="CompositionReset(gji_idle_ms=3875)" state_before="OffCold" state_after="OffCold"
2026-09-21T03:34:29.023716Z DEBUG execute_one{generation=None}: awase_windows::runtime::executor: [reinject] vk=0xf0 up (queued passthrough now firing)
2026-09-21T03:34:29.023770Z DEBUG execute_one{generation=None}: awase_windows::runtime::executor: [reinject] vk=0xf2 down (queued passthrough now firing)
2026-09-21T03:34:29.023945Z DEBUG awase_windows::hook: [hook] IME-mode vk=0xF0 up self_injected=true injected=false scan=0x0 extra=0x4B45594D since_actuation_us=Some(161353655)
2026-09-21T03:34:29.025126Z DEBUG awase_windows::hook: [hook] IME-mode vk=0xF2 down self_injected=true injected=true scan=0x0 extra=0x4B45594D since_actuation_us=Some(161354834)
2026-09-21T03:34:29.026202Z DEBUG awase::journal: hook ime-mode diagnostic seq=903 elapsed_ms=172628 vk_code=240 is_down=false self_injected=true injected=false scan=0
2026-09-21T03:34:29.026339Z DEBUG awase::journal: hook ime-mode diagnostic seq=904 elapsed_ms=172629 vk_code=242 is_down=true self_injected=true injected=true scan=0
2026-09-21T03:34:29.057661Z DEBUG awase_windows::runtime::ime_refresh: Skipping observer/SSOT write: typing active (idle=31ms)
2026-09-21T03:34:29.560245Z DEBUG awase_windows::observer::ime_observer: IME snapshot: japanese=Some(true) ime_on=Some(false) romaji=Some(true) conv=Some("0x00000019") guard=false
2026-09-21T03:34:29.560357Z DEBUG awase::journal: ime event seq=905 elapsed_ms=173163 event_kind="ObserverReported"
2026-09-21T03:34:29.560405Z DEBUG awase::journal: ime event seq=906 elapsed_ms=173163 event_kind="InputModeObserved"
2026-09-21T03:34:30.058429Z DEBUG awase_windows::observer::ime_observer: IME snapshot: japanese=Some(true) ime_on=Some(false) romaji=Some(true) conv=Some("0x00000019") guard=false
2026-09-21T03:34:30.058530Z DEBUG awase::journal: ime event seq=907 elapsed_ms=173661 event_kind="ObserverReported"
2026-09-21T03:34:30.058573Z DEBUG awase::journal: ime event seq=908 elapsed_ms=173661 event_kind="InputModeObserved"
2026-09-21T03:34:30.570662Z DEBUG awase_windows::observer::ime_observer: IME snapshot: japanese=Some(true) ime_on=Some(false) romaji=Some(true) conv=Some("0x00000019") guard=false
2026-09-21T03:34:30.570746Z DEBUG awase::journal: ime event seq=909 elapsed_ms=174173 event_kind="ObserverReported"
2026-09-21T03:34:30.570780Z DEBUG awase::journal: ime event seq=910 elapsed_ms=174173 event_kind="InputModeObserved"
2026-09-21T03:34:30.978099Z DEBUG awase_windows::hook: [hook] IME-mode vk=0xF2 down self_injected=false injected=true scan=0x70 extra=0x5350494B since_actuation_us=Some(163307796)
2026-09-21T03:34:30.978222Z DEBUG awase::journal: hook ime-mode diagnostic seq=911 elapsed_ms=174580 vk_code=242 is_down=true self_injected=false injected=true scan=112
2026-09-21T03:34:30.978404Z DEBUG awase_windows::runtime::key_pipeline: [engine-input] vk=0xF2 KeyDown ts=174580802us delay=0ms state=Idle mods(c=false s=false a=false w=false) gas_ctrl=false phys_ctrl=false extra=0x5350494B pending_drain=0 gate_active=false l_thumb=None r_thumb=None [diag-ctx] ime_
2026-09-21T03:34:30.978479Z DEBUG awase::journal: key input seq=912 elapsed_ms=174581 vk_code=242 is_down=true injected=true key_class="Passthrough" state_before="Idle" state_after="Idle" decision="PassThrough" physical="Allow" repeat_count=1 last_timestamp_us=174580802 last_elapsed_ms=0
2026-09-21T03:34:30.978729Z DEBUG awase_windows::runtime::key_pipeline: may_change_ime key passed through → IME refresh scheduled (20ms)
2026-09-21T03:34:30.978779Z DEBUG awase_windows::tsf::probe: [composition] marked cold reason=F2NonTsf idle=3828ms → next VK/TSF output will send VK_DBE_HIRAGANA warmup
2026-09-21T03:34:30.978878Z DEBUG execute_from_hook: awase_windows::runtime::executor: [relay-passthrough] PassThrough idle: direct OS pass-through (vk=0xf2 down)
2026-09-21T03:34:30.978903Z DEBUG awase::journal: gji fsm transition seq=913 elapsed_ms=174581 trigger="CompositionReset(gji_idle_ms=5828)" state_before="OffCold" state_after="OffCold"
2026-09-21T03:34:30.978964Z DEBUG execute_one{generation=None}: awase_windows::runtime::executor: [reinject] vk=0xf2 down (queued passthrough now firing)
2026-09-21T03:34:30.979073Z DEBUG awase_windows::hook: [hook] IME-mode vk=0xF2 down self_injected=true injected=true scan=0x0 extra=0x4B45594D since_actuation_us=Some(163308783)
2026-09-21T03:34:30.980131Z DEBUG awase::journal: hook ime-mode diagnostic seq=914 elapsed_ms=174582 vk_code=242 is_down=true self_injected=true injected=true scan=0
2026-09-21T03:34:31.012014Z DEBUG awase_windows::runtime::ime_refresh: Skipping observer/SSOT write: typing active (idle=31ms)
2026-09-21T03:34:31.518327Z DEBUG awase_windows::observer::ime_observer: IME snapshot: japanese=Some(true) ime_on=Some(false) romaji=Some(true) conv=Some("0x00000019") guard=false
2026-09-21T03:34:31.518394Z DEBUG awase::journal: ime event seq=915 elapsed_ms=175121 event_kind="ObserverReported"
2026-09-21T03:34:31.518418Z DEBUG awase::journal: ime event seq=916 elapsed_ms=175121 event_kind="InputModeObserved"
2026-09-21T03:34:32.015254Z DEBUG awase_windows::observer::ime_observer: IME snapshot: japanese=Some(true) ime_on=Some(false) romaji=Some(true) conv=Some("0x00000019") guard=false
2026-09-21T03:34:32.015352Z DEBUG awase::journal: ime event seq=917 elapsed_ms=175618 event_kind="ObserverReported"
2026-09-21T03:34:32.015383Z DEBUG awase::journal: ime event seq=918 elapsed_ms=175618 event_kind="InputModeObserved"
2026-09-21T03:34:32.513155Z DEBUG awase_windows::observer::ime_observer: IME snapshot: japanese=Some(true) ime_on=Some(false) romaji=Some(true) conv=Some("0x00000019") guard=false
2026-09-21T03:34:32.513297Z DEBUG awase::journal: ime event seq=919 elapsed_ms=176116 event_kind="ObserverReported"
2026-09-21T03:34:32.513337Z DEBUG awase::journal: ime event seq=920 elapsed_ms=176116 event_kind="InputModeObserved"
2026-09-21T03:34:32.916767Z DEBUG awase_windows::runtime::key_pipeline: [engine-input] vk=0x1C KeyDown ts=176518924us delay=0ms state=Idle mods(c=false s=false a=false w=false) gas_ctrl=false phys_ctrl=false extra=0x5350494B pending_drain=0 gate_active=false l_thumb=None r_thumb=None [diag-ctx] ime_
2026-09-21T03:34:32.916953Z DEBUG awase::journal: key input seq=921 elapsed_ms=176519 vk_code=28 is_down=true injected=true key_class="RightThumb" state_before="Idle" state_after="Idle" decision="PassThrough" physical="Allow" repeat_count=1 last_timestamp_us=176518924 last_elapsed_ms=0
2026-09-21T03:34:32.917248Z DEBUG execute_one{generation=None}: awase_windows::runtime::executor: [reinject] vk=0x1c down (queued passthrough now firing)
2026-09-21T03:34:32.931189Z DEBUG awase_windows::tsf::gji_monitor: [gji-io] WRITE: w_ops=+2 w_KB=+0.0 (r_ops=+4 x_ops=+4 x_KB=+0.0)
2026-09-21T03:34:33.014886Z DEBUG awase_windows::runtime::ime_refresh: Skipping observer/SSOT write: typing active (idle=94ms)
2026-09-21T03:34:33.042435Z DEBUG awase_windows::runtime::key_pipeline: [engine-input] vk=0x1C KeyUp ts=176644669us delay=0ms state=Idle mods(c=false s=false a=false w=false) gas_ctrl=false phys_ctrl=false extra=0x5350494B pending_drain=0 gate_active=false l_thumb=None r_thumb=None [diag-ctx] ime_on
2026-09-21T03:34:33.042643Z DEBUG awase::journal: key input seq=922 elapsed_ms=176645 vk_code=28 is_down=false injected=true key_class="RightThumb" state_before="Idle" state_after="Idle" decision="PassThrough" physical="Allow" repeat_count=1 last_timestamp_us=176644669 last_elapsed_ms=0
2026-09-21T03:34:33.042844Z DEBUG execute_one{generation=None}: awase_windows::runtime::executor: [reinject] vk=0x1c up (queued passthrough now firing)
2026-09-21T03:34:33.514474Z DEBUG awase_windows::runtime::ime_refresh: Skipping observer/SSOT write: typing active (idle=469ms)
2026-09-21T03:34:34.016132Z DEBUG awase_windows::observer::ime_observer: IME snapshot: japanese=Some(true) ime_on=Some(true) romaji=Some(true) conv=Some("0x00000019") guard=false
2026-09-21T03:34:34.016218Z DEBUG awase::journal: ime event seq=923 elapsed_ms=177618 event_kind="ObserverReported"
2026-09-21T03:34:34.016254Z DEBUG awase::journal: ime event seq=924 elapsed_ms=177618 event_kind="InputModeObserved"
2026-09-21T03:34:34.016319Z  INFO awase::engine::engine: Engine activated (ime=true, romaji=true, japanese=true, user=true, reason=Active)
2026-09-21T03:34:34.016493Z DEBUG execute_from_loop:execute_one{generation=None}:dispatch_ime_set_open{open=true generation=None}: awase_windows::runtime::executor: [dispatch-ime] ImmCross async: optimistic applied_snapshot=true (suppress send_engine_state_ime_key)
2026-09-21T03:34:34.017773Z DEBUG execute_from_loop:execute_one{generation=None}: awase_windows::platform: [engine-state-key] suppressed (polling/focus-triggered, enabled=true)
2026-09-21T03:34:34.019655Z DEBUG run_open_chain_async: awase_windows::ime_controller: [warrant-shadow] chain=async open=true origin=EventOrigin { source: SelfActuated { strategy: "engine_decision_async" }, epoch: Generation(0) } warranted
2026-09-21T03:34:34.019729Z  INFO run_open_chain_async:imm_cross_write{open=true}: awase_windows::runtime::open_chain: [apply-ime] ImmCross async: open=true composition_active=false show_seq=0 change_seq=0 (issue #138診断)
2026-09-21T03:34:34.021205Z DEBUG awase_windows::shadow_send_trace: [shadow-send] channel=ImeControl cmd=0x0006 lparam=1 issue_us=177623643
2026-09-21T03:34:34.021221Z DEBUG awase_windows::ime: set_ime_open_for_target: hwnd=HWND(0x8091c) ime_wnd=HWND(0xf086a) open=true success=true send_elapsed=0ms candidate_visible=false
2026-09-21T03:34:34.021575Z DEBUG run_open_chain_async:imm_cross_write{open=true}: awase_windows::ime: [imm-cross-actuate] hwnd=HWND(0x8091c) open=Written conv=Some(Written)
2026-09-21T03:34:34.021618Z DEBUG run_open_chain_async:imm_cross_write{open=true}: awase_windows::runtime::open_chain: [apply-ime] ROMAN 補完結果: Written
2026-09-21T03:34:34.021673Z DEBUG run_open_chain_async: awase::journal: actuation decision seq=925 elapsed_ms=177624 site="DispatchImeSetOpen" caller="None" open=true chain_len=4 attempts_len=1 gate_profile="Standard" gate_kind="Gji" gate_shadow_known=true gate_shadow_on=false gate_input_mode="Obser
2026-09-21T03:34:34.021842Z DEBUG on_ime_apply_complete{open=true outcome=AppliedWithoutSendInput generation=None reason=EngineDecision}: awase::journal: ime open applied seq=926 elapsed_ms=177624 open=true outcome="AppliedWithoutSendInput" reason="EngineDecision"
2026-09-21T03:34:34.021939Z DEBUG on_ime_apply_complete{open=true outcome=AppliedWithoutSendInput generation=None reason=EngineDecision}: awase_windows::tsf::ime_mode_fsm: [ime-mode] SetOpen(true) applied → Hiragana (belief, unconfirmed)
2026-09-21T03:34:34.021966Z DEBUG on_ime_apply_complete{open=true outcome=AppliedWithoutSendInput generation=None reason=EngineDecision}: awase_windows::platform: [composition] ImeEffect::SetOpen(true) → marking cold
2026-09-21T03:34:34.021987Z DEBUG on_ime_apply_complete{open=true outcome=AppliedWithoutSendInput generation=None reason=EngineDecision}: awase_windows::tsf::probe: [composition] marked cold reason=SetOpenTrue idle=6875ms → next VK/TSF output will send VK_DBE_HIRAGANA warmup
2026-09-21T03:34:34.022035Z DEBUG on_ime_apply_complete{open=true outcome=AppliedWithoutSendInput generation=None reason=EngineDecision}:gji_on_event{event=ImeOn { injection_mode: Unicode, gji_idle_ms: 1094 }}: awase_windows::tsf::gji_fsm: [gji-fsm] ImeOn gji_idle=1094ms → Short
2026-09-21T03:34:34.022081Z DEBUG on_ime_apply_complete{open=true outcome=AppliedWithoutSendInput generation=None reason=EngineDecision}: awase_windows::platform: [gji-fsm] StartProbe probe_id=ProbeId(5) forces_f2=false long=false
2026-09-21T03:34:34.022256Z DEBUG awase::journal: gji fsm transition seq=927 elapsed_ms=177624 trigger="ImeOn(gji_idle_ms=1094)" state_before="OffCold" state_after="OnCold(Short)"
2026-09-21T03:34:34.022284Z DEBUG awase::journal: tsf probe started seq=928 elapsed_ms=177624 source="GjiAction::StartProbe" cold_seq=0 probe_id=5 probe_id_present=true gji_state="OnCold(Short)" consecutive_at_start=0 pending_deferred_len=0
2026-09-21T03:34:34.022310Z DEBUG awase::journal: gji fsm transition seq=929 elapsed_ms=177624 trigger="WarmupComplete(unicode)" state_before="OnCold(Short)" state_after="OnWarm"
2026-09-21T03:34:34.022328Z DEBUG awase::journal: tsf probe completed seq=930 elapsed_ms=177624 outcome="UnicodeImmediate" cold_seq=18446744073709551615 cold_seq_present=false probe_id=5 probe_id_present=true duration_ms=0 tick_count=0 gji_state="OnWarm"
2026-09-21T03:34:34.062999Z DEBUG awase_windows::observer::ime_observer: IME snapshot: japanese=Some(true) ime_on=Some(true) romaji=Some(true) conv=Some("0x00000019") guard=false
2026-09-21T03:34:34.063088Z DEBUG awase::journal: ime event seq=931 elapsed_ms=177665 event_kind="ObserverReported"
2026-09-21T03:34:34.063148Z DEBUG awase::journal: ime event seq=932 elapsed_ms=177665 event_kind="InputModeObserved"
2026-09-21T03:34:34.563273Z DEBUG awase_windows::observer::ime_observer: IME snapshot: japanese=Some(true) ime_on=Some(true) romaji=Some(true) conv=Some("0x00000019") guard=false
2026-09-21T03:34:34.563369Z DEBUG awase::journal: ime event seq=933 elapsed_ms=178166 event_kind="ObserverReported"
2026-09-21T03:34:34.563409Z DEBUG awase::journal: ime event seq=934 elapsed_ms=178166 event_kind="InputModeObserved"
2026-09-21T03:34:34.861103Z DEBUG awase_windows::runtime::key_pipeline: [engine-input] vk=0x1D KeyDown ts=178463353us delay=0ms state=Idle mods(c=false s=false a=false w=false) gas_ctrl=false phys_ctrl=false extra=0x5350494B pending_drain=0 gate_active=false l_thumb=None r_thumb=None [diag-ctx] ime_
2026-09-21T03:34:34.861201Z DEBUG awase::journal: key input seq=935 elapsed_ms=178463 vk_code=29 is_down=true injected=true key_class="LeftThumb" state_before="Idle" state_after="PendingThumb(vk=0x1D,left=true)" decision="Consume" physical="Allow" repeat_count=1 last_timestamp_us=178463353 last_elap
2026-09-21T03:34:34.986490Z DEBUG awase_windows::runtime::key_pipeline: [engine-input] vk=0x1D KeyUp ts=178588901us delay=0ms state=Idle mods(c=false s=false a=false w=false) gas_ctrl=false phys_ctrl=false extra=0x5350494B pending_drain=0 gate_active=false l_thumb=None r_thumb=None [diag-ctx] ime_on
2026-09-21T03:34:34.986585Z DEBUG awase::journal: key input seq=937 elapsed_ms=178589 vk_code=29 is_down=false injected=true key_class="LeftThumb" state_before="Idle" state_after="Idle" decision="Consume" physical="Allow" repeat_count=1 last_timestamp_us=178588901 last_elapsed_ms=0
2026-09-21T03:34:35.066771Z DEBUG awase_windows::runtime::ime_refresh: Skipping observer/SSOT write: typing active (idle=78ms)
2026-09-21T03:34:35.570347Z DEBUG awase_windows::observer::ime_observer: IME snapshot: japanese=Some(true) ime_on=Some(true) romaji=Some(true) conv=Some("0x00000019") guard=false
2026-09-21T03:34:35.570446Z DEBUG awase::journal: ime event seq=938 elapsed_ms=179173 event_kind="ObserverReported"
2026-09-21T03:34:35.570487Z DEBUG awase::journal: ime event seq=939 elapsed_ms=179173 event_kind="InputModeObserved"
2026-09-21T03:34:36.086673Z DEBUG awase_windows::observer::ime_observer: IME snapshot: japanese=Some(true) ime_on=Some(true) romaji=Some(true) conv=Some("0x00000019") guard=false
2026-09-21T03:34:36.086797Z DEBUG awase::journal: ime event seq=940 elapsed_ms=179689 event_kind="ObserverReported"
2026-09-21T03:34:36.086822Z DEBUG awase::journal: ime event seq=941 elapsed_ms=179689 event_kind="InputModeObserved"
2026-09-21T03:34:36.602191Z DEBUG awase_windows::observer::ime_observer: IME snapshot: japanese=Some(true) ime_on=Some(true) romaji=Some(true) conv=Some("0x00000019") guard=false
2026-09-21T03:34:36.602258Z DEBUG awase::journal: ime event seq=942 elapsed_ms=180204 event_kind="ObserverReported"
2026-09-21T03:34:36.602282Z DEBUG awase::journal: ime event seq=943 elapsed_ms=180205 event_kind="InputModeObserved"
2026-09-21T03:34:36.816083Z DEBUG awase_windows::hook: [hook] IME-mode vk=0xF4 up self_injected=false injected=false scan=0x29 extra=0x5350494B since_actuation_us=Some(169145769)
2026-09-21T03:34:36.816314Z DEBUG awase::journal: hook ime-mode diagnostic seq=944 elapsed_ms=180419 vk_code=244 is_down=false self_injected=false injected=false scan=41
2026-09-21T03:34:36.816402Z DEBUG awase_windows::hook: [hook] IME-mode vk=0xF3 down self_injected=false injected=true scan=0x29 extra=0x5350494B since_actuation_us=Some(169146108)
2026-09-21T03:34:36.816571Z DEBUG awase_windows::runtime::key_pipeline: [engine-input] vk=0xF4 KeyUp ts=180418804us delay=0ms state=Idle mods(c=false s=false a=false w=false) gas_ctrl=false phys_ctrl=false extra=0x5350494B pending_drain=0 gate_active=false l_thumb=None r_thumb=None [diag-ctx] ime_on
2026-09-21T03:34:36.816696Z DEBUG awase::journal: key input seq=945 elapsed_ms=180419 vk_code=244 is_down=false injected=false key_class="Passthrough" state_before="Idle" state_after="Idle" decision="PassThrough" physical="Allow" repeat_count=1 last_timestamp_us=180418804 last_elapsed_ms=0
2026-09-21T03:34:36.816817Z DEBUG execute_from_hook: awase_windows::runtime::executor: [relay-passthrough] PassThrough idle: direct OS pass-through (vk=0xf4 up)
2026-09-21T03:34:36.816899Z DEBUG awase::journal: hook ime-mode diagnostic seq=946 elapsed_ms=180419 vk_code=243 is_down=true self_injected=false injected=true scan=41
2026-09-21T03:34:36.817010Z DEBUG awase_windows::runtime::key_pipeline: [engine-input] vk=0xF3 KeyDown ts=180419051us delay=0ms state=Idle mods(c=false s=false a=false w=false) gas_ctrl=false phys_ctrl=false extra=0x5350494B pending_drain=0 gate_active=false l_thumb=None r_thumb=None [diag-ctx] ime_
2026-09-21T03:34:36.817113Z DEBUG awase::journal: key input seq=947 elapsed_ms=180419 vk_code=243 is_down=true injected=true key_class="Passthrough" state_before="Idle" state_after="Idle" decision="PassThrough" physical="Allow" repeat_count=1 last_timestamp_us=180419051 last_elapsed_ms=0
2026-09-21T03:34:36.817232Z DEBUG awase_windows::runtime::key_pipeline: may_change_ime key passed through → IME refresh scheduled (20ms)
2026-09-21T03:34:36.817304Z DEBUG execute_from_hook: awase_windows::runtime::transport: [relay-defer] PassThrough deferred: pending effects, reinject(vk=0xf3 down)
2026-09-21T03:34:36.817504Z DEBUG execute_one{generation=None}: awase_windows::runtime::executor: [reinject] vk=0xf4 up (queued passthrough now firing)
2026-09-21T03:34:36.817592Z DEBUG execute_one{generation=None}: awase_windows::runtime::executor: [reinject] vk=0xf3 down (queued passthrough now firing)
2026-09-21T03:34:36.817868Z DEBUG awase_windows::hook: [hook] IME-mode vk=0xF4 up self_injected=true injected=true scan=0x0 extra=0x4B45594D since_actuation_us=Some(169147573)
2026-09-21T03:34:36.820056Z DEBUG awase_windows::hook: [hook] IME-mode vk=0xF3 up self_injected=true injected=false scan=0x0 extra=0x4B45594D since_actuation_us=Some(169149756)
2026-09-21T03:34:36.821254Z DEBUG awase_windows::hook: [hook] IME-mode vk=0xF4 down self_injected=true injected=true scan=0x0 extra=0x4B45594D since_actuation_us=Some(169150958)
2026-09-21T03:34:36.822706Z DEBUG awase::journal: hook ime-mode diagnostic seq=948 elapsed_ms=180425 vk_code=244 is_down=false self_injected=true injected=true scan=0
2026-09-21T03:34:36.822749Z DEBUG awase::journal: hook ime-mode diagnostic seq=949 elapsed_ms=180425 vk_code=243 is_down=false self_injected=true injected=false scan=0
2026-09-21T03:34:36.822773Z DEBUG awase::journal: hook ime-mode diagnostic seq=950 elapsed_ms=180425 vk_code=244 is_down=true self_injected=true injected=true scan=0
2026-09-21T03:34:36.832516Z DEBUG awase_windows::tsf::gji_monitor: [gji-io] WRITE: w_ops=+2 w_KB=+0.0 (r_ops=+4 x_ops=+4 x_KB=+0.0)
2026-09-21T03:34:36.866194Z DEBUG awase_windows::runtime::ime_refresh: Skipping observer/SSOT write: typing active (idle=62ms)
2026-09-21T03:34:37.383450Z DEBUG awase_windows::observer::ime_observer: IME snapshot: japanese=Some(true) ime_on=Some(false) romaji=Some(true) conv=Some("0x00000019") guard=false
2026-09-21T03:34:37.383552Z DEBUG awase::journal: ime event seq=951 elapsed_ms=180986 event_kind="ObserverReported"
2026-09-21T03:34:37.383595Z DEBUG awase::journal: ime event seq=952 elapsed_ms=180986 event_kind="InputModeObserved"
2026-09-21T03:34:37.383703Z  INFO awase::engine::engine: Engine deactivated (ime=false, romaji=true, japanese=true, user=true, reason=Inactive(ImeOff))
2026-09-21T03:34:37.383902Z DEBUG execute_from_loop:execute_one{generation=None}:dispatch_ime_set_open{open=false generation=None}: awase_windows::runtime::executor: [dispatch-ime] ImmCross async: optimistic applied_snapshot=false (suppress send_engine_state_ime_key)
2026-09-21T03:34:37.385262Z DEBUG execute_from_loop:execute_one{generation=None}: awase_windows::platform: [engine-state-key] suppressed (polling/focus-triggered, enabled=false)
2026-09-21T03:34:37.387563Z DEBUG run_open_chain_async: awase_windows::ime_controller: [warrant-shadow] chain=async open=false origin=EventOrigin { source: SelfActuated { strategy: "engine_decision_async" }, epoch: Generation(0) } warranted
2026-09-21T03:34:37.387627Z  INFO run_open_chain_async:imm_cross_write{open=false}: awase_windows::runtime::open_chain: [apply-ime] ImmCross async: open=false composition_active=false show_seq=0 change_seq=0 (issue #138診断)
2026-09-21T03:34:37.389408Z DEBUG awase_windows::shadow_send_trace: [shadow-send] channel=ImeControl cmd=0x0006 lparam=0 issue_us=180991625
2026-09-21T03:34:37.389419Z DEBUG awase_windows::ime: set_ime_open_for_target: hwnd=HWND(0x8091c) ime_wnd=HWND(0xf086a) open=false success=true send_elapsed=0ms candidate_visible=false
2026-09-21T03:34:37.389581Z DEBUG run_open_chain_async:imm_cross_write{open=false}: awase_windows::ime: [imm-cross-actuate] hwnd=HWND(0x8091c) open=Written conv=None
2026-09-21T03:34:37.389660Z DEBUG run_open_chain_async: awase::journal: actuation decision seq=953 elapsed_ms=180992 site="DispatchImeSetOpen" caller="None" open=false chain_len=4 attempts_len=1 gate_profile="Standard" gate_kind="Gji" gate_shadow_known=true gate_shadow_on=true gate_input_mode="Obser
2026-09-21T03:34:37.389805Z DEBUG on_ime_apply_complete{open=false outcome=AppliedWithoutSendInput generation=None reason=EngineDecision}: awase::journal: ime open applied seq=954 elapsed_ms=180992 open=false outcome="AppliedWithoutSendInput" reason="EngineDecision"
2026-09-21T03:34:37.389853Z DEBUG on_ime_apply_complete{open=false outcome=AppliedWithoutSendInput generation=None reason=EngineDecision}: awase_windows::tsf::ime_mode_fsm: [ime-mode] SetOpen(false) applied → Off (belief, unconfirmed)
2026-09-21T03:34:37.389869Z DEBUG on_ime_apply_complete{open=false outcome=AppliedWithoutSendInput generation=None reason=EngineDecision}: awase_windows::platform: [composition] ImeEffect::SetOpen(false) → marking cold (prevent warm+TSF Enter leak)
2026-09-21T03:34:37.389883Z DEBUG on_ime_apply_complete{open=false outcome=AppliedWithoutSendInput generation=None reason=EngineDecision}: awase_windows::tsf::probe: [composition] marked cold reason=SetOpenFalse idle=10234ms → next VK/TSF output will send VK_DBE_HIRAGANA warmup
2026-09-21T03:34:37.389970Z DEBUG awase::journal: gji fsm transition seq=955 elapsed_ms=180992 trigger="ImeOff" state_before="OnWarm" state_after="OffCold"
2026-09-21T03:34:37.431854Z DEBUG awase_windows::observer::ime_observer: IME snapshot: japanese=Some(true) ime_on=Some(false) romaji=Some(true) conv=Some("0x00000019") guard=false
2026-09-21T03:34:37.432010Z DEBUG awase::journal: ime event seq=956 elapsed_ms=181034 event_kind="ObserverReported"
2026-09-21T03:34:37.432068Z DEBUG awase::journal: ime event seq=957 elapsed_ms=181034 event_kind="InputModeObserved"
2026-09-21T03:34:37.933676Z DEBUG awase_windows::observer::ime_observer: IME snapshot: japanese=Some(true) ime_on=Some(false) romaji=Some(true) conv=Some("0x00000019") guard=false
2026-09-21T03:34:37.933783Z DEBUG awase::journal: ime event seq=958 elapsed_ms=181536 event_kind="ObserverReported"
2026-09-21T03:34:37.933829Z DEBUG awase::journal: ime event seq=959 elapsed_ms=181536 event_kind="InputModeObserved"
2026-09-21T03:34:38.429655Z DEBUG awase_windows::observer::ime_observer: IME snapshot: japanese=Some(true) ime_on=Some(false) romaji=Some(true) conv=Some("0x00000019") guard=false
2026-09-21T03:34:38.429741Z DEBUG awase::journal: ime event seq=960 elapsed_ms=182032 event_kind="ObserverReported"
2026-09-21T03:34:38.429779Z DEBUG awase::journal: ime event seq=961 elapsed_ms=182032 event_kind="InputModeObserved"
2026-09-21T03:34:38.757412Z DEBUG awase_windows::runtime::key_pipeline: [engine-input] vk=0x1D KeyDown ts=182359716us delay=0ms state=Idle mods(c=false s=false a=false w=false) gas_ctrl=false phys_ctrl=false extra=0x5350494B pending_drain=0 gate_active=false l_thumb=None r_thumb=None [diag-ctx] ime_
2026-09-21T03:34:38.757534Z DEBUG awase::journal: key input seq=962 elapsed_ms=182360 vk_code=29 is_down=true injected=true key_class="LeftThumb" state_before="Idle" state_after="Idle" decision="PassThrough" physical="Allow" repeat_count=1 last_timestamp_us=182359716 last_elapsed_ms=0
2026-09-21T03:34:38.757707Z DEBUG execute_one{generation=None}: awase_windows::runtime::executor: [reinject] vk=0x1d down (queued passthrough now firing)
2026-09-21T03:34:38.771341Z DEBUG awase_windows::tsf::gji_monitor: [gji-io] WRITE: w_ops=+2 w_KB=+0.0 (r_ops=+4 x_ops=+4 x_KB=+0.0)
2026-09-21T03:34:38.881262Z DEBUG awase_windows::runtime::key_pipeline: [engine-input] vk=0x1D KeyUp ts=182483404us delay=0ms state=Idle mods(c=false s=false a=false w=false) gas_ctrl=false phys_ctrl=false extra=0x5350494B pending_drain=0 gate_active=false l_thumb=None r_thumb=None [diag-ctx] ime_on
2026-09-21T03:34:38.881472Z DEBUG awase::journal: key input seq=963 elapsed_ms=182484 vk_code=29 is_down=false injected=true key_class="LeftThumb" state_before="Idle" state_after="Idle" decision="PassThrough" physical="Allow" repeat_count=1 last_timestamp_us=182483404 last_elapsed_ms=0
2026-09-21T03:34:38.881692Z DEBUG execute_one{generation=None}: awase_windows::runtime::executor: [reinject] vk=0x1d up (queued passthrough now firing)
2026-09-21T03:34:38.932960Z DEBUG awase_windows::runtime::ime_refresh: Skipping observer/SSOT write: typing active (idle=47ms)
2026-09-21T03:34:39.434656Z DEBUG awase_windows::observer::ime_observer: IME snapshot: japanese=Some(true) ime_on=Some(true) romaji=Some(true) conv=Some("0x00000019") guard=false
2026-09-21T03:34:39.434768Z DEBUG awase::journal: ime event seq=964 elapsed_ms=183037 event_kind="ObserverReported"
2026-09-21T03:34:39.434817Z DEBUG awase::journal: ime event seq=965 elapsed_ms=183037 event_kind="InputModeObserved"
2026-09-21T03:34:39.434904Z  INFO awase::engine::engine: Engine activated (ime=true, romaji=true, japanese=true, user=true, reason=Active)
2026-09-21T03:34:39.435078Z DEBUG execute_from_loop:execute_one{generation=None}:dispatch_ime_set_open{open=true generation=None}: awase_windows::runtime::executor: [dispatch-ime] ImmCross async: optimistic applied_snapshot=true (suppress send_engine_state_ime_key)
2026-09-21T03:34:39.436771Z DEBUG execute_from_loop:execute_one{generation=None}: awase_windows::platform: [engine-state-key] suppressed (polling/focus-triggered, enabled=true)
2026-09-21T03:34:39.438491Z DEBUG run_open_chain_async: awase_windows::ime_controller: [warrant-shadow] chain=async open=true origin=EventOrigin { source: SelfActuated { strategy: "engine_decision_async" }, epoch: Generation(0) } warranted
2026-09-21T03:34:39.438589Z  INFO run_open_chain_async:imm_cross_write{open=true}: awase_windows::runtime::open_chain: [apply-ime] ImmCross async: open=true composition_active=false show_seq=0 change_seq=0 (issue #138診断)
2026-09-21T03:34:39.440496Z DEBUG awase_windows::shadow_send_trace: [shadow-send] channel=ImeControl cmd=0x0006 lparam=1 issue_us=183042706
2026-09-21T03:34:39.440514Z DEBUG awase_windows::ime: set_ime_open_for_target: hwnd=HWND(0x8091c) ime_wnd=HWND(0xf086a) open=true success=true send_elapsed=0ms candidate_visible=false
2026-09-21T03:34:39.441276Z DEBUG run_open_chain_async:imm_cross_write{open=true}: awase_windows::ime: [imm-cross-actuate] hwnd=HWND(0x8091c) open=Written conv=Some(Written)
2026-09-21T03:34:39.441326Z DEBUG run_open_chain_async:imm_cross_write{open=true}: awase_windows::runtime::open_chain: [apply-ime] ROMAN 補完結果: Written
2026-09-21T03:34:39.441388Z DEBUG run_open_chain_async: awase::journal: actuation decision seq=966 elapsed_ms=183044 site="DispatchImeSetOpen" caller="None" open=true chain_len=4 attempts_len=1 gate_profile="Standard" gate_kind="Gji" gate_shadow_known=true gate_shadow_on=false gate_input_mode="Obser
2026-09-21T03:34:39.441561Z DEBUG on_ime_apply_complete{open=true outcome=AppliedWithoutSendInput generation=None reason=EngineDecision}: awase::journal: ime open applied seq=967 elapsed_ms=183044 open=true outcome="AppliedWithoutSendInput" reason="EngineDecision"
2026-09-21T03:34:39.441638Z DEBUG on_ime_apply_complete{open=true outcome=AppliedWithoutSendInput generation=None reason=EngineDecision}: awase_windows::tsf::ime_mode_fsm: [ime-mode] SetOpen(true) applied → Hiragana (belief, unconfirmed)
2026-09-21T03:34:39.441666Z DEBUG on_ime_apply_complete{open=true outcome=AppliedWithoutSendInput generation=None reason=EngineDecision}: awase_windows::platform: [composition] ImeEffect::SetOpen(true) → marking cold
2026-09-21T03:34:39.441688Z DEBUG on_ime_apply_complete{open=true outcome=AppliedWithoutSendInput generation=None reason=EngineDecision}: awase_windows::tsf::probe: [composition] marked cold reason=SetOpenTrue idle=12281ms → next VK/TSF output will send VK_DBE_HIRAGANA warmup
2026-09-21T03:34:39.441738Z DEBUG on_ime_apply_complete{open=true outcome=AppliedWithoutSendInput generation=None reason=EngineDecision}:gji_on_event{event=ImeOn { injection_mode: Unicode, gji_idle_ms: 656 }}: awase_windows::tsf::gji_fsm: [gji-fsm] ImeOn gji_idle=656ms → Short
2026-09-21T03:34:39.441787Z DEBUG on_ime_apply_complete{open=true outcome=AppliedWithoutSendInput generation=None reason=EngineDecision}: awase_windows::platform: [gji-fsm] StartProbe probe_id=ProbeId(6) forces_f2=false long=false
2026-09-21T03:34:39.441968Z DEBUG awase::journal: gji fsm transition seq=968 elapsed_ms=183044 trigger="ImeOn(gji_idle_ms=656)" state_before="OffCold" state_after="OnCold(Short)"
2026-09-21T03:34:39.441991Z DEBUG awase::journal: tsf probe started seq=969 elapsed_ms=183044 source="GjiAction::StartProbe" cold_seq=0 probe_id=6 probe_id_present=true gji_state="OnCold(Short)" consecutive_at_start=0 pending_deferred_len=0
2026-09-21T03:34:39.442014Z DEBUG awase::journal: gji fsm transition seq=970 elapsed_ms=183044 trigger="WarmupComplete(unicode)" state_before="OnCold(Short)" state_after="OnWarm"
2026-09-21T03:34:39.442084Z DEBUG awase::journal: tsf probe completed seq=971 elapsed_ms=183044 outcome="UnicodeImmediate" cold_seq=18446744073709551615 cold_seq_present=false probe_id=6 probe_id_present=true duration_ms=0 tick_count=0 gji_state="OnWarm"
2026-09-21T03:34:39.465440Z DEBUG awase_windows::observer::ime_observer: IME snapshot: japanese=Some(true) ime_on=Some(true) romaji=Some(true) conv=Some("0x00000019") guard=false
2026-09-21T03:34:39.465558Z DEBUG awase::journal: ime event seq=972 elapsed_ms=183068 event_kind="ObserverReported"
2026-09-21T03:34:39.465605Z DEBUG awase::journal: ime event seq=973 elapsed_ms=183068 event_kind="InputModeObserved"
2026-09-21T03:34:39.966307Z DEBUG awase_windows::observer::ime_observer: IME snapshot: japanese=Some(true) ime_on=Some(true) romaji=Some(true) conv=Some("0x00000019") guard=false
2026-09-21T03:34:39.966385Z DEBUG awase::journal: ime event seq=974 elapsed_ms=183569 event_kind="ObserverReported"
2026-09-21T03:34:39.966410Z DEBUG awase::journal: ime event seq=975 elapsed_ms=183569 event_kind="InputModeObserved"
2026-09-21T03:34:40.467584Z DEBUG awase_windows::observer::ime_observer: IME snapshot: japanese=Some(true) ime_on=Some(true) romaji=Some(true) conv=Some("0x00000019") guard=false
2026-09-21T03:34:40.467707Z DEBUG awase::journal: ime event seq=976 elapsed_ms=184070 event_kind="ObserverReported"
2026-09-21T03:34:40.467758Z DEBUG awase::journal: ime event seq=977 elapsed_ms=184070 event_kind="InputModeObserved"
2026-09-21T03:34:40.699179Z DEBUG awase_windows::runtime::key_pipeline: [engine-input] vk=0x0D KeyDown ts=184301437us delay=0ms state=Idle mods(c=false s=false a=false w=false) gas_ctrl=false phys_ctrl=false extra=0x5350494B pending_drain=0 gate_active=false l_thumb=None r_thumb=None [diag-ctx] ime_
2026-09-21T03:34:40.699294Z DEBUG awase::journal: key input seq=978 elapsed_ms=184302 vk_code=13 is_down=true injected=true key_class="Passthrough" state_before="Idle" state_after="Idle" decision="PassThrough" physical="Allow" repeat_count=1 last_timestamp_us=184301437 last_elapsed_ms=0
2026-09-21T03:34:40.699390Z DEBUG execute_from_hook: awase_windows::runtime::executor: [relay-passthrough] PassThrough idle: direct OS pass-through (vk=0x0d down)
2026-09-21T03:34:40.699463Z DEBUG execute_one{generation=None}: awase_windows::runtime::executor: [reinject] vk=0x0d down (queued passthrough now firing)
2026-09-21T03:34:40.714134Z DEBUG awase_windows::tsf::gji_monitor: [gji-io] WRITE: w_ops=+1 w_KB=+0.0 (r_ops=+2 x_ops=+2 x_KB=+0.0)
2026-09-21T03:34:40.825670Z DEBUG awase_windows::runtime::key_pipeline: [engine-input] vk=0x0D KeyUp ts=184427995us delay=0ms state=Idle mods(c=false s=false a=false w=false) gas_ctrl=false phys_ctrl=false extra=0x5350494B pending_drain=0 gate_active=false l_thumb=None r_thumb=None [diag-ctx] ime_on
2026-09-21T03:34:40.825809Z DEBUG awase::journal: key input seq=979 elapsed_ms=184428 vk_code=13 is_down=false injected=true key_class="Passthrough" state_before="Idle" state_after="Idle" decision="PassThrough" physical="Allow" repeat_count=1 last_timestamp_us=184427995 last_elapsed_ms=0
2026-09-21T03:34:40.826052Z DEBUG execute_from_hook: awase_windows::runtime::executor: [relay-passthrough] PassThrough idle: direct OS pass-through (vk=0x0d up)
2026-09-21T03:34:40.826146Z DEBUG execute_one{generation=None}: awase_windows::runtime::executor: [reinject] vk=0x0d up (queued passthrough now firing)
2026-09-21T03:34:40.969031Z DEBUG awase_windows::runtime::ime_refresh: Skipping observer/SSOT write: typing active (idle=140ms)
2026-09-21T03:34:41.466443Z DEBUG awase_windows::observer::ime_observer: IME snapshot: japanese=Some(true) ime_on=Some(true) romaji=Some(true) conv=Some("0x00000019") guard=false
2026-09-21T03:34:41.466544Z DEBUG awase::journal: ime event seq=980 elapsed_ms=185069 event_kind="ObserverReported"
2026-09-21T03:34:41.466600Z DEBUG awase::journal: ime event seq=981 elapsed_ms=185069 event_kind="InputModeObserved"
2026-09-21T03:34:41.965023Z DEBUG awase_windows::observer::ime_observer: IME snapshot: japanese=Some(true) ime_on=Some(true) romaji=Some(true) conv=Some("0x00000019") guard=false
2026-09-21T03:34:41.965115Z DEBUG awase::journal: ime event seq=982 elapsed_ms=185567 event_kind="ObserverReported"
2026-09-21T03:34:41.965154Z DEBUG awase::journal: ime event seq=983 elapsed_ms=185567 event_kind="InputModeObserved"
2026-09-21T03:34:42.480293Z DEBUG awase_windows::observer::ime_observer: IME snapshot: japanese=Some(true) ime_on=Some(true) romaji=Some(true) conv=Some("0x00000019") guard=false
2026-09-21T03:34:42.480410Z DEBUG awase::journal: ime event seq=984 elapsed_ms=186083 event_kind="ObserverReported"
2026-09-21T03:34:42.480459Z DEBUG awase::journal: ime event seq=985 elapsed_ms=186083 event_kind="InputModeObserved"
2026-09-21T03:34:42.631872Z DEBUG awase_windows::runtime::key_pipeline: [engine-input] vk=0x0D KeyDown ts=186234077us delay=0ms state=Idle mods(c=false s=false a=false w=false) gas_ctrl=false phys_ctrl=false extra=0x5350494B pending_drain=0 gate_active=false l_thumb=None r_thumb=None [diag-ctx] ime_
2026-09-21T03:34:42.632131Z DEBUG awase::journal: key input seq=986 elapsed_ms=186234 vk_code=13 is_down=true injected=true key_class="Passthrough" state_before="Idle" state_after="Idle" decision="PassThrough" physical="Allow" repeat_count=1 last_timestamp_us=186234077 last_elapsed_ms=0
2026-09-21T03:34:42.632287Z DEBUG execute_from_hook: awase_windows::runtime::executor: [relay-passthrough] PassThrough idle: direct OS pass-through (vk=0x0d down)
2026-09-21T03:34:42.632405Z DEBUG execute_one{generation=None}: awase_windows::runtime::executor: [reinject] vk=0x0d down (queued passthrough now firing)
2026-09-21T03:34:42.645741Z DEBUG awase_windows::tsf::gji_monitor: [gji-io] WRITE: w_ops=+1 w_KB=+0.0 (r_ops=+2 x_ops=+2 x_KB=+0.0)
2026-09-21T03:34:42.756448Z DEBUG awase_windows::runtime::key_pipeline: [engine-input] vk=0x0D KeyUp ts=186358761us delay=0ms state=Idle mods(c=false s=false a=false w=false) gas_ctrl=false phys_ctrl=false extra=0x5350494B pending_drain=0 gate_active=false l_thumb=None r_thumb=None [diag-ctx] ime_on
2026-09-21T03:34:42.756562Z DEBUG awase::journal: key input seq=987 elapsed_ms=186359 vk_code=13 is_down=false injected=true key_class="Passthrough" state_before="Idle" state_after="Idle" decision="PassThrough" physical="Allow" repeat_count=1 last_timestamp_us=186358761 last_elapsed_ms=0
2026-09-21T03:34:42.756747Z DEBUG execute_from_hook: awase_windows::runtime::executor: [relay-passthrough] PassThrough idle: direct OS pass-through (vk=0x0d up)
2026-09-21T03:34:42.756829Z DEBUG execute_one{generation=None}: awase_windows::runtime::executor: [reinject] vk=0x0d up (queued passthrough now firing)
2026-09-21T03:34:42.979156Z DEBUG awase_windows::runtime::ime_refresh: Skipping observer/SSOT write: typing active (idle=219ms)
2026-09-21T03:34:43.490978Z DEBUG awase_windows::observer::ime_observer: IME snapshot: japanese=Some(true) ime_on=Some(true) romaji=Some(true) conv=Some("0x00000019") guard=false
2026-09-21T03:34:43.491068Z DEBUG awase::journal: ime event seq=988 elapsed_ms=187093 event_kind="ObserverReported"
2026-09-21T03:34:43.491105Z DEBUG awase::journal: ime event seq=989 elapsed_ms=187093 event_kind="InputModeObserved"
2026-09-21T03:34:44.007562Z DEBUG awase_windows::observer::ime_observer: IME snapshot: japanese=Some(true) ime_on=Some(true) romaji=Some(true) conv=Some("0x00000019") guard=false
2026-09-21T03:34:44.007650Z DEBUG awase::journal: ime event seq=990 elapsed_ms=187610 event_kind="ObserverReported"
2026-09-21T03:34:44.007679Z DEBUG awase::journal: ime event seq=991 elapsed_ms=187610 event_kind="InputModeObserved"
2026-09-21T03:34:44.523146Z DEBUG awase_windows::runtime::key_pipeline: [engine-input] vk=0x1D KeyDown ts=188125325us delay=0ms state=Idle mods(c=false s=false a=false w=false) gas_ctrl=false phys_ctrl=false extra=0x5350494B pending_drain=0 gate_active=false l_thumb=None r_thumb=None [diag-ctx] ime_
2026-09-21T03:34:44.523352Z DEBUG awase::journal: key input seq=992 elapsed_ms=188126 vk_code=29 is_down=true injected=true key_class="LeftThumb" state_before="Idle" state_after="PendingThumb(vk=0x1D,left=true)" decision="Consume" physical="Allow" repeat_count=1 last_timestamp_us=188125325 last_elap
2026-09-21T03:34:44.528625Z DEBUG awase_windows::runtime::ime_refresh: Skipping observer/SSOT write: typing active (idle=0ms)
2026-09-21T03:34:44.662128Z DEBUG awase_windows::runtime::key_pipeline: [engine-input] vk=0x1D KeyUp ts=188264372us delay=0ms state=Idle mods(c=false s=false a=false w=false) gas_ctrl=false phys_ctrl=false extra=0x5350494B pending_drain=0 gate_active=false l_thumb=None r_thumb=None [diag-ctx] ime_on
2026-09-21T03:34:44.662305Z DEBUG awase::journal: key input seq=994 elapsed_ms=188265 vk_code=29 is_down=false injected=true key_class="LeftThumb" state_before="Idle" state_after="Idle" decision="Consume" physical="Allow" repeat_count=1 last_timestamp_us=188264372 last_elapsed_ms=0
2026-09-21T03:34:45.026684Z DEBUG awase_windows::runtime::ime_refresh: Skipping observer/SSOT write: typing active (idle=360ms)
2026-09-21T03:34:45.533974Z DEBUG awase_windows::observer::ime_observer: IME snapshot: japanese=Some(true) ime_on=Some(true) romaji=Some(true) conv=Some("0x00000019") guard=false
2026-09-21T03:34:45.534096Z DEBUG awase::journal: ime event seq=995 elapsed_ms=189136 event_kind="ObserverReported"
2026-09-21T03:34:45.534147Z DEBUG awase::journal: ime event seq=996 elapsed_ms=189136 event_kind="InputModeObserved"
2026-09-21T03:34:46.034205Z DEBUG awase_windows::observer::ime_observer: IME snapshot: japanese=Some(true) ime_on=Some(true) romaji=Some(true) conv=Some("0x00000019") guard=false
2026-09-21T03:34:46.034267Z DEBUG awase::journal: ime event seq=997 elapsed_ms=189636 event_kind="ObserverReported"
2026-09-21T03:34:46.034288Z DEBUG awase::journal: ime event seq=998 elapsed_ms=189637 event_kind="InputModeObserved"
2026-09-21T03:34:46.468108Z DEBUG awase_windows::runtime::key_pipeline: [engine-input] vk=0x1B KeyDown ts=190070495us delay=0ms state=Idle mods(c=false s=false a=false w=false) gas_ctrl=false phys_ctrl=false extra=0x5350494B pending_drain=0 gate_active=false l_thumb=None r_thumb=None [diag-ctx] ime_
2026-09-21T03:34:46.468200Z DEBUG awase::journal: key input seq=999 elapsed_ms=190070 vk_code=27 is_down=true injected=true key_class="Passthrough" state_before="Idle" state_after="Idle" decision="PassThrough" physical="Allow" repeat_count=1 last_timestamp_us=190070495 last_elapsed_ms=0
2026-09-21T03:34:46.468282Z DEBUG execute_from_hook: awase_windows::runtime::executor: [relay-passthrough] PassThrough idle: direct OS pass-through (vk=0x1b down)
2026-09-21T03:34:46.468344Z DEBUG execute_one{generation=None}: awase_windows::runtime::executor: [reinject] vk=0x1b down (queued passthrough now firing)
2026-09-21T03:34:46.482968Z DEBUG awase_windows::tsf::gji_monitor: [gji-io] WRITE: w_ops=+1 w_KB=+0.0 (r_ops=+2 x_ops=+2 x_KB=+0.0)
2026-09-21T03:34:46.534832Z DEBUG awase_windows::runtime::ime_refresh: Skipping observer/SSOT write: typing active (idle=63ms)
2026-09-21T03:34:46.592105Z DEBUG awase_windows::runtime::key_pipeline: [engine-input] vk=0x1B KeyUp ts=190194467us delay=0ms state=Idle mods(c=false s=false a=false w=false) gas_ctrl=false phys_ctrl=false extra=0x5350494B pending_drain=0 gate_active=false l_thumb=None r_thumb=None [diag-ctx] ime_on
2026-09-21T03:34:46.592216Z DEBUG awase::journal: key input seq=1000 elapsed_ms=190194 vk_code=27 is_down=false injected=true key_class="Passthrough" state_before="Idle" state_after="Idle" decision="PassThrough" physical="Allow" repeat_count=1 last_timestamp_us=190194467 last_elapsed_ms=0
2026-09-21T03:34:46.592363Z DEBUG execute_from_hook: awase_windows::runtime::executor: [relay-passthrough] PassThrough idle: direct OS pass-through (vk=0x1b up)
2026-09-21T03:34:46.592454Z DEBUG execute_one{generation=None}: awase_windows::runtime::executor: [reinject] vk=0x1b up (queued passthrough now firing)
2026-09-21T03:34:47.030250Z DEBUG awase_windows::runtime::ime_refresh: Skipping observer/SSOT write: typing active (idle=438ms)
2026-09-21T03:34:47.531673Z DEBUG awase_windows::observer::ime_observer: IME snapshot: japanese=Some(true) ime_on=Some(true) romaji=Some(true) conv=Some("0x00000019") guard=false
2026-09-21T03:34:47.531741Z DEBUG awase::journal: ime event seq=1001 elapsed_ms=191134 event_kind="ObserverReported"
2026-09-21T03:34:47.531766Z DEBUG awase::journal: ime event seq=1002 elapsed_ms=191134 event_kind="InputModeObserved"
2026-09-21T03:34:48.030935Z DEBUG awase_windows::observer::ime_observer: IME snapshot: japanese=Some(true) ime_on=Some(true) romaji=Some(true) conv=Some("0x00000019") guard=false
2026-09-21T03:34:48.031063Z DEBUG awase::journal: ime event seq=1003 elapsed_ms=191633 event_kind="ObserverReported"
2026-09-21T03:34:48.031116Z DEBUG awase::journal: ime event seq=1004 elapsed_ms=191633 event_kind="InputModeObserved"
2026-09-21T03:34:48.401908Z DEBUG awase_windows::runtime::key_pipeline: [engine-input] vk=0x0D KeyDown ts=192004134us delay=0ms state=Idle mods(c=false s=false a=false w=false) gas_ctrl=false phys_ctrl=false extra=0x5350494B pending_drain=0 gate_active=false l_thumb=None r_thumb=None [diag-ctx] ime_
2026-09-21T03:34:48.402062Z DEBUG awase::journal: key input seq=1005 elapsed_ms=192004 vk_code=13 is_down=true injected=true key_class="Passthrough" state_before="Idle" state_after="Idle" decision="PassThrough" physical="Allow" repeat_count=1 last_timestamp_us=192004134 last_elapsed_ms=0
2026-09-21T03:34:48.402189Z DEBUG execute_from_hook: awase_windows::runtime::executor: [relay-passthrough] PassThrough idle: direct OS pass-through (vk=0x0d down)
2026-09-21T03:34:48.402289Z DEBUG execute_one{generation=None}: awase_windows::runtime::executor: [reinject] vk=0x0d down (queued passthrough now firing)
2026-09-21T03:34:48.415831Z DEBUG awase_windows::tsf::gji_monitor: [gji-io] WRITE: w_ops=+1 w_KB=+0.0 (r_ops=+2 x_ops=+2 x_KB=+0.0)
2026-09-21T03:34:48.527570Z DEBUG awase_windows::runtime::key_pipeline: [engine-input] vk=0x0D KeyUp ts=192129946us delay=0ms state=Idle mods(c=false s=false a=false w=false) gas_ctrl=false phys_ctrl=false extra=0x5350494B pending_drain=0 gate_active=false l_thumb=None r_thumb=None [diag-ctx] ime_on
2026-09-21T03:34:48.527677Z DEBUG awase::journal: key input seq=1006 elapsed_ms=192130 vk_code=13 is_down=false injected=true key_class="Passthrough" state_before="Idle" state_after="Idle" decision="PassThrough" physical="Allow" repeat_count=1 last_timestamp_us=192129946 last_elapsed_ms=0
2026-09-21T03:34:48.527790Z DEBUG execute_from_hook: awase_windows::runtime::executor: [relay-passthrough] PassThrough idle: direct OS pass-through (vk=0x0d up)
2026-09-21T03:34:48.528249Z DEBUG execute_one{generation=None}: awase_windows::runtime::executor: [reinject] vk=0x0d up (queued passthrough now firing)
2026-09-21T03:34:48.532242Z DEBUG awase_windows::runtime::ime_refresh: Skipping observer/SSOT write: typing active (idle=0ms)
2026-09-21T03:34:49.033042Z DEBUG awase_windows::observer::ime_observer: IME snapshot: japanese=Some(true) ime_on=Some(true) romaji=Some(true) conv=Some("0x00000019") guard=false
2026-09-21T03:34:49.033148Z DEBUG awase::journal: ime event seq=1007 elapsed_ms=192635 event_kind="ObserverReported"
2026-09-21T03:34:49.033193Z DEBUG awase::journal: ime event seq=1008 elapsed_ms=192635 event_kind="InputModeObserved"
2026-09-21T03:34:49.432649Z DEBUG awase_windows::tsf::gji_fsm: [gji-fsm] LongIdle timeout → OnCold(Long, NotStarted)
2026-09-21T03:34:49.432680Z DEBUG awase::journal: gji fsm transition seq=1009 elapsed_ms=193035 trigger="LongIdleTimeout" state_before="OnWarm" state_after="OnCold(Long)"
2026-09-21T03:34:49.530364Z DEBUG awase_windows::observer::ime_observer: IME snapshot: japanese=Some(true) ime_on=Some(true) romaji=Some(true) conv=Some("0x00000019") guard=false
2026-09-21T03:34:49.530426Z DEBUG awase::journal: ime event seq=1010 elapsed_ms=193133 event_kind="ObserverReported"
2026-09-21T03:34:49.530449Z DEBUG awase::journal: ime event seq=1011 elapsed_ms=193133 event_kind="InputModeObserved"
2026-09-21T03:34:50.028907Z DEBUG awase_windows::observer::ime_observer: IME snapshot: japanese=Some(true) ime_on=Some(true) romaji=Some(true) conv=Some("0x00000019") guard=false
2026-09-21T03:34:50.029001Z DEBUG awase::journal: ime event seq=1012 elapsed_ms=193631 event_kind="ObserverReported"
2026-09-21T03:34:50.029040Z DEBUG awase::journal: ime event seq=1013 elapsed_ms=193631 event_kind="InputModeObserved"
2026-09-21T03:34:50.340561Z DEBUG awase_windows::runtime::key_pipeline: [engine-input] vk=0x1C KeyDown ts=193942819us delay=0ms state=Idle mods(c=false s=false a=false w=false) gas_ctrl=false phys_ctrl=false extra=0x5350494B pending_drain=0 gate_active=false l_thumb=None r_thumb=None [diag-ctx] ime_
2026-09-21T03:34:50.340699Z DEBUG awase::journal: key input seq=1014 elapsed_ms=193943 vk_code=28 is_down=true injected=true key_class="RightThumb" state_before="Idle" state_after="PendingThumb(vk=0x1C,left=false)" decision="Consume" physical="Allow" repeat_count=1 last_timestamp_us=193942819 last_e
2026-09-21T03:34:50.464945Z DEBUG awase_windows::runtime::key_pipeline: [engine-input] vk=0x1C KeyUp ts=194067238us delay=0ms state=Idle mods(c=false s=false a=false w=false) gas_ctrl=false phys_ctrl=false extra=0x5350494B pending_drain=0 gate_active=false l_thumb=None r_thumb=None [diag-ctx] ime_on
2026-09-21T03:34:50.465069Z DEBUG awase::journal: key input seq=1016 elapsed_ms=194067 vk_code=28 is_down=false injected=true key_class="RightThumb" state_before="Idle" state_after="Idle" decision="Consume" physical="Allow" repeat_count=1 last_timestamp_us=194067238 last_elapsed_ms=0
2026-09-21T03:34:50.533605Z DEBUG awase_windows::runtime::ime_refresh: Skipping observer/SSOT write: typing active (idle=63ms)
2026-09-21T03:34:51.028991Z DEBUG awase_windows::observer::ime_observer: IME snapshot: japanese=Some(true) ime_on=Some(true) romaji=Some(true) conv=Some("0x00000019") guard=false
2026-09-21T03:34:51.029177Z DEBUG awase::journal: ime event seq=1017 elapsed_ms=194631 event_kind="ObserverReported"
2026-09-21T03:34:51.029205Z DEBUG awase::journal: ime event seq=1018 elapsed_ms=194631 event_kind="InputModeObserved"
2026-09-21T03:34:51.528725Z DEBUG awase_windows::observer::ime_observer: IME snapshot: japanese=Some(true) ime_on=Some(true) romaji=Some(true) conv=Some("0x00000019") guard=false
2026-09-21T03:34:51.528813Z DEBUG awase::journal: ime event seq=1019 elapsed_ms=195131 event_kind="ObserverReported"
2026-09-21T03:34:51.528849Z DEBUG awase::journal: ime event seq=1020 elapsed_ms=195131 event_kind="InputModeObserved"
2026-09-21T03:34:52.030597Z DEBUG awase_windows::observer::ime_observer: IME snapshot: japanese=Some(true) ime_on=Some(true) romaji=Some(true) conv=Some("0x00000019") guard=false
2026-09-21T03:34:52.030667Z DEBUG awase::journal: ime event seq=1021 elapsed_ms=195633 event_kind="ObserverReported"
2026-09-21T03:34:52.030692Z DEBUG awase::journal: ime event seq=1022 elapsed_ms=195633 event_kind="InputModeObserved"
2026-09-21T03:34:52.277830Z DEBUG awase_windows::hook: [hook] IME-mode vk=0xF2 down self_injected=false injected=true scan=0x70 extra=0x5350494B since_actuation_us=Some(184607527)
2026-09-21T03:34:52.277964Z DEBUG awase::journal: hook ime-mode diagnostic seq=1023 elapsed_ms=195880 vk_code=242 is_down=true self_injected=false injected=true scan=112
2026-09-21T03:34:52.278143Z DEBUG awase_windows::runtime::key_pipeline: [engine-input] vk=0xF2 KeyDown ts=195880496us delay=0ms state=Idle mods(c=false s=false a=false w=false) gas_ctrl=false phys_ctrl=false extra=0x5350494B pending_drain=0 gate_active=false l_thumb=None r_thumb=None [diag-ctx] ime_
2026-09-21T03:34:52.278251Z DEBUG awase::journal: key input seq=1024 elapsed_ms=195880 vk_code=242 is_down=true injected=true key_class="Passthrough" state_before="Idle" state_after="Idle" decision="PassThrough" physical="Allow" repeat_count=1 last_timestamp_us=195880496 last_elapsed_ms=0
2026-09-21T03:34:52.278316Z DEBUG awase_windows::runtime::key_pipeline: may_change_ime key passed through → IME refresh scheduled (20ms)
2026-09-21T03:34:52.278342Z DEBUG awase_windows::tsf::probe: [composition] marked cold reason=F2NonTsf idle=25125ms → next VK/TSF output will send VK_DBE_HIRAGANA warmup
2026-09-21T03:34:52.278440Z DEBUG execute_from_hook: awase_windows::runtime::executor: [relay-passthrough] PassThrough idle: direct OS pass-through (vk=0xf2 down)
2026-09-21T03:34:52.278467Z DEBUG awase::journal: gji fsm transition seq=1025 elapsed_ms=195881 trigger="CompositionReset(gji_idle_ms=3860)" state_before="OnCold(Long)" state_after="OnCold(Short)"
2026-09-21T03:34:52.278533Z DEBUG execute_one{generation=None}: awase_windows::runtime::executor: [reinject] vk=0xf2 down (queued passthrough now firing)
2026-09-21T03:34:52.278646Z DEBUG awase_windows::hook: [hook] IME-mode vk=0xF2 down self_injected=true injected=true scan=0x0 extra=0x4B45594D since_actuation_us=Some(184608355)
2026-09-21T03:34:52.279796Z DEBUG awase::journal: hook ime-mode diagnostic seq=1026 elapsed_ms=195882 vk_code=242 is_down=true self_injected=true injected=true scan=0
2026-09-21T03:34:52.293503Z DEBUG awase_windows::tsf::gji_monitor: [gji-io] WRITE: w_ops=+2 w_KB=+0.0 (r_ops=+4 x_ops=+4 x_KB=+0.0)
2026-09-21T03:34:52.316050Z DEBUG awase_windows::runtime::ime_refresh: Skipping observer/SSOT write: typing active (idle=31ms)
2026-09-21T03:34:52.814262Z DEBUG awase_windows::observer::ime_observer: IME snapshot: japanese=Some(true) ime_on=Some(true) romaji=None conv=Some("0x00000010") guard=false
2026-09-21T03:34:52.814370Z DEBUG awase::journal: ime event seq=1027 elapsed_ms=196417 event_kind="ObserverReported"
2026-09-21T03:34:52.814416Z DEBUG awase::journal: ime event seq=1028 elapsed_ms=196417 event_kind="InputModeObserved"
2026-09-21T03:34:52.814496Z DEBUG awase::engine::engine: [diag-engine-active] ime_on=true なのに非活性: reason=Inactive(NotRomajiInput) romaji_capable=false japanese=true user_enabled=true was_active=true input_mode=ObservedEisu
2026-09-21T03:34:52.814556Z  INFO awase::engine::engine: Engine deactivated (ime=true, romaji=false, japanese=true, user=true, reason=Inactive(NotRomajiInput))
2026-09-21T03:34:53.313243Z DEBUG awase_windows::observer::ime_observer: IME snapshot: japanese=Some(true) ime_on=Some(true) romaji=None conv=Some("0x00000010") guard=false
2026-09-21T03:34:53.313353Z DEBUG awase::journal: ime event seq=1029 elapsed_ms=196916 event_kind="ObserverReported"
2026-09-21T03:34:53.313421Z DEBUG awase::engine::engine: [diag-engine-active] ime_on=true なのに非活性: reason=Inactive(NotRomajiInput) romaji_capable=false japanese=true user_enabled=true was_active=false input_mode=ObservedEisu
2026-09-21T03:34:53.817444Z DEBUG awase_windows::observer::ime_observer: IME snapshot: japanese=Some(true) ime_on=Some(true) romaji=None conv=Some("0x00000010") guard=false
2026-09-21T03:34:53.817527Z DEBUG awase::journal: ime event seq=1030 elapsed_ms=197420 event_kind="ObserverReported"
2026-09-21T03:34:53.817595Z DEBUG awase::engine::engine: [diag-engine-active] ime_on=true なのに非活性: reason=Inactive(NotRomajiInput) romaji_capable=false japanese=true user_enabled=true was_active=false input_mode=ObservedEisu
2026-09-21T03:34:54.218655Z DEBUG awase_windows::runtime::key_pipeline: [engine-input] vk=0x41 KeyDown ts=197821009us delay=0ms state=Idle mods(c=false s=false a=false w=false) gas_ctrl=false phys_ctrl=false extra=0x5350494B pending_drain=0 gate_active=false l_thumb=None r_thumb=None [diag-ctx] ime_
2026-09-21T03:34:54.218738Z DEBUG awase::engine::engine: [diag-engine-active] ime_on=true なのに非活性: reason=Inactive(NotRomajiInput) romaji_capable=false japanese=true user_enabled=true was_active=false input_mode=ObservedEisu
2026-09-21T03:34:54.218810Z DEBUG awase::journal: key input seq=1031 elapsed_ms=197821 vk_code=65 is_down=true injected=true key_class="Char" state_before="Idle" state_after="Idle" decision="PassThrough" physical="Allow" repeat_count=1 last_timestamp_us=197821009 last_elapsed_ms=0
2026-09-21T03:34:54.218941Z DEBUG execute_one{generation=None}: awase_windows::runtime::executor: [reinject] vk=0x41 down (queued passthrough now firing)
2026-09-21T03:34:54.229102Z  INFO awase_windows::tsf::win_event_obs: [gji-obs] candidate SHOW #14: last_gji_write=1938ms ago
2026-09-21T03:34:54.234342Z DEBUG awase_windows::tsf::gji_monitor: [gji-io] WRITE: w_ops=+2 w_KB=+0.3 (r_ops=+4 x_ops=+4 x_KB=+0.0)
2026-09-21T03:34:54.332449Z DEBUG awase_windows::runtime::ime_refresh: Skipping observer/SSOT write: typing active (idle=110ms)
2026-09-21T03:34:54.332531Z DEBUG awase::engine::engine: [diag-engine-active] ime_on=true なのに非活性: reason=Inactive(NotRomajiInput) romaji_capable=false japanese=true user_enabled=true was_active=false input_mode=ObservedEisu
2026-09-21T03:34:54.406924Z DEBUG awase_windows::runtime::key_pipeline: [engine-input] vk=0x41 KeyUp ts=198009257us delay=0ms state=Idle mods(c=false s=false a=false w=false) gas_ctrl=false phys_ctrl=false extra=0x5350494B pending_drain=0 gate_active=false l_thumb=None r_thumb=None [diag-ctx] ime_on
2026-09-21T03:34:54.406976Z DEBUG awase::engine::engine: [diag-engine-active] ime_on=true なのに非活性: reason=Inactive(NotRomajiInput) romaji_capable=false japanese=true user_enabled=true was_active=false input_mode=ObservedEisu
2026-09-21T03:34:54.407052Z DEBUG awase::journal: key input seq=1032 elapsed_ms=198009 vk_code=65 is_down=false injected=true key_class="Char" state_before="Idle" state_after="Idle" decision="PassThrough" physical="Allow" repeat_count=1 last_timestamp_us=198009257 last_elapsed_ms=0
2026-09-21T03:34:54.407196Z DEBUG execute_one{generation=None}: awase_windows::runtime::executor: [reinject] vk=0x41 up (queued passthrough now firing)
2026-09-21T03:34:54.408593Z DEBUG awase_windows::platform: [gji-fsm] StartComposition (candidate SHOW)
2026-09-21T03:34:54.408625Z DEBUG gji_on_event{event=StartComposition}: awase_windows::tsf::gji_fsm: [gji-fsm] StartComposition while cold (no probe) → AlreadyWarm
2026-09-21T03:34:54.408673Z DEBUG awase::journal: gji fsm transition seq=1033 elapsed_ms=198011 trigger="StartComposition(candidate SHOW)" state_before="OnCold(Short)" state_after="OnComposing(Warm)"
2026-09-21T03:34:54.830382Z DEBUG awase_windows::runtime::ime_refresh: Skipping observer/SSOT write: typing active (idle=422ms)
2026-09-21T03:34:54.830469Z DEBUG awase::engine::engine: [diag-engine-active] ime_on=true なのに非活性: reason=Inactive(NotRomajiInput) romaji_capable=false japanese=true user_enabled=true was_active=false input_mode=ObservedEisu
2026-09-21T03:34:55.334631Z DEBUG awase_windows::observer::ime_observer: IME snapshot: japanese=Some(true) ime_on=Some(true) romaji=None conv=Some("0x00000010") guard=false
2026-09-21T03:34:55.334752Z DEBUG awase::journal: ime event seq=1034 elapsed_ms=198937 event_kind="ObserverReported"
2026-09-21T03:34:55.334849Z DEBUG awase::engine::engine: [diag-engine-active] ime_on=true なのに非活性: reason=Inactive(NotRomajiInput) romaji_capable=false japanese=true user_enabled=true was_active=false input_mode=ObservedEisu
2026-09-21T03:34:55.847058Z DEBUG awase_windows::observer::ime_observer: IME snapshot: japanese=Some(true) ime_on=Some(true) romaji=None conv=Some("0x00000010") guard=false
2026-09-21T03:34:55.847147Z DEBUG awase::journal: ime event seq=1035 elapsed_ms=199449 event_kind="ObserverReported"
2026-09-21T03:34:55.847217Z DEBUG awase::engine::engine: [diag-engine-active] ime_on=true なのに非活性: reason=Inactive(NotRomajiInput) romaji_capable=false japanese=true user_enabled=true was_active=false input_mode=ObservedEisu
2026-09-21T03:34:56.159151Z DEBUG awase_windows::runtime::key_pipeline: [engine-input] vk=0x4B KeyDown ts=199761350us delay=0ms state=Idle mods(c=false s=false a=false w=false) gas_ctrl=false phys_ctrl=false extra=0x5350494B pending_drain=0 gate_active=false l_thumb=None r_thumb=None [diag-ctx] ime_
2026-09-21T03:34:56.159236Z DEBUG awase::engine::engine: [diag-engine-active] ime_on=true なのに非活性: reason=Inactive(NotRomajiInput) romaji_capable=false japanese=true user_enabled=true was_active=false input_mode=ObservedEisu
2026-09-21T03:34:56.159351Z DEBUG awase::journal: key input seq=1036 elapsed_ms=199762 vk_code=75 is_down=true injected=true key_class="Char" state_before="Idle" state_after="Idle" decision="PassThrough" physical="Allow" repeat_count=1 last_timestamp_us=199761350 last_elapsed_ms=0
2026-09-21T03:34:56.159564Z DEBUG execute_one{generation=None}: awase_windows::runtime::executor: [reinject] vk=0x4b down (queued passthrough now firing)
2026-09-21T03:34:56.172959Z DEBUG awase_windows::tsf::gji_monitor: [gji-io] WRITE: w_ops=+2 w_KB=+0.5 (r_ops=+4 x_ops=+4 x_KB=+0.0)
2026-09-21T03:34:56.283680Z DEBUG awase_windows::runtime::key_pipeline: [engine-input] vk=0x4B KeyUp ts=199886018us delay=0ms state=Idle mods(c=false s=false a=false w=false) gas_ctrl=false phys_ctrl=false extra=0x5350494B pending_drain=0 gate_active=false l_thumb=None r_thumb=None [diag-ctx] ime_on
2026-09-21T03:34:56.283740Z DEBUG awase::engine::engine: [diag-engine-active] ime_on=true なのに非活性: reason=Inactive(NotRomajiInput) romaji_capable=false japanese=true user_enabled=true was_active=false input_mode=ObservedEisu
2026-09-21T03:34:56.283827Z DEBUG awase::journal: key input seq=1037 elapsed_ms=199886 vk_code=75 is_down=false injected=true key_class="Char" state_before="Idle" state_after="Idle" decision="PassThrough" physical="Allow" repeat_count=1 last_timestamp_us=199886018 last_elapsed_ms=0
2026-09-21T03:34:56.284004Z DEBUG execute_one{generation=None}: awase_windows::runtime::executor: [reinject] vk=0x4b up (queued passthrough now firing)
2026-09-21T03:34:56.349863Z DEBUG awase_windows::runtime::ime_refresh: Skipping observer/SSOT write: typing active (idle=78ms)
2026-09-21T03:34:56.349944Z DEBUG awase::engine::engine: [diag-engine-active] ime_on=true なのに非活性: reason=Inactive(NotRomajiInput) romaji_capable=false japanese=true user_enabled=true was_active=false input_mode=ObservedEisu
2026-09-21T03:34:56.853895Z DEBUG awase_windows::observer::ime_observer: IME snapshot: japanese=Some(true) ime_on=Some(true) romaji=None conv=Some("0x00000010") guard=false
2026-09-21T03:34:56.853989Z DEBUG awase::journal: ime event seq=1038 elapsed_ms=200456 event_kind="ObserverReported"
2026-09-21T03:34:56.854065Z DEBUG awase::engine::engine: [diag-engine-active] ime_on=true なのに非活性: reason=Inactive(NotRomajiInput) romaji_capable=false japanese=true user_enabled=true was_active=false input_mode=ObservedEisu
2026-09-21T03:34:57.356401Z DEBUG awase_windows::observer::ime_observer: IME snapshot: japanese=Some(true) ime_on=Some(true) romaji=None conv=Some("0x00000010") guard=false
2026-09-21T03:34:57.356480Z DEBUG awase::journal: ime event seq=1039 elapsed_ms=200959 event_kind="ObserverReported"
2026-09-21T03:34:57.356543Z DEBUG awase::engine::engine: [diag-engine-active] ime_on=true なのに非活性: reason=Inactive(NotRomajiInput) romaji_capable=false japanese=true user_enabled=true was_active=false input_mode=ObservedEisu
2026-09-21T03:34:57.862428Z DEBUG awase_windows::observer::ime_observer: IME snapshot: japanese=Some(true) ime_on=Some(true) romaji=None conv=Some("0x00000010") guard=false
2026-09-21T03:34:57.862508Z DEBUG awase::journal: ime event seq=1040 elapsed_ms=201465 event_kind="ObserverReported"
2026-09-21T03:34:57.862622Z DEBUG awase::engine::engine: [diag-engine-active] ime_on=true なのに非活性: reason=Inactive(NotRomajiInput) romaji_capable=false japanese=true user_enabled=true was_active=false input_mode=ObservedEisu
2026-09-21T03:34:58.092587Z DEBUG awase_windows::hook: [hook] IME-mode vk=0xF3 up self_injected=false injected=false scan=0x29 extra=0x5350494B since_actuation_us=Some(190422272)
2026-09-21T03:34:58.092749Z DEBUG awase::journal: hook ime-mode diagnostic seq=1041 elapsed_ms=201695 vk_code=243 is_down=false self_injected=false injected=false scan=41
2026-09-21T03:34:58.092998Z DEBUG awase_windows::runtime::key_pipeline: [engine-input] vk=0xF3 KeyUp ts=201695275us delay=0ms state=Idle mods(c=false s=false a=false w=false) gas_ctrl=false phys_ctrl=false extra=0x5350494B pending_drain=0 gate_active=false l_thumb=None r_thumb=None [diag-ctx] ime_on
2026-09-21T03:34:58.093031Z DEBUG awase::engine::engine: [diag-engine-active] ime_on=true なのに非活性: reason=Inactive(NotRomajiInput) romaji_capable=false japanese=true user_enabled=true was_active=false input_mode=ObservedEisu
2026-09-21T03:34:58.093088Z DEBUG awase::journal: key input seq=1042 elapsed_ms=201695 vk_code=243 is_down=false injected=false key_class="Passthrough" state_before="Idle" state_after="Idle" decision="PassThrough" physical="Allow" repeat_count=1 last_timestamp_us=201695275 last_elapsed_ms=0
2026-09-21T03:34:58.093133Z DEBUG execute_from_hook: awase_windows::runtime::transport: [relay-sym] PassThrough KeyUp vk=0xf3: KeyDown was deferred → force reinject for symmetry
2026-09-21T03:34:58.093185Z DEBUG awase_windows::hook: [hook] IME-mode vk=0xF4 down self_injected=false injected=true scan=0x29 extra=0x5350494B since_actuation_us=Some(190422898)
2026-09-21T03:34:58.093255Z DEBUG execute_one{generation=None}: awase_windows::runtime::executor: [reinject] vk=0xf3 up (queued passthrough now firing)
2026-09-21T03:34:58.093345Z DEBUG awase::journal: hook ime-mode diagnostic seq=1043 elapsed_ms=201696 vk_code=244 is_down=true self_injected=false injected=true scan=41
2026-09-21T03:34:58.093490Z DEBUG awase_windows::runtime::key_pipeline: [engine-input] vk=0xF4 KeyDown ts=201695913us delay=0ms state=Idle mods(c=false s=false a=false w=false) gas_ctrl=false phys_ctrl=false extra=0x5350494B pending_drain=0 gate_active=false l_thumb=None r_thumb=None [diag-ctx] ime_
2026-09-21T03:34:58.093518Z DEBUG awase::engine::engine: [diag-engine-active] ime_on=true なのに非活性: reason=Inactive(NotRomajiInput) romaji_capable=false japanese=true user_enabled=true was_active=false input_mode=ObservedEisu
2026-09-21T03:34:58.093561Z DEBUG awase::journal: key input seq=1044 elapsed_ms=201696 vk_code=244 is_down=true injected=true key_class="Passthrough" state_before="Idle" state_after="Idle" decision="PassThrough" physical="Allow" repeat_count=1 last_timestamp_us=201695913 last_elapsed_ms=0
2026-09-21T03:34:58.093783Z DEBUG awase_windows::runtime::key_pipeline: may_change_ime key passed through → IME refresh scheduled (20ms)
2026-09-21T03:34:58.093856Z DEBUG execute_from_hook: awase_windows::runtime::executor: [relay-passthrough] PassThrough idle: direct OS pass-through (vk=0xf4 down)
2026-09-21T03:34:58.093974Z DEBUG execute_one{generation=None}: awase_windows::runtime::executor: [reinject] vk=0xf4 down (queued passthrough now firing)
2026-09-21T03:34:58.094057Z DEBUG awase_windows::hook: [hook] IME-mode vk=0xF4 down self_injected=true injected=true scan=0x0 extra=0x4B45594D since_actuation_us=Some(190423769)
2026-09-21T03:34:58.095420Z DEBUG awase::journal: hook ime-mode diagnostic seq=1045 elapsed_ms=201698 vk_code=244 is_down=true self_injected=true injected=true scan=0
2026-09-21T03:34:58.100889Z  INFO awase_windows::tsf::win_event_obs: [gji-obs] candidate HIDE: last_gji_write=1938ms ago
2026-09-21T03:34:58.107999Z DEBUG awase_windows::tsf::gji_monitor: [gji-io] WRITE: w_ops=+2 w_KB=+0.2 (r_ops=+4 x_ops=+4 x_KB=+0.0)
2026-09-21T03:34:58.126592Z DEBUG awase_windows::runtime::ime_refresh: Skipping observer/SSOT write: typing active (idle=31ms)
2026-09-21T03:34:58.126667Z DEBUG awase::engine::engine: [diag-engine-active] ime_on=true なのに非活性: reason=Inactive(NotRomajiInput) romaji_capable=false japanese=true user_enabled=true was_active=false input_mode=ObservedEisu
2026-09-21T03:34:58.629069Z DEBUG awase_windows::observer::ime_observer: IME snapshot: japanese=Some(true) ime_on=Some(false) romaji=None conv=Some("0x00000010") guard=false
2026-09-21T03:34:58.629181Z DEBUG awase::journal: ime event seq=1046 elapsed_ms=202231 event_kind="ObserverReported"
2026-09-21T03:34:59.128746Z DEBUG awase_windows::observer::ime_observer: IME snapshot: japanese=Some(true) ime_on=Some(false) romaji=None conv=Some("0x00000010") guard=false
2026-09-21T03:34:59.128813Z DEBUG awase::journal: ime event seq=1047 elapsed_ms=202731 event_kind="ObserverReported"
2026-09-21T03:34:59.630685Z DEBUG awase_windows::observer::ime_observer: IME snapshot: japanese=Some(true) ime_on=Some(false) romaji=None conv=Some("0x00000010") guard=false
2026-09-21T03:34:59.630747Z DEBUG awase::journal: ime event seq=1048 elapsed_ms=203233 event_kind="ObserverReported"
2026-09-21T03:35:00.032351Z DEBUG awase_windows::runtime::key_pipeline: [engine-input] vk=0x1D KeyDown ts=203634691us delay=0ms state=Idle mods(c=false s=false a=false w=false) gas_ctrl=false phys_ctrl=false extra=0x5350494B pending_drain=0 gate_active=false l_thumb=None r_thumb=None [diag-ctx] ime_
2026-09-21T03:35:00.032468Z DEBUG awase::journal: key input seq=1049 elapsed_ms=203635 vk_code=29 is_down=true injected=true key_class="LeftThumb" state_before="Idle" state_after="Idle" decision="PassThrough" physical="Allow" repeat_count=1 last_timestamp_us=203634691 last_elapsed_ms=0
2026-09-21T03:35:00.032746Z DEBUG execute_one{generation=None}: awase_windows::runtime::executor: [reinject] vk=0x1d down (queued passthrough now firing)
2026-09-21T03:35:00.034461Z DEBUG awase_windows::platform: [gji-fsm] EndComposition (candidate HIDE) epoch=FocusEpoch(14)
2026-09-21T03:35:00.034596Z DEBUG awase::journal: gji fsm transition seq=1050 elapsed_ms=203637 trigger="EndComposition(candidate HIDE, epoch=FocusEpoch(14))" state_before="OnComposing(Warm)" state_after="OnWarm"
2026-09-21T03:35:00.046844Z DEBUG awase_windows::tsf::gji_monitor: [gji-io] WRITE: w_ops=+2 w_KB=+0.0 (r_ops=+4 x_ops=+4 x_KB=+0.0)
2026-09-21T03:35:00.142064Z DEBUG awase_windows::runtime::ime_refresh: Skipping observer/SSOT write: typing active (idle=109ms)
2026-09-21T03:35:00.155768Z DEBUG awase_windows::runtime::key_pipeline: [engine-input] vk=0x1D KeyUp ts=203758198us delay=0ms state=Idle mods(c=false s=false a=false w=false) gas_ctrl=false phys_ctrl=false extra=0x5350494B pending_drain=0 gate_active=false l_thumb=None r_thumb=None [diag-ctx] ime_on
2026-09-21T03:35:00.155854Z DEBUG awase::journal: key input seq=1051 elapsed_ms=203758 vk_code=29 is_down=false injected=true key_class="LeftThumb" state_before="Idle" state_after="Idle" decision="PassThrough" physical="Allow" repeat_count=1 last_timestamp_us=203758198 last_elapsed_ms=0
2026-09-21T03:35:00.155987Z DEBUG execute_one{generation=None}: awase_windows::runtime::executor: [reinject] vk=0x1d up (queued passthrough now firing)
2026-09-21T03:35:00.642643Z DEBUG awase_windows::runtime::ime_refresh: Skipping observer/SSOT write: typing active (idle=484ms)
2026-09-21T03:35:01.140251Z DEBUG awase_windows::observer::ime_observer: IME snapshot: japanese=Some(true) ime_on=Some(true) romaji=None conv=Some("0x00000010") guard=false
2026-09-21T03:35:01.140313Z DEBUG awase::journal: ime event seq=1052 elapsed_ms=204743 event_kind="ObserverReported"
2026-09-21T03:35:01.140366Z DEBUG awase::engine::engine: [diag-engine-active] ime_on=true なのに非活性: reason=Inactive(NotRomajiInput) romaji_capable=false japanese=true user_enabled=true was_active=false input_mode=ObservedEisu
2026-09-21T03:35:01.640639Z DEBUG awase_windows::observer::ime_observer: IME snapshot: japanese=Some(true) ime_on=Some(true) romaji=None conv=Some("0x00000010") guard=false
2026-09-21T03:35:01.640725Z DEBUG awase::journal: ime event seq=1053 elapsed_ms=205243 event_kind="ObserverReported"
2026-09-21T03:35:01.640792Z DEBUG awase::engine::engine: [diag-engine-active] ime_on=true なのに非活性: reason=Inactive(NotRomajiInput) romaji_capable=false japanese=true user_enabled=true was_active=false input_mode=ObservedEisu
2026-09-21T03:35:02.141931Z DEBUG awase_windows::observer::ime_observer: IME snapshot: japanese=Some(true) ime_on=Some(true) romaji=None conv=Some("0x00000010") guard=false
2026-09-21T03:35:02.142009Z DEBUG awase::journal: ime event seq=1054 elapsed_ms=205744 event_kind="ObserverReported"
2026-09-21T03:35:02.142114Z DEBUG awase::engine::engine: [diag-engine-active] ime_on=true なのに非活性: reason=Inactive(NotRomajiInput) romaji_capable=false japanese=true user_enabled=true was_active=false input_mode=ObservedEisu
2026-09-21T03:35:02.643823Z DEBUG awase_windows::observer::ime_observer: IME snapshot: japanese=Some(true) ime_on=Some(true) romaji=None conv=Some("0x00000010") guard=false
2026-09-21T03:35:02.643893Z DEBUG awase::journal: ime event seq=1055 elapsed_ms=206246 event_kind="ObserverReported"
2026-09-21T03:35:02.643953Z DEBUG awase::engine::engine: [diag-engine-active] ime_on=true なのに非活性: reason=Inactive(NotRomajiInput) romaji_capable=false japanese=true user_enabled=true was_active=false input_mode=ObservedEisu
2026-09-21T03:35:03.141148Z DEBUG awase_windows::observer::ime_observer: IME snapshot: japanese=Some(true) ime_on=Some(true) romaji=None conv=Some("0x00000010") guard=false
2026-09-21T03:35:03.141232Z DEBUG awase::journal: ime event seq=1056 elapsed_ms=206743 event_kind="ObserverReported"
2026-09-21T03:35:03.141299Z DEBUG awase::engine::engine: [diag-engine-active] ime_on=true なのに非活性: reason=Inactive(NotRomajiInput) romaji_capable=false japanese=true user_enabled=true was_active=false input_mode=ObservedEisu
2026-09-21T03:35:03.423014Z DEBUG awase_windows::tsf::gji_monitor: [gji-io] WRITE: w_ops=+1 w_KB=+0.0 (r_ops=+2 x_ops=+2 x_KB=+0.0)
2026-09-21T03:35:03.424274Z DEBUG awase_windows::runtime: [focus-sync] hwnd=0x2A02F8 class="HwndWrapper[pushbullet_client.exe;;94662a1e-13a2-4b0b-bd32-53ed4716af73]" app_kind=Win32 hint=Default → mode=Unicode
2026-09-21T03:35:03.424352Z DEBUG awase_windows::tsf::tsf_gate: [tsf-gate] focus change → PendingWarmup (held cleared)
2026-09-21T03:35:03.452545Z DEBUG awase_windows::tsf::gji_monitor: [gji-io] r_ops=+0 w_ops=+0 x_ops=+4 read_KB=+0.0 x_KB=+0.0
2026-09-21T03:35:03.484147Z DEBUG awase_windows::tsf::gji_monitor: [gji-io] WRITE: w_ops=+1 w_KB=+0.0 (r_ops=+0 x_ops=+8 x_KB=+0.0)
2026-09-21T03:35:03.500048Z DEBUG awase_windows::tsf::gji_monitor: [gji-io] WRITE: w_ops=+2 w_KB=+576.3 (r_ops=+0 x_ops=+75 x_KB=+0.0)
2026-09-21T03:35:03.510437Z DEBUG apply_focus_probe_result: awase_windows::runtime::focus_tracking: Focus kind changed: TextInput → Undetermined (reason=Undetermined)
2026-09-21T03:35:03.510571Z DEBUG apply_focus_probe_result: awase::journal: focus transition seq=1057 elapsed_ms=207113 changed_process=true changed_window=true changed_app_kind=false changed_focus_kind=true dwell_ms=195844 profile="ImmCross"
2026-09-21T03:35:03.510814Z  INFO apply_focus_probe_result: awase_windows::runtime::focus_tracking: FocusChange [7600→2116] HwndWrapper[pushbullet_client.exe;;94662a1e-13a2-4b0b-bd32-53ed4716af73]: stale ime_on=true intent=None mode=ObservedEisu japanese=true
2026-09-21T03:35:03.510850Z DEBUG apply_focus_probe_result: awase_windows::tsf::probe: [composition] focus changed → marked cold
2026-09-21T03:35:03.510874Z DEBUG apply_focus_probe_result: awase_windows::runtime: [keymap] active rules recomputed: 0 rule(s) for process="pushbullet_client.exe"
2026-09-21T03:35:03.510895Z DEBUG apply_focus_probe_result: awase_windows::runtime::focus_tracking: [keymap] active rules updated on focus change: 0 rule(s) (hwnd=HWND(0x2a02f8) kind=Undetermined focus_epoch=3)
2026-09-21T03:35:03.510934Z DEBUG apply_focus_probe_result:reduce: awase_windows::state::ime_model: [explicit-intent] cleared (focus change)
2026-09-21T03:35:03.510965Z DEBUG apply_focus_probe_result: awase::journal: ime event seq=1058 elapsed_ms=207113 event_kind="FocusChanged"
2026-09-21T03:35:03.511044Z DEBUG apply_focus_probe_result: awase::journal: ime event seq=1059 elapsed_ms=207113 event_kind="HwndCacheRestored"
2026-09-21T03:35:03.511112Z DEBUG apply_focus_probe_result: awase::journal: ime event seq=1060 elapsed_ms=207113 event_kind="InputModeApplied"
2026-09-21T03:35:03.511363Z DEBUG awase_windows::observer::ime_observer: IME snapshot: japanese=Some(true) ime_on=Some(false) romaji=None conv=Some("0x00000009") guard=false
2026-09-21T03:35:03.511461Z DEBUG awase::journal: ime event seq=1061 elapsed_ms=207114 event_kind="ObserverReported"
2026-09-21T03:35:03.513068Z DEBUG awase_windows::ime_diagnostic: [ime-diag] label=focus_changed t=53714562 hwnd=0x0 pid=0 tid=2072 class="" hkl=04110411 lang=0411 imm_bridge=true imc_open=- imc_conv=- shadow_on=false shadow_romaji=false shadow_jp=false inject=Unknown dt_focus_ms=- dt_activity_ms=-
2026-09-21T03:35:03.513117Z DEBUG awase_windows::runtime::ime_refresh: [composition] focus change → marking cold
2026-09-21T03:35:03.513146Z DEBUG awase_windows::tsf::probe: [composition] marked cold reason=FocusChange idle=36359ms → next VK/TSF output will send VK_DBE_HIRAGANA warmup
2026-09-21T03:35:03.513211Z DEBUG gji_on_event{event=FocusChange { injection_mode: Unicode, gji_idle_ms: 16 }}: awase_windows::tsf::gji_fsm: [gji-fsm] FocusChange gji_idle=16ms → Short
2026-09-21T03:35:03.513295Z DEBUG awase_windows::platform: [gji-fsm] StartProbe probe_id=ProbeId(7) forces_f2=false long=false
2026-09-21T03:35:03.513387Z DEBUG awase_windows::tsf::ime_mode_fsm: [ime-mode] FocusChange → Unknown
2026-09-21T03:35:03.513421Z DEBUG awase::journal: gji fsm transition seq=1062 elapsed_ms=207115 trigger="FocusChange(gji_idle_ms=16)" state_before="OnWarm" state_after="OnCold(Short)"
2026-09-21T03:35:03.513444Z DEBUG awase::journal: tsf probe started seq=1063 elapsed_ms=207116 source="GjiAction::StartProbe" cold_seq=0 probe_id=7 probe_id_present=true gji_state="OnCold(Short)" consecutive_at_start=0 pending_deferred_len=0
2026-09-21T03:35:03.513466Z DEBUG awase::journal: gji fsm transition seq=1064 elapsed_ms=207116 trigger="WarmupComplete(unicode)" state_before="OnCold(Short)" state_after="OnWarm"
2026-09-21T03:35:03.513483Z DEBUG awase::journal: tsf probe completed seq=1065 elapsed_ms=207116 outcome="UnicodeImmediate" cold_seq=18446744073709551615 cold_seq_present=false probe_id=7 probe_id_present=true duration_ms=0 tick_count=0 gji_state="OnWarm"
2026-09-21T03:35:03.513517Z DEBUG awase_windows::runtime::ime_refresh: [composition] FocusChange: send_eager_tsf_warmup called (ime_on via warmup_ime_on())
2026-09-21T03:35:03.513544Z DEBUG awase_windows::ime_controller: [warrant-shadow] chain=set_ime_open open=false origin=EventOrigin { source: SelfActuated { strategy: "focus_change_enforce_off" }, epoch: Generation(0) } warranted
2026-09-21T03:35:03.513612Z DEBUG awase_windows::runtime::ime_refresh: [composition] FocusChange: set_ime_open(false) sent=true (applied_open OFF → enforce IME OFF on new window; ADR-090 A-2: sent=false means warrant was refused, no write happened)
2026-09-21T03:35:03.516874Z DEBUG awase_windows::ime: [idle-conv-check-diag] focused_hwnd=HWND(0x2a02f8) ime_wnd=Some(HWND(0x402ee))
2026-09-21T03:35:03.518146Z DEBUG awase_windows::platform: [ime-mode] FocusProbe: checkpoint3でGJI actuationとの交錯を検知 → hint更新をabandon
2026-09-21T03:35:03.518335Z DEBUG set_ime_open_cross_process{open=false}: awase_windows::shadow_send_trace: [shadow-send] channel=ImeControl cmd=0x0006 lparam=0 issue_us=207120174
2026-09-21T03:35:03.518368Z DEBUG set_ime_open_cross_process{open=false}: awase_windows::ime: set_ime_open_for_target: hwnd=HWND(0x2a02f8) ime_wnd=HWND(0x402ee) open=false success=true send_elapsed=0ms candidate_visible=false
2026-09-21T03:35:03.519356Z DEBUG awase::journal: ime event seq=1066 elapsed_ms=207122 event_kind="ObserverReported"
2026-09-21T03:35:03.519394Z DEBUG awase_windows::runtime::focus_tracking: [ImmCrossProbe/focus] child-hwnd IME=false → High confidence 観測記録
2026-09-21T03:35:04.025514Z DEBUG awase_windows::observer::ime_observer: IME snapshot: japanese=Some(true) ime_on=Some(false) romaji=None conv=Some("0x00000009") guard=false
2026-09-21T03:35:04.025577Z DEBUG awase::journal: ime event seq=1067 elapsed_ms=207628 event_kind="ObserverReported"
2026-09-21T03:35:04.540692Z DEBUG awase_windows::observer::ime_observer: IME snapshot: japanese=Some(true) ime_on=Some(false) romaji=None conv=Some("0x00000009") guard=false
2026-09-21T03:35:04.540786Z DEBUG awase::journal: ime event seq=1068 elapsed_ms=208143 event_kind="ObserverReported"
2026-09-21T03:35:05.051814Z DEBUG awase_windows::observer::ime_observer: IME snapshot: japanese=Some(true) ime_on=Some(false) romaji=None conv=Some("0x00000009") guard=false
2026-09-21T03:35:05.051880Z DEBUG awase::journal: ime event seq=1069 elapsed_ms=208654 event_kind="ObserverReported"
2026-09-21T03:35:05.571836Z DEBUG awase_windows::observer::ime_observer: IME snapshot: japanese=Some(true) ime_on=Some(false) romaji=None conv=Some("0x00000009") guard=false
2026-09-21T03:35:05.571901Z DEBUG awase::journal: ime event seq=1070 elapsed_ms=209174 event_kind="ObserverReported"
2026-09-21T03:35:06.085893Z DEBUG awase_windows::observer::ime_observer: IME snapshot: japanese=Some(true) ime_on=Some(false) romaji=None conv=Some("0x00000009") guard=false
2026-09-21T03:35:06.085983Z DEBUG awase::journal: ime event seq=1071 elapsed_ms=209688 event_kind="ObserverReported"
2026-09-21T03:35:06.485317Z  WARN awase_windows::runtime::message_handlers: Hook watchdog: no activity for 6328ms (OS全体の最終入力は6328ms前、OSも無操作のため単なるアイドルの可能性が高い)
2026-09-21T03:35:06.603444Z DEBUG awase_windows::observer::ime_observer: IME snapshot: japanese=Some(true) ime_on=Some(false) romaji=None conv=Some("0x00000009") guard=false
2026-09-21T03:35:06.603511Z DEBUG awase::journal: ime event seq=1072 elapsed_ms=210206 event_kind="ObserverReported"
2026-09-21T03:35:07.122176Z DEBUG awase_windows::observer::ime_observer: IME snapshot: japanese=Some(true) ime_on=Some(false) romaji=None conv=Some("0x00000009") guard=false
2026-09-21T03:35:07.122303Z DEBUG awase::journal: ime event seq=1073 elapsed_ms=210725 event_kind="ObserverReported"
2026-09-21T03:35:07.634149Z DEBUG awase_windows::observer::ime_observer: IME snapshot: japanese=Some(true) ime_on=Some(false) romaji=None conv=Some("0x00000009") guard=false
2026-09-21T03:35:07.634209Z DEBUG awase::journal: ime event seq=1074 elapsed_ms=211236 event_kind="ObserverReported"
2026-09-21T03:35:08.149886Z DEBUG awase_windows::observer::ime_observer: IME snapshot: japanese=Some(true) ime_on=Some(false) romaji=None conv=Some("0x00000009") guard=false
2026-09-21T03:35:08.149983Z DEBUG awase::journal: ime event seq=1075 elapsed_ms=211752 event_kind="ObserverReported"
2026-09-21T03:35:08.665496Z DEBUG awase_windows::observer::ime_observer: IME snapshot: japanese=Some(true) ime_on=Some(false) romaji=None conv=Some("0x00000009") guard=false
2026-09-21T03:35:08.665584Z DEBUG awase::journal: ime event seq=1076 elapsed_ms=212268 event_kind="ObserverReported"
2026-09-21T03:35:09.181634Z DEBUG awase_windows::observer::ime_observer: IME snapshot: japanese=Some(true) ime_on=Some(false) romaji=None conv=Some("0x00000009") guard=false
2026-09-21T03:35:09.181703Z DEBUG awase::journal: ime event seq=1077 elapsed_ms=212784 event_kind="ObserverReported"
2026-09-21T03:35:09.488512Z  WARN awase_windows::runtime::message_handlers: Hook watchdog: no activity for 9328ms (OS全体の最終入力は9328ms前、OSも無操作のため単なるアイドルの可能性が高い)
2026-09-21T03:35:09.686535Z DEBUG awase_windows::observer::ime_observer: IME snapshot: japanese=Some(true) ime_on=Some(false) romaji=None conv=Some("0x00000009") guard=false
2026-09-21T03:35:09.686631Z DEBUG awase::journal: ime event seq=1078 elapsed_ms=213289 event_kind="ObserverReported"
2026-09-21T03:35:10.192231Z DEBUG awase_windows::observer::ime_observer: IME snapshot: japanese=Some(true) ime_on=Some(false) romaji=None conv=Some("0x00000009") guard=false
2026-09-21T03:35:10.192294Z DEBUG awase::journal: ime event seq=1079 elapsed_ms=213795 event_kind="ObserverReported"
2026-09-21T03:35:10.702019Z DEBUG awase_windows::observer::ime_observer: IME snapshot: japanese=Some(true) ime_on=Some(false) romaji=None conv=Some("0x00000009") guard=false
2026-09-21T03:35:10.702098Z DEBUG awase::journal: ime event seq=1080 elapsed_ms=214304 event_kind="ObserverReported"
2026-09-21T03:35:11.203908Z DEBUG awase_windows::observer::ime_observer: IME snapshot: japanese=Some(true) ime_on=Some(false) romaji=None conv=Some("0x00000009") guard=false
2026-09-21T03:35:11.203998Z DEBUG awase::journal: ime event seq=1081 elapsed_ms=214806 event_kind="ObserverReported"
2026-09-21T03:35:11.706318Z DEBUG awase_windows::observer::ime_observer: IME snapshot: japanese=Some(true) ime_on=Some(false) romaji=None conv=Some("0x00000009") guard=false
2026-09-21T03:35:11.706410Z DEBUG awase::journal: ime event seq=1082 elapsed_ms=215309 event_kind="ObserverReported"
2026-09-21T03:35:12.203047Z DEBUG awase_windows::observer::ime_observer: IME snapshot: japanese=Some(true) ime_on=Some(false) romaji=None conv=Some("0x00000009") guard=false
2026-09-21T03:35:12.203120Z DEBUG awase::journal: ime event seq=1083 elapsed_ms=215805 event_kind="ObserverReported"
2026-09-21T03:35:12.476757Z  WARN awase_windows::runtime::message_handlers: Hook watchdog: no activity for 12328ms (OS全体の最終入力は12328ms前、OSも無操作のため単なるアイドルの可能性が高い)
2026-09-21T03:35:12.706421Z DEBUG awase_windows::observer::ime_observer: IME snapshot: japanese=Some(true) ime_on=Some(false) romaji=None conv=Some("0x00000009") guard=false
2026-09-21T03:35:12.706477Z DEBUG awase::journal: ime event seq=1084 elapsed_ms=216309 event_kind="ObserverReported"
2026-09-21T03:35:13.207369Z DEBUG awase_windows::observer::ime_observer: IME snapshot: japanese=Some(true) ime_on=Some(false) romaji=None conv=Some("0x00000009") guard=false
2026-09-21T03:35:13.207434Z DEBUG awase::journal: ime event seq=1085 elapsed_ms=216810 event_kind="ObserverReported"
2026-09-21T03:35:13.513006Z DEBUG awase_windows::tsf::gji_fsm: [gji-fsm] LongIdle timeout → OnCold(Long, NotStarted)
2026-09-21T03:35:13.513037Z DEBUG awase::journal: gji fsm transition seq=1086 elapsed_ms=217115 trigger="LongIdleTimeout" state_before="OnWarm" state_after="OnCold(Long)"
2026-09-21T03:35:13.712048Z DEBUG awase_windows::observer::ime_observer: IME snapshot: japanese=Some(true) ime_on=Some(false) romaji=None conv=Some("0x00000009") guard=false
2026-09-21T03:35:13.712114Z DEBUG awase::journal: ime event seq=1087 elapsed_ms=217314 event_kind="ObserverReported"
2026-09-21T03:35:14.232887Z DEBUG awase_windows::observer::ime_observer: IME snapshot: japanese=Some(true) ime_on=Some(false) romaji=None conv=Some("0x00000009") guard=false
2026-09-21T03:35:14.232947Z DEBUG awase::journal: ime event seq=1088 elapsed_ms=217835 event_kind="ObserverReported"
2026-09-21T03:35:14.746323Z DEBUG awase_windows::observer::ime_observer: IME snapshot: japanese=Some(true) ime_on=Some(false) romaji=None conv=Some("0x00000009") guard=false
2026-09-21T03:35:14.746421Z DEBUG awase::journal: ime event seq=1089 elapsed_ms=218349 event_kind="ObserverReported"
2026-09-21T03:35:15.260068Z DEBUG awase_windows::observer::ime_observer: IME snapshot: japanese=Some(true) ime_on=Some(false) romaji=None conv=Some("0x00000009") guard=false
2026-09-21T03:35:15.260157Z DEBUG awase::journal: ime event seq=1090 elapsed_ms=218862 event_kind="ObserverReported"
2026-09-21T03:35:15.483649Z  WARN awase_windows::runtime::message_handlers: Hook watchdog: no activity for 15328ms (OS全体の最終入力は15328ms前、OSも無操作のため単なるアイドルの可能性が高い)
2026-09-21T03:35:15.773037Z DEBUG awase_windows::observer::ime_observer: IME snapshot: japanese=Some(true) ime_on=Some(false) romaji=None conv=Some("0x00000009") guard=false
2026-09-21T03:35:15.773127Z DEBUG awase::journal: ime event seq=1091 elapsed_ms=219375 event_kind="ObserverReported"
2026-09-21T03:35:16.288727Z DEBUG awase_windows::observer::ime_observer: IME snapshot: japanese=Some(true) ime_on=Some(false) romaji=None conv=Some("0x00000009") guard=false
2026-09-21T03:35:16.288816Z DEBUG awase::journal: ime event seq=1092 elapsed_ms=219891 event_kind="ObserverReported"
2026-09-21T03:35:16.804757Z DEBUG awase_windows::observer::ime_observer: IME snapshot: japanese=Some(true) ime_on=Some(false) romaji=None conv=Some("0x00000009") guard=false
2026-09-21T03:35:16.804820Z DEBUG awase::journal: ime event seq=1093 elapsed_ms=220407 event_kind="ObserverReported"
2026-09-21T03:35:17.321339Z DEBUG awase_windows::observer::ime_observer: IME snapshot: japanese=Some(true) ime_on=Some(false) romaji=None conv=Some("0x00000009") guard=false
2026-09-21T03:35:17.321439Z DEBUG awase::journal: ime event seq=1094 elapsed_ms=220924 event_kind="ObserverReported"
2026-09-21T03:35:17.828783Z DEBUG awase_windows::observer::ime_observer: IME snapshot: japanese=Some(true) ime_on=Some(false) romaji=None conv=Some("0x00000009") guard=false
2026-09-21T03:35:17.828849Z DEBUG awase::journal: ime event seq=1095 elapsed_ms=221431 event_kind="ObserverReported"
2026-09-21T03:35:18.326780Z DEBUG awase_windows::observer::ime_observer: IME snapshot: japanese=Some(true) ime_on=Some(false) romaji=None conv=Some("0x00000009") guard=false
2026-09-21T03:35:18.326877Z DEBUG awase::journal: ime event seq=1096 elapsed_ms=221929 event_kind="ObserverReported"
2026-09-21T03:35:18.474336Z  WARN awase_windows::runtime::message_handlers: Hook watchdog: no activity for 18328ms (OS全体の最終入力は18328ms前、OSも無操作のため単なるアイドルの可能性が高い)
script error: Output type incorrect: bool (expecting ())
