2026-09-21T01:03:40.142097Z DEBUG awase_windows::runtime: [focus-sync] hwnd=0x48034E class="ImeKeyMatrixSpikeWindowClass" app_kind=Win32 hint=Default → mode=Unicode
2026-09-21T01:03:40.142218Z DEBUG awase_windows::tsf::tsf_gate: [tsf-gate] focus change → PendingWarmup (held cleared)
2026-09-21T01:03:40.184564Z DEBUG awase_windows::runtime: [focus-sync] hwnd=0x10082A class="Edit" app_kind=Win32 hint=Default → mode=Unicode
2026-09-21T01:03:40.184612Z DEBUG awase_windows::output: [tsf-gate] focus change while PendingWarmup — held バッファを保持して再初期化スキップ (Chrome等の連続フォーカスイベント対策)
2026-09-21T01:03:40.376071Z  INFO apply_focus_probe_result: awase_windows::runtime::focus_tracking: AppKind changed: Uwp → Win32 (class=Edit)
2026-09-21T01:03:40.376568Z DEBUG apply_focus_probe_result: awase_windows::runtime::focus_tracking: Focus kind changed: Undetermined → TextInput (reason=KnownTextClass(Edit))
2026-09-21T01:03:40.376738Z  INFO apply_focus_probe_result: awase_windows::focus::tracker: [imm-learning] profile 降格: process="ime_key_matrix_spike.exe" class="Edit" Standard → Imm32Unavailable (実測学習 ImmCapability::Unavailable。誤学習なら cache.toml の [imm_capability] から該当 process/class を削除)
2026-09-21T01:03:40.376784Z DEBUG apply_focus_probe_result: awase::journal: focus transition seq=16 elapsed_ms=5986 changed_process=true changed_window=true changed_app_kind=true changed_focus_kind=true dwell_ms=5890 profile="Imm32Unavailable"
2026-09-21T01:03:40.377031Z  INFO apply_focus_probe_result: awase_windows::runtime::focus_tracking: FocusChange [19092→5332] Edit: stale ime_on=true intent=None mode=ObservedRomaji japanese=true
2026-09-21T01:03:40.377064Z DEBUG apply_focus_probe_result: awase_windows::tsf::probe: [composition] focus changed → marked cold
2026-09-21T01:03:40.377087Z DEBUG apply_focus_probe_result: awase_windows::runtime: [keymap] active rules recomputed: 0 rule(s) for process="ime_key_matrix_spike.exe"
2026-09-21T01:03:40.377107Z DEBUG apply_focus_probe_result: awase_windows::runtime::focus_tracking: [keymap] active rules updated on focus change: 0 rule(s) (hwnd=HWND(0x10082a) kind=TextInput focus_epoch=2)
2026-09-21T01:03:40.377145Z DEBUG apply_focus_probe_result:reduce: awase_windows::state::ime_model: [explicit-intent] cleared (focus change)
2026-09-21T01:03:40.377176Z DEBUG apply_focus_probe_result: awase::journal: ime event seq=17 elapsed_ms=5987 event_kind="FocusChanged"
2026-09-21T01:03:40.377243Z DEBUG apply_focus_probe_result: awase_windows::runtime::focus_tracking: [focus] Imm32Unavailable hard pre-sync applied=true (prevent spurious VK_KANJI on first character key)
2026-09-21T01:03:40.377290Z DEBUG apply_focus_probe_result:gji_on_event{event=ImeOn { injection_mode: Unicode, gji_idle_ms: 5875 }}: awase_windows::tsf::gji_fsm: [gji-fsm] ImeOn: already on (OnCold(Long)), ignored
2026-09-21T01:03:40.377331Z DEBUG apply_focus_probe_result: awase::journal: gji fsm transition seq=18 elapsed_ms=5987 trigger="ImeOn(gji_idle_ms=5875)" state_before="OnCold(Long)" state_after="OnCold(Long)"
2026-09-21T01:03:40.377556Z DEBUG awase_windows::runtime::ime_refresh: Skipping IMM query for known-broken class (shadow state SSOT)
2026-09-21T01:03:40.377570Z DEBUG awase_windows::observer::gji_observer: [gji-poll] GJI I/O 5875ms ago predates focus change (5875ms before focus) → skipped
2026-09-21T01:03:40.377595Z DEBUG awase_windows::runtime::ime_refresh: [composition] focus change → marking cold
2026-09-21T01:03:40.377610Z DEBUG awase_windows::tsf::probe: [composition] marked cold reason=FocusChange idle=18446744073709551615ms → next VK/TSF output will send VK_DBE_HIRAGANA warmup
2026-09-21T01:03:40.377648Z DEBUG gji_on_event{event=FocusChange { injection_mode: Unicode, gji_idle_ms: 5875 }}: awase_windows::tsf::gji_fsm: [gji-fsm] FocusChange gji_idle=5875ms → Short
2026-09-21T01:03:40.377699Z DEBUG awase_windows::platform: [gji-fsm] CancelProbe probe_id=ProbeId(0)
2026-09-21T01:03:40.377728Z DEBUG awase_windows::platform: [gji-fsm] StartProbe probe_id=ProbeId(1) forces_f2=false long=false
2026-09-21T01:03:40.377832Z DEBUG awase_windows::tsf::ime_mode_fsm: [ime-mode] FocusChange → Unknown
2026-09-21T01:03:40.377886Z DEBUG awase::journal: gji fsm transition seq=19 elapsed_ms=5987 trigger="FocusChange(gji_idle_ms=5875)" state_before="OnCold(Long)" state_after="OnCold(Short)"
2026-09-21T01:03:40.377910Z DEBUG awase::journal: tsf probe completed seq=20 elapsed_ms=5987 outcome="Canceled" cold_seq=18446744073709551615 cold_seq_present=false probe_id=0 probe_id_present=true duration_ms=5875 tick_count=0 gji_state="OnCold(Short)"
2026-09-21T01:03:40.377939Z DEBUG awase::journal: tsf probe started seq=21 elapsed_ms=5987 source="GjiAction::StartProbe" cold_seq=0 probe_id=1 probe_id_present=true gji_state="OnCold(Short)" consecutive_at_start=0 pending_deferred_len=0
2026-09-21T01:03:40.377964Z DEBUG awase::journal: gji fsm transition seq=22 elapsed_ms=5987 trigger="WarmupComplete(unicode)" state_before="OnCold(Short)" state_after="OnWarm"
2026-09-21T01:03:40.377980Z DEBUG awase::journal: tsf probe completed seq=23 elapsed_ms=5987 outcome="UnicodeImmediate" cold_seq=18446744073709551615 cold_seq_present=false probe_id=1 probe_id_present=true duration_ms=0 tick_count=0 gji_state="OnWarm"
2026-09-21T01:03:40.378015Z DEBUG awase_windows::runtime::ime_refresh: [composition] FocusChange: send_eager_tsf_warmup called (ime_on via warmup_ime_on())
2026-09-21T01:03:40.379066Z DEBUG awase_windows::ime: [idle-conv-check-diag] focused_hwnd=HWND(0x10082a) ime_wnd=Some(HWND(0x620350))
2026-09-21T01:03:40.486160Z  WARN awase_windows::runtime::message_handlers: Hook watchdog: no activity for 6000ms (OS全体の最終入力は0ms前 → フックにイベントが届いていない疑い(issue #165))
2026-09-21T01:03:40.486551Z  WARN awase_windows::runtime::message_handlers: Hook watchdog kana lock edge: None → Off (fg_class="ImeKeyMatrixSpikeWindowClass", own_ui=false, stale_ms=6000, os_idle_ms=0)
2026-09-21T01:03:41.000812Z DEBUG awase_windows::runtime::ime_refresh: Skipping IMM query for known-broken class (shadow state SSOT)
2026-09-21T01:03:41.000818Z DEBUG awase_windows::observer::gji_observer: [gji-poll] GJI I/O 6500ms ago predates focus change (5875ms before focus) → skipped
2026-09-21T01:03:41.628106Z DEBUG awase_windows::runtime::ime_refresh: Skipping IMM query for known-broken class (shadow state SSOT)
2026-09-21T01:03:41.628120Z DEBUG awase_windows::observer::gji_observer: [gji-poll] GJI I/O 7125ms ago predates focus change (5875ms before focus) → skipped
2026-09-21T01:03:41.816143Z DEBUG awase_windows::runtime: [focus-sync] hwnd=0x12035C class="RICHEDIT50W" app_kind=Win32 hint=Default → mode=Unicode
2026-09-21T01:03:41.816198Z DEBUG awase_windows::tsf::tsf_gate: [tsf-gate] focus change → PendingWarmup (held cleared)
2026-09-21T01:03:41.880697Z DEBUG apply_focus_probe_result:reduce: awase_windows::state::observation_store: [focus-hwnd-track] update_focus_window: current_fence.hwnd HwndId(1050666) -> HwndId(1180508)
2026-09-21T01:03:41.880741Z DEBUG apply_focus_probe_result: awase::journal: ime event seq=24 elapsed_ms=7490 event_kind="FocusHwndUpdated"
2026-09-21T01:03:41.880766Z DEBUG apply_focus_probe_result: awase::journal: focus transition seq=25 elapsed_ms=7490 changed_process=false changed_window=true changed_app_kind=false changed_focus_kind=false dwell_ms=1516 profile="ImmCross"
2026-09-21T01:03:41.880992Z DEBUG awase_windows::observer::ime_observer: IME snapshot: japanese=Some(true) ime_on=Some(false) romaji=None conv=Some("0x00000009") guard=false
2026-09-21T01:03:41.881034Z DEBUG awase::journal: ime event seq=26 elapsed_ms=7491 event_kind="ObserverReported"
2026-09-21T01:03:41.881049Z  INFO awase_windows::runtime::ime_refresh: ObserverPoll +1516ms since focus: ime_on true → false(intent=None) 
2026-09-21T01:03:41.881111Z  INFO awase::engine::engine: Engine deactivated (ime=false, romaji=true, japanese=true, user=true, reason=Inactive(ImeOff))
2026-09-21T01:03:41.881193Z DEBUG execute_from_loop:execute_one{generation=None}:dispatch_ime_set_open{open=false generation=None}: awase_windows::runtime::executor: [dispatch-ime] ImmCross async: optimistic applied_snapshot=false (suppress send_engine_state_ime_key)
2026-09-21T01:03:41.882736Z DEBUG execute_from_loop:execute_one{generation=None}: awase_windows::platform: [engine-state-key] suppressed (polling/focus-triggered, enabled=false)
2026-09-21T01:03:41.886973Z DEBUG run_open_chain_async: awase_windows::ime_controller: [warrant-shadow] chain=async open=false origin=EventOrigin { source: SelfActuated { strategy: "engine_decision_async" }, epoch: Generation(0) } warranted
2026-09-21T01:03:41.887039Z  INFO run_open_chain_async:imm_cross_write{open=false}: awase_windows::runtime::open_chain: [apply-ime] ImmCross async: open=false composition_active=false show_seq=0 change_seq=0 (issue #138診断)
2026-09-21T01:03:41.890819Z DEBUG awase_windows::shadow_send_trace: [shadow-send] channel=ImeControl cmd=0x0006 lparam=0 issue_us=7500838
2026-09-21T01:03:41.890833Z DEBUG awase_windows::ime: set_ime_open_for_target: hwnd=HWND(0x12035c) ime_wnd=HWND(0x620350) open=false success=true send_elapsed=0ms candidate_visible=false
2026-09-21T01:03:41.891048Z DEBUG run_open_chain_async:imm_cross_write{open=false}: awase_windows::ime: [imm-cross-actuate] hwnd=HWND(0x12035c) open=Written conv=None
2026-09-21T01:03:41.891143Z DEBUG run_open_chain_async: awase::journal: actuation decision seq=27 elapsed_ms=7501 site="DispatchImeSetOpen" caller="None" open=false chain_len=4 attempts_len=1 gate_profile="Standard" gate_kind="Gji" gate_shadow_known=true gate_shadow_on=true gate_input_mode="Observed
2026-09-21T01:03:41.891484Z DEBUG on_ime_apply_complete{open=false outcome=AppliedWithoutSendInput generation=None reason=EngineDecision}: awase::journal: ime open applied seq=28 elapsed_ms=7501 open=false outcome="AppliedWithoutSendInput" reason="EngineDecision"
2026-09-21T01:03:41.891600Z DEBUG on_ime_apply_complete{open=false outcome=AppliedWithoutSendInput generation=None reason=EngineDecision}: awase_windows::tsf::ime_mode_fsm: [ime-mode] SetOpen(false) applied → Off (belief, unconfirmed)
2026-09-21T01:03:41.891622Z DEBUG on_ime_apply_complete{open=false outcome=AppliedWithoutSendInput generation=None reason=EngineDecision}: awase_windows::platform: [composition] ImeEffect::SetOpen(false) → marking cold (prevent warm+TSF Enter leak)
2026-09-21T01:03:41.891636Z DEBUG on_ime_apply_complete{open=false outcome=AppliedWithoutSendInput generation=None reason=EngineDecision}: awase_windows::tsf::probe: [composition] marked cold reason=SetOpenFalse idle=18446744073709551615ms → next VK/TSF output will send VK_DBE_HIRAGANA warmup
2026-09-21T01:03:41.891766Z DEBUG awase::journal: gji fsm transition seq=29 elapsed_ms=7501 trigger="ImeOff" state_before="OnWarm" state_after="OffCold"
2026-09-21T01:03:41.926097Z DEBUG awase_windows::observer::ime_observer: IME snapshot: japanese=Some(true) ime_on=Some(false) romaji=None conv=Some("0x00000009") guard=false
2026-09-21T01:03:41.926156Z DEBUG awase::journal: ime event seq=30 elapsed_ms=7536 event_kind="ObserverReported"
2026-09-21T01:03:42.414311Z DEBUG awase_windows::observer::ime_observer: IME snapshot: japanese=Some(true) ime_on=Some(false) romaji=None conv=Some("0x00000009") guard=false
2026-09-21T01:03:42.414353Z DEBUG awase::journal: ime event seq=31 elapsed_ms=8024 event_kind="ObserverReported"
2026-09-21T01:03:42.414423Z  WARN ir_apply_drift_correction: awase_windows::runtime::ime_refresh: [drift] correction: observed=false ≠ desired=true for 533ms → set_ime_open(true) (source=ObserverPoll confidence=Medium)
2026-09-21T01:03:42.414471Z DEBUG ir_apply_drift_correction: awase::journal: ime actuation seq=32 elapsed_ms=8024 target_open=true attempts=0 policy="Blind" action="Send"
2026-09-21T01:03:42.414490Z DEBUG ir_apply_drift_correction: awase::journal: ime event seq=33 elapsed_ms=8024 event_kind="DriftDetected"
2026-09-21T01:03:42.414515Z  INFO ir_apply_drift_correction: awase_windows::ime_controller: [warrant-shadow] chain=set_ime_open open=true origin=EventOrigin { source: SelfActuated { strategy: "drift_correction_blind" }, epoch: Generation(0) } would_have_blocked=true (A-1 shadow: 書き込みは止めない。A-2 で強制する際
2026-09-21T01:03:42.916049Z DEBUG awase_windows::observer::ime_observer: IME snapshot: japanese=Some(true) ime_on=Some(false) romaji=None conv=Some("0x00000009") guard=false
2026-09-21T01:03:42.916126Z DEBUG awase::journal: ime event seq=34 elapsed_ms=8526 event_kind="ObserverReported"
2026-09-21T01:03:42.916226Z  WARN ir_apply_drift_correction: awase_windows::runtime::ime_refresh: [drift] correction: observed=false ≠ desired=true for 1035ms → set_ime_open(true) (source=ObserverPoll confidence=Medium)
2026-09-21T01:03:42.916308Z DEBUG ir_apply_drift_correction: awase::journal: ime actuation seq=35 elapsed_ms=8526 target_open=true attempts=1 policy="Blind" action="Send"
2026-09-21T01:03:42.916344Z DEBUG ir_apply_drift_correction: awase::journal: ime event seq=36 elapsed_ms=8526 event_kind="DriftDetected"
2026-09-21T01:03:42.916395Z  INFO ir_apply_drift_correction: awase_windows::ime_controller: [warrant-shadow] chain=set_ime_open open=true origin=EventOrigin { source: SelfActuated { strategy: "drift_correction_blind" }, epoch: Generation(1) } would_have_blocked=true (A-1 shadow: 書き込みは止めない。A-2 で強制する際
2026-09-21T01:03:43.418232Z DEBUG awase_windows::observer::ime_observer: IME snapshot: japanese=Some(true) ime_on=Some(false) romaji=None conv=Some("0x00000009") guard=false
2026-09-21T01:03:43.418309Z DEBUG awase::journal: ime event seq=37 elapsed_ms=9028 event_kind="ObserverReported"
2026-09-21T01:03:43.418409Z  WARN ir_apply_drift_correction: awase_windows::runtime::ime_refresh: [drift] correction: observed=false ≠ desired=true for 1537ms → set_ime_open(true) (source=ObserverPoll confidence=Medium)
2026-09-21T01:03:43.418485Z DEBUG ir_apply_drift_correction: awase::journal: ime actuation seq=38 elapsed_ms=9028 target_open=true attempts=2 policy="Blind" action="Send"
2026-09-21T01:03:43.418519Z DEBUG ir_apply_drift_correction: awase::journal: ime event seq=39 elapsed_ms=9028 event_kind="DriftDetected"
2026-09-21T01:03:43.418563Z  INFO ir_apply_drift_correction: awase_windows::ime_controller: [warrant-shadow] chain=set_ime_open open=true origin=EventOrigin { source: SelfActuated { strategy: "drift_correction_blind" }, epoch: Generation(2) } would_have_blocked=true (A-1 shadow: 書き込みは止めない。A-2 で強制する際
2026-09-21T01:03:43.476060Z  WARN awase_windows::runtime::message_handlers: Hook watchdog: no activity for 9000ms (OS全体の最終入力は1328ms前 → フックにイベントが届いていない疑い(issue #165))
2026-09-21T01:03:43.916101Z DEBUG awase_windows::observer::ime_observer: IME snapshot: japanese=Some(true) ime_on=Some(false) romaji=None conv=Some("0x00000009") guard=false
2026-09-21T01:03:43.916151Z DEBUG awase::journal: ime event seq=40 elapsed_ms=9525 event_kind="ObserverReported"
2026-09-21T01:03:43.916220Z  WARN ir_apply_drift_correction: awase_windows::runtime::ime_refresh: [drift] correction: observed=false ≠ desired=true for 2035ms → set_ime_open(true) (source=ObserverPoll confidence=Medium)
2026-09-21T01:03:43.916271Z DEBUG ir_apply_drift_correction: awase::journal: ime actuation seq=41 elapsed_ms=9526 target_open=true attempts=3 policy="Blind" action="Send"
2026-09-21T01:03:43.916294Z DEBUG ir_apply_drift_correction: awase::journal: ime event seq=42 elapsed_ms=9526 event_kind="DriftDetected"
2026-09-21T01:03:43.916325Z  INFO ir_apply_drift_correction: awase_windows::ime_controller: [warrant-shadow] chain=set_ime_open open=true origin=EventOrigin { source: SelfActuated { strategy: "drift_correction_blind" }, epoch: Generation(3) } would_have_blocked=true (A-1 shadow: 書き込みは止めない。A-2 で強制する際
2026-09-21T01:03:44.417309Z DEBUG awase_windows::observer::ime_observer: IME snapshot: japanese=Some(true) ime_on=Some(false) romaji=None conv=Some("0x00000009") guard=false
2026-09-21T01:03:44.417375Z DEBUG awase::journal: ime event seq=43 elapsed_ms=10027 event_kind="ObserverReported"
2026-09-21T01:03:44.417460Z  WARN ir_apply_drift_correction: awase_windows::runtime::ime_refresh: [drift] correction: observed=false ≠ desired=true for 2536ms → set_ime_open(true) (source=ObserverPoll confidence=Medium)
2026-09-21T01:03:44.417535Z DEBUG ir_apply_drift_correction: awase::journal: ime actuation seq=44 elapsed_ms=10027 target_open=true attempts=4 policy="Blind" action="Send"
2026-09-21T01:03:44.417584Z DEBUG ir_apply_drift_correction: awase::journal: ime event seq=45 elapsed_ms=10027 event_kind="DriftDetected"
2026-09-21T01:03:44.417625Z  INFO ir_apply_drift_correction: awase_windows::ime_controller: [warrant-shadow] chain=set_ime_open open=true origin=EventOrigin { source: SelfActuated { strategy: "drift_correction_blind" }, epoch: Generation(4) } would_have_blocked=true (A-1 shadow: 書き込みは止めない。A-2 で強制する際
2026-09-21T01:03:44.917193Z DEBUG awase_windows::observer::ime_observer: IME snapshot: japanese=Some(true) ime_on=Some(false) romaji=None conv=Some("0x00000009") guard=false
2026-09-21T01:03:44.917249Z DEBUG awase::journal: ime event seq=46 elapsed_ms=10526 event_kind="ObserverReported"
2026-09-21T01:03:44.958861Z DEBUG ir_apply_drift_correction: awase::journal: drift give-up diagnostic seq=47 elapsed_ms=10568 desired_open=true observed_open=false drift_duration_ms=3036 layout_name="nicola_keytop" half_width_alnum_toggle_active=false
2026-09-21T01:03:44.958937Z DEBUG ir_apply_drift_correction: awase::journal: ime actuation seq=48 elapsed_ms=10568 target_open=true attempts=5 policy="Blind" action="GiveUp"
2026-09-21T01:03:44.958948Z DEBUG ir_apply_drift_correction: awase_windows::runtime::ime_refresh: [drift] actuation gave up (Blind): desired=true observed=false converged=false attempts=5
2026-09-21T01:03:44.959368Z DEBUG awase_windows::runtime::message_handlers: WM_APP received: hwnd=HWND(0x2e0078) lparam=0x0000000000000402
2026-09-21T01:03:44.959433Z DEBUG awase_windows::tray: Tray message: event=0x0402 lparam=0x0000000000000402
2026-09-21T01:03:44.959489Z DEBUG awase_windows::runtime::message_handlers: WM_APP received: hwnd=HWND(0x2e0078) lparam=0x0000000000000404
2026-09-21T01:03:44.959511Z DEBUG awase_windows::tray: Tray message: event=0x0404 lparam=0x0000000000000404
2026-09-21T01:03:45.466921Z DEBUG awase_windows::observer::ime_observer: IME snapshot: japanese=Some(true) ime_on=Some(false) romaji=None conv=Some("0x00000009") guard=false
2026-09-21T01:03:45.466988Z DEBUG awase::journal: ime event seq=49 elapsed_ms=11076 event_kind="ObserverReported"
2026-09-21T01:03:45.467071Z DEBUG ir_apply_drift_correction: awase::journal: ime actuation seq=50 elapsed_ms=11076 target_open=true attempts=5 policy="Blind" action="GiveUp"
2026-09-21T01:03:45.965144Z DEBUG awase_windows::observer::ime_observer: IME snapshot: japanese=Some(true) ime_on=Some(false) romaji=None conv=Some("0x00000009") guard=false
2026-09-21T01:03:45.965198Z DEBUG awase::journal: ime event seq=51 elapsed_ms=11574 event_kind="ObserverReported"
2026-09-21T01:03:45.965272Z DEBUG ir_apply_drift_correction: awase::journal: ime actuation seq=52 elapsed_ms=11574 target_open=true attempts=5 policy="Blind" action="GiveUp"
2026-09-21T01:03:46.468522Z DEBUG awase_windows::observer::ime_observer: IME snapshot: japanese=Some(true) ime_on=Some(false) romaji=None conv=Some("0x00000009") guard=false
2026-09-21T01:03:46.468599Z DEBUG awase::journal: ime event seq=53 elapsed_ms=12078 event_kind="ObserverReported"
2026-09-21T01:03:46.468695Z DEBUG ir_apply_drift_correction: awase::journal: ime actuation seq=54 elapsed_ms=12078 target_open=true attempts=5 policy="Blind" action="GiveUp"
2026-09-21T01:03:46.478911Z  WARN awase_windows::runtime::message_handlers: Hook watchdog: no activity for 12000ms (OS全体の最終入力は4328ms前 → フックにイベントが届いていない疑い(issue #165))
2026-09-21T01:03:46.967245Z DEBUG awase_windows::observer::ime_observer: IME snapshot: japanese=Some(true) ime_on=Some(false) romaji=None conv=Some("0x00000009") guard=false
2026-09-21T01:03:46.967320Z DEBUG awase::journal: ime event seq=55 elapsed_ms=12576 event_kind="ObserverReported"
2026-09-21T01:03:46.967420Z DEBUG ir_apply_drift_correction: awase::journal: ime actuation seq=56 elapsed_ms=12576 target_open=true attempts=5 policy="Blind" action="GiveUp"
2026-09-21T01:03:47.463661Z DEBUG awase_windows::observer::ime_observer: IME snapshot: japanese=Some(true) ime_on=Some(false) romaji=None conv=Some("0x00000009") guard=false
2026-09-21T01:03:47.463696Z DEBUG awase::journal: ime event seq=57 elapsed_ms=13073 event_kind="ObserverReported"
2026-09-21T01:03:47.463746Z DEBUG ir_apply_drift_correction: awase::journal: ime actuation seq=58 elapsed_ms=13073 target_open=true attempts=5 policy="Blind" action="GiveUp"
2026-09-21T01:03:47.966574Z DEBUG awase_windows::observer::ime_observer: IME snapshot: japanese=Some(true) ime_on=Some(false) romaji=None conv=Some("0x00000009") guard=false
2026-09-21T01:03:47.966637Z DEBUG awase::journal: ime event seq=59 elapsed_ms=13576 event_kind="ObserverReported"
2026-09-21T01:03:47.966725Z DEBUG ir_apply_drift_correction: awase::journal: ime actuation seq=60 elapsed_ms=13576 target_open=true attempts=5 policy="Blind" action="GiveUp"
2026-09-21T01:03:48.464382Z DEBUG awase_windows::observer::ime_observer: IME snapshot: japanese=Some(true) ime_on=Some(false) romaji=None conv=Some("0x00000009") guard=false
2026-09-21T01:03:48.464449Z DEBUG awase::journal: ime event seq=61 elapsed_ms=14073 event_kind="ObserverReported"
2026-09-21T01:03:48.464539Z DEBUG ir_apply_drift_correction: awase::journal: ime actuation seq=62 elapsed_ms=14073 target_open=true attempts=5 policy="Blind" action="GiveUp"
2026-09-21T01:03:48.963187Z DEBUG awase_windows::observer::ime_observer: IME snapshot: japanese=Some(true) ime_on=Some(false) romaji=None conv=Some("0x00000009") guard=false
2026-09-21T01:03:48.963237Z DEBUG awase::journal: ime event seq=63 elapsed_ms=14572 event_kind="ObserverReported"
2026-09-21T01:03:48.963306Z DEBUG ir_apply_drift_correction: awase::journal: ime actuation seq=64 elapsed_ms=14572 target_open=true attempts=5 policy="Blind" action="GiveUp"
2026-09-21T01:03:49.465365Z DEBUG awase_windows::observer::ime_observer: IME snapshot: japanese=Some(true) ime_on=Some(false) romaji=None conv=Some("0x00000009") guard=false
2026-09-21T01:03:49.465428Z DEBUG awase::journal: ime event seq=65 elapsed_ms=15074 event_kind="ObserverReported"
2026-09-21T01:03:49.465512Z DEBUG ir_apply_drift_correction: awase::journal: ime actuation seq=66 elapsed_ms=15074 target_open=true attempts=5 policy="Blind" action="GiveUp"
2026-09-21T01:03:49.475839Z  WARN awase_windows::runtime::message_handlers: Hook watchdog: no activity for 15000ms (OS全体の最終入力は7328ms前、OSも無操作のため単なるアイドルの可能性が高い)
2026-09-21T01:03:49.712374Z DEBUG awase_windows::runtime: [focus-sync] hwnd=0x10082A class="Edit" app_kind=Win32 hint=Default → mode=Unicode
2026-09-21T01:03:49.712555Z DEBUG awase_windows::tsf::tsf_gate: [tsf-gate] focus change → PendingWarmup (held cleared)
2026-09-21T01:03:49.775465Z  INFO apply_focus_probe_result: awase_windows::focus::tracker: [imm-learning] profile 降格: process="ime_key_matrix_spike.exe" class="Edit" Standard → Imm32Unavailable (実測学習 ImmCapability::Unavailable。誤学習なら cache.toml の [imm_capability] から該当 process/class を削除)
2026-09-21T01:03:49.775527Z DEBUG apply_focus_probe_result:reduce: awase_windows::state::observation_store: [focus-hwnd-track] update_focus_window: current_fence.hwnd HwndId(1180508) -> HwndId(1050666)
2026-09-21T01:03:49.775572Z DEBUG apply_focus_probe_result: awase::journal: ime event seq=67 elapsed_ms=15384 event_kind="FocusHwndUpdated"
2026-09-21T01:03:49.775609Z DEBUG apply_focus_probe_result: awase::journal: focus transition seq=68 elapsed_ms=15384 changed_process=false changed_window=true changed_app_kind=false changed_focus_kind=false dwell_ms=7891 profile="Imm32Unavailable"
2026-09-21T01:03:49.775858Z DEBUG awase_windows::runtime::ime_refresh: Skipping IMM query for known-broken class (shadow state SSOT)
2026-09-21T01:03:49.775869Z DEBUG awase_windows::observer::gji_observer: [gji-poll] GJI I/O 15282ms ago predates focus change (5875ms before focus) → skipped
2026-09-21T01:03:49.775964Z DEBUG ir_apply_drift_correction: awase::journal: ime actuation seq=69 elapsed_ms=15385 target_open=true attempts=5 policy="Blind" action="GiveUp"
2026-09-21T01:03:50.100245Z DEBUG awase_windows::runtime::key_pipeline: [engine-input] vk=0x0D KeyDown ts=15710056us delay=0ms state=Idle mods(c=false s=false a=false w=false) gas_ctrl=false phys_ctrl=false extra=0x5350494B pending_drain=0 gate_active=false l_thumb=None r_thumb=None [diag-ctx] ime_o
2026-09-21T01:03:50.100360Z DEBUG awase::journal: key input seq=70 elapsed_ms=15709 vk_code=13 is_down=true injected=false key_class="Passthrough" state_before="Idle" state_after="Idle" decision="PassThrough" physical="Allow" repeat_count=1 last_timestamp_us=15710056 last_elapsed_ms=0
2026-09-21T01:03:50.100466Z DEBUG execute_from_hook: awase_windows::tsf::probe: [composition] marked cold reason=PassthroughConfirmKey idle=18446744073709551615ms → next VK/TSF output will send VK_DBE_HIRAGANA warmup
2026-09-21T01:03:50.100489Z DEBUG execute_from_hook: awase_windows::tsf::probe: [mark-send] last_send_ms=44641156
2026-09-21T01:03:50.100536Z DEBUG execute_from_hook: awase_windows::platform: [composition-fsm] EmitWarmup (ConfirmKeyDown)
2026-09-21T01:03:50.100554Z DEBUG execute_from_hook: awase_windows::runtime::executor: [relay-passthrough] PassThrough idle: direct OS pass-through (vk=0x0d down)
2026-09-21T01:03:50.100578Z DEBUG awase::journal: gji fsm transition seq=71 elapsed_ms=15709 trigger="CompositionReset(gji_idle_ms=15610)" state_before="OffCold" state_after="OffCold"
2026-09-21T01:03:50.100784Z DEBUG awase_windows::runtime::executor: [reinject-guard] suspending drain for 50ms (vk=0x0d)
2026-09-21T01:03:50.102105Z DEBUG awase_windows::runtime::key_pipeline: FocusProbe: profile=Imm32Unavailable は IMM32 open status 非対応のため probe.ime_on=Some(false) を破棄
2026-09-21T01:03:50.102161Z  INFO awase_windows::runtime::key_pipeline: FocusProbe +0ms: ime_on=false(shadow) mode=ObservedRomaji [ime=GoogleJapaneseInput sig1=false gji_io=15610ms sig2=false]
2026-09-21T01:03:50.102177Z DEBUG awase_windows::runtime::key_pipeline: FocusProbe: TsfNative/Imm32Unavailable — 観測不能のため記録は行わず、shadow 値 false を guard 解除判定にのみ使用 [probe_age=0ms]
2026-09-21T01:03:50.177453Z DEBUG execute_one{generation=None}: awase_windows::runtime::executor: [reinject] vk=0x0d down (queued passthrough now firing)
2026-09-21T01:03:50.177527Z DEBUG execute_one{generation=None}: awase_windows::platform: [composition] reinject KeyDown vk=0x0d → marking cold + eager warmup
2026-09-21T01:03:50.177551Z DEBUG execute_one{generation=None}: awase_windows::tsf::probe: [composition] marked cold reason=ReinjectConfirmKey idle=78ms → next VK/TSF output will send VK_DBE_HIRAGANA warmup
2026-09-21T01:03:50.177574Z DEBUG execute_one{generation=None}: awase_windows::tsf::probe: [mark-send] last_send_ms=44641234
2026-09-21T01:03:50.181432Z DEBUG awase::journal: gji fsm transition seq=72 elapsed_ms=15786 trigger="CompositionReset(gji_idle_ms=15688)" state_before="OffCold" state_after="OffCold"
2026-09-21T01:03:50.208305Z DEBUG awase_windows::runtime::key_pipeline: [engine-input] vk=0x0D KeyUp ts=15818590us delay=0ms state=Idle mods(c=false s=false a=false w=false) gas_ctrl=false phys_ctrl=false extra=0x5350494B pending_drain=0 gate_active=false l_thumb=None r_thumb=None [diag-ctx] ime_on=
2026-09-21T01:03:50.208385Z DEBUG awase::journal: key input seq=73 elapsed_ms=15817 vk_code=13 is_down=false injected=false key_class="Passthrough" state_before="Idle" state_after="Idle" decision="PassThrough" physical="Allow" repeat_count=1 last_timestamp_us=15818590 last_elapsed_ms=0
2026-09-21T01:03:50.208502Z DEBUG execute_from_hook: awase_windows::runtime::transport: [relay-defer] PassThrough deferred: output in-flight (31ms ago), reinject(vk=0x0d up)
2026-09-21T01:03:50.208546Z DEBUG awase_windows::runtime::executor: [reinject-guard] suspending drain for 19ms (vk=0x0d)
2026-09-21T01:03:50.255204Z DEBUG execute_one{generation=None}: awase_windows::runtime::executor: [reinject] vk=0x0d up (queued passthrough now firing)
2026-09-21T01:03:50.289010Z DEBUG awase_windows::runtime::ime_refresh: Skipping observer/SSOT write: typing active (idle=78ms)
2026-09-21T01:03:50.289100Z DEBUG ir_apply_drift_correction: awase::journal: ime actuation seq=74 elapsed_ms=15898 target_open=true attempts=5 policy="Blind" action="GiveUp"
2026-09-21T01:03:50.792309Z DEBUG awase_windows::runtime::ime_refresh: Skipping IMM query for known-broken class (shadow state SSOT)
2026-09-21T01:03:50.792320Z DEBUG awase_windows::observer::gji_observer: [gji-poll] GJI I/O 16297ms ago predates focus change (5875ms before focus) → skipped
2026-09-21T01:03:50.792411Z DEBUG ir_apply_drift_correction: awase::journal: ime actuation seq=75 elapsed_ms=16401 target_open=true attempts=5 policy="Blind" action="GiveUp"
2026-09-21T01:03:51.303882Z DEBUG awase_windows::runtime::ime_refresh: Skipping IMM query for known-broken class (shadow state SSOT)
2026-09-21T01:03:51.303893Z DEBUG awase_windows::observer::gji_observer: [gji-poll] GJI I/O 16813ms ago predates focus change (5875ms before focus) → skipped
2026-09-21T01:03:51.818357Z DEBUG awase_windows::runtime::ime_refresh: Skipping IMM query for known-broken class (shadow state SSOT)
2026-09-21T01:03:51.818370Z DEBUG awase_windows::observer::gji_observer: [gji-poll] GJI I/O 17329ms ago predates focus change (5875ms before focus) → skipped
2026-09-21T01:03:51.988662Z DEBUG awase_windows::runtime::key_pipeline: [engine-input] vk=0x1C KeyDown ts=17598432us delay=0ms state=Idle mods(c=false s=false a=false w=false) gas_ctrl=false phys_ctrl=false extra=0x5350494B pending_drain=0 gate_active=false l_thumb=None r_thumb=Some(17598415) [diag-
2026-09-21T01:03:51.988981Z DEBUG awase::journal: key input seq=76 elapsed_ms=17598 vk_code=28 is_down=true injected=false key_class="RightThumb" state_before="Idle" state_after="Idle" decision="PassThrough" physical="Allow" repeat_count=1 last_timestamp_us=17598432 last_elapsed_ms=0
2026-09-21T01:03:51.989107Z  INFO awase_windows::runtime::key_pipeline: [mode-key-follow] mode key PassThrough(vk=0x1C): IME refresh scheduled (20ms)
2026-09-21T01:03:51.989221Z DEBUG execute_one{generation=None}: awase_windows::runtime::executor: [reinject] vk=0x1c down (queued passthrough now firing)
2026-09-21T01:03:52.002175Z DEBUG awase_windows::tsf::gji_monitor: [gji-io] WRITE: w_ops=+5 w_KB=+0.1 (r_ops=+10 x_ops=+10 x_KB=+0.0)
2026-09-21T01:03:52.038892Z DEBUG awase_windows::runtime::ime_refresh: Skipping observer/SSOT write: typing active (idle=62ms)
2026-09-21T01:03:52.114211Z DEBUG awase_windows::runtime::key_pipeline: [engine-input] vk=0x1C KeyUp ts=17724383us delay=0ms state=Idle mods(c=false s=false a=false w=false) gas_ctrl=false phys_ctrl=false extra=0x5350494B pending_drain=0 gate_active=false l_thumb=None r_thumb=None [diag-ctx] ime_on=
2026-09-21T01:03:52.114363Z DEBUG awase::journal: key input seq=77 elapsed_ms=17723 vk_code=28 is_down=false injected=false key_class="RightThumb" state_before="Idle" state_after="Idle" decision="PassThrough" physical="Allow" repeat_count=1 last_timestamp_us=17724383 last_elapsed_ms=0
2026-09-21T01:03:52.114606Z DEBUG execute_one{generation=None}: awase_windows::runtime::executor: [reinject] vk=0x1c up (queued passthrough now firing)
2026-09-21T01:03:53.925723Z DEBUG awase_windows::runtime::key_pipeline: [engine-input] vk=0x4B KeyDown ts=19535865us delay=0ms state=Idle mods(c=false s=false a=false w=false) gas_ctrl=false phys_ctrl=false extra=0x5350494B pending_drain=0 gate_active=false l_thumb=None r_thumb=None [diag-ctx] ime_o
2026-09-21T01:03:53.925816Z DEBUG awase::journal: key input seq=78 elapsed_ms=19534 vk_code=75 is_down=true injected=false key_class="Char" state_before="Idle" state_after="Idle" decision="PassThrough" physical="Allow" repeat_count=1 last_timestamp_us=19535865 last_elapsed_ms=0
2026-09-21T01:03:53.925939Z DEBUG execute_one{generation=None}: awase_windows::runtime::executor: [reinject] vk=0x4b down (queued passthrough now firing)
2026-09-21T01:03:53.936842Z  INFO awase_windows::tsf::win_event_obs: [gji-obs] candidate SHOW #1: last_gji_write=1938ms ago
2026-09-21T01:03:53.940366Z DEBUG awase_windows::tsf::gji_monitor: [gji-io] WRITE: w_ops=+2 w_KB=+0.3 (r_ops=+4 x_ops=+4 x_KB=+0.0)
2026-09-21T01:03:54.054040Z DEBUG awase_windows::runtime::key_pipeline: [engine-input] vk=0x4B KeyUp ts=19663494us delay=1ms state=Idle mods(c=false s=false a=false w=false) gas_ctrl=false phys_ctrl=false extra=0x5350494B pending_drain=0 gate_active=false l_thumb=None r_thumb=None [diag-ctx] ime_on=
2026-09-21T01:03:54.054116Z DEBUG awase::journal: key input seq=79 elapsed_ms=19663 vk_code=75 is_down=false injected=false key_class="Char" state_before="Idle" state_after="Idle" decision="PassThrough" physical="Allow" repeat_count=1 last_timestamp_us=19663494 last_elapsed_ms=0
2026-09-21T01:03:54.054215Z DEBUG execute_one{generation=None}: awase_windows::runtime::executor: [reinject] vk=0x4b up (queued passthrough now firing)
2026-09-21T01:03:54.056398Z DEBUG awase_windows::platform: [gji-fsm] StartComposition (candidate SHOW)
2026-09-21T01:03:54.056447Z  WARN gji_on_event{event=StartComposition}: awase_windows::tsf::gji_fsm: [gji-fsm] StartComposition while engine off — ignored
2026-09-21T01:03:54.056557Z DEBUG awase::journal: gji fsm transition seq=80 elapsed_ms=19665 trigger="StartComposition(candidate SHOW)" state_before="OffCold" state_after="OffCold"
2026-09-21T01:03:55.868061Z DEBUG awase_windows::runtime::key_pipeline: [engine-input] vk=0x0D KeyDown ts=21477014us delay=1ms state=Idle mods(c=false s=false a=false w=false) gas_ctrl=false phys_ctrl=false extra=0x5350494B pending_drain=0 gate_active=false l_thumb=None r_thumb=None [diag-ctx] ime_o
2026-09-21T01:03:55.868168Z DEBUG awase::journal: key input seq=81 elapsed_ms=21476 vk_code=13 is_down=true injected=false key_class="Passthrough" state_before="Idle" state_after="Idle" decision="PassThrough" physical="Allow" repeat_count=1 last_timestamp_us=21477014 last_elapsed_ms=0
2026-09-21T01:03:55.868271Z DEBUG execute_from_hook: awase_windows::tsf::probe: [composition] marked cold reason=PassthroughConfirmKey idle=5687ms → next VK/TSF output will send VK_DBE_HIRAGANA warmup
2026-09-21T01:03:55.868292Z DEBUG execute_from_hook: awase_windows::tsf::probe: [mark-send] last_send_ms=44646921
2026-09-21T01:03:55.868346Z DEBUG execute_from_hook: awase_windows::platform: [composition-fsm] EmitWarmup (ConfirmKeyDown)
2026-09-21T01:03:55.868365Z DEBUG execute_from_hook: awase_windows::runtime::executor: [relay-passthrough] PassThrough idle: direct OS pass-through (vk=0x0d down)
2026-09-21T01:03:55.868394Z DEBUG awase::journal: gji fsm transition seq=82 elapsed_ms=21477 trigger="CompositionReset(gji_idle_ms=1937)" state_before="OffCold" state_after="OffCold"
2026-09-21T01:03:55.868459Z DEBUG awase_windows::runtime::executor: [reinject-guard] suspending drain for 50ms (vk=0x0d)
2026-09-21T01:03:55.930807Z DEBUG execute_one{generation=None}: awase_windows::runtime::executor: [reinject] vk=0x0d down (queued passthrough now firing)
2026-09-21T01:03:55.931035Z DEBUG execute_one{generation=None}: awase_windows::platform: [composition] reinject KeyDown vk=0x0d → marking cold + eager warmup
2026-09-21T01:03:55.931062Z DEBUG execute_one{generation=None}: awase_windows::tsf::probe: [composition] marked cold reason=ReinjectConfirmKey idle=63ms → next VK/TSF output will send VK_DBE_HIRAGANA warmup
2026-09-21T01:03:55.931082Z DEBUG execute_one{generation=None}: awase_windows::tsf::probe: [mark-send] last_send_ms=44646984
2026-09-21T01:03:55.933112Z DEBUG awase::journal: gji fsm transition seq=83 elapsed_ms=21539 trigger="CompositionReset(gji_idle_ms=2000)" state_before="OffCold" state_after="OffCold"
2026-09-21T01:03:55.936938Z  INFO awase_windows::tsf::win_event_obs: [gji-obs] candidate HIDE: last_gji_write=2000ms ago
2026-09-21T01:03:55.943548Z DEBUG awase_windows::tsf::gji_monitor: [gji-io] WRITE: w_ops=+2 w_KB=+0.3 (r_ops=+4 x_ops=+4 x_KB=+0.0)
2026-09-21T01:03:55.996589Z DEBUG awase_windows::runtime::key_pipeline: [engine-input] vk=0x0D KeyUp ts=21606833us delay=0ms state=Idle mods(c=false s=false a=false w=false) gas_ctrl=false phys_ctrl=false extra=0x5350494B pending_drain=0 gate_active=false l_thumb=None r_thumb=None [diag-ctx] ime_on=
2026-09-21T01:03:55.996705Z DEBUG awase::journal: key input seq=84 elapsed_ms=21605 vk_code=13 is_down=false injected=false key_class="Passthrough" state_before="Idle" state_after="Idle" decision="PassThrough" physical="Allow" repeat_count=1 last_timestamp_us=21606833 last_elapsed_ms=0
2026-09-21T01:03:55.997928Z DEBUG execute_from_hook: awase_windows::runtime::executor: [relay-passthrough] PassThrough idle: direct OS pass-through (vk=0x0d up)
2026-09-21T01:03:55.998016Z DEBUG execute_one{generation=None}: awase_windows::runtime::executor: [reinject] vk=0x0d up (queued passthrough now firing)
2026-09-21T01:03:57.805242Z DEBUG awase_windows::hook: [hook] IME-mode vk=0xF2 down self_injected=false injected=false scan=0x70 extra=0x5350494B since_actuation_us=Some(23317355)
2026-09-21T01:03:57.805660Z DEBUG awase::journal: hook ime-mode diagnostic seq=85 elapsed_ms=23414 vk_code=242 is_down=true self_injected=false injected=false scan=112
2026-09-21T01:03:57.805835Z DEBUG awase_windows::runtime::key_pipeline: [engine-input] vk=0xF2 KeyDown ts=23415836us delay=0ms state=Idle mods(c=false s=false a=false w=false) gas_ctrl=false phys_ctrl=false extra=0x5350494B pending_drain=0 gate_active=false l_thumb=None r_thumb=None [diag-ctx] ime_o
2026-09-21T01:03:57.805886Z DEBUG awase::journal: key input seq=86 elapsed_ms=23414 vk_code=242 is_down=true injected=false key_class="Passthrough" state_before="Idle" state_after="Idle" decision="PassThrough" physical="Allow" repeat_count=1 last_timestamp_us=23415836 last_elapsed_ms=0
2026-09-21T01:03:57.805927Z DEBUG awase_windows::runtime::key_pipeline: may_change_ime key passed through → IME refresh scheduled (20ms)
2026-09-21T01:03:57.805953Z  INFO awase_windows::runtime::key_pipeline: [mode-key-follow] mode key PassThrough(vk=0xF2): IME refresh scheduled (20ms)
2026-09-21T01:03:57.805969Z DEBUG awase_windows::tsf::probe: [composition] marked cold reason=F2NonTsf idle=1875ms → next VK/TSF output will send VK_DBE_HIRAGANA warmup
2026-09-21T01:03:57.806021Z DEBUG execute_from_hook: awase_windows::runtime::executor: [relay-passthrough] PassThrough idle: direct OS pass-through (vk=0xf2 down)
2026-09-21T01:03:57.806035Z DEBUG awase::journal: gji fsm transition seq=87 elapsed_ms=23414 trigger="CompositionReset(gji_idle_ms=1859)" state_before="OffCold" state_after="OffCold"
2026-09-21T01:03:57.806075Z DEBUG execute_one{generation=None}: awase_windows::runtime::executor: [reinject] vk=0xf2 down (queued passthrough now firing)
2026-09-21T01:03:57.806526Z DEBUG awase_windows::hook: [hook] IME-mode vk=0xF2 down self_injected=true injected=true scan=0x0 extra=0x4B45594D since_actuation_us=Some(23318650)
2026-09-21T01:03:57.807763Z DEBUG awase::journal: hook ime-mode diagnostic seq=88 elapsed_ms=23416 vk_code=242 is_down=true self_injected=true injected=true scan=0
2026-09-21T01:03:57.819343Z DEBUG awase_windows::tsf::gji_monitor: [gji-io] WRITE: w_ops=+2 w_KB=+0.0 (r_ops=+4 x_ops=+4 x_KB=+0.0)
2026-09-21T01:03:57.840610Z DEBUG awase_windows::runtime::ime_refresh: Skipping observer/SSOT write: typing active (idle=31ms)
2026-09-21T01:03:59.740263Z DEBUG awase_windows::hook: [hook] IME-mode vk=0xF3 up self_injected=false injected=false scan=0x29 extra=0x5350494B since_actuation_us=Some(25252369)
2026-09-21T01:03:59.740509Z DEBUG awase_windows::hook: [hook] IME-mode vk=0xF4 down self_injected=false injected=false scan=0x29 extra=0x5350494B since_actuation_us=Some(25252635)
2026-09-21T01:03:59.740525Z DEBUG awase::journal: hook ime-mode diagnostic seq=89 elapsed_ms=25348 vk_code=243 is_down=false self_injected=false injected=false scan=41
2026-09-21T01:03:59.740789Z DEBUG awase_windows::runtime::key_pipeline: [engine-input] vk=0xF3 KeyUp ts=25350891us delay=0ms state=Idle mods(c=false s=false a=false w=false) gas_ctrl=false phys_ctrl=false extra=0x5350494B pending_drain=0 gate_active=false l_thumb=None r_thumb=None [diag-ctx] ime_on=
2026-09-21T01:03:59.740878Z DEBUG awase::journal: key input seq=90 elapsed_ms=25349 vk_code=243 is_down=false injected=false key_class="Passthrough" state_before="Idle" state_after="Idle" decision="PassThrough" physical="Allow" repeat_count=1 last_timestamp_us=25350891 last_elapsed_ms=0
2026-09-21T01:03:59.740958Z DEBUG execute_from_hook: awase_windows::runtime::executor: [relay-passthrough] PassThrough idle: direct OS pass-through (vk=0xf3 up)
2026-09-21T01:03:59.741040Z DEBUG awase_windows::runtime::key_pipeline: [engine-input] vk=0xF4 KeyDown ts=25351083us delay=0ms state=Idle mods(c=false s=false a=false w=false) gas_ctrl=false phys_ctrl=false extra=0x5350494B pending_drain=0 gate_active=false l_thumb=None r_thumb=None [diag-ctx] ime_o
2026-09-21T01:03:59.741094Z DEBUG awase::journal: key input seq=91 elapsed_ms=25349 vk_code=244 is_down=true injected=false key_class="Passthrough" state_before="Idle" state_after="Idle" decision="PassThrough" physical="Allow" repeat_count=1 last_timestamp_us=25351083 last_elapsed_ms=0
2026-09-21T01:03:59.741146Z DEBUG awase_windows::runtime::key_pipeline: may_change_ime key passed through → IME refresh scheduled (20ms)
2026-09-21T01:03:59.741191Z  INFO awase_windows::runtime::key_pipeline: [mode-key-follow] mode key PassThrough(vk=0xF4): IME refresh scheduled (20ms)
2026-09-21T01:03:59.741225Z DEBUG execute_from_hook: awase_windows::runtime::transport: [relay-defer] PassThrough deferred: pending effects, reinject(vk=0xf4 down)
2026-09-21T01:03:59.741270Z DEBUG awase::journal: hook ime-mode diagnostic seq=92 elapsed_ms=25349 vk_code=244 is_down=true self_injected=false injected=false scan=41
2026-09-21T01:03:59.741312Z DEBUG execute_one{generation=None}: awase_windows::runtime::executor: [reinject] vk=0xf3 up (queued passthrough now firing)
2026-09-21T01:03:59.741353Z DEBUG execute_one{generation=None}: awase_windows::runtime::executor: [reinject] vk=0xf4 down (queued passthrough now firing)
2026-09-21T01:03:59.741857Z DEBUG awase_windows::hook: [hook] IME-mode vk=0xF4 down self_injected=true injected=true scan=0x0 extra=0x4B45594D since_actuation_us=Some(25253971)
2026-09-21T01:03:59.744081Z DEBUG awase::journal: hook ime-mode diagnostic seq=93 elapsed_ms=25352 vk_code=244 is_down=true self_injected=true injected=true scan=0
2026-09-21T01:03:59.756229Z DEBUG awase_windows::tsf::gji_monitor: [gji-io] WRITE: w_ops=+2 w_KB=+0.0 (r_ops=+4 x_ops=+4 x_KB=+0.0)
2026-09-21T01:03:59.776171Z DEBUG awase_windows::runtime::ime_refresh: Skipping observer/SSOT write: typing active (idle=32ms)
2026-09-21T01:04:01.681198Z DEBUG awase_windows::hook: [hook] IME-mode vk=0xF0 up self_injected=false injected=false scan=0x70 extra=0x5350494B since_actuation_us=Some(27193299)
2026-09-21T01:04:01.681408Z DEBUG awase::journal: hook ime-mode diagnostic seq=94 elapsed_ms=27289 vk_code=240 is_down=false self_injected=false injected=false scan=112
2026-09-21T01:04:01.681858Z DEBUG awase_windows::hook: [hook] IME-mode vk=0xF2 down self_injected=false injected=false scan=0x70 extra=0x5350494B since_actuation_us=Some(27193973)
2026-09-21T01:04:01.681972Z DEBUG awase_windows::runtime::key_pipeline: [engine-input] vk=0xF0 KeyUp ts=27291934us delay=0ms state=Idle mods(c=false s=false a=false w=false) gas_ctrl=false phys_ctrl=false extra=0x5350494B pending_drain=0 gate_active=false l_thumb=None r_thumb=None [diag-ctx] ime_on=
2026-09-21T01:04:01.682231Z DEBUG awase::journal: key input seq=95 elapsed_ms=27290 vk_code=240 is_down=false injected=false key_class="Passthrough" state_before="Idle" state_after="Idle" decision="PassThrough" physical="Allow" repeat_count=1 last_timestamp_us=27291934 last_elapsed_ms=0
2026-09-21T01:04:01.682375Z DEBUG execute_from_hook: awase_windows::runtime::executor: [relay-passthrough] PassThrough idle: direct OS pass-through (vk=0xf0 up)
2026-09-21T01:04:01.682487Z DEBUG awase::journal: hook ime-mode diagnostic seq=96 elapsed_ms=27290 vk_code=242 is_down=true self_injected=false injected=false scan=112
2026-09-21T01:04:01.682644Z DEBUG awase_windows::runtime::key_pipeline: [engine-input] vk=0xF2 KeyDown ts=27292609us delay=0ms state=Idle mods(c=false s=false a=false w=false) gas_ctrl=false phys_ctrl=false extra=0x5350494B pending_drain=0 gate_active=false l_thumb=None r_thumb=None [diag-ctx] ime_o
2026-09-21T01:04:01.682845Z DEBUG awase::journal: key input seq=97 elapsed_ms=27291 vk_code=242 is_down=true injected=false key_class="Passthrough" state_before="Idle" state_after="Idle" decision="PassThrough" physical="Allow" repeat_count=1 last_timestamp_us=27292609 last_elapsed_ms=0
2026-09-21T01:04:01.683011Z DEBUG awase_windows::runtime::key_pipeline: may_change_ime key passed through → IME refresh scheduled (20ms)
2026-09-21T01:04:01.683062Z  INFO awase_windows::runtime::key_pipeline: [mode-key-follow] mode key PassThrough(vk=0xF2): IME refresh scheduled (20ms)
2026-09-21T01:04:01.683114Z DEBUG awase_windows::tsf::probe: [composition] marked cold reason=F2NonTsf idle=5750ms → next VK/TSF output will send VK_DBE_HIRAGANA warmup
2026-09-21T01:04:01.683258Z DEBUG execute_from_hook: awase_windows::runtime::transport: [relay-defer] PassThrough deferred: pending effects, reinject(vk=0xf2 down)
2026-09-21T01:04:01.683307Z DEBUG awase::journal: gji fsm transition seq=98 elapsed_ms=27291 trigger="CompositionReset(gji_idle_ms=1922)" state_before="OffCold" state_after="OffCold"
2026-09-21T01:04:01.683364Z DEBUG execute_one{generation=None}: awase_windows::runtime::executor: [reinject] vk=0xf0 up (queued passthrough now firing)
2026-09-21T01:04:01.683418Z DEBUG execute_one{generation=None}: awase_windows::runtime::executor: [reinject] vk=0xf2 down (queued passthrough now firing)
2026-09-21T01:04:01.683710Z DEBUG awase_windows::hook: [hook] IME-mode vk=0xF0 up self_injected=true injected=false scan=0x0 extra=0x4B45594D since_actuation_us=Some(27195833)
2026-09-21T01:04:01.685351Z DEBUG awase_windows::hook: [hook] IME-mode vk=0xF2 down self_injected=true injected=true scan=0x0 extra=0x4B45594D since_actuation_us=Some(27197467)
2026-09-21T01:04:01.686513Z DEBUG awase::journal: hook ime-mode diagnostic seq=99 elapsed_ms=27294 vk_code=240 is_down=false self_injected=true injected=false scan=0
2026-09-21T01:04:01.686538Z DEBUG awase::journal: hook ime-mode diagnostic seq=100 elapsed_ms=27294 vk_code=242 is_down=true self_injected=true injected=true scan=0
2026-09-21T01:04:01.718606Z DEBUG awase_windows::runtime::ime_refresh: Skipping observer/SSOT write: typing active (idle=31ms)
2026-09-21T01:04:03.626097Z DEBUG awase_windows::runtime::key_pipeline: [engine-input] vk=0x0D KeyDown ts=29236146us delay=0ms state=Idle mods(c=false s=false a=false w=false) gas_ctrl=false phys_ctrl=false extra=0x5350494B pending_drain=0 gate_active=false l_thumb=None r_thumb=None [diag-ctx] ime_o
2026-09-21T01:04:03.626147Z DEBUG awase::journal: key input seq=101 elapsed_ms=29234 vk_code=13 is_down=true injected=false key_class="Passthrough" state_before="Idle" state_after="Idle" decision="PassThrough" physical="Allow" repeat_count=1 last_timestamp_us=29236146 last_elapsed_ms=0
2026-09-21T01:04:03.626191Z DEBUG execute_from_hook: awase_windows::tsf::probe: [composition] marked cold reason=PassthroughConfirmKey idle=7687ms → next VK/TSF output will send VK_DBE_HIRAGANA warmup
2026-09-21T01:04:03.626200Z DEBUG execute_from_hook: awase_windows::tsf::probe: [mark-send] last_send_ms=44654671
2026-09-21T01:04:03.626225Z DEBUG execute_from_hook: awase_windows::platform: [composition-fsm] EmitWarmup (ConfirmKeyDown)
2026-09-21T01:04:03.626233Z DEBUG execute_from_hook: awase_windows::runtime::executor: [relay-passthrough] PassThrough idle: direct OS pass-through (vk=0x0d down)
2026-09-21T01:04:03.626243Z DEBUG awase::journal: gji fsm transition seq=102 elapsed_ms=29234 trigger="CompositionReset(gji_idle_ms=3859)" state_before="OffCold" state_after="OffCold"
2026-09-21T01:04:03.626270Z DEBUG awase_windows::runtime::executor: [reinject-guard] suspending drain for 50ms (vk=0x0d)
2026-09-21T01:04:03.687414Z DEBUG execute_one{generation=None}: awase_windows::runtime::executor: [reinject] vk=0x0d down (queued passthrough now firing)
2026-09-21T01:04:03.687493Z DEBUG execute_one{generation=None}: awase_windows::platform: [composition] reinject KeyDown vk=0x0d → marking cold + eager warmup
2026-09-21T01:04:03.687519Z DEBUG execute_one{generation=None}: awase_windows::tsf::probe: [composition] marked cold reason=ReinjectConfirmKey idle=63ms → next VK/TSF output will send VK_DBE_HIRAGANA warmup
2026-09-21T01:04:03.687544Z DEBUG execute_one{generation=None}: awase_windows::tsf::probe: [mark-send] last_send_ms=44654734
2026-09-21T01:04:03.690940Z DEBUG awase::journal: gji fsm transition seq=103 elapsed_ms=29295 trigger="CompositionReset(gji_idle_ms=3922)" state_before="OffCold" state_after="OffCold"
2026-09-21T01:04:03.749902Z DEBUG awase_windows::runtime::key_pipeline: [engine-input] vk=0x0D KeyUp ts=29360009us delay=0ms state=Idle mods(c=false s=false a=false w=false) gas_ctrl=false phys_ctrl=false extra=0x5350494B pending_drain=0 gate_active=false l_thumb=None r_thumb=None [diag-ctx] ime_on=
2026-09-21T01:04:03.750010Z DEBUG awase::journal: key input seq=104 elapsed_ms=29358 vk_code=13 is_down=false injected=false key_class="Passthrough" state_before="Idle" state_after="Idle" decision="PassThrough" physical="Allow" repeat_count=1 last_timestamp_us=29360009 last_elapsed_ms=0
2026-09-21T01:04:03.750127Z DEBUG execute_from_hook: awase_windows::runtime::executor: [relay-passthrough] PassThrough idle: direct OS pass-through (vk=0x0d up)
2026-09-21T01:04:03.750257Z DEBUG execute_one{generation=None}: awase_windows::runtime::executor: [reinject] vk=0x0d up (queued passthrough now firing)
2026-09-21T01:04:05.558508Z DEBUG awase_windows::runtime::key_pipeline: [engine-input] vk=0x1C KeyDown ts=31168521us delay=0ms state=Idle mods(c=false s=false a=false w=false) gas_ctrl=false phys_ctrl=false extra=0x5350494B pending_drain=0 gate_active=false l_thumb=None r_thumb=Some(31168502) [diag-
2026-09-21T01:04:05.558635Z DEBUG awase::journal: key input seq=105 elapsed_ms=31166 vk_code=28 is_down=true injected=false key_class="RightThumb" state_before="Idle" state_after="Idle" decision="PassThrough" physical="Allow" repeat_count=1 last_timestamp_us=31168521 last_elapsed_ms=0
2026-09-21T01:04:05.558730Z  INFO awase_windows::runtime::key_pipeline: [mode-key-follow] mode key PassThrough(vk=0x1C): IME refresh scheduled (20ms)
2026-09-21T01:04:05.558858Z DEBUG execute_one{generation=None}: awase_windows::runtime::executor: [reinject] vk=0x1c down (queued passthrough now firing)
2026-09-21T01:04:05.571296Z DEBUG awase_windows::tsf::gji_monitor: [gji-io] WRITE: w_ops=+2 w_KB=+0.0 (r_ops=+4 x_ops=+4 x_KB=+0.0)
2026-09-21T01:04:05.590121Z DEBUG awase_windows::runtime::ime_refresh: Skipping observer/SSOT write: typing active (idle=31ms)
2026-09-21T01:04:05.682028Z DEBUG awase_windows::runtime::key_pipeline: [engine-input] vk=0x1C KeyUp ts=31292264us delay=0ms state=Idle mods(c=false s=false a=false w=false) gas_ctrl=false phys_ctrl=false extra=0x5350494B pending_drain=0 gate_active=false l_thumb=None r_thumb=None [diag-ctx] ime_on=
2026-09-21T01:04:05.682100Z DEBUG awase::journal: key input seq=106 elapsed_ms=31289 vk_code=28 is_down=false injected=false key_class="RightThumb" state_before="Idle" state_after="Idle" decision="PassThrough" physical="Allow" repeat_count=1 last_timestamp_us=31292264 last_elapsed_ms=0
2026-09-21T01:04:05.682192Z DEBUG execute_one{generation=None}: awase_windows::runtime::executor: [reinject] vk=0x1c up (queued passthrough now firing)
2026-09-21T01:04:07.491714Z DEBUG awase_windows::hook: [hook] IME-mode vk=0xF0 up self_injected=false injected=false scan=0x70 extra=0x5350494B since_actuation_us=Some(33003819)
2026-09-21T01:04:07.492106Z DEBUG awase::journal: hook ime-mode diagnostic seq=107 elapsed_ms=33099 vk_code=240 is_down=false self_injected=false injected=false scan=112
2026-09-21T01:04:07.492165Z DEBUG awase_windows::hook: [hook] IME-mode vk=0xF2 down self_injected=false injected=false scan=0x70 extra=0x5350494B since_actuation_us=Some(33004277)
2026-09-21T01:04:07.492503Z DEBUG awase_windows::runtime::key_pipeline: [engine-input] vk=0xF0 KeyUp ts=33102357us delay=0ms state=Idle mods(c=false s=false a=false w=false) gas_ctrl=false phys_ctrl=false extra=0x5350494B pending_drain=0 gate_active=false l_thumb=None r_thumb=None [diag-ctx] ime_on=
2026-09-21T01:04:07.492610Z DEBUG awase::journal: key input seq=108 elapsed_ms=33100 vk_code=240 is_down=false injected=false key_class="Passthrough" state_before="Idle" state_after="Idle" decision="PassThrough" physical="Allow" repeat_count=1 last_timestamp_us=33102357 last_elapsed_ms=0
2026-09-21T01:04:07.492683Z DEBUG execute_from_hook: awase_windows::runtime::executor: [relay-passthrough] PassThrough idle: direct OS pass-through (vk=0xf0 up)
2026-09-21T01:04:07.492958Z DEBUG awase::journal: hook ime-mode diagnostic seq=109 elapsed_ms=33100 vk_code=242 is_down=true self_injected=false injected=false scan=112
2026-09-21T01:04:07.493122Z DEBUG awase_windows::runtime::key_pipeline: [engine-input] vk=0xF2 KeyDown ts=33102771us delay=0ms state=Idle mods(c=false s=false a=false w=false) gas_ctrl=false phys_ctrl=false extra=0x5350494B pending_drain=0 gate_active=false l_thumb=None r_thumb=None [diag-ctx] ime_o
2026-09-21T01:04:07.493212Z DEBUG awase::journal: key input seq=110 elapsed_ms=33100 vk_code=242 is_down=true injected=false key_class="Passthrough" state_before="Idle" state_after="Idle" decision="PassThrough" physical="Allow" repeat_count=1 last_timestamp_us=33102771 last_elapsed_ms=0
2026-09-21T01:04:07.493285Z DEBUG awase_windows::runtime::key_pipeline: may_change_ime key passed through → IME refresh scheduled (20ms)
2026-09-21T01:04:07.493400Z  INFO awase_windows::runtime::key_pipeline: [mode-key-follow] mode key PassThrough(vk=0xF2): IME refresh scheduled (20ms)
2026-09-21T01:04:07.493439Z DEBUG awase_windows::tsf::probe: [composition] marked cold reason=F2NonTsf idle=3812ms → next VK/TSF output will send VK_DBE_HIRAGANA warmup
2026-09-21T01:04:07.493560Z DEBUG execute_from_hook: awase_windows::runtime::transport: [relay-defer] PassThrough deferred: pending effects, reinject(vk=0xf2 down)
2026-09-21T01:04:07.493611Z DEBUG awase::journal: gji fsm transition seq=111 elapsed_ms=33101 trigger="CompositionReset(gji_idle_ms=1921)" state_before="OffCold" state_after="OffCold"
2026-09-21T01:04:07.493741Z DEBUG execute_one{generation=None}: awase_windows::runtime::executor: [reinject] vk=0xf0 up (queued passthrough now firing)
2026-09-21T01:04:07.493813Z DEBUG execute_one{generation=None}: awase_windows::runtime::executor: [reinject] vk=0xf2 down (queued passthrough now firing)
2026-09-21T01:04:07.494197Z DEBUG awase_windows::hook: [hook] IME-mode vk=0xF0 up self_injected=true injected=false scan=0x0 extra=0x4B45594D since_actuation_us=Some(33006315)
2026-09-21T01:04:07.495348Z DEBUG awase_windows::hook: [hook] IME-mode vk=0xF2 down self_injected=true injected=true scan=0x0 extra=0x4B45594D since_actuation_us=Some(33007464)
2026-09-21T01:04:07.496558Z DEBUG awase::journal: hook ime-mode diagnostic seq=112 elapsed_ms=33104 vk_code=240 is_down=false self_injected=true injected=false scan=0
2026-09-21T01:04:07.496587Z DEBUG awase::journal: hook ime-mode diagnostic seq=113 elapsed_ms=33104 vk_code=242 is_down=true self_injected=true injected=true scan=0
2026-09-21T01:04:07.504925Z DEBUG awase_windows::tsf::gji_monitor: [gji-io] WRITE: w_ops=+2 w_KB=+0.0 (r_ops=+4 x_ops=+4 x_KB=+0.0)
2026-09-21T01:04:07.527686Z DEBUG awase_windows::runtime::ime_refresh: Skipping observer/SSOT write: typing active (idle=32ms)
2026-09-21T01:04:09.431094Z DEBUG awase_windows::hook: [hook] IME-mode vk=0xF4 up self_injected=false injected=false scan=0x29 extra=0x5350494B since_actuation_us=Some(34943202)
2026-09-21T01:04:09.431330Z DEBUG awase::journal: hook ime-mode diagnostic seq=114 elapsed_ms=35038 vk_code=244 is_down=false self_injected=false injected=false scan=41
2026-09-21T01:04:09.431413Z DEBUG awase_windows::hook: [hook] IME-mode vk=0xF3 down self_injected=false injected=false scan=0x29 extra=0x5350494B since_actuation_us=Some(34943533)
2026-09-21T01:04:09.431616Z DEBUG awase_windows::runtime::key_pipeline: [engine-input] vk=0xF4 KeyUp ts=35041713us delay=0ms state=Idle mods(c=false s=false a=false w=false) gas_ctrl=false phys_ctrl=false extra=0x5350494B pending_drain=0 gate_active=false l_thumb=None r_thumb=None [diag-ctx] ime_on=
2026-09-21T01:04:09.431701Z DEBUG awase::journal: key input seq=115 elapsed_ms=35039 vk_code=244 is_down=false injected=false key_class="Passthrough" state_before="Idle" state_after="Idle" decision="PassThrough" physical="Allow" repeat_count=1 last_timestamp_us=35041713 last_elapsed_ms=0
2026-09-21T01:04:09.431745Z DEBUG execute_from_hook: awase_windows::runtime::transport: [relay-sym] PassThrough KeyUp vk=0xf4: KeyDown was deferred → force reinject for symmetry
2026-09-21T01:04:09.431809Z DEBUG awase::journal: hook ime-mode diagnostic seq=116 elapsed_ms=35039 vk_code=243 is_down=true self_injected=false injected=false scan=41
2026-09-21T01:04:09.431859Z DEBUG awase_windows::runtime::key_pipeline: [engine-input] vk=0xF3 KeyDown ts=35041976us delay=0ms state=Idle mods(c=false s=false a=false w=false) gas_ctrl=false phys_ctrl=false extra=0x5350494B pending_drain=0 gate_active=false l_thumb=None r_thumb=None [diag-ctx] ime_o
2026-09-21T01:04:09.431897Z DEBUG awase::journal: key input seq=117 elapsed_ms=35039 vk_code=243 is_down=true injected=false key_class="Passthrough" state_before="Idle" state_after="Idle" decision="PassThrough" physical="Allow" repeat_count=1 last_timestamp_us=35041976 last_elapsed_ms=0
2026-09-21T01:04:09.431933Z DEBUG awase_windows::runtime::key_pipeline: may_change_ime key passed through → IME refresh scheduled (20ms)
2026-09-21T01:04:09.431963Z  INFO awase_windows::runtime::key_pipeline: [mode-key-follow] mode key PassThrough(vk=0xF3): IME refresh scheduled (20ms)
2026-09-21T01:04:09.431992Z DEBUG execute_from_hook: awase_windows::runtime::transport: [relay-defer] PassThrough deferred: pending effects, reinject(vk=0xf3 down)
2026-09-21T01:04:09.432024Z DEBUG execute_one{generation=None}: awase_windows::runtime::executor: [reinject] vk=0xf4 up (queued passthrough now firing)
2026-09-21T01:04:09.432054Z DEBUG execute_one{generation=None}: awase_windows::runtime::executor: [reinject] vk=0xf3 down (queued passthrough now firing)
2026-09-21T01:04:09.432436Z DEBUG awase_windows::hook: [hook] IME-mode vk=0xF4 up self_injected=true injected=true scan=0x0 extra=0x4B45594D since_actuation_us=Some(34944555)
2026-09-21T01:04:09.434679Z DEBUG awase_windows::hook: [hook] IME-mode vk=0xF3 up self_injected=true injected=false scan=0x0 extra=0x4B45594D since_actuation_us=Some(34946801)
2026-09-21T01:04:09.435592Z DEBUG awase_windows::hook: [hook] IME-mode vk=0xF4 down self_injected=true injected=true scan=0x0 extra=0x4B45594D since_actuation_us=Some(34947715)
2026-09-21T01:04:09.436083Z DEBUG awase::journal: hook ime-mode diagnostic seq=118 elapsed_ms=35043 vk_code=244 is_down=false self_injected=true injected=true scan=0
2026-09-21T01:04:09.436139Z DEBUG awase::journal: hook ime-mode diagnostic seq=119 elapsed_ms=35043 vk_code=243 is_down=false self_injected=true injected=false scan=0
2026-09-21T01:04:09.436166Z DEBUG awase::journal: hook ime-mode diagnostic seq=120 elapsed_ms=35043 vk_code=244 is_down=true self_injected=true injected=true scan=0
2026-09-21T01:04:09.446105Z DEBUG awase_windows::tsf::gji_monitor: [gji-io] WRITE: w_ops=+2 w_KB=+0.0 (r_ops=+4 x_ops=+4 x_KB=+0.0)
2026-09-21T01:04:09.465143Z DEBUG awase_windows::runtime::ime_refresh: Skipping observer/SSOT write: typing active (idle=31ms)
2026-09-21T01:04:11.366668Z DEBUG awase_windows::hook: [hook] IME-mode vk=0xF0 up self_injected=false injected=false scan=0x70 extra=0x5350494B since_actuation_us=Some(36878774)
2026-09-21T01:04:11.366959Z DEBUG awase::journal: hook ime-mode diagnostic seq=121 elapsed_ms=36974 vk_code=240 is_down=false self_injected=false injected=false scan=112
2026-09-21T01:04:11.367035Z DEBUG awase_windows::hook: [hook] IME-mode vk=0xF2 down self_injected=false injected=false scan=0x70 extra=0x5350494B since_actuation_us=Some(36879160)
2026-09-21T01:04:11.367206Z DEBUG awase_windows::runtime::key_pipeline: [engine-input] vk=0xF0 KeyUp ts=36977293us delay=0ms state=Idle mods(c=false s=false a=false w=false) gas_ctrl=false phys_ctrl=false extra=0x5350494B pending_drain=0 gate_active=false l_thumb=None r_thumb=None [diag-ctx] ime_on=
2026-09-21T01:04:11.367318Z DEBUG awase::journal: key input seq=122 elapsed_ms=36974 vk_code=240 is_down=false injected=false key_class="Passthrough" state_before="Idle" state_after="Idle" decision="PassThrough" physical="Allow" repeat_count=1 last_timestamp_us=36977293 last_elapsed_ms=0
2026-09-21T01:04:11.367436Z DEBUG execute_from_hook: awase_windows::runtime::executor: [relay-passthrough] PassThrough idle: direct OS pass-through (vk=0xf0 up)
2026-09-21T01:04:11.367521Z DEBUG awase::journal: hook ime-mode diagnostic seq=123 elapsed_ms=36974 vk_code=242 is_down=true self_injected=false injected=false scan=112
2026-09-21T01:04:11.367636Z DEBUG awase_windows::runtime::key_pipeline: [engine-input] vk=0xF2 KeyDown ts=36977591us delay=0ms state=Idle mods(c=false s=false a=false w=false) gas_ctrl=false phys_ctrl=false extra=0x5350494B pending_drain=0 gate_active=false l_thumb=None r_thumb=None [diag-ctx] ime_o
2026-09-21T01:04:11.367723Z DEBUG awase::journal: key input seq=124 elapsed_ms=36975 vk_code=242 is_down=true injected=false key_class="Passthrough" state_before="Idle" state_after="Idle" decision="PassThrough" physical="Allow" repeat_count=1 last_timestamp_us=36977591 last_elapsed_ms=0
2026-09-21T01:04:11.367801Z DEBUG awase_windows::runtime::key_pipeline: may_change_ime key passed through → IME refresh scheduled (20ms)
2026-09-21T01:04:11.367864Z  INFO awase_windows::runtime::key_pipeline: [mode-key-follow] mode key PassThrough(vk=0xF2): IME refresh scheduled (20ms)
2026-09-21T01:04:11.367900Z DEBUG awase_windows::tsf::probe: [composition] marked cold reason=F2NonTsf idle=7687ms → next VK/TSF output will send VK_DBE_HIRAGANA warmup
2026-09-21T01:04:11.368021Z DEBUG execute_from_hook: awase_windows::runtime::transport: [relay-defer] PassThrough deferred: pending effects, reinject(vk=0xf2 down)
2026-09-21T01:04:11.368074Z DEBUG awase::journal: gji fsm transition seq=125 elapsed_ms=36975 trigger="CompositionReset(gji_idle_ms=1921)" state_before="OffCold" state_after="OffCold"
2026-09-21T01:04:11.368137Z DEBUG execute_one{generation=None}: awase_windows::runtime::executor: [reinject] vk=0xf0 up (queued passthrough now firing)
2026-09-21T01:04:11.368214Z DEBUG execute_one{generation=None}: awase_windows::runtime::executor: [reinject] vk=0xf2 down (queued passthrough now firing)
2026-09-21T01:04:11.368656Z DEBUG awase_windows::hook: [hook] IME-mode vk=0xF0 up self_injected=true injected=false scan=0x0 extra=0x4B45594D since_actuation_us=Some(36880780)
2026-09-21T01:04:11.369609Z DEBUG awase_windows::hook: [hook] IME-mode vk=0xF2 down self_injected=true injected=true scan=0x0 extra=0x4B45594D since_actuation_us=Some(36881734)
2026-09-21T01:04:11.370418Z DEBUG awase::journal: hook ime-mode diagnostic seq=126 elapsed_ms=36977 vk_code=240 is_down=false self_injected=true injected=false scan=0
2026-09-21T01:04:11.370497Z DEBUG awase::journal: hook ime-mode diagnostic seq=127 elapsed_ms=36977 vk_code=242 is_down=true self_injected=true injected=true scan=0
2026-09-21T01:04:11.401341Z DEBUG awase_windows::runtime::ime_refresh: Skipping observer/SSOT write: typing active (idle=32ms)
2026-09-21T01:04:13.307964Z DEBUG awase_windows::runtime::key_pipeline: [engine-input] vk=0x4B KeyDown ts=38917967us delay=0ms state=Idle mods(c=false s=false a=false w=false) gas_ctrl=false phys_ctrl=false extra=0x5350494B pending_drain=0 gate_active=false l_thumb=None r_thumb=None [diag-ctx] ime_o
2026-09-21T01:04:13.308162Z DEBUG awase::journal: key input seq=128 elapsed_ms=38915 vk_code=75 is_down=true injected=false key_class="Char" state_before="Idle" state_after="Idle" decision="PassThrough" physical="Allow" repeat_count=1 last_timestamp_us=38917967 last_elapsed_ms=0
2026-09-21T01:04:13.308430Z DEBUG execute_one{generation=None}: awase_windows::runtime::executor: [reinject] vk=0x4b down (queued passthrough now firing)
2026-09-21T01:04:13.431747Z DEBUG awase_windows::runtime::key_pipeline: [engine-input] vk=0x4B KeyUp ts=39041981us delay=0ms state=Idle mods(c=false s=false a=false w=false) gas_ctrl=false phys_ctrl=false extra=0x5350494B pending_drain=0 gate_active=false l_thumb=None r_thumb=None [diag-ctx] ime_on=
2026-09-21T01:04:13.431924Z DEBUG awase::journal: key input seq=129 elapsed_ms=39039 vk_code=75 is_down=false injected=false key_class="Char" state_before="Idle" state_after="Idle" decision="PassThrough" physical="Allow" repeat_count=1 last_timestamp_us=39041981 last_elapsed_ms=0
2026-09-21T01:04:13.432092Z DEBUG execute_one{generation=None}: awase_windows::runtime::executor: [reinject] vk=0x4b up (queued passthrough now firing)
2026-09-21T01:04:15.243739Z DEBUG awase_windows::runtime::key_pipeline: [engine-input] vk=0x1D KeyDown ts=40853945us delay=0ms state=Idle mods(c=false s=false a=false w=false) gas_ctrl=false phys_ctrl=false extra=0x5350494B pending_drain=0 gate_active=false l_thumb=Some(40853936) r_thumb=None [diag-
2026-09-21T01:04:15.243826Z DEBUG awase::journal: key input seq=130 elapsed_ms=40850 vk_code=29 is_down=true injected=false key_class="LeftThumb" state_before="Idle" state_after="Idle" decision="PassThrough" physical="Allow" repeat_count=1 last_timestamp_us=40853945 last_elapsed_ms=0
2026-09-21T01:04:15.243893Z  INFO awase_windows::runtime::key_pipeline: [mode-key-follow] mode key PassThrough(vk=0x1D): IME refresh scheduled (20ms)
2026-09-21T01:04:15.243990Z DEBUG execute_one{generation=None}: awase_windows::runtime::executor: [reinject] vk=0x1d down (queued passthrough now firing)
2026-09-21T01:04:15.258949Z DEBUG awase_windows::tsf::gji_monitor: [gji-io] WRITE: w_ops=+2 w_KB=+0.0 (r_ops=+4 x_ops=+4 x_KB=+0.0)
2026-09-21T01:04:15.278826Z DEBUG awase_windows::runtime::ime_refresh: Skipping observer/SSOT write: typing active (idle=32ms)
2026-09-21T01:04:15.370960Z DEBUG awase_windows::runtime::key_pipeline: [engine-input] vk=0x1D KeyUp ts=40981051us delay=0ms state=Idle mods(c=false s=false a=false w=false) gas_ctrl=false phys_ctrl=false extra=0x5350494B pending_drain=0 gate_active=false l_thumb=None r_thumb=None [diag-ctx] ime_on=
2026-09-21T01:04:15.371119Z DEBUG awase::journal: key input seq=131 elapsed_ms=40978 vk_code=29 is_down=false injected=false key_class="LeftThumb" state_before="Idle" state_after="Idle" decision="PassThrough" physical="Allow" repeat_count=1 last_timestamp_us=40981051 last_elapsed_ms=0
2026-09-21T01:04:15.371302Z DEBUG execute_one{generation=None}: awase_windows::runtime::executor: [reinject] vk=0x1d up (queued passthrough now firing)
2026-09-21T01:04:17.184799Z DEBUG awase_windows::hook: [hook] IME-mode vk=0xF2 down self_injected=false injected=false scan=0x70 extra=0x5350494B since_actuation_us=Some(42696905)
2026-09-21T01:04:17.185331Z DEBUG awase::journal: hook ime-mode diagnostic seq=132 elapsed_ms=42792 vk_code=242 is_down=true self_injected=false injected=false scan=112
2026-09-21T01:04:17.185559Z DEBUG awase_windows::runtime::key_pipeline: [engine-input] vk=0xF2 KeyDown ts=42795432us delay=0ms state=Idle mods(c=false s=false a=false w=false) gas_ctrl=false phys_ctrl=false extra=0x5350494B pending_drain=0 gate_active=false l_thumb=None r_thumb=None [diag-ctx] ime_o
2026-09-21T01:04:17.185629Z DEBUG awase::journal: key input seq=133 elapsed_ms=42792 vk_code=242 is_down=true injected=false key_class="Passthrough" state_before="Idle" state_after="Idle" decision="PassThrough" physical="Allow" repeat_count=1 last_timestamp_us=42795432 last_elapsed_ms=0
2026-09-21T01:04:17.185680Z DEBUG awase_windows::runtime::key_pipeline: may_change_ime key passed through → IME refresh scheduled (20ms)
2026-09-21T01:04:17.185718Z  INFO awase_windows::runtime::key_pipeline: [mode-key-follow] mode key PassThrough(vk=0xF2): IME refresh scheduled (20ms)
2026-09-21T01:04:17.185741Z DEBUG awase_windows::tsf::probe: [composition] marked cold reason=F2NonTsf idle=13500ms → next VK/TSF output will send VK_DBE_HIRAGANA warmup
2026-09-21T01:04:17.185836Z DEBUG execute_from_hook: awase_windows::runtime::executor: [relay-passthrough] PassThrough idle: direct OS pass-through (vk=0xf2 down)
2026-09-21T01:04:17.185857Z DEBUG awase::journal: gji fsm transition seq=134 elapsed_ms=42792 trigger="CompositionReset(gji_idle_ms=1922)" state_before="OffCold" state_after="OffCold"
2026-09-21T01:04:17.185908Z DEBUG execute_one{generation=None}: awase_windows::runtime::executor: [reinject] vk=0xf2 down (queued passthrough now firing)
2026-09-21T01:04:17.186534Z DEBUG awase_windows::hook: [hook] IME-mode vk=0xF2 down self_injected=true injected=true scan=0x0 extra=0x4B45594D since_actuation_us=Some(42698654)
2026-09-21T01:04:17.188658Z DEBUG awase::journal: hook ime-mode diagnostic seq=135 elapsed_ms=42795 vk_code=242 is_down=true self_injected=true injected=true scan=0
2026-09-21T01:04:17.198969Z DEBUG awase_windows::tsf::gji_monitor: [gji-io] WRITE: w_ops=+2 w_KB=+0.0 (r_ops=+4 x_ops=+4 x_KB=+0.0)
2026-09-21T01:04:17.220318Z DEBUG awase_windows::runtime::ime_refresh: Skipping observer/SSOT write: typing active (idle=31ms)
2026-09-21T01:04:19.125911Z DEBUG awase_windows::runtime::key_pipeline: [engine-input] vk=0x4B KeyDown ts=44735484us delay=0ms state=Idle mods(c=false s=false a=false w=false) gas_ctrl=false phys_ctrl=false extra=0x5350494B pending_drain=0 gate_active=false l_thumb=None r_thumb=None [diag-ctx] ime_o
2026-09-21T01:04:19.126035Z DEBUG awase::journal: key input seq=136 elapsed_ms=44732 vk_code=75 is_down=true injected=false key_class="Char" state_before="Idle" state_after="Idle" decision="PassThrough" physical="Allow" repeat_count=1 last_timestamp_us=44735484 last_elapsed_ms=0
2026-09-21T01:04:19.126218Z DEBUG execute_one{generation=None}: awase_windows::runtime::executor: [reinject] vk=0x4b down (queued passthrough now firing)
2026-09-21T01:04:19.137180Z  INFO awase_windows::tsf::win_event_obs: [gji-obs] candidate SHOW #2: last_gji_write=1937ms ago
2026-09-21T01:04:19.137707Z DEBUG awase_windows::tsf::gji_monitor: [gji-io] WRITE: w_ops=+2 w_KB=+0.4 (r_ops=+4 x_ops=+4 x_KB=+0.0)
2026-09-21T01:04:19.247244Z DEBUG awase_windows::runtime::key_pipeline: [engine-input] vk=0x4B KeyUp ts=44857410us delay=0ms state=Idle mods(c=false s=false a=false w=false) gas_ctrl=false phys_ctrl=false extra=0x5350494B pending_drain=0 gate_active=false l_thumb=None r_thumb=None [diag-ctx] ime_on=
2026-09-21T01:04:19.247365Z DEBUG awase::journal: key input seq=137 elapsed_ms=44854 vk_code=75 is_down=false injected=false key_class="Char" state_before="Idle" state_after="Idle" decision="PassThrough" physical="Allow" repeat_count=1 last_timestamp_us=44857410 last_elapsed_ms=0
2026-09-21T01:04:19.247574Z DEBUG execute_one{generation=None}: awase_windows::runtime::executor: [reinject] vk=0x4b up (queued passthrough now firing)
2026-09-21T01:04:19.249554Z DEBUG awase_windows::platform: [gji-fsm] StartComposition (candidate SHOW)
2026-09-21T01:04:19.249579Z  WARN gji_on_event{event=StartComposition}: awase_windows::tsf::gji_fsm: [gji-fsm] StartComposition while engine off — ignored
2026-09-21T01:04:19.249667Z DEBUG awase::journal: gji fsm transition seq=138 elapsed_ms=44856 trigger="StartComposition(candidate SHOW)" state_before="OffCold" state_after="OffCold"
2026-09-21T01:04:21.064357Z DEBUG awase_windows::hook: [hook] IME-mode vk=0xF0 up self_injected=false injected=false scan=0x70 extra=0x5350494B since_actuation_us=Some(46576469)
2026-09-21T01:04:21.064500Z DEBUG awase::journal: hook ime-mode diagnostic seq=139 elapsed_ms=46671 vk_code=240 is_down=false self_injected=false injected=false scan=112
2026-09-21T01:04:21.064647Z DEBUG awase_windows::hook: [hook] IME-mode vk=0xF2 down self_injected=false injected=false scan=0x70 extra=0x5350494B since_actuation_us=Some(46576772)
2026-09-21T01:04:21.064710Z DEBUG awase_windows::runtime::key_pipeline: [engine-input] vk=0xF0 KeyUp ts=46674945us delay=0ms state=Idle mods(c=false s=false a=false w=false) gas_ctrl=false phys_ctrl=false extra=0x5350494B pending_drain=0 gate_active=false l_thumb=None r_thumb=None [diag-ctx] ime_on=
2026-09-21T01:04:21.064786Z DEBUG awase::journal: key input seq=140 elapsed_ms=46671 vk_code=240 is_down=false injected=false key_class="Passthrough" state_before="Idle" state_after="Idle" decision="PassThrough" physical="Allow" repeat_count=1 last_timestamp_us=46674945 last_elapsed_ms=0
2026-09-21T01:04:21.064839Z DEBUG execute_from_hook: awase_windows::runtime::executor: [relay-passthrough] PassThrough idle: direct OS pass-through (vk=0xf0 up)
2026-09-21T01:04:21.064869Z DEBUG awase::journal: hook ime-mode diagnostic seq=141 elapsed_ms=46671 vk_code=242 is_down=true self_injected=false injected=false scan=112
2026-09-21T01:04:21.064909Z DEBUG awase_windows::runtime::key_pipeline: [engine-input] vk=0xF2 KeyDown ts=46675196us delay=0ms state=Idle mods(c=false s=false a=false w=false) gas_ctrl=false phys_ctrl=false extra=0x5350494B pending_drain=0 gate_active=false l_thumb=None r_thumb=None [diag-ctx] ime_o
2026-09-21T01:04:21.064938Z DEBUG awase::journal: key input seq=142 elapsed_ms=46671 vk_code=242 is_down=true injected=false key_class="Passthrough" state_before="Idle" state_after="Idle" decision="PassThrough" physical="Allow" repeat_count=1 last_timestamp_us=46675196 last_elapsed_ms=0
2026-09-21T01:04:21.064966Z DEBUG awase_windows::runtime::key_pipeline: may_change_ime key passed through → IME refresh scheduled (20ms)
2026-09-21T01:04:21.064988Z  INFO awase_windows::runtime::key_pipeline: [mode-key-follow] mode key PassThrough(vk=0xF2): IME refresh scheduled (20ms)
2026-09-21T01:04:21.065002Z DEBUG awase_windows::tsf::probe: [composition] marked cold reason=F2NonTsf idle=17375ms → next VK/TSF output will send VK_DBE_HIRAGANA warmup
2026-09-21T01:04:21.065042Z DEBUG execute_from_hook: awase_windows::runtime::transport: [relay-defer] PassThrough deferred: pending effects, reinject(vk=0xf2 down)
2026-09-21T01:04:21.065059Z DEBUG awase::journal: gji fsm transition seq=143 elapsed_ms=46671 trigger="CompositionReset(gji_idle_ms=1922)" state_before="OffCold" state_after="OffCold"
2026-09-21T01:04:21.065084Z DEBUG execute_one{generation=None}: awase_windows::runtime::executor: [reinject] vk=0xf0 up (queued passthrough now firing)
2026-09-21T01:04:21.065107Z DEBUG execute_one{generation=None}: awase_windows::runtime::executor: [reinject] vk=0xf2 down (queued passthrough now firing)
2026-09-21T01:04:21.065398Z DEBUG awase_windows::hook: [hook] IME-mode vk=0xF0 up self_injected=true injected=false scan=0x0 extra=0x4B45594D since_actuation_us=Some(46577523)
2026-09-21T01:04:21.066319Z DEBUG awase_windows::hook: [hook] IME-mode vk=0xF2 down self_injected=true injected=true scan=0x0 extra=0x4B45594D since_actuation_us=Some(46578444)
2026-09-21T01:04:21.066842Z DEBUG awase::journal: hook ime-mode diagnostic seq=144 elapsed_ms=46673 vk_code=240 is_down=false self_injected=true injected=false scan=0
2026-09-21T01:04:21.066856Z DEBUG awase::journal: hook ime-mode diagnostic seq=145 elapsed_ms=46673 vk_code=242 is_down=true self_injected=true injected=true scan=0
2026-09-21T01:04:21.079440Z DEBUG awase_windows::tsf::gji_monitor: [gji-io] WRITE: w_ops=+2 w_KB=+0.7 (r_ops=+4 x_ops=+4 x_KB=+0.0)
2026-09-21T01:04:21.098877Z DEBUG awase_windows::runtime::ime_refresh: Skipping observer/SSOT write: typing active (idle=31ms)
2026-09-21T01:04:22.976825Z DEBUG awase_windows::runtime::key_pipeline: [engine-input] vk=0x1B KeyDown ts=48586783us delay=0ms state=Idle mods(c=false s=false a=false w=false) gas_ctrl=false phys_ctrl=false extra=0x5350494B pending_drain=0 gate_active=false l_thumb=None r_thumb=None [diag-ctx] ime_o
2026-09-21T01:04:22.976970Z DEBUG awase::journal: key input seq=146 elapsed_ms=48583 vk_code=27 is_down=true injected=false key_class="Passthrough" state_before="Idle" state_after="Idle" decision="PassThrough" physical="Allow" repeat_count=1 last_timestamp_us=48586783 last_elapsed_ms=0
2026-09-21T01:04:22.977102Z DEBUG execute_from_hook: awase_windows::tsf::probe: [composition] marked cold reason=PassthroughConfirmKey idle=19297ms → next VK/TSF output will send VK_DBE_HIRAGANA warmup
2026-09-21T01:04:22.977132Z DEBUG execute_from_hook: awase_windows::tsf::probe: [mark-send] last_send_ms=44674031
2026-09-21T01:04:22.977199Z DEBUG execute_from_hook: awase_windows::platform: [composition-fsm] EmitWarmup (ConfirmKeyDown)
2026-09-21T01:04:22.977221Z DEBUG execute_from_hook: awase_windows::runtime::executor: [relay-passthrough] PassThrough idle: direct OS pass-through (vk=0x1b down)
2026-09-21T01:04:22.977252Z DEBUG awase::journal: gji fsm transition seq=147 elapsed_ms=48583 trigger="CompositionReset(gji_idle_ms=1906)" state_before="OffCold" state_after="OffCold"
2026-09-21T01:04:22.977337Z DEBUG awase_windows::runtime::executor: [reinject-guard] suspending drain for 50ms (vk=0x1b)
2026-09-21T01:04:23.038776Z DEBUG execute_one{generation=None}: awase_windows::runtime::executor: [reinject] vk=0x1b down (queued passthrough now firing)
2026-09-21T01:04:23.038854Z DEBUG execute_one{generation=None}: awase_windows::platform: [composition] reinject KeyDown vk=0x1b → marking cold + eager warmup
2026-09-21T01:04:23.038885Z DEBUG execute_one{generation=None}: awase_windows::tsf::probe: [composition] marked cold reason=ReinjectConfirmKey idle=62ms → next VK/TSF output will send VK_DBE_HIRAGANA warmup
2026-09-21T01:04:23.038910Z DEBUG execute_one{generation=None}: awase_windows::tsf::probe: [mark-send] last_send_ms=44674093
2026-09-21T01:04:23.041654Z DEBUG awase::journal: gji fsm transition seq=148 elapsed_ms=48645 trigger="CompositionReset(gji_idle_ms=1968)" state_before="OffCold" state_after="OffCold"
2026-09-21T01:04:23.047283Z  INFO awase_windows::tsf::win_event_obs: [gji-obs] candidate HIDE: last_gji_write=1968ms ago
2026-09-21T01:04:23.053468Z DEBUG awase_windows::tsf::gji_monitor: [gji-io] WRITE: w_ops=+2 w_KB=+0.4 (r_ops=+4 x_ops=+4 x_KB=+0.0)
2026-09-21T01:04:23.105362Z DEBUG awase_windows::runtime::key_pipeline: [engine-input] vk=0x1B KeyUp ts=48715508us delay=0ms state=Idle mods(c=false s=false a=false w=false) gas_ctrl=false phys_ctrl=false extra=0x5350494B pending_drain=0 gate_active=false l_thumb=None r_thumb=None [diag-ctx] ime_on=
2026-09-21T01:04:23.105474Z DEBUG awase::journal: key input seq=149 elapsed_ms=48711 vk_code=27 is_down=false injected=false key_class="Passthrough" state_before="Idle" state_after="Idle" decision="PassThrough" physical="Allow" repeat_count=1 last_timestamp_us=48715508 last_elapsed_ms=0
2026-09-21T01:04:23.105556Z DEBUG execute_from_hook: awase_windows::runtime::executor: [relay-passthrough] PassThrough idle: direct OS pass-through (vk=0x1b up)
2026-09-21T01:04:23.105948Z DEBUG execute_one{generation=None}: awase_windows::runtime::executor: [reinject] vk=0x1b up (queued passthrough now firing)
2026-09-21T01:04:24.919816Z DEBUG awase_windows::runtime::key_pipeline: [engine-input] vk=0x4B KeyDown ts=50529653us delay=0ms state=Idle mods(c=false s=false a=false w=false) gas_ctrl=false phys_ctrl=false extra=0x5350494B pending_drain=0 gate_active=false l_thumb=None r_thumb=None [diag-ctx] ime_o
2026-09-21T01:04:24.919921Z DEBUG awase::journal: key input seq=150 elapsed_ms=50526 vk_code=75 is_down=true injected=false key_class="Char" state_before="Idle" state_after="Idle" decision="PassThrough" physical="Allow" repeat_count=1 last_timestamp_us=50529653 last_elapsed_ms=0
2026-09-21T01:04:24.920076Z DEBUG execute_one{generation=None}: awase_windows::runtime::executor: [reinject] vk=0x4b down (queued passthrough now firing)
2026-09-21T01:04:24.930675Z  INFO awase_windows::tsf::win_event_obs: [gji-obs] candidate SHOW #3: last_gji_write=1875ms ago
2026-09-21T01:04:24.933622Z DEBUG awase_windows::tsf::gji_monitor: [gji-io] WRITE: w_ops=+2 w_KB=+0.3 (r_ops=+4 x_ops=+4 x_KB=+0.0)
2026-09-21T01:04:25.044373Z DEBUG awase_windows::runtime::key_pipeline: [engine-input] vk=0x4B KeyUp ts=50654350us delay=0ms state=Idle mods(c=false s=false a=false w=false) gas_ctrl=false phys_ctrl=false extra=0x5350494B pending_drain=0 gate_active=false l_thumb=None r_thumb=None [diag-ctx] ime_on=
2026-09-21T01:04:25.044516Z DEBUG awase::journal: key input seq=151 elapsed_ms=50650 vk_code=75 is_down=false injected=false key_class="Char" state_before="Idle" state_after="Idle" decision="PassThrough" physical="Allow" repeat_count=1 last_timestamp_us=50654350 last_elapsed_ms=0
2026-09-21T01:04:25.045125Z DEBUG execute_one{generation=None}: awase_windows::runtime::executor: [reinject] vk=0x4b up (queued passthrough now firing)
2026-09-21T01:04:25.046990Z DEBUG awase_windows::platform: [gji-fsm] StartComposition (candidate SHOW)
2026-09-21T01:04:25.047020Z  WARN gji_on_event{event=StartComposition}: awase_windows::tsf::gji_fsm: [gji-fsm] StartComposition while engine off — ignored
2026-09-21T01:04:25.047123Z DEBUG awase::journal: gji fsm transition seq=152 elapsed_ms=50653 trigger="StartComposition(candidate SHOW)" state_before="OffCold" state_after="OffCold"
2026-09-21T01:04:26.853289Z DEBUG awase_windows::runtime::key_pipeline: [engine-input] vk=0x41 KeyDown ts=52463534us delay=0ms state=Idle mods(c=false s=false a=false w=false) gas_ctrl=false phys_ctrl=false extra=0x5350494B pending_drain=0 gate_active=false l_thumb=None r_thumb=None [diag-ctx] ime_o
2026-09-21T01:04:26.853390Z DEBUG awase::journal: key input seq=153 elapsed_ms=52459 vk_code=65 is_down=true injected=false key_class="Char" state_before="Idle" state_after="Idle" decision="PassThrough" physical="Allow" repeat_count=1 last_timestamp_us=52463534 last_elapsed_ms=0
2026-09-21T01:04:26.853523Z DEBUG execute_one{generation=None}: awase_windows::runtime::executor: [reinject] vk=0x41 down (queued passthrough now firing)
2026-09-21T01:04:26.867735Z DEBUG awase_windows::tsf::gji_monitor: [gji-io] WRITE: w_ops=+2 w_KB=+0.5 (r_ops=+4 x_ops=+4 x_KB=+0.0)
2026-09-21T01:04:26.979879Z DEBUG awase_windows::runtime::key_pipeline: [engine-input] vk=0x41 KeyUp ts=52589892us delay=0ms state=Idle mods(c=false s=false a=false w=false) gas_ctrl=false phys_ctrl=false extra=0x5350494B pending_drain=0 gate_active=false l_thumb=None r_thumb=None [diag-ctx] ime_on=
2026-09-21T01:04:26.980192Z DEBUG awase::journal: key input seq=154 elapsed_ms=52586 vk_code=65 is_down=false injected=false key_class="Char" state_before="Idle" state_after="Idle" decision="PassThrough" physical="Allow" repeat_count=1 last_timestamp_us=52589892 last_elapsed_ms=0
2026-09-21T01:04:26.980617Z DEBUG execute_one{generation=None}: awase_windows::runtime::executor: [reinject] vk=0x41 up (queued passthrough now firing)
2026-09-21T01:04:28.792987Z DEBUG awase_windows::hook: [hook] IME-mode vk=0xF4 up self_injected=false injected=false scan=0x29 extra=0x5350494B since_actuation_us=Some(54305078)
2026-09-21T01:04:28.794056Z DEBUG awase::journal: hook ime-mode diagnostic seq=155 elapsed_ms=54399 vk_code=244 is_down=false self_injected=false injected=false scan=41
2026-09-21T01:04:28.794119Z DEBUG awase_windows::hook: [hook] IME-mode vk=0xF3 down self_injected=false injected=false scan=0x29 extra=0x5350494B since_actuation_us=Some(54306214)
2026-09-21T01:04:28.794404Z DEBUG awase_windows::runtime::key_pipeline: [engine-input] vk=0xF4 KeyUp ts=54403964us delay=0ms state=Idle mods(c=false s=false a=false w=false) gas_ctrl=false phys_ctrl=false extra=0x5350494B pending_drain=0 gate_active=false l_thumb=None r_thumb=None [diag-ctx] ime_on=
2026-09-21T01:04:28.794636Z DEBUG awase::journal: key input seq=156 elapsed_ms=54400 vk_code=244 is_down=false injected=false key_class="Passthrough" state_before="Idle" state_after="Idle" decision="PassThrough" physical="Allow" repeat_count=1 last_timestamp_us=54403964 last_elapsed_ms=0
2026-09-21T01:04:28.794781Z DEBUG execute_from_hook: awase_windows::runtime::executor: [relay-passthrough] PassThrough idle: direct OS pass-through (vk=0xf4 up)
2026-09-21T01:04:28.794893Z DEBUG awase::journal: hook ime-mode diagnostic seq=157 elapsed_ms=54400 vk_code=243 is_down=true self_injected=false injected=false scan=41
2026-09-21T01:04:28.795040Z DEBUG awase_windows::runtime::key_pipeline: [engine-input] vk=0xF3 KeyDown ts=54404785us delay=0ms state=Idle mods(c=false s=false a=false w=false) gas_ctrl=false phys_ctrl=false extra=0x5350494B pending_drain=0 gate_active=false l_thumb=None r_thumb=None [diag-ctx] ime_o
2026-09-21T01:04:28.795151Z DEBUG awase::journal: key input seq=158 elapsed_ms=54401 vk_code=243 is_down=true injected=false key_class="Passthrough" state_before="Idle" state_after="Idle" decision="PassThrough" physical="Allow" repeat_count=1 last_timestamp_us=54404785 last_elapsed_ms=0
2026-09-21T01:04:28.795242Z DEBUG awase_windows::runtime::key_pipeline: may_change_ime key passed through → IME refresh scheduled (20ms)
2026-09-21T01:04:28.795315Z  INFO awase_windows::runtime::key_pipeline: [mode-key-follow] mode key PassThrough(vk=0xF3): IME refresh scheduled (20ms)
2026-09-21T01:04:28.795392Z DEBUG execute_from_hook: awase_windows::runtime::transport: [relay-defer] PassThrough deferred: pending effects, reinject(vk=0xf3 down)
2026-09-21T01:04:28.795513Z DEBUG execute_one{generation=None}: awase_windows::runtime::executor: [reinject] vk=0xf4 up (queued passthrough now firing)
2026-09-21T01:04:28.795698Z DEBUG execute_one{generation=None}: awase_windows::runtime::executor: [reinject] vk=0xf3 down (queued passthrough now firing)
2026-09-21T01:04:28.796116Z DEBUG awase_windows::hook: [hook] IME-mode vk=0xF4 up self_injected=true injected=true scan=0x0 extra=0x4B45594D since_actuation_us=Some(54308237)
2026-09-21T01:04:28.798818Z DEBUG awase_windows::hook: [hook] IME-mode vk=0xF3 up self_injected=true injected=false scan=0x0 extra=0x4B45594D since_actuation_us=Some(54310934)
2026-09-21T01:04:28.800492Z DEBUG awase_windows::hook: [hook] IME-mode vk=0xF4 down self_injected=true injected=true scan=0x0 extra=0x4B45594D since_actuation_us=Some(54312610)
2026-09-21T01:04:28.801381Z DEBUG awase::journal: hook ime-mode diagnostic seq=159 elapsed_ms=54407 vk_code=244 is_down=false self_injected=true injected=true scan=0
2026-09-21T01:04:28.801423Z DEBUG awase::journal: hook ime-mode diagnostic seq=160 elapsed_ms=54407 vk_code=243 is_down=false self_injected=true injected=false scan=0
2026-09-21T01:04:28.801449Z DEBUG awase::journal: hook ime-mode diagnostic seq=161 elapsed_ms=54407 vk_code=244 is_down=true self_injected=true injected=true scan=0
2026-09-21T01:04:28.806407Z DEBUG awase_windows::tsf::gji_monitor: [gji-io] WRITE: w_ops=+2 w_KB=+0.3 (r_ops=+4 x_ops=+4 x_KB=+0.0)
2026-09-21T01:04:28.806486Z  INFO awase_windows::tsf::win_event_obs: [gji-obs] candidate HIDE: last_gji_write=0ms ago
2026-09-21T01:04:28.827879Z DEBUG awase_windows::runtime::ime_refresh: Skipping observer/SSOT write: typing active (idle=32ms)
2026-09-21T01:04:30.741440Z DEBUG awase_windows::runtime::key_pipeline: [engine-input] vk=0x41 KeyDown ts=56351520us delay=0ms state=Idle mods(c=false s=false a=false w=false) gas_ctrl=false phys_ctrl=false extra=0x5350494B pending_drain=0 gate_active=false l_thumb=None r_thumb=None [diag-ctx] ime_o
2026-09-21T01:04:30.741545Z DEBUG awase::journal: key input seq=162 elapsed_ms=56347 vk_code=65 is_down=true injected=false key_class="Char" state_before="Idle" state_after="Idle" decision="PassThrough" physical="Allow" repeat_count=1 last_timestamp_us=56351520 last_elapsed_ms=0
2026-09-21T01:04:30.741694Z DEBUG execute_one{generation=None}: awase_windows::runtime::executor: [reinject] vk=0x41 down (queued passthrough now firing)
2026-09-21T01:04:30.866084Z DEBUG awase_windows::runtime::key_pipeline: [engine-input] vk=0x41 KeyUp ts=56476202us delay=0ms state=Idle mods(c=false s=false a=false w=false) gas_ctrl=false phys_ctrl=false extra=0x5350494B pending_drain=0 gate_active=false l_thumb=None r_thumb=None [diag-ctx] ime_on=
2026-09-21T01:04:30.866178Z DEBUG awase::journal: key input seq=163 elapsed_ms=56471 vk_code=65 is_down=false injected=false key_class="Char" state_before="Idle" state_after="Idle" decision="PassThrough" physical="Allow" repeat_count=1 last_timestamp_us=56476202 last_elapsed_ms=0
2026-09-21T01:04:30.866451Z DEBUG execute_one{generation=None}: awase_windows::runtime::executor: [reinject] vk=0x41 up (queued passthrough now firing)
2026-09-21T01:04:32.677788Z DEBUG awase_windows::runtime::key_pipeline: [engine-input] vk=0x0D KeyDown ts=58288060us delay=0ms state=Idle mods(c=false s=false a=false w=false) gas_ctrl=false phys_ctrl=false extra=0x5350494B pending_drain=0 gate_active=false l_thumb=None r_thumb=None [diag-ctx] ime_o
2026-09-21T01:04:32.677879Z DEBUG awase::journal: key input seq=164 elapsed_ms=58283 vk_code=13 is_down=true injected=false key_class="Passthrough" state_before="Idle" state_after="Idle" decision="PassThrough" physical="Allow" repeat_count=1 last_timestamp_us=58288060 last_elapsed_ms=0
2026-09-21T01:04:32.677969Z DEBUG execute_from_hook: awase_windows::tsf::probe: [composition] marked cold reason=PassthroughConfirmKey idle=9641ms → next VK/TSF output will send VK_DBE_HIRAGANA warmup
2026-09-21T01:04:32.677991Z DEBUG execute_from_hook: awase_windows::tsf::probe: [mark-send] last_send_ms=44683734
2026-09-21T01:04:32.678043Z DEBUG execute_from_hook: awase_windows::platform: [composition-fsm] EmitWarmup (ConfirmKeyDown)
2026-09-21T01:04:32.678064Z DEBUG execute_from_hook: awase_windows::runtime::executor: [relay-passthrough] PassThrough idle: direct OS pass-through (vk=0x0d down)
2026-09-21T01:04:32.678091Z DEBUG awase::journal: gji fsm transition seq=165 elapsed_ms=58283 trigger="CompositionReset(gji_idle_ms=3875)" state_before="OffCold" state_after="OffCold"
2026-09-21T01:04:32.678134Z DEBUG awase_windows::runtime::executor: [reinject-guard] suspending drain for 50ms (vk=0x0d)
2026-09-21T01:04:32.739314Z DEBUG execute_one{generation=None}: awase_windows::runtime::executor: [reinject] vk=0x0d down (queued passthrough now firing)
2026-09-21T01:04:32.739365Z DEBUG execute_one{generation=None}: awase_windows::platform: [composition] reinject KeyDown vk=0x0d → marking cold + eager warmup
2026-09-21T01:04:32.739380Z DEBUG execute_one{generation=None}: awase_windows::tsf::probe: [composition] marked cold reason=ReinjectConfirmKey idle=62ms → next VK/TSF output will send VK_DBE_HIRAGANA warmup
2026-09-21T01:04:32.739395Z DEBUG execute_one{generation=None}: awase_windows::tsf::probe: [mark-send] last_send_ms=44683796
2026-09-21T01:04:32.741016Z DEBUG awase::journal: gji fsm transition seq=166 elapsed_ms=58345 trigger="CompositionReset(gji_idle_ms=3937)" state_before="OffCold" state_after="OffCold"
2026-09-21T01:04:32.879642Z DEBUG awase_windows::runtime::key_pipeline: [engine-input] vk=0x0D KeyUp ts=58489942us delay=0ms state=Idle mods(c=false s=false a=false w=false) gas_ctrl=false phys_ctrl=false extra=0x5350494B pending_drain=0 gate_active=false l_thumb=None r_thumb=None [diag-ctx] ime_on=
2026-09-21T01:04:32.879690Z DEBUG awase::journal: key input seq=167 elapsed_ms=58485 vk_code=13 is_down=false injected=false key_class="Passthrough" state_before="Idle" state_after="Idle" decision="PassThrough" physical="Allow" repeat_count=1 last_timestamp_us=58489942 last_elapsed_ms=0
2026-09-21T01:04:32.879735Z DEBUG execute_from_hook: awase_windows::runtime::executor: [relay-passthrough] PassThrough idle: direct OS pass-through (vk=0x0d up)
2026-09-21T01:04:32.879766Z DEBUG execute_one{generation=None}: awase_windows::runtime::executor: [reinject] vk=0x0d up (queued passthrough now firing)
2026-09-21T01:04:34.627570Z DEBUG awase_windows::hook: [hook] IME-mode vk=0xF0 up self_injected=false injected=false scan=0x70 extra=0x5350494B since_actuation_us=Some(60139661)
2026-09-21T01:04:34.628078Z DEBUG awase::journal: hook ime-mode diagnostic seq=168 elapsed_ms=60233 vk_code=240 is_down=false self_injected=false injected=false scan=112
2026-09-21T01:04:34.628356Z DEBUG awase_windows::hook: [hook] IME-mode vk=0xF2 down self_injected=false injected=false scan=0x70 extra=0x5350494B since_actuation_us=Some(60140476)
2026-09-21T01:04:34.628399Z DEBUG awase_windows::runtime::key_pipeline: [engine-input] vk=0xF0 KeyUp ts=60238234us delay=0ms state=Idle mods(c=false s=false a=false w=false) gas_ctrl=false phys_ctrl=false extra=0x5350494B pending_drain=0 gate_active=false l_thumb=None r_thumb=None [diag-ctx] ime_on=
2026-09-21T01:04:34.629312Z DEBUG awase::journal: key input seq=169 elapsed_ms=60234 vk_code=240 is_down=false injected=false key_class="Passthrough" state_before="Idle" state_after="Idle" decision="PassThrough" physical="Allow" repeat_count=1 last_timestamp_us=60238234 last_elapsed_ms=0
2026-09-21T01:04:34.629467Z DEBUG execute_from_hook: awase_windows::runtime::executor: [relay-passthrough] PassThrough idle: direct OS pass-through (vk=0xf0 up)
2026-09-21T01:04:34.629570Z DEBUG awase::journal: hook ime-mode diagnostic seq=170 elapsed_ms=60234 vk_code=242 is_down=true self_injected=false injected=false scan=112
2026-09-21T01:04:34.629735Z DEBUG awase_windows::runtime::key_pipeline: [engine-input] vk=0xF2 KeyDown ts=60239559us delay=0ms state=Idle mods(c=false s=false a=false w=false) gas_ctrl=false phys_ctrl=false extra=0x5350494B pending_drain=0 gate_active=false l_thumb=None r_thumb=None [diag-ctx] ime_o
2026-09-21T01:04:34.630012Z DEBUG awase::journal: key input seq=171 elapsed_ms=60235 vk_code=242 is_down=true injected=false key_class="Passthrough" state_before="Idle" state_after="Idle" decision="PassThrough" physical="Allow" repeat_count=1 last_timestamp_us=60239559 last_elapsed_ms=0
2026-09-21T01:04:34.630104Z DEBUG awase_windows::runtime::key_pipeline: may_change_ime key passed through → IME refresh scheduled (20ms)
2026-09-21T01:04:34.630154Z  INFO awase_windows::runtime::key_pipeline: [mode-key-follow] mode key PassThrough(vk=0xF2): IME refresh scheduled (20ms)
2026-09-21T01:04:34.630220Z DEBUG awase_windows::tsf::probe: [composition] marked cold reason=F2NonTsf idle=1891ms → next VK/TSF output will send VK_DBE_HIRAGANA warmup
2026-09-21T01:04:34.630434Z DEBUG execute_from_hook: awase_windows::runtime::transport: [relay-defer] PassThrough deferred: pending effects, reinject(vk=0xf2 down)
2026-09-21T01:04:34.630602Z DEBUG awase::journal: gji fsm transition seq=172 elapsed_ms=60235 trigger="CompositionReset(gji_idle_ms=5828)" state_before="OffCold" state_after="OffCold"
2026-09-21T01:04:34.630674Z DEBUG execute_one{generation=None}: awase_windows::runtime::executor: [reinject] vk=0xf0 up (queued passthrough now firing)
2026-09-21T01:04:34.630728Z DEBUG execute_one{generation=None}: awase_windows::runtime::executor: [reinject] vk=0xf2 down (queued passthrough now firing)
2026-09-21T01:04:34.631229Z DEBUG awase_windows::hook: [hook] IME-mode vk=0xF0 up self_injected=true injected=false scan=0x0 extra=0x4B45594D since_actuation_us=Some(60143346)
2026-09-21T01:04:34.633025Z DEBUG awase_windows::hook: [hook] IME-mode vk=0xF2 down self_injected=true injected=true scan=0x0 extra=0x4B45594D since_actuation_us=Some(60145143)
2026-09-21T01:04:34.634954Z DEBUG awase::journal: hook ime-mode diagnostic seq=173 elapsed_ms=60240 vk_code=240 is_down=false self_injected=true injected=false scan=0
2026-09-21T01:04:34.635002Z DEBUG awase::journal: hook ime-mode diagnostic seq=174 elapsed_ms=60240 vk_code=242 is_down=true self_injected=true injected=true scan=0
2026-09-21T01:04:34.679768Z DEBUG awase_windows::runtime::ime_refresh: Skipping observer/SSOT write: typing active (idle=47ms)
2026-09-21T01:04:36.554815Z DEBUG awase_windows::runtime::key_pipeline: [engine-input] vk=0x41 KeyDown ts=62164536us delay=0ms state=Idle mods(c=false s=false a=false w=false) gas_ctrl=false phys_ctrl=false extra=0x5350494B pending_drain=0 gate_active=false l_thumb=None r_thumb=None [diag-ctx] ime_o
2026-09-21T01:04:36.554976Z DEBUG awase::journal: key input seq=175 elapsed_ms=62160 vk_code=65 is_down=true injected=false key_class="Char" state_before="Idle" state_after="Idle" decision="PassThrough" physical="Allow" repeat_count=1 last_timestamp_us=62164536 last_elapsed_ms=0
2026-09-21T01:04:36.555206Z DEBUG execute_one{generation=None}: awase_windows::runtime::executor: [reinject] vk=0x41 down (queued passthrough now firing)
2026-09-21T01:04:36.681526Z DEBUG awase_windows::runtime::key_pipeline: [engine-input] vk=0x41 KeyUp ts=62290449us delay=1ms state=Idle mods(c=false s=false a=false w=false) gas_ctrl=false phys_ctrl=false extra=0x5350494B pending_drain=0 gate_active=false l_thumb=None r_thumb=None [diag-ctx] ime_on=
2026-09-21T01:04:36.681647Z DEBUG awase::journal: key input seq=176 elapsed_ms=62286 vk_code=65 is_down=false injected=false key_class="Char" state_before="Idle" state_after="Idle" decision="PassThrough" physical="Allow" repeat_count=1 last_timestamp_us=62290449 last_elapsed_ms=0
2026-09-21T01:04:36.682169Z DEBUG execute_one{generation=None}: awase_windows::runtime::executor: [reinject] vk=0x41 up (queued passthrough now firing)
2026-09-21T01:04:38.500630Z DEBUG awase_windows::runtime::key_pipeline: [engine-input] vk=0x1D KeyDown ts=64110892us delay=0ms state=Idle mods(c=false s=false a=false w=false) gas_ctrl=false phys_ctrl=false extra=0x5350494B pending_drain=0 gate_active=false l_thumb=Some(64110884) r_thumb=None [diag-
2026-09-21T01:04:38.500746Z DEBUG awase::journal: key input seq=177 elapsed_ms=64105 vk_code=29 is_down=true injected=false key_class="LeftThumb" state_before="Idle" state_after="Idle" decision="PassThrough" physical="Allow" repeat_count=1 last_timestamp_us=64110892 last_elapsed_ms=0
2026-09-21T01:04:38.500800Z  INFO awase_windows::runtime::key_pipeline: [mode-key-follow] mode key PassThrough(vk=0x1D): IME refresh scheduled (20ms)
2026-09-21T01:04:38.500873Z DEBUG execute_one{generation=None}: awase_windows::runtime::executor: [reinject] vk=0x1d down (queued passthrough now firing)
2026-09-21T01:04:38.515286Z DEBUG awase_windows::tsf::gji_monitor: [gji-io] WRITE: w_ops=+2 w_KB=+0.0 (r_ops=+4 x_ops=+4 x_KB=+0.0)
2026-09-21T01:04:38.533953Z DEBUG awase_windows::runtime::ime_refresh: Skipping observer/SSOT write: typing active (idle=32ms)
2026-09-21T01:04:38.626926Z DEBUG awase_windows::runtime::key_pipeline: [engine-input] vk=0x1D KeyUp ts=64237270us delay=0ms state=Idle mods(c=false s=false a=false w=false) gas_ctrl=false phys_ctrl=false extra=0x5350494B pending_drain=0 gate_active=false l_thumb=None r_thumb=None [diag-ctx] ime_on=
2026-09-21T01:04:38.626988Z DEBUG awase::journal: key input seq=178 elapsed_ms=64231 vk_code=29 is_down=false injected=false key_class="LeftThumb" state_before="Idle" state_after="Idle" decision="PassThrough" physical="Allow" repeat_count=1 last_timestamp_us=64237270 last_elapsed_ms=0
2026-09-21T01:04:38.627154Z DEBUG execute_one{generation=None}: awase_windows::runtime::executor: [reinject] vk=0x1d up (queued passthrough now firing)
2026-09-21T01:04:40.429153Z DEBUG awase_windows::runtime::key_pipeline: [engine-input] vk=0x4B KeyDown ts=66038967us delay=0ms state=Idle mods(c=false s=false a=false w=false) gas_ctrl=false phys_ctrl=false extra=0x5350494B pending_drain=0 gate_active=false l_thumb=None r_thumb=None [diag-ctx] ime_o
2026-09-21T01:04:40.429370Z DEBUG awase::journal: key input seq=179 elapsed_ms=66034 vk_code=75 is_down=true injected=false key_class="Char" state_before="Idle" state_after="Idle" decision="PassThrough" physical="Allow" repeat_count=1 last_timestamp_us=66038967 last_elapsed_ms=0
2026-09-21T01:04:40.429659Z DEBUG execute_one{generation=None}: awase_windows::runtime::executor: [reinject] vk=0x4b down (queued passthrough now firing)
2026-09-21T01:04:40.441686Z  INFO awase_windows::tsf::win_event_obs: [gji-obs] candidate SHOW #4: last_gji_write=1922ms ago
2026-09-21T01:04:40.442857Z DEBUG awase_windows::tsf::gji_monitor: [gji-io] WRITE: w_ops=+2 w_KB=+0.3 (r_ops=+4 x_ops=+4 x_KB=+0.0)
2026-09-21T01:04:40.553016Z DEBUG awase_windows::runtime::key_pipeline: [engine-input] vk=0x4B KeyUp ts=66163254us delay=0ms state=Idle mods(c=false s=false a=false w=false) gas_ctrl=false phys_ctrl=false extra=0x5350494B pending_drain=0 gate_active=false l_thumb=None r_thumb=None [diag-ctx] ime_on=
2026-09-21T01:04:40.553153Z DEBUG awase::journal: key input seq=180 elapsed_ms=66157 vk_code=75 is_down=false injected=false key_class="Char" state_before="Idle" state_after="Idle" decision="PassThrough" physical="Allow" repeat_count=1 last_timestamp_us=66163254 last_elapsed_ms=0
2026-09-21T01:04:40.553405Z DEBUG execute_one{generation=None}: awase_windows::runtime::executor: [reinject] vk=0x4b up (queued passthrough now firing)
2026-09-21T01:04:40.555867Z DEBUG awase_windows::platform: [gji-fsm] StartComposition (candidate SHOW)
2026-09-21T01:04:40.555900Z  WARN gji_on_event{event=StartComposition}: awase_windows::tsf::gji_fsm: [gji-fsm] StartComposition while engine off — ignored
2026-09-21T01:04:40.556006Z DEBUG awase::journal: gji fsm transition seq=181 elapsed_ms=66160 trigger="StartComposition(candidate SHOW)" state_before="OffCold" state_after="OffCold"
2026-09-21T01:04:42.387892Z DEBUG awase_windows::runtime::key_pipeline: [engine-input] vk=0x1D KeyDown ts=67997955us delay=0ms state=Idle mods(c=false s=false a=false w=false) gas_ctrl=false phys_ctrl=false extra=0x5350494B pending_drain=0 gate_active=false l_thumb=Some(67997934) r_thumb=None [diag-
2026-09-21T01:04:42.388046Z DEBUG awase::journal: key input seq=182 elapsed_ms=67992 vk_code=29 is_down=true injected=false key_class="LeftThumb" state_before="Idle" state_after="Idle" decision="PassThrough" physical="Allow" repeat_count=1 last_timestamp_us=67997955 last_elapsed_ms=0
2026-09-21T01:04:42.388168Z  INFO awase_windows::runtime::key_pipeline: [mode-key-follow] mode key PassThrough(vk=0x1D): IME refresh scheduled (20ms)
2026-09-21T01:04:42.388340Z DEBUG execute_one{generation=None}: awase_windows::runtime::executor: [reinject] vk=0x1d down (queued passthrough now firing)
2026-09-21T01:04:42.401930Z DEBUG awase_windows::tsf::gji_monitor: [gji-io] WRITE: w_ops=+2 w_KB=+0.6 (r_ops=+4 x_ops=+4 x_KB=+0.0)
2026-09-21T01:04:42.424428Z DEBUG awase_windows::runtime::ime_refresh: Skipping observer/SSOT write: typing active (idle=31ms)
2026-09-21T01:04:42.514869Z DEBUG awase_windows::runtime::key_pipeline: [engine-input] vk=0x1D KeyUp ts=68124734us delay=0ms state=Idle mods(c=false s=false a=false w=false) gas_ctrl=false phys_ctrl=false extra=0x5350494B pending_drain=0 gate_active=false l_thumb=None r_thumb=None [diag-ctx] ime_on=
2026-09-21T01:04:42.515166Z DEBUG awase::journal: key input seq=183 elapsed_ms=68119 vk_code=29 is_down=false injected=false key_class="LeftThumb" state_before="Idle" state_after="Idle" decision="PassThrough" physical="Allow" repeat_count=1 last_timestamp_us=68124734 last_elapsed_ms=0
2026-09-21T01:04:42.515351Z DEBUG execute_one{generation=None}: awase_windows::runtime::executor: [reinject] vk=0x1d up (queued passthrough now firing)
2026-09-21T01:04:44.330561Z DEBUG awase_windows::runtime::key_pipeline: [engine-input] vk=0x1C KeyDown ts=69940600us delay=0ms state=Idle mods(c=false s=false a=false w=false) gas_ctrl=false phys_ctrl=false extra=0x5350494B pending_drain=0 gate_active=false l_thumb=None r_thumb=Some(69940589) [diag-
2026-09-21T01:04:44.330643Z DEBUG awase::journal: key input seq=184 elapsed_ms=69935 vk_code=28 is_down=true injected=false key_class="RightThumb" state_before="Idle" state_after="Idle" decision="PassThrough" physical="Allow" repeat_count=1 last_timestamp_us=69940600 last_elapsed_ms=0
2026-09-21T01:04:44.330703Z  INFO awase_windows::runtime::key_pipeline: [mode-key-follow] mode key PassThrough(vk=0x1C): IME refresh scheduled (20ms)
2026-09-21T01:04:44.330784Z DEBUG execute_one{generation=None}: awase_windows::runtime::executor: [reinject] vk=0x1c down (queued passthrough now firing)
2026-09-21T01:04:44.336055Z  INFO awase_windows::tsf::win_event_obs: [gji-obs] candidate HIDE: last_gji_write=1937ms ago
2026-09-21T01:04:44.345059Z DEBUG awase_windows::tsf::gji_monitor: [gji-io] WRITE: w_ops=+2 w_KB=+0.6 (r_ops=+4 x_ops=+4 x_KB=+0.0)
2026-09-21T01:04:44.362215Z DEBUG awase_windows::runtime::ime_refresh: Skipping observer/SSOT write: typing active (idle=31ms)
2026-09-21T01:04:44.454096Z DEBUG awase_windows::runtime::key_pipeline: [engine-input] vk=0x1C KeyUp ts=70064285us delay=0ms state=Idle mods(c=false s=false a=false w=false) gas_ctrl=false phys_ctrl=false extra=0x5350494B pending_drain=0 gate_active=false l_thumb=None r_thumb=None [diag-ctx] ime_on=
2026-09-21T01:04:44.454183Z DEBUG awase::journal: key input seq=185 elapsed_ms=70058 vk_code=28 is_down=false injected=false key_class="RightThumb" state_before="Idle" state_after="Idle" decision="PassThrough" physical="Allow" repeat_count=1 last_timestamp_us=70064285 last_elapsed_ms=0
2026-09-21T01:04:44.454314Z DEBUG execute_one{generation=None}: awase_windows::runtime::executor: [reinject] vk=0x1c up (queued passthrough now firing)
2026-09-21T01:04:46.269287Z DEBUG awase_windows::runtime::key_pipeline: [engine-input] vk=0x1D KeyDown ts=71879113us delay=0ms state=Idle mods(c=false s=false a=false w=false) gas_ctrl=false phys_ctrl=false extra=0x5350494B pending_drain=0 gate_active=false l_thumb=Some(71879094) r_thumb=None [diag-
2026-09-21T01:04:46.269389Z DEBUG awase::journal: key input seq=186 elapsed_ms=71873 vk_code=29 is_down=true injected=false key_class="LeftThumb" state_before="Idle" state_after="Idle" decision="PassThrough" physical="Allow" repeat_count=1 last_timestamp_us=71879113 last_elapsed_ms=0
2026-09-21T01:04:46.269462Z  INFO awase_windows::runtime::key_pipeline: [mode-key-follow] mode key PassThrough(vk=0x1D): IME refresh scheduled (20ms)
2026-09-21T01:04:46.269565Z DEBUG execute_one{generation=None}: awase_windows::runtime::executor: [reinject] vk=0x1d down (queued passthrough now firing)
2026-09-21T01:04:46.282983Z DEBUG awase_windows::tsf::gji_monitor: [gji-io] WRITE: w_ops=+2 w_KB=+0.6 (r_ops=+4 x_ops=+4 x_KB=+0.0)
2026-09-21T01:04:46.304897Z DEBUG awase_windows::runtime::ime_refresh: Skipping observer/SSOT write: typing active (idle=47ms)
2026-09-21T01:04:46.393887Z DEBUG awase_windows::runtime::key_pipeline: [engine-input] vk=0x1D KeyUp ts=72003944us delay=0ms state=Idle mods(c=false s=false a=false w=false) gas_ctrl=false phys_ctrl=false extra=0x5350494B pending_drain=0 gate_active=false l_thumb=None r_thumb=None [diag-ctx] ime_on=
2026-09-21T01:04:46.393978Z DEBUG awase::journal: key input seq=187 elapsed_ms=71998 vk_code=29 is_down=false injected=false key_class="LeftThumb" state_before="Idle" state_after="Idle" decision="PassThrough" physical="Allow" repeat_count=1 last_timestamp_us=72003944 last_elapsed_ms=0
2026-09-21T01:04:46.394123Z DEBUG execute_one{generation=None}: awase_windows::runtime::executor: [reinject] vk=0x1d up (queued passthrough now firing)
2026-09-21T01:04:48.203001Z DEBUG awase_windows::runtime::key_pipeline: [engine-input] vk=0x1B KeyDown ts=73812794us delay=0ms state=Idle mods(c=false s=false a=false w=false) gas_ctrl=false phys_ctrl=false extra=0x5350494B pending_drain=0 gate_active=false l_thumb=None r_thumb=None [diag-ctx] ime_o
2026-09-21T01:04:48.203155Z DEBUG awase::journal: key input seq=188 elapsed_ms=73807 vk_code=27 is_down=true injected=false key_class="Passthrough" state_before="Idle" state_after="Idle" decision="PassThrough" physical="Allow" repeat_count=1 last_timestamp_us=73812794 last_elapsed_ms=0
2026-09-21T01:04:48.203308Z DEBUG execute_from_hook: awase_windows::tsf::probe: [composition] marked cold reason=PassthroughConfirmKey idle=15454ms → next VK/TSF output will send VK_DBE_HIRAGANA warmup
2026-09-21T01:04:48.203347Z DEBUG execute_from_hook: awase_windows::tsf::probe: [mark-send] last_send_ms=44699250
2026-09-21T01:04:48.203436Z DEBUG execute_from_hook: awase_windows::platform: [composition-fsm] EmitWarmup (ConfirmKeyDown)
2026-09-21T01:04:48.203473Z DEBUG execute_from_hook: awase_windows::runtime::executor: [relay-passthrough] PassThrough idle: direct OS pass-through (vk=0x1b down)
2026-09-21T01:04:48.203519Z DEBUG awase::journal: gji fsm transition seq=189 elapsed_ms=73807 trigger="CompositionReset(gji_idle_ms=1922)" state_before="OffCold" state_after="OffCold"
2026-09-21T01:04:48.203603Z DEBUG awase_windows::runtime::executor: [reinject-guard] suspending drain for 50ms (vk=0x1b)
2026-09-21T01:04:48.262484Z DEBUG execute_one{generation=None}: awase_windows::runtime::executor: [reinject] vk=0x1b down (queued passthrough now firing)
2026-09-21T01:04:48.262534Z DEBUG execute_one{generation=None}: awase_windows::platform: [composition] reinject KeyDown vk=0x1b → marking cold + eager warmup
2026-09-21T01:04:48.262554Z DEBUG execute_one{generation=None}: awase_windows::tsf::probe: [composition] marked cold reason=ReinjectConfirmKey idle=62ms → next VK/TSF output will send VK_DBE_HIRAGANA warmup
2026-09-21T01:04:48.262574Z DEBUG execute_one{generation=None}: awase_windows::tsf::probe: [mark-send] last_send_ms=44699312
2026-09-21T01:04:48.264296Z DEBUG awase::journal: gji fsm transition seq=190 elapsed_ms=73866 trigger="CompositionReset(gji_idle_ms=1984)" state_before="OffCold" state_after="OffCold"
2026-09-21T01:04:48.268136Z  INFO awase_windows::tsf::win_event_obs: [gji-obs] candidate SHOW #5: last_gji_write=1984ms ago
2026-09-21T01:04:48.278356Z DEBUG awase_windows::tsf::gji_monitor: [gji-io] WRITE: w_ops=+2 w_KB=+0.4 (r_ops=+4 x_ops=+4 x_KB=+0.0)
2026-09-21T01:04:48.326579Z DEBUG awase_windows::runtime::key_pipeline: [engine-input] vk=0x1B KeyUp ts=73936432us delay=0ms state=Idle mods(c=false s=false a=false w=false) gas_ctrl=false phys_ctrl=false extra=0x5350494B pending_drain=0 gate_active=false l_thumb=None r_thumb=None [diag-ctx] ime_on=
2026-09-21T01:04:48.326847Z DEBUG awase::journal: key input seq=191 elapsed_ms=73930 vk_code=27 is_down=false injected=false key_class="Passthrough" state_before="Idle" state_after="Idle" decision="PassThrough" physical="Allow" repeat_count=1 last_timestamp_us=73936432 last_elapsed_ms=0
2026-09-21T01:04:48.327046Z DEBUG execute_from_hook: awase_windows::runtime::executor: [relay-passthrough] PassThrough idle: direct OS pass-through (vk=0x1b up)
2026-09-21T01:04:48.327183Z DEBUG execute_one{generation=None}: awase_windows::runtime::executor: [reinject] vk=0x1b up (queued passthrough now firing)
2026-09-21T01:04:48.330712Z DEBUG awase_windows::platform: [gji-fsm] StartComposition (candidate SHOW)
2026-09-21T01:04:48.330740Z  WARN gji_on_event{event=StartComposition}: awase_windows::tsf::gji_fsm: [gji-fsm] StartComposition while engine off — ignored
2026-09-21T01:04:48.330861Z DEBUG awase::journal: gji fsm transition seq=192 elapsed_ms=73934 trigger="StartComposition(candidate SHOW)" state_before="OffCold" state_after="OffCold"
2026-09-21T01:04:50.138539Z DEBUG awase_windows::hook: [hook] IME-mode vk=0xF0 up self_injected=false injected=false scan=0x70 extra=0x5350494B since_actuation_us=Some(75650648)
2026-09-21T01:04:50.138758Z DEBUG awase::journal: hook ime-mode diagnostic seq=193 elapsed_ms=75742 vk_code=240 is_down=false self_injected=false injected=false scan=112
2026-09-21T01:04:50.138808Z DEBUG awase_windows::hook: [hook] IME-mode vk=0xF2 down self_injected=false injected=false scan=0x70 extra=0x5350494B since_actuation_us=Some(75650933)
2026-09-21T01:04:50.138940Z DEBUG awase_windows::runtime::key_pipeline: [engine-input] vk=0xF0 KeyUp ts=75749179us delay=0ms state=Idle mods(c=false s=false a=false w=false) gas_ctrl=false phys_ctrl=false extra=0x5350494B pending_drain=0 gate_active=false l_thumb=None r_thumb=None [diag-ctx] ime_on=
2026-09-21T01:04:50.139022Z DEBUG awase::journal: key input seq=194 elapsed_ms=75742 vk_code=240 is_down=false injected=false key_class="Passthrough" state_before="Idle" state_after="Idle" decision="PassThrough" physical="Allow" repeat_count=1 last_timestamp_us=75749179 last_elapsed_ms=0
2026-09-21T01:04:50.139107Z DEBUG execute_from_hook: awase_windows::runtime::executor: [relay-passthrough] PassThrough idle: direct OS pass-through (vk=0xf0 up)
2026-09-21T01:04:50.139182Z DEBUG awase::journal: hook ime-mode diagnostic seq=195 elapsed_ms=75743 vk_code=242 is_down=true self_injected=false injected=false scan=112
2026-09-21T01:04:50.139267Z DEBUG awase_windows::runtime::key_pipeline: [engine-input] vk=0xF2 KeyDown ts=75749368us delay=0ms state=Idle mods(c=false s=false a=false w=false) gas_ctrl=false phys_ctrl=false extra=0x5350494B pending_drain=0 gate_active=false l_thumb=None r_thumb=None [diag-ctx] ime_o
2026-09-21T01:04:50.139334Z DEBUG awase::journal: key input seq=196 elapsed_ms=75743 vk_code=242 is_down=true injected=false key_class="Passthrough" state_before="Idle" state_after="Idle" decision="PassThrough" physical="Allow" repeat_count=1 last_timestamp_us=75749368 last_elapsed_ms=0
2026-09-21T01:04:50.139392Z DEBUG awase_windows::runtime::key_pipeline: may_change_ime key passed through → IME refresh scheduled (20ms)
2026-09-21T01:04:50.139441Z  INFO awase_windows::runtime::key_pipeline: [mode-key-follow] mode key PassThrough(vk=0xF2): IME refresh scheduled (20ms)
2026-09-21T01:04:50.139469Z DEBUG awase_windows::tsf::probe: [composition] marked cold reason=F2NonTsf idle=1875ms → next VK/TSF output will send VK_DBE_HIRAGANA warmup
2026-09-21T01:04:50.139560Z DEBUG execute_from_hook: awase_windows::runtime::transport: [relay-defer] PassThrough deferred: pending effects, reinject(vk=0xf2 down)
2026-09-21T01:04:50.139601Z DEBUG awase::journal: gji fsm transition seq=197 elapsed_ms=75743 trigger="CompositionReset(gji_idle_ms=1859)" state_before="OffCold" state_after="OffCold"
2026-09-21T01:04:50.139739Z DEBUG execute_one{generation=None}: awase_windows::runtime::executor: [reinject] vk=0xf0 up (queued passthrough now firing)
2026-09-21T01:04:50.139815Z DEBUG execute_one{generation=None}: awase_windows::runtime::executor: [reinject] vk=0xf2 down (queued passthrough now firing)
2026-09-21T01:04:50.139972Z DEBUG awase_windows::hook: [hook] IME-mode vk=0xF0 up self_injected=true injected=false scan=0x0 extra=0x4B45594D since_actuation_us=Some(75652089)
2026-09-21T01:04:50.140669Z DEBUG awase_windows::hook: [hook] IME-mode vk=0xF2 down self_injected=true injected=true scan=0x0 extra=0x4B45594D since_actuation_us=Some(75652793)
2026-09-21T01:04:50.142096Z DEBUG awase::journal: hook ime-mode diagnostic seq=198 elapsed_ms=75746 vk_code=240 is_down=false self_injected=true injected=false scan=0
2026-09-21T01:04:50.142120Z DEBUG awase::journal: hook ime-mode diagnostic seq=199 elapsed_ms=75746 vk_code=242 is_down=true self_injected=true injected=true scan=0
2026-09-21T01:04:50.154348Z DEBUG awase_windows::tsf::gji_monitor: [gji-io] WRITE: w_ops=+2 w_KB=+0.2 (r_ops=+4 x_ops=+4 x_KB=+0.0)
2026-09-21T01:04:50.172441Z DEBUG awase_windows::runtime::ime_refresh: Skipping observer/SSOT write: typing active (idle=31ms)
2026-09-21T01:04:52.081849Z DEBUG awase_windows::runtime::key_pipeline: [engine-input] vk=0x4B KeyDown ts=77691847us delay=0ms state=Idle mods(c=false s=false a=false w=false) gas_ctrl=false phys_ctrl=false extra=0x5350494B pending_drain=0 gate_active=false l_thumb=None r_thumb=None [diag-ctx] ime_o
2026-09-21T01:04:52.082025Z DEBUG awase::journal: key input seq=200 elapsed_ms=77685 vk_code=75 is_down=true injected=false key_class="Char" state_before="Idle" state_after="Idle" decision="PassThrough" physical="Allow" repeat_count=1 last_timestamp_us=77691847 last_elapsed_ms=0
2026-09-21T01:04:52.082240Z DEBUG execute_one{generation=None}: awase_windows::runtime::executor: [reinject] vk=0x4b down (queued passthrough now firing)
2026-09-21T01:04:52.096492Z DEBUG awase_windows::tsf::gji_monitor: [gji-io] WRITE: w_ops=+2 w_KB=+0.4 (r_ops=+4 x_ops=+4 x_KB=+0.0)
2026-09-21T01:04:52.269491Z DEBUG awase_windows::runtime::key_pipeline: [engine-input] vk=0x4B KeyUp ts=77879350us delay=0ms state=Idle mods(c=false s=false a=false w=false) gas_ctrl=false phys_ctrl=false extra=0x5350494B pending_drain=0 gate_active=false l_thumb=None r_thumb=None [diag-ctx] ime_on=
2026-09-21T01:04:52.269636Z DEBUG awase::journal: key input seq=201 elapsed_ms=77873 vk_code=75 is_down=false injected=false key_class="Char" state_before="Idle" state_after="Idle" decision="PassThrough" physical="Allow" repeat_count=1 last_timestamp_us=77879350 last_elapsed_ms=0
2026-09-21T01:04:52.269957Z DEBUG execute_one{generation=None}: awase_windows::runtime::executor: [reinject] vk=0x4b up (queued passthrough now firing)
2026-09-21T01:04:54.029038Z DEBUG awase_windows::runtime::key_pipeline: [engine-input] vk=0x41 KeyDown ts=79638848us delay=0ms state=Idle mods(c=false s=false a=false w=false) gas_ctrl=false phys_ctrl=false extra=0x5350494B pending_drain=0 gate_active=false l_thumb=None r_thumb=None [diag-ctx] ime_o
2026-09-21T01:04:54.029235Z DEBUG awase::journal: key input seq=202 elapsed_ms=79632 vk_code=65 is_down=true injected=false key_class="Char" state_before="Idle" state_after="Idle" decision="PassThrough" physical="Allow" repeat_count=1 last_timestamp_us=79638848 last_elapsed_ms=0
2026-09-21T01:04:54.029522Z DEBUG execute_one{generation=None}: awase_windows::runtime::executor: [reinject] vk=0x41 down (queued passthrough now firing)
2026-09-21T01:04:54.042014Z DEBUG awase_windows::tsf::gji_monitor: [gji-io] WRITE: w_ops=+2 w_KB=+0.5 (r_ops=+4 x_ops=+4 x_KB=+0.0)
2026-09-21T01:04:54.152775Z DEBUG awase_windows::runtime::key_pipeline: [engine-input] vk=0x41 KeyUp ts=79762674us delay=0ms state=Idle mods(c=false s=false a=false w=false) gas_ctrl=false phys_ctrl=false extra=0x5350494B pending_drain=0 gate_active=false l_thumb=None r_thumb=None [diag-ctx] ime_on=
2026-09-21T01:04:54.152890Z DEBUG awase::journal: key input seq=203 elapsed_ms=79756 vk_code=65 is_down=false injected=false key_class="Char" state_before="Idle" state_after="Idle" decision="PassThrough" physical="Allow" repeat_count=1 last_timestamp_us=79762674 last_elapsed_ms=0
2026-09-21T01:04:54.153086Z DEBUG execute_one{generation=None}: awase_windows::runtime::executor: [reinject] vk=0x41 up (queued passthrough now firing)
2026-09-21T01:04:55.966767Z DEBUG awase_windows::runtime::key_pipeline: [engine-input] vk=0x0D KeyDown ts=81576923us delay=0ms state=Idle mods(c=false s=false a=false w=false) gas_ctrl=false phys_ctrl=false extra=0x5350494B pending_drain=0 gate_active=false l_thumb=None r_thumb=None [diag-ctx] ime_o
2026-09-21T01:04:55.966821Z DEBUG awase::journal: key input seq=204 elapsed_ms=81570 vk_code=13 is_down=true injected=false key_class="Passthrough" state_before="Idle" state_after="Idle" decision="PassThrough" physical="Allow" repeat_count=1 last_timestamp_us=81576923 last_elapsed_ms=0
2026-09-21T01:04:55.966867Z DEBUG execute_from_hook: awase_windows::tsf::probe: [composition] marked cold reason=PassthroughConfirmKey idle=7703ms → next VK/TSF output will send VK_DBE_HIRAGANA warmup
2026-09-21T01:04:55.966876Z DEBUG execute_from_hook: awase_windows::tsf::probe: [mark-send] last_send_ms=44707015
2026-09-21T01:04:55.966898Z DEBUG execute_from_hook: awase_windows::platform: [composition-fsm] EmitWarmup (ConfirmKeyDown)
2026-09-21T01:04:55.966906Z DEBUG execute_from_hook: awase_windows::runtime::executor: [relay-passthrough] PassThrough idle: direct OS pass-through (vk=0x0d down)
2026-09-21T01:04:55.966918Z DEBUG awase::journal: gji fsm transition seq=205 elapsed_ms=81570 trigger="CompositionReset(gji_idle_ms=1922)" state_before="OffCold" state_after="OffCold"
2026-09-21T01:04:55.966943Z DEBUG awase_windows::runtime::executor: [reinject-guard] suspending drain for 50ms (vk=0x0d)
2026-09-21T01:04:56.027569Z DEBUG execute_one{generation=None}: awase_windows::runtime::executor: [reinject] vk=0x0d down (queued passthrough now firing)
2026-09-21T01:04:56.027620Z DEBUG execute_one{generation=None}: awase_windows::platform: [composition] reinject KeyDown vk=0x0d → marking cold + eager warmup
2026-09-21T01:04:56.027640Z DEBUG execute_one{generation=None}: awase_windows::tsf::probe: [composition] marked cold reason=ReinjectConfirmKey idle=63ms → next VK/TSF output will send VK_DBE_HIRAGANA warmup
2026-09-21T01:04:56.027661Z DEBUG execute_one{generation=None}: awase_windows::tsf::probe: [mark-send] last_send_ms=44707078
2026-09-21T01:04:56.030323Z DEBUG awase::journal: gji fsm transition seq=206 elapsed_ms=81631 trigger="CompositionReset(gji_idle_ms=1985)" state_before="OffCold" state_after="OffCold"
2026-09-21T01:04:56.033198Z  INFO awase_windows::tsf::win_event_obs: [gji-obs] candidate HIDE: last_gji_write=1985ms ago
2026-09-21T01:04:56.042467Z DEBUG awase_windows::tsf::gji_monitor: [gji-io] WRITE: w_ops=+2 w_KB=+0.2 (r_ops=+4 x_ops=+4 x_KB=+0.0)
2026-09-21T01:04:56.090643Z DEBUG awase_windows::runtime::key_pipeline: [engine-input] vk=0x0D KeyUp ts=81700909us delay=0ms state=Idle mods(c=false s=false a=false w=false) gas_ctrl=false phys_ctrl=false extra=0x5350494B pending_drain=0 gate_active=false l_thumb=None r_thumb=None [diag-ctx] ime_on=
2026-09-21T01:04:56.090700Z DEBUG awase::journal: key input seq=207 elapsed_ms=81694 vk_code=13 is_down=false injected=false key_class="Passthrough" state_before="Idle" state_after="Idle" decision="PassThrough" physical="Allow" repeat_count=1 last_timestamp_us=81700909 last_elapsed_ms=0
2026-09-21T01:04:56.090753Z DEBUG execute_from_hook: awase_windows::runtime::executor: [relay-passthrough] PassThrough idle: direct OS pass-through (vk=0x0d up)
2026-09-21T01:04:56.090787Z DEBUG execute_one{generation=None}: awase_windows::runtime::executor: [reinject] vk=0x0d up (queued passthrough now firing)
2026-09-21T01:04:57.906370Z DEBUG awase_windows::hook: [hook] IME-mode vk=0xF2 down self_injected=false injected=false scan=0x70 extra=0x5350494B since_actuation_us=Some(83418460)
2026-09-21T01:04:57.907217Z DEBUG awase::journal: hook ime-mode diagnostic seq=208 elapsed_ms=83510 vk_code=242 is_down=true self_injected=false injected=false scan=112
2026-09-21T01:04:57.907708Z DEBUG awase_windows::runtime::key_pipeline: [engine-input] vk=0xF2 KeyDown ts=83517221us delay=0ms state=Idle mods(c=false s=false a=false w=false) gas_ctrl=false phys_ctrl=false extra=0x5350494B pending_drain=0 gate_active=false l_thumb=None r_thumb=None [diag-ctx] ime_o
2026-09-21T01:04:57.907855Z DEBUG awase::journal: key input seq=209 elapsed_ms=83511 vk_code=242 is_down=true injected=false key_class="Passthrough" state_before="Idle" state_after="Idle" decision="PassThrough" physical="Allow" repeat_count=1 last_timestamp_us=83517221 last_elapsed_ms=0
2026-09-21T01:04:57.907962Z DEBUG awase_windows::runtime::key_pipeline: may_change_ime key passed through → IME refresh scheduled (20ms)
2026-09-21T01:04:57.908049Z  INFO awase_windows::runtime::key_pipeline: [mode-key-follow] mode key PassThrough(vk=0xF2): IME refresh scheduled (20ms)
2026-09-21T01:04:57.908099Z DEBUG awase_windows::tsf::probe: [composition] marked cold reason=F2NonTsf idle=1875ms → next VK/TSF output will send VK_DBE_HIRAGANA warmup
2026-09-21T01:04:57.908273Z DEBUG execute_from_hook: awase_windows::runtime::executor: [relay-passthrough] PassThrough idle: direct OS pass-through (vk=0xf2 down)
2026-09-21T01:04:57.908325Z DEBUG awase::journal: gji fsm transition seq=210 elapsed_ms=83511 trigger="CompositionReset(gji_idle_ms=1860)" state_before="OffCold" state_after="OffCold"
2026-09-21T01:04:57.908848Z DEBUG execute_one{generation=None}: awase_windows::runtime::executor: [reinject] vk=0xf2 down (queued passthrough now firing)
2026-09-21T01:04:57.909513Z DEBUG awase_windows::hook: [hook] IME-mode vk=0xF2 down self_injected=true injected=true scan=0x0 extra=0x4B45594D since_actuation_us=Some(83421610)
2026-09-21T01:04:57.911517Z DEBUG awase::journal: hook ime-mode diagnostic seq=211 elapsed_ms=83514 vk_code=242 is_down=true self_injected=true injected=true scan=0
2026-09-21T01:04:57.920062Z DEBUG awase_windows::tsf::gji_monitor: [gji-io] WRITE: w_ops=+2 w_KB=+0.0 (r_ops=+4 x_ops=+4 x_KB=+0.0)
2026-09-21T01:04:57.941249Z DEBUG awase_windows::runtime::ime_refresh: Skipping observer/SSOT write: typing active (idle=31ms)
2026-09-21T01:04:59.846898Z DEBUG awase_windows::hook: [hook] IME-mode vk=0xF0 up self_injected=false injected=false scan=0x70 extra=0x5350494B since_actuation_us=Some(85359004)
2026-09-21T01:04:59.847417Z DEBUG awase_windows::hook: [hook] IME-mode vk=0xF2 down self_injected=false injected=false scan=0x70 extra=0x5350494B since_actuation_us=Some(85359535)
2026-09-21T01:04:59.847570Z DEBUG awase::journal: hook ime-mode diagnostic seq=212 elapsed_ms=85450 vk_code=240 is_down=false self_injected=false injected=false scan=112
2026-09-21T01:04:59.847608Z DEBUG awase::journal: hook ime-mode diagnostic seq=213 elapsed_ms=85450 vk_code=242 is_down=true self_injected=false injected=false scan=112
2026-09-21T01:04:59.847844Z DEBUG awase_windows::runtime::key_pipeline: [engine-input] vk=0xF0 KeyUp ts=85457541us delay=0ms state=Idle mods(c=false s=false a=false w=false) gas_ctrl=false phys_ctrl=false extra=0x5350494B pending_drain=0 gate_active=false l_thumb=None r_thumb=None [diag-ctx] ime_on=
2026-09-21T01:04:59.847940Z DEBUG awase::journal: key input seq=214 elapsed_ms=85451 vk_code=240 is_down=false injected=false key_class="Passthrough" state_before="Idle" state_after="Idle" decision="PassThrough" physical="Allow" repeat_count=1 last_timestamp_us=85457541 last_elapsed_ms=0
2026-09-21T01:04:59.848038Z DEBUG execute_from_hook: awase_windows::runtime::executor: [relay-passthrough] PassThrough idle: direct OS pass-through (vk=0xf0 up)
2026-09-21T01:04:59.849505Z DEBUG execute_one{generation=None}: awase_windows::runtime::executor: [reinject] vk=0xf0 up (queued passthrough now firing)
2026-09-21T01:04:59.849755Z DEBUG awase_windows::runtime::message_handlers: [drain] vk=0xF2 KeyDown
2026-09-21T01:04:59.849769Z DEBUG awase_windows::runtime::message_handlers: [output-drain] replay vk=0xF2 KeyDown event_ts=85458598us now=85460280us delta=1ms
2026-09-21T01:04:59.849834Z DEBUG awase_windows::runtime::key_pipeline: [engine-input] vk=0xF2 KeyDown ts=85458598us delay=1ms state=Idle mods(c=false s=false a=false w=false) gas_ctrl=false phys_ctrl=false extra=0x5350494B pending_drain=0 gate_active=false l_thumb=None r_thumb=None [diag-ctx] ime_o
2026-09-21T01:04:59.849904Z DEBUG awase::journal: key input seq=215 elapsed_ms=85453 vk_code=242 is_down=true injected=false key_class="Passthrough" state_before="Idle" state_after="Idle" decision="PassThrough" physical="Allow" repeat_count=1 last_timestamp_us=85458598 last_elapsed_ms=0
2026-09-21T01:04:59.850036Z DEBUG awase_windows::runtime::key_pipeline: may_change_ime key passed through → IME refresh scheduled (20ms)
2026-09-21T01:04:59.850085Z  INFO awase_windows::runtime::key_pipeline: [mode-key-follow] mode key PassThrough(vk=0xF2): IME refresh scheduled (20ms)
2026-09-21T01:04:59.850116Z DEBUG awase_windows::tsf::probe: [composition] marked cold reason=F2NonTsf idle=3828ms → next VK/TSF output will send VK_DBE_HIRAGANA warmup
2026-09-21T01:04:59.850210Z DEBUG execute_from_hook: awase_windows::runtime::executor: [relay-passthrough] PassThrough idle: direct OS pass-through (vk=0xf2 down)
2026-09-21T01:04:59.850302Z DEBUG awase::journal: gji fsm transition seq=216 elapsed_ms=85453 trigger="CompositionReset(gji_idle_ms=1938)" state_before="OffCold" state_after="OffCold"
2026-09-21T01:04:59.850331Z DEBUG awase_windows::runtime::message_handlers: [output-drain] PassThrough → enqueue ReinjectKey vk=0xF2 KeyDown (drain has no hook→OS path)
2026-09-21T01:04:59.850392Z DEBUG execute_one{generation=None}: awase_windows::runtime::executor: [reinject] vk=0xf2 down (queued passthrough now firing)
2026-09-21T01:04:59.850563Z DEBUG awase_windows::hook: [hook] IME-mode vk=0xF0 up self_injected=true injected=false scan=0x0 extra=0x4B45594D since_actuation_us=Some(85362688)
2026-09-21T01:04:59.851221Z DEBUG awase_windows::hook: [hook] IME-mode vk=0xF2 down self_injected=true injected=true scan=0x0 extra=0x4B45594D since_actuation_us=Some(85363343)
2026-09-21T01:04:59.852468Z DEBUG awase::journal: hook ime-mode diagnostic seq=217 elapsed_ms=85455 vk_code=240 is_down=false self_injected=true injected=false scan=0
2026-09-21T01:04:59.852490Z DEBUG awase::journal: hook ime-mode diagnostic seq=218 elapsed_ms=85455 vk_code=242 is_down=true self_injected=true injected=true scan=0
2026-09-21T01:04:59.861315Z DEBUG awase_windows::tsf::gji_monitor: [gji-io] WRITE: w_ops=+2 w_KB=+0.0 (r_ops=+4 x_ops=+4 x_KB=+0.0)
2026-09-21T01:04:59.898546Z DEBUG awase_windows::runtime::ime_refresh: Skipping observer/SSOT write: typing active (idle=63ms)
2026-09-21T01:05:01.791168Z DEBUG awase_windows::hook: [hook] IME-mode vk=0xF2 down self_injected=false injected=false scan=0x70 extra=0x5350494B since_actuation_us=Some(87303285)
2026-09-21T01:05:01.791515Z DEBUG awase::journal: hook ime-mode diagnostic seq=219 elapsed_ms=87394 vk_code=242 is_down=true self_injected=false injected=false scan=112
2026-09-21T01:05:01.791663Z DEBUG awase_windows::runtime::key_pipeline: [engine-input] vk=0xF2 KeyDown ts=87401758us delay=0ms state=Idle mods(c=false s=false a=false w=false) gas_ctrl=false phys_ctrl=false extra=0x5350494B pending_drain=0 gate_active=false l_thumb=None r_thumb=None [diag-ctx] ime_o
2026-09-21T01:05:01.791717Z DEBUG awase::journal: key input seq=220 elapsed_ms=87394 vk_code=242 is_down=true injected=false key_class="Passthrough" state_before="Idle" state_after="Idle" decision="PassThrough" physical="Allow" repeat_count=1 last_timestamp_us=87401758 last_elapsed_ms=0
2026-09-21T01:05:01.791753Z DEBUG awase_windows::runtime::key_pipeline: may_change_ime key passed through → IME refresh scheduled (20ms)
2026-09-21T01:05:01.791778Z  INFO awase_windows::runtime::key_pipeline: [mode-key-follow] mode key PassThrough(vk=0xF2): IME refresh scheduled (20ms)
2026-09-21T01:05:01.791794Z DEBUG awase_windows::tsf::probe: [composition] marked cold reason=F2NonTsf idle=5765ms → next VK/TSF output will send VK_DBE_HIRAGANA warmup
2026-09-21T01:05:01.791848Z DEBUG execute_from_hook: awase_windows::runtime::executor: [relay-passthrough] PassThrough idle: direct OS pass-through (vk=0xf2 down)
2026-09-21T01:05:01.791862Z DEBUG awase::journal: gji fsm transition seq=221 elapsed_ms=87394 trigger="CompositionReset(gji_idle_ms=1937)" state_before="OffCold" state_after="OffCold"
2026-09-21T01:05:01.791898Z DEBUG execute_one{generation=None}: awase_windows::runtime::executor: [reinject] vk=0xf2 down (queued passthrough now firing)
2026-09-21T01:05:01.792251Z DEBUG awase_windows::hook: [hook] IME-mode vk=0xF2 down self_injected=true injected=true scan=0x0 extra=0x4B45594D since_actuation_us=Some(87304368)
2026-09-21T01:05:01.793631Z DEBUG awase::journal: hook ime-mode diagnostic seq=222 elapsed_ms=87396 vk_code=242 is_down=true self_injected=true injected=true scan=0
2026-09-21T01:05:01.806323Z DEBUG awase_windows::tsf::gji_monitor: [gji-io] WRITE: w_ops=+2 w_KB=+0.0 (r_ops=+4 x_ops=+4 x_KB=+0.0)
2026-09-21T01:05:01.825674Z DEBUG awase_windows::runtime::ime_refresh: Skipping observer/SSOT write: typing active (idle=32ms)
2026-09-21T01:05:03.729164Z DEBUG awase_windows::runtime::key_pipeline: [engine-input] vk=0x4B KeyDown ts=89338639us delay=1ms state=Idle mods(c=false s=false a=false w=false) gas_ctrl=false phys_ctrl=false extra=0x5350494B pending_drain=0 gate_active=false l_thumb=None r_thumb=None [diag-ctx] ime_o
2026-09-21T01:05:03.729351Z DEBUG awase::journal: key input seq=223 elapsed_ms=89332 vk_code=75 is_down=true injected=false key_class="Char" state_before="Idle" state_after="Idle" decision="PassThrough" physical="Allow" repeat_count=1 last_timestamp_us=89338639 last_elapsed_ms=0
2026-09-21T01:05:03.729692Z DEBUG execute_one{generation=None}: awase_windows::runtime::executor: [reinject] vk=0x4b down (queued passthrough now firing)
2026-09-21T01:05:03.742517Z DEBUG awase_windows::tsf::gji_monitor: [gji-io] WRITE: w_ops=+2 w_KB=+0.4 (r_ops=+4 x_ops=+4 x_KB=+0.0)
2026-09-21T01:05:03.742799Z  INFO awase_windows::tsf::win_event_obs: [gji-obs] candidate SHOW #6: last_gji_write=0ms ago
2026-09-21T01:05:03.853175Z DEBUG awase_windows::runtime::key_pipeline: [engine-input] vk=0x4B KeyUp ts=89463302us delay=0ms state=Idle mods(c=false s=false a=false w=false) gas_ctrl=false phys_ctrl=false extra=0x5350494B pending_drain=0 gate_active=false l_thumb=None r_thumb=None [diag-ctx] ime_on=
2026-09-21T01:05:03.853280Z DEBUG awase::journal: key input seq=224 elapsed_ms=89456 vk_code=75 is_down=false injected=false key_class="Char" state_before="Idle" state_after="Idle" decision="PassThrough" physical="Allow" repeat_count=1 last_timestamp_us=89463302 last_elapsed_ms=0
2026-09-21T01:05:03.853426Z DEBUG execute_one{generation=None}: awase_windows::runtime::executor: [reinject] vk=0x4b up (queued passthrough now firing)
2026-09-21T01:05:03.855095Z DEBUG awase_windows::platform: [gji-fsm] StartComposition (candidate SHOW)
2026-09-21T01:05:03.855124Z  WARN gji_on_event{event=StartComposition}: awase_windows::tsf::gji_fsm: [gji-fsm] StartComposition while engine off — ignored
2026-09-21T01:05:03.855227Z DEBUG awase::journal: gji fsm transition seq=225 elapsed_ms=89457 trigger="StartComposition(candidate SHOW)" state_before="OffCold" state_after="OffCold"
2026-09-21T01:05:05.673326Z DEBUG awase_windows::runtime::key_pipeline: [engine-input] vk=0x41 KeyDown ts=91283337us delay=0ms state=Idle mods(c=false s=false a=false w=false) gas_ctrl=false phys_ctrl=false extra=0x5350494B pending_drain=0 gate_active=false l_thumb=None r_thumb=None [diag-ctx] ime_o
2026-09-21T01:05:05.673508Z DEBUG awase::journal: key input seq=226 elapsed_ms=91276 vk_code=65 is_down=true injected=false key_class="Char" state_before="Idle" state_after="Idle" decision="PassThrough" physical="Allow" repeat_count=1 last_timestamp_us=91283337 last_elapsed_ms=0
2026-09-21T01:05:05.673804Z DEBUG execute_one{generation=None}: awase_windows::runtime::executor: [reinject] vk=0x41 down (queued passthrough now firing)
2026-09-21T01:05:05.685911Z DEBUG awase_windows::tsf::gji_monitor: [gji-io] WRITE: w_ops=+2 w_KB=+0.7 (r_ops=+4 x_ops=+4 x_KB=+0.0)
2026-09-21T01:05:05.796708Z DEBUG awase_windows::runtime::key_pipeline: [engine-input] vk=0x41 KeyUp ts=91406803us delay=0ms state=Idle mods(c=false s=false a=false w=false) gas_ctrl=false phys_ctrl=false extra=0x5350494B pending_drain=0 gate_active=false l_thumb=None r_thumb=None [diag-ctx] ime_on=
2026-09-21T01:05:05.797063Z DEBUG awase::journal: key input seq=227 elapsed_ms=91399 vk_code=65 is_down=false injected=false key_class="Char" state_before="Idle" state_after="Idle" decision="PassThrough" physical="Allow" repeat_count=1 last_timestamp_us=91406803 last_elapsed_ms=0
2026-09-21T01:05:05.797464Z DEBUG execute_one{generation=None}: awase_windows::runtime::executor: [reinject] vk=0x41 up (queued passthrough now firing)
2026-09-21T01:05:07.614741Z DEBUG awase_windows::runtime::key_pipeline: [engine-input] vk=0x1B KeyDown ts=93225032us delay=0ms state=Idle mods(c=false s=false a=false w=false) gas_ctrl=false phys_ctrl=false extra=0x5350494B pending_drain=0 gate_active=false l_thumb=None r_thumb=None [diag-ctx] ime_o
2026-09-21T01:05:07.614810Z DEBUG awase::journal: key input seq=228 elapsed_ms=93217 vk_code=27 is_down=true injected=false key_class="Passthrough" state_before="Idle" state_after="Idle" decision="PassThrough" physical="Allow" repeat_count=1 last_timestamp_us=93225032 last_elapsed_ms=0
2026-09-21T01:05:07.614876Z DEBUG execute_from_hook: awase_windows::tsf::probe: [composition] marked cold reason=PassthroughConfirmKey idle=11593ms → next VK/TSF output will send VK_DBE_HIRAGANA warmup
2026-09-21T01:05:07.614890Z DEBUG execute_from_hook: awase_windows::tsf::probe: [mark-send] last_send_ms=44718671
2026-09-21T01:05:07.614922Z DEBUG execute_from_hook: awase_windows::platform: [composition-fsm] EmitWarmup (ConfirmKeyDown)
2026-09-21T01:05:07.614934Z DEBUG execute_from_hook: awase_windows::runtime::executor: [relay-passthrough] PassThrough idle: direct OS pass-through (vk=0x1b down)
2026-09-21T01:05:07.614951Z DEBUG awase::journal: gji fsm transition seq=229 elapsed_ms=93217 trigger="CompositionReset(gji_idle_ms=1937)" state_before="OffCold" state_after="OffCold"
2026-09-21T01:05:07.614982Z DEBUG awase_windows::runtime::executor: [reinject-guard] suspending drain for 50ms (vk=0x1b)
2026-09-21T01:05:07.690813Z DEBUG execute_one{generation=None}: awase_windows::runtime::executor: [reinject] vk=0x1b down (queued passthrough now firing)
2026-09-21T01:05:07.690895Z DEBUG execute_one{generation=None}: awase_windows::platform: [composition] reinject KeyDown vk=0x1b → marking cold + eager warmup
2026-09-21T01:05:07.690921Z DEBUG execute_one{generation=None}: awase_windows::tsf::probe: [composition] marked cold reason=ReinjectConfirmKey idle=63ms → next VK/TSF output will send VK_DBE_HIRAGANA warmup
2026-09-21T01:05:07.690948Z DEBUG execute_one{generation=None}: awase_windows::tsf::probe: [mark-send] last_send_ms=44718734
2026-09-21T01:05:07.692515Z DEBUG awase::journal: gji fsm transition seq=230 elapsed_ms=93293 trigger="CompositionReset(gji_idle_ms=2000)" state_before="OffCold" state_after="OffCold"
2026-09-21T01:05:07.697931Z  INFO awase_windows::tsf::win_event_obs: [gji-obs] candidate HIDE: last_gji_write=2016ms ago
2026-09-21T01:05:07.705678Z DEBUG awase_windows::tsf::gji_monitor: [gji-io] WRITE: w_ops=+2 w_KB=+0.4 (r_ops=+4 x_ops=+4 x_KB=+0.0)
2026-09-21T01:05:07.738884Z DEBUG awase_windows::runtime::key_pipeline: [engine-input] vk=0x1B KeyUp ts=93348513us delay=0ms state=Idle mods(c=false s=false a=false w=false) gas_ctrl=false phys_ctrl=false extra=0x5350494B pending_drain=0 gate_active=false l_thumb=None r_thumb=None [diag-ctx] ime_on=
2026-09-21T01:05:07.739001Z DEBUG awase::journal: key input seq=231 elapsed_ms=93341 vk_code=27 is_down=false injected=false key_class="Passthrough" state_before="Idle" state_after="Idle" decision="PassThrough" physical="Allow" repeat_count=1 last_timestamp_us=93348513 last_elapsed_ms=0
2026-09-21T01:05:07.739120Z DEBUG execute_from_hook: awase_windows::runtime::transport: [relay-defer] PassThrough deferred: output in-flight (47ms ago), reinject(vk=0x1b up)
2026-09-21T01:05:07.739236Z DEBUG execute_one{generation=None}: awase_windows::runtime::executor: [reinject] vk=0x1b up (queued passthrough now firing)
2026-09-21T01:05:09.538606Z DEBUG awase_windows::runtime::key_pipeline: [engine-input] vk=0x4B KeyDown ts=95148775us delay=0ms state=Idle mods(c=false s=false a=false w=false) gas_ctrl=false phys_ctrl=false extra=0x5350494B pending_drain=0 gate_active=false l_thumb=None r_thumb=None [diag-ctx] ime_o
2026-09-21T01:05:09.538691Z DEBUG awase::journal: key input seq=232 elapsed_ms=95140 vk_code=75 is_down=true injected=false key_class="Char" state_before="Idle" state_after="Idle" decision="PassThrough" physical="Allow" repeat_count=1 last_timestamp_us=95148775 last_elapsed_ms=0
2026-09-21T01:05:09.538935Z DEBUG execute_one{generation=None}: awase_windows::runtime::executor: [reinject] vk=0x4b down (queued passthrough now firing)
2026-09-21T01:05:09.547988Z  INFO awase_windows::tsf::win_event_obs: [gji-obs] candidate SHOW #7: last_gji_write=1843ms ago
2026-09-21T01:05:09.552686Z DEBUG awase_windows::tsf::gji_monitor: [gji-io] WRITE: w_ops=+2 w_KB=+0.4 (r_ops=+4 x_ops=+4 x_KB=+0.0)
2026-09-21T01:05:09.662639Z DEBUG awase_windows::runtime::key_pipeline: [engine-input] vk=0x4B KeyUp ts=95272962us delay=0ms state=Idle mods(c=false s=false a=false w=false) gas_ctrl=false phys_ctrl=false extra=0x5350494B pending_drain=0 gate_active=false l_thumb=None r_thumb=None [diag-ctx] ime_on=
2026-09-21T01:05:09.662710Z DEBUG awase::journal: key input seq=233 elapsed_ms=95264 vk_code=75 is_down=false injected=false key_class="Char" state_before="Idle" state_after="Idle" decision="PassThrough" physical="Allow" repeat_count=1 last_timestamp_us=95272962 last_elapsed_ms=0
2026-09-21T01:05:09.662802Z DEBUG execute_one{generation=None}: awase_windows::runtime::executor: [reinject] vk=0x4b up (queued passthrough now firing)
2026-09-21T01:05:09.664883Z DEBUG awase_windows::platform: [gji-fsm] StartComposition (candidate SHOW)
2026-09-21T01:05:09.664903Z  WARN gji_on_event{event=StartComposition}: awase_windows::tsf::gji_fsm: [gji-fsm] StartComposition while engine off — ignored
2026-09-21T01:05:09.664979Z DEBUG awase::journal: gji fsm transition seq=234 elapsed_ms=95267 trigger="StartComposition(candidate SHOW)" state_before="OffCold" state_after="OffCold"
2026-09-21T01:05:11.478899Z DEBUG awase_windows::hook: [hook] IME-mode vk=0xF0 up self_injected=false injected=false scan=0x70 extra=0x5350494B since_actuation_us=Some(96991000)
2026-09-21T01:05:11.479322Z DEBUG awase::journal: hook ime-mode diagnostic seq=235 elapsed_ms=97081 vk_code=240 is_down=false self_injected=false injected=false scan=112
2026-09-21T01:05:11.479476Z DEBUG awase_windows::hook: [hook] IME-mode vk=0xF2 down self_injected=false injected=false scan=0x70 extra=0x5350494B since_actuation_us=Some(96991586)
2026-09-21T01:05:11.479586Z DEBUG awase_windows::runtime::key_pipeline: [engine-input] vk=0xF0 KeyUp ts=97089560us delay=0ms state=Idle mods(c=false s=false a=false w=false) gas_ctrl=false phys_ctrl=false extra=0x5350494B pending_drain=0 gate_active=false l_thumb=None r_thumb=None [diag-ctx] ime_on=
2026-09-21T01:05:11.479958Z DEBUG awase::journal: key input seq=236 elapsed_ms=97082 vk_code=240 is_down=false injected=false key_class="Passthrough" state_before="Idle" state_after="Idle" decision="PassThrough" physical="Allow" repeat_count=1 last_timestamp_us=97089560 last_elapsed_ms=0
2026-09-21T01:05:11.480082Z DEBUG execute_from_hook: awase_windows::runtime::executor: [relay-passthrough] PassThrough idle: direct OS pass-through (vk=0xf0 up)
2026-09-21T01:05:11.480161Z DEBUG awase::journal: hook ime-mode diagnostic seq=237 elapsed_ms=97082 vk_code=242 is_down=true self_injected=false injected=false scan=112
2026-09-21T01:05:11.480292Z DEBUG awase_windows::runtime::key_pipeline: [engine-input] vk=0xF2 KeyDown ts=97090327us delay=0ms state=Idle mods(c=false s=false a=false w=false) gas_ctrl=false phys_ctrl=false extra=0x5350494B pending_drain=0 gate_active=false l_thumb=None r_thumb=None [diag-ctx] ime_o
2026-09-21T01:05:11.480365Z DEBUG awase::journal: key input seq=238 elapsed_ms=97082 vk_code=242 is_down=true injected=false key_class="Passthrough" state_before="Idle" state_after="Idle" decision="PassThrough" physical="Allow" repeat_count=1 last_timestamp_us=97090327 last_elapsed_ms=0
2026-09-21T01:05:11.480417Z DEBUG awase_windows::runtime::key_pipeline: may_change_ime key passed through → IME refresh scheduled (20ms)
2026-09-21T01:05:11.480459Z  INFO awase_windows::runtime::key_pipeline: [mode-key-follow] mode key PassThrough(vk=0xF2): IME refresh scheduled (20ms)
2026-09-21T01:05:11.480485Z DEBUG awase_windows::tsf::probe: [composition] marked cold reason=F2NonTsf idle=3797ms → next VK/TSF output will send VK_DBE_HIRAGANA warmup
2026-09-21T01:05:11.480579Z DEBUG execute_from_hook: awase_windows::runtime::transport: [relay-defer] PassThrough deferred: pending effects, reinject(vk=0xf2 down)
2026-09-21T01:05:11.480614Z DEBUG awase::journal: gji fsm transition seq=239 elapsed_ms=97082 trigger="CompositionReset(gji_idle_ms=1922)" state_before="OffCold" state_after="OffCold"
2026-09-21T01:05:11.480654Z DEBUG execute_one{generation=None}: awase_windows::runtime::executor: [reinject] vk=0xf0 up (queued passthrough now firing)
2026-09-21T01:05:11.480696Z DEBUG execute_one{generation=None}: awase_windows::runtime::executor: [reinject] vk=0xf2 down (queued passthrough now firing)
2026-09-21T01:05:11.481105Z DEBUG awase_windows::hook: [hook] IME-mode vk=0xF0 up self_injected=true injected=false scan=0x0 extra=0x4B45594D since_actuation_us=Some(96993223)
2026-09-21T01:05:11.482821Z DEBUG awase_windows::hook: [hook] IME-mode vk=0xF2 down self_injected=true injected=true scan=0x0 extra=0x4B45594D since_actuation_us=Some(96994942)
2026-09-21T01:05:11.483985Z DEBUG awase::journal: hook ime-mode diagnostic seq=240 elapsed_ms=97086 vk_code=240 is_down=false self_injected=true injected=false scan=0
2026-09-21T01:05:11.484007Z DEBUG awase::journal: hook ime-mode diagnostic seq=241 elapsed_ms=97086 vk_code=242 is_down=true self_injected=true injected=true scan=0
2026-09-21T01:05:11.494648Z DEBUG awase_windows::tsf::gji_monitor: [gji-io] WRITE: w_ops=+2 w_KB=+0.7 (r_ops=+4 x_ops=+4 x_KB=+0.0)
2026-09-21T01:05:11.516313Z DEBUG awase_windows::runtime::ime_refresh: Skipping observer/SSOT write: typing active (idle=31ms)
2026-09-21T01:05:13.423900Z DEBUG awase_windows::runtime::key_pipeline: [engine-input] vk=0x1D KeyDown ts=99034085us delay=0ms state=Idle mods(c=false s=false a=false w=false) gas_ctrl=false phys_ctrl=false extra=0x5350494B pending_drain=0 gate_active=false l_thumb=Some(99034072) r_thumb=None [diag-
2026-09-21T01:05:13.423987Z DEBUG awase::journal: key input seq=242 elapsed_ms=99025 vk_code=29 is_down=true injected=false key_class="LeftThumb" state_before="Idle" state_after="Idle" decision="PassThrough" physical="Allow" repeat_count=1 last_timestamp_us=99034085 last_elapsed_ms=0
2026-09-21T01:05:13.424052Z  INFO awase_windows::runtime::key_pipeline: [mode-key-follow] mode key PassThrough(vk=0x1D): IME refresh scheduled (20ms)
2026-09-21T01:05:13.424114Z DEBUG execute_one{generation=None}: awase_windows::runtime::executor: [reinject] vk=0x1d down (queued passthrough now firing)
2026-09-21T01:05:13.438686Z DEBUG awase_windows::tsf::gji_monitor: [gji-io] WRITE: w_ops=+2 w_KB=+0.7 (r_ops=+4 x_ops=+4 x_KB=+0.0)
2026-09-21T01:05:13.457355Z DEBUG awase_windows::runtime::ime_refresh: Skipping observer/SSOT write: typing active (idle=32ms)
2026-09-21T01:05:13.548802Z DEBUG awase_windows::runtime::key_pipeline: [engine-input] vk=0x1D KeyUp ts=99158799us delay=0ms state=Idle mods(c=false s=false a=false w=false) gas_ctrl=false phys_ctrl=false extra=0x5350494B pending_drain=0 gate_active=false l_thumb=None r_thumb=None [diag-ctx] ime_on=
2026-09-21T01:05:13.548892Z DEBUG awase::journal: key input seq=243 elapsed_ms=99150 vk_code=29 is_down=false injected=false key_class="LeftThumb" state_before="Idle" state_after="Idle" decision="PassThrough" physical="Allow" repeat_count=1 last_timestamp_us=99158799 last_elapsed_ms=0
2026-09-21T01:05:13.549033Z DEBUG execute_one{generation=None}: awase_windows::runtime::executor: [reinject] vk=0x1d up (queued passthrough now firing)
2026-09-21T01:05:15.362310Z DEBUG awase_windows::runtime::key_pipeline: [engine-input] vk=0x41 KeyDown ts=100971598us delay=1ms state=Idle mods(c=false s=false a=false w=false) gas_ctrl=false phys_ctrl=false extra=0x5350494B pending_drain=0 gate_active=false l_thumb=None r_thumb=None [diag-ctx] ime_
2026-09-21T01:05:15.362462Z DEBUG awase::journal: key input seq=244 elapsed_ms=100964 vk_code=65 is_down=true injected=false key_class="Char" state_before="Idle" state_after="Idle" decision="PassThrough" physical="Allow" repeat_count=1 last_timestamp_us=100971598 last_elapsed_ms=0
2026-09-21T01:05:15.362652Z DEBUG execute_one{generation=None}: awase_windows::runtime::executor: [reinject] vk=0x41 down (queued passthrough now firing)
2026-09-21T01:05:15.374441Z DEBUG awase_windows::tsf::gji_monitor: [gji-io] WRITE: w_ops=+2 w_KB=+0.7 (r_ops=+4 x_ops=+4 x_KB=+0.0)
2026-09-21T01:05:15.486183Z DEBUG awase_windows::runtime::key_pipeline: [engine-input] vk=0x41 KeyUp ts=101096452us delay=0ms state=Idle mods(c=false s=false a=false w=false) gas_ctrl=false phys_ctrl=false extra=0x5350494B pending_drain=0 gate_active=false l_thumb=None r_thumb=None [diag-ctx] ime_on
2026-09-21T01:05:15.486229Z DEBUG awase::journal: key input seq=245 elapsed_ms=101087 vk_code=65 is_down=false injected=false key_class="Char" state_before="Idle" state_after="Idle" decision="PassThrough" physical="Allow" repeat_count=1 last_timestamp_us=101096452 last_elapsed_ms=0
2026-09-21T01:05:15.486296Z DEBUG execute_one{generation=None}: awase_windows::runtime::executor: [reinject] vk=0x41 up (queued passthrough now firing)
2026-09-21T01:05:17.271003Z DEBUG awase_windows::runtime::key_pipeline: [engine-input] vk=0x0D KeyDown ts=102881119us delay=0ms state=Idle mods(c=false s=false a=false w=false) gas_ctrl=false phys_ctrl=false extra=0x5350494B pending_drain=0 gate_active=false l_thumb=None r_thumb=None [diag-ctx] ime_
2026-09-21T01:05:17.271113Z DEBUG awase::journal: key input seq=246 elapsed_ms=102872 vk_code=13 is_down=true injected=false key_class="Passthrough" state_before="Idle" state_after="Idle" decision="PassThrough" physical="Allow" repeat_count=1 last_timestamp_us=102881119 last_elapsed_ms=0
2026-09-21T01:05:17.271214Z DEBUG execute_from_hook: awase_windows::tsf::probe: [composition] marked cold reason=PassthroughConfirmKey idle=9594ms → next VK/TSF output will send VK_DBE_HIRAGANA warmup
2026-09-21T01:05:17.271236Z DEBUG execute_from_hook: awase_windows::tsf::probe: [mark-send] last_send_ms=44728328
2026-09-21T01:05:17.271288Z DEBUG execute_from_hook: awase_windows::platform: [composition-fsm] EmitWarmup (ConfirmKeyDown)
2026-09-21T01:05:17.271306Z DEBUG execute_from_hook: awase_windows::runtime::executor: [relay-passthrough] PassThrough idle: direct OS pass-through (vk=0x0d down)
2026-09-21T01:05:17.271332Z DEBUG awase::journal: gji fsm transition seq=247 elapsed_ms=102872 trigger="CompositionReset(gji_idle_ms=1907)" state_before="OffCold" state_after="OffCold"
2026-09-21T01:05:17.271395Z DEBUG awase_windows::runtime::executor: [reinject-guard] suspending drain for 50ms (vk=0x0d)
2026-09-21T01:05:17.333202Z DEBUG execute_one{generation=None}: awase_windows::runtime::executor: [reinject] vk=0x0d down (queued passthrough now firing)
2026-09-21T01:05:17.333269Z DEBUG execute_one{generation=None}: awase_windows::platform: [composition] reinject KeyDown vk=0x0d → marking cold + eager warmup
2026-09-21T01:05:17.333288Z DEBUG execute_one{generation=None}: awase_windows::tsf::probe: [composition] marked cold reason=ReinjectConfirmKey idle=62ms → next VK/TSF output will send VK_DBE_HIRAGANA warmup
2026-09-21T01:05:17.333308Z DEBUG execute_one{generation=None}: awase_windows::tsf::probe: [mark-send] last_send_ms=44728390
2026-09-21T01:05:17.335482Z DEBUG awase::journal: gji fsm transition seq=248 elapsed_ms=102934 trigger="CompositionReset(gji_idle_ms=1969)" state_before="OffCold" state_after="OffCold"
2026-09-21T01:05:17.346030Z  INFO awase_windows::tsf::win_event_obs: [gji-obs] candidate HIDE: last_gji_write=1969ms ago
2026-09-21T01:05:17.349728Z DEBUG awase_windows::tsf::gji_monitor: [gji-io] WRITE: w_ops=+2 w_KB=+0.4 (r_ops=+4 x_ops=+4 x_KB=+0.0)
2026-09-21T01:05:17.415989Z DEBUG awase_windows::runtime::key_pipeline: [engine-input] vk=0x0D KeyUp ts=103025213us delay=1ms state=Idle mods(c=false s=false a=false w=false) gas_ctrl=false phys_ctrl=false extra=0x5350494B pending_drain=0 gate_active=false l_thumb=None r_thumb=None [diag-ctx] ime_on
2026-09-21T01:05:17.416083Z DEBUG awase::journal: key input seq=249 elapsed_ms=103017 vk_code=13 is_down=false injected=false key_class="Passthrough" state_before="Idle" state_after="Idle" decision="PassThrough" physical="Allow" repeat_count=1 last_timestamp_us=103025213 last_elapsed_ms=0
2026-09-21T01:05:17.416165Z DEBUG execute_from_hook: awase_windows::runtime::executor: [relay-passthrough] PassThrough idle: direct OS pass-through (vk=0x0d up)
2026-09-21T01:05:17.416228Z DEBUG execute_one{generation=None}: awase_windows::runtime::executor: [reinject] vk=0x0d up (queued passthrough now firing)
2026-09-21T01:05:19.232543Z DEBUG awase_windows::runtime::key_pipeline: [engine-input] vk=0x4B KeyDown ts=104842681us delay=0ms state=Idle mods(c=false s=false a=false w=false) gas_ctrl=false phys_ctrl=false extra=0x5350494B pending_drain=0 gate_active=false l_thumb=None r_thumb=None [diag-ctx] ime_
2026-09-21T01:05:19.232612Z DEBUG awase::journal: key input seq=250 elapsed_ms=104834 vk_code=75 is_down=true injected=false key_class="Char" state_before="Idle" state_after="Idle" decision="PassThrough" physical="Allow" repeat_count=1 last_timestamp_us=104842681 last_elapsed_ms=0
2026-09-21T01:05:19.232699Z DEBUG execute_one{generation=None}: awase_windows::runtime::executor: [reinject] vk=0x4b down (queued passthrough now firing)
2026-09-21T01:05:19.240356Z  INFO awase_windows::tsf::win_event_obs: [gji-obs] candidate SHOW #8: last_gji_write=1890ms ago
2026-09-21T01:05:19.246834Z DEBUG awase_windows::tsf::gji_monitor: [gji-io] WRITE: w_ops=+2 w_KB=+0.4 (r_ops=+4 x_ops=+4 x_KB=+0.0)
2026-09-21T01:05:19.359346Z DEBUG awase_windows::runtime::key_pipeline: [engine-input] vk=0x4B KeyUp ts=104969386us delay=0ms state=Idle mods(c=false s=false a=false w=false) gas_ctrl=false phys_ctrl=false extra=0x5350494B pending_drain=0 gate_active=false l_thumb=None r_thumb=None [diag-ctx] ime_on
2026-09-21T01:05:19.359429Z DEBUG awase::journal: key input seq=251 elapsed_ms=104960 vk_code=75 is_down=false injected=false key_class="Char" state_before="Idle" state_after="Idle" decision="PassThrough" physical="Allow" repeat_count=1 last_timestamp_us=104969386 last_elapsed_ms=0
2026-09-21T01:05:19.359560Z DEBUG execute_one{generation=None}: awase_windows::runtime::executor: [reinject] vk=0x4b up (queued passthrough now firing)
2026-09-21T01:05:19.361399Z DEBUG awase_windows::platform: [gji-fsm] StartComposition (candidate SHOW)
2026-09-21T01:05:19.361420Z  WARN gji_on_event{event=StartComposition}: awase_windows::tsf::gji_fsm: [gji-fsm] StartComposition while engine off — ignored
2026-09-21T01:05:19.361506Z DEBUG awase::journal: gji fsm transition seq=252 elapsed_ms=104962 trigger="StartComposition(candidate SHOW)" state_before="OffCold" state_after="OffCold"
2026-09-21T01:05:21.167895Z DEBUG awase_windows::runtime::key_pipeline: [engine-input] vk=0x41 KeyDown ts=106778162us delay=0ms state=Idle mods(c=false s=false a=false w=false) gas_ctrl=false phys_ctrl=false extra=0x5350494B pending_drain=0 gate_active=false l_thumb=None r_thumb=None [diag-ctx] ime_
2026-09-21T01:05:21.167994Z DEBUG awase::journal: key input seq=253 elapsed_ms=106769 vk_code=65 is_down=true injected=false key_class="Char" state_before="Idle" state_after="Idle" decision="PassThrough" physical="Allow" repeat_count=1 last_timestamp_us=106778162 last_elapsed_ms=0
2026-09-21T01:05:21.168115Z DEBUG execute_one{generation=None}: awase_windows::runtime::executor: [reinject] vk=0x41 down (queued passthrough now firing)
2026-09-21T01:05:21.182596Z DEBUG awase_windows::tsf::gji_monitor: [gji-io] WRITE: w_ops=+2 w_KB=+0.7 (r_ops=+4 x_ops=+4 x_KB=+0.0)
2026-09-21T01:05:21.292046Z DEBUG awase_windows::runtime::key_pipeline: [engine-input] vk=0x41 KeyUp ts=106902291us delay=0ms state=Idle mods(c=false s=false a=false w=false) gas_ctrl=false phys_ctrl=false extra=0x5350494B pending_drain=0 gate_active=false l_thumb=None r_thumb=None [diag-ctx] ime_on
2026-09-21T01:05:21.292094Z DEBUG awase::journal: key input seq=254 elapsed_ms=106893 vk_code=65 is_down=false injected=false key_class="Char" state_before="Idle" state_after="Idle" decision="PassThrough" physical="Allow" repeat_count=1 last_timestamp_us=106902291 last_elapsed_ms=0
2026-09-21T01:05:21.292167Z DEBUG execute_one{generation=None}: awase_windows::runtime::executor: [reinject] vk=0x41 up (queued passthrough now firing)
2026-09-21T01:05:23.110547Z DEBUG awase_windows::runtime::key_pipeline: [engine-input] vk=0x1B KeyDown ts=108720811us delay=0ms state=Idle mods(c=false s=false a=false w=false) gas_ctrl=false phys_ctrl=false extra=0x5350494B pending_drain=0 gate_active=false l_thumb=None r_thumb=None [diag-ctx] ime_
2026-09-21T01:05:23.110643Z DEBUG awase::journal: key input seq=255 elapsed_ms=108711 vk_code=27 is_down=true injected=false key_class="Passthrough" state_before="Idle" state_after="Idle" decision="PassThrough" physical="Allow" repeat_count=1 last_timestamp_us=108720811 last_elapsed_ms=0
2026-09-21T01:05:23.110739Z DEBUG execute_from_hook: awase_windows::tsf::probe: [composition] marked cold reason=PassthroughConfirmKey idle=5766ms → next VK/TSF output will send VK_DBE_HIRAGANA warmup
2026-09-21T01:05:23.110763Z DEBUG execute_from_hook: awase_windows::tsf::probe: [mark-send] last_send_ms=44734156
2026-09-21T01:05:23.110818Z DEBUG execute_from_hook: awase_windows::platform: [composition-fsm] EmitWarmup (ConfirmKeyDown)
2026-09-21T01:05:23.110840Z DEBUG execute_from_hook: awase_windows::runtime::executor: [relay-passthrough] PassThrough idle: direct OS pass-through (vk=0x1b down)
2026-09-21T01:05:23.110868Z DEBUG awase::journal: gji fsm transition seq=256 elapsed_ms=108711 trigger="CompositionReset(gji_idle_ms=1922)" state_before="OffCold" state_after="OffCold"
2026-09-21T01:05:23.110919Z DEBUG awase_windows::runtime::executor: [reinject-guard] suspending drain for 50ms (vk=0x1b)
2026-09-21T01:05:23.172829Z DEBUG execute_one{generation=None}: awase_windows::runtime::executor: [reinject] vk=0x1b down (queued passthrough now firing)
2026-09-21T01:05:23.172904Z DEBUG execute_one{generation=None}: awase_windows::platform: [composition] reinject KeyDown vk=0x1b → marking cold + eager warmup
2026-09-21T01:05:23.172914Z DEBUG execute_one{generation=None}: awase_windows::tsf::probe: [composition] marked cold reason=ReinjectConfirmKey idle=62ms → next VK/TSF output will send VK_DBE_HIRAGANA warmup
2026-09-21T01:05:23.172924Z DEBUG execute_one{generation=None}: awase_windows::tsf::probe: [mark-send] last_send_ms=44734218
2026-09-21T01:05:23.175601Z DEBUG awase::journal: gji fsm transition seq=257 elapsed_ms=108774 trigger="CompositionReset(gji_idle_ms=1984)" state_before="OffCold" state_after="OffCold"
2026-09-21T01:05:23.178817Z  INFO awase_windows::tsf::win_event_obs: [gji-obs] candidate HIDE: last_gji_write=2000ms ago
2026-09-21T01:05:23.188410Z DEBUG awase_windows::tsf::gji_monitor: [gji-io] WRITE: w_ops=+2 w_KB=+0.4 (r_ops=+4 x_ops=+4 x_KB=+0.0)
2026-09-21T01:05:23.241082Z DEBUG awase_windows::runtime::key_pipeline: [engine-input] vk=0x1B KeyUp ts=108849937us delay=1ms state=Idle mods(c=false s=false a=false w=false) gas_ctrl=false phys_ctrl=false extra=0x5350494B pending_drain=0 gate_active=false l_thumb=None r_thumb=None [diag-ctx] ime_on
2026-09-21T01:05:23.241198Z DEBUG awase::journal: key input seq=258 elapsed_ms=108842 vk_code=27 is_down=false injected=false key_class="Passthrough" state_before="Idle" state_after="Idle" decision="PassThrough" physical="Allow" repeat_count=1 last_timestamp_us=108849937 last_elapsed_ms=0
2026-09-21T01:05:23.241306Z DEBUG execute_from_hook: awase_windows::runtime::executor: [relay-passthrough] PassThrough idle: direct OS pass-through (vk=0x1b up)
2026-09-21T01:05:23.241376Z DEBUG execute_one{generation=None}: awase_windows::runtime::executor: [reinject] vk=0x1b up (queued passthrough now firing)
2026-09-21T01:05:25.043319Z DEBUG awase_windows::hook: [hook] IME-mode vk=0xF0 up self_injected=false injected=false scan=0x70 extra=0x5350494B since_actuation_us=Some(110555414)
2026-09-21T01:05:25.043679Z DEBUG awase_windows::hook: [hook] IME-mode vk=0xF2 down self_injected=false injected=false scan=0x70 extra=0x5350494B since_actuation_us=Some(110555802)
2026-09-21T01:05:25.045525Z DEBUG awase::journal: hook ime-mode diagnostic seq=259 elapsed_ms=110646 vk_code=240 is_down=false self_injected=false injected=false scan=112
2026-09-21T01:05:25.045574Z DEBUG awase::journal: hook ime-mode diagnostic seq=260 elapsed_ms=110646 vk_code=242 is_down=true self_injected=false injected=false scan=112
2026-09-21T01:05:25.045824Z DEBUG awase_windows::runtime::key_pipeline: [engine-input] vk=0xF0 KeyUp ts=110653997us delay=2ms state=Idle mods(c=false s=false a=false w=false) gas_ctrl=false phys_ctrl=false extra=0x5350494B pending_drain=0 gate_active=false l_thumb=None r_thumb=None [diag-ctx] ime_on
2026-09-21T01:05:25.045919Z DEBUG awase::journal: key input seq=261 elapsed_ms=110646 vk_code=240 is_down=false injected=false key_class="Passthrough" state_before="Idle" state_after="Idle" decision="PassThrough" physical="Allow" repeat_count=1 last_timestamp_us=110653997 last_elapsed_ms=0
2026-09-21T01:05:25.046015Z DEBUG execute_from_hook: awase_windows::runtime::executor: [relay-passthrough] PassThrough idle: direct OS pass-through (vk=0xf0 up)
2026-09-21T01:05:25.046109Z DEBUG awase_windows::runtime::key_pipeline: [engine-input] vk=0xF2 KeyDown ts=110654248us delay=2ms state=Idle mods(c=false s=false a=false w=false) gas_ctrl=false phys_ctrl=false extra=0x5350494B pending_drain=0 gate_active=false l_thumb=None r_thumb=None [diag-ctx] ime_
2026-09-21T01:05:25.046176Z DEBUG awase::journal: key input seq=262 elapsed_ms=110647 vk_code=242 is_down=true injected=false key_class="Passthrough" state_before="Idle" state_after="Idle" decision="PassThrough" physical="Allow" repeat_count=1 last_timestamp_us=110654248 last_elapsed_ms=0
2026-09-21T01:05:25.046241Z DEBUG awase_windows::runtime::key_pipeline: may_change_ime key passed through → IME refresh scheduled (20ms)
2026-09-21T01:05:25.046291Z  INFO awase_windows::runtime::key_pipeline: [mode-key-follow] mode key PassThrough(vk=0xF2): IME refresh scheduled (20ms)
2026-09-21T01:05:25.046323Z DEBUG awase_windows::tsf::probe: [composition] marked cold reason=F2NonTsf idle=1875ms → next VK/TSF output will send VK_DBE_HIRAGANA warmup
2026-09-21T01:05:25.046413Z DEBUG execute_from_hook: awase_windows::runtime::transport: [relay-defer] PassThrough deferred: pending effects, reinject(vk=0xf2 down)
2026-09-21T01:05:25.046452Z DEBUG awase::journal: gji fsm transition seq=263 elapsed_ms=110647 trigger="CompositionReset(gji_idle_ms=1859)" state_before="OffCold" state_after="OffCold"
2026-09-21T01:05:25.046504Z DEBUG execute_one{generation=None}: awase_windows::runtime::executor: [reinject] vk=0xf0 up (queued passthrough now firing)
2026-09-21T01:05:25.046552Z DEBUG execute_one{generation=None}: awase_windows::runtime::executor: [reinject] vk=0xf2 down (queued passthrough now firing)
2026-09-21T01:05:25.046923Z DEBUG awase_windows::hook: [hook] IME-mode vk=0xF0 up self_injected=true injected=false scan=0x0 extra=0x4B45594D since_actuation_us=Some(110559038)
2026-09-21T01:05:25.048582Z DEBUG awase_windows::hook: [hook] IME-mode vk=0xF2 down self_injected=true injected=true scan=0x0 extra=0x4B45594D since_actuation_us=Some(110560701)
2026-09-21T01:05:25.050292Z DEBUG awase::journal: hook ime-mode diagnostic seq=264 elapsed_ms=110651 vk_code=240 is_down=false self_injected=true injected=false scan=0
2026-09-21T01:05:25.050323Z DEBUG awase::journal: hook ime-mode diagnostic seq=265 elapsed_ms=110651 vk_code=242 is_down=true self_injected=true injected=true scan=0
2026-09-21T01:05:25.057522Z DEBUG awase_windows::tsf::gji_monitor: [gji-io] WRITE: w_ops=+2 w_KB=+0.0 (r_ops=+4 x_ops=+4 x_KB=+0.0)
2026-09-21T01:05:25.080076Z DEBUG awase_windows::runtime::ime_refresh: Skipping observer/SSOT write: typing active (idle=32ms)
2026-09-21T01:05:26.974836Z DEBUG awase_windows::hook: [hook] IME-mode vk=0xF2 down self_injected=false injected=false scan=0x70 extra=0x5350494B since_actuation_us=Some(112486949)
2026-09-21T01:05:26.975066Z DEBUG awase::journal: hook ime-mode diagnostic seq=266 elapsed_ms=112575 vk_code=242 is_down=true self_injected=false injected=false scan=112
2026-09-21T01:05:26.975228Z DEBUG awase_windows::runtime::key_pipeline: [engine-input] vk=0xF2 KeyDown ts=112585416us delay=0ms state=Idle mods(c=false s=false a=false w=false) gas_ctrl=false phys_ctrl=false extra=0x5350494B pending_drain=0 gate_active=false l_thumb=None r_thumb=None [diag-ctx] ime_
2026-09-21T01:05:26.975275Z DEBUG awase::journal: key input seq=267 elapsed_ms=112576 vk_code=242 is_down=true injected=false key_class="Passthrough" state_before="Idle" state_after="Idle" decision="PassThrough" physical="Allow" repeat_count=1 last_timestamp_us=112585416 last_elapsed_ms=0
2026-09-21T01:05:26.975303Z DEBUG awase_windows::runtime::key_pipeline: may_change_ime key passed through → IME refresh scheduled (20ms)
2026-09-21T01:05:26.975322Z  INFO awase_windows::runtime::key_pipeline: [mode-key-follow] mode key PassThrough(vk=0xF2): IME refresh scheduled (20ms)
2026-09-21T01:05:26.975334Z DEBUG awase_windows::tsf::probe: [composition] marked cold reason=F2NonTsf idle=3813ms → next VK/TSF output will send VK_DBE_HIRAGANA warmup
2026-09-21T01:05:26.975374Z DEBUG execute_from_hook: awase_windows::runtime::executor: [relay-passthrough] PassThrough idle: direct OS pass-through (vk=0xf2 down)
2026-09-21T01:05:26.975384Z DEBUG awase::journal: gji fsm transition seq=268 elapsed_ms=112576 trigger="CompositionReset(gji_idle_ms=1922)" state_before="OffCold" state_after="OffCold"
2026-09-21T01:05:26.975409Z DEBUG execute_one{generation=None}: awase_windows::runtime::executor: [reinject] vk=0xf2 down (queued passthrough now firing)
2026-09-21T01:05:26.975697Z DEBUG awase_windows::hook: [hook] IME-mode vk=0xF2 down self_injected=true injected=true scan=0x0 extra=0x4B45594D since_actuation_us=Some(112487823)
2026-09-21T01:05:26.976786Z DEBUG awase::journal: hook ime-mode diagnostic seq=269 elapsed_ms=112577 vk_code=242 is_down=true self_injected=true injected=true scan=0
2026-09-21T01:05:26.989970Z DEBUG awase_windows::tsf::gji_monitor: [gji-io] WRITE: w_ops=+2 w_KB=+0.0 (r_ops=+4 x_ops=+4 x_KB=+0.0)
2026-09-21T01:05:27.007266Z DEBUG awase_windows::runtime::ime_refresh: Skipping observer/SSOT write: typing active (idle=31ms)
2026-09-21T01:05:28.886352Z DEBUG awase_windows::runtime::key_pipeline: [engine-input] vk=0x1D KeyDown ts=114496331us delay=0ms state=Idle mods(c=false s=false a=false w=false) gas_ctrl=false phys_ctrl=false extra=0x5350494B pending_drain=0 gate_active=false l_thumb=Some(114496313) r_thumb=None [dia
2026-09-21T01:05:28.886492Z DEBUG awase::journal: key input seq=270 elapsed_ms=114487 vk_code=29 is_down=true injected=false key_class="LeftThumb" state_before="Idle" state_after="Idle" decision="PassThrough" physical="Allow" repeat_count=1 last_timestamp_us=114496331 last_elapsed_ms=0
2026-09-21T01:05:28.886595Z  INFO awase_windows::runtime::key_pipeline: [mode-key-follow] mode key PassThrough(vk=0x1D): IME refresh scheduled (20ms)
2026-09-21T01:05:28.886720Z DEBUG execute_one{generation=None}: awase_windows::runtime::executor: [reinject] vk=0x1d down (queued passthrough now firing)
2026-09-21T01:05:28.900382Z DEBUG awase_windows::tsf::gji_monitor: [gji-io] WRITE: w_ops=+2 w_KB=+0.0 (r_ops=+4 x_ops=+4 x_KB=+0.0)
2026-09-21T01:05:28.919448Z DEBUG awase_windows::runtime::ime_refresh: Skipping observer/SSOT write: typing active (idle=31ms)
2026-09-21T01:05:29.012628Z DEBUG awase_windows::runtime::key_pipeline: [engine-input] vk=0x1D KeyUp ts=114621371us delay=1ms state=Idle mods(c=false s=false a=false w=false) gas_ctrl=false phys_ctrl=false extra=0x5350494B pending_drain=0 gate_active=false l_thumb=None r_thumb=None [diag-ctx] ime_on
2026-09-21T01:05:29.012746Z DEBUG awase::journal: key input seq=271 elapsed_ms=114613 vk_code=29 is_down=false injected=false key_class="LeftThumb" state_before="Idle" state_after="Idle" decision="PassThrough" physical="Allow" repeat_count=1 last_timestamp_us=114621371 last_elapsed_ms=0
2026-09-21T01:05:29.012914Z DEBUG execute_one{generation=None}: awase_windows::runtime::executor: [reinject] vk=0x1d up (queued passthrough now firing)
2026-09-21T01:05:30.823811Z DEBUG awase_windows::runtime::key_pipeline: [engine-input] vk=0x4B KeyDown ts=116432546us delay=1ms state=Idle mods(c=false s=false a=false w=false) gas_ctrl=false phys_ctrl=false extra=0x5350494B pending_drain=0 gate_active=false l_thumb=None r_thumb=None [diag-ctx] ime_
2026-09-21T01:05:30.823953Z DEBUG awase::journal: key input seq=272 elapsed_ms=116424 vk_code=75 is_down=true injected=false key_class="Char" state_before="Idle" state_after="Idle" decision="PassThrough" physical="Allow" repeat_count=1 last_timestamp_us=116432546 last_elapsed_ms=0
2026-09-21T01:05:30.824184Z DEBUG execute_one{generation=None}: awase_windows::runtime::executor: [reinject] vk=0x4b down (queued passthrough now firing)
2026-09-21T01:05:30.946296Z DEBUG awase_windows::runtime::key_pipeline: [engine-input] vk=0x4B KeyUp ts=116556326us delay=0ms state=Idle mods(c=false s=false a=false w=false) gas_ctrl=false phys_ctrl=false extra=0x5350494B pending_drain=0 gate_active=false l_thumb=None r_thumb=None [diag-ctx] ime_on
2026-09-21T01:05:30.946393Z DEBUG awase::journal: key input seq=273 elapsed_ms=116546 vk_code=75 is_down=false injected=false key_class="Char" state_before="Idle" state_after="Idle" decision="PassThrough" physical="Allow" repeat_count=1 last_timestamp_us=116556326 last_elapsed_ms=0
2026-09-21T01:05:30.946521Z DEBUG execute_one{generation=None}: awase_windows::runtime::executor: [reinject] vk=0x4b up (queued passthrough now firing)
2026-09-21T01:05:32.758087Z DEBUG awase_windows::hook: [hook] IME-mode vk=0xF0 up self_injected=false injected=false scan=0x70 extra=0x5350494B since_actuation_us=Some(118270202)
2026-09-21T01:05:32.758335Z DEBUG awase::journal: hook ime-mode diagnostic seq=274 elapsed_ms=118358 vk_code=240 is_down=false self_injected=false injected=false scan=112
2026-09-21T01:05:32.758481Z DEBUG awase_windows::hook: [hook] IME-mode vk=0xF2 down self_injected=false injected=false scan=0x70 extra=0x5350494B since_actuation_us=Some(118270604)
2026-09-21T01:05:32.758503Z DEBUG awase_windows::runtime::key_pipeline: [engine-input] vk=0xF0 KeyUp ts=118368685us delay=0ms state=Idle mods(c=false s=false a=false w=false) gas_ctrl=false phys_ctrl=false extra=0x5350494B pending_drain=0 gate_active=false l_thumb=None r_thumb=None [diag-ctx] ime_on
2026-09-21T01:05:32.758587Z DEBUG awase::journal: key input seq=275 elapsed_ms=118358 vk_code=240 is_down=false injected=false key_class="Passthrough" state_before="Idle" state_after="Idle" decision="PassThrough" physical="Allow" repeat_count=1 last_timestamp_us=118368685 last_elapsed_ms=0
2026-09-21T01:05:32.758641Z DEBUG execute_from_hook: awase_windows::runtime::executor: [relay-passthrough] PassThrough idle: direct OS pass-through (vk=0xf0 up)
2026-09-21T01:05:32.758681Z DEBUG awase::journal: hook ime-mode diagnostic seq=276 elapsed_ms=118358 vk_code=242 is_down=true self_injected=false injected=false scan=112
2026-09-21T01:05:32.758746Z DEBUG awase_windows::runtime::key_pipeline: [engine-input] vk=0xF2 KeyDown ts=118369037us delay=0ms state=Idle mods(c=false s=false a=false w=false) gas_ctrl=false phys_ctrl=false extra=0x5350494B pending_drain=0 gate_active=false l_thumb=None r_thumb=None [diag-ctx] ime_
2026-09-21T01:05:32.758783Z DEBUG awase::journal: key input seq=277 elapsed_ms=118359 vk_code=242 is_down=true injected=false key_class="Passthrough" state_before="Idle" state_after="Idle" decision="PassThrough" physical="Allow" repeat_count=1 last_timestamp_us=118369037 last_elapsed_ms=0
2026-09-21T01:05:32.758815Z DEBUG awase_windows::runtime::key_pipeline: may_change_ime key passed through → IME refresh scheduled (20ms)
2026-09-21T01:05:32.758841Z  INFO awase_windows::runtime::key_pipeline: [mode-key-follow] mode key PassThrough(vk=0xF2): IME refresh scheduled (20ms)
2026-09-21T01:05:32.758856Z DEBUG awase_windows::tsf::probe: [composition] marked cold reason=F2NonTsf idle=9594ms → next VK/TSF output will send VK_DBE_HIRAGANA warmup
2026-09-21T01:05:32.758901Z DEBUG execute_from_hook: awase_windows::runtime::transport: [relay-defer] PassThrough deferred: pending effects, reinject(vk=0xf2 down)
2026-09-21T01:05:32.758920Z DEBUG awase::journal: gji fsm transition seq=278 elapsed_ms=118359 trigger="CompositionReset(gji_idle_ms=3859)" state_before="OffCold" state_after="OffCold"
2026-09-21T01:05:32.758941Z DEBUG execute_one{generation=None}: awase_windows::runtime::executor: [reinject] vk=0xf0 up (queued passthrough now firing)
2026-09-21T01:05:32.758968Z DEBUG execute_one{generation=None}: awase_windows::runtime::executor: [reinject] vk=0xf2 down (queued passthrough now firing)
2026-09-21T01:05:32.759326Z DEBUG awase_windows::hook: [hook] IME-mode vk=0xF0 up self_injected=true injected=false scan=0x0 extra=0x4B45594D since_actuation_us=Some(118271450)
2026-09-21T01:05:32.760207Z DEBUG awase_windows::hook: [hook] IME-mode vk=0xF2 down self_injected=true injected=true scan=0x0 extra=0x4B45594D since_actuation_us=Some(118272330)
2026-09-21T01:05:32.761471Z DEBUG awase::journal: hook ime-mode diagnostic seq=279 elapsed_ms=118361 vk_code=240 is_down=false self_injected=true injected=false scan=0
2026-09-21T01:05:32.761493Z DEBUG awase::journal: hook ime-mode diagnostic seq=280 elapsed_ms=118361 vk_code=242 is_down=true self_injected=true injected=true scan=0
2026-09-21T01:05:32.791599Z DEBUG awase_windows::runtime::ime_refresh: Skipping observer/SSOT write: typing active (idle=31ms)
2026-09-21T01:05:34.713290Z DEBUG awase_windows::runtime::key_pipeline: [engine-input] vk=0x41 KeyDown ts=120322600us delay=1ms state=Idle mods(c=false s=false a=false w=false) gas_ctrl=false phys_ctrl=false extra=0x5350494B pending_drain=0 gate_active=false l_thumb=None r_thumb=None [diag-ctx] ime_
2026-09-21T01:05:34.713429Z DEBUG awase::journal: key input seq=281 elapsed_ms=120313 vk_code=65 is_down=true injected=false key_class="Char" state_before="Idle" state_after="Idle" decision="PassThrough" physical="Allow" repeat_count=1 last_timestamp_us=120322600 last_elapsed_ms=0
2026-09-21T01:05:34.713606Z DEBUG execute_one{generation=None}: awase_windows::runtime::executor: [reinject] vk=0x41 down (queued passthrough now firing)
2026-09-21T01:05:34.837529Z DEBUG awase_windows::runtime::key_pipeline: [engine-input] vk=0x41 KeyUp ts=120447378us delay=0ms state=Idle mods(c=false s=false a=false w=false) gas_ctrl=false phys_ctrl=false extra=0x5350494B pending_drain=0 gate_active=false l_thumb=None r_thumb=None [diag-ctx] ime_on
2026-09-21T01:05:34.837778Z DEBUG awase::journal: key input seq=282 elapsed_ms=120437 vk_code=65 is_down=false injected=false key_class="Char" state_before="Idle" state_after="Idle" decision="PassThrough" physical="Allow" repeat_count=1 last_timestamp_us=120447378 last_elapsed_ms=0
2026-09-21T01:05:34.838208Z DEBUG execute_one{generation=None}: awase_windows::runtime::executor: [reinject] vk=0x41 up (queued passthrough now firing)
2026-09-21T01:05:36.648621Z DEBUG awase_windows::runtime::key_pipeline: [engine-input] vk=0x1D KeyDown ts=122258865us delay=0ms state=Idle mods(c=false s=false a=false w=false) gas_ctrl=false phys_ctrl=false extra=0x5350494B pending_drain=0 gate_active=false l_thumb=Some(122258851) r_thumb=None [dia
2026-09-21T01:05:36.648738Z DEBUG awase::journal: key input seq=283 elapsed_ms=122248 vk_code=29 is_down=true injected=false key_class="LeftThumb" state_before="Idle" state_after="Idle" decision="PassThrough" physical="Allow" repeat_count=1 last_timestamp_us=122258865 last_elapsed_ms=0
2026-09-21T01:05:36.648849Z  INFO awase_windows::runtime::key_pipeline: [mode-key-follow] mode key PassThrough(vk=0x1D): IME refresh scheduled (20ms)
2026-09-21T01:05:36.649052Z DEBUG execute_one{generation=None}: awase_windows::runtime::executor: [reinject] vk=0x1d down (queued passthrough now firing)
2026-09-21T01:05:36.663558Z DEBUG awase_windows::tsf::gji_monitor: [gji-io] WRITE: w_ops=+2 w_KB=+0.0 (r_ops=+4 x_ops=+4 x_KB=+0.0)
2026-09-21T01:05:36.683875Z DEBUG awase_windows::runtime::ime_refresh: Skipping observer/SSOT write: typing active (idle=31ms)
2026-09-21T01:05:36.774425Z DEBUG awase_windows::runtime::key_pipeline: [engine-input] vk=0x1D KeyUp ts=122384553us delay=0ms state=Idle mods(c=false s=false a=false w=false) gas_ctrl=false phys_ctrl=false extra=0x5350494B pending_drain=0 gate_active=false l_thumb=None r_thumb=None [diag-ctx] ime_on
2026-09-21T01:05:36.774572Z DEBUG awase::journal: key input seq=284 elapsed_ms=122374 vk_code=29 is_down=false injected=false key_class="LeftThumb" state_before="Idle" state_after="Idle" decision="PassThrough" physical="Allow" repeat_count=1 last_timestamp_us=122384553 last_elapsed_ms=0
2026-09-21T01:05:36.774769Z DEBUG execute_one{generation=None}: awase_windows::runtime::executor: [reinject] vk=0x1d up (queued passthrough now firing)
2026-09-21T01:05:38.588241Z DEBUG awase_windows::runtime::key_pipeline: [engine-input] vk=0x0D KeyDown ts=124198330us delay=0ms state=Idle mods(c=false s=false a=false w=false) gas_ctrl=false phys_ctrl=false extra=0x5350494B pending_drain=0 gate_active=false l_thumb=None r_thumb=None [diag-ctx] ime_
2026-09-21T01:05:38.588331Z DEBUG awase::journal: key input seq=285 elapsed_ms=124188 vk_code=13 is_down=true injected=false key_class="Passthrough" state_before="Idle" state_after="Idle" decision="PassThrough" physical="Allow" repeat_count=1 last_timestamp_us=124198330 last_elapsed_ms=0
2026-09-21T01:05:38.588420Z DEBUG execute_from_hook: awase_windows::tsf::probe: [composition] marked cold reason=PassthroughConfirmKey idle=15422ms → next VK/TSF output will send VK_DBE_HIRAGANA warmup
2026-09-21T01:05:38.588442Z DEBUG execute_from_hook: awase_windows::tsf::probe: [mark-send] last_send_ms=44749640
2026-09-21T01:05:38.588509Z DEBUG execute_from_hook: awase_windows::platform: [composition-fsm] EmitWarmup (ConfirmKeyDown)
2026-09-21T01:05:38.588530Z DEBUG execute_from_hook: awase_windows::runtime::executor: [relay-passthrough] PassThrough idle: direct OS pass-through (vk=0x0d down)
2026-09-21T01:05:38.588556Z DEBUG awase::journal: gji fsm transition seq=286 elapsed_ms=124188 trigger="CompositionReset(gji_idle_ms=1922)" state_before="OffCold" state_after="OffCold"
2026-09-21T01:05:38.588602Z DEBUG awase_windows::runtime::executor: [reinject-guard] suspending drain for 50ms (vk=0x0d)
2026-09-21T01:05:38.650020Z DEBUG execute_one{generation=None}: awase_windows::runtime::executor: [reinject] vk=0x0d down (queued passthrough now firing)
2026-09-21T01:05:38.650071Z DEBUG execute_one{generation=None}: awase_windows::platform: [composition] reinject KeyDown vk=0x0d → marking cold + eager warmup
2026-09-21T01:05:38.650083Z DEBUG execute_one{generation=None}: awase_windows::tsf::probe: [composition] marked cold reason=ReinjectConfirmKey idle=63ms → next VK/TSF output will send VK_DBE_HIRAGANA warmup
2026-09-21T01:05:38.650095Z DEBUG execute_one{generation=None}: awase_windows::tsf::probe: [mark-send] last_send_ms=44749703
2026-09-21T01:05:38.652206Z DEBUG awase::journal: gji fsm transition seq=287 elapsed_ms=124249 trigger="CompositionReset(gji_idle_ms=1985)" state_before="OffCold" state_after="OffCold"
2026-09-21T01:05:38.665635Z DEBUG awase_windows::tsf::gji_monitor: [gji-io] WRITE: w_ops=+1 w_KB=+0.0 (r_ops=+2 x_ops=+2 x_KB=+0.0)
2026-09-21T01:05:38.714891Z DEBUG awase_windows::runtime::key_pipeline: [engine-input] vk=0x0D KeyUp ts=124324979us delay=0ms state=Idle mods(c=false s=false a=false w=false) gas_ctrl=false phys_ctrl=false extra=0x5350494B pending_drain=0 gate_active=false l_thumb=None r_thumb=None [diag-ctx] ime_on
2026-09-21T01:05:38.714950Z DEBUG awase::journal: key input seq=288 elapsed_ms=124314 vk_code=13 is_down=false injected=false key_class="Passthrough" state_before="Idle" state_after="Idle" decision="PassThrough" physical="Allow" repeat_count=1 last_timestamp_us=124324979 last_elapsed_ms=0
2026-09-21T01:05:38.714999Z DEBUG execute_from_hook: awase_windows::runtime::executor: [relay-passthrough] PassThrough idle: direct OS pass-through (vk=0x0d up)
2026-09-21T01:05:38.715033Z DEBUG execute_one{generation=None}: awase_windows::runtime::executor: [reinject] vk=0x0d up (queued passthrough now firing)
2026-09-21T01:05:40.526286Z DEBUG awase_windows::hook: [hook] IME-mode vk=0xF3 up self_injected=false injected=false scan=0x29 extra=0x5350494B since_actuation_us=Some(126038395)
2026-09-21T01:05:40.526456Z DEBUG awase::journal: hook ime-mode diagnostic seq=289 elapsed_ms=126125 vk_code=243 is_down=false self_injected=false injected=false scan=41
2026-09-21T01:05:40.526583Z DEBUG awase_windows::hook: [hook] IME-mode vk=0xF4 down self_injected=false injected=false scan=0x29 extra=0x5350494B since_actuation_us=Some(126038697)
2026-09-21T01:05:40.526638Z DEBUG awase_windows::runtime::key_pipeline: [engine-input] vk=0xF3 KeyUp ts=126136910us delay=0ms state=Idle mods(c=false s=false a=false w=false) gas_ctrl=false phys_ctrl=false extra=0x5350494B pending_drain=0 gate_active=false l_thumb=None r_thumb=None [diag-ctx] ime_on
2026-09-21T01:05:40.526769Z DEBUG awase::journal: key input seq=290 elapsed_ms=126126 vk_code=243 is_down=false injected=false key_class="Passthrough" state_before="Idle" state_after="Idle" decision="PassThrough" physical="Allow" repeat_count=1 last_timestamp_us=126136910 last_elapsed_ms=0
2026-09-21T01:05:40.526829Z DEBUG execute_from_hook: awase_windows::runtime::transport: [relay-sym] PassThrough KeyUp vk=0xf3: KeyDown was deferred → force reinject for symmetry
2026-09-21T01:05:40.526907Z DEBUG awase::journal: hook ime-mode diagnostic seq=291 elapsed_ms=126126 vk_code=244 is_down=true self_injected=false injected=false scan=41
2026-09-21T01:05:40.526993Z DEBUG awase_windows::runtime::key_pipeline: [engine-input] vk=0xF4 KeyDown ts=126137192us delay=0ms state=Idle mods(c=false s=false a=false w=false) gas_ctrl=false phys_ctrl=false extra=0x5350494B pending_drain=0 gate_active=false l_thumb=None r_thumb=None [diag-ctx] ime_
2026-09-21T01:05:40.527062Z DEBUG awase::journal: key input seq=292 elapsed_ms=126126 vk_code=244 is_down=true injected=false key_class="Passthrough" state_before="Idle" state_after="Idle" decision="PassThrough" physical="Allow" repeat_count=1 last_timestamp_us=126137192 last_elapsed_ms=0
2026-09-21T01:05:40.527120Z DEBUG awase_windows::runtime::key_pipeline: may_change_ime key passed through → IME refresh scheduled (20ms)
2026-09-21T01:05:40.527169Z  INFO awase_windows::runtime::key_pipeline: [mode-key-follow] mode key PassThrough(vk=0xF4): IME refresh scheduled (20ms)
2026-09-21T01:05:40.527247Z DEBUG execute_from_hook: awase_windows::runtime::transport: [relay-defer] PassThrough deferred: pending effects, reinject(vk=0xf4 down)
2026-09-21T01:05:40.527319Z DEBUG execute_one{generation=None}: awase_windows::runtime::executor: [reinject] vk=0xf3 up (queued passthrough now firing)
2026-09-21T01:05:40.527379Z DEBUG execute_one{generation=None}: awase_windows::runtime::executor: [reinject] vk=0xf4 down (queued passthrough now firing)
2026-09-21T01:05:40.527895Z DEBUG awase_windows::hook: [hook] IME-mode vk=0xF4 down self_injected=true injected=true scan=0x0 extra=0x4B45594D since_actuation_us=Some(126040017)
2026-09-21T01:05:40.529883Z DEBUG awase::journal: hook ime-mode diagnostic seq=293 elapsed_ms=126129 vk_code=244 is_down=true self_injected=true injected=true scan=0
2026-09-21T01:05:40.541430Z DEBUG awase_windows::tsf::gji_monitor: [gji-io] WRITE: w_ops=+2 w_KB=+0.0 (r_ops=+4 x_ops=+4 x_KB=+0.0)
2026-09-21T01:05:40.562349Z DEBUG awase_windows::runtime::ime_refresh: Skipping observer/SSOT write: typing active (idle=31ms)
2026-09-21T01:05:42.464342Z DEBUG awase_windows::runtime::key_pipeline: [engine-input] vk=0x1B KeyDown ts=128074511us delay=0ms state=Idle mods(c=false s=false a=false w=false) gas_ctrl=false phys_ctrl=false extra=0x5350494B pending_drain=0 gate_active=false l_thumb=None r_thumb=None [diag-ctx] ime_
2026-09-21T01:05:42.464462Z DEBUG awase::journal: key input seq=294 elapsed_ms=128063 vk_code=27 is_down=true injected=false key_class="Passthrough" state_before="Idle" state_after="Idle" decision="PassThrough" physical="Allow" repeat_count=1 last_timestamp_us=128074511 last_elapsed_ms=0
2026-09-21T01:05:42.464558Z DEBUG execute_from_hook: awase_windows::tsf::probe: [composition] marked cold reason=PassthroughConfirmKey idle=3812ms → next VK/TSF output will send VK_DBE_HIRAGANA warmup
2026-09-21T01:05:42.464579Z DEBUG execute_from_hook: awase_windows::tsf::probe: [mark-send] last_send_ms=44753515
2026-09-21T01:05:42.464625Z DEBUG execute_from_hook: awase_windows::platform: [composition-fsm] EmitWarmup (ConfirmKeyDown)
2026-09-21T01:05:42.464643Z DEBUG execute_from_hook: awase_windows::runtime::executor: [relay-passthrough] PassThrough idle: direct OS pass-through (vk=0x1b down)
2026-09-21T01:05:42.464735Z DEBUG awase::journal: gji fsm transition seq=295 elapsed_ms=128063 trigger="CompositionReset(gji_idle_ms=1922)" state_before="OffCold" state_after="OffCold"
2026-09-21T01:05:42.464793Z DEBUG awase_windows::runtime::executor: [reinject-guard] suspending drain for 50ms (vk=0x1b)
2026-09-21T01:05:42.525712Z DEBUG execute_one{generation=None}: awase_windows::runtime::executor: [reinject] vk=0x1b down (queued passthrough now firing)
2026-09-21T01:05:42.525780Z DEBUG execute_one{generation=None}: awase_windows::platform: [composition] reinject KeyDown vk=0x1b → marking cold + eager warmup
2026-09-21T01:05:42.525807Z DEBUG execute_one{generation=None}: awase_windows::tsf::probe: [composition] marked cold reason=ReinjectConfirmKey idle=63ms → next VK/TSF output will send VK_DBE_HIRAGANA warmup
2026-09-21T01:05:42.525828Z DEBUG execute_one{generation=None}: awase_windows::tsf::probe: [mark-send] last_send_ms=44753578
2026-09-21T01:05:42.529907Z DEBUG awase::journal: gji fsm transition seq=296 elapsed_ms=128125 trigger="CompositionReset(gji_idle_ms=1985)" state_before="OffCold" state_after="OffCold"
2026-09-21T01:05:42.594713Z DEBUG awase_windows::runtime::key_pipeline: [engine-input] vk=0x1B KeyUp ts=128202556us delay=2ms state=Idle mods(c=false s=false a=false w=false) gas_ctrl=false phys_ctrl=false extra=0x5350494B pending_drain=0 gate_active=false l_thumb=None r_thumb=None [diag-ctx] ime_on
2026-09-21T01:05:42.595327Z DEBUG awase::journal: key input seq=297 elapsed_ms=128194 vk_code=27 is_down=false injected=false key_class="Passthrough" state_before="Idle" state_after="Idle" decision="PassThrough" physical="Allow" repeat_count=1 last_timestamp_us=128202556 last_elapsed_ms=0
2026-09-21T01:05:42.595436Z DEBUG execute_from_hook: awase_windows::runtime::executor: [relay-passthrough] PassThrough idle: direct OS pass-through (vk=0x1b up)
2026-09-21T01:05:42.595749Z DEBUG execute_one{generation=None}: awase_windows::runtime::executor: [reinject] vk=0x1b up (queued passthrough now firing)
2026-09-21T01:05:44.397542Z DEBUG awase_windows::runtime::key_pipeline: [engine-input] vk=0x0D KeyDown ts=130007588us delay=0ms state=Idle mods(c=false s=false a=false w=false) gas_ctrl=false phys_ctrl=false extra=0x5350494B pending_drain=0 gate_active=false l_thumb=None r_thumb=None [diag-ctx] ime_
2026-09-21T01:05:44.397592Z DEBUG awase::journal: key input seq=298 elapsed_ms=129996 vk_code=13 is_down=true injected=false key_class="Passthrough" state_before="Idle" state_after="Idle" decision="PassThrough" physical="Allow" repeat_count=1 last_timestamp_us=130007588 last_elapsed_ms=0
2026-09-21T01:05:44.397636Z DEBUG execute_from_hook: awase_windows::tsf::probe: [composition] marked cold reason=PassthroughConfirmKey idle=1875ms → next VK/TSF output will send VK_DBE_HIRAGANA warmup
2026-09-21T01:05:44.397645Z DEBUG execute_from_hook: awase_windows::tsf::probe: [mark-send] last_send_ms=44755453
2026-09-21T01:05:44.397667Z DEBUG execute_from_hook: awase_windows::platform: [composition-fsm] EmitWarmup (ConfirmKeyDown)
2026-09-21T01:05:44.397675Z DEBUG execute_from_hook: awase_windows::runtime::executor: [relay-passthrough] PassThrough idle: direct OS pass-through (vk=0x0d down)
2026-09-21T01:05:44.397685Z DEBUG awase::journal: gji fsm transition seq=299 elapsed_ms=129996 trigger="CompositionReset(gji_idle_ms=3860)" state_before="OffCold" state_after="OffCold"
2026-09-21T01:05:44.397711Z DEBUG awase_windows::runtime::executor: [reinject-guard] suspending drain for 50ms (vk=0x0d)
2026-09-21T01:05:44.459170Z DEBUG execute_one{generation=None}: awase_windows::runtime::executor: [reinject] vk=0x0d down (queued passthrough now firing)
2026-09-21T01:05:44.459215Z DEBUG execute_one{generation=None}: awase_windows::platform: [composition] reinject KeyDown vk=0x0d → marking cold + eager warmup
2026-09-21T01:05:44.459228Z DEBUG execute_one{generation=None}: awase_windows::tsf::probe: [composition] marked cold reason=ReinjectConfirmKey idle=62ms → next VK/TSF output will send VK_DBE_HIRAGANA warmup
2026-09-21T01:05:44.459242Z DEBUG execute_one{generation=None}: awase_windows::tsf::probe: [mark-send] last_send_ms=44755515
2026-09-21T01:05:44.461053Z DEBUG awase::journal: gji fsm transition seq=300 elapsed_ms=130058 trigger="CompositionReset(gji_idle_ms=3922)" state_before="OffCold" state_after="OffCold"
2026-09-21T01:05:44.522905Z DEBUG awase_windows::runtime::key_pipeline: [engine-input] vk=0x0D KeyUp ts=130133128us delay=0ms state=Idle mods(c=false s=false a=false w=false) gas_ctrl=false phys_ctrl=false extra=0x5350494B pending_drain=0 gate_active=false l_thumb=None r_thumb=None [diag-ctx] ime_on
2026-09-21T01:05:44.523026Z DEBUG awase::journal: key input seq=301 elapsed_ms=130122 vk_code=13 is_down=false injected=false key_class="Passthrough" state_before="Idle" state_after="Idle" decision="PassThrough" physical="Allow" repeat_count=1 last_timestamp_us=130133128 last_elapsed_ms=0
2026-09-21T01:05:44.523130Z DEBUG execute_from_hook: awase_windows::runtime::executor: [relay-passthrough] PassThrough idle: direct OS pass-through (vk=0x0d up)
2026-09-21T01:05:44.523204Z DEBUG execute_one{generation=None}: awase_windows::runtime::executor: [reinject] vk=0x0d up (queued passthrough now firing)
2026-09-21T01:05:46.301898Z DEBUG awase_windows::runtime::key_pipeline: [engine-input] vk=0x1C KeyDown ts=131911950us delay=0ms state=Idle mods(c=false s=false a=false w=false) gas_ctrl=false phys_ctrl=false extra=0x5350494B pending_drain=0 gate_active=false l_thumb=None r_thumb=Some(131911925) [dia
2026-09-21T01:05:46.302086Z DEBUG awase::journal: key input seq=302 elapsed_ms=131901 vk_code=28 is_down=true injected=false key_class="RightThumb" state_before="Idle" state_after="Idle" decision="PassThrough" physical="Allow" repeat_count=1 last_timestamp_us=131911950 last_elapsed_ms=0
2026-09-21T01:05:46.302400Z  INFO awase_windows::runtime::key_pipeline: [mode-key-follow] mode key PassThrough(vk=0x1C): IME refresh scheduled (20ms)
2026-09-21T01:05:46.302658Z DEBUG execute_one{generation=None}: awase_windows::runtime::executor: [reinject] vk=0x1c down (queued passthrough now firing)
2026-09-21T01:05:46.316130Z DEBUG awase_windows::tsf::gji_monitor: [gji-io] WRITE: w_ops=+2 w_KB=+0.0 (r_ops=+4 x_ops=+4 x_KB=+0.0)
2026-09-21T01:05:46.351402Z DEBUG awase_windows::runtime::ime_refresh: Skipping observer/SSOT write: typing active (idle=47ms)
2026-09-21T01:05:46.428221Z DEBUG awase_windows::runtime::key_pipeline: [engine-input] vk=0x1C KeyUp ts=132037102us delay=1ms state=Idle mods(c=false s=false a=false w=false) gas_ctrl=false phys_ctrl=false extra=0x5350494B pending_drain=0 gate_active=false l_thumb=None r_thumb=None [diag-ctx] ime_on
2026-09-21T01:05:46.428654Z DEBUG awase::journal: key input seq=303 elapsed_ms=132027 vk_code=28 is_down=false injected=false key_class="RightThumb" state_before="Idle" state_after="Idle" decision="PassThrough" physical="Allow" repeat_count=1 last_timestamp_us=132037102 last_elapsed_ms=0
2026-09-21T01:05:46.428839Z DEBUG execute_one{generation=None}: awase_windows::runtime::executor: [reinject] vk=0x1c up (queued passthrough now firing)
2026-09-21T01:05:48.264027Z DEBUG awase_windows::runtime::key_pipeline: [engine-input] vk=0x0D KeyDown ts=133872803us delay=1ms state=Idle mods(c=false s=false a=false w=false) gas_ctrl=false phys_ctrl=false extra=0x5350494B pending_drain=0 gate_active=false l_thumb=None r_thumb=None [diag-ctx] ime_
2026-09-21T01:05:48.264148Z DEBUG awase::journal: key input seq=304 elapsed_ms=133862 vk_code=13 is_down=true injected=false key_class="Passthrough" state_before="Idle" state_after="Idle" decision="PassThrough" physical="Allow" repeat_count=1 last_timestamp_us=133872803 last_elapsed_ms=0
2026-09-21T01:05:48.264251Z DEBUG execute_from_hook: awase_windows::tsf::probe: [composition] marked cold reason=PassthroughConfirmKey idle=3797ms → next VK/TSF output will send VK_DBE_HIRAGANA warmup
2026-09-21T01:05:48.264273Z DEBUG execute_from_hook: awase_windows::tsf::probe: [mark-send] last_send_ms=44759312
2026-09-21T01:05:48.264323Z DEBUG execute_from_hook: awase_windows::platform: [composition-fsm] EmitWarmup (ConfirmKeyDown)
2026-09-21T01:05:48.264342Z DEBUG execute_from_hook: awase_windows::runtime::executor: [relay-passthrough] PassThrough idle: direct OS pass-through (vk=0x0d down)
2026-09-21T01:05:48.264367Z DEBUG awase::journal: gji fsm transition seq=305 elapsed_ms=133863 trigger="CompositionReset(gji_idle_ms=1953)" state_before="OffCold" state_after="OffCold"
2026-09-21T01:05:48.264429Z DEBUG awase_windows::runtime::executor: [reinject-guard] suspending drain for 50ms (vk=0x0d)
2026-09-21T01:05:48.321811Z DEBUG execute_one{generation=None}: awase_windows::runtime::executor: [reinject] vk=0x0d down (queued passthrough now firing)
2026-09-21T01:05:48.321944Z DEBUG execute_one{generation=None}: awase_windows::platform: [composition] reinject KeyDown vk=0x0d → marking cold + eager warmup
2026-09-21T01:05:48.322047Z DEBUG execute_one{generation=None}: awase_windows::tsf::probe: [composition] marked cold reason=ReinjectConfirmKey idle=63ms → next VK/TSF output will send VK_DBE_HIRAGANA warmup
2026-09-21T01:05:48.322086Z DEBUG execute_one{generation=None}: awase_windows::tsf::probe: [mark-send] last_send_ms=44759375
2026-09-21T01:05:48.325887Z DEBUG awase::journal: gji fsm transition seq=306 elapsed_ms=133921 trigger="CompositionReset(gji_idle_ms=2016)" state_before="OffCold" state_after="OffCold"
2026-09-21T01:05:48.336313Z DEBUG awase_windows::tsf::gji_monitor: [gji-io] WRITE: w_ops=+1 w_KB=+0.0 (r_ops=+2 x_ops=+2 x_KB=+0.0)
2026-09-21T01:05:48.390261Z DEBUG awase_windows::runtime::key_pipeline: [engine-input] vk=0x0D KeyUp ts=134000383us delay=0ms state=Idle mods(c=false s=false a=false w=false) gas_ctrl=false phys_ctrl=false extra=0x5350494B pending_drain=0 gate_active=false l_thumb=None r_thumb=None [diag-ctx] ime_on
2026-09-21T01:05:48.390410Z DEBUG awase::journal: key input seq=307 elapsed_ms=133989 vk_code=13 is_down=false injected=false key_class="Passthrough" state_before="Idle" state_after="Idle" decision="PassThrough" physical="Allow" repeat_count=1 last_timestamp_us=134000383 last_elapsed_ms=0
2026-09-21T01:05:48.390510Z DEBUG execute_from_hook: awase_windows::runtime::executor: [relay-passthrough] PassThrough idle: direct OS pass-through (vk=0x0d up)
2026-09-21T01:05:48.390574Z DEBUG execute_one{generation=None}: awase_windows::runtime::executor: [reinject] vk=0x0d up (queued passthrough now firing)
2026-09-21T01:05:50.195447Z DEBUG awase_windows::runtime::key_pipeline: [engine-input] vk=0x4B KeyDown ts=135805497us delay=0ms state=Idle mods(c=false s=false a=false w=false) gas_ctrl=false phys_ctrl=false extra=0x5350494B pending_drain=0 gate_active=false l_thumb=None r_thumb=None [diag-ctx] ime_
2026-09-21T01:05:50.195538Z DEBUG awase::journal: key input seq=308 elapsed_ms=135794 vk_code=75 is_down=true injected=false key_class="Char" state_before="Idle" state_after="Idle" decision="PassThrough" physical="Allow" repeat_count=1 last_timestamp_us=135805497 last_elapsed_ms=0
2026-09-21T01:05:50.195680Z DEBUG execute_one{generation=None}: awase_windows::runtime::executor: [reinject] vk=0x4b down (queued passthrough now firing)
2026-09-21T01:05:50.204614Z  INFO awase_windows::tsf::win_event_obs: [gji-obs] candidate SHOW #9: last_gji_write=1860ms ago
2026-09-21T01:05:50.210452Z DEBUG awase_windows::tsf::gji_monitor: [gji-io] WRITE: w_ops=+2 w_KB=+0.4 (r_ops=+4 x_ops=+4 x_KB=+0.0)
2026-09-21T01:05:50.321805Z DEBUG awase_windows::runtime::key_pipeline: [engine-input] vk=0x4B KeyUp ts=135931644us delay=0ms state=Idle mods(c=false s=false a=false w=false) gas_ctrl=false phys_ctrl=false extra=0x5350494B pending_drain=0 gate_active=false l_thumb=None r_thumb=None [diag-ctx] ime_on
2026-09-21T01:05:50.321959Z DEBUG awase::journal: key input seq=309 elapsed_ms=135920 vk_code=75 is_down=false injected=false key_class="Char" state_before="Idle" state_after="Idle" decision="PassThrough" physical="Allow" repeat_count=1 last_timestamp_us=135931644 last_elapsed_ms=0
2026-09-21T01:05:50.322200Z DEBUG execute_one{generation=None}: awase_windows::runtime::executor: [reinject] vk=0x4b up (queued passthrough now firing)
2026-09-21T01:05:50.324840Z DEBUG awase_windows::platform: [gji-fsm] StartComposition (candidate SHOW)
2026-09-21T01:05:50.324890Z  WARN gji_on_event{event=StartComposition}: awase_windows::tsf::gji_fsm: [gji-fsm] StartComposition while engine off — ignored
2026-09-21T01:05:50.325052Z DEBUG awase::journal: gji fsm transition seq=310 elapsed_ms=135923 trigger="StartComposition(candidate SHOW)" state_before="OffCold" state_after="OffCold"
2026-09-21T01:05:52.133964Z DEBUG awase_windows::runtime::key_pipeline: [engine-input] vk=0x41 KeyDown ts=137744148us delay=0ms state=Idle mods(c=false s=false a=false w=false) gas_ctrl=false phys_ctrl=false extra=0x5350494B pending_drain=0 gate_active=false l_thumb=None r_thumb=None [diag-ctx] ime_
2026-09-21T01:05:52.134087Z DEBUG awase::journal: key input seq=311 elapsed_ms=137732 vk_code=65 is_down=true injected=false key_class="Char" state_before="Idle" state_after="Idle" decision="PassThrough" physical="Allow" repeat_count=1 last_timestamp_us=137744148 last_elapsed_ms=0
2026-09-21T01:05:52.134274Z DEBUG execute_one{generation=None}: awase_windows::runtime::executor: [reinject] vk=0x41 down (queued passthrough now firing)
2026-09-21T01:05:52.148759Z DEBUG awase_windows::tsf::gji_monitor: [gji-io] WRITE: w_ops=+2 w_KB=+0.7 (r_ops=+4 x_ops=+4 x_KB=+0.0)
2026-09-21T01:05:52.259759Z DEBUG awase_windows::runtime::key_pipeline: [engine-input] vk=0x41 KeyUp ts=137869823us delay=0ms state=Idle mods(c=false s=false a=false w=false) gas_ctrl=false phys_ctrl=false extra=0x5350494B pending_drain=0 gate_active=false l_thumb=None r_thumb=None [diag-ctx] ime_on
2026-09-21T01:05:52.259867Z DEBUG awase::journal: key input seq=312 elapsed_ms=137858 vk_code=65 is_down=false injected=false key_class="Char" state_before="Idle" state_after="Idle" decision="PassThrough" physical="Allow" repeat_count=1 last_timestamp_us=137869823 last_elapsed_ms=0
2026-09-21T01:05:52.260010Z DEBUG execute_one{generation=None}: awase_windows::runtime::executor: [reinject] vk=0x41 up (queued passthrough now firing)
2026-09-21T01:05:54.074660Z DEBUG awase_windows::runtime::key_pipeline: [engine-input] vk=0x1B KeyDown ts=139684965us delay=0ms state=Idle mods(c=false s=false a=false w=false) gas_ctrl=false phys_ctrl=false extra=0x5350494B pending_drain=0 gate_active=false l_thumb=None r_thumb=None [diag-ctx] ime_
2026-09-21T01:05:54.074725Z DEBUG awase::journal: key input seq=313 elapsed_ms=139673 vk_code=27 is_down=true injected=false key_class="Passthrough" state_before="Idle" state_after="Idle" decision="PassThrough" physical="Allow" repeat_count=1 last_timestamp_us=139684965 last_elapsed_ms=0
2026-09-21T01:05:54.074785Z DEBUG execute_from_hook: awase_windows::tsf::probe: [composition] marked cold reason=PassthroughConfirmKey idle=5750ms → next VK/TSF output will send VK_DBE_HIRAGANA warmup
2026-09-21T01:05:54.074798Z DEBUG execute_from_hook: awase_windows::tsf::probe: [mark-send] last_send_ms=44765125
2026-09-21T01:05:54.074829Z DEBUG execute_from_hook: awase_windows::platform: [composition-fsm] EmitWarmup (ConfirmKeyDown)
2026-09-21T01:05:54.074840Z DEBUG execute_from_hook: awase_windows::runtime::executor: [relay-passthrough] PassThrough idle: direct OS pass-through (vk=0x1b down)
2026-09-21T01:05:54.074855Z DEBUG awase::journal: gji fsm transition seq=314 elapsed_ms=139673 trigger="CompositionReset(gji_idle_ms=1922)" state_before="OffCold" state_after="OffCold"
2026-09-21T01:05:54.074891Z DEBUG awase_windows::runtime::executor: [reinject-guard] suspending drain for 50ms (vk=0x1b)
2026-09-21T01:05:54.135459Z DEBUG execute_one{generation=None}: awase_windows::runtime::executor: [reinject] vk=0x1b down (queued passthrough now firing)
2026-09-21T01:05:54.135499Z DEBUG execute_one{generation=None}: awase_windows::platform: [composition] reinject KeyDown vk=0x1b → marking cold + eager warmup
2026-09-21T01:05:54.135511Z DEBUG execute_one{generation=None}: awase_windows::tsf::probe: [composition] marked cold reason=ReinjectConfirmKey idle=62ms → next VK/TSF output will send VK_DBE_HIRAGANA warmup
2026-09-21T01:05:54.135523Z DEBUG execute_one{generation=None}: awase_windows::tsf::probe: [mark-send] last_send_ms=44765187
2026-09-21T01:05:54.136998Z DEBUG awase::journal: gji fsm transition seq=315 elapsed_ms=139733 trigger="CompositionReset(gji_idle_ms=1984)" state_before="OffCold" state_after="OffCold"
2026-09-21T01:05:54.139326Z  INFO awase_windows::tsf::win_event_obs: [gji-obs] candidate HIDE: last_gji_write=1984ms ago
2026-09-21T01:05:54.151370Z DEBUG awase_windows::tsf::gji_monitor: [gji-io] WRITE: w_ops=+2 w_KB=+0.4 (r_ops=+4 x_ops=+4 x_KB=+0.0)
2026-09-21T01:05:54.201283Z DEBUG awase_windows::runtime::key_pipeline: [engine-input] vk=0x1B KeyUp ts=139811582us delay=0ms state=Idle mods(c=false s=false a=false w=false) gas_ctrl=false phys_ctrl=false extra=0x5350494B pending_drain=0 gate_active=false l_thumb=None r_thumb=None [diag-ctx] ime_on
2026-09-21T01:05:54.201339Z DEBUG awase::journal: key input seq=316 elapsed_ms=139799 vk_code=27 is_down=false injected=false key_class="Passthrough" state_before="Idle" state_after="Idle" decision="PassThrough" physical="Allow" repeat_count=1 last_timestamp_us=139811582 last_elapsed_ms=0
2026-09-21T01:05:54.201390Z DEBUG execute_from_hook: awase_windows::runtime::executor: [relay-passthrough] PassThrough idle: direct OS pass-through (vk=0x1b up)
2026-09-21T01:05:54.201490Z DEBUG execute_one{generation=None}: awase_windows::runtime::executor: [reinject] vk=0x1b up (queued passthrough now firing)
2026-09-21T01:05:55.255380Z DEBUG awase_windows::tsf::gji_monitor: [gji-io] WRITE: w_ops=+2 w_KB=+0.0 (r_ops=+3 x_ops=+7 x_KB=+0.0)
2026-09-21T01:05:55.270859Z DEBUG awase_windows::tsf::gji_monitor: [gji-io] r_ops=+0 w_ops=+0 x_ops=+4 read_KB=+0.0 x_KB=+0.0
2026-09-21T01:05:55.302157Z DEBUG awase_windows::tsf::gji_monitor: [gji-io] WRITE: w_ops=+3 w_KB=+575.9 (r_ops=+0 x_ops=+83 x_KB=+0.0)
2026-09-21T01:05:56.011625Z DEBUG awase_windows::runtime::key_pipeline: [engine-input] vk=0x1B KeyDown ts=141620997us delay=1ms state=Idle mods(c=false s=false a=false w=false) gas_ctrl=false phys_ctrl=false extra=0x5350494B pending_drain=0 gate_active=false l_thumb=None r_thumb=None [diag-ctx] ime_
2026-09-21T01:05:56.011765Z DEBUG awase::journal: key input seq=317 elapsed_ms=141609 vk_code=27 is_down=true injected=false key_class="Passthrough" state_before="Idle" state_after="Idle" decision="PassThrough" physical="Allow" repeat_count=1 last_timestamp_us=141620997 last_elapsed_ms=0
2026-09-21T01:05:56.011993Z DEBUG execute_from_hook: awase_windows::tsf::probe: [composition] marked cold reason=PassthroughConfirmKey idle=1875ms → next VK/TSF output will send VK_DBE_HIRAGANA warmup
2026-09-21T01:05:56.012011Z DEBUG execute_from_hook: awase_windows::tsf::probe: [mark-send] last_send_ms=44767062
2026-09-21T01:05:56.012054Z DEBUG execute_from_hook: awase_windows::platform: [composition-fsm] EmitWarmup (ConfirmKeyDown)
2026-09-21T01:05:56.012068Z DEBUG execute_from_hook: awase_windows::runtime::executor: [relay-passthrough] PassThrough idle: direct OS pass-through (vk=0x1b down)
2026-09-21T01:05:56.012089Z DEBUG awase::journal: gji fsm transition seq=318 elapsed_ms=141610 trigger="CompositionReset(gji_idle_ms=703)" state_before="OffCold" state_after="OffCold"
2026-09-21T01:05:56.012141Z DEBUG awase_windows::runtime::executor: [reinject-guard] suspending drain for 50ms (vk=0x1b)
2026-09-21T01:05:56.072210Z DEBUG execute_one{generation=None}: awase_windows::runtime::executor: [reinject] vk=0x1b down (queued passthrough now firing)
2026-09-21T01:05:56.072279Z DEBUG execute_one{generation=None}: awase_windows::platform: [composition] reinject KeyDown vk=0x1b → marking cold + eager warmup
2026-09-21T01:05:56.072301Z DEBUG execute_one{generation=None}: awase_windows::tsf::probe: [composition] marked cold reason=ReinjectConfirmKey idle=63ms → next VK/TSF output will send VK_DBE_HIRAGANA warmup
2026-09-21T01:05:56.072324Z DEBUG execute_one{generation=None}: awase_windows::tsf::probe: [mark-send] last_send_ms=44767125
2026-09-21T01:05:56.075159Z DEBUG awase::journal: gji fsm transition seq=319 elapsed_ms=141670 trigger="CompositionReset(gji_idle_ms=766)" state_before="OffCold" state_after="OffCold"
2026-09-21T01:05:56.087597Z DEBUG awase_windows::tsf::gji_monitor: [gji-io] WRITE: w_ops=+1 w_KB=+0.0 (r_ops=+2 x_ops=+2 x_KB=+0.0)
2026-09-21T01:05:56.134349Z DEBUG awase_windows::runtime::key_pipeline: [engine-input] vk=0x1B KeyUp ts=141744498us delay=0ms state=Idle mods(c=false s=false a=false w=false) gas_ctrl=false phys_ctrl=false extra=0x5350494B pending_drain=0 gate_active=false l_thumb=None r_thumb=None [diag-ctx] ime_on
2026-09-21T01:05:56.134421Z DEBUG awase::journal: key input seq=320 elapsed_ms=141732 vk_code=27 is_down=false injected=false key_class="Passthrough" state_before="Idle" state_after="Idle" decision="PassThrough" physical="Allow" repeat_count=1 last_timestamp_us=141744498 last_elapsed_ms=0
2026-09-21T01:05:56.134507Z DEBUG execute_from_hook: awase_windows::runtime::executor: [relay-passthrough] PassThrough idle: direct OS pass-through (vk=0x1b up)
2026-09-21T01:05:56.134558Z DEBUG execute_one{generation=None}: awase_windows::runtime::executor: [reinject] vk=0x1b up (queued passthrough now firing)
2026-09-21T01:05:57.948574Z DEBUG awase_windows::hook: [hook] IME-mode vk=0xF3 up self_injected=false injected=false scan=0x29 extra=0x5350494B since_actuation_us=Some(143460683)
2026-09-21T01:05:57.948956Z DEBUG awase::journal: hook ime-mode diagnostic seq=321 elapsed_ms=143546 vk_code=243 is_down=false self_injected=false injected=false scan=41
2026-09-21T01:05:57.949098Z DEBUG awase_windows::runtime::key_pipeline: [engine-input] vk=0xF3 KeyUp ts=143559175us delay=0ms state=Idle mods(c=false s=false a=false w=false) gas_ctrl=false phys_ctrl=false extra=0x5350494B pending_drain=0 gate_active=false l_thumb=None r_thumb=None [diag-ctx] ime_on
2026-09-21T01:05:57.949088Z DEBUG awase_windows::hook: [hook] IME-mode vk=0xF4 down self_injected=false injected=false scan=0x29 extra=0x5350494B since_actuation_us=Some(143461207)
2026-09-21T01:05:57.949151Z DEBUG awase::journal: key input seq=322 elapsed_ms=143547 vk_code=243 is_down=false injected=false key_class="Passthrough" state_before="Idle" state_after="Idle" decision="PassThrough" physical="Allow" repeat_count=1 last_timestamp_us=143559175 last_elapsed_ms=0
2026-09-21T01:05:57.949200Z DEBUG execute_from_hook: awase_windows::runtime::executor: [relay-passthrough] PassThrough idle: direct OS pass-through (vk=0xf3 up)
2026-09-21T01:05:57.949351Z DEBUG awase::journal: hook ime-mode diagnostic seq=323 elapsed_ms=143547 vk_code=244 is_down=true self_injected=false injected=false scan=41
2026-09-21T01:05:57.949613Z DEBUG awase_windows::runtime::key_pipeline: [engine-input] vk=0xF4 KeyDown ts=143559664us delay=0ms state=Idle mods(c=false s=false a=false w=false) gas_ctrl=false phys_ctrl=false extra=0x5350494B pending_drain=0 gate_active=false l_thumb=None r_thumb=None [diag-ctx] ime_
2026-09-21T01:05:57.949680Z DEBUG awase::journal: key input seq=324 elapsed_ms=143547 vk_code=244 is_down=true injected=false key_class="Passthrough" state_before="Idle" state_after="Idle" decision="PassThrough" physical="Allow" repeat_count=1 last_timestamp_us=143559664 last_elapsed_ms=0
2026-09-21T01:05:57.949735Z DEBUG awase_windows::runtime::key_pipeline: may_change_ime key passed through → IME refresh scheduled (20ms)
2026-09-21T01:05:57.949779Z  INFO awase_windows::runtime::key_pipeline: [mode-key-follow] mode key PassThrough(vk=0xF4): IME refresh scheduled (20ms)
2026-09-21T01:05:57.949827Z DEBUG execute_from_hook: awase_windows::runtime::transport: [relay-defer] PassThrough deferred: pending effects, reinject(vk=0xf4 down)
2026-09-21T01:05:57.949892Z DEBUG execute_one{generation=None}: awase_windows::runtime::executor: [reinject] vk=0xf3 up (queued passthrough now firing)
2026-09-21T01:05:57.949945Z DEBUG execute_one{generation=None}: awase_windows::runtime::executor: [reinject] vk=0xf4 down (queued passthrough now firing)
2026-09-21T01:05:57.950431Z DEBUG awase_windows::hook: [hook] IME-mode vk=0xF4 down self_injected=true injected=true scan=0x0 extra=0x4B45594D since_actuation_us=Some(143462550)
2026-09-21T01:05:57.952009Z DEBUG awase::journal: hook ime-mode diagnostic seq=325 elapsed_ms=143549 vk_code=244 is_down=true self_injected=true injected=true scan=0
2026-09-21T01:05:57.963846Z DEBUG awase_windows::tsf::gji_monitor: [gji-io] WRITE: w_ops=+2 w_KB=+0.0 (r_ops=+4 x_ops=+4 x_KB=+0.0)
2026-09-21T01:05:57.982935Z DEBUG awase_windows::runtime::ime_refresh: Skipping observer/SSOT write: typing active (idle=31ms)
2026-09-21T01:05:59.887490Z DEBUG awase_windows::runtime::key_pipeline: [engine-input] vk=0x1D KeyDown ts=145497140us delay=0ms state=Idle mods(c=false s=false a=false w=false) gas_ctrl=false phys_ctrl=false extra=0x5350494B pending_drain=0 gate_active=false l_thumb=Some(145497127) r_thumb=None [dia
2026-09-21T01:05:59.887585Z DEBUG awase::journal: key input seq=326 elapsed_ms=145485 vk_code=29 is_down=true injected=false key_class="LeftThumb" state_before="Idle" state_after="Idle" decision="PassThrough" physical="Allow" repeat_count=1 last_timestamp_us=145497140 last_elapsed_ms=0
2026-09-21T01:05:59.887654Z  INFO awase_windows::runtime::key_pipeline: [mode-key-follow] mode key PassThrough(vk=0x1D): IME refresh scheduled (20ms)
2026-09-21T01:05:59.887749Z DEBUG execute_one{generation=None}: awase_windows::runtime::executor: [reinject] vk=0x1d down (queued passthrough now firing)
2026-09-21T01:05:59.900580Z DEBUG awase_windows::tsf::gji_monitor: [gji-io] WRITE: w_ops=+2 w_KB=+0.0 (r_ops=+4 x_ops=+4 x_KB=+0.0)
2026-09-21T01:05:59.919278Z DEBUG awase_windows::runtime::ime_refresh: Skipping observer/SSOT write: typing active (idle=31ms)
2026-09-21T01:06:00.011863Z DEBUG awase_windows::runtime::key_pipeline: [engine-input] vk=0x1D KeyUp ts=145622055us delay=0ms state=Idle mods(c=false s=false a=false w=false) gas_ctrl=false phys_ctrl=false extra=0x5350494B pending_drain=0 gate_active=false l_thumb=None r_thumb=None [diag-ctx] ime_on
2026-09-21T01:06:00.011912Z DEBUG awase::journal: key input seq=327 elapsed_ms=145609 vk_code=29 is_down=false injected=false key_class="LeftThumb" state_before="Idle" state_after="Idle" decision="PassThrough" physical="Allow" repeat_count=1 last_timestamp_us=145622055 last_elapsed_ms=0
2026-09-21T01:06:00.011979Z DEBUG execute_one{generation=None}: awase_windows::runtime::executor: [reinject] vk=0x1d up (queued passthrough now firing)
2026-09-21T01:06:01.827922Z DEBUG awase_windows::hook: [hook] IME-mode vk=0xF0 up self_injected=false injected=false scan=0x70 extra=0x5350494B since_actuation_us=Some(147340031)
2026-09-21T01:06:01.828274Z DEBUG awase_windows::hook: [hook] IME-mode vk=0xF2 down self_injected=false injected=false scan=0x70 extra=0x5350494B since_actuation_us=Some(147340398)
2026-09-21T01:06:01.829221Z DEBUG awase::journal: hook ime-mode diagnostic seq=328 elapsed_ms=147426 vk_code=240 is_down=false self_injected=false injected=false scan=112
2026-09-21T01:06:01.829253Z DEBUG awase::journal: hook ime-mode diagnostic seq=329 elapsed_ms=147426 vk_code=242 is_down=true self_injected=false injected=false scan=112
2026-09-21T01:06:01.829405Z DEBUG awase_windows::runtime::key_pipeline: [engine-input] vk=0xF0 KeyUp ts=147438687us delay=1ms state=Idle mods(c=false s=false a=false w=false) gas_ctrl=false phys_ctrl=false extra=0x5350494B pending_drain=0 gate_active=false l_thumb=None r_thumb=None [diag-ctx] ime_on
2026-09-21T01:06:01.829470Z DEBUG awase::journal: key input seq=330 elapsed_ms=147427 vk_code=240 is_down=false injected=false key_class="Passthrough" state_before="Idle" state_after="Idle" decision="PassThrough" physical="Allow" repeat_count=1 last_timestamp_us=147438687 last_elapsed_ms=0
2026-09-21T01:06:01.829536Z DEBUG execute_from_hook: awase_windows::runtime::executor: [relay-passthrough] PassThrough idle: direct OS pass-through (vk=0xf0 up)
2026-09-21T01:06:01.829600Z DEBUG awase_windows::runtime::key_pipeline: [engine-input] vk=0xF2 KeyDown ts=147438818us delay=1ms state=Idle mods(c=false s=false a=false w=false) gas_ctrl=false phys_ctrl=false extra=0x5350494B pending_drain=0 gate_active=false l_thumb=None r_thumb=None [diag-ctx] ime_
2026-09-21T01:06:01.829699Z DEBUG awase::journal: key input seq=331 elapsed_ms=147427 vk_code=242 is_down=true injected=false key_class="Passthrough" state_before="Idle" state_after="Idle" decision="PassThrough" physical="Allow" repeat_count=1 last_timestamp_us=147438818 last_elapsed_ms=0
2026-09-21T01:06:01.829744Z DEBUG awase_windows::runtime::key_pipeline: may_change_ime key passed through → IME refresh scheduled (20ms)
2026-09-21T01:06:01.829779Z  INFO awase_windows::runtime::key_pipeline: [mode-key-follow] mode key PassThrough(vk=0xF2): IME refresh scheduled (20ms)
2026-09-21T01:06:01.829802Z DEBUG awase_windows::tsf::probe: [composition] marked cold reason=F2NonTsf idle=5750ms → next VK/TSF output will send VK_DBE_HIRAGANA warmup
2026-09-21T01:06:01.829863Z DEBUG execute_from_hook: awase_windows::runtime::transport: [relay-defer] PassThrough deferred: pending effects, reinject(vk=0xf2 down)
2026-09-21T01:06:01.829890Z DEBUG awase::journal: gji fsm transition seq=332 elapsed_ms=147427 trigger="CompositionReset(gji_idle_ms=1922)" state_before="OffCold" state_after="OffCold"
2026-09-21T01:06:01.829931Z DEBUG execute_one{generation=None}: awase_windows::runtime::executor: [reinject] vk=0xf0 up (queued passthrough now firing)
2026-09-21T01:06:01.829968Z DEBUG execute_one{generation=None}: awase_windows::runtime::executor: [reinject] vk=0xf2 down (queued passthrough now firing)
2026-09-21T01:06:01.830104Z DEBUG awase_windows::hook: [hook] IME-mode vk=0xF0 up self_injected=true injected=false scan=0x0 extra=0x4B45594D since_actuation_us=Some(147342230)
2026-09-21T01:06:01.830620Z DEBUG awase_windows::hook: [hook] IME-mode vk=0xF2 down self_injected=true injected=true scan=0x0 extra=0x4B45594D since_actuation_us=Some(147342744)
2026-09-21T01:06:01.831653Z DEBUG awase::journal: hook ime-mode diagnostic seq=333 elapsed_ms=147429 vk_code=240 is_down=false self_injected=true injected=false scan=0
2026-09-21T01:06:01.831677Z DEBUG awase::journal: hook ime-mode diagnostic seq=334 elapsed_ms=147429 vk_code=242 is_down=true self_injected=true injected=true scan=0
2026-09-21T01:06:01.843229Z DEBUG awase_windows::tsf::gji_monitor: [gji-io] WRITE: w_ops=+2 w_KB=+0.0 (r_ops=+4 x_ops=+4 x_KB=+0.0)
2026-09-21T01:06:01.864165Z DEBUG awase_windows::runtime::ime_refresh: Skipping observer/SSOT write: typing active (idle=31ms)
2026-09-21T01:06:03.767510Z DEBUG awase_windows::runtime::key_pipeline: [engine-input] vk=0x1B KeyDown ts=149377770us delay=0ms state=Idle mods(c=false s=false a=false w=false) gas_ctrl=false phys_ctrl=false extra=0x5350494B pending_drain=0 gate_active=false l_thumb=None r_thumb=None [diag-ctx] ime_
2026-09-21T01:06:03.767579Z DEBUG awase::journal: key input seq=335 elapsed_ms=149365 vk_code=27 is_down=true injected=false key_class="Passthrough" state_before="Idle" state_after="Idle" decision="PassThrough" physical="Allow" repeat_count=1 last_timestamp_us=149377770 last_elapsed_ms=0
2026-09-21T01:06:03.767636Z DEBUG execute_from_hook: awase_windows::tsf::probe: [composition] marked cold reason=PassthroughConfirmKey idle=7687ms → next VK/TSF output will send VK_DBE_HIRAGANA warmup
2026-09-21T01:06:03.767648Z DEBUG execute_from_hook: awase_windows::tsf::probe: [mark-send] last_send_ms=44774812
2026-09-21T01:06:03.767676Z DEBUG execute_from_hook: awase_windows::platform: [composition-fsm] EmitWarmup (ConfirmKeyDown)
2026-09-21T01:06:03.767687Z DEBUG execute_from_hook: awase_windows::runtime::executor: [relay-passthrough] PassThrough idle: direct OS pass-through (vk=0x1b down)
2026-09-21T01:06:03.767701Z DEBUG awase::journal: gji fsm transition seq=336 elapsed_ms=149365 trigger="CompositionReset(gji_idle_ms=1922)" state_before="OffCold" state_after="OffCold"
2026-09-21T01:06:03.767736Z DEBUG awase_windows::runtime::executor: [reinject-guard] suspending drain for 50ms (vk=0x1b)
2026-09-21T01:06:03.829705Z DEBUG execute_one{generation=None}: awase_windows::runtime::executor: [reinject] vk=0x1b down (queued passthrough now firing)
2026-09-21T01:06:03.829764Z DEBUG execute_one{generation=None}: awase_windows::platform: [composition] reinject KeyDown vk=0x1b → marking cold + eager warmup
2026-09-21T01:06:03.829783Z DEBUG execute_one{generation=None}: awase_windows::tsf::probe: [composition] marked cold reason=ReinjectConfirmKey idle=63ms → next VK/TSF output will send VK_DBE_HIRAGANA warmup
2026-09-21T01:06:03.829802Z DEBUG execute_one{generation=None}: awase_windows::tsf::probe: [mark-send] last_send_ms=44774875
2026-09-21T01:06:03.832654Z DEBUG awase::journal: gji fsm transition seq=337 elapsed_ms=149427 trigger="CompositionReset(gji_idle_ms=1985)" state_before="OffCold" state_after="OffCold"
2026-09-21T01:06:03.844626Z DEBUG awase_windows::tsf::gji_monitor: [gji-io] WRITE: w_ops=+1 w_KB=+0.0 (r_ops=+2 x_ops=+2 x_KB=+0.0)
2026-09-21T01:06:03.893975Z DEBUG awase_windows::runtime::key_pipeline: [engine-input] vk=0x1B KeyUp ts=149502975us delay=1ms state=Idle mods(c=false s=false a=false w=false) gas_ctrl=false phys_ctrl=false extra=0x5350494B pending_drain=0 gate_active=false l_thumb=None r_thumb=None [diag-ctx] ime_on
2026-09-21T01:06:03.894067Z DEBUG awase::journal: key input seq=338 elapsed_ms=149491 vk_code=27 is_down=false injected=false key_class="Passthrough" state_before="Idle" state_after="Idle" decision="PassThrough" physical="Allow" repeat_count=1 last_timestamp_us=149502975 last_elapsed_ms=0
2026-09-21T01:06:03.894226Z DEBUG execute_from_hook: awase_windows::runtime::executor: [relay-passthrough] PassThrough idle: direct OS pass-through (vk=0x1b up)
2026-09-21T01:06:03.894290Z DEBUG execute_one{generation=None}: awase_windows::runtime::executor: [reinject] vk=0x1b up (queued passthrough now firing)
2026-09-21T01:06:05.696499Z DEBUG awase_windows::hook: [hook] IME-mode vk=0xF2 down self_injected=false injected=false scan=0x70 extra=0x5350494B since_actuation_us=Some(151208606)
2026-09-21T01:06:05.696706Z DEBUG awase::journal: hook ime-mode diagnostic seq=339 elapsed_ms=151294 vk_code=242 is_down=true self_injected=false injected=false scan=112
2026-09-21T01:06:05.696929Z DEBUG awase_windows::runtime::key_pipeline: [engine-input] vk=0xF2 KeyDown ts=151307201us delay=0ms state=Idle mods(c=false s=false a=false w=false) gas_ctrl=false phys_ctrl=false extra=0x5350494B pending_drain=0 gate_active=false l_thumb=None r_thumb=None [diag-ctx] ime_
2026-09-21T01:06:05.697037Z DEBUG awase::journal: key input seq=340 elapsed_ms=151294 vk_code=242 is_down=true injected=false key_class="Passthrough" state_before="Idle" state_after="Idle" decision="PassThrough" physical="Allow" repeat_count=1 last_timestamp_us=151307201 last_elapsed_ms=0
2026-09-21T01:06:05.697095Z DEBUG awase_windows::runtime::key_pipeline: may_change_ime key passed through → IME refresh scheduled (20ms)
2026-09-21T01:06:05.697139Z  INFO awase_windows::runtime::key_pipeline: [mode-key-follow] mode key PassThrough(vk=0xF2): IME refresh scheduled (20ms)
2026-09-21T01:06:05.697165Z DEBUG awase_windows::tsf::probe: [composition] marked cold reason=F2NonTsf idle=1875ms → next VK/TSF output will send VK_DBE_HIRAGANA warmup
2026-09-21T01:06:05.697249Z DEBUG execute_from_hook: awase_windows::runtime::executor: [relay-passthrough] PassThrough idle: direct OS pass-through (vk=0xf2 down)
2026-09-21T01:06:05.697272Z DEBUG awase::journal: gji fsm transition seq=341 elapsed_ms=151294 trigger="CompositionReset(gji_idle_ms=1860)" state_before="OffCold" state_after="OffCold"
2026-09-21T01:06:05.697331Z DEBUG execute_one{generation=None}: awase_windows::runtime::executor: [reinject] vk=0xf2 down (queued passthrough now firing)
2026-09-21T01:06:05.698042Z DEBUG awase_windows::hook: [hook] IME-mode vk=0xF2 down self_injected=true injected=true scan=0x0 extra=0x4B45594D since_actuation_us=Some(151210152)
2026-09-21T01:06:05.699382Z DEBUG awase::journal: hook ime-mode diagnostic seq=342 elapsed_ms=151296 vk_code=242 is_down=true self_injected=true injected=true scan=0
2026-09-21T01:06:05.711793Z DEBUG awase_windows::tsf::gji_monitor: [gji-io] WRITE: w_ops=+2 w_KB=+0.0 (r_ops=+4 x_ops=+4 x_KB=+0.0)
2026-09-21T01:06:05.732483Z DEBUG awase_windows::runtime::ime_refresh: Skipping observer/SSOT write: typing active (idle=31ms)
2026-09-21T01:06:07.640443Z DEBUG awase_windows::runtime::key_pipeline: [engine-input] vk=0x41 KeyDown ts=153250528us delay=0ms state=Idle mods(c=false s=false a=false w=false) gas_ctrl=false phys_ctrl=false extra=0x5350494B pending_drain=0 gate_active=false l_thumb=None r_thumb=None [diag-ctx] ime_
2026-09-21T01:06:07.640557Z DEBUG awase::journal: key input seq=343 elapsed_ms=153237 vk_code=65 is_down=true injected=false key_class="Char" state_before="Idle" state_after="Idle" decision="PassThrough" physical="Allow" repeat_count=1 last_timestamp_us=153250528 last_elapsed_ms=0
2026-09-21T01:06:07.640705Z DEBUG execute_one{generation=None}: awase_windows::runtime::executor: [reinject] vk=0x41 down (queued passthrough now firing)
2026-09-21T01:06:07.653071Z  INFO awase_windows::tsf::win_event_obs: [gji-obs] candidate SHOW #10: last_gji_write=1938ms ago
2026-09-21T01:06:07.654777Z DEBUG awase_windows::tsf::gji_monitor: [gji-io] WRITE: w_ops=+2 w_KB=+0.3 (r_ops=+4 x_ops=+4 x_KB=+0.0)
2026-09-21T01:06:07.765278Z DEBUG awase_windows::runtime::key_pipeline: [engine-input] vk=0x41 KeyUp ts=153375557us delay=0ms state=Idle mods(c=false s=false a=false w=false) gas_ctrl=false phys_ctrl=false extra=0x5350494B pending_drain=0 gate_active=false l_thumb=None r_thumb=None [diag-ctx] ime_on
2026-09-21T01:06:07.765372Z DEBUG awase::journal: key input seq=344 elapsed_ms=153362 vk_code=65 is_down=false injected=false key_class="Char" state_before="Idle" state_after="Idle" decision="PassThrough" physical="Allow" repeat_count=1 last_timestamp_us=153375557 last_elapsed_ms=0
2026-09-21T01:06:07.765526Z DEBUG execute_one{generation=None}: awase_windows::runtime::executor: [reinject] vk=0x41 up (queued passthrough now firing)
2026-09-21T01:06:07.768199Z DEBUG awase_windows::platform: [gji-fsm] StartComposition (candidate SHOW)
2026-09-21T01:06:07.768275Z  WARN gji_on_event{event=StartComposition}: awase_windows::tsf::gji_fsm: [gji-fsm] StartComposition while engine off — ignored
2026-09-21T01:06:07.768323Z DEBUG awase::journal: gji fsm transition seq=345 elapsed_ms=153365 trigger="StartComposition(candidate SHOW)" state_before="OffCold" state_after="OffCold"
2026-09-21T01:06:09.597979Z DEBUG awase_windows::runtime::key_pipeline: [engine-input] vk=0x1C KeyDown ts=155208102us delay=0ms state=Idle mods(c=false s=false a=false w=false) gas_ctrl=false phys_ctrl=false extra=0x5350494B pending_drain=0 gate_active=false l_thumb=None r_thumb=Some(155208094) [dia
2026-09-21T01:06:09.598048Z DEBUG awase::journal: key input seq=346 elapsed_ms=155195 vk_code=28 is_down=true injected=false key_class="RightThumb" state_before="Idle" state_after="Idle" decision="PassThrough" physical="Allow" repeat_count=1 last_timestamp_us=155208102 last_elapsed_ms=0
2026-09-21T01:06:09.598098Z  INFO awase_windows::runtime::key_pipeline: [mode-key-follow] mode key PassThrough(vk=0x1C): IME refresh scheduled (20ms)
2026-09-21T01:06:09.598173Z DEBUG execute_one{generation=None}: awase_windows::runtime::executor: [reinject] vk=0x1c down (queued passthrough now firing)
2026-09-21T01:06:09.602258Z  INFO awase_windows::tsf::win_event_obs: [gji-obs] candidate HIDE: last_gji_write=1953ms ago
2026-09-21T01:06:09.612494Z DEBUG awase_windows::tsf::gji_monitor: [gji-io] WRITE: w_ops=+2 w_KB=+1.7 (r_ops=+4 x_ops=+4 x_KB=+0.0)
2026-09-21T01:06:09.633623Z DEBUG awase_windows::runtime::ime_refresh: Skipping observer/SSOT write: typing active (idle=47ms)
2026-09-21T01:06:09.786851Z DEBUG awase_windows::runtime::key_pipeline: [engine-input] vk=0x1C KeyUp ts=155396863us delay=0ms state=Idle mods(c=false s=false a=false w=false) gas_ctrl=false phys_ctrl=false extra=0x5350494B pending_drain=0 gate_active=false l_thumb=None r_thumb=None [diag-ctx] ime_on
2026-09-21T01:06:09.786984Z DEBUG awase::journal: key input seq=347 elapsed_ms=155383 vk_code=28 is_down=false injected=false key_class="RightThumb" state_before="Idle" state_after="Idle" decision="PassThrough" physical="Allow" repeat_count=1 last_timestamp_us=155396863 last_elapsed_ms=0
2026-09-21T01:06:09.787185Z DEBUG execute_one{generation=None}: awase_windows::runtime::executor: [reinject] vk=0x1c up (queued passthrough now firing)
2026-09-21T01:06:11.504471Z DEBUG awase_windows::runtime::key_pipeline: [engine-input] vk=0x4B KeyDown ts=157114606us delay=0ms state=Idle mods(c=false s=false a=false w=false) gas_ctrl=false phys_ctrl=false extra=0x5350494B pending_drain=0 gate_active=false l_thumb=None r_thumb=None [diag-ctx] ime_
2026-09-21T01:06:11.504557Z DEBUG awase::journal: key input seq=348 elapsed_ms=157101 vk_code=75 is_down=true injected=false key_class="Char" state_before="Idle" state_after="Idle" decision="PassThrough" physical="Allow" repeat_count=1 last_timestamp_us=157114606 last_elapsed_ms=0
2026-09-21T01:06:11.504666Z DEBUG execute_one{generation=None}: awase_windows::runtime::executor: [reinject] vk=0x4b down (queued passthrough now firing)
2026-09-21T01:06:11.514566Z  INFO awase_windows::tsf::win_event_obs: [gji-obs] candidate SHOW #11: last_gji_write=1906ms ago
2026-09-21T01:06:11.518743Z DEBUG awase_windows::tsf::gji_monitor: [gji-io] WRITE: w_ops=+2 w_KB=+1.8 (r_ops=+4 x_ops=+4 x_KB=+0.0)
2026-09-21T01:06:11.629063Z DEBUG awase_windows::runtime::key_pipeline: [engine-input] vk=0x4B KeyUp ts=157239341us delay=0ms state=Idle mods(c=false s=false a=false w=false) gas_ctrl=false phys_ctrl=false extra=0x5350494B pending_drain=0 gate_active=false l_thumb=None r_thumb=None [diag-ctx] ime_on
2026-09-21T01:06:11.629120Z DEBUG awase::journal: key input seq=349 elapsed_ms=157225 vk_code=75 is_down=false injected=false key_class="Char" state_before="Idle" state_after="Idle" decision="PassThrough" physical="Allow" repeat_count=1 last_timestamp_us=157239341 last_elapsed_ms=0
2026-09-21T01:06:11.629199Z DEBUG execute_one{generation=None}: awase_windows::runtime::executor: [reinject] vk=0x4b up (queued passthrough now firing)
2026-09-21T01:06:11.630881Z DEBUG awase_windows::platform: [gji-fsm] StartComposition (candidate SHOW)
2026-09-21T01:06:11.630895Z  WARN gji_on_event{event=StartComposition}: awase_windows::tsf::gji_fsm: [gji-fsm] StartComposition while engine off — ignored
2026-09-21T01:06:11.630982Z DEBUG awase::journal: gji fsm transition seq=350 elapsed_ms=157227 trigger="StartComposition(candidate SHOW)" state_before="OffCold" state_after="OffCold"
2026-09-21T01:06:13.458175Z DEBUG awase_windows::runtime::key_pipeline: [engine-input] vk=0x1B KeyDown ts=159068388us delay=0ms state=Idle mods(c=false s=false a=false w=false) gas_ctrl=false phys_ctrl=false extra=0x5350494B pending_drain=0 gate_active=false l_thumb=None r_thumb=None [diag-ctx] ime_
2026-09-21T01:06:13.458283Z DEBUG awase::journal: key input seq=351 elapsed_ms=159054 vk_code=27 is_down=true injected=false key_class="Passthrough" state_before="Idle" state_after="Idle" decision="PassThrough" physical="Allow" repeat_count=1 last_timestamp_us=159068388 last_elapsed_ms=0
2026-09-21T01:06:13.458388Z DEBUG execute_from_hook: awase_windows::tsf::probe: [composition] marked cold reason=PassthroughConfirmKey idle=9640ms → next VK/TSF output will send VK_DBE_HIRAGANA warmup
2026-09-21T01:06:13.458411Z DEBUG execute_from_hook: awase_windows::tsf::probe: [mark-send] last_send_ms=44784515
2026-09-21T01:06:13.458462Z DEBUG execute_from_hook: awase_windows::platform: [composition-fsm] EmitWarmup (ConfirmKeyDown)
2026-09-21T01:06:13.458479Z DEBUG execute_from_hook: awase_windows::runtime::executor: [relay-passthrough] PassThrough idle: direct OS pass-through (vk=0x1b down)
2026-09-21T01:06:13.458503Z DEBUG awase::journal: gji fsm transition seq=352 elapsed_ms=159055 trigger="CompositionReset(gji_idle_ms=1953)" state_before="OffCold" state_after="OffCold"
2026-09-21T01:06:13.458550Z DEBUG awase_windows::runtime::executor: [reinject-guard] suspending drain for 50ms (vk=0x1b)
2026-09-21T01:06:13.535282Z DEBUG execute_one{generation=None}: awase_windows::runtime::executor: [reinject] vk=0x1b down (queued passthrough now firing)
2026-09-21T01:06:13.535344Z DEBUG execute_one{generation=None}: awase_windows::platform: [composition] reinject KeyDown vk=0x1b → marking cold + eager warmup
2026-09-21T01:06:13.535364Z DEBUG execute_one{generation=None}: awase_windows::tsf::probe: [composition] marked cold reason=ReinjectConfirmKey idle=63ms → next VK/TSF output will send VK_DBE_HIRAGANA warmup
2026-09-21T01:06:13.535391Z DEBUG execute_one{generation=None}: awase_windows::tsf::probe: [mark-send] last_send_ms=44784578
2026-09-21T01:06:13.536776Z DEBUG awase::journal: gji fsm transition seq=353 elapsed_ms=159132 trigger="CompositionReset(gji_idle_ms=2016)" state_before="OffCold" state_after="OffCold"
2026-09-21T01:06:13.540038Z DEBUG awase_windows::tsf::gji_monitor: [gji-io] WRITE: w_ops=+2 w_KB=+0.4 (r_ops=+4 x_ops=+4 x_KB=+0.0)
2026-09-21T01:06:13.541346Z  INFO awase_windows::tsf::win_event_obs: [gji-obs] candidate HIDE: last_gji_write=0ms ago
2026-09-21T01:06:13.583210Z DEBUG awase_windows::runtime::key_pipeline: [engine-input] vk=0x1B KeyUp ts=159193376us delay=0ms state=Idle mods(c=false s=false a=false w=false) gas_ctrl=false phys_ctrl=false extra=0x5350494B pending_drain=0 gate_active=false l_thumb=None r_thumb=None [diag-ctx] ime_on
2026-09-21T01:06:13.583332Z DEBUG awase::journal: key input seq=354 elapsed_ms=159179 vk_code=27 is_down=false injected=false key_class="Passthrough" state_before="Idle" state_after="Idle" decision="PassThrough" physical="Allow" repeat_count=1 last_timestamp_us=159193376 last_elapsed_ms=0
2026-09-21T01:06:13.583438Z DEBUG execute_from_hook: awase_windows::runtime::executor: [relay-passthrough] PassThrough idle: direct OS pass-through (vk=0x1b up)
2026-09-21T01:06:13.583506Z DEBUG execute_one{generation=None}: awase_windows::runtime::executor: [reinject] vk=0x1b up (queued passthrough now firing)
2026-09-21T01:06:15.385967Z DEBUG awase_windows::runtime::key_pipeline: [engine-input] vk=0x4B KeyDown ts=160995900us delay=0ms state=Idle mods(c=false s=false a=false w=false) gas_ctrl=false phys_ctrl=false extra=0x5350494B pending_drain=0 gate_active=false l_thumb=None r_thumb=None [diag-ctx] ime_
2026-09-21T01:06:15.386034Z DEBUG awase::journal: key input seq=355 elapsed_ms=160982 vk_code=75 is_down=true injected=false key_class="Char" state_before="Idle" state_after="Idle" decision="PassThrough" physical="Allow" repeat_count=1 last_timestamp_us=160995900 last_elapsed_ms=0
2026-09-21T01:06:15.386116Z DEBUG execute_one{generation=None}: awase_windows::runtime::executor: [reinject] vk=0x4b down (queued passthrough now firing)
2026-09-21T01:06:15.394450Z  INFO awase_windows::tsf::win_event_obs: [gji-obs] candidate SHOW #12: last_gji_write=1844ms ago
2026-09-21T01:06:15.401075Z DEBUG awase_windows::tsf::gji_monitor: [gji-io] WRITE: w_ops=+2 w_KB=+0.4 (r_ops=+4 x_ops=+4 x_KB=+0.0)
2026-09-21T01:06:15.512776Z DEBUG awase_windows::runtime::key_pipeline: [engine-input] vk=0x4B KeyUp ts=161122260us delay=1ms state=Idle mods(c=false s=false a=false w=false) gas_ctrl=false phys_ctrl=false extra=0x5350494B pending_drain=0 gate_active=false l_thumb=None r_thumb=None [diag-ctx] ime_on
2026-09-21T01:06:15.512924Z DEBUG awase::journal: key input seq=356 elapsed_ms=161109 vk_code=75 is_down=false injected=false key_class="Char" state_before="Idle" state_after="Idle" decision="PassThrough" physical="Allow" repeat_count=1 last_timestamp_us=161122260 last_elapsed_ms=0
2026-09-21T01:06:15.513616Z DEBUG execute_one{generation=None}: awase_windows::runtime::executor: [reinject] vk=0x4b up (queued passthrough now firing)
2026-09-21T01:06:15.515826Z DEBUG awase_windows::platform: [gji-fsm] StartComposition (candidate SHOW)
2026-09-21T01:06:15.515858Z  WARN gji_on_event{event=StartComposition}: awase_windows::tsf::gji_fsm: [gji-fsm] StartComposition while engine off — ignored
2026-09-21T01:06:15.515963Z DEBUG awase::journal: gji fsm transition seq=357 elapsed_ms=161112 trigger="StartComposition(candidate SHOW)" state_before="OffCold" state_after="OffCold"
2026-09-21T01:06:17.324950Z DEBUG awase_windows::runtime::key_pipeline: [engine-input] vk=0x1C KeyDown ts=162934852us delay=0ms state=Idle mods(c=false s=false a=false w=false) gas_ctrl=false phys_ctrl=false extra=0x5350494B pending_drain=0 gate_active=false l_thumb=None r_thumb=Some(162934824) [dia
2026-09-21T01:06:17.325153Z DEBUG awase::journal: key input seq=358 elapsed_ms=162921 vk_code=28 is_down=true injected=false key_class="RightThumb" state_before="Idle" state_after="Idle" decision="PassThrough" physical="Allow" repeat_count=1 last_timestamp_us=162934852 last_elapsed_ms=0
2026-09-21T01:06:17.325331Z  INFO awase_windows::runtime::key_pipeline: [mode-key-follow] mode key PassThrough(vk=0x1C): IME refresh scheduled (20ms)
2026-09-21T01:06:17.325566Z DEBUG execute_one{generation=None}: awase_windows::runtime::executor: [reinject] vk=0x1c down (queued passthrough now firing)
2026-09-21T01:06:17.332249Z  INFO awase_windows::tsf::win_event_obs: [gji-obs] candidate HIDE: last_gji_write=1922ms ago
2026-09-21T01:06:17.338886Z DEBUG awase_windows::tsf::gji_monitor: [gji-io] WRITE: w_ops=+2 w_KB=+0.6 (r_ops=+4 x_ops=+4 x_KB=+0.0)
2026-09-21T01:06:17.357431Z DEBUG awase_windows::runtime::ime_refresh: Skipping observer/SSOT write: typing active (idle=31ms)
2026-09-21T01:06:17.448997Z DEBUG awase_windows::runtime::key_pipeline: [engine-input] vk=0x1C KeyUp ts=163059142us delay=0ms state=Idle mods(c=false s=false a=false w=false) gas_ctrl=false phys_ctrl=false extra=0x5350494B pending_drain=0 gate_active=false l_thumb=None r_thumb=None [diag-ctx] ime_on
2026-09-21T01:06:17.449071Z DEBUG awase::journal: key input seq=359 elapsed_ms=163045 vk_code=28 is_down=false injected=false key_class="RightThumb" state_before="Idle" state_after="Idle" decision="PassThrough" physical="Allow" repeat_count=1 last_timestamp_us=163059142 last_elapsed_ms=0
2026-09-21T01:06:17.449163Z DEBUG execute_one{generation=None}: awase_windows::runtime::executor: [reinject] vk=0x1c up (queued passthrough now firing)
2026-09-21T01:06:19.267362Z DEBUG awase_windows::runtime::key_pipeline: [engine-input] vk=0x0D KeyDown ts=164876275us delay=1ms state=Idle mods(c=false s=false a=false w=false) gas_ctrl=false phys_ctrl=false extra=0x5350494B pending_drain=0 gate_active=false l_thumb=None r_thumb=None [diag-ctx] ime_
2026-09-21T01:06:19.267486Z DEBUG awase::journal: key input seq=360 elapsed_ms=164863 vk_code=13 is_down=true injected=false key_class="Passthrough" state_before="Idle" state_after="Idle" decision="PassThrough" physical="Allow" repeat_count=1 last_timestamp_us=164876275 last_elapsed_ms=0
2026-09-21T01:06:19.267598Z DEBUG execute_from_hook: awase_windows::tsf::probe: [composition] marked cold reason=PassthroughConfirmKey idle=5734ms → next VK/TSF output will send VK_DBE_HIRAGANA warmup
2026-09-21T01:06:19.267621Z DEBUG execute_from_hook: awase_windows::tsf::probe: [mark-send] last_send_ms=44790312
2026-09-21T01:06:19.267671Z DEBUG execute_from_hook: awase_windows::platform: [composition-fsm] EmitWarmup (ConfirmKeyDown)
2026-09-21T01:06:19.267689Z DEBUG execute_from_hook: awase_windows::runtime::executor: [relay-passthrough] PassThrough idle: direct OS pass-through (vk=0x0d down)
2026-09-21T01:06:19.267715Z DEBUG awase::journal: gji fsm transition seq=361 elapsed_ms=164863 trigger="CompositionReset(gji_idle_ms=1922)" state_before="OffCold" state_after="OffCold"
2026-09-21T01:06:19.267768Z DEBUG awase_windows::runtime::executor: [reinject-guard] suspending drain for 50ms (vk=0x0d)
2026-09-21T01:06:19.327659Z DEBUG execute_one{generation=None}: awase_windows::runtime::executor: [reinject] vk=0x0d down (queued passthrough now firing)
2026-09-21T01:06:19.327739Z DEBUG execute_one{generation=None}: awase_windows::platform: [composition] reinject KeyDown vk=0x0d → marking cold + eager warmup
2026-09-21T01:06:19.327770Z DEBUG execute_one{generation=None}: awase_windows::tsf::probe: [composition] marked cold reason=ReinjectConfirmKey idle=63ms → next VK/TSF output will send VK_DBE_HIRAGANA warmup
2026-09-21T01:06:19.327800Z DEBUG execute_one{generation=None}: awase_windows::tsf::probe: [mark-send] last_send_ms=44790375
2026-09-21T01:06:19.329687Z DEBUG awase::journal: gji fsm transition seq=362 elapsed_ms=164923 trigger="CompositionReset(gji_idle_ms=1985)" state_before="OffCold" state_after="OffCold"
2026-09-21T01:06:19.343349Z DEBUG awase_windows::tsf::gji_monitor: [gji-io] WRITE: w_ops=+2 w_KB=+0.3 (r_ops=+4 x_ops=+4 x_KB=+0.0)
2026-09-21T01:06:19.393849Z DEBUG awase_windows::runtime::key_pipeline: [engine-input] vk=0x0D KeyUp ts=165003941us delay=0ms state=Idle mods(c=false s=false a=false w=false) gas_ctrl=false phys_ctrl=false extra=0x5350494B pending_drain=0 gate_active=false l_thumb=None r_thumb=None [diag-ctx] ime_on
2026-09-21T01:06:19.394016Z DEBUG awase::journal: key input seq=363 elapsed_ms=164990 vk_code=13 is_down=false injected=false key_class="Passthrough" state_before="Idle" state_after="Idle" decision="PassThrough" physical="Allow" repeat_count=1 last_timestamp_us=165003941 last_elapsed_ms=0
2026-09-21T01:06:19.394300Z DEBUG execute_from_hook: awase_windows::runtime::executor: [relay-passthrough] PassThrough idle: direct OS pass-through (vk=0x0d up)
2026-09-21T01:06:19.394431Z DEBUG execute_one{generation=None}: awase_windows::runtime::executor: [reinject] vk=0x0d up (queued passthrough now firing)
2026-09-21T01:06:21.204149Z DEBUG awase_windows::runtime::key_pipeline: [engine-input] vk=0x1B KeyDown ts=166814151us delay=0ms state=Idle mods(c=false s=false a=false w=false) gas_ctrl=false phys_ctrl=false extra=0x5350494B pending_drain=0 gate_active=false l_thumb=None r_thumb=None [diag-ctx] ime_
2026-09-21T01:06:21.204289Z DEBUG awase::journal: key input seq=364 elapsed_ms=166800 vk_code=27 is_down=true injected=false key_class="Passthrough" state_before="Idle" state_after="Idle" decision="PassThrough" physical="Allow" repeat_count=1 last_timestamp_us=166814151 last_elapsed_ms=0
2026-09-21T01:06:21.204415Z DEBUG execute_from_hook: awase_windows::tsf::probe: [composition] marked cold reason=PassthroughConfirmKey idle=1875ms → next VK/TSF output will send VK_DBE_HIRAGANA warmup
2026-09-21T01:06:21.204443Z DEBUG execute_from_hook: awase_windows::tsf::probe: [mark-send] last_send_ms=44792250
2026-09-21T01:06:21.204509Z DEBUG execute_from_hook: awase_windows::platform: [composition-fsm] EmitWarmup (ConfirmKeyDown)
2026-09-21T01:06:21.204530Z DEBUG execute_from_hook: awase_windows::runtime::executor: [relay-passthrough] PassThrough idle: direct OS pass-through (vk=0x1b down)
2026-09-21T01:06:21.204559Z DEBUG awase::journal: gji fsm transition seq=365 elapsed_ms=166800 trigger="CompositionReset(gji_idle_ms=1860)" state_before="OffCold" state_after="OffCold"
2026-09-21T01:06:21.204630Z DEBUG awase_windows::runtime::executor: [reinject-guard] suspending drain for 50ms (vk=0x1b)
2026-09-21T01:06:21.265015Z DEBUG execute_one{generation=None}: awase_windows::runtime::executor: [reinject] vk=0x1b down (queued passthrough now firing)
2026-09-21T01:06:21.265082Z DEBUG execute_one{generation=None}: awase_windows::platform: [composition] reinject KeyDown vk=0x1b → marking cold + eager warmup
2026-09-21T01:06:21.265103Z DEBUG execute_one{generation=None}: awase_windows::tsf::probe: [composition] marked cold reason=ReinjectConfirmKey idle=62ms → next VK/TSF output will send VK_DBE_HIRAGANA warmup
2026-09-21T01:06:21.265125Z DEBUG execute_one{generation=None}: awase_windows::tsf::probe: [mark-send] last_send_ms=44792312
2026-09-21T01:06:21.267569Z DEBUG awase::journal: gji fsm transition seq=366 elapsed_ms=166861 trigger="CompositionReset(gji_idle_ms=1922)" state_before="OffCold" state_after="OffCold"
2026-09-21T01:06:21.280055Z DEBUG awase_windows::tsf::gji_monitor: [gji-io] WRITE: w_ops=+1 w_KB=+0.0 (r_ops=+2 x_ops=+2 x_KB=+0.0)
2026-09-21T01:06:21.329564Z DEBUG awase_windows::runtime::key_pipeline: [engine-input] vk=0x1B KeyUp ts=166939651us delay=0ms state=Idle mods(c=false s=false a=false w=false) gas_ctrl=false phys_ctrl=false extra=0x5350494B pending_drain=0 gate_active=false l_thumb=None r_thumb=None [diag-ctx] ime_on
2026-09-21T01:06:21.329657Z DEBUG awase::journal: key input seq=367 elapsed_ms=166925 vk_code=27 is_down=false injected=false key_class="Passthrough" state_before="Idle" state_after="Idle" decision="PassThrough" physical="Allow" repeat_count=1 last_timestamp_us=166939651 last_elapsed_ms=0
2026-09-21T01:06:21.329748Z DEBUG execute_from_hook: awase_windows::runtime::executor: [relay-passthrough] PassThrough idle: direct OS pass-through (vk=0x1b up)
2026-09-21T01:06:21.330117Z DEBUG execute_one{generation=None}: awase_windows::runtime::executor: [reinject] vk=0x1b up (queued passthrough now firing)
2026-09-21T01:06:23.141092Z DEBUG awase_windows::runtime::key_pipeline: [engine-input] vk=0x41 KeyDown ts=168751326us delay=0ms state=Idle mods(c=false s=false a=false w=false) gas_ctrl=false phys_ctrl=false extra=0x5350494B pending_drain=0 gate_active=false l_thumb=None r_thumb=None [diag-ctx] ime_
2026-09-21T01:06:23.141164Z DEBUG awase::journal: key input seq=368 elapsed_ms=168736 vk_code=65 is_down=true injected=false key_class="Char" state_before="Idle" state_after="Idle" decision="PassThrough" physical="Allow" repeat_count=1 last_timestamp_us=168751326 last_elapsed_ms=0
2026-09-21T01:06:23.141261Z DEBUG execute_one{generation=None}: awase_windows::runtime::executor: [reinject] vk=0x41 down (queued passthrough now firing)
2026-09-21T01:06:23.149986Z  INFO awase_windows::tsf::win_event_obs: [gji-obs] candidate SHOW #13: last_gji_write=1875ms ago
2026-09-21T01:06:23.156286Z DEBUG awase_windows::tsf::gji_monitor: [gji-io] WRITE: w_ops=+2 w_KB=+0.4 (r_ops=+4 x_ops=+4 x_KB=+0.0)
2026-09-21T01:06:23.266215Z DEBUG awase_windows::runtime::key_pipeline: [engine-input] vk=0x41 KeyUp ts=168876352us delay=0ms state=Idle mods(c=false s=false a=false w=false) gas_ctrl=false phys_ctrl=false extra=0x5350494B pending_drain=0 gate_active=false l_thumb=None r_thumb=None [diag-ctx] ime_on
2026-09-21T01:06:23.266303Z DEBUG awase::journal: key input seq=369 elapsed_ms=168862 vk_code=65 is_down=false injected=false key_class="Char" state_before="Idle" state_after="Idle" decision="PassThrough" physical="Allow" repeat_count=1 last_timestamp_us=168876352 last_elapsed_ms=0
2026-09-21T01:06:23.266433Z DEBUG execute_one{generation=None}: awase_windows::runtime::executor: [reinject] vk=0x41 up (queued passthrough now firing)
2026-09-21T01:06:23.268407Z DEBUG awase_windows::platform: [gji-fsm] StartComposition (candidate SHOW)
2026-09-21T01:06:23.268444Z  WARN gji_on_event{event=StartComposition}: awase_windows::tsf::gji_fsm: [gji-fsm] StartComposition while engine off — ignored
2026-09-21T01:06:23.268514Z DEBUG awase::journal: gji fsm transition seq=370 elapsed_ms=168864 trigger="StartComposition(candidate SHOW)" state_before="OffCold" state_after="OffCold"
2026-09-21T01:06:25.075410Z DEBUG awase_windows::runtime::key_pipeline: [engine-input] vk=0x1C KeyDown ts=170685516us delay=0ms state=Idle mods(c=false s=false a=false w=false) gas_ctrl=false phys_ctrl=false extra=0x5350494B pending_drain=0 gate_active=false l_thumb=None r_thumb=Some(170685507) [dia
2026-09-21T01:06:25.075476Z DEBUG awase::journal: key input seq=371 elapsed_ms=170671 vk_code=28 is_down=true injected=false key_class="RightThumb" state_before="Idle" state_after="Idle" decision="PassThrough" physical="Allow" repeat_count=1 last_timestamp_us=170685516 last_elapsed_ms=0
2026-09-21T01:06:25.075527Z  INFO awase_windows::runtime::key_pipeline: [mode-key-follow] mode key PassThrough(vk=0x1C): IME refresh scheduled (20ms)
2026-09-21T01:06:25.075594Z DEBUG execute_one{generation=None}: awase_windows::runtime::executor: [reinject] vk=0x1c down (queued passthrough now firing)
2026-09-21T01:06:25.079718Z  INFO awase_windows::tsf::win_event_obs: [gji-obs] candidate HIDE: last_gji_write=1922ms ago
2026-09-21T01:06:25.089671Z DEBUG awase_windows::tsf::gji_monitor: [gji-io] WRITE: w_ops=+2 w_KB=+1.8 (r_ops=+4 x_ops=+4 x_KB=+0.0)
2026-09-21T01:06:25.111284Z DEBUG awase_windows::runtime::ime_refresh: Skipping observer/SSOT write: typing active (idle=31ms)
2026-09-21T01:06:25.199154Z DEBUG awase_windows::runtime::key_pipeline: [engine-input] vk=0x1C KeyUp ts=170809425us delay=0ms state=Idle mods(c=false s=false a=false w=false) gas_ctrl=false phys_ctrl=false extra=0x5350494B pending_drain=0 gate_active=false l_thumb=None r_thumb=None [diag-ctx] ime_on
2026-09-21T01:06:25.199233Z DEBUG awase::journal: key input seq=372 elapsed_ms=170794 vk_code=28 is_down=false injected=false key_class="RightThumb" state_before="Idle" state_after="Idle" decision="PassThrough" physical="Allow" repeat_count=1 last_timestamp_us=170809425 last_elapsed_ms=0
2026-09-21T01:06:25.199341Z DEBUG execute_one{generation=None}: awase_windows::runtime::executor: [reinject] vk=0x1c up (queued passthrough now firing)
2026-09-21T01:06:27.015248Z DEBUG awase_windows::hook: [hook] IME-mode vk=0xF3 up self_injected=false injected=false scan=0x29 extra=0x5350494B since_actuation_us=Some(172527348)
2026-09-21T01:06:27.015507Z DEBUG awase::journal: hook ime-mode diagnostic seq=373 elapsed_ms=172610 vk_code=243 is_down=false self_injected=false injected=false scan=41
2026-09-21T01:06:27.015814Z DEBUG awase_windows::runtime::key_pipeline: [engine-input] vk=0xF3 KeyUp ts=172625920us delay=0ms state=Idle mods(c=false s=false a=false w=false) gas_ctrl=false phys_ctrl=false extra=0x5350494B pending_drain=0 gate_active=false l_thumb=None r_thumb=None [diag-ctx] ime_on
2026-09-21T01:06:27.015832Z DEBUG awase_windows::hook: [hook] IME-mode vk=0xF4 down self_injected=false injected=false scan=0x29 extra=0x5350494B since_actuation_us=Some(172527955)
2026-09-21T01:06:27.015930Z DEBUG awase::journal: key input seq=374 elapsed_ms=172611 vk_code=243 is_down=false injected=false key_class="Passthrough" state_before="Idle" state_after="Idle" decision="PassThrough" physical="Allow" repeat_count=1 last_timestamp_us=172625920 last_elapsed_ms=0
2026-09-21T01:06:27.016049Z DEBUG execute_from_hook: awase_windows::runtime::executor: [relay-passthrough] PassThrough idle: direct OS pass-through (vk=0xf3 up)
2026-09-21T01:06:27.016345Z DEBUG awase::journal: hook ime-mode diagnostic seq=375 elapsed_ms=172611 vk_code=244 is_down=true self_injected=false injected=false scan=41
2026-09-21T01:06:27.016556Z DEBUG awase_windows::runtime::key_pipeline: [engine-input] vk=0xF4 KeyDown ts=172626412us delay=0ms state=Idle mods(c=false s=false a=false w=false) gas_ctrl=false phys_ctrl=false extra=0x5350494B pending_drain=0 gate_active=false l_thumb=None r_thumb=None [diag-ctx] ime_
2026-09-21T01:06:27.016651Z DEBUG awase::journal: key input seq=376 elapsed_ms=172612 vk_code=244 is_down=true injected=false key_class="Passthrough" state_before="Idle" state_after="Idle" decision="PassThrough" physical="Allow" repeat_count=1 last_timestamp_us=172626412 last_elapsed_ms=0
2026-09-21T01:06:27.016732Z DEBUG awase_windows::runtime::key_pipeline: may_change_ime key passed through → IME refresh scheduled (20ms)
2026-09-21T01:06:27.016797Z  INFO awase_windows::runtime::key_pipeline: [mode-key-follow] mode key PassThrough(vk=0xF4): IME refresh scheduled (20ms)
2026-09-21T01:06:27.016867Z DEBUG execute_from_hook: awase_windows::runtime::transport: [relay-defer] PassThrough deferred: pending effects, reinject(vk=0xf4 down)
2026-09-21T01:06:27.016961Z DEBUG execute_one{generation=None}: awase_windows::runtime::executor: [reinject] vk=0xf3 up (queued passthrough now firing)
2026-09-21T01:06:27.017039Z DEBUG execute_one{generation=None}: awase_windows::runtime::executor: [reinject] vk=0xf4 down (queued passthrough now firing)
2026-09-21T01:06:27.017561Z DEBUG awase_windows::hook: [hook] IME-mode vk=0xF4 down self_injected=true injected=true scan=0x0 extra=0x4B45594D since_actuation_us=Some(172529664)
2026-09-21T01:06:27.019435Z DEBUG awase::journal: hook ime-mode diagnostic seq=377 elapsed_ms=172614 vk_code=244 is_down=true self_injected=true injected=true scan=0
2026-09-21T01:06:27.030021Z DEBUG awase_windows::tsf::gji_monitor: [gji-io] WRITE: w_ops=+2 w_KB=+1.5 (r_ops=+4 x_ops=+4 x_KB=+0.0)
2026-09-21T01:06:27.050266Z DEBUG awase_windows::runtime::ime_refresh: Skipping observer/SSOT write: typing active (idle=31ms)
2026-09-21T01:06:28.957322Z DEBUG awase_windows::runtime::key_pipeline: [engine-input] vk=0x1B KeyDown ts=174567633us delay=0ms state=Idle mods(c=false s=false a=false w=false) gas_ctrl=false phys_ctrl=false extra=0x5350494B pending_drain=0 gate_active=false l_thumb=None r_thumb=None [diag-ctx] ime_
2026-09-21T01:06:28.957395Z DEBUG awase::journal: key input seq=378 elapsed_ms=174552 vk_code=27 is_down=true injected=false key_class="Passthrough" state_before="Idle" state_after="Idle" decision="PassThrough" physical="Allow" repeat_count=1 last_timestamp_us=174567633 last_elapsed_ms=0
2026-09-21T01:06:28.957461Z DEBUG execute_from_hook: awase_windows::tsf::probe: [composition] marked cold reason=PassthroughConfirmKey idle=7688ms → next VK/TSF output will send VK_DBE_HIRAGANA warmup
2026-09-21T01:06:28.957473Z DEBUG execute_from_hook: awase_windows::tsf::probe: [mark-send] last_send_ms=44800000
2026-09-21T01:06:28.957503Z DEBUG execute_from_hook: awase_windows::platform: [composition-fsm] EmitWarmup (ConfirmKeyDown)
2026-09-21T01:06:28.957514Z DEBUG execute_from_hook: awase_windows::runtime::executor: [relay-passthrough] PassThrough idle: direct OS pass-through (vk=0x1b down)
2026-09-21T01:06:28.957529Z DEBUG awase::journal: gji fsm transition seq=379 elapsed_ms=174552 trigger="CompositionReset(gji_idle_ms=1922)" state_before="OffCold" state_after="OffCold"
2026-09-21T01:06:28.957557Z DEBUG awase_windows::runtime::executor: [reinject-guard] suspending drain for 50ms (vk=0x1b)
2026-09-21T01:06:29.019832Z DEBUG execute_one{generation=None}: awase_windows::runtime::executor: [reinject] vk=0x1b down (queued passthrough now firing)
2026-09-21T01:06:29.019966Z DEBUG execute_one{generation=None}: awase_windows::platform: [composition] reinject KeyDown vk=0x1b → marking cold + eager warmup
2026-09-21T01:06:29.020002Z DEBUG execute_one{generation=None}: awase_windows::tsf::probe: [composition] marked cold reason=ReinjectConfirmKey idle=62ms → next VK/TSF output will send VK_DBE_HIRAGANA warmup
2026-09-21T01:06:29.020014Z DEBUG execute_one{generation=None}: awase_windows::tsf::probe: [mark-send] last_send_ms=44800062
2026-09-21T01:06:29.022265Z DEBUG awase::journal: gji fsm transition seq=380 elapsed_ms=174615 trigger="CompositionReset(gji_idle_ms=1984)" state_before="OffCold" state_after="OffCold"
2026-09-21T01:06:29.145654Z DEBUG awase_windows::runtime::key_pipeline: [engine-input] vk=0x1B KeyUp ts=174755868us delay=0ms state=Idle mods(c=false s=false a=false w=false) gas_ctrl=false phys_ctrl=false extra=0x5350494B pending_drain=0 gate_active=false l_thumb=None r_thumb=None [diag-ctx] ime_on
2026-09-21T01:06:29.145755Z DEBUG awase::journal: key input seq=381 elapsed_ms=174740 vk_code=27 is_down=false injected=false key_class="Passthrough" state_before="Idle" state_after="Idle" decision="PassThrough" physical="Allow" repeat_count=1 last_timestamp_us=174755868 last_elapsed_ms=0
2026-09-21T01:06:29.145858Z DEBUG execute_from_hook: awase_windows::runtime::executor: [relay-passthrough] PassThrough idle: direct OS pass-through (vk=0x1b up)
2026-09-21T01:06:29.145933Z DEBUG execute_one{generation=None}: awase_windows::runtime::executor: [reinject] vk=0x1b up (queued passthrough now firing)
2026-09-21T01:06:30.892840Z DEBUG awase_windows::hook: [hook] IME-mode vk=0xF0 up self_injected=false injected=false scan=0x70 extra=0x5350494B since_actuation_us=Some(176404943)
2026-09-21T01:06:30.893152Z DEBUG awase::journal: hook ime-mode diagnostic seq=382 elapsed_ms=176488 vk_code=240 is_down=false self_injected=false injected=false scan=112
2026-09-21T01:06:30.893329Z DEBUG awase_windows::hook: [hook] IME-mode vk=0xF2 down self_injected=false injected=false scan=0x70 extra=0x5350494B since_actuation_us=Some(176405434)
2026-09-21T01:06:30.893444Z DEBUG awase_windows::runtime::key_pipeline: [engine-input] vk=0xF0 KeyUp ts=176503471us delay=0ms state=Idle mods(c=false s=false a=false w=false) gas_ctrl=false phys_ctrl=false extra=0x5350494B pending_drain=0 gate_active=false l_thumb=None r_thumb=None [diag-ctx] ime_on
2026-09-21T01:06:30.893531Z DEBUG awase::journal: key input seq=383 elapsed_ms=176488 vk_code=240 is_down=false injected=false key_class="Passthrough" state_before="Idle" state_after="Idle" decision="PassThrough" physical="Allow" repeat_count=1 last_timestamp_us=176503471 last_elapsed_ms=0
2026-09-21T01:06:30.893607Z DEBUG execute_from_hook: awase_windows::runtime::executor: [relay-passthrough] PassThrough idle: direct OS pass-through (vk=0xf0 up)
2026-09-21T01:06:30.893649Z DEBUG awase::journal: hook ime-mode diagnostic seq=384 elapsed_ms=176488 vk_code=242 is_down=true self_injected=false injected=false scan=112
2026-09-21T01:06:30.893698Z DEBUG awase_windows::runtime::key_pipeline: [engine-input] vk=0xF2 KeyDown ts=176503910us delay=0ms state=Idle mods(c=false s=false a=false w=false) gas_ctrl=false phys_ctrl=false extra=0x5350494B pending_drain=0 gate_active=false l_thumb=None r_thumb=None [diag-ctx] ime_
2026-09-21T01:06:30.893780Z DEBUG awase::journal: key input seq=385 elapsed_ms=176488 vk_code=242 is_down=true injected=false key_class="Passthrough" state_before="Idle" state_after="Idle" decision="PassThrough" physical="Allow" repeat_count=1 last_timestamp_us=176503910 last_elapsed_ms=0
2026-09-21T01:06:30.893814Z DEBUG awase_windows::runtime::key_pipeline: may_change_ime key passed through → IME refresh scheduled (20ms)
2026-09-21T01:06:30.893843Z  INFO awase_windows::runtime::key_pipeline: [mode-key-follow] mode key PassThrough(vk=0xF2): IME refresh scheduled (20ms)
2026-09-21T01:06:30.893861Z DEBUG awase_windows::tsf::probe: [composition] marked cold reason=F2NonTsf idle=1875ms → next VK/TSF output will send VK_DBE_HIRAGANA warmup
2026-09-21T01:06:30.893908Z DEBUG execute_from_hook: awase_windows::runtime::transport: [relay-defer] PassThrough deferred: pending effects, reinject(vk=0xf2 down)
2026-09-21T01:06:30.893928Z DEBUG awase::journal: gji fsm transition seq=386 elapsed_ms=176488 trigger="CompositionReset(gji_idle_ms=3859)" state_before="OffCold" state_after="OffCold"
2026-09-21T01:06:30.893952Z DEBUG execute_one{generation=None}: awase_windows::runtime::executor: [reinject] vk=0xf0 up (queued passthrough now firing)
2026-09-21T01:06:30.893980Z DEBUG execute_one{generation=None}: awase_windows::runtime::executor: [reinject] vk=0xf2 down (queued passthrough now firing)
2026-09-21T01:06:30.894391Z DEBUG awase_windows::hook: [hook] IME-mode vk=0xF0 up self_injected=true injected=false scan=0x0 extra=0x4B45594D since_actuation_us=Some(176406514)
2026-09-21T01:06:30.895949Z DEBUG awase_windows::hook: [hook] IME-mode vk=0xF2 down self_injected=true injected=true scan=0x0 extra=0x4B45594D since_actuation_us=Some(176408071)
2026-09-21T01:06:30.896573Z DEBUG awase::journal: hook ime-mode diagnostic seq=387 elapsed_ms=176491 vk_code=240 is_down=false self_injected=true injected=false scan=0
2026-09-21T01:06:30.896630Z DEBUG awase::journal: hook ime-mode diagnostic seq=388 elapsed_ms=176491 vk_code=242 is_down=true self_injected=true injected=true scan=0
2026-09-21T01:06:30.928345Z DEBUG awase_windows::runtime::ime_refresh: Skipping observer/SSOT write: typing active (idle=47ms)
2026-09-21T01:06:32.829040Z DEBUG awase_windows::hook: [hook] IME-mode vk=0xF2 down self_injected=false injected=false scan=0x70 extra=0x5350494B since_actuation_us=Some(178341139)
2026-09-21T01:06:32.829287Z DEBUG awase::journal: hook ime-mode diagnostic seq=389 elapsed_ms=178424 vk_code=242 is_down=true self_injected=false injected=false scan=112
2026-09-21T01:06:32.829581Z DEBUG awase_windows::runtime::key_pipeline: [engine-input] vk=0xF2 KeyDown ts=178439716us delay=0ms state=Idle mods(c=false s=false a=false w=false) gas_ctrl=false phys_ctrl=false extra=0x5350494B pending_drain=0 gate_active=false l_thumb=None r_thumb=None [diag-ctx] ime_
2026-09-21T01:06:32.829680Z DEBUG awase::journal: key input seq=390 elapsed_ms=178424 vk_code=242 is_down=true injected=false key_class="Passthrough" state_before="Idle" state_after="Idle" decision="PassThrough" physical="Allow" repeat_count=1 last_timestamp_us=178439716 last_elapsed_ms=0
2026-09-21T01:06:32.829771Z DEBUG awase_windows::runtime::key_pipeline: may_change_ime key passed through → IME refresh scheduled (20ms)
2026-09-21T01:06:32.829824Z  INFO awase_windows::runtime::key_pipeline: [mode-key-follow] mode key PassThrough(vk=0xF2): IME refresh scheduled (20ms)
2026-09-21T01:06:32.829854Z DEBUG awase_windows::tsf::probe: [composition] marked cold reason=F2NonTsf idle=3813ms → next VK/TSF output will send VK_DBE_HIRAGANA warmup
2026-09-21T01:06:32.829952Z DEBUG execute_from_hook: awase_windows::runtime::executor: [relay-passthrough] PassThrough idle: direct OS pass-through (vk=0xf2 down)
2026-09-21T01:06:32.829978Z DEBUG awase::journal: gji fsm transition seq=391 elapsed_ms=178424 trigger="CompositionReset(gji_idle_ms=5797)" state_before="OffCold" state_after="OffCold"
2026-09-21T01:06:32.830051Z DEBUG execute_one{generation=None}: awase_windows::runtime::executor: [reinject] vk=0xf2 down (queued passthrough now firing)
2026-09-21T01:06:32.830805Z DEBUG awase_windows::hook: [hook] IME-mode vk=0xF2 down self_injected=true injected=true scan=0x0 extra=0x4B45594D since_actuation_us=Some(178342918)
2026-09-21T01:06:32.832627Z DEBUG awase::journal: hook ime-mode diagnostic seq=392 elapsed_ms=178427 vk_code=242 is_down=true self_injected=true injected=true scan=0
2026-09-21T01:06:32.864739Z DEBUG awase_windows::runtime::ime_refresh: Skipping observer/SSOT write: typing active (idle=46ms)
2026-09-21T01:06:34.766571Z DEBUG awase_windows::runtime::key_pipeline: [engine-input] vk=0x1C KeyDown ts=180376593us delay=0ms state=Idle mods(c=false s=false a=false w=false) gas_ctrl=false phys_ctrl=false extra=0x5350494B pending_drain=0 gate_active=false l_thumb=None r_thumb=Some(180376585) [dia
2026-09-21T01:06:34.766660Z DEBUG awase::journal: key input seq=393 elapsed_ms=180361 vk_code=28 is_down=true injected=false key_class="RightThumb" state_before="Idle" state_after="Idle" decision="PassThrough" physical="Allow" repeat_count=1 last_timestamp_us=180376593 last_elapsed_ms=0
2026-09-21T01:06:34.766726Z  INFO awase_windows::runtime::key_pipeline: [mode-key-follow] mode key PassThrough(vk=0x1C): IME refresh scheduled (20ms)
2026-09-21T01:06:34.766826Z DEBUG execute_one{generation=None}: awase_windows::runtime::executor: [reinject] vk=0x1c down (queued passthrough now firing)
2026-09-21T01:06:34.780809Z DEBUG awase_windows::tsf::gji_monitor: [gji-io] WRITE: w_ops=+2 w_KB=+0.0 (r_ops=+4 x_ops=+4 x_KB=+0.0)
2026-09-21T01:06:34.801504Z DEBUG awase_windows::runtime::ime_refresh: Skipping observer/SSOT write: typing active (idle=31ms)
2026-09-21T01:06:34.892576Z DEBUG awase_windows::runtime::key_pipeline: [engine-input] vk=0x1C KeyUp ts=180502898us delay=0ms state=Idle mods(c=false s=false a=false w=false) gas_ctrl=false phys_ctrl=false extra=0x5350494B pending_drain=0 gate_active=false l_thumb=None r_thumb=None [diag-ctx] ime_on
2026-09-21T01:06:34.892661Z DEBUG awase::journal: key input seq=394 elapsed_ms=180487 vk_code=28 is_down=false injected=false key_class="RightThumb" state_before="Idle" state_after="Idle" decision="PassThrough" physical="Allow" repeat_count=1 last_timestamp_us=180502898 last_elapsed_ms=0
2026-09-21T01:06:34.892800Z DEBUG execute_one{generation=None}: awase_windows::runtime::executor: [reinject] vk=0x1c up (queued passthrough now firing)
2026-09-21T01:06:36.702374Z DEBUG awase_windows::runtime::key_pipeline: [engine-input] vk=0x1D KeyDown ts=182310877us delay=1ms state=Idle mods(c=false s=false a=false w=false) gas_ctrl=false phys_ctrl=false extra=0x5350494B pending_drain=0 gate_active=false l_thumb=Some(182310863) r_thumb=None [dia
2026-09-21T01:06:36.702499Z DEBUG awase::journal: key input seq=395 elapsed_ms=182297 vk_code=29 is_down=true injected=false key_class="LeftThumb" state_before="Idle" state_after="Idle" decision="PassThrough" physical="Allow" repeat_count=1 last_timestamp_us=182310877 last_elapsed_ms=0
2026-09-21T01:06:36.702587Z  INFO awase_windows::runtime::key_pipeline: [mode-key-follow] mode key PassThrough(vk=0x1D): IME refresh scheduled (20ms)
2026-09-21T01:06:36.702718Z DEBUG execute_one{generation=None}: awase_windows::runtime::executor: [reinject] vk=0x1d down (queued passthrough now firing)
2026-09-21T01:06:36.715675Z DEBUG awase_windows::tsf::gji_monitor: [gji-io] WRITE: w_ops=+2 w_KB=+0.0 (r_ops=+4 x_ops=+4 x_KB=+0.0)
2026-09-21T01:06:36.734743Z DEBUG awase_windows::runtime::ime_refresh: Skipping observer/SSOT write: typing active (idle=31ms)
2026-09-21T01:06:36.827734Z DEBUG awase_windows::runtime::key_pipeline: [engine-input] vk=0x1D KeyUp ts=182436256us delay=1ms state=Idle mods(c=false s=false a=false w=false) gas_ctrl=false phys_ctrl=false extra=0x5350494B pending_drain=0 gate_active=false l_thumb=None r_thumb=None [diag-ctx] ime_on
2026-09-21T01:06:36.828021Z DEBUG awase::journal: key input seq=396 elapsed_ms=182422 vk_code=29 is_down=false injected=false key_class="LeftThumb" state_before="Idle" state_after="Idle" decision="PassThrough" physical="Allow" repeat_count=1 last_timestamp_us=182436256 last_elapsed_ms=0
2026-09-21T01:06:36.828267Z DEBUG execute_one{generation=None}: awase_windows::runtime::executor: [reinject] vk=0x1d up (queued passthrough now firing)
2026-09-21T01:06:38.636645Z DEBUG awase_windows::hook: [hook] IME-mode vk=0xF3 up self_injected=false injected=false scan=0x29 extra=0x5350494B since_actuation_us=Some(184148751)
2026-09-21T01:06:38.637025Z DEBUG awase::journal: hook ime-mode diagnostic seq=397 elapsed_ms=184231 vk_code=243 is_down=false self_injected=false injected=false scan=41
2026-09-21T01:06:38.637048Z DEBUG awase_windows::hook: [hook] IME-mode vk=0xF4 down self_injected=false injected=false scan=0x29 extra=0x5350494B since_actuation_us=Some(184149158)
2026-09-21T01:06:38.637270Z DEBUG awase_windows::runtime::key_pipeline: [engine-input] vk=0xF3 KeyUp ts=184247291us delay=0ms state=Idle mods(c=false s=false a=false w=false) gas_ctrl=false phys_ctrl=false extra=0x5350494B pending_drain=0 gate_active=false l_thumb=None r_thumb=None [diag-ctx] ime_on
2026-09-21T01:06:38.637402Z DEBUG awase::journal: key input seq=398 elapsed_ms=184231 vk_code=243 is_down=false injected=false key_class="Passthrough" state_before="Idle" state_after="Idle" decision="PassThrough" physical="Allow" repeat_count=1 last_timestamp_us=184247291 last_elapsed_ms=0
2026-09-21T01:06:38.637494Z DEBUG execute_from_hook: awase_windows::runtime::executor: [relay-passthrough] PassThrough idle: direct OS pass-through (vk=0xf3 up)
2026-09-21T01:06:38.637561Z DEBUG awase::journal: hook ime-mode diagnostic seq=399 elapsed_ms=184231 vk_code=244 is_down=true self_injected=false injected=false scan=41
2026-09-21T01:06:38.637639Z DEBUG awase_windows::runtime::key_pipeline: [engine-input] vk=0xF4 KeyDown ts=184247652us delay=0ms state=Idle mods(c=false s=false a=false w=false) gas_ctrl=false phys_ctrl=false extra=0x5350494B pending_drain=0 gate_active=false l_thumb=None r_thumb=None [diag-ctx] ime_
2026-09-21T01:06:38.637692Z DEBUG awase::journal: key input seq=400 elapsed_ms=184232 vk_code=244 is_down=true injected=false key_class="Passthrough" state_before="Idle" state_after="Idle" decision="PassThrough" physical="Allow" repeat_count=1 last_timestamp_us=184247652 last_elapsed_ms=0
2026-09-21T01:06:38.637743Z DEBUG awase_windows::runtime::key_pipeline: may_change_ime key passed through → IME refresh scheduled (20ms)
2026-09-21T01:06:38.637787Z  INFO awase_windows::runtime::key_pipeline: [mode-key-follow] mode key PassThrough(vk=0xF4): IME refresh scheduled (20ms)
2026-09-21T01:06:38.637824Z DEBUG execute_from_hook: awase_windows::runtime::transport: [relay-defer] PassThrough deferred: pending effects, reinject(vk=0xf4 down)
2026-09-21T01:06:38.637871Z DEBUG execute_one{generation=None}: awase_windows::runtime::executor: [reinject] vk=0xf3 up (queued passthrough now firing)
2026-09-21T01:06:38.637911Z DEBUG execute_one{generation=None}: awase_windows::runtime::executor: [reinject] vk=0xf4 down (queued passthrough now firing)
2026-09-21T01:06:38.638570Z DEBUG awase_windows::hook: [hook] IME-mode vk=0xF4 down self_injected=true injected=true scan=0x0 extra=0x4B45594D since_actuation_us=Some(184150683)
2026-09-21T01:06:38.639535Z DEBUG awase::journal: hook ime-mode diagnostic seq=401 elapsed_ms=184233 vk_code=244 is_down=true self_injected=true injected=true scan=0
2026-09-21T01:06:38.651155Z DEBUG awase_windows::tsf::gji_monitor: [gji-io] WRITE: w_ops=+2 w_KB=+0.0 (r_ops=+4 x_ops=+4 x_KB=+0.0)
2026-09-21T01:06:38.670082Z DEBUG awase_windows::runtime::ime_refresh: Skipping observer/SSOT write: typing active (idle=31ms)
2026-09-21T01:06:40.575208Z DEBUG awase_windows::runtime::key_pipeline: [engine-input] vk=0x1D KeyDown ts=186185404us delay=0ms state=Idle mods(c=false s=false a=false w=false) gas_ctrl=false phys_ctrl=false extra=0x5350494B pending_drain=0 gate_active=false l_thumb=Some(186185393) r_thumb=None [dia
2026-09-21T01:06:40.575263Z DEBUG awase::journal: key input seq=402 elapsed_ms=186169 vk_code=29 is_down=true injected=false key_class="LeftThumb" state_before="Idle" state_after="Idle" decision="PassThrough" physical="Allow" repeat_count=1 last_timestamp_us=186185404 last_elapsed_ms=0
2026-09-21T01:06:40.575298Z  INFO awase_windows::runtime::key_pipeline: [mode-key-follow] mode key PassThrough(vk=0x1D): IME refresh scheduled (20ms)
2026-09-21T01:06:40.575447Z DEBUG execute_one{generation=None}: awase_windows::runtime::executor: [reinject] vk=0x1d down (queued passthrough now firing)
2026-09-21T01:06:40.590259Z DEBUG awase_windows::tsf::gji_monitor: [gji-io] WRITE: w_ops=+2 w_KB=+0.0 (r_ops=+4 x_ops=+4 x_KB=+0.0)
2026-09-21T01:06:40.609146Z DEBUG awase_windows::runtime::ime_refresh: Skipping observer/SSOT write: typing active (idle=31ms)
2026-09-21T01:06:40.702457Z DEBUG awase_windows::runtime::key_pipeline: [engine-input] vk=0x1D KeyUp ts=186312584us delay=0ms state=Idle mods(c=false s=false a=false w=false) gas_ctrl=false phys_ctrl=false extra=0x5350494B pending_drain=0 gate_active=false l_thumb=None r_thumb=None [diag-ctx] ime_on
2026-09-21T01:06:40.702620Z DEBUG awase::journal: key input seq=403 elapsed_ms=186296 vk_code=29 is_down=false injected=false key_class="LeftThumb" state_before="Idle" state_after="Idle" decision="PassThrough" physical="Allow" repeat_count=1 last_timestamp_us=186312584 last_elapsed_ms=0
2026-09-21T01:06:40.702860Z DEBUG execute_one{generation=None}: awase_windows::runtime::executor: [reinject] vk=0x1d up (queued passthrough now firing)
2026-09-21T01:06:42.516191Z DEBUG awase_windows::runtime::key_pipeline: [engine-input] vk=0x0D KeyDown ts=188126115us delay=0ms state=Idle mods(c=false s=false a=false w=false) gas_ctrl=false phys_ctrl=false extra=0x5350494B pending_drain=0 gate_active=false l_thumb=None r_thumb=None [diag-ctx] ime_
2026-09-21T01:06:42.516328Z DEBUG awase::journal: key input seq=404 elapsed_ms=188110 vk_code=13 is_down=true injected=false key_class="Passthrough" state_before="Idle" state_after="Idle" decision="PassThrough" physical="Allow" repeat_count=1 last_timestamp_us=188126115 last_elapsed_ms=0
2026-09-21T01:06:42.516468Z DEBUG execute_from_hook: awase_windows::tsf::probe: [composition] marked cold reason=PassthroughConfirmKey idle=13500ms → next VK/TSF output will send VK_DBE_HIRAGANA warmup
2026-09-21T01:06:42.516504Z DEBUG execute_from_hook: awase_windows::tsf::probe: [mark-send] last_send_ms=44813562
2026-09-21T01:06:42.516585Z DEBUG execute_from_hook: awase_windows::platform: [composition-fsm] EmitWarmup (ConfirmKeyDown)
2026-09-21T01:06:42.516619Z DEBUG execute_from_hook: awase_windows::runtime::executor: [relay-passthrough] PassThrough idle: direct OS pass-through (vk=0x0d down)
2026-09-21T01:06:42.516661Z DEBUG awase::journal: gji fsm transition seq=405 elapsed_ms=188110 trigger="CompositionReset(gji_idle_ms=1922)" state_before="OffCold" state_after="OffCold"
2026-09-21T01:06:42.516736Z DEBUG awase_windows::runtime::executor: [reinject-guard] suspending drain for 50ms (vk=0x0d)
2026-09-21T01:06:42.576367Z DEBUG execute_one{generation=None}: awase_windows::runtime::executor: [reinject] vk=0x0d down (queued passthrough now firing)
2026-09-21T01:06:42.576432Z DEBUG execute_one{generation=None}: awase_windows::platform: [composition] reinject KeyDown vk=0x0d → marking cold + eager warmup
2026-09-21T01:06:42.576459Z DEBUG execute_one{generation=None}: awase_windows::tsf::probe: [composition] marked cold reason=ReinjectConfirmKey idle=63ms → next VK/TSF output will send VK_DBE_HIRAGANA warmup
2026-09-21T01:06:42.576487Z DEBUG execute_one{generation=None}: awase_windows::tsf::probe: [mark-send] last_send_ms=44813625
2026-09-21T01:06:42.579799Z DEBUG awase::journal: gji fsm transition seq=406 elapsed_ms=188170 trigger="CompositionReset(gji_idle_ms=1985)" state_before="OffCold" state_after="OffCold"
2026-09-21T01:06:42.644569Z DEBUG awase_windows::runtime::key_pipeline: [engine-input] vk=0x0D KeyUp ts=188254768us delay=0ms state=Idle mods(c=false s=false a=false w=false) gas_ctrl=false phys_ctrl=false extra=0x5350494B pending_drain=0 gate_active=false l_thumb=None r_thumb=None [diag-ctx] ime_on
2026-09-21T01:06:42.644644Z DEBUG awase::journal: key input seq=407 elapsed_ms=188238 vk_code=13 is_down=false injected=false key_class="Passthrough" state_before="Idle" state_after="Idle" decision="PassThrough" physical="Allow" repeat_count=1 last_timestamp_us=188254768 last_elapsed_ms=0
2026-09-21T01:06:42.646503Z DEBUG execute_from_hook: awase_windows::runtime::executor: [relay-passthrough] PassThrough idle: direct OS pass-through (vk=0x0d up)
2026-09-21T01:06:42.646880Z DEBUG execute_one{generation=None}: awase_windows::runtime::executor: [reinject] vk=0x0d up (queued passthrough now firing)
2026-09-21T01:06:44.451427Z DEBUG awase_windows::runtime::key_pipeline: [engine-input] vk=0x0D KeyDown ts=190061386us delay=0ms state=Idle mods(c=false s=false a=false w=false) gas_ctrl=false phys_ctrl=false extra=0x5350494B pending_drain=0 gate_active=false l_thumb=None r_thumb=None [diag-ctx] ime_
2026-09-21T01:06:44.451766Z DEBUG awase::journal: key input seq=408 elapsed_ms=190045 vk_code=13 is_down=true injected=false key_class="Passthrough" state_before="Idle" state_after="Idle" decision="PassThrough" physical="Allow" repeat_count=1 last_timestamp_us=190061386 last_elapsed_ms=0
2026-09-21T01:06:44.451971Z DEBUG execute_from_hook: awase_windows::tsf::probe: [composition] marked cold reason=PassthroughConfirmKey idle=1875ms → next VK/TSF output will send VK_DBE_HIRAGANA warmup
2026-09-21T01:06:44.452010Z DEBUG execute_from_hook: awase_windows::tsf::probe: [mark-send] last_send_ms=44815500
2026-09-21T01:06:44.452101Z DEBUG execute_from_hook: awase_windows::platform: [composition-fsm] EmitWarmup (ConfirmKeyDown)
2026-09-21T01:06:44.452137Z DEBUG execute_from_hook: awase_windows::runtime::executor: [relay-passthrough] PassThrough idle: direct OS pass-through (vk=0x0d down)
2026-09-21T01:06:44.452183Z DEBUG awase::journal: gji fsm transition seq=409 elapsed_ms=190045 trigger="CompositionReset(gji_idle_ms=3860)" state_before="OffCold" state_after="OffCold"
2026-09-21T01:06:44.452371Z DEBUG awase_windows::runtime::executor: [reinject-guard] suspending drain for 50ms (vk=0x0d)
2026-09-21T01:06:44.513043Z DEBUG execute_one{generation=None}: awase_windows::runtime::executor: [reinject] vk=0x0d down (queued passthrough now firing)
2026-09-21T01:06:44.513119Z DEBUG execute_one{generation=None}: awase_windows::platform: [composition] reinject KeyDown vk=0x0d → marking cold + eager warmup
2026-09-21T01:06:44.513142Z DEBUG execute_one{generation=None}: awase_windows::tsf::probe: [composition] marked cold reason=ReinjectConfirmKey idle=62ms → next VK/TSF output will send VK_DBE_HIRAGANA warmup
2026-09-21T01:06:44.513165Z DEBUG execute_one{generation=None}: awase_windows::tsf::probe: [mark-send] last_send_ms=44815562
2026-09-21T01:06:44.517463Z DEBUG awase::journal: gji fsm transition seq=410 elapsed_ms=190107 trigger="CompositionReset(gji_idle_ms=3922)" state_before="OffCold" state_after="OffCold"
2026-09-21T01:06:44.576279Z DEBUG awase_windows::runtime::key_pipeline: [engine-input] vk=0x0D KeyUp ts=190186284us delay=0ms state=Idle mods(c=false s=false a=false w=false) gas_ctrl=false phys_ctrl=false extra=0x5350494B pending_drain=0 gate_active=false l_thumb=None r_thumb=None [diag-ctx] ime_on
2026-09-21T01:06:44.576437Z DEBUG awase::journal: key input seq=411 elapsed_ms=190170 vk_code=13 is_down=false injected=false key_class="Passthrough" state_before="Idle" state_after="Idle" decision="PassThrough" physical="Allow" repeat_count=1 last_timestamp_us=190186284 last_elapsed_ms=0
2026-09-21T01:06:44.576754Z DEBUG execute_from_hook: awase_windows::runtime::executor: [relay-passthrough] PassThrough idle: direct OS pass-through (vk=0x0d up)
2026-09-21T01:06:44.576952Z DEBUG execute_one{generation=None}: awase_windows::runtime::executor: [reinject] vk=0x0d up (queued passthrough now firing)
2026-09-21T01:06:46.394956Z DEBUG awase_windows::runtime::key_pipeline: [engine-input] vk=0x1D KeyDown ts=192005142us delay=0ms state=Idle mods(c=false s=false a=false w=false) gas_ctrl=false phys_ctrl=false extra=0x5350494B pending_drain=0 gate_active=false l_thumb=Some(192005135) r_thumb=None [dia
2026-09-21T01:06:46.395007Z DEBUG awase::journal: key input seq=412 elapsed_ms=191988 vk_code=29 is_down=true injected=false key_class="LeftThumb" state_before="Idle" state_after="Idle" decision="PassThrough" physical="Allow" repeat_count=1 last_timestamp_us=192005142 last_elapsed_ms=0
2026-09-21T01:06:46.395043Z  INFO awase_windows::runtime::key_pipeline: [mode-key-follow] mode key PassThrough(vk=0x1D): IME refresh scheduled (20ms)
2026-09-21T01:06:46.395091Z DEBUG execute_one{generation=None}: awase_windows::runtime::executor: [reinject] vk=0x1d down (queued passthrough now firing)
2026-09-21T01:06:46.409368Z DEBUG awase_windows::tsf::gji_monitor: [gji-io] WRITE: w_ops=+2 w_KB=+0.0 (r_ops=+4 x_ops=+4 x_KB=+0.0)
2026-09-21T01:06:46.427360Z DEBUG awase_windows::runtime::ime_refresh: Skipping observer/SSOT write: typing active (idle=47ms)
2026-09-21T01:06:46.521730Z DEBUG awase_windows::runtime::key_pipeline: [engine-input] vk=0x1D KeyUp ts=192131808us delay=0ms state=Idle mods(c=false s=false a=false w=false) gas_ctrl=false phys_ctrl=false extra=0x5350494B pending_drain=0 gate_active=false l_thumb=None r_thumb=None [diag-ctx] ime_on
2026-09-21T01:06:46.521785Z DEBUG awase::journal: key input seq=413 elapsed_ms=192115 vk_code=29 is_down=false injected=false key_class="LeftThumb" state_before="Idle" state_after="Idle" decision="PassThrough" physical="Allow" repeat_count=1 last_timestamp_us=192131808 last_elapsed_ms=0
2026-09-21T01:06:46.521864Z DEBUG execute_one{generation=None}: awase_windows::runtime::executor: [reinject] vk=0x1d up (queued passthrough now firing)
2026-09-21T01:06:48.351911Z DEBUG awase_windows::runtime::key_pipeline: [engine-input] vk=0x1B KeyDown ts=193962065us delay=0ms state=Idle mods(c=false s=false a=false w=false) gas_ctrl=false phys_ctrl=false extra=0x5350494B pending_drain=0 gate_active=false l_thumb=None r_thumb=None [diag-ctx] ime_
2026-09-21T01:06:48.352027Z DEBUG awase::journal: key input seq=414 elapsed_ms=193945 vk_code=27 is_down=true injected=false key_class="Passthrough" state_before="Idle" state_after="Idle" decision="PassThrough" physical="Allow" repeat_count=1 last_timestamp_us=193962065 last_elapsed_ms=0
2026-09-21T01:06:48.352131Z DEBUG execute_from_hook: awase_windows::tsf::probe: [composition] marked cold reason=PassthroughConfirmKey idle=3844ms → next VK/TSF output will send VK_DBE_HIRAGANA warmup
2026-09-21T01:06:48.352156Z DEBUG execute_from_hook: awase_windows::tsf::probe: [mark-send] last_send_ms=44819406
2026-09-21T01:06:48.352210Z DEBUG execute_from_hook: awase_windows::platform: [composition-fsm] EmitWarmup (ConfirmKeyDown)
2026-09-21T01:06:48.352301Z DEBUG execute_from_hook: awase_windows::runtime::executor: [relay-passthrough] PassThrough idle: direct OS pass-through (vk=0x1b down)
2026-09-21T01:06:48.352329Z DEBUG awase::journal: gji fsm transition seq=415 elapsed_ms=193945 trigger="CompositionReset(gji_idle_ms=1953)" state_before="OffCold" state_after="OffCold"
2026-09-21T01:06:48.352391Z DEBUG awase_windows::runtime::executor: [reinject-guard] suspending drain for 50ms (vk=0x1b)
2026-09-21T01:06:48.413288Z DEBUG execute_one{generation=None}: awase_windows::runtime::executor: [reinject] vk=0x1b down (queued passthrough now firing)
2026-09-21T01:06:48.413346Z DEBUG execute_one{generation=None}: awase_windows::platform: [composition] reinject KeyDown vk=0x1b → marking cold + eager warmup
2026-09-21T01:06:48.413364Z DEBUG execute_one{generation=None}: awase_windows::tsf::probe: [composition] marked cold reason=ReinjectConfirmKey idle=62ms → next VK/TSF output will send VK_DBE_HIRAGANA warmup
2026-09-21T01:06:48.413383Z DEBUG execute_one{generation=None}: awase_windows::tsf::probe: [mark-send] last_send_ms=44819468
2026-09-21T01:06:48.416122Z DEBUG awase::journal: gji fsm transition seq=416 elapsed_ms=194006 trigger="CompositionReset(gji_idle_ms=2015)" state_before="OffCold" state_after="OffCold"
2026-09-21T01:06:48.428175Z DEBUG awase_windows::tsf::gji_monitor: [gji-io] WRITE: w_ops=+1 w_KB=+0.0 (r_ops=+2 x_ops=+2 x_KB=+0.0)
2026-09-21T01:06:48.482609Z DEBUG awase_windows::runtime::key_pipeline: [engine-input] vk=0x1B KeyUp ts=194092882us delay=0ms state=Idle mods(c=false s=false a=false w=false) gas_ctrl=false phys_ctrl=false extra=0x5350494B pending_drain=0 gate_active=false l_thumb=None r_thumb=None [diag-ctx] ime_on
2026-09-21T01:06:48.482697Z DEBUG awase::journal: key input seq=417 elapsed_ms=194076 vk_code=27 is_down=false injected=false key_class="Passthrough" state_before="Idle" state_after="Idle" decision="PassThrough" physical="Allow" repeat_count=1 last_timestamp_us=194092882 last_elapsed_ms=0
2026-09-21T01:06:48.482781Z DEBUG execute_from_hook: awase_windows::runtime::executor: [relay-passthrough] PassThrough idle: direct OS pass-through (vk=0x1b up)
2026-09-21T01:06:48.483082Z DEBUG execute_one{generation=None}: awase_windows::runtime::executor: [reinject] vk=0x1b up (queued passthrough now firing)
2026-09-21T01:06:50.286037Z DEBUG awase_windows::runtime::key_pipeline: [engine-input] vk=0x0D KeyDown ts=195896113us delay=0ms state=Idle mods(c=false s=false a=false w=false) gas_ctrl=false phys_ctrl=false extra=0x5350494B pending_drain=0 gate_active=false l_thumb=None r_thumb=None [diag-ctx] ime_
2026-09-21T01:06:50.286156Z DEBUG awase::journal: key input seq=418 elapsed_ms=195879 vk_code=13 is_down=true injected=false key_class="Passthrough" state_before="Idle" state_after="Idle" decision="PassThrough" physical="Allow" repeat_count=1 last_timestamp_us=195896113 last_elapsed_ms=0
2026-09-21T01:06:50.286273Z DEBUG execute_from_hook: awase_windows::tsf::probe: [composition] marked cold reason=PassthroughConfirmKey idle=1860ms → next VK/TSF output will send VK_DBE_HIRAGANA warmup
2026-09-21T01:06:50.286296Z DEBUG execute_from_hook: awase_windows::tsf::probe: [mark-send] last_send_ms=44821328
2026-09-21T01:06:50.286351Z DEBUG execute_from_hook: awase_windows::platform: [composition-fsm] EmitWarmup (ConfirmKeyDown)
2026-09-21T01:06:50.286371Z DEBUG execute_from_hook: awase_windows::runtime::executor: [relay-passthrough] PassThrough idle: direct OS pass-through (vk=0x0d down)
2026-09-21T01:06:50.286398Z DEBUG awase::journal: gji fsm transition seq=419 elapsed_ms=195879 trigger="CompositionReset(gji_idle_ms=1844)" state_before="OffCold" state_after="OffCold"
2026-09-21T01:06:50.286464Z DEBUG awase_windows::runtime::executor: [reinject-guard] suspending drain for 35ms (vk=0x0d)
2026-09-21T01:06:50.347246Z DEBUG execute_one{generation=None}: awase_windows::runtime::executor: [reinject] vk=0x0d down (queued passthrough now firing)
2026-09-21T01:06:50.347293Z DEBUG execute_one{generation=None}: awase_windows::platform: [composition] reinject KeyDown vk=0x0d → marking cold + eager warmup
2026-09-21T01:06:50.347307Z DEBUG execute_one{generation=None}: awase_windows::tsf::probe: [composition] marked cold reason=ReinjectConfirmKey idle=62ms → next VK/TSF output will send VK_DBE_HIRAGANA warmup
2026-09-21T01:06:50.347322Z DEBUG execute_one{generation=None}: awase_windows::tsf::probe: [mark-send] last_send_ms=44821390
2026-09-21T01:06:50.348954Z DEBUG awase::journal: gji fsm transition seq=420 elapsed_ms=195940 trigger="CompositionReset(gji_idle_ms=1906)" state_before="OffCold" state_after="OffCold"
2026-09-21T01:06:50.362468Z DEBUG awase_windows::tsf::gji_monitor: [gji-io] WRITE: w_ops=+1 w_KB=+0.0 (r_ops=+2 x_ops=+2 x_KB=+0.0)
2026-09-21T01:06:50.411563Z DEBUG awase_windows::runtime::key_pipeline: [engine-input] vk=0x0D KeyUp ts=196021647us delay=0ms state=Idle mods(c=false s=false a=false w=false) gas_ctrl=false phys_ctrl=false extra=0x5350494B pending_drain=0 gate_active=false l_thumb=None r_thumb=None [diag-ctx] ime_on
2026-09-21T01:06:50.411679Z DEBUG awase::journal: key input seq=421 elapsed_ms=196005 vk_code=13 is_down=false injected=false key_class="Passthrough" state_before="Idle" state_after="Idle" decision="PassThrough" physical="Allow" repeat_count=1 last_timestamp_us=196021647 last_elapsed_ms=0
2026-09-21T01:06:50.411788Z DEBUG execute_from_hook: awase_windows::runtime::executor: [relay-passthrough] PassThrough idle: direct OS pass-through (vk=0x0d up)
2026-09-21T01:06:50.411871Z DEBUG execute_one{generation=None}: awase_windows::runtime::executor: [reinject] vk=0x0d up (queued passthrough now firing)
2026-09-21T01:06:52.218725Z DEBUG awase_windows::runtime::key_pipeline: [engine-input] vk=0x1C KeyDown ts=197828916us delay=0ms state=Idle mods(c=false s=false a=false w=false) gas_ctrl=false phys_ctrl=false extra=0x5350494B pending_drain=0 gate_active=false l_thumb=None r_thumb=Some(197828909) [dia
2026-09-21T01:06:52.218811Z DEBUG awase::journal: key input seq=422 elapsed_ms=197812 vk_code=28 is_down=true injected=false key_class="RightThumb" state_before="Idle" state_after="Idle" decision="PassThrough" physical="Allow" repeat_count=1 last_timestamp_us=197828916 last_elapsed_ms=0
2026-09-21T01:06:52.218847Z  INFO awase_windows::runtime::key_pipeline: [mode-key-follow] mode key PassThrough(vk=0x1C): IME refresh scheduled (20ms)
2026-09-21T01:06:52.218894Z DEBUG execute_one{generation=None}: awase_windows::runtime::executor: [reinject] vk=0x1c down (queued passthrough now firing)
2026-09-21T01:06:52.233339Z DEBUG awase_windows::tsf::gji_monitor: [gji-io] WRITE: w_ops=+2 w_KB=+0.0 (r_ops=+4 x_ops=+4 x_KB=+0.0)
2026-09-21T01:06:52.252848Z DEBUG awase_windows::runtime::ime_refresh: Skipping observer/SSOT write: typing active (idle=31ms)
2026-09-21T01:06:52.344459Z DEBUG awase_windows::runtime::key_pipeline: [engine-input] vk=0x1C KeyUp ts=197954768us delay=0ms state=Idle mods(c=false s=false a=false w=false) gas_ctrl=false phys_ctrl=false extra=0x5350494B pending_drain=0 gate_active=false l_thumb=None r_thumb=None [diag-ctx] ime_on
2026-09-21T01:06:52.344507Z DEBUG awase::journal: key input seq=423 elapsed_ms=197937 vk_code=28 is_down=false injected=false key_class="RightThumb" state_before="Idle" state_after="Idle" decision="PassThrough" physical="Allow" repeat_count=1 last_timestamp_us=197954768 last_elapsed_ms=0
2026-09-21T01:06:52.344572Z DEBUG execute_one{generation=None}: awase_windows::runtime::executor: [reinject] vk=0x1c up (queued passthrough now firing)
2026-09-21T01:06:54.156531Z DEBUG awase_windows::hook: [hook] IME-mode vk=0xF0 up self_injected=false injected=false scan=0x70 extra=0x5350494B since_actuation_us=Some(199668635)
2026-09-21T01:06:54.156785Z DEBUG awase_windows::hook: [hook] IME-mode vk=0xF2 down self_injected=false injected=false scan=0x70 extra=0x5350494B since_actuation_us=Some(199668911)
2026-09-21T01:06:54.156773Z DEBUG awase::journal: hook ime-mode diagnostic seq=424 elapsed_ms=199749 vk_code=240 is_down=false self_injected=false injected=false scan=112
2026-09-21T01:06:54.157020Z DEBUG awase_windows::runtime::key_pipeline: [engine-input] vk=0xF0 KeyUp ts=199767165us delay=0ms state=Idle mods(c=false s=false a=false w=false) gas_ctrl=false phys_ctrl=false extra=0x5350494B pending_drain=0 gate_active=false l_thumb=None r_thumb=None [diag-ctx] ime_on
2026-09-21T01:06:54.157067Z DEBUG awase::journal: key input seq=425 elapsed_ms=199750 vk_code=240 is_down=false injected=false key_class="Passthrough" state_before="Idle" state_after="Idle" decision="PassThrough" physical="Allow" repeat_count=1 last_timestamp_us=199767165 last_elapsed_ms=0
2026-09-21T01:06:54.157114Z DEBUG execute_from_hook: awase_windows::runtime::executor: [relay-passthrough] PassThrough idle: direct OS pass-through (vk=0xf0 up)
2026-09-21T01:06:54.157165Z DEBUG awase_windows::runtime::key_pipeline: [engine-input] vk=0xF2 KeyDown ts=199767341us delay=0ms state=Idle mods(c=false s=false a=false w=false) gas_ctrl=false phys_ctrl=false extra=0x5350494B pending_drain=0 gate_active=false l_thumb=None r_thumb=None [diag-ctx] ime_
2026-09-21T01:06:54.157195Z DEBUG awase::journal: key input seq=426 elapsed_ms=199750 vk_code=242 is_down=true injected=false key_class="Passthrough" state_before="Idle" state_after="Idle" decision="PassThrough" physical="Allow" repeat_count=1 last_timestamp_us=199767341 last_elapsed_ms=0
2026-09-21T01:06:54.157224Z DEBUG awase_windows::runtime::key_pipeline: may_change_ime key passed through → IME refresh scheduled (20ms)
2026-09-21T01:06:54.157249Z  INFO awase_windows::runtime::key_pipeline: [mode-key-follow] mode key PassThrough(vk=0xF2): IME refresh scheduled (20ms)
2026-09-21T01:06:54.157264Z DEBUG awase_windows::tsf::probe: [composition] marked cold reason=F2NonTsf idle=3813ms → next VK/TSF output will send VK_DBE_HIRAGANA warmup
2026-09-21T01:06:54.157306Z DEBUG execute_from_hook: awase_windows::runtime::transport: [relay-defer] PassThrough deferred: pending effects, reinject(vk=0xf2 down)
2026-09-21T01:06:54.157323Z DEBUG awase::journal: gji fsm transition seq=427 elapsed_ms=199750 trigger="CompositionReset(gji_idle_ms=1922)" state_before="OffCold" state_after="OffCold"
2026-09-21T01:06:54.157346Z DEBUG awase::journal: hook ime-mode diagnostic seq=428 elapsed_ms=199750 vk_code=242 is_down=true self_injected=false injected=false scan=112
2026-09-21T01:06:54.157366Z DEBUG execute_one{generation=None}: awase_windows::runtime::executor: [reinject] vk=0xf0 up (queued passthrough now firing)
2026-09-21T01:06:54.157391Z DEBUG execute_one{generation=None}: awase_windows::runtime::executor: [reinject] vk=0xf2 down (queued passthrough now firing)
2026-09-21T01:06:54.157683Z DEBUG awase_windows::hook: [hook] IME-mode vk=0xF0 up self_injected=true injected=false scan=0x0 extra=0x4B45594D since_actuation_us=Some(199669807)
2026-09-21T01:06:54.158540Z DEBUG awase_windows::hook: [hook] IME-mode vk=0xF2 down self_injected=true injected=true scan=0x0 extra=0x4B45594D since_actuation_us=Some(199670665)
2026-09-21T01:06:54.160058Z DEBUG awase::journal: hook ime-mode diagnostic seq=429 elapsed_ms=199753 vk_code=240 is_down=false self_injected=true injected=false scan=0
2026-09-21T01:06:54.160088Z DEBUG awase::journal: hook ime-mode diagnostic seq=430 elapsed_ms=199753 vk_code=242 is_down=true self_injected=true injected=true scan=0
2026-09-21T01:06:54.190871Z DEBUG awase_windows::runtime::ime_refresh: Skipping observer/SSOT write: typing active (idle=31ms)
2026-09-21T01:06:56.098689Z DEBUG awase_windows::runtime::key_pipeline: [engine-input] vk=0x41 KeyDown ts=201708849us delay=0ms state=Idle mods(c=false s=false a=false w=false) gas_ctrl=false phys_ctrl=false extra=0x5350494B pending_drain=0 gate_active=false l_thumb=None r_thumb=None [diag-ctx] ime_
2026-09-21T01:06:56.098752Z DEBUG awase::journal: key input seq=431 elapsed_ms=201691 vk_code=65 is_down=true injected=false key_class="Char" state_before="Idle" state_after="Idle" decision="PassThrough" physical="Allow" repeat_count=1 last_timestamp_us=201708849 last_elapsed_ms=0
2026-09-21T01:06:56.098834Z DEBUG execute_one{generation=None}: awase_windows::runtime::executor: [reinject] vk=0x41 down (queued passthrough now firing)
2026-09-21T01:06:56.224280Z DEBUG awase_windows::runtime::key_pipeline: [engine-input] vk=0x41 KeyUp ts=201834544us delay=0ms state=Idle mods(c=false s=false a=false w=false) gas_ctrl=false phys_ctrl=false extra=0x5350494B pending_drain=0 gate_active=false l_thumb=None r_thumb=None [diag-ctx] ime_on
2026-09-21T01:06:56.224341Z DEBUG awase::journal: key input seq=432 elapsed_ms=201817 vk_code=65 is_down=false injected=false key_class="Char" state_before="Idle" state_after="Idle" decision="PassThrough" physical="Allow" repeat_count=1 last_timestamp_us=201834544 last_elapsed_ms=0
2026-09-21T01:06:56.224424Z DEBUG execute_one{generation=None}: awase_windows::runtime::executor: [reinject] vk=0x41 up (queued passthrough now firing)
2026-09-21T01:06:58.027984Z DEBUG awase_windows::runtime::key_pipeline: [engine-input] vk=0x4B KeyDown ts=203638138us delay=0ms state=Idle mods(c=false s=false a=false w=false) gas_ctrl=false phys_ctrl=false extra=0x5350494B pending_drain=0 gate_active=false l_thumb=None r_thumb=None [diag-ctx] ime_
2026-09-21T01:06:58.028032Z DEBUG awase::journal: key input seq=433 elapsed_ms=203620 vk_code=75 is_down=true injected=false key_class="Char" state_before="Idle" state_after="Idle" decision="PassThrough" physical="Allow" repeat_count=1 last_timestamp_us=203638138 last_elapsed_ms=0
2026-09-21T01:06:58.028093Z DEBUG execute_one{generation=None}: awase_windows::runtime::executor: [reinject] vk=0x4b down (queued passthrough now firing)
2026-09-21T01:06:58.154521Z DEBUG awase_windows::runtime::key_pipeline: [engine-input] vk=0x4B KeyUp ts=203764655us delay=0ms state=Idle mods(c=false s=false a=false w=false) gas_ctrl=false phys_ctrl=false extra=0x5350494B pending_drain=0 gate_active=false l_thumb=None r_thumb=None [diag-ctx] ime_on
2026-09-21T01:06:58.154659Z DEBUG awase::journal: key input seq=434 elapsed_ms=203747 vk_code=75 is_down=false injected=false key_class="Char" state_before="Idle" state_after="Idle" decision="PassThrough" physical="Allow" repeat_count=1 last_timestamp_us=203764655 last_elapsed_ms=0
2026-09-21T01:06:58.154877Z DEBUG execute_one{generation=None}: awase_windows::runtime::executor: [reinject] vk=0x4b up (queued passthrough now firing)
2026-09-21T01:06:59.963560Z DEBUG awase_windows::hook: [hook] IME-mode vk=0xF3 up self_injected=false injected=false scan=0x29 extra=0x5350494B since_actuation_us=Some(205475662)
2026-09-21T01:06:59.963853Z DEBUG awase_windows::hook: [hook] IME-mode vk=0xF4 down self_injected=false injected=false scan=0x29 extra=0x5350494B since_actuation_us=Some(205475971)
2026-09-21T01:06:59.963855Z DEBUG awase::journal: hook ime-mode diagnostic seq=435 elapsed_ms=205556 vk_code=243 is_down=false self_injected=false injected=false scan=41
2026-09-21T01:06:59.964095Z DEBUG awase_windows::runtime::key_pipeline: [engine-input] vk=0xF3 KeyUp ts=205574212us delay=0ms state=Idle mods(c=false s=false a=false w=false) gas_ctrl=false phys_ctrl=false extra=0x5350494B pending_drain=0 gate_active=false l_thumb=None r_thumb=None [diag-ctx] ime_on
2026-09-21T01:06:59.964172Z DEBUG awase::journal: key input seq=436 elapsed_ms=205556 vk_code=243 is_down=false injected=false key_class="Passthrough" state_before="Idle" state_after="Idle" decision="PassThrough" physical="Allow" repeat_count=1 last_timestamp_us=205574212 last_elapsed_ms=0
2026-09-21T01:06:59.964313Z DEBUG execute_from_hook: awase_windows::runtime::executor: [relay-passthrough] PassThrough idle: direct OS pass-through (vk=0xf3 up)
2026-09-21T01:06:59.964395Z DEBUG awase_windows::runtime::key_pipeline: [engine-input] vk=0xF4 KeyDown ts=205574410us delay=0ms state=Idle mods(c=false s=false a=false w=false) gas_ctrl=false phys_ctrl=false extra=0x5350494B pending_drain=0 gate_active=false l_thumb=None r_thumb=None [diag-ctx] ime_
2026-09-21T01:06:59.964449Z DEBUG awase::journal: key input seq=437 elapsed_ms=205556 vk_code=244 is_down=true injected=false key_class="Passthrough" state_before="Idle" state_after="Idle" decision="PassThrough" physical="Allow" repeat_count=1 last_timestamp_us=205574410 last_elapsed_ms=0
2026-09-21T01:06:59.964499Z DEBUG awase_windows::runtime::key_pipeline: may_change_ime key passed through → IME refresh scheduled (20ms)
2026-09-21T01:06:59.964542Z  INFO awase_windows::runtime::key_pipeline: [mode-key-follow] mode key PassThrough(vk=0xF4): IME refresh scheduled (20ms)
2026-09-21T01:06:59.964579Z DEBUG execute_from_hook: awase_windows::runtime::transport: [relay-defer] PassThrough deferred: pending effects, reinject(vk=0xf4 down)
2026-09-21T01:06:59.964623Z DEBUG awase::journal: hook ime-mode diagnostic seq=438 elapsed_ms=205557 vk_code=244 is_down=true self_injected=false injected=false scan=41
2026-09-21T01:06:59.964658Z DEBUG execute_one{generation=None}: awase_windows::runtime::executor: [reinject] vk=0xf3 up (queued passthrough now firing)
2026-09-21T01:06:59.964700Z DEBUG execute_one{generation=None}: awase_windows::runtime::executor: [reinject] vk=0xf4 down (queued passthrough now firing)
2026-09-21T01:06:59.965146Z DEBUG awase_windows::hook: [hook] IME-mode vk=0xF4 down self_injected=true injected=true scan=0x0 extra=0x4B45594D since_actuation_us=Some(205477265)
2026-09-21T01:06:59.966893Z DEBUG awase::journal: hook ime-mode diagnostic seq=439 elapsed_ms=205559 vk_code=244 is_down=true self_injected=true injected=true scan=0
2026-09-21T01:06:59.978572Z DEBUG awase_windows::tsf::gji_monitor: [gji-io] WRITE: w_ops=+2 w_KB=+0.0 (r_ops=+4 x_ops=+4 x_KB=+0.0)
2026-09-21T01:06:59.998314Z DEBUG awase_windows::runtime::ime_refresh: Skipping observer/SSOT write: typing active (idle=31ms)
2026-09-21T01:07:01.907595Z DEBUG awase_windows::runtime::key_pipeline: [engine-input] vk=0x1D KeyDown ts=207517737us delay=0ms state=Idle mods(c=false s=false a=false w=false) gas_ctrl=false phys_ctrl=false extra=0x5350494B pending_drain=0 gate_active=false l_thumb=Some(207517688) r_thumb=None [dia
2026-09-21T01:07:01.907734Z DEBUG awase::journal: key input seq=440 elapsed_ms=207500 vk_code=29 is_down=true injected=false key_class="LeftThumb" state_before="Idle" state_after="Idle" decision="PassThrough" physical="Allow" repeat_count=1 last_timestamp_us=207517737 last_elapsed_ms=0
2026-09-21T01:07:01.907839Z  INFO awase_windows::runtime::key_pipeline: [mode-key-follow] mode key PassThrough(vk=0x1D): IME refresh scheduled (20ms)
2026-09-21T01:07:01.908089Z DEBUG execute_one{generation=None}: awase_windows::runtime::executor: [reinject] vk=0x1d down (queued passthrough now firing)
2026-09-21T01:07:01.920866Z DEBUG awase_windows::tsf::gji_monitor: [gji-io] WRITE: w_ops=+2 w_KB=+0.0 (r_ops=+4 x_ops=+4 x_KB=+0.0)
2026-09-21T01:07:01.941420Z DEBUG awase_windows::runtime::ime_refresh: Skipping observer/SSOT write: typing active (idle=31ms)
2026-09-21T01:07:02.030225Z DEBUG awase_windows::runtime::key_pipeline: [engine-input] vk=0x1D KeyUp ts=207640471us delay=0ms state=Idle mods(c=false s=false a=false w=false) gas_ctrl=false phys_ctrl=false extra=0x5350494B pending_drain=0 gate_active=false l_thumb=None r_thumb=None [diag-ctx] ime_on
2026-09-21T01:07:02.030356Z DEBUG awase::journal: key input seq=441 elapsed_ms=207622 vk_code=29 is_down=false injected=false key_class="LeftThumb" state_before="Idle" state_after="Idle" decision="PassThrough" physical="Allow" repeat_count=1 last_timestamp_us=207640471 last_elapsed_ms=0
2026-09-21T01:07:02.030950Z DEBUG execute_one{generation=None}: awase_windows::runtime::executor: [reinject] vk=0x1d up (queued passthrough now firing)
2026-09-21T01:07:05.353765Z DEBUG awase_windows::tsf::gji_monitor: [gji-io] WRITE: w_ops=+1 w_KB=+0.0 (r_ops=+2 x_ops=+2 x_KB=+0.0)
2026-09-21T01:07:05.363076Z DEBUG awase_windows::runtime: [focus-sync] hwnd=0x3031E class="CASCADIA_HOSTING_WINDOW_CLASS" app_kind=Win32 hint=ForceTsf → mode=Tsf
2026-09-21T01:07:05.363214Z DEBUG awase_windows::tsf::tsf_gate: [tsf-gate] focus change → PendingWarmup (held cleared)
2026-09-21T01:07:05.366948Z DEBUG awase_windows::runtime: [focus-sync] hwnd=0x40048 class="Windows.UI.Composition.DesktopWindowContentBridge" app_kind=Win32 hint=Default → mode=Unicode
2026-09-21T01:07:05.367027Z DEBUG awase_windows::output: [tsf-gate] focus change while PendingWarmup — held バッファを保持して再初期化スキップ (Chrome等の連続フォーカスイベント対策)
2026-09-21T01:07:05.368146Z DEBUG awase_windows::runtime: [focus-sync] hwnd=0x200C8 class="Windows.UI.Input.InputSite.WindowClass" app_kind=Uwp hint=ForceTsf → mode=Tsf
2026-09-21T01:07:05.368196Z DEBUG awase_windows::output: [tsf-gate] focus change while PendingWarmup — held バッファを保持して再初期化スキップ (Chrome等の連続フォーカスイベント対策)
2026-09-21T01:07:05.369187Z DEBUG awase_windows::tsf::gji_monitor: [gji-io] r_ops=+0 w_ops=+0 x_ops=+4 read_KB=+0.0 x_KB=+0.0
2026-09-21T01:07:05.401271Z DEBUG awase_windows::tsf::gji_monitor: [gji-io] WRITE: w_ops=+3 w_KB=+575.9 (r_ops=+0 x_ops=+18 x_KB=+0.0)
2026-09-21T01:07:05.417136Z DEBUG awase_windows::tsf::gji_monitor: [gji-io] r_ops=+0 w_ops=+0 x_ops=+65 read_KB=+0.0 x_KB=+0.0
2026-09-21T01:07:05.435937Z  INFO apply_focus_probe_result: awase_windows::runtime::focus_tracking: AppKind changed: Win32 → Uwp (class=Windows.UI.Input.InputSite.WindowClass)
2026-09-21T01:07:05.444501Z DEBUG apply_focus_probe_result: awase_windows::runtime::focus_tracking: Focus kind changed: TextInput → Undetermined (reason=Undetermined)
2026-09-21T01:07:05.444873Z DEBUG apply_focus_probe_result: awase::journal: focus transition seq=442 elapsed_ms=211036 changed_process=true changed_window=true changed_app_kind=true changed_focus_kind=true dwell_ms=195672 profile="TsfNative"
2026-09-21T01:07:05.445185Z  INFO apply_focus_probe_result: awase_windows::runtime::focus_tracking: FocusChange [5332→19092] Windows.UI.Input.InputSite.WindowClass: stale ime_on=false intent=None mode=ObservedRomaji japanese=true
2026-09-21T01:07:05.445223Z DEBUG apply_focus_probe_result: awase::journal: drift give-up interval ended seq=443 elapsed_ms=211037 reason="FocusChanged" interval_elapsed_ms=200527
2026-09-21T01:07:05.445256Z DEBUG apply_focus_probe_result: awase_windows::tsf::probe: [composition] focus changed → marked cold
2026-09-21T01:07:05.445291Z DEBUG apply_focus_probe_result: awase_windows::runtime: [keymap] active rules recomputed: 0 rule(s) for process="windowsterminal.exe"
2026-09-21T01:07:05.445314Z DEBUG apply_focus_probe_result: awase_windows::runtime::focus_tracking: [keymap] active rules updated on focus change: 0 rule(s) (hwnd=HWND(0x200c8) kind=Undetermined focus_epoch=3)
2026-09-21T01:07:05.445354Z DEBUG apply_focus_probe_result:reduce: awase_windows::state::ime_model: [explicit-intent] cleared (focus change)
2026-09-21T01:07:05.445388Z DEBUG apply_focus_probe_result: awase::journal: ime event seq=444 elapsed_ms=211037 event_kind="FocusChanged"
2026-09-21T01:07:05.445449Z DEBUG apply_focus_probe_result: awase_windows::runtime::focus_tracking: [focus] TsfNative/SSOT: cache restore スキップ (desired_open=true cache_hwnd=Some(131272) new_hwnd=131272) — 最初のキー入力で dispatch_ime が apply
2026-09-21T01:07:05.445750Z  INFO awase::engine::engine: Engine activated (ime=true, romaji=true, japanese=true, user=true, reason=Active)
2026-09-21T01:07:05.445822Z DEBUG execute_from_loop: awase_windows::runtime::executor: [focus-settle] SetOpen(true) effect stripped from decision (focus transition barrier still settling)
2026-09-21T01:07:05.450250Z DEBUG execute_from_loop:execute_one{generation=None}: awase_windows::platform: [engine-state-key] suppressed (polling/focus-triggered, enabled=true)
2026-09-21T01:07:05.450360Z DEBUG awase_windows::runtime: [focus-settle] SetOpen stripped from execute_from_loop decision → 250ms 後に refresh で再試行
2026-09-21T01:07:05.450446Z DEBUG awase_windows::runtime::ime_refresh: Skipping IMM query for known-broken class (shadow state SSOT)
2026-09-21T01:07:05.450455Z DEBUG awase_windows::observer::gji_observer: [gji-poll] GJI I/O 32ms ago predates focus change (32ms before focus) → skipped
2026-09-21T01:07:05.450470Z DEBUG awase_windows::runtime::ime_refresh: [composition] focus change → marking cold
2026-09-21T01:07:05.450480Z DEBUG awase_windows::tsf::probe: [composition] marked cold reason=FocusChange idle=15110ms → next VK/TSF output will send VK_DBE_HIRAGANA warmup
2026-09-21T01:07:05.450801Z DEBUG awase_windows::tsf::ime_mode_fsm: [ime-mode] FocusChange → Unknown
2026-09-21T01:07:05.450858Z DEBUG awase::journal: gji fsm transition seq=445 elapsed_ms=211042 trigger="FocusChange(gji_idle_ms=32)" state_before="OffCold" state_after="OffCold"
2026-09-21T01:07:05.450952Z DEBUG awase_windows::shadow_send_trace: [shadow-send] channel=SendInput kind=tsf_marker_warmup vk=[16] issue_us=211061437
2026-09-21T01:07:05.451147Z DEBUG awase_windows::hook: [hook] IME-mode vk=0x16 down self_injected=true injected=true scan=0xF2 extra=0x4B455946 since_actuation_us=Some(217)
2026-09-21T01:07:05.452508Z DEBUG awase_windows::hook: [hook] IME-mode vk=0x16 up self_injected=true injected=true scan=0xF2 extra=0x4B455946 since_actuation_us=Some(1577)
2026-09-21T01:07:05.454778Z  INFO awase_windows::output: [tsf-eager-warmup] VK_IME_ON 送信 (origin=gated), eager_warmup_sent_ms=44836500ms
2026-09-21T01:07:05.454916Z DEBUG awase_windows::runtime::ime_refresh: [composition] FocusChange: send_eager_tsf_warmup called (ime_on via warmup_ime_on())
2026-09-21T01:07:05.456263Z DEBUG awase_windows::platform: [ime-mode] FocusProbe: GJI actuation との交錯を検知 → hint更新をabandon
2026-09-21T01:07:05.456314Z DEBUG awase::journal: hook ime-mode diagnostic seq=446 elapsed_ms=211048 vk_code=22 is_down=true self_injected=true injected=true scan=242
2026-09-21T01:07:05.456334Z DEBUG awase::journal: hook ime-mode diagnostic seq=447 elapsed_ms=211048 vk_code=22 is_down=false self_injected=true injected=true scan=242
2026-09-21T01:07:05.463144Z DEBUG awase_windows::tsf::gji_monitor: [gji-io] WRITE: w_ops=+1 w_KB=+0.0 (r_ops=+2 x_ops=+2 x_KB=+0.0)
2026-09-21T01:07:05.702236Z DEBUG awase_windows::runtime::ime_refresh: Skipping IMM query for known-broken class (shadow state SSOT)
2026-09-21T01:07:05.702245Z DEBUG awase_windows::observer::gji_observer: [gji-poll] GJI I/O observed 235ms ago (after focus+15ms) → observer_poll=true
2026-09-21T01:07:05.702298Z DEBUG awase::journal: ime event seq=448 elapsed_ms=211294 event_kind="ObserverReported"
2026-09-21T01:07:10.537933Z  WARN awase_windows::runtime::message_handlers: Hook watchdog: no activity for 5093ms (OS全体の最終入力は5093ms前、OSも無操作のため単なるアイドルの可能性が高い)
2026-09-21T01:07:13.541634Z  WARN awase_windows::runtime::message_handlers: Hook watchdog: no activity for 8093ms (OS全体の最終入力は8093ms前、OSも無操作のため単なるアイドルの可能性が高い)
2026-09-21T01:07:16.544758Z  WARN awase_windows::runtime::message_handlers: Hook watchdog: no activity for 11093ms (OS全体の最終入力は11093ms前、OSも無操作のため単なるアイドルの可能性が高い)
2026-09-21T01:07:19.551091Z  WARN awase_windows::runtime::message_handlers: Hook watchdog: no activity for 14093ms (OS全体の最終入力は14093ms前、OSも無操作のため単なるアイドルの可能性が高い)
script error: Output type incorrect: bool (expecting ())
