[RUN 1/12 START]
=== IME key matrix spike (awase 非依存) ===
観測: A=IMM(ImmGet*) / B=WM_IME_CONTROL / T=TSFスレッドcompartment / G=TSFグローバルcompartment
conv の目安: 0x19=ひらがな(NATIVE|FULLSHAPE|ROMAN) 0x10=半角英数(ROMAN) 0x00=直接入力系
手順: awase を止める → 画面中段の案内に従ってキーを1回ずつ押す（全 2ラウンド×20ステップ、各押下後は3秒待機）
ROUND1=標準EDIT / ROUND2=RichEdit(TSFネイティブ)。そのキーが無い場合は Ctrl+Shift+F12 でスキップ
ログファイル: C:\Users\cuzic\scoop\persist\msys2\home\cuzic\awase-spike\target\debug\examples\ime_key_matrix_spike.log

=== ROUND 2/2: 対象コントロール = RichEdit 5.0(TSFネイティブ) ===
[AUTO] フォーカス復帰(入力欄)
[06:29:08.211Z] KEY [準備/その他] VK_IME_OFF vk=0x1A scan=0x00 press=06:29:07.706Z (injected)  状態=不明(A/B不一致)
    前     : A(open=? conv=?) B(open=? conv=?) T(open=? conv=?) G(open=? conv=?) comp="?" tail=""
    +100ms: A(open=1 conv=0x09) B(open=1 conv=0x09) T(open=1 conv=0x09) G(open=0 conv=0x00) comp="" tail=""
    +400ms: A(open=1 conv=0x09) B(open=1 conv=0x09) T(open=1 conv=0x09) G(open=0 conv=0x00) comp="" tail=""
    差分 (前→+100ms): Δ open A:?→1 B:?→1 / conv A:?→0x09 B:?→0x09 / tsf-thread open:?→1 conv:?→0x09 / comp:None→Some("")   (前→+400ms): Δ open A:?→1 B:?→1 / conv A:?→0x09 B:?→0x09 / tsf-thread open:?→1 conv:?→0x09 / comp:None→Some("")
[06:29:08.287Z] KEY [準備/その他] VK_IME_ON vk=0x16 scan=0x00 press=06:29:07.723Z (injected)  状態=不明(A/B不一致)
    前     : A(open=? conv=?) B(open=? conv=?) T(open=? conv=?) G(open=? conv=?) comp="?" tail=""
    +100ms: A(open=1 conv=0x09) B(open=1 conv=0x09) T(open=1 conv=0x09) G(open=0 conv=0x00) comp="" tail=""
    +400ms: A(open=1 conv=0x09) B(open=1 conv=0x09) T(open=1 conv=0x09) G(open=0 conv=0x00) comp="" tail=""
    差分 (前→+100ms): Δ open A:?→1 B:?→1 / conv A:?→0x09 B:?→0x09 / tsf-thread open:?→1 conv:?→0x09 / comp:None→Some("")   (前→+400ms): Δ open A:?→1 B:?→1 / conv A:?→0x09 B:?→0x09 / tsf-thread open:?→1 conv:?→0x09 / comp:None→Some("")
[06:29:08.832Z] KEY [SCRIPT 1/10 ひらがなキー 期待=ONのまま半角英数へ(conv 0x10)。Engine OFF(決定3保留のため遅延の可能性あり)] ひらがな(0xF2) vk=0xF2 scan=0x70 press=06:29:08.407Z (auto)  状態=IME ON・入力なし
    前     : A(open=1 conv=0x09) B(open=1 conv=0x09) T(open=1 conv=0x09) G(open=0 conv=0x00) comp="" tail=""
    +100ms: A(open=1 conv=0x10) B(open=1 conv=0x10) T(open=1 conv=0x10) G(open=0 conv=0x00) comp="" tail=""
    +400ms: A(open=1 conv=0x10) B(open=1 conv=0x10) T(open=1 conv=0x10) G(open=0 conv=0x00) comp="" tail=""
    差分 (前→+100ms): Δ conv A:0x09→0x10 B:0x09→0x10 / tsf-thread open:1→1 conv:0x09→0x10   (前→+400ms): Δ conv A:0x09→0x10 B:0x09→0x10 / tsf-thread open:1→1 conv:0x09→0x10
[06:29:09.268Z] KEY [準備/その他] ESC vk=0x1B scan=0x01 press=06:29:08.771Z (auto)  状態=IME ON・入力中
    前     : A(open=1 conv=0x10) B(open=1 conv=0x10) T(open=1 conv=0x10) G(open=0 conv=0x00) comp="k" tail=""
    +100ms: A(open=1 conv=0x10) B(open=1 conv=0x10) T(open=1 conv=0x10) G(open=0 conv=0x00) comp="" tail=""
    +400ms: A(open=1 conv=0x10) B(open=1 conv=0x10) T(open=1 conv=0x10) G(open=0 conv=0x00) comp="" tail=""
    差分 (前→+100ms): Δ comp:Some("k")→Some("")   (前→+400ms): Δ comp:Some("k")→Some("")
[06:29:10.515Z] KEY [SCRIPT 2/10 無変換 期待=IME OFF(直接入力)。Engine OFF] 無変換 vk=0x1D scan=0x7B press=06:29:10.016Z (auto)  状態=IME ON・入力なし
    前     : A(open=1 conv=0x10) B(open=1 conv=0x10) T(open=1 conv=0x10) G(open=0 conv=0x00) comp="" tail=""
    +100ms: A(open=0 conv=0x10) B(open=0 conv=0x10) T(open=0 conv=0x10) G(open=0 conv=0x00) comp="" tail=""
    +400ms: A(open=0 conv=0x10) B(open=0 conv=0x10) T(open=0 conv=0x10) G(open=0 conv=0x00) comp="" tail="k"
    差分 (前→+100ms): Δ open A:1→0 B:1→0 / tsf-thread open:1→0 conv:0x10→0x10   (前→+400ms): Δ open A:1→0 B:1→0 / tsf-thread open:1→0 conv:0x10→0x10 / tail:""→"k"
[06:29:11.074Z] KEY [準備/その他] ESC vk=0x1B scan=0x01 press=06:29:10.618Z (auto)  状態=直接入力
    前     : A(open=0 conv=0x10) B(open=0 conv=0x10) T(open=0 conv=0x10) G(open=0 conv=0x00) comp="" tail="k"
    +100ms: A(open=0 conv=0x10) B(open=0 conv=0x10) T(open=0 conv=0x10) G(open=0 conv=0x00) comp="" tail="k"
    +400ms: A(open=0 conv=0x10) B(open=0 conv=0x10) T(open=0 conv=0x10) G(open=0 conv=0x00) comp="" tail="k"
    差分 (前→+100ms): Δなし   (前→+400ms): Δなし
[06:29:12.200Z] KEY [SCRIPT 3/10 無変換 期待=IME ON・半角英数のまま(conv 0x10)。Engine は OFF のまま ← 決定2の核心] 無変換 vk=0x1D scan=0x7B press=06:29:11.701Z (auto)  状態=直接入力
    前     : A(open=0 conv=0x10) B(open=0 conv=0x10) T(open=0 conv=0x10) G(open=0 conv=0x00) comp="" tail="k"
    +100ms: A(open=1 conv=0x10) B(open=1 conv=0x10) T(open=1 conv=0x10) G(open=0 conv=0x00) comp="" tail="k"
    +400ms: A(open=1 conv=0x10) B(open=1 conv=0x10) T(open=1 conv=0x10) G(open=0 conv=0x00) comp="k" tail="k"
    差分 (前→+100ms): Δ open A:0→1 B:0→1 / tsf-thread open:0→1 conv:0x10→0x10   (前→+400ms): Δ open A:0→1 B:0→1 / tsf-thread open:0→1 conv:0x10→0x10 / comp:Some("")→Some("k")
[06:29:12.770Z] KEY [準備/その他] ESC vk=0x1B scan=0x01 press=06:29:12.297Z (auto)  状態=IME ON・入力中
    前     : A(open=1 conv=0x10) B(open=1 conv=0x10) T(open=1 conv=0x10) G(open=0 conv=0x00) comp="k" tail="k"
    +100ms: A(open=1 conv=0x10) B(open=1 conv=0x10) T(open=1 conv=0x10) G(open=0 conv=0x00) comp="" tail="k"
    +400ms: A(open=1 conv=0x10) B(open=1 conv=0x10) T(open=1 conv=0x10) G(open=0 conv=0x00) comp="" tail="k"
    差分 (前→+100ms): Δ comp:Some("k")→Some("")   (前→+400ms): Δ comp:Some("k")→Some("")
[06:29:13.927Z] KEY [SCRIPT 4/10 ひらがなキー 期待=かなに戻る(conv 0x19)。Engine ON(遅延の可能性あり)] ひらがな(0xF2) vk=0xF2 scan=0x70 press=06:29:13.334Z (auto)  状態=IME ON・入力なし
    前     : A(open=1 conv=0x10) B(open=1 conv=0x10) T(open=1 conv=0x10) G(open=0 conv=0x00) comp="" tail="k"
    +100ms: A(open=1 conv=0x19) B(open=1 conv=0x19) T(open=1 conv=0x19) G(open=0 conv=0x00) comp="" tail="k"
    +400ms: A(open=1 conv=0x19) B(open=1 conv=0x19) T(open=1 conv=0x19) G(open=0 conv=0x00) comp="き" tail="k"
    差分 (前→+100ms): Δ conv A:0x10→0x19 B:0x10→0x19 / tsf-thread open:1→1 conv:0x10→0x19   (前→+400ms): Δ conv A:0x10→0x19 B:0x10→0x19 / tsf-thread open:1→1 conv:0x10→0x19 / comp:Some("")→Some("き")
[06:29:14.519Z] KEY [準備/その他] ESC vk=0x1B scan=0x01 press=06:29:14.018Z (auto)  状態=IME ON・入力中
    前     : A(open=1 conv=0x19) B(open=1 conv=0x19) T(open=1 conv=0x19) G(open=0 conv=0x00) comp="き" tail="k"
    +100ms: A(open=1 conv=0x19) B(open=1 conv=0x19) T(open=1 conv=0x19) G(open=0 conv=0x00) comp="" tail="k"
    +400ms: A(open=1 conv=0x19) B(open=1 conv=0x19) T(open=1 conv=0x19) G(open=0 conv=0x00) comp="" tail="k"
    差分 (前→+100ms): Δ comp:Some("き")→Some("")   (前→+400ms): Δ comp:Some("き")→Some("")
[06:29:15.508Z] KEY [SCRIPT 5/10 無変換 期待=IME OFF。Engine OFF] 無変換 vk=0x1D scan=0x7B press=06:29:15.013Z (auto)  状態=IME ON・入力なし
    前     : A(open=1 conv=0x19) B(open=1 conv=0x19) T(open=1 conv=0x19) G(open=0 conv=0x00) comp="" tail="k"
    +100ms: A(open=0 conv=0x19) B(open=0 conv=0x19) T(open=0 conv=0x19) G(open=0 conv=0x00) comp="" tail="k"
    +400ms: A(open=0 conv=0x19) B(open=0 conv=0x19) T(open=0 conv=0x19) G(open=0 conv=0x00) comp="" tail="kk"
    差分 (前→+100ms): Δ open A:1→0 B:1→0 / tsf-thread open:1→0 conv:0x19→0x19   (前→+400ms): Δ open A:1→0 B:1→0 / tsf-thread open:1→0 conv:0x19→0x19 / tail:"k"→"kk"
[06:29:16.073Z] KEY [準備/その他] ESC vk=0x1B scan=0x01 press=06:29:15.599Z (auto)  状態=直接入力
    前     : A(open=0 conv=0x19) B(open=0 conv=0x19) T(open=0 conv=0x19) G(open=0 conv=0x00) comp="" tail="kk"
    +100ms: A(open=0 conv=0x19) B(open=0 conv=0x19) T(open=0 conv=0x19) G(open=0 conv=0x00) comp="" tail="kk"
    +400ms: A(open=0 conv=0x19) B(open=0 conv=0x19) T(open=0 conv=0x19) G(open=0 conv=0x00) comp="" tail="kk"
    差分 (前→+100ms): Δなし   (前→+400ms): Δなし
[06:29:16.185Z] KEY [準備/その他] ESC vk=0x1B scan=0x00 press=06:29:15.652Z (injected)  状態=直接入力
    前     : A(open=0 conv=0x19) B(open=0 conv=0x19) T(open=0 conv=0x19) G(open=0 conv=0x00) comp="" tail="kk"
    +100ms: A(open=0 conv=0x19) B(open=0 conv=0x19) T(open=0 conv=0x19) G(open=0 conv=0x00) comp="" tail="kk"
    +400ms: A(open=0 conv=0x19) B(open=0 conv=0x19) T(open=0 conv=0x19) G(open=0 conv=0x00) comp="" tail="kk"
    差分 (前→+100ms): Δなし   (前→+400ms): Δなし
[06:29:17.232Z] KEY [SCRIPT 6/10 無変換 期待=IME ON(かな)。Engine ON] 無変換 vk=0x1D scan=0x7B press=06:29:16.697Z (auto)  状態=直接入力
    前     : A(open=0 conv=0x19) B(open=0 conv=0x19) T(open=0 conv=0x19) G(open=0 conv=0x00) comp="" tail="kk"
    +100ms: A(open=1 conv=0x19) B(open=1 conv=0x19) T(open=1 conv=0x19) G(open=0 conv=0x00) comp="" tail="kk"
    +400ms: A(open=1 conv=0x19) B(open=1 conv=0x19) T(open=1 conv=0x19) G(open=0 conv=0x00) comp="き" tail="kk"
    差分 (前→+100ms): Δ open A:0→1 B:0→1 / tsf-thread open:0→1 conv:0x19→0x19   (前→+400ms): Δ open A:0→1 B:0→1 / tsf-thread open:0→1 conv:0x19→0x19 / comp:Some("")→Some("き")
[06:29:17.768Z] KEY [準備/その他] ESC vk=0x1B scan=0x01 press=06:29:17.312Z (auto)  状態=IME ON・入力中
    前     : A(open=1 conv=0x19) B(open=1 conv=0x19) T(open=1 conv=0x19) G(open=0 conv=0x00) comp="き" tail="kk"
    +100ms: A(open=1 conv=0x19) B(open=1 conv=0x19) T(open=1 conv=0x19) G(open=0 conv=0x00) comp="" tail="kk"
    +400ms: A(open=1 conv=0x19) B(open=1 conv=0x19) T(open=1 conv=0x19) G(open=0 conv=0x00) comp="" tail="kk"
    差分 (前→+100ms): Δ comp:Some("き")→Some("")   (前→+400ms): Δ comp:Some("き")→Some("")
[06:29:18.828Z] KEY [SCRIPT 7/10 ひらがなキー 期待=ONのまま半角英数へ。Engine は(遅延で)OFF] ひらがな(0xF2) vk=0xF2 scan=0x70 press=06:29:18.329Z (auto)  状態=IME ON・入力なし
    前     : A(open=1 conv=0x19) B(open=1 conv=0x19) T(open=1 conv=0x19) G(open=0 conv=0x00) comp="" tail="kk"
    +100ms: A(open=1 conv=0x10) B(open=1 conv=0x10) T(open=1 conv=0x10) G(open=0 conv=0x00) comp="" tail="kk"
    +400ms: A(open=1 conv=0x10) B(open=1 conv=0x10) T(open=1 conv=0x10) G(open=0 conv=0x00) comp="k" tail="kk"
    差分 (前→+100ms): Δ conv A:0x19→0x10 B:0x19→0x10 / tsf-thread open:1→1 conv:0x19→0x10   (前→+400ms): Δ conv A:0x19→0x10 B:0x19→0x10 / tsf-thread open:1→1 conv:0x19→0x10 / comp:Some("")→Some("k")
[06:29:19.393Z] KEY [準備/その他] ESC vk=0x1B scan=0x01 press=06:29:18.915Z (auto)  状態=IME ON・入力中
    前     : A(open=1 conv=0x10) B(open=1 conv=0x10) T(open=1 conv=0x10) G(open=0 conv=0x00) comp="k" tail="kk"
    +100ms: A(open=1 conv=0x10) B(open=1 conv=0x10) T(open=1 conv=0x10) G(open=0 conv=0x00) comp="" tail="kk"
    +400ms: A(open=1 conv=0x10) B(open=1 conv=0x10) T(open=1 conv=0x10) G(open=0 conv=0x00) comp="" tail="kk"
    差分 (前→+100ms): Δ comp:Some("k")→Some("")   (前→+400ms): Δ comp:Some("k")→Some("")
[06:29:20.514Z] KEY [SCRIPT 8/10 無変換 期待=IME OFF。Engine OFF] 無変換 vk=0x1D scan=0x7B press=06:29:20.017Z (auto)  状態=IME ON・入力なし
    前     : A(open=1 conv=0x10) B(open=1 conv=0x10) T(open=1 conv=0x10) G(open=0 conv=0x00) comp="" tail="kk"
    +100ms: A(open=0 conv=0x10) B(open=0 conv=0x10) T(open=0 conv=0x10) G(open=0 conv=0x00) comp="" tail="kk"
    +400ms: A(open=0 conv=0x10) B(open=0 conv=0x10) T(open=0 conv=0x10) G(open=0 conv=0x00) comp="" tail="kkk"
    差分 (前→+100ms): Δ open A:1→0 B:1→0 / tsf-thread open:1→0 conv:0x10→0x10   (前→+400ms): Δ open A:1→0 B:1→0 / tsf-thread open:1→0 conv:0x10→0x10 / tail:"kk"→"kkk"
[06:29:21.078Z] KEY [準備/その他] ESC vk=0x1B scan=0x01 press=06:29:20.593Z (auto)  状態=直接入力
    前     : A(open=0 conv=0x10) B(open=0 conv=0x10) T(open=0 conv=0x10) G(open=0 conv=0x00) comp="" tail="kkk"
    +100ms: A(open=0 conv=0x10) B(open=0 conv=0x10) T(open=0 conv=0x10) G(open=0 conv=0x00) comp="" tail="kkk"
    +400ms: A(open=0 conv=0x10) B(open=0 conv=0x10) T(open=0 conv=0x10) G(open=0 conv=0x00) comp="" tail="kkk"
    差分 (前→+100ms): Δなし   (前→+400ms): Δなし
[06:29:22.219Z] KEY [SCRIPT 9/10 無変換 期待=IME ON・半角英数のまま。Engine が ON にならないこと ← 退行窓の確認] 無変換 vk=0x1D scan=0x7B press=06:29:21.701Z (auto)  状態=直接入力
    前     : A(open=0 conv=0x10) B(open=0 conv=0x10) T(open=0 conv=0x10) G(open=0 conv=0x00) comp="" tail="kkk"
    +100ms: A(open=1 conv=0x10) B(open=1 conv=0x10) T(open=1 conv=0x10) G(open=0 conv=0x00) comp="" tail="kkk"
    +400ms: A(open=1 conv=0x10) B(open=1 conv=0x10) T(open=1 conv=0x10) G(open=0 conv=0x00) comp="k" tail="kkk"
    差分 (前→+100ms): Δ open A:0→1 B:0→1 / tsf-thread open:0→1 conv:0x10→0x10   (前→+400ms): Δ open A:0→1 B:0→1 / tsf-thread open:0→1 conv:0x10→0x10 / comp:Some("")→Some("k")
[06:29:22.897Z] KEY [準備/その他] ESC vk=0x1B scan=0x01 press=06:29:22.347Z (auto)  状態=IME ON・入力中
    前     : A(open=1 conv=0x10) B(open=1 conv=0x10) T(open=1 conv=0x10) G(open=0 conv=0x00) comp="k" tail="kkk"
    +100ms: A(open=1 conv=0x10) B(open=1 conv=0x10) T(open=1 conv=0x10) G(open=0 conv=0x00) comp="" tail="kkk"
    +400ms: A(open=1 conv=0x10) B(open=1 conv=0x10) T(open=1 conv=0x10) G(open=0 conv=0x00) comp="" tail="kkk"
    差分 (前→+100ms): Δ comp:Some("k")→Some("")   (前→+400ms): Δ comp:Some("k")→Some("")
[06:29:22.978Z] KEY [準備/その他] ESC vk=0x1B scan=0x00 press=06:29:22.363Z (injected)  状態=IME ON・入力中
    前     : A(open=1 conv=0x10) B(open=1 conv=0x10) T(open=1 conv=0x10) G(open=0 conv=0x00) comp="k" tail="kkk"
    +100ms: A(open=1 conv=0x10) B(open=1 conv=0x10) T(open=1 conv=0x10) G(open=0 conv=0x00) comp="" tail="kkk"
    +400ms: A(open=1 conv=0x10) B(open=1 conv=0x10) T(open=1 conv=0x10) G(open=0 conv=0x00) comp="" tail="kkk"
    差分 (前→+100ms): Δ comp:Some("k")→Some("")   (前→+400ms): Δ comp:Some("k")→Some("")
[06:29:23.804Z] KEY [SCRIPT 10/10 ひらがなキー 期待=かなに戻る(後片付け)] ひらがな(0xF2) vk=0xF2 scan=0x70 press=06:29:23.333Z (auto)  状態=IME ON・入力なし
    前     : A(open=1 conv=0x10) B(open=1 conv=0x10) T(open=1 conv=0x10) G(open=0 conv=0x00) comp="" tail="kkk"
    +100ms: A(open=1 conv=0x19) B(open=1 conv=0x19) T(open=1 conv=0x19) G(open=0 conv=0x00) comp="" tail="kkk"
    +400ms: A(open=1 conv=0x19) B(open=1 conv=0x19) T(open=1 conv=0x19) G(open=0 conv=0x00) comp="き" tail="kkk"
    差分 (前→+100ms): Δ conv A:0x10→0x19 B:0x10→0x19 / tsf-thread open:1→1 conv:0x10→0x19   (前→+400ms): Δ conv A:0x10→0x19 B:0x10→0x19 / tsf-thread open:1→1 conv:0x10→0x19 / comp:Some("")→Some("き")
[06:29:24.326Z] KEY [準備/その他] ESC vk=0x1B scan=0x01 press=06:29:23.873Z (auto)  状態=IME ON・入力中
    前     : A(open=1 conv=0x19) B(open=1 conv=0x19) T(open=1 conv=0x19) G(open=0 conv=0x00) comp="き" tail="kkk"
    +100ms: A(open=1 conv=0x19) B(open=1 conv=0x19) T(open=1 conv=0x19) G(open=0 conv=0x00) comp="" tail="kkk"
    +400ms: A(open=1 conv=0x19) B(open=1 conv=0x19) T(open=1 conv=0x19) G(open=0 conv=0x00) comp="" tail="kkk"
    差分 (前→+100ms): Δ comp:Some("き")→Some("")   (前→+400ms): Δ comp:Some("き")→Some("")
[AUTO] 全手順完了（1.5秒後に自動で閉じます）
[RUN 2/12 START]
=== IME key matrix spike (awase 非依存) ===
観測: A=IMM(ImmGet*) / B=WM_IME_CONTROL / T=TSFスレッドcompartment / G=TSFグローバルcompartment
conv の目安: 0x19=ひらがな(NATIVE|FULLSHAPE|ROMAN) 0x10=半角英数(ROMAN) 0x00=直接入力系
手順: awase を止める → 画面中段の案内に従ってキーを1回ずつ押す（全 2ラウンド×20ステップ、各押下後は3秒待機）
ROUND1=標準EDIT / ROUND2=RichEdit(TSFネイティブ)。そのキーが無い場合は Ctrl+Shift+F12 でスキップ
ログファイル: C:\Users\cuzic\scoop\persist\msys2\home\cuzic\awase-spike\target\debug\examples\ime_key_matrix_spike.log

=== ROUND 2/2: 対象コントロール = RichEdit 5.0(TSFネイティブ) ===
[AUTO] フォーカス復帰(前面ウィンドウ)
[AUTO] 準備 STEP 1: 現在=直接入力 必要=IME ON・かな・入力なし → VK 0x1C を注入
[06:29:28.486Z] KEY [準備/その他] 変換 vk=0x1C scan=0x79 press=06:29:27.988Z (auto)  状態=直接入力
    前     : A(open=0 conv=0x09) B(open=0 conv=0x09) T(open=0 conv=0x09) G(open=0 conv=0x00) comp="" tail=""
    +100ms: A(open=1 conv=0x19) B(open=1 conv=0x19) T(open=1 conv=0x19) G(open=0 conv=0x00) comp="" tail=""
    +400ms: A(open=1 conv=0x19) B(open=1 conv=0x19) T(open=1 conv=0x19) G(open=0 conv=0x00) comp="" tail=""
    差分 (前→+100ms): Δ open A:0→1 B:0→1 / conv A:0x09→0x19 B:0x09→0x19 / tsf-thread open:0→1 conv:0x09→0x19   (前→+400ms): Δ open A:0→1 B:0→1 / conv A:0x09→0x19 B:0x09→0x19 / tsf-thread open:0→1 conv:0x09→0x19
[06:29:29.775Z] KEY [SCRIPT 1/10 ひらがなキー 期待=ONのまま半角英数へ(conv 0x10)。Engine OFF(決定3保留のため遅延の可能性あり)] ひらがな(0xF2) vk=0xF2 scan=0x70 press=06:29:29.296Z (auto)  状態=IME ON・入力なし
    前     : A(open=1 conv=0x19) B(open=1 conv=0x19) T(open=1 conv=0x19) G(open=0 conv=0x00) comp="" tail=""
    +100ms: A(open=1 conv=0x10) B(open=1 conv=0x10) T(open=1 conv=0x10) G(open=0 conv=0x00) comp="" tail=""
    +400ms: A(open=1 conv=0x10) B(open=1 conv=0x10) T(open=1 conv=0x10) G(open=0 conv=0x00) comp="k" tail=""
    差分 (前→+100ms): Δ conv A:0x19→0x10 B:0x19→0x10 / tsf-thread open:1→1 conv:0x19→0x10   (前→+400ms): Δ conv A:0x19→0x10 B:0x19→0x10 / tsf-thread open:1→1 conv:0x19→0x10 / comp:Some("")→Some("k")
[06:29:30.355Z] KEY [準備/その他] ESC vk=0x1B scan=0x01 press=06:29:29.894Z (auto)  状態=IME ON・入力中
    前     : A(open=1 conv=0x10) B(open=1 conv=0x10) T(open=1 conv=0x10) G(open=0 conv=0x00) comp="k" tail=""
    +100ms: A(open=1 conv=0x10) B(open=1 conv=0x10) T(open=1 conv=0x10) G(open=0 conv=0x00) comp="" tail=""
    +400ms: A(open=1 conv=0x10) B(open=1 conv=0x10) T(open=1 conv=0x10) G(open=0 conv=0x00) comp="" tail=""
    差分 (前→+100ms): Δ comp:Some("k")→Some("")   (前→+400ms): Δ comp:Some("k")→Some("")
[06:29:31.494Z] KEY [SCRIPT 2/10 無変換 期待=IME OFF(直接入力)。Engine OFF] 無変換 vk=0x1D scan=0x7B press=06:29:30.978Z (auto)  状態=IME ON・入力なし
    前     : A(open=1 conv=0x10) B(open=1 conv=0x10) T(open=1 conv=0x10) G(open=0 conv=0x00) comp="" tail=""
    +100ms: A(open=0 conv=0x10) B(open=0 conv=0x10) T(open=0 conv=0x10) G(open=0 conv=0x00) comp="" tail=""
    +400ms: A(open=0 conv=0x10) B(open=0 conv=0x10) T(open=0 conv=0x10) G(open=0 conv=0x00) comp="" tail="k"
    差分 (前→+100ms): Δ open A:1→0 B:1→0 / tsf-thread open:1→0 conv:0x10→0x10   (前→+400ms): Δ open A:1→0 B:1→0 / tsf-thread open:1→0 conv:0x10→0x10 / tail:""→"k"
[06:29:32.052Z] KEY [準備/その他] ESC vk=0x1B scan=0x01 press=06:29:31.587Z (auto)  状態=直接入力
    前     : A(open=0 conv=0x10) B(open=0 conv=0x10) T(open=0 conv=0x10) G(open=0 conv=0x00) comp="" tail="k"
    +100ms: A(open=0 conv=0x10) B(open=0 conv=0x10) T(open=0 conv=0x10) G(open=0 conv=0x00) comp="" tail="k"
    +400ms: A(open=0 conv=0x10) B(open=0 conv=0x10) T(open=0 conv=0x10) G(open=0 conv=0x00) comp="" tail="k"
    差分 (前→+100ms): Δなし   (前→+400ms): Δなし
[06:29:33.105Z] KEY [SCRIPT 3/10 無変換 期待=IME ON・半角英数のまま(conv 0x10)。Engine は OFF のまま ← 決定2の核心] 無変換 vk=0x1D scan=0x7B press=06:29:32.614Z (auto)  状態=直接入力
    前     : A(open=0 conv=0x10) B(open=0 conv=0x10) T(open=0 conv=0x10) G(open=0 conv=0x00) comp="" tail="k"
    +100ms: A(open=1 conv=0x10) B(open=1 conv=0x10) T(open=1 conv=0x10) G(open=0 conv=0x00) comp="" tail="k"
    +400ms: A(open=1 conv=0x10) B(open=1 conv=0x10) T(open=1 conv=0x10) G(open=0 conv=0x00) comp="k" tail="k"
    差分 (前→+100ms): Δ open A:0→1 B:0→1 / tsf-thread open:0→1 conv:0x10→0x10   (前→+400ms): Δ open A:0→1 B:0→1 / tsf-thread open:0→1 conv:0x10→0x10 / comp:Some("")→Some("k")
[06:29:33.671Z] KEY [準備/その他] ESC vk=0x1B scan=0x01 press=06:29:33.189Z (auto)  状態=IME ON・入力中
    前     : A(open=1 conv=0x10) B(open=1 conv=0x10) T(open=1 conv=0x10) G(open=0 conv=0x00) comp="k" tail="k"
    +100ms: A(open=1 conv=0x10) B(open=1 conv=0x10) T(open=1 conv=0x10) G(open=0 conv=0x00) comp="" tail="k"
    +400ms: A(open=1 conv=0x10) B(open=1 conv=0x10) T(open=1 conv=0x10) G(open=0 conv=0x00) comp="" tail="k"
    差分 (前→+100ms): Δ comp:Some("k")→Some("")   (前→+400ms): Δ comp:Some("k")→Some("")
[06:29:34.768Z] KEY [SCRIPT 4/10 ひらがなキー 期待=かなに戻る(conv 0x19)。Engine ON(遅延の可能性あり)] ひらがな(0xF2) vk=0xF2 scan=0x70 press=06:29:34.289Z (auto)  状態=IME ON・入力なし
    前     : A(open=1 conv=0x10) B(open=1 conv=0x10) T(open=1 conv=0x10) G(open=0 conv=0x00) comp="" tail="k"
    +100ms: A(open=1 conv=0x19) B(open=1 conv=0x19) T(open=1 conv=0x19) G(open=0 conv=0x00) comp="" tail="k"
    +400ms: A(open=1 conv=0x19) B(open=1 conv=0x19) T(open=1 conv=0x19) G(open=0 conv=0x00) comp="き" tail="k"
    差分 (前→+100ms): Δ conv A:0x10→0x19 B:0x10→0x19 / tsf-thread open:1→1 conv:0x10→0x19   (前→+400ms): Δ conv A:0x10→0x19 B:0x10→0x19 / tsf-thread open:1→1 conv:0x10→0x19 / comp:Some("")→Some("き")
[06:29:35.300Z] KEY [準備/その他] ESC vk=0x1B scan=0x01 press=06:29:34.834Z (auto)  状態=IME ON・入力中
    前     : A(open=1 conv=0x19) B(open=1 conv=0x19) T(open=1 conv=0x19) G(open=0 conv=0x00) comp="き" tail="k"
    +100ms: A(open=1 conv=0x19) B(open=1 conv=0x19) T(open=1 conv=0x19) G(open=0 conv=0x00) comp="" tail="k"
    +400ms: A(open=1 conv=0x19) B(open=1 conv=0x19) T(open=1 conv=0x19) G(open=0 conv=0x00) comp="" tail="k"
    差分 (前→+100ms): Δ comp:Some("き")→Some("")   (前→+400ms): Δ comp:Some("き")→Some("")
[06:29:36.482Z] KEY [SCRIPT 5/10 無変換 期待=IME OFF。Engine OFF] 無変換 vk=0x1D scan=0x7B press=06:29:35.984Z (auto)  状態=IME ON・入力なし
    前     : A(open=1 conv=0x19) B(open=1 conv=0x19) T(open=1 conv=0x19) G(open=0 conv=0x00) comp="" tail="k"
    +100ms: A(open=0 conv=0x19) B(open=0 conv=0x19) T(open=0 conv=0x19) G(open=0 conv=0x00) comp="" tail="k"
    +400ms: A(open=0 conv=0x19) B(open=0 conv=0x19) T(open=0 conv=0x19) G(open=0 conv=0x00) comp="" tail="kk"
    差分 (前→+100ms): Δ open A:1→0 B:1→0 / tsf-thread open:1→0 conv:0x19→0x19   (前→+400ms): Δ open A:1→0 B:1→0 / tsf-thread open:1→0 conv:0x19→0x19 / tail:"k"→"kk"
[06:29:37.046Z] KEY [準備/その他] ESC vk=0x1B scan=0x01 press=06:29:36.564Z (auto)  状態=直接入力
    前     : A(open=0 conv=0x19) B(open=0 conv=0x19) T(open=0 conv=0x19) G(open=0 conv=0x00) comp="" tail="kk"
    +100ms: A(open=0 conv=0x19) B(open=0 conv=0x19) T(open=0 conv=0x19) G(open=0 conv=0x00) comp="" tail="kk"
    +400ms: A(open=0 conv=0x19) B(open=0 conv=0x19) T(open=0 conv=0x19) G(open=0 conv=0x00) comp="" tail="kk"
    差分 (前→+100ms): Δなし   (前→+400ms): Δなし
[06:29:37.135Z] KEY [準備/その他] ESC vk=0x1B scan=0x00 press=06:29:36.622Z (injected)  状態=直接入力
    前     : A(open=0 conv=0x19) B(open=0 conv=0x19) T(open=0 conv=0x19) G(open=0 conv=0x00) comp="" tail="kk"
    +100ms: A(open=0 conv=0x19) B(open=0 conv=0x19) T(open=0 conv=0x19) G(open=0 conv=0x00) comp="" tail="kk"
    +400ms: A(open=0 conv=0x19) B(open=0 conv=0x19) T(open=0 conv=0x19) G(open=0 conv=0x00) comp="" tail="kk"
    差分 (前→+100ms): Δなし   (前→+400ms): Δなし
[06:29:38.172Z] KEY [SCRIPT 6/10 無変換 期待=IME ON(かな)。Engine ON] 無変換 vk=0x1D scan=0x7B press=06:29:37.668Z (auto)  状態=直接入力
    前     : A(open=0 conv=0x19) B(open=0 conv=0x19) T(open=0 conv=0x19) G(open=0 conv=0x00) comp="" tail="kk"
    +100ms: A(open=1 conv=0x19) B(open=1 conv=0x19) T(open=1 conv=0x19) G(open=0 conv=0x00) comp="" tail="kk"
    +400ms: A(open=1 conv=0x19) B(open=1 conv=0x19) T(open=1 conv=0x19) G(open=0 conv=0x00) comp="き" tail="kk"
    差分 (前→+100ms): Δ open A:0→1 B:0→1 / tsf-thread open:0→1 conv:0x19→0x19   (前→+400ms): Δ open A:0→1 B:0→1 / tsf-thread open:0→1 conv:0x19→0x19 / comp:Some("")→Some("き")
[06:29:38.684Z] KEY [準備/その他] ESC vk=0x1B scan=0x01 press=06:29:38.237Z (auto)  状態=IME ON・入力中
    前     : A(open=1 conv=0x19) B(open=1 conv=0x19) T(open=1 conv=0x19) G(open=0 conv=0x00) comp="き" tail="kk"
    +100ms: A(open=1 conv=0x19) B(open=1 conv=0x19) T(open=1 conv=0x19) G(open=0 conv=0x00) comp="" tail="kk"
    +400ms: A(open=1 conv=0x19) B(open=1 conv=0x19) T(open=1 conv=0x19) G(open=0 conv=0x00) comp="" tail="kk"
    差分 (前→+100ms): Δ comp:Some("き")→Some("")   (前→+400ms): Δ comp:Some("き")→Some("")
[06:29:39.819Z] KEY [SCRIPT 7/10 ひらがなキー 期待=ONのまま半角英数へ。Engine は(遅延で)OFF] ひらがな(0xF2) vk=0xF2 scan=0x70 press=06:29:39.319Z (auto)  状態=IME ON・入力なし
    前     : A(open=1 conv=0x19) B(open=1 conv=0x19) T(open=1 conv=0x19) G(open=0 conv=0x00) comp="" tail="kk"
    +100ms: A(open=1 conv=0x10) B(open=1 conv=0x10) T(open=1 conv=0x10) G(open=0 conv=0x00) comp="" tail="kk"
    +400ms: A(open=1 conv=0x10) B(open=1 conv=0x10) T(open=1 conv=0x10) G(open=0 conv=0x00) comp="k" tail="kk"
    差分 (前→+100ms): Δ conv A:0x19→0x10 B:0x19→0x10 / tsf-thread open:1→1 conv:0x19→0x10   (前→+400ms): Δ conv A:0x19→0x10 B:0x19→0x10 / tsf-thread open:1→1 conv:0x19→0x10 / comp:Some("")→Some("k")
[06:29:40.378Z] KEY [準備/その他] ESC vk=0x1B scan=0x01 press=06:29:39.886Z (auto)  状態=IME ON・入力中
    前     : A(open=1 conv=0x10) B(open=1 conv=0x10) T(open=1 conv=0x10) G(open=0 conv=0x00) comp="k" tail="kk"
    +100ms: A(open=1 conv=0x10) B(open=1 conv=0x10) T(open=1 conv=0x10) G(open=0 conv=0x00) comp="" tail="kk"
    +400ms: A(open=1 conv=0x10) B(open=1 conv=0x10) T(open=1 conv=0x10) G(open=0 conv=0x00) comp="" tail="kk"
    差分 (前→+100ms): Δ comp:Some("k")→Some("")   (前→+400ms): Δ comp:Some("k")→Some("")
[06:29:41.504Z] KEY [SCRIPT 8/10 無変換 期待=IME OFF。Engine OFF] 無変換 vk=0x1D scan=0x7B press=06:29:41.004Z (auto)  状態=IME ON・入力なし
    前     : A(open=1 conv=0x10) B(open=1 conv=0x10) T(open=1 conv=0x10) G(open=0 conv=0x00) comp="" tail="kk"
    +100ms: A(open=0 conv=0x10) B(open=0 conv=0x10) T(open=0 conv=0x10) G(open=0 conv=0x00) comp="" tail="kk"
    +400ms: A(open=0 conv=0x10) B(open=0 conv=0x10) T(open=0 conv=0x10) G(open=0 conv=0x00) comp="" tail="kkk"
    差分 (前→+100ms): Δ open A:1→0 B:1→0 / tsf-thread open:1→0 conv:0x10→0x10   (前→+400ms): Δ open A:1→0 B:1→0 / tsf-thread open:1→0 conv:0x10→0x10 / tail:"kk"→"kkk"
[06:29:42.063Z] KEY [準備/その他] ESC vk=0x1B scan=0x01 press=06:29:41.613Z (auto)  状態=直接入力
    前     : A(open=0 conv=0x10) B(open=0 conv=0x10) T(open=0 conv=0x10) G(open=0 conv=0x00) comp="" tail="kkk"
    +100ms: A(open=0 conv=0x10) B(open=0 conv=0x10) T(open=0 conv=0x10) G(open=0 conv=0x00) comp="" tail="kkk"
    +400ms: A(open=0 conv=0x10) B(open=0 conv=0x10) T(open=0 conv=0x10) G(open=0 conv=0x00) comp="" tail="kkk"
    差分 (前→+100ms): Δなし   (前→+400ms): Δなし
[06:29:43.151Z] KEY [SCRIPT 9/10 無変換 期待=IME ON・半角英数のまま。Engine が ON にならないこと ← 退行窓の確認] 無変換 vk=0x1D scan=0x7B press=06:29:42.684Z (auto)  状態=直接入力
    前     : A(open=0 conv=0x10) B(open=0 conv=0x10) T(open=0 conv=0x10) G(open=0 conv=0x00) comp="" tail="kkk"
    +100ms: A(open=1 conv=0x10) B(open=1 conv=0x10) T(open=1 conv=0x10) G(open=0 conv=0x00) comp="" tail="kkk"
    +400ms: A(open=1 conv=0x10) B(open=1 conv=0x10) T(open=1 conv=0x10) G(open=0 conv=0x00) comp="k" tail="kkk"
    差分 (前→+100ms): Δ open A:0→1 B:0→1 / tsf-thread open:0→1 conv:0x10→0x10   (前→+400ms): Δ open A:0→1 B:0→1 / tsf-thread open:0→1 conv:0x10→0x10 / comp:Some("")→Some("k")
[06:29:43.689Z] KEY [準備/その他] ESC vk=0x1B scan=0x01 press=06:29:43.229Z (auto)  状態=IME ON・入力中
    前     : A(open=1 conv=0x10) B(open=1 conv=0x10) T(open=1 conv=0x10) G(open=0 conv=0x00) comp="k" tail="kkk"
    +100ms: A(open=1 conv=0x10) B(open=1 conv=0x10) T(open=1 conv=0x10) G(open=0 conv=0x00) comp="" tail="kkk"
    +400ms: A(open=1 conv=0x10) B(open=1 conv=0x10) T(open=1 conv=0x10) G(open=0 conv=0x00) comp="" tail="kkk"
    差分 (前→+100ms): Δ comp:Some("k")→Some("")   (前→+400ms): Δ comp:Some("k")→Some("")
[06:29:44.794Z] KEY [SCRIPT 10/10 ひらがなキー 期待=かなに戻る(後片付け)] ひらがな(0xF2) vk=0xF2 scan=0x70 press=06:29:44.314Z (auto)  状態=IME ON・入力なし
    前     : A(open=1 conv=0x10) B(open=1 conv=0x10) T(open=1 conv=0x10) G(open=0 conv=0x00) comp="" tail="kkk"
    +100ms: A(open=1 conv=0x19) B(open=1 conv=0x19) T(open=1 conv=0x19) G(open=0 conv=0x00) comp="" tail="kkk"
    +400ms: A(open=1 conv=0x19) B(open=1 conv=0x19) T(open=1 conv=0x19) G(open=0 conv=0x00) comp="き" tail="kkk"
    差分 (前→+100ms): Δ conv A:0x10→0x19 B:0x10→0x19 / tsf-thread open:1→1 conv:0x10→0x19   (前→+400ms): Δ conv A:0x10→0x19 B:0x10→0x19 / tsf-thread open:1→1 conv:0x10→0x19 / comp:Some("")→Some("き")
[06:29:45.314Z] KEY [準備/その他] ESC vk=0x1B scan=0x01 press=06:29:44.854Z (auto)  状態=IME ON・入力中
    前     : A(open=1 conv=0x19) B(open=1 conv=0x19) T(open=1 conv=0x19) G(open=0 conv=0x00) comp="き" tail="kkk"
    +100ms: A(open=1 conv=0x19) B(open=1 conv=0x19) T(open=1 conv=0x19) G(open=0 conv=0x00) comp="" tail="kkk"
    +400ms: A(open=1 conv=0x19) B(open=1 conv=0x19) T(open=1 conv=0x19) G(open=0 conv=0x00) comp="" tail="kkk"
    差分 (前→+100ms): Δ comp:Some("き")→Some("")   (前→+400ms): Δ comp:Some("き")→Some("")
[AUTO] 全手順完了（1.5秒後に自動で閉じます）
[RUN 3/12 START]
=== IME key matrix spike (awase 非依存) ===
観測: A=IMM(ImmGet*) / B=WM_IME_CONTROL / T=TSFスレッドcompartment / G=TSFグローバルcompartment
conv の目安: 0x19=ひらがな(NATIVE|FULLSHAPE|ROMAN) 0x10=半角英数(ROMAN) 0x00=直接入力系
手順: awase を止める → 画面中段の案内に従ってキーを1回ずつ押す（全 2ラウンド×20ステップ、各押下後は3秒待機）
ROUND1=標準EDIT / ROUND2=RichEdit(TSFネイティブ)。そのキーが無い場合は Ctrl+Shift+F12 でスキップ
ログファイル: C:\Users\cuzic\scoop\persist\msys2\home\cuzic\awase-spike\target\debug\examples\ime_key_matrix_spike.log

=== ROUND 2/2: 対象コントロール = RichEdit 5.0(TSFネイティブ) ===
[AUTO] フォーカス復帰(前面ウィンドウ)
[AUTO] 準備 STEP 1: 現在=直接入力 必要=IME ON・かな・入力なし → VK 0x1C を注入
[06:29:49.198Z] KEY [準備/その他] 変換 vk=0x1C scan=0x79 press=06:29:48.705Z (auto)  状態=直接入力
    前     : A(open=0 conv=0x09) B(open=0 conv=0x09) T(open=0 conv=0x09) G(open=0 conv=0x00) comp="" tail=""
    +100ms: A(open=1 conv=0x19) B(open=1 conv=0x19) T(open=1 conv=0x19) G(open=0 conv=0x00) comp="" tail=""
    +400ms: A(open=1 conv=0x19) B(open=1 conv=0x19) T(open=1 conv=0x19) G(open=0 conv=0x00) comp="" tail=""
    差分 (前→+100ms): Δ open A:0→1 B:0→1 / conv A:0x09→0x19 B:0x09→0x19 / tsf-thread open:0→1 conv:0x09→0x19   (前→+400ms): Δ open A:0→1 B:0→1 / conv A:0x09→0x19 B:0x09→0x19 / tsf-thread open:0→1 conv:0x09→0x19
[06:29:50.482Z] KEY [SCRIPT 1/10 ひらがなキー 期待=ONのまま半角英数へ(conv 0x10)。Engine OFF(決定3保留のため遅延の可能性あり)] ひらがな(0xF2) vk=0xF2 scan=0x70 press=06:29:50.011Z (auto)  状態=IME ON・入力なし
    前     : A(open=1 conv=0x19) B(open=1 conv=0x19) T(open=1 conv=0x19) G(open=0 conv=0x00) comp="" tail=""
    +100ms: A(open=1 conv=0x10) B(open=1 conv=0x10) T(open=1 conv=0x10) G(open=0 conv=0x00) comp="" tail=""
    +400ms: A(open=1 conv=0x10) B(open=1 conv=0x10) T(open=1 conv=0x10) G(open=0 conv=0x00) comp="k" tail=""
    差分 (前→+100ms): Δ conv A:0x19→0x10 B:0x19→0x10 / tsf-thread open:1→1 conv:0x19→0x10   (前→+400ms): Δ conv A:0x19→0x10 B:0x19→0x10 / tsf-thread open:1→1 conv:0x19→0x10 / comp:Some("")→Some("k")
[06:29:51.135Z] KEY [準備/その他] ESC vk=0x1B scan=0x01 press=06:29:50.626Z (auto)  状態=IME ON・入力中
    前     : A(open=1 conv=0x10) B(open=1 conv=0x10) T(open=1 conv=0x10) G(open=0 conv=0x00) comp="k" tail=""
    +100ms: A(open=1 conv=0x10) B(open=1 conv=0x10) T(open=1 conv=0x10) G(open=0 conv=0x00) comp="" tail=""
    +400ms: A(open=1 conv=0x10) B(open=1 conv=0x10) T(open=1 conv=0x10) G(open=0 conv=0x00) comp="" tail=""
    差分 (前→+100ms): Δ comp:Some("k")→Some("")   (前→+400ms): Δ comp:Some("k")→Some("")
[06:29:52.164Z] KEY [SCRIPT 2/10 無変換 期待=IME OFF(直接入力)。Engine OFF] 無変換 vk=0x1D scan=0x7B press=06:29:51.665Z (auto)  状態=IME ON・入力なし
    前     : A(open=1 conv=0x10) B(open=1 conv=0x10) T(open=1 conv=0x10) G(open=0 conv=0x00) comp="" tail=""
    +100ms: A(open=0 conv=0x10) B(open=0 conv=0x10) T(open=0 conv=0x10) G(open=0 conv=0x00) comp="" tail=""
    +400ms: A(open=0 conv=0x10) B(open=0 conv=0x10) T(open=0 conv=0x10) G(open=0 conv=0x00) comp="" tail="k"
    差分 (前→+100ms): Δ open A:1→0 B:1→0 / tsf-thread open:1→0 conv:0x10→0x10   (前→+400ms): Δ open A:1→0 B:1→0 / tsf-thread open:1→0 conv:0x10→0x10 / tail:""→"k"
[06:29:52.725Z] KEY [準備/その他] ESC vk=0x1B scan=0x01 press=06:29:52.233Z (auto)  状態=直接入力
    前     : A(open=0 conv=0x10) B(open=0 conv=0x10) T(open=0 conv=0x10) G(open=0 conv=0x00) comp="" tail="k"
    +100ms: A(open=0 conv=0x10) B(open=0 conv=0x10) T(open=0 conv=0x10) G(open=0 conv=0x00) comp="" tail="k"
    +400ms: A(open=0 conv=0x10) B(open=0 conv=0x10) T(open=0 conv=0x10) G(open=0 conv=0x00) comp="" tail="k"
    差分 (前→+100ms): Δなし   (前→+400ms): Δなし
[06:29:53.816Z] KEY [SCRIPT 3/10 無変換 期待=IME ON・半角英数のまま(conv 0x10)。Engine は OFF のまま ← 決定2の核心] 無変換 vk=0x1D scan=0x7B press=06:29:53.349Z (auto)  状態=直接入力
    前     : A(open=0 conv=0x10) B(open=0 conv=0x10) T(open=0 conv=0x10) G(open=0 conv=0x00) comp="" tail="k"
    +100ms: A(open=1 conv=0x10) B(open=1 conv=0x10) T(open=1 conv=0x10) G(open=0 conv=0x00) comp="" tail="k"
    +400ms: A(open=1 conv=0x10) B(open=1 conv=0x10) T(open=1 conv=0x10) G(open=0 conv=0x00) comp="k" tail="k"
    差分 (前→+100ms): Δ open A:0→1 B:0→1 / tsf-thread open:0→1 conv:0x10→0x10   (前→+400ms): Δ open A:0→1 B:0→1 / tsf-thread open:0→1 conv:0x10→0x10 / comp:Some("")→Some("k")
[06:29:54.401Z] KEY [準備/その他] ESC vk=0x1B scan=0x01 press=06:29:53.903Z (auto)  状態=IME ON・入力中
    前     : A(open=1 conv=0x10) B(open=1 conv=0x10) T(open=1 conv=0x10) G(open=0 conv=0x00) comp="k" tail="k"
    +100ms: A(open=1 conv=0x10) B(open=1 conv=0x10) T(open=1 conv=0x10) G(open=0 conv=0x00) comp="" tail="k"
    +400ms: A(open=1 conv=0x10) B(open=1 conv=0x10) T(open=1 conv=0x10) G(open=0 conv=0x00) comp="" tail="k"
    差分 (前→+100ms): Δ comp:Some("k")→Some("")   (前→+400ms): Δ comp:Some("k")→Some("")
[06:29:55.437Z] KEY [SCRIPT 4/10 ひらがなキー 期待=かなに戻る(conv 0x19)。Engine ON(遅延の可能性あり)] ひらがな(0xF2) vk=0xF2 scan=0x70 press=06:29:54.969Z (auto)  状態=IME ON・入力なし
    前     : A(open=1 conv=0x10) B(open=1 conv=0x10) T(open=1 conv=0x10) G(open=0 conv=0x00) comp="" tail="k"
    +100ms: A(open=1 conv=0x19) B(open=1 conv=0x19) T(open=1 conv=0x19) G(open=0 conv=0x00) comp="" tail="k"
    +400ms: A(open=1 conv=0x19) B(open=1 conv=0x19) T(open=1 conv=0x19) G(open=0 conv=0x00) comp="き" tail="k"
    差分 (前→+100ms): Δ conv A:0x10→0x19 B:0x10→0x19 / tsf-thread open:1→1 conv:0x10→0x19   (前→+400ms): Δ conv A:0x10→0x19 B:0x10→0x19 / tsf-thread open:1→1 conv:0x10→0x19 / comp:Some("")→Some("き")
[06:29:56.030Z] KEY [準備/その他] ESC vk=0x1B scan=0x01 press=06:29:55.529Z (auto)  状態=IME ON・入力中
    前     : A(open=1 conv=0x19) B(open=1 conv=0x19) T(open=1 conv=0x19) G(open=0 conv=0x00) comp="き" tail="k"
    +100ms: A(open=1 conv=0x19) B(open=1 conv=0x19) T(open=1 conv=0x19) G(open=0 conv=0x00) comp="" tail="k"
    +400ms: A(open=1 conv=0x19) B(open=1 conv=0x19) T(open=1 conv=0x19) G(open=0 conv=0x00) comp="" tail="k"
    差分 (前→+100ms): Δ comp:Some("き")→Some("")   (前→+400ms): Δ comp:Some("き")→Some("")
[06:29:57.153Z] KEY [SCRIPT 5/10 無変換 期待=IME OFF。Engine OFF] 無変換 vk=0x1D scan=0x7B press=06:29:56.652Z (auto)  状態=IME ON・入力なし
    前     : A(open=1 conv=0x19) B(open=1 conv=0x19) T(open=1 conv=0x19) G(open=0 conv=0x00) comp="" tail="k"
    +100ms: A(open=0 conv=0x19) B(open=0 conv=0x19) T(open=0 conv=0x19) G(open=0 conv=0x00) comp="" tail="k"
    +400ms: A(open=0 conv=0x19) B(open=0 conv=0x19) T(open=0 conv=0x19) G(open=0 conv=0x00) comp="" tail="kk"
    差分 (前→+100ms): Δ open A:1→0 B:1→0 / tsf-thread open:1→0 conv:0x19→0x19   (前→+400ms): Δ open A:1→0 B:1→0 / tsf-thread open:1→0 conv:0x19→0x19 / tail:"k"→"kk"
[06:29:57.716Z] KEY [準備/その他] ESC vk=0x1B scan=0x01 press=06:29:57.222Z (auto)  状態=直接入力
    前     : A(open=0 conv=0x19) B(open=0 conv=0x19) T(open=0 conv=0x19) G(open=0 conv=0x00) comp="" tail="kk"
    +100ms: A(open=0 conv=0x19) B(open=0 conv=0x19) T(open=0 conv=0x19) G(open=0 conv=0x00) comp="" tail="kk"
    +400ms: A(open=0 conv=0x19) B(open=0 conv=0x19) T(open=0 conv=0x19) G(open=0 conv=0x00) comp="" tail="kk"
    差分 (前→+100ms): Δなし   (前→+400ms): Δなし
[06:29:57.788Z] KEY [準備/その他] ESC vk=0x1B scan=0x00 press=06:29:57.277Z (injected)  状態=直接入力
    前     : A(open=0 conv=0x19) B(open=0 conv=0x19) T(open=0 conv=0x19) G(open=0 conv=0x00) comp="" tail="kk"
    +100ms: A(open=0 conv=0x19) B(open=0 conv=0x19) T(open=0 conv=0x19) G(open=0 conv=0x00) comp="" tail="kk"
    +400ms: A(open=0 conv=0x19) B(open=0 conv=0x19) T(open=0 conv=0x19) G(open=0 conv=0x00) comp="" tail="kk"
    差分 (前→+100ms): Δなし   (前→+400ms): Δなし
[06:29:58.862Z] KEY [SCRIPT 6/10 無変換 期待=IME ON(かな)。Engine ON] 無変換 vk=0x1D scan=0x7B press=06:29:58.278Z (auto)  状態=直接入力
    前     : A(open=0 conv=0x19) B(open=0 conv=0x19) T(open=0 conv=0x19) G(open=0 conv=0x00) comp="" tail="kk"
    +100ms: A(open=1 conv=0x19) B(open=1 conv=0x19) T(open=1 conv=0x19) G(open=0 conv=0x00) comp="" tail="kk"
    +400ms: A(open=1 conv=0x19) B(open=1 conv=0x19) T(open=1 conv=0x19) G(open=0 conv=0x00) comp="き" tail="kk"
    差分 (前→+100ms): Δ open A:0→1 B:0→1 / tsf-thread open:0→1 conv:0x19→0x19   (前→+400ms): Δ open A:0→1 B:0→1 / tsf-thread open:0→1 conv:0x19→0x19 / comp:Some("")→Some("き")
[06:29:59.402Z] KEY [準備/その他] ESC vk=0x1B scan=0x01 press=06:29:58.931Z (auto)  状態=IME ON・入力中
    前     : A(open=1 conv=0x19) B(open=1 conv=0x19) T(open=1 conv=0x19) G(open=0 conv=0x00) comp="き" tail="kk"
    +100ms: A(open=1 conv=0x19) B(open=1 conv=0x19) T(open=1 conv=0x19) G(open=0 conv=0x00) comp="" tail="kk"
    +400ms: A(open=1 conv=0x19) B(open=1 conv=0x19) T(open=1 conv=0x19) G(open=0 conv=0x00) comp="" tail="kk"
    差分 (前→+100ms): Δ comp:Some("き")→Some("")   (前→+400ms): Δ comp:Some("き")→Some("")
[06:30:00.405Z] KEY [SCRIPT 7/10 ひらがなキー 期待=ONのまま半角英数へ。Engine は(遅延で)OFF] ひらがな(0xF2) vk=0xF2 scan=0x70 press=06:29:59.901Z (auto)  状態=IME ON・入力なし
    前     : A(open=1 conv=0x19) B(open=1 conv=0x19) T(open=1 conv=0x19) G(open=0 conv=0x00) comp="" tail="kk"
    +100ms: A(open=1 conv=0x10) B(open=1 conv=0x10) T(open=1 conv=0x10) G(open=0 conv=0x00) comp="" tail="kk"
    +400ms: A(open=1 conv=0x10) B(open=1 conv=0x10) T(open=1 conv=0x10) G(open=0 conv=0x00) comp="k" tail="kk"
    差分 (前→+100ms): Δ conv A:0x19→0x10 B:0x19→0x10 / tsf-thread open:1→1 conv:0x19→0x10   (前→+400ms): Δ conv A:0x19→0x10 B:0x19→0x10 / tsf-thread open:1→1 conv:0x19→0x10 / comp:Some("")→Some("k")
[06:30:00.976Z] KEY [準備/その他] ESC vk=0x1B scan=0x01 press=06:30:00.473Z (auto)  状態=IME ON・入力中
    前     : A(open=1 conv=0x10) B(open=1 conv=0x10) T(open=1 conv=0x10) G(open=0 conv=0x00) comp="k" tail="kk"
    +100ms: A(open=1 conv=0x10) B(open=1 conv=0x10) T(open=1 conv=0x10) G(open=0 conv=0x00) comp="" tail="kk"
    +400ms: A(open=1 conv=0x10) B(open=1 conv=0x10) T(open=1 conv=0x10) G(open=0 conv=0x00) comp="" tail="kk"
    差分 (前→+100ms): Δ comp:Some("k")→Some("")   (前→+400ms): Δ comp:Some("k")→Some("")
[06:30:02.098Z] KEY [SCRIPT 8/10 無変換 期待=IME OFF。Engine OFF] 無変換 vk=0x1D scan=0x7B press=06:30:01.598Z (auto)  状態=IME ON・入力なし
    前     : A(open=1 conv=0x10) B(open=1 conv=0x10) T(open=1 conv=0x10) G(open=0 conv=0x00) comp="" tail="kk"
    +100ms: A(open=0 conv=0x10) B(open=0 conv=0x10) T(open=0 conv=0x10) G(open=0 conv=0x00) comp="" tail="kk"
    +400ms: A(open=0 conv=0x10) B(open=0 conv=0x10) T(open=0 conv=0x10) G(open=0 conv=0x00) comp="" tail="kkk"
    差分 (前→+100ms): Δ open A:1→0 B:1→0 / tsf-thread open:1→0 conv:0x10→0x10   (前→+400ms): Δ open A:1→0 B:1→0 / tsf-thread open:1→0 conv:0x10→0x10 / tail:"kk"→"kkk"
[06:30:02.657Z] KEY [準備/その他] ESC vk=0x1B scan=0x01 press=06:30:02.165Z (auto)  状態=直接入力
    前     : A(open=0 conv=0x10) B(open=0 conv=0x10) T(open=0 conv=0x10) G(open=0 conv=0x00) comp="" tail="kkk"
    +100ms: A(open=0 conv=0x10) B(open=0 conv=0x10) T(open=0 conv=0x10) G(open=0 conv=0x00) comp="" tail="kkk"
    +400ms: A(open=0 conv=0x10) B(open=0 conv=0x10) T(open=0 conv=0x10) G(open=0 conv=0x00) comp="" tail="kkk"
    差分 (前→+100ms): Δなし   (前→+400ms): Δなし
[06:30:03.781Z] KEY [SCRIPT 9/10 無変換 期待=IME ON・半角英数のまま。Engine が ON にならないこと ← 退行窓の確認] 無変換 vk=0x1D scan=0x7B press=06:30:03.284Z (auto)  状態=直接入力
    前     : A(open=0 conv=0x10) B(open=0 conv=0x10) T(open=0 conv=0x10) G(open=0 conv=0x00) comp="" tail="kkk"
    +100ms: A(open=1 conv=0x10) B(open=1 conv=0x10) T(open=1 conv=0x10) G(open=0 conv=0x00) comp="" tail="kkk"
    +400ms: A(open=1 conv=0x10) B(open=1 conv=0x10) T(open=1 conv=0x10) G(open=0 conv=0x00) comp="k" tail="kkk"
    差分 (前→+100ms): Δ open A:0→1 B:0→1 / tsf-thread open:0→1 conv:0x10→0x10   (前→+400ms): Δ open A:0→1 B:0→1 / tsf-thread open:0→1 conv:0x10→0x10 / comp:Some("")→Some("k")
[06:30:04.339Z] KEY [準備/その他] ESC vk=0x1B scan=0x01 press=06:30:03.842Z (auto)  状態=IME ON・入力中
    前     : A(open=1 conv=0x10) B(open=1 conv=0x10) T(open=1 conv=0x10) G(open=0 conv=0x00) comp="k" tail="kkk"
    +100ms: A(open=1 conv=0x10) B(open=1 conv=0x10) T(open=1 conv=0x10) G(open=0 conv=0x00) comp="" tail="kkk"
    +400ms: A(open=1 conv=0x10) B(open=1 conv=0x10) T(open=1 conv=0x10) G(open=0 conv=0x00) comp="" tail="kkk"
    差分 (前→+100ms): Δ comp:Some("k")→Some("")   (前→+400ms): Δ comp:Some("k")→Some("")
[06:30:05.500Z] KEY [SCRIPT 10/10 ひらがなキー 期待=かなに戻る(後片付け)] ひらがな(0xF2) vk=0xF2 scan=0x70 press=06:30:04.966Z (auto)  状態=IME ON・入力なし
    前     : A(open=1 conv=0x10) B(open=1 conv=0x10) T(open=1 conv=0x10) G(open=0 conv=0x00) comp="" tail="kkk"
    +100ms: A(open=1 conv=0x19) B(open=1 conv=0x19) T(open=1 conv=0x19) G(open=0 conv=0x00) comp="" tail="kkk"
    +400ms: A(open=1 conv=0x19) B(open=1 conv=0x19) T(open=1 conv=0x19) G(open=0 conv=0x00) comp="き" tail="kkk"
    差分 (前→+100ms): Δ conv A:0x10→0x19 B:0x10→0x19 / tsf-thread open:1→1 conv:0x10→0x19   (前→+400ms): Δ conv A:0x10→0x19 B:0x10→0x19 / tsf-thread open:1→1 conv:0x10→0x19 / comp:Some("")→Some("き")
[06:30:06.161Z] KEY [準備/その他] ESC vk=0x1B scan=0x01 press=06:30:05.686Z (auto)  状態=IME ON・入力中
    前     : A(open=1 conv=0x19) B(open=1 conv=0x19) T(open=1 conv=0x19) G(open=0 conv=0x00) comp="き" tail="kkk"
    +100ms: A(open=1 conv=0x19) B(open=1 conv=0x19) T(open=1 conv=0x19) G(open=0 conv=0x00) comp="" tail="kkk"
    +400ms: A(open=1 conv=0x19) B(open=1 conv=0x19) T(open=1 conv=0x19) G(open=0 conv=0x00) comp="" tail="kkk"
    差分 (前→+100ms): Δ comp:Some("き")→Some("")   (前→+400ms): Δ comp:Some("き")→Some("")
[06:30:06.239Z] KEY [準備/その他] ESC vk=0x1B scan=0x00 press=06:30:05.693Z (injected)  状態=IME ON・入力中
    前     : A(open=1 conv=0x19) B(open=1 conv=0x19) T(open=1 conv=0x19) G(open=0 conv=0x00) comp="き" tail="kkk"
    +100ms: A(open=1 conv=0x19) B(open=1 conv=0x19) T(open=1 conv=0x19) G(open=0 conv=0x00) comp="" tail="kkk"
    +400ms: A(open=1 conv=0x19) B(open=1 conv=0x19) T(open=1 conv=0x19) G(open=0 conv=0x00) comp="" tail="kkk"
    差分 (前→+100ms): Δ comp:Some("き")→Some("")   (前→+400ms): Δ comp:Some("き")→Some("")
[AUTO] 全手順完了（1.5秒後に自動で閉じます）
[RUN 4/12 START]
=== IME key matrix spike (awase 非依存) ===
観測: A=IMM(ImmGet*) / B=WM_IME_CONTROL / T=TSFスレッドcompartment / G=TSFグローバルcompartment
conv の目安: 0x19=ひらがな(NATIVE|FULLSHAPE|ROMAN) 0x10=半角英数(ROMAN) 0x00=直接入力系
手順: awase を止める → 画面中段の案内に従ってキーを1回ずつ押す（全 2ラウンド×20ステップ、各押下後は3秒待機）
ROUND1=標準EDIT / ROUND2=RichEdit(TSFネイティブ)。そのキーが無い場合は Ctrl+Shift+F12 でスキップ
ログファイル: C:\Users\cuzic\scoop\persist\msys2\home\cuzic\awase-spike\target\debug\examples\ime_key_matrix_spike.log

=== ROUND 2/2: 対象コントロール = RichEdit 5.0(TSFネイティブ) ===
[AUTO] フォーカス復帰(前面ウィンドウ)
[AUTO] 準備 STEP 1: 現在=直接入力 必要=IME ON・かな・入力なし → VK 0x1C を注入
[06:30:09.784Z] KEY [準備/その他] 変換 vk=0x1C scan=0x79 press=06:30:09.286Z (auto)  状態=直接入力
    前     : A(open=0 conv=0x09) B(open=0 conv=0x09) T(open=0 conv=0x09) G(open=0 conv=0x00) comp="" tail=""
    +100ms: A(open=1 conv=0x19) B(open=1 conv=0x19) T(open=1 conv=0x19) G(open=0 conv=0x00) comp="" tail=""
    +400ms: A(open=1 conv=0x19) B(open=1 conv=0x19) T(open=1 conv=0x19) G(open=0 conv=0x00) comp="" tail=""
    差分 (前→+100ms): Δ open A:0→1 B:0→1 / conv A:0x09→0x19 B:0x09→0x19 / tsf-thread open:0→1 conv:0x09→0x19   (前→+400ms): Δ open A:0→1 B:0→1 / conv A:0x09→0x19 B:0x09→0x19 / tsf-thread open:0→1 conv:0x09→0x19
[06:30:11.095Z] KEY [SCRIPT 1/10 ひらがなキー 期待=ONのまま半角英数へ(conv 0x10)。Engine OFF(決定3保留のため遅延の可能性あり)] ひらがな(0xF2) vk=0xF2 scan=0x70 press=06:30:10.598Z (auto)  状態=IME ON・入力なし
    前     : A(open=1 conv=0x19) B(open=1 conv=0x19) T(open=1 conv=0x19) G(open=0 conv=0x00) comp="" tail=""
    +100ms: A(open=1 conv=0x10) B(open=1 conv=0x10) T(open=1 conv=0x10) G(open=0 conv=0x00) comp="" tail=""
    +400ms: A(open=1 conv=0x10) B(open=1 conv=0x10) T(open=1 conv=0x10) G(open=0 conv=0x00) comp="k" tail=""
    差分 (前→+100ms): Δ conv A:0x19→0x10 B:0x19→0x10 / tsf-thread open:1→1 conv:0x19→0x10   (前→+400ms): Δ conv A:0x19→0x10 B:0x19→0x10 / tsf-thread open:1→1 conv:0x19→0x10 / comp:Some("")→Some("k")
[06:30:11.656Z] KEY [準備/その他] ESC vk=0x1B scan=0x01 press=06:30:11.177Z (auto)  状態=IME ON・入力中
    前     : A(open=1 conv=0x10) B(open=1 conv=0x10) T(open=1 conv=0x10) G(open=0 conv=0x00) comp="k" tail=""
    +100ms: A(open=1 conv=0x10) B(open=1 conv=0x10) T(open=1 conv=0x10) G(open=0 conv=0x00) comp="" tail=""
    +400ms: A(open=1 conv=0x10) B(open=1 conv=0x10) T(open=1 conv=0x10) G(open=0 conv=0x00) comp="" tail=""
    差分 (前→+100ms): Δ comp:Some("k")→Some("")   (前→+400ms): Δ comp:Some("k")→Some("")
[06:30:12.714Z] KEY [SCRIPT 2/10 無変換 期待=IME OFF(直接入力)。Engine OFF] 無変換 vk=0x1D scan=0x7B press=06:30:12.217Z (auto)  状態=IME ON・入力なし
    前     : A(open=1 conv=0x10) B(open=1 conv=0x10) T(open=1 conv=0x10) G(open=0 conv=0x00) comp="" tail=""
    +100ms: A(open=0 conv=0x10) B(open=0 conv=0x10) T(open=0 conv=0x10) G(open=0 conv=0x00) comp="" tail=""
    +400ms: A(open=0 conv=0x10) B(open=0 conv=0x10) T(open=0 conv=0x10) G(open=0 conv=0x00) comp="" tail="k"
    差分 (前→+100ms): Δ open A:1→0 B:1→0 / tsf-thread open:1→0 conv:0x10→0x10   (前→+400ms): Δ open A:1→0 B:1→0 / tsf-thread open:1→0 conv:0x10→0x10 / tail:""→"k"
[06:30:13.287Z] KEY [準備/その他] ESC vk=0x1B scan=0x01 press=06:30:12.789Z (auto)  状態=直接入力
    前     : A(open=0 conv=0x10) B(open=0 conv=0x10) T(open=0 conv=0x10) G(open=0 conv=0x00) comp="" tail="k"
    +100ms: A(open=0 conv=0x10) B(open=0 conv=0x10) T(open=0 conv=0x10) G(open=0 conv=0x00) comp="" tail="k"
    +400ms: A(open=0 conv=0x10) B(open=0 conv=0x10) T(open=0 conv=0x10) G(open=0 conv=0x00) comp="" tail="k"
    差分 (前→+100ms): Δなし   (前→+400ms): Δなし
[06:30:14.316Z] KEY [SCRIPT 3/10 無変換 期待=IME ON・半角英数のまま(conv 0x10)。Engine は OFF のまま ← 決定2の核心] 無変換 vk=0x1D scan=0x7B press=06:30:13.849Z (auto)  状態=直接入力
    前     : A(open=0 conv=0x10) B(open=0 conv=0x10) T(open=0 conv=0x10) G(open=0 conv=0x00) comp="" tail="k"
    +100ms: A(open=1 conv=0x10) B(open=1 conv=0x10) T(open=1 conv=0x10) G(open=0 conv=0x00) comp="" tail="k"
    +400ms: A(open=1 conv=0x10) B(open=1 conv=0x10) T(open=1 conv=0x10) G(open=0 conv=0x00) comp="k" tail="k"
    差分 (前→+100ms): Δ open A:0→1 B:0→1 / tsf-thread open:0→1 conv:0x10→0x10   (前→+400ms): Δ open A:0→1 B:0→1 / tsf-thread open:0→1 conv:0x10→0x10 / comp:Some("")→Some("k")
[06:30:14.972Z] KEY [準備/その他] ESC vk=0x1B scan=0x01 press=06:30:14.461Z (auto)  状態=IME ON・入力中
    前     : A(open=1 conv=0x10) B(open=1 conv=0x10) T(open=1 conv=0x10) G(open=0 conv=0x00) comp="k" tail="k"
    +100ms: A(open=1 conv=0x10) B(open=1 conv=0x10) T(open=1 conv=0x10) G(open=0 conv=0x00) comp="" tail="k"
    +400ms: A(open=1 conv=0x10) B(open=1 conv=0x10) T(open=1 conv=0x10) G(open=0 conv=0x00) comp="" tail="k"
    差分 (前→+100ms): Δ comp:Some("k")→Some("")   (前→+400ms): Δ comp:Some("k")→Some("")
[06:30:16.033Z] KEY [SCRIPT 4/10 ひらがなキー 期待=かなに戻る(conv 0x19)。Engine ON(遅延の可能性あり)] ひらがな(0xF2) vk=0xF2 scan=0x70 press=06:30:15.530Z (auto)  状態=IME ON・入力なし
    前     : A(open=1 conv=0x10) B(open=1 conv=0x10) T(open=1 conv=0x10) G(open=0 conv=0x00) comp="" tail="k"
    +100ms: A(open=1 conv=0x19) B(open=1 conv=0x19) T(open=1 conv=0x19) G(open=0 conv=0x00) comp="" tail="k"
    +400ms: A(open=1 conv=0x19) B(open=1 conv=0x19) T(open=1 conv=0x19) G(open=0 conv=0x00) comp="き" tail="k"
    差分 (前→+100ms): Δ conv A:0x10→0x19 B:0x10→0x19 / tsf-thread open:1→1 conv:0x10→0x19   (前→+400ms): Δ conv A:0x10→0x19 B:0x10→0x19 / tsf-thread open:1→1 conv:0x10→0x19 / comp:Some("")→Some("き")
[06:30:16.588Z] KEY [準備/その他] ESC vk=0x1B scan=0x01 press=06:30:16.095Z (auto)  状態=IME ON・入力中
    前     : A(open=1 conv=0x19) B(open=1 conv=0x19) T(open=1 conv=0x19) G(open=0 conv=0x00) comp="き" tail="k"
    +100ms: A(open=1 conv=0x19) B(open=1 conv=0x19) T(open=1 conv=0x19) G(open=0 conv=0x00) comp="" tail="k"
    +400ms: A(open=1 conv=0x19) B(open=1 conv=0x19) T(open=1 conv=0x19) G(open=0 conv=0x00) comp="" tail="k"
    差分 (前→+100ms): Δ comp:Some("き")→Some("")   (前→+400ms): Δ comp:Some("き")→Some("")
[06:30:17.716Z] KEY [SCRIPT 5/10 無変換 期待=IME OFF。Engine OFF] 無変換 vk=0x1D scan=0x7B press=06:30:17.212Z (auto)  状態=IME ON・入力なし
    前     : A(open=1 conv=0x19) B(open=1 conv=0x19) T(open=1 conv=0x19) G(open=0 conv=0x00) comp="" tail="k"
    +100ms: A(open=0 conv=0x19) B(open=0 conv=0x19) T(open=0 conv=0x19) G(open=0 conv=0x00) comp="" tail="k"
    +400ms: A(open=0 conv=0x19) B(open=0 conv=0x19) T(open=0 conv=0x19) G(open=0 conv=0x00) comp="" tail="kk"
    差分 (前→+100ms): Δ open A:1→0 B:1→0 / tsf-thread open:1→0 conv:0x19→0x19   (前→+400ms): Δ open A:1→0 B:1→0 / tsf-thread open:1→0 conv:0x19→0x19 / tail:"k"→"kk"
[06:30:18.281Z] KEY [準備/その他] ESC vk=0x1B scan=0x01 press=06:30:17.801Z (auto)  状態=直接入力
    前     : A(open=0 conv=0x19) B(open=0 conv=0x19) T(open=0 conv=0x19) G(open=0 conv=0x00) comp="" tail="kk"
    +100ms: A(open=0 conv=0x19) B(open=0 conv=0x19) T(open=0 conv=0x19) G(open=0 conv=0x00) comp="" tail="kk"
    +400ms: A(open=0 conv=0x19) B(open=0 conv=0x19) T(open=0 conv=0x19) G(open=0 conv=0x00) comp="" tail="kk"
    差分 (前→+100ms): Δなし   (前→+400ms): Δなし
[06:30:18.355Z] KEY [準備/その他] ESC vk=0x1B scan=0x00 press=06:30:17.867Z (injected)  状態=直接入力
    前     : A(open=0 conv=0x19) B(open=0 conv=0x19) T(open=0 conv=0x19) G(open=0 conv=0x00) comp="" tail="kk"
    +100ms: A(open=0 conv=0x19) B(open=0 conv=0x19) T(open=0 conv=0x19) G(open=0 conv=0x00) comp="" tail="kk"
    +400ms: A(open=0 conv=0x19) B(open=0 conv=0x19) T(open=0 conv=0x19) G(open=0 conv=0x00) comp="" tail="kk"
    差分 (前→+100ms): Δなし   (前→+400ms): Δなし
[06:30:19.364Z] KEY [SCRIPT 6/10 無変換 期待=IME ON(かな)。Engine ON] 無変換 vk=0x1D scan=0x7B press=06:30:18.840Z (auto)  状態=直接入力
    前     : A(open=0 conv=0x19) B(open=0 conv=0x19) T(open=0 conv=0x19) G(open=0 conv=0x00) comp="" tail="kk"
    +100ms: A(open=1 conv=0x19) B(open=1 conv=0x19) T(open=1 conv=0x19) G(open=0 conv=0x00) comp="" tail="kk"
    +400ms: A(open=1 conv=0x19) B(open=1 conv=0x19) T(open=1 conv=0x19) G(open=0 conv=0x00) comp="き" tail="kk"
    差分 (前→+100ms): Δ open A:0→1 B:0→1 / tsf-thread open:0→1 conv:0x19→0x19   (前→+400ms): Δ open A:0→1 B:0→1 / tsf-thread open:0→1 conv:0x19→0x19 / comp:Some("")→Some("き")
[06:30:19.965Z] KEY [準備/その他] ESC vk=0x1B scan=0x01 press=06:30:19.500Z (auto)  状態=IME ON・入力中
    前     : A(open=1 conv=0x19) B(open=1 conv=0x19) T(open=1 conv=0x19) G(open=0 conv=0x00) comp="き" tail="kk"
    +100ms: A(open=1 conv=0x19) B(open=1 conv=0x19) T(open=1 conv=0x19) G(open=0 conv=0x00) comp="" tail="kk"
    +400ms: A(open=1 conv=0x19) B(open=1 conv=0x19) T(open=1 conv=0x19) G(open=0 conv=0x00) comp="" tail="kk"
    差分 (前→+100ms): Δ comp:Some("き")→Some("")   (前→+400ms): Δ comp:Some("き")→Some("")
[06:30:20.073Z] KEY [準備/その他] ESC vk=0x1B scan=0x00 press=06:30:19.503Z (injected)  状態=IME ON・入力中
    前     : A(open=1 conv=0x19) B(open=1 conv=0x19) T(open=1 conv=0x19) G(open=0 conv=0x00) comp="き" tail="kk"
    +100ms: A(open=1 conv=0x19) B(open=1 conv=0x19) T(open=1 conv=0x19) G(open=0 conv=0x00) comp="" tail="kk"
    +400ms: A(open=1 conv=0x19) B(open=1 conv=0x19) T(open=1 conv=0x19) G(open=0 conv=0x00) comp="" tail="kk"
    差分 (前→+100ms): Δ comp:Some("き")→Some("")   (前→+400ms): Δ comp:Some("き")→Some("")
[06:30:21.034Z] KEY [SCRIPT 7/10 ひらがなキー 期待=ONのまま半角英数へ。Engine は(遅延で)OFF] ひらがな(0xF2) vk=0xF2 scan=0x70 press=06:30:20.536Z (auto)  状態=IME ON・入力なし
    前     : A(open=1 conv=0x19) B(open=1 conv=0x19) T(open=1 conv=0x19) G(open=0 conv=0x00) comp="" tail="kk"
    +100ms: A(open=1 conv=0x10) B(open=1 conv=0x10) T(open=1 conv=0x10) G(open=0 conv=0x00) comp="" tail="kk"
    +400ms: A(open=1 conv=0x10) B(open=1 conv=0x10) T(open=1 conv=0x10) G(open=0 conv=0x00) comp="k" tail="kk"
    差分 (前→+100ms): Δ conv A:0x19→0x10 B:0x19→0x10 / tsf-thread open:1→1 conv:0x19→0x10   (前→+400ms): Δ conv A:0x19→0x10 B:0x19→0x10 / tsf-thread open:1→1 conv:0x19→0x10 / comp:Some("")→Some("k")
[06:30:21.598Z] KEY [準備/その他] ESC vk=0x1B scan=0x01 press=06:30:21.108Z (auto)  状態=IME ON・入力中
    前     : A(open=1 conv=0x10) B(open=1 conv=0x10) T(open=1 conv=0x10) G(open=0 conv=0x00) comp="k" tail="kk"
    +100ms: A(open=1 conv=0x10) B(open=1 conv=0x10) T(open=1 conv=0x10) G(open=0 conv=0x00) comp="" tail="kk"
    +400ms: A(open=1 conv=0x10) B(open=1 conv=0x10) T(open=1 conv=0x10) G(open=0 conv=0x00) comp="" tail="kk"
    差分 (前→+100ms): Δ comp:Some("k")→Some("")   (前→+400ms): Δ comp:Some("k")→Some("")
[06:30:22.718Z] KEY [SCRIPT 8/10 無変換 期待=IME OFF。Engine OFF] 無変換 vk=0x1D scan=0x7B press=06:30:22.220Z (auto)  状態=IME ON・入力なし
    前     : A(open=1 conv=0x10) B(open=1 conv=0x10) T(open=1 conv=0x10) G(open=0 conv=0x00) comp="" tail="kk"
    +100ms: A(open=0 conv=0x10) B(open=0 conv=0x10) T(open=0 conv=0x10) G(open=0 conv=0x00) comp="" tail="kk"
    +400ms: A(open=0 conv=0x10) B(open=0 conv=0x10) T(open=0 conv=0x10) G(open=0 conv=0x00) comp="" tail="kkk"
    差分 (前→+100ms): Δ open A:1→0 B:1→0 / tsf-thread open:1→0 conv:0x10→0x10   (前→+400ms): Δ open A:1→0 B:1→0 / tsf-thread open:1→0 conv:0x10→0x10 / tail:"kk"→"kkk"
[06:30:23.278Z] KEY [準備/その他] ESC vk=0x1B scan=0x01 press=06:30:22.793Z (auto)  状態=直接入力
    前     : A(open=0 conv=0x10) B(open=0 conv=0x10) T(open=0 conv=0x10) G(open=0 conv=0x00) comp="" tail="kkk"
    +100ms: A(open=0 conv=0x10) B(open=0 conv=0x10) T(open=0 conv=0x10) G(open=0 conv=0x00) comp="" tail="kkk"
    +400ms: A(open=0 conv=0x10) B(open=0 conv=0x10) T(open=0 conv=0x10) G(open=0 conv=0x00) comp="" tail="kkk"
    差分 (前→+100ms): Δなし   (前→+400ms): Δなし
[06:30:24.413Z] KEY [SCRIPT 9/10 無変換 期待=IME ON・半角英数のまま。Engine が ON にならないこと ← 退行窓の確認] 無変換 vk=0x1D scan=0x7B press=06:30:23.901Z (auto)  状態=直接入力
    前     : A(open=0 conv=0x10) B(open=0 conv=0x10) T(open=0 conv=0x10) G(open=0 conv=0x00) comp="" tail="kkk"
    +100ms: A(open=1 conv=0x10) B(open=1 conv=0x10) T(open=1 conv=0x10) G(open=0 conv=0x00) comp="" tail="kkk"
    +400ms: A(open=1 conv=0x10) B(open=1 conv=0x10) T(open=1 conv=0x10) G(open=0 conv=0x00) comp="k" tail="kkk"
    差分 (前→+100ms): Δ open A:0→1 B:0→1 / tsf-thread open:0→1 conv:0x10→0x10   (前→+400ms): Δ open A:0→1 B:0→1 / tsf-thread open:0→1 conv:0x10→0x10 / comp:Some("")→Some("k")
[06:30:24.974Z] KEY [準備/その他] ESC vk=0x1B scan=0x01 press=06:30:24.474Z (auto)  状態=IME ON・入力中
    前     : A(open=1 conv=0x10) B(open=1 conv=0x10) T(open=1 conv=0x10) G(open=0 conv=0x00) comp="k" tail="kkk"
    +100ms: A(open=1 conv=0x10) B(open=1 conv=0x10) T(open=1 conv=0x10) G(open=0 conv=0x00) comp="" tail="kkk"
    +400ms: A(open=1 conv=0x10) B(open=1 conv=0x10) T(open=1 conv=0x10) G(open=0 conv=0x00) comp="" tail="kkk"
    差分 (前→+100ms): Δ comp:Some("k")→Some("")   (前→+400ms): Δ comp:Some("k")→Some("")
[06:30:26.180Z] KEY [SCRIPT 10/10 ひらがなキー 期待=かなに戻る(後片付け)] ひらがな(0xF2) vk=0xF2 scan=0x70 press=06:30:25.526Z (auto)  状態=IME ON・入力なし
    前     : A(open=1 conv=0x10) B(open=1 conv=0x10) T(open=1 conv=0x10) G(open=0 conv=0x00) comp="" tail="kkk"
    +100ms: A(open=1 conv=0x19) B(open=1 conv=0x19) T(open=1 conv=0x19) G(open=0 conv=0x00) comp="" tail="kkk"
    +400ms: A(open=1 conv=0x19) B(open=1 conv=0x19) T(open=1 conv=0x19) G(open=0 conv=0x00) comp="き" tail="kkk"
    差分 (前→+100ms): Δ conv A:0x10→0x19 B:0x10→0x19 / tsf-thread open:1→1 conv:0x10→0x19   (前→+400ms): Δ conv A:0x10→0x19 B:0x10→0x19 / tsf-thread open:1→1 conv:0x10→0x19 / comp:Some("")→Some("き")
[06:30:26.721Z] KEY [準備/その他] ESC vk=0x1B scan=0x01 press=06:30:26.257Z (auto)  状態=IME ON・入力中
    前     : A(open=1 conv=0x19) B(open=1 conv=0x19) T(open=1 conv=0x19) G(open=0 conv=0x00) comp="き" tail="kkk"
    +100ms: A(open=1 conv=0x19) B(open=1 conv=0x19) T(open=1 conv=0x19) G(open=0 conv=0x00) comp="" tail="kkk"
    +400ms: A(open=1 conv=0x19) B(open=1 conv=0x19) T(open=1 conv=0x19) G(open=0 conv=0x00) comp="" tail="kkk"
    差分 (前→+100ms): Δ comp:Some("き")→Some("")   (前→+400ms): Δ comp:Some("き")→Some("")
[06:30:26.809Z] KEY [準備/その他] ESC vk=0x1B scan=0x00 press=06:30:26.259Z (injected)  状態=IME ON・入力中
    前     : A(open=1 conv=0x19) B(open=1 conv=0x19) T(open=1 conv=0x19) G(open=0 conv=0x00) comp="き" tail="kkk"
    +100ms: A(open=1 conv=0x19) B(open=1 conv=0x19) T(open=1 conv=0x19) G(open=0 conv=0x00) comp="" tail="kkk"
    +400ms: A(open=1 conv=0x19) B(open=1 conv=0x19) T(open=1 conv=0x19) G(open=0 conv=0x00) comp="" tail="kkk"
    差分 (前→+100ms): Δ comp:Some("き")→Some("")   (前→+400ms): Δ comp:Some("き")→Some("")
[AUTO] 全手順完了（1.5秒後に自動で閉じます）
[RUN 5/12 START]
=== IME key matrix spike (awase 非依存) ===
観測: A=IMM(ImmGet*) / B=WM_IME_CONTROL / T=TSFスレッドcompartment / G=TSFグローバルcompartment
conv の目安: 0x19=ひらがな(NATIVE|FULLSHAPE|ROMAN) 0x10=半角英数(ROMAN) 0x00=直接入力系
手順: awase を止める → 画面中段の案内に従ってキーを1回ずつ押す（全 2ラウンド×20ステップ、各押下後は3秒待機）
ROUND1=標準EDIT / ROUND2=RichEdit(TSFネイティブ)。そのキーが無い場合は Ctrl+Shift+F12 でスキップ
ログファイル: C:\Users\cuzic\scoop\persist\msys2\home\cuzic\awase-spike\target\debug\examples\ime_key_matrix_spike.log

=== ROUND 2/2: 対象コントロール = RichEdit 5.0(TSFネイティブ) ===
[AUTO] フォーカス復帰(前面ウィンドウ)
[AUTO] 準備 STEP 1: 現在=直接入力 必要=IME ON・かな・入力なし → VK 0x1C を注入
[06:30:30.402Z] KEY [準備/その他] 変換 vk=0x1C scan=0x79 press=06:30:29.902Z (auto)  状態=直接入力
    前     : A(open=0 conv=0x09) B(open=0 conv=0x09) T(open=0 conv=0x09) G(open=0 conv=0x00) comp="" tail=""
    +100ms: A(open=1 conv=0x19) B(open=1 conv=0x19) T(open=1 conv=0x19) G(open=0 conv=0x00) comp="" tail=""
    +400ms: A(open=1 conv=0x19) B(open=1 conv=0x19) T(open=1 conv=0x19) G(open=0 conv=0x00) comp="" tail=""
    差分 (前→+100ms): Δ open A:0→1 B:0→1 / conv A:0x09→0x19 B:0x09→0x19 / tsf-thread open:0→1 conv:0x09→0x19   (前→+400ms): Δ open A:0→1 B:0→1 / conv A:0x09→0x19 B:0x09→0x19 / tsf-thread open:0→1 conv:0x09→0x19
[06:30:31.658Z] KEY [SCRIPT 1/10 ひらがなキー 期待=ONのまま半角英数へ(conv 0x10)。Engine OFF(決定3保留のため遅延の可能性あり)] ひらがな(0xF2) vk=0xF2 scan=0x70 press=06:30:31.152Z (auto)  状態=IME ON・入力なし
    前     : A(open=1 conv=0x19) B(open=1 conv=0x19) T(open=1 conv=0x19) G(open=0 conv=0x00) comp="" tail=""
    +100ms: A(open=1 conv=0x10) B(open=1 conv=0x10) T(open=1 conv=0x10) G(open=0 conv=0x00) comp="" tail=""
    +400ms: A(open=1 conv=0x10) B(open=1 conv=0x10) T(open=1 conv=0x10) G(open=0 conv=0x00) comp="k" tail=""
    差分 (前→+100ms): Δ conv A:0x19→0x10 B:0x19→0x10 / tsf-thread open:1→1 conv:0x19→0x10   (前→+400ms): Δ conv A:0x19→0x10 B:0x19→0x10 / tsf-thread open:1→1 conv:0x19→0x10 / comp:Some("")→Some("k")
[06:30:32.219Z] KEY [準備/その他] ESC vk=0x1B scan=0x01 press=06:30:31.743Z (auto)  状態=IME ON・入力中
    前     : A(open=1 conv=0x10) B(open=1 conv=0x10) T(open=1 conv=0x10) G(open=0 conv=0x00) comp="k" tail=""
    +100ms: A(open=1 conv=0x10) B(open=1 conv=0x10) T(open=1 conv=0x10) G(open=0 conv=0x00) comp="" tail=""
    +400ms: A(open=1 conv=0x10) B(open=1 conv=0x10) T(open=1 conv=0x10) G(open=0 conv=0x00) comp="" tail=""
    差分 (前→+100ms): Δ comp:Some("k")→Some("")   (前→+400ms): Δ comp:Some("k")→Some("")
[06:30:33.350Z] KEY [SCRIPT 2/10 無変換 期待=IME OFF(直接入力)。Engine OFF] 無変換 vk=0x1D scan=0x7B press=06:30:32.839Z (auto)  状態=IME ON・入力なし
    前     : A(open=1 conv=0x10) B(open=1 conv=0x10) T(open=1 conv=0x10) G(open=0 conv=0x00) comp="" tail=""
    +100ms: A(open=0 conv=0x10) B(open=0 conv=0x10) T(open=0 conv=0x10) G(open=0 conv=0x00) comp="" tail=""
    +400ms: A(open=0 conv=0x10) B(open=0 conv=0x10) T(open=0 conv=0x10) G(open=0 conv=0x00) comp="" tail="k"
    差分 (前→+100ms): Δ open A:1→0 B:1→0 / tsf-thread open:1→0 conv:0x10→0x10   (前→+400ms): Δ open A:1→0 B:1→0 / tsf-thread open:1→0 conv:0x10→0x10 / tail:""→"k"
[06:30:33.909Z] KEY [準備/その他] ESC vk=0x1B scan=0x01 press=06:30:33.465Z (auto)  状態=直接入力
    前     : A(open=0 conv=0x10) B(open=0 conv=0x10) T(open=0 conv=0x10) G(open=0 conv=0x00) comp="" tail="k"
    +100ms: A(open=0 conv=0x10) B(open=0 conv=0x10) T(open=0 conv=0x10) G(open=0 conv=0x00) comp="" tail="k"
    +400ms: A(open=0 conv=0x10) B(open=0 conv=0x10) T(open=0 conv=0x10) G(open=0 conv=0x00) comp="" tail="k"
    差分 (前→+100ms): Δなし   (前→+400ms): Δなし
[06:30:35.034Z] KEY [SCRIPT 3/10 無変換 期待=IME ON・半角英数のまま(conv 0x10)。Engine は OFF のまま ← 決定2の核心] 無変換 vk=0x1D scan=0x7B press=06:30:34.533Z (auto)  状態=直接入力
    前     : A(open=0 conv=0x10) B(open=0 conv=0x10) T(open=0 conv=0x10) G(open=0 conv=0x00) comp="" tail="k"
    +100ms: A(open=1 conv=0x10) B(open=1 conv=0x10) T(open=1 conv=0x10) G(open=0 conv=0x00) comp="" tail="k"
    +400ms: A(open=1 conv=0x10) B(open=1 conv=0x10) T(open=1 conv=0x10) G(open=0 conv=0x00) comp="k" tail="k"
    差分 (前→+100ms): Δ open A:0→1 B:0→1 / tsf-thread open:0→1 conv:0x10→0x10   (前→+400ms): Δ open A:0→1 B:0→1 / tsf-thread open:0→1 conv:0x10→0x10 / comp:Some("")→Some("k")
[06:30:35.594Z] KEY [準備/その他] ESC vk=0x1B scan=0x01 press=06:30:35.122Z (auto)  状態=IME ON・入力中
    前     : A(open=1 conv=0x10) B(open=1 conv=0x10) T(open=1 conv=0x10) G(open=0 conv=0x00) comp="k" tail="k"
    +100ms: A(open=1 conv=0x10) B(open=1 conv=0x10) T(open=1 conv=0x10) G(open=0 conv=0x00) comp="" tail="k"
    +400ms: A(open=1 conv=0x10) B(open=1 conv=0x10) T(open=1 conv=0x10) G(open=0 conv=0x00) comp="" tail="k"
    差分 (前→+100ms): Δ comp:Some("k")→Some("")   (前→+400ms): Δ comp:Some("k")→Some("")
[06:30:36.701Z] KEY [SCRIPT 4/10 ひらがなキー 期待=かなに戻る(conv 0x19)。Engine ON(遅延の可能性あり)] ひらがな(0xF2) vk=0xF2 scan=0x70 press=06:30:36.219Z (auto)  状態=IME ON・入力なし
    前     : A(open=1 conv=0x10) B(open=1 conv=0x10) T(open=1 conv=0x10) G(open=0 conv=0x00) comp="" tail="k"
    +100ms: A(open=1 conv=0x19) B(open=1 conv=0x19) T(open=1 conv=0x19) G(open=0 conv=0x00) comp="" tail="k"
    +400ms: A(open=1 conv=0x19) B(open=1 conv=0x19) T(open=1 conv=0x19) G(open=0 conv=0x00) comp="き" tail="k"
    差分 (前→+100ms): Δ conv A:0x10→0x19 B:0x10→0x19 / tsf-thread open:1→1 conv:0x10→0x19   (前→+400ms): Δ conv A:0x10→0x19 B:0x10→0x19 / tsf-thread open:1→1 conv:0x10→0x19 / comp:Some("")→Some("き")
[06:30:37.280Z] KEY [準備/その他] ESC vk=0x1B scan=0x01 press=06:30:36.795Z (auto)  状態=IME ON・入力中
    前     : A(open=1 conv=0x19) B(open=1 conv=0x19) T(open=1 conv=0x19) G(open=0 conv=0x00) comp="き" tail="k"
    +100ms: A(open=1 conv=0x19) B(open=1 conv=0x19) T(open=1 conv=0x19) G(open=0 conv=0x00) comp="" tail="k"
    +400ms: A(open=1 conv=0x19) B(open=1 conv=0x19) T(open=1 conv=0x19) G(open=0 conv=0x00) comp="" tail="k"
    差分 (前→+100ms): Δ comp:Some("き")→Some("")   (前→+400ms): Δ comp:Some("き")→Some("")
[06:30:38.398Z] KEY [SCRIPT 5/10 無変換 期待=IME OFF。Engine OFF] 無変換 vk=0x1D scan=0x7B press=06:30:37.907Z (auto)  状態=IME ON・入力なし
    前     : A(open=1 conv=0x19) B(open=1 conv=0x19) T(open=1 conv=0x19) G(open=0 conv=0x00) comp="" tail="k"
    +100ms: A(open=0 conv=0x19) B(open=0 conv=0x19) T(open=0 conv=0x19) G(open=0 conv=0x00) comp="" tail="k"
    +400ms: A(open=0 conv=0x19) B(open=0 conv=0x19) T(open=0 conv=0x19) G(open=0 conv=0x00) comp="" tail="kk"
    差分 (前→+100ms): Δ open A:1→0 B:1→0 / tsf-thread open:1→0 conv:0x19→0x19   (前→+400ms): Δ open A:1→0 B:1→0 / tsf-thread open:1→0 conv:0x19→0x19 / tail:"k"→"kk"
[06:30:38.965Z] KEY [準備/その他] ESC vk=0x1B scan=0x01 press=06:30:38.482Z (auto)  状態=直接入力
    前     : A(open=0 conv=0x19) B(open=0 conv=0x19) T(open=0 conv=0x19) G(open=0 conv=0x00) comp="" tail="kk"
    +100ms: A(open=0 conv=0x19) B(open=0 conv=0x19) T(open=0 conv=0x19) G(open=0 conv=0x00) comp="" tail="kk"
    +400ms: A(open=0 conv=0x19) B(open=0 conv=0x19) T(open=0 conv=0x19) G(open=0 conv=0x00) comp="" tail="kk"
    差分 (前→+100ms): Δなし   (前→+400ms): Δなし
[06:30:39.053Z] KEY [準備/その他] ESC vk=0x1B scan=0x00 press=06:30:38.542Z (injected)  状態=直接入力
    前     : A(open=0 conv=0x19) B(open=0 conv=0x19) T(open=0 conv=0x19) G(open=0 conv=0x00) comp="" tail="kk"
    +100ms: A(open=0 conv=0x19) B(open=0 conv=0x19) T(open=0 conv=0x19) G(open=0 conv=0x00) comp="" tail="kk"
    +400ms: A(open=0 conv=0x19) B(open=0 conv=0x19) T(open=0 conv=0x19) G(open=0 conv=0x00) comp="" tail="kk"
    差分 (前→+100ms): Δなし   (前→+400ms): Δなし
[06:30:40.088Z] KEY [SCRIPT 6/10 無変換 期待=IME ON(かな)。Engine ON] 無変換 vk=0x1D scan=0x7B press=06:30:39.587Z (auto)  状態=直接入力
    前     : A(open=0 conv=0x19) B(open=0 conv=0x19) T(open=0 conv=0x19) G(open=0 conv=0x00) comp="" tail="kk"
    +100ms: A(open=1 conv=0x19) B(open=1 conv=0x19) T(open=1 conv=0x19) G(open=0 conv=0x00) comp="" tail="kk"
    +400ms: A(open=1 conv=0x19) B(open=1 conv=0x19) T(open=1 conv=0x19) G(open=0 conv=0x00) comp="き" tail="kk"
    差分 (前→+100ms): Δ open A:0→1 B:0→1 / tsf-thread open:0→1 conv:0x19→0x19   (前→+400ms): Δ open A:0→1 B:0→1 / tsf-thread open:0→1 conv:0x19→0x19 / comp:Some("")→Some("き")
[06:30:40.662Z] KEY [準備/その他] ESC vk=0x1B scan=0x01 press=06:30:40.183Z (auto)  状態=IME ON・入力中
    前     : A(open=1 conv=0x19) B(open=1 conv=0x19) T(open=1 conv=0x19) G(open=0 conv=0x00) comp="き" tail="kk"
    +100ms: A(open=1 conv=0x19) B(open=1 conv=0x19) T(open=1 conv=0x19) G(open=0 conv=0x00) comp="" tail="kk"
    +400ms: A(open=1 conv=0x19) B(open=1 conv=0x19) T(open=1 conv=0x19) G(open=0 conv=0x00) comp="" tail="kk"
    差分 (前→+100ms): Δ comp:Some("き")→Some("")   (前→+400ms): Δ comp:Some("き")→Some("")
[06:30:41.726Z] KEY [SCRIPT 7/10 ひらがなキー 期待=ONのまま半角英数へ。Engine は(遅延で)OFF] ひらがな(0xF2) vk=0xF2 scan=0x70 press=06:30:41.224Z (auto)  状態=IME ON・入力なし
    前     : A(open=1 conv=0x19) B(open=1 conv=0x19) T(open=1 conv=0x19) G(open=0 conv=0x00) comp="" tail="kk"
    +100ms: A(open=1 conv=0x10) B(open=1 conv=0x10) T(open=1 conv=0x10) G(open=0 conv=0x00) comp="" tail="kk"
    +400ms: A(open=1 conv=0x10) B(open=1 conv=0x10) T(open=1 conv=0x10) G(open=0 conv=0x00) comp="k" tail="kk"
    差分 (前→+100ms): Δ conv A:0x19→0x10 B:0x19→0x10 / tsf-thread open:1→1 conv:0x19→0x10   (前→+400ms): Δ conv A:0x19→0x10 B:0x19→0x10 / tsf-thread open:1→1 conv:0x19→0x10 / comp:Some("")→Some("k")
[06:30:42.285Z] KEY [準備/その他] ESC vk=0x1B scan=0x01 press=06:30:41.789Z (auto)  状態=IME ON・入力中
    前     : A(open=1 conv=0x10) B(open=1 conv=0x10) T(open=1 conv=0x10) G(open=0 conv=0x00) comp="k" tail="kk"
    +100ms: A(open=1 conv=0x10) B(open=1 conv=0x10) T(open=1 conv=0x10) G(open=0 conv=0x00) comp="" tail="kk"
    +400ms: A(open=1 conv=0x10) B(open=1 conv=0x10) T(open=1 conv=0x10) G(open=0 conv=0x00) comp="" tail="kk"
    差分 (前→+100ms): Δ comp:Some("k")→Some("")   (前→+400ms): Δ comp:Some("k")→Some("")
[06:30:43.406Z] KEY [SCRIPT 8/10 無変換 期待=IME OFF。Engine OFF] 無変換 vk=0x1D scan=0x7B press=06:30:42.909Z (auto)  状態=IME ON・入力なし
    前     : A(open=1 conv=0x10) B(open=1 conv=0x10) T(open=1 conv=0x10) G(open=0 conv=0x00) comp="" tail="kk"
    +100ms: A(open=0 conv=0x10) B(open=0 conv=0x10) T(open=0 conv=0x10) G(open=0 conv=0x00) comp="" tail="kk"
    +400ms: A(open=0 conv=0x10) B(open=0 conv=0x10) T(open=0 conv=0x10) G(open=0 conv=0x00) comp="" tail="kkk"
    差分 (前→+100ms): Δ open A:1→0 B:1→0 / tsf-thread open:1→0 conv:0x10→0x10   (前→+400ms): Δ open A:1→0 B:1→0 / tsf-thread open:1→0 conv:0x10→0x10 / tail:"kk"→"kkk"
[06:30:43.967Z] KEY [準備/その他] ESC vk=0x1B scan=0x01 press=06:30:43.521Z (auto)  状態=直接入力
    前     : A(open=0 conv=0x10) B(open=0 conv=0x10) T(open=0 conv=0x10) G(open=0 conv=0x00) comp="" tail="kkk"
    +100ms: A(open=0 conv=0x10) B(open=0 conv=0x10) T(open=0 conv=0x10) G(open=0 conv=0x00) comp="" tail="kkk"
    +400ms: A(open=0 conv=0x10) B(open=0 conv=0x10) T(open=0 conv=0x10) G(open=0 conv=0x00) comp="" tail="kkk"
    差分 (前→+100ms): Δなし   (前→+400ms): Δなし
[06:30:45.102Z] KEY [SCRIPT 9/10 無変換 期待=IME ON・半角英数のまま。Engine が ON にならないこと ← 退行窓の確認] 無変換 vk=0x1D scan=0x7B press=06:30:44.588Z (auto)  状態=直接入力
    前     : A(open=0 conv=0x10) B(open=0 conv=0x10) T(open=0 conv=0x10) G(open=0 conv=0x00) comp="" tail="kkk"
    +100ms: A(open=1 conv=0x10) B(open=1 conv=0x10) T(open=1 conv=0x10) G(open=0 conv=0x00) comp="" tail="kkk"
    +400ms: A(open=1 conv=0x10) B(open=1 conv=0x10) T(open=1 conv=0x10) G(open=0 conv=0x00) comp="k" tail="kkk"
    差分 (前→+100ms): Δ open A:0→1 B:0→1 / tsf-thread open:0→1 conv:0x10→0x10   (前→+400ms): Δ open A:0→1 B:0→1 / tsf-thread open:0→1 conv:0x10→0x10 / comp:Some("")→Some("k")
[06:30:45.661Z] KEY [準備/その他] ESC vk=0x1B scan=0x01 press=06:30:45.171Z (auto)  状態=IME ON・入力中
    前     : A(open=1 conv=0x10) B(open=1 conv=0x10) T(open=1 conv=0x10) G(open=0 conv=0x00) comp="k" tail="kkk"
    +100ms: A(open=1 conv=0x10) B(open=1 conv=0x10) T(open=1 conv=0x10) G(open=0 conv=0x00) comp="" tail="kkk"
    +400ms: A(open=1 conv=0x10) B(open=1 conv=0x10) T(open=1 conv=0x10) G(open=0 conv=0x00) comp="" tail="kkk"
    差分 (前→+100ms): Δ comp:Some("k")→Some("")   (前→+400ms): Δ comp:Some("k")→Some("")
[06:30:46.773Z] KEY [SCRIPT 10/10 ひらがなキー 期待=かなに戻る(後片付け)] ひらがな(0xF2) vk=0xF2 scan=0x70 press=06:30:46.280Z (auto)  状態=IME ON・入力なし
    前     : A(open=1 conv=0x10) B(open=1 conv=0x10) T(open=1 conv=0x10) G(open=0 conv=0x00) comp="" tail="kkk"
    +100ms: A(open=1 conv=0x19) B(open=1 conv=0x19) T(open=1 conv=0x19) G(open=0 conv=0x00) comp="" tail="kkk"
    +400ms: A(open=1 conv=0x19) B(open=1 conv=0x19) T(open=1 conv=0x19) G(open=0 conv=0x00) comp="き" tail="kkk"
    差分 (前→+100ms): Δ conv A:0x10→0x19 B:0x10→0x19 / tsf-thread open:1→1 conv:0x10→0x19   (前→+400ms): Δ conv A:0x10→0x19 B:0x10→0x19 / tsf-thread open:1→1 conv:0x10→0x19 / comp:Some("")→Some("き")
[06:30:47.336Z] KEY [準備/その他] ESC vk=0x1B scan=0x01 press=06:30:46.845Z (auto)  状態=IME ON・入力中
    前     : A(open=1 conv=0x19) B(open=1 conv=0x19) T(open=1 conv=0x19) G(open=0 conv=0x00) comp="き" tail="kkk"
    +100ms: A(open=1 conv=0x19) B(open=1 conv=0x19) T(open=1 conv=0x19) G(open=0 conv=0x00) comp="" tail="kkk"
    +400ms: A(open=1 conv=0x19) B(open=1 conv=0x19) T(open=1 conv=0x19) G(open=0 conv=0x00) comp="" tail="kkk"
    差分 (前→+100ms): Δ comp:Some("き")→Some("")   (前→+400ms): Δ comp:Some("き")→Some("")
[AUTO] 全手順完了（1.5秒後に自動で閉じます）
[RUN 6/12 START]
=== IME key matrix spike (awase 非依存) ===
観測: A=IMM(ImmGet*) / B=WM_IME_CONTROL / T=TSFスレッドcompartment / G=TSFグローバルcompartment
conv の目安: 0x19=ひらがな(NATIVE|FULLSHAPE|ROMAN) 0x10=半角英数(ROMAN) 0x00=直接入力系
手順: awase を止める → 画面中段の案内に従ってキーを1回ずつ押す（全 2ラウンド×20ステップ、各押下後は3秒待機）
ROUND1=標準EDIT / ROUND2=RichEdit(TSFネイティブ)。そのキーが無い場合は Ctrl+Shift+F12 でスキップ
ログファイル: C:\Users\cuzic\scoop\persist\msys2\home\cuzic\awase-spike\target\debug\examples\ime_key_matrix_spike.log

=== ROUND 2/2: 対象コントロール = RichEdit 5.0(TSFネイティブ) ===
[AUTO] フォーカス復帰(前面ウィンドウ)
[AUTO] 準備 STEP 1: 現在=直接入力 必要=IME ON・かな・入力なし → VK 0x1C を注入
[06:30:51.225Z] KEY [準備/その他] 変換 vk=0x1C scan=0x79 press=06:30:50.697Z (auto)  状態=直接入力
    前     : A(open=0 conv=0x09) B(open=0 conv=0x09) T(open=0 conv=0x09) G(open=0 conv=0x00) comp="" tail=""
    +100ms: A(open=1 conv=0x19) B(open=1 conv=0x19) T(open=1 conv=0x19) G(open=0 conv=0x00) comp="" tail=""
    +400ms: A(open=1 conv=0x19) B(open=1 conv=0x19) T(open=1 conv=0x19) G(open=0 conv=0x00) comp="" tail=""
    差分 (前→+100ms): Δ open A:0→1 B:0→1 / conv A:0x09→0x19 B:0x09→0x19 / tsf-thread open:0→1 conv:0x09→0x19   (前→+400ms): Δ open A:0→1 B:0→1 / conv A:0x09→0x19 B:0x09→0x19 / tsf-thread open:0→1 conv:0x09→0x19
[06:30:52.465Z] KEY [SCRIPT 1/10 ひらがなキー 期待=ONのまま半角英数へ(conv 0x10)。Engine OFF(決定3保留のため遅延の可能性あり)] ひらがな(0xF2) vk=0xF2 scan=0x70 press=06:30:51.970Z (auto)  状態=IME ON・入力なし
    前     : A(open=1 conv=0x19) B(open=1 conv=0x19) T(open=1 conv=0x19) G(open=0 conv=0x00) comp="" tail=""
    +100ms: A(open=1 conv=0x10) B(open=1 conv=0x10) T(open=1 conv=0x10) G(open=0 conv=0x00) comp="" tail=""
    +400ms: A(open=1 conv=0x10) B(open=1 conv=0x10) T(open=1 conv=0x10) G(open=0 conv=0x00) comp="k" tail=""
    差分 (前→+100ms): Δ conv A:0x19→0x10 B:0x19→0x10 / tsf-thread open:1→1 conv:0x19→0x10   (前→+400ms): Δ conv A:0x19→0x10 B:0x19→0x10 / tsf-thread open:1→1 conv:0x19→0x10 / comp:Some("")→Some("k")
[06:30:53.030Z] KEY [準備/その他] ESC vk=0x1B scan=0x01 press=06:30:52.535Z (auto)  状態=IME ON・入力中
    前     : A(open=1 conv=0x10) B(open=1 conv=0x10) T(open=1 conv=0x10) G(open=0 conv=0x00) comp="k" tail=""
    +100ms: A(open=1 conv=0x10) B(open=1 conv=0x10) T(open=1 conv=0x10) G(open=0 conv=0x00) comp="" tail=""
    +400ms: A(open=1 conv=0x10) B(open=1 conv=0x10) T(open=1 conv=0x10) G(open=0 conv=0x00) comp="" tail=""
    差分 (前→+100ms): Δ comp:Some("k")→Some("")   (前→+400ms): Δ comp:Some("k")→Some("")
[06:30:54.149Z] KEY [SCRIPT 2/10 無変換 期待=IME OFF(直接入力)。Engine OFF] 無変換 vk=0x1D scan=0x7B press=06:30:53.652Z (auto)  状態=IME ON・入力なし
    前     : A(open=1 conv=0x10) B(open=1 conv=0x10) T(open=1 conv=0x10) G(open=0 conv=0x00) comp="" tail=""
    +100ms: A(open=0 conv=0x10) B(open=0 conv=0x10) T(open=0 conv=0x10) G(open=0 conv=0x00) comp="" tail=""
    +400ms: A(open=0 conv=0x10) B(open=0 conv=0x10) T(open=0 conv=0x10) G(open=0 conv=0x00) comp="" tail="k"
    差分 (前→+100ms): Δ open A:1→0 B:1→0 / tsf-thread open:1→0 conv:0x10→0x10   (前→+400ms): Δ open A:1→0 B:1→0 / tsf-thread open:1→0 conv:0x10→0x10 / tail:""→"k"
[06:30:54.725Z] KEY [準備/その他] ESC vk=0x1B scan=0x01 press=06:30:54.229Z (auto)  状態=直接入力
    前     : A(open=0 conv=0x10) B(open=0 conv=0x10) T(open=0 conv=0x10) G(open=0 conv=0x00) comp="" tail="k"
    +100ms: A(open=0 conv=0x10) B(open=0 conv=0x10) T(open=0 conv=0x10) G(open=0 conv=0x00) comp="" tail="k"
    +400ms: A(open=0 conv=0x10) B(open=0 conv=0x10) T(open=0 conv=0x10) G(open=0 conv=0x00) comp="" tail="k"
    差分 (前→+100ms): Δなし   (前→+400ms): Δなし
[06:30:55.846Z] KEY [SCRIPT 3/10 無変換 期待=IME ON・半角英数のまま(conv 0x10)。Engine は OFF のまま ← 決定2の核心] 無変換 vk=0x1D scan=0x7B press=06:30:55.339Z (auto)  状態=直接入力
    前     : A(open=0 conv=0x10) B(open=0 conv=0x10) T(open=0 conv=0x10) G(open=0 conv=0x00) comp="" tail="k"
    +100ms: A(open=1 conv=0x10) B(open=1 conv=0x10) T(open=1 conv=0x10) G(open=0 conv=0x00) comp="" tail="k"
    +400ms: A(open=1 conv=0x10) B(open=1 conv=0x10) T(open=1 conv=0x10) G(open=0 conv=0x00) comp="k" tail="k"
    差分 (前→+100ms): Δ open A:0→1 B:0→1 / tsf-thread open:0→1 conv:0x10→0x10   (前→+400ms): Δ open A:0→1 B:0→1 / tsf-thread open:0→1 conv:0x10→0x10 / comp:Some("")→Some("k")
[06:30:56.411Z] KEY [準備/その他] ESC vk=0x1B scan=0x01 press=06:30:55.949Z (auto)  状態=IME ON・入力中
    前     : A(open=1 conv=0x10) B(open=1 conv=0x10) T(open=1 conv=0x10) G(open=0 conv=0x00) comp="k" tail="k"
    +100ms: A(open=1 conv=0x10) B(open=1 conv=0x10) T(open=1 conv=0x10) G(open=0 conv=0x00) comp="" tail="k"
    +400ms: A(open=1 conv=0x10) B(open=1 conv=0x10) T(open=1 conv=0x10) G(open=0 conv=0x00) comp="" tail="k"
    差分 (前→+100ms): Δ comp:Some("k")→Some("")   (前→+400ms): Δ comp:Some("k")→Some("")
[06:30:57.522Z] KEY [SCRIPT 4/10 ひらがなキー 期待=かなに戻る(conv 0x19)。Engine ON(遅延の可能性あり)] ひらがな(0xF2) vk=0xF2 scan=0x70 press=06:30:57.035Z (auto)  状態=IME ON・入力なし
    前     : A(open=1 conv=0x10) B(open=1 conv=0x10) T(open=1 conv=0x10) G(open=0 conv=0x00) comp="" tail="k"
    +100ms: A(open=1 conv=0x19) B(open=1 conv=0x19) T(open=1 conv=0x19) G(open=0 conv=0x00) comp="" tail="k"
    +400ms: A(open=1 conv=0x19) B(open=1 conv=0x19) T(open=1 conv=0x19) G(open=0 conv=0x00) comp="き" tail="k"
    差分 (前→+100ms): Δ conv A:0x10→0x19 B:0x10→0x19 / tsf-thread open:1→1 conv:0x10→0x19   (前→+400ms): Δ conv A:0x10→0x19 B:0x10→0x19 / tsf-thread open:1→1 conv:0x10→0x19 / comp:Some("")→Some("き")
[06:30:58.159Z] KEY [準備/その他] ESC vk=0x1B scan=0x01 press=06:30:57.656Z (auto)  状態=IME ON・入力中
    前     : A(open=1 conv=0x19) B(open=1 conv=0x19) T(open=1 conv=0x19) G(open=0 conv=0x00) comp="き" tail="k"
    +100ms: A(open=1 conv=0x19) B(open=1 conv=0x19) T(open=1 conv=0x19) G(open=0 conv=0x00) comp="" tail="k"
    +400ms: A(open=1 conv=0x19) B(open=1 conv=0x19) T(open=1 conv=0x19) G(open=0 conv=0x00) comp="" tail="k"
    差分 (前→+100ms): Δ comp:Some("き")→Some("")   (前→+400ms): Δ comp:Some("き")→Some("")
[06:30:58.260Z] KEY [準備/その他] ESC vk=0x1B scan=0x00 press=06:30:57.668Z (injected)  状態=IME ON・入力中
    前     : A(open=1 conv=0x19) B(open=1 conv=0x19) T(open=1 conv=0x19) G(open=0 conv=0x00) comp="き" tail="k"
    +100ms: A(open=1 conv=0x19) B(open=1 conv=0x19) T(open=1 conv=0x19) G(open=0 conv=0x00) comp="" tail="k"
    +400ms: A(open=1 conv=0x19) B(open=1 conv=0x19) T(open=1 conv=0x19) G(open=0 conv=0x00) comp="" tail="k"
    差分 (前→+100ms): Δ comp:Some("き")→Some("")   (前→+400ms): Δ comp:Some("き")→Some("")
[06:30:59.217Z] KEY [SCRIPT 5/10 無変換 期待=IME OFF。Engine OFF] 無変換 vk=0x1D scan=0x7B press=06:30:58.717Z (auto)  状態=IME ON・入力なし
    前     : A(open=1 conv=0x19) B(open=1 conv=0x19) T(open=1 conv=0x19) G(open=0 conv=0x00) comp="" tail="k"
    +100ms: A(open=0 conv=0x19) B(open=0 conv=0x19) T(open=0 conv=0x19) G(open=0 conv=0x00) comp="" tail="k"
    +400ms: A(open=0 conv=0x19) B(open=0 conv=0x19) T(open=0 conv=0x19) G(open=0 conv=0x00) comp="" tail="kk"
    差分 (前→+100ms): Δ open A:1→0 B:1→0 / tsf-thread open:1→0 conv:0x19→0x19   (前→+400ms): Δ open A:1→0 B:1→0 / tsf-thread open:1→0 conv:0x19→0x19 / tail:"k"→"kk"
[06:30:59.839Z] KEY [準備/その他] ESC vk=0x1B scan=0x01 press=06:30:59.355Z (auto)  状態=直接入力
    前     : A(open=0 conv=0x19) B(open=0 conv=0x19) T(open=0 conv=0x19) G(open=0 conv=0x00) comp="" tail="kk"
    +100ms: A(open=0 conv=0x19) B(open=0 conv=0x19) T(open=0 conv=0x19) G(open=0 conv=0x00) comp="" tail="kk"
    +400ms: A(open=0 conv=0x19) B(open=0 conv=0x19) T(open=0 conv=0x19) G(open=0 conv=0x00) comp="" tail="kk"
    差分 (前→+100ms): Δなし   (前→+400ms): Δなし
[06:30:59.944Z] KEY [準備/その他] ESC vk=0x1B scan=0x00 press=06:30:59.414Z (injected)  状態=直接入力
    前     : A(open=0 conv=0x19) B(open=0 conv=0x19) T(open=0 conv=0x19) G(open=0 conv=0x00) comp="" tail="kk"
    +100ms: A(open=0 conv=0x19) B(open=0 conv=0x19) T(open=0 conv=0x19) G(open=0 conv=0x00) comp="" tail="kk"
    +400ms: A(open=0 conv=0x19) B(open=0 conv=0x19) T(open=0 conv=0x19) G(open=0 conv=0x00) comp="" tail="kk"
    差分 (前→+100ms): Δなし   (前→+400ms): Δなし
[06:31:00.917Z] KEY [SCRIPT 6/10 無変換 期待=IME ON(かな)。Engine ON] 無変換 vk=0x1D scan=0x7B press=06:31:00.405Z (auto)  状態=直接入力
    前     : A(open=0 conv=0x19) B(open=0 conv=0x19) T(open=0 conv=0x19) G(open=0 conv=0x00) comp="" tail="kk"
    +100ms: A(open=1 conv=0x19) B(open=1 conv=0x19) T(open=1 conv=0x19) G(open=0 conv=0x00) comp="" tail="kk"
    +400ms: A(open=1 conv=0x19) B(open=1 conv=0x19) T(open=1 conv=0x19) G(open=0 conv=0x00) comp="き" tail="kk"
    差分 (前→+100ms): Δ open A:0→1 B:0→1 / tsf-thread open:0→1 conv:0x19→0x19   (前→+400ms): Δ open A:0→1 B:0→1 / tsf-thread open:0→1 conv:0x19→0x19 / comp:Some("")→Some("き")
[06:31:01.526Z] KEY [準備/その他] ESC vk=0x1B scan=0x01 press=06:31:01.037Z (auto)  状態=IME ON・入力中
    前     : A(open=1 conv=0x19) B(open=1 conv=0x19) T(open=1 conv=0x19) G(open=0 conv=0x00) comp="き" tail="kk"
    +100ms: A(open=1 conv=0x19) B(open=1 conv=0x19) T(open=1 conv=0x19) G(open=0 conv=0x00) comp="" tail="kk"
    +400ms: A(open=1 conv=0x19) B(open=1 conv=0x19) T(open=1 conv=0x19) G(open=0 conv=0x00) comp="" tail="kk"
    差分 (前→+100ms): Δ comp:Some("き")→Some("")   (前→+400ms): Δ comp:Some("き")→Some("")
[06:31:01.631Z] KEY [準備/その他] ESC vk=0x1B scan=0x00 press=06:31:01.054Z (injected)  状態=IME ON・入力中
    前     : A(open=1 conv=0x19) B(open=1 conv=0x19) T(open=1 conv=0x19) G(open=0 conv=0x00) comp="き" tail="kk"
    +100ms: A(open=1 conv=0x19) B(open=1 conv=0x19) T(open=1 conv=0x19) G(open=0 conv=0x00) comp="" tail="kk"
    +400ms: A(open=1 conv=0x19) B(open=1 conv=0x19) T(open=1 conv=0x19) G(open=0 conv=0x00) comp="" tail="kk"
    差分 (前→+100ms): Δ comp:Some("き")→Some("")   (前→+400ms): Δ comp:Some("き")→Some("")
[06:31:02.567Z] KEY [SCRIPT 7/10 ひらがなキー 期待=ONのまま半角英数へ。Engine は(遅延で)OFF] ひらがな(0xF2) vk=0xF2 scan=0x70 press=06:31:02.091Z (auto)  状態=IME ON・入力なし
    前     : A(open=1 conv=0x19) B(open=1 conv=0x19) T(open=1 conv=0x19) G(open=0 conv=0x00) comp="" tail="kk"
    +100ms: A(open=1 conv=0x10) B(open=1 conv=0x10) T(open=1 conv=0x10) G(open=0 conv=0x00) comp="" tail="kk"
    +400ms: A(open=1 conv=0x10) B(open=1 conv=0x10) T(open=1 conv=0x10) G(open=0 conv=0x00) comp="k" tail="kk"
    差分 (前→+100ms): Δ conv A:0x19→0x10 B:0x19→0x10 / tsf-thread open:1→1 conv:0x19→0x10   (前→+400ms): Δ conv A:0x19→0x10 B:0x19→0x10 / tsf-thread open:1→1 conv:0x19→0x10 / comp:Some("")→Some("k")
[06:31:03.218Z] KEY [準備/その他] ESC vk=0x1B scan=0x01 press=06:31:02.707Z (auto)  状態=IME ON・入力中
    前     : A(open=1 conv=0x10) B(open=1 conv=0x10) T(open=1 conv=0x10) G(open=0 conv=0x00) comp="k" tail="kk"
    +100ms: A(open=1 conv=0x10) B(open=1 conv=0x10) T(open=1 conv=0x10) G(open=0 conv=0x00) comp="" tail="kk"
    +400ms: A(open=1 conv=0x10) B(open=1 conv=0x10) T(open=1 conv=0x10) G(open=0 conv=0x00) comp="" tail="kk"
    差分 (前→+100ms): Δ comp:Some("k")→Some("")   (前→+400ms): Δ comp:Some("k")→Some("")
[06:31:03.285Z] KEY [準備/その他] ESC vk=0x1B scan=0x00 press=06:31:02.712Z (injected)  状態=IME ON・入力中
    前     : A(open=1 conv=0x10) B(open=1 conv=0x10) T(open=1 conv=0x10) G(open=0 conv=0x00) comp="k" tail="kk"
    +100ms: A(open=1 conv=0x10) B(open=1 conv=0x10) T(open=1 conv=0x10) G(open=0 conv=0x00) comp="" tail="kk"
    +400ms: A(open=1 conv=0x10) B(open=1 conv=0x10) T(open=1 conv=0x10) G(open=0 conv=0x00) comp="" tail="kk"
    差分 (前→+100ms): Δ comp:Some("k")→Some("")   (前→+400ms): Δ comp:Some("k")→Some("")
[06:31:04.216Z] KEY [SCRIPT 8/10 無変換 期待=IME OFF。Engine OFF] 無変換 vk=0x1D scan=0x7B press=06:31:03.717Z (auto)  状態=IME ON・入力なし
    前     : A(open=1 conv=0x10) B(open=1 conv=0x10) T(open=1 conv=0x10) G(open=0 conv=0x00) comp="" tail="kk"
    +100ms: A(open=0 conv=0x10) B(open=0 conv=0x10) T(open=0 conv=0x10) G(open=0 conv=0x00) comp="" tail="kk"
    +400ms: A(open=0 conv=0x10) B(open=0 conv=0x10) T(open=0 conv=0x10) G(open=0 conv=0x00) comp="" tail="kkk"
    差分 (前→+100ms): Δ open A:1→0 B:1→0 / tsf-thread open:1→0 conv:0x10→0x10   (前→+400ms): Δ open A:1→0 B:1→0 / tsf-thread open:1→0 conv:0x10→0x10 / tail:"kk"→"kkk"
[06:31:04.836Z] KEY [準備/その他] ESC vk=0x1B scan=0x01 press=06:31:04.366Z (auto)  状態=直接入力
    前     : A(open=0 conv=0x10) B(open=0 conv=0x10) T(open=0 conv=0x10) G(open=0 conv=0x00) comp="" tail="kkk"
    +100ms: A(open=0 conv=0x10) B(open=0 conv=0x10) T(open=0 conv=0x10) G(open=0 conv=0x00) comp="" tail="kkk"
    +400ms: A(open=0 conv=0x10) B(open=0 conv=0x10) T(open=0 conv=0x10) G(open=0 conv=0x00) comp="" tail="kkk"
    差分 (前→+100ms): Δなし   (前→+400ms): Δなし
[06:31:04.906Z] KEY [準備/その他] ESC vk=0x1B scan=0x00 press=06:31:04.372Z (injected)  状態=直接入力
    前     : A(open=0 conv=0x10) B(open=0 conv=0x10) T(open=0 conv=0x10) G(open=0 conv=0x00) comp="" tail="kkk"
    +100ms: A(open=0 conv=0x10) B(open=0 conv=0x10) T(open=0 conv=0x10) G(open=0 conv=0x00) comp="" tail="kkk"
    +400ms: A(open=0 conv=0x10) B(open=0 conv=0x10) T(open=0 conv=0x10) G(open=0 conv=0x00) comp="" tail="kkk"
    差分 (前→+100ms): Δなし   (前→+400ms): Δなし
[06:31:05.850Z] KEY [SCRIPT 9/10 無変換 期待=IME ON・半角英数のまま。Engine が ON にならないこと ← 退行窓の確認] 無変換 vk=0x1D scan=0x7B press=06:31:05.339Z (auto)  状態=直接入力
    前     : A(open=0 conv=0x10) B(open=0 conv=0x10) T(open=0 conv=0x10) G(open=0 conv=0x00) comp="" tail="kkk"
    +100ms: A(open=1 conv=0x10) B(open=1 conv=0x10) T(open=1 conv=0x10) G(open=0 conv=0x00) comp="" tail="kkk"
    +400ms: A(open=1 conv=0x10) B(open=1 conv=0x10) T(open=1 conv=0x10) G(open=0 conv=0x00) comp="k" tail="kkk"
    差分 (前→+100ms): Δ open A:0→1 B:0→1 / tsf-thread open:0→1 conv:0x10→0x10   (前→+400ms): Δ open A:0→1 B:0→1 / tsf-thread open:0→1 conv:0x10→0x10 / comp:Some("")→Some("k")
[06:31:06.461Z] KEY [準備/その他] ESC vk=0x1B scan=0x01 press=06:31:05.975Z (auto)  状態=IME ON・入力中
    前     : A(open=1 conv=0x10) B(open=1 conv=0x10) T(open=1 conv=0x10) G(open=0 conv=0x00) comp="k" tail="kkk"
    +100ms: A(open=1 conv=0x10) B(open=1 conv=0x10) T(open=1 conv=0x10) G(open=0 conv=0x00) comp="" tail="kkk"
    +400ms: A(open=1 conv=0x10) B(open=1 conv=0x10) T(open=1 conv=0x10) G(open=0 conv=0x00) comp="" tail="kkk"
    差分 (前→+100ms): Δ comp:Some("k")→Some("")   (前→+400ms): Δ comp:Some("k")→Some("")
[06:31:06.559Z] KEY [準備/その他] ESC vk=0x1B scan=0x00 press=06:31:05.978Z (injected)  状態=IME ON・入力中
    前     : A(open=1 conv=0x10) B(open=1 conv=0x10) T(open=1 conv=0x10) G(open=0 conv=0x00) comp="k" tail="kkk"
    +100ms: A(open=1 conv=0x10) B(open=1 conv=0x10) T(open=1 conv=0x10) G(open=0 conv=0x00) comp="" tail="kkk"
    +400ms: A(open=1 conv=0x10) B(open=1 conv=0x10) T(open=1 conv=0x10) G(open=0 conv=0x00) comp="" tail="kkk"
    差分 (前→+100ms): Δ comp:Some("k")→Some("")   (前→+400ms): Δ comp:Some("k")→Some("")
[06:31:07.571Z] KEY [SCRIPT 10/10 ひらがなキー 期待=かなに戻る(後片付け)] ひらがな(0xF2) vk=0xF2 scan=0x70 press=06:31:07.033Z (auto)  状態=IME ON・入力なし
    前     : A(open=1 conv=0x10) B(open=1 conv=0x10) T(open=1 conv=0x10) G(open=0 conv=0x00) comp="" tail="kkk"
    +100ms: A(open=1 conv=0x19) B(open=1 conv=0x19) T(open=1 conv=0x19) G(open=0 conv=0x00) comp="" tail="kkk"
    +400ms: A(open=1 conv=0x19) B(open=1 conv=0x19) T(open=1 conv=0x19) G(open=0 conv=0x00) comp="き" tail="kkk"
    差分 (前→+100ms): Δ conv A:0x10→0x19 B:0x10→0x19 / tsf-thread open:1→1 conv:0x10→0x19   (前→+400ms): Δ conv A:0x10→0x19 B:0x10→0x19 / tsf-thread open:1→1 conv:0x10→0x19 / comp:Some("")→Some("き")
[06:31:08.156Z] KEY [準備/その他] ESC vk=0x1B scan=0x01 press=06:31:07.648Z (auto)  状態=IME ON・入力中
    前     : A(open=1 conv=0x19) B(open=1 conv=0x19) T(open=1 conv=0x19) G(open=0 conv=0x00) comp="き" tail="kkk"
    +100ms: A(open=1 conv=0x19) B(open=1 conv=0x19) T(open=1 conv=0x19) G(open=0 conv=0x00) comp="" tail="kkk"
    +400ms: A(open=1 conv=0x19) B(open=1 conv=0x19) T(open=1 conv=0x19) G(open=0 conv=0x00) comp="" tail="kkk"
    差分 (前→+100ms): Δ comp:Some("き")→Some("")   (前→+400ms): Δ comp:Some("き")→Some("")
[AUTO] 全手順完了（1.5秒後に自動で閉じます）
[RUN 7/12 START]
=== IME key matrix spike (awase 非依存) ===
観測: A=IMM(ImmGet*) / B=WM_IME_CONTROL / T=TSFスレッドcompartment / G=TSFグローバルcompartment
conv の目安: 0x19=ひらがな(NATIVE|FULLSHAPE|ROMAN) 0x10=半角英数(ROMAN) 0x00=直接入力系
手順: awase を止める → 画面中段の案内に従ってキーを1回ずつ押す（全 2ラウンド×20ステップ、各押下後は3秒待機）
ROUND1=標準EDIT / ROUND2=RichEdit(TSFネイティブ)。そのキーが無い場合は Ctrl+Shift+F12 でスキップ
ログファイル: C:\Users\cuzic\scoop\persist\msys2\home\cuzic\awase-spike\target\debug\examples\ime_key_matrix_spike.log

=== ROUND 2/2: 対象コントロール = RichEdit 5.0(TSFネイティブ) ===
[AUTO] フォーカス復帰(前面ウィンドウ)
[AUTO] 準備 STEP 1: 現在=直接入力 必要=IME ON・かな・入力なし → VK 0x1C を注入
[06:31:12.024Z] KEY [準備/その他] 変換 vk=0x1C scan=0x79 press=06:31:11.522Z (auto)  状態=直接入力
    前     : A(open=0 conv=0x09) B(open=0 conv=0x09) T(open=0 conv=0x09) G(open=0 conv=0x00) comp="" tail=""
    +100ms: A(open=1 conv=0x19) B(open=1 conv=0x19) T(open=1 conv=0x19) G(open=0 conv=0x00) comp="" tail=""
    +400ms: A(open=1 conv=0x19) B(open=1 conv=0x19) T(open=1 conv=0x19) G(open=0 conv=0x00) comp="" tail=""
    差分 (前→+100ms): Δ open A:0→1 B:0→1 / conv A:0x09→0x19 B:0x09→0x19 / tsf-thread open:0→1 conv:0x09→0x19   (前→+400ms): Δ open A:0→1 B:0→1 / conv A:0x09→0x19 B:0x09→0x19 / tsf-thread open:0→1 conv:0x09→0x19
[06:31:13.281Z] KEY [SCRIPT 1/10 ひらがなキー 期待=ONのまま半角英数へ(conv 0x10)。Engine OFF(決定3保留のため遅延の可能性あり)] ひらがな(0xF2) vk=0xF2 scan=0x70 press=06:31:12.768Z (auto)  状態=IME ON・入力なし
    前     : A(open=1 conv=0x19) B(open=1 conv=0x19) T(open=1 conv=0x19) G(open=0 conv=0x00) comp="" tail=""
    +100ms: A(open=1 conv=0x10) B(open=1 conv=0x10) T(open=1 conv=0x10) G(open=0 conv=0x00) comp="" tail=""
    +400ms: A(open=1 conv=0x10) B(open=1 conv=0x10) T(open=1 conv=0x10) G(open=0 conv=0x00) comp="k" tail=""
    差分 (前→+100ms): Δ conv A:0x19→0x10 B:0x19→0x10 / tsf-thread open:1→1 conv:0x19→0x10   (前→+400ms): Δ conv A:0x19→0x10 B:0x19→0x10 / tsf-thread open:1→1 conv:0x19→0x10 / comp:Some("")→Some("k")
[06:31:13.843Z] KEY [準備/その他] ESC vk=0x1B scan=0x01 press=06:31:13.383Z (auto)  状態=IME ON・入力中
    前     : A(open=1 conv=0x10) B(open=1 conv=0x10) T(open=1 conv=0x10) G(open=0 conv=0x00) comp="k" tail=""
    +100ms: A(open=1 conv=0x10) B(open=1 conv=0x10) T(open=1 conv=0x10) G(open=0 conv=0x00) comp="" tail=""
    +400ms: A(open=1 conv=0x10) B(open=1 conv=0x10) T(open=1 conv=0x10) G(open=0 conv=0x00) comp="" tail=""
    差分 (前→+100ms): Δ comp:Some("k")→Some("")   (前→+400ms): Δ comp:Some("k")→Some("")
[06:31:14.904Z] KEY [SCRIPT 2/10 無変換 期待=IME OFF(直接入力)。Engine OFF] 無変換 vk=0x1D scan=0x7B press=06:31:14.406Z (auto)  状態=IME ON・入力なし
    前     : A(open=1 conv=0x10) B(open=1 conv=0x10) T(open=1 conv=0x10) G(open=0 conv=0x00) comp="" tail=""
    +100ms: A(open=0 conv=0x10) B(open=0 conv=0x10) T(open=0 conv=0x10) G(open=0 conv=0x00) comp="" tail=""
    +400ms: A(open=0 conv=0x10) B(open=0 conv=0x10) T(open=0 conv=0x10) G(open=0 conv=0x00) comp="" tail="k"
    差分 (前→+100ms): Δ open A:1→0 B:1→0 / tsf-thread open:1→0 conv:0x10→0x10   (前→+400ms): Δ open A:1→0 B:1→0 / tsf-thread open:1→0 conv:0x10→0x10 / tail:""→"k"
[06:31:15.465Z] KEY [準備/その他] ESC vk=0x1B scan=0x01 press=06:31:15.009Z (auto)  状態=直接入力
    前     : A(open=0 conv=0x10) B(open=0 conv=0x10) T(open=0 conv=0x10) G(open=0 conv=0x00) comp="" tail="k"
    +100ms: A(open=0 conv=0x10) B(open=0 conv=0x10) T(open=0 conv=0x10) G(open=0 conv=0x00) comp="" tail="k"
    +400ms: A(open=0 conv=0x10) B(open=0 conv=0x10) T(open=0 conv=0x10) G(open=0 conv=0x00) comp="" tail="k"
    差分 (前→+100ms): Δなし   (前→+400ms): Δなし
[06:31:16.522Z] KEY [SCRIPT 3/10 無変換 期待=IME ON・半角英数のまま(conv 0x10)。Engine は OFF のまま ← 決定2の核心] 無変換 vk=0x1D scan=0x7B press=06:31:16.027Z (auto)  状態=直接入力
    前     : A(open=0 conv=0x10) B(open=0 conv=0x10) T(open=0 conv=0x10) G(open=0 conv=0x00) comp="" tail="k"
    +100ms: A(open=1 conv=0x10) B(open=1 conv=0x10) T(open=1 conv=0x10) G(open=0 conv=0x00) comp="" tail="k"
    +400ms: A(open=1 conv=0x10) B(open=1 conv=0x10) T(open=1 conv=0x10) G(open=0 conv=0x00) comp="k" tail="k"
    差分 (前→+100ms): Δ open A:0→1 B:0→1 / tsf-thread open:0→1 conv:0x10→0x10   (前→+400ms): Δ open A:0→1 B:0→1 / tsf-thread open:0→1 conv:0x10→0x10 / comp:Some("")→Some("k")
[06:31:17.100Z] KEY [準備/その他] ESC vk=0x1B scan=0x01 press=06:31:16.587Z (auto)  状態=IME ON・入力中
    前     : A(open=1 conv=0x10) B(open=1 conv=0x10) T(open=1 conv=0x10) G(open=0 conv=0x00) comp="k" tail="k"
    +100ms: A(open=1 conv=0x10) B(open=1 conv=0x10) T(open=1 conv=0x10) G(open=0 conv=0x00) comp="" tail="k"
    +400ms: A(open=1 conv=0x10) B(open=1 conv=0x10) T(open=1 conv=0x10) G(open=0 conv=0x00) comp="" tail="k"
    差分 (前→+100ms): Δ comp:Some("k")→Some("")   (前→+400ms): Δ comp:Some("k")→Some("")
[06:31:18.194Z] KEY [SCRIPT 4/10 ひらがなキー 期待=かなに戻る(conv 0x19)。Engine ON(遅延の可能性あり)] ひらがな(0xF2) vk=0xF2 scan=0x70 press=06:31:17.715Z (auto)  状態=IME ON・入力なし
    前     : A(open=1 conv=0x10) B(open=1 conv=0x10) T(open=1 conv=0x10) G(open=0 conv=0x00) comp="" tail="k"
    +100ms: A(open=1 conv=0x19) B(open=1 conv=0x19) T(open=1 conv=0x19) G(open=0 conv=0x00) comp="" tail="k"
    +400ms: A(open=1 conv=0x19) B(open=1 conv=0x19) T(open=1 conv=0x19) G(open=0 conv=0x00) comp="き" tail="k"
    差分 (前→+100ms): Δ conv A:0x10→0x19 B:0x10→0x19 / tsf-thread open:1→1 conv:0x10→0x19   (前→+400ms): Δ conv A:0x10→0x19 B:0x10→0x19 / tsf-thread open:1→1 conv:0x10→0x19 / comp:Some("")→Some("き")
[06:31:18.775Z] KEY [準備/その他] ESC vk=0x1B scan=0x01 press=06:31:18.288Z (auto)  状態=IME ON・入力中
    前     : A(open=1 conv=0x19) B(open=1 conv=0x19) T(open=1 conv=0x19) G(open=0 conv=0x00) comp="き" tail="k"
    +100ms: A(open=1 conv=0x19) B(open=1 conv=0x19) T(open=1 conv=0x19) G(open=0 conv=0x00) comp="" tail="k"
    +400ms: A(open=1 conv=0x19) B(open=1 conv=0x19) T(open=1 conv=0x19) G(open=0 conv=0x00) comp="" tail="k"
    差分 (前→+100ms): Δ comp:Some("き")→Some("")   (前→+400ms): Δ comp:Some("き")→Some("")
[06:31:19.899Z] KEY [SCRIPT 5/10 無変換 期待=IME OFF。Engine OFF] 無変換 vk=0x1D scan=0x7B press=06:31:19.405Z (auto)  状態=IME ON・入力なし
    前     : A(open=1 conv=0x19) B(open=1 conv=0x19) T(open=1 conv=0x19) G(open=0 conv=0x00) comp="" tail="k"
    +100ms: A(open=0 conv=0x19) B(open=0 conv=0x19) T(open=0 conv=0x19) G(open=0 conv=0x00) comp="" tail="k"
    +400ms: A(open=0 conv=0x19) B(open=0 conv=0x19) T(open=0 conv=0x19) G(open=0 conv=0x00) comp="" tail="kk"
    差分 (前→+100ms): Δ open A:1→0 B:1→0 / tsf-thread open:1→0 conv:0x19→0x19   (前→+400ms): Δ open A:1→0 B:1→0 / tsf-thread open:1→0 conv:0x19→0x19 / tail:"k"→"kk"
[06:31:20.462Z] KEY [準備/その他] ESC vk=0x1B scan=0x01 press=06:31:19.968Z (auto)  状態=直接入力
    前     : A(open=0 conv=0x19) B(open=0 conv=0x19) T(open=0 conv=0x19) G(open=0 conv=0x00) comp="" tail="kk"
    +100ms: A(open=0 conv=0x19) B(open=0 conv=0x19) T(open=0 conv=0x19) G(open=0 conv=0x00) comp="" tail="kk"
    +400ms: A(open=0 conv=0x19) B(open=0 conv=0x19) T(open=0 conv=0x19) G(open=0 conv=0x00) comp="" tail="kk"
    差分 (前→+100ms): Δなし   (前→+400ms): Δなし
[06:31:20.534Z] KEY [準備/その他] ESC vk=0x1B scan=0x00 press=06:31:20.024Z (injected)  状態=直接入力
    前     : A(open=0 conv=0x19) B(open=0 conv=0x19) T(open=0 conv=0x19) G(open=0 conv=0x00) comp="" tail="kk"
    +100ms: A(open=0 conv=0x19) B(open=0 conv=0x19) T(open=0 conv=0x19) G(open=0 conv=0x00) comp="" tail="kk"
    +400ms: A(open=0 conv=0x19) B(open=0 conv=0x19) T(open=0 conv=0x19) G(open=0 conv=0x00) comp="" tail="kk"
    差分 (前→+100ms): Δなし   (前→+400ms): Δなし
[06:31:21.624Z] KEY [SCRIPT 6/10 無変換 期待=IME ON(かな)。Engine ON] 無変換 vk=0x1D scan=0x7B press=06:31:21.037Z (auto)  状態=直接入力
    前     : A(open=0 conv=0x19) B(open=0 conv=0x19) T(open=0 conv=0x19) G(open=0 conv=0x00) comp="" tail="kk"
    +100ms: A(open=1 conv=0x19) B(open=1 conv=0x19) T(open=1 conv=0x19) G(open=0 conv=0x00) comp="" tail="kk"
    +400ms: A(open=1 conv=0x19) B(open=1 conv=0x19) T(open=1 conv=0x19) G(open=0 conv=0x00) comp="き" tail="kk"
    差分 (前→+100ms): Δ open A:0→1 B:0→1 / tsf-thread open:0→1 conv:0x19→0x19   (前→+400ms): Δ open A:0→1 B:0→1 / tsf-thread open:0→1 conv:0x19→0x19 / comp:Some("")→Some("き")
[06:31:22.162Z] KEY [準備/その他] ESC vk=0x1B scan=0x01 press=06:31:21.711Z (auto)  状態=IME ON・入力中
    前     : A(open=1 conv=0x19) B(open=1 conv=0x19) T(open=1 conv=0x19) G(open=0 conv=0x00) comp="き" tail="kk"
    +100ms: A(open=1 conv=0x19) B(open=1 conv=0x19) T(open=1 conv=0x19) G(open=0 conv=0x00) comp="" tail="kk"
    +400ms: A(open=1 conv=0x19) B(open=1 conv=0x19) T(open=1 conv=0x19) G(open=0 conv=0x00) comp="" tail="kk"
    差分 (前→+100ms): Δ comp:Some("き")→Some("")   (前→+400ms): Δ comp:Some("き")→Some("")
[06:31:23.216Z] KEY [SCRIPT 7/10 ひらがなキー 期待=ONのまま半角英数へ。Engine は(遅延で)OFF] ひらがな(0xF2) vk=0xF2 scan=0x70 press=06:31:22.721Z (auto)  状態=IME ON・入力なし
    前     : A(open=1 conv=0x19) B(open=1 conv=0x19) T(open=1 conv=0x19) G(open=0 conv=0x00) comp="" tail="kk"
    +100ms: A(open=1 conv=0x10) B(open=1 conv=0x10) T(open=1 conv=0x10) G(open=0 conv=0x00) comp="" tail="kk"
    +400ms: A(open=1 conv=0x10) B(open=1 conv=0x10) T(open=1 conv=0x10) G(open=0 conv=0x00) comp="k" tail="kk"
    差分 (前→+100ms): Δ conv A:0x19→0x10 B:0x19→0x10 / tsf-thread open:1→1 conv:0x19→0x10   (前→+400ms): Δ conv A:0x19→0x10 B:0x19→0x10 / tsf-thread open:1→1 conv:0x19→0x10 / comp:Some("")→Some("k")
[06:31:23.775Z] KEY [準備/その他] ESC vk=0x1B scan=0x01 press=06:31:23.283Z (auto)  状態=IME ON・入力中
    前     : A(open=1 conv=0x10) B(open=1 conv=0x10) T(open=1 conv=0x10) G(open=0 conv=0x00) comp="k" tail="kk"
    +100ms: A(open=1 conv=0x10) B(open=1 conv=0x10) T(open=1 conv=0x10) G(open=0 conv=0x00) comp="" tail="kk"
    +400ms: A(open=1 conv=0x10) B(open=1 conv=0x10) T(open=1 conv=0x10) G(open=0 conv=0x00) comp="" tail="kk"
    差分 (前→+100ms): Δ comp:Some("k")→Some("")   (前→+400ms): Δ comp:Some("k")→Some("")
[06:31:24.844Z] KEY [SCRIPT 8/10 無変換 期待=IME OFF。Engine OFF] 無変換 vk=0x1D scan=0x7B press=06:31:24.352Z (auto)  状態=IME ON・入力なし
    前     : A(open=1 conv=0x10) B(open=1 conv=0x10) T(open=1 conv=0x10) G(open=0 conv=0x00) comp="" tail="kk"
    +100ms: A(open=0 conv=0x10) B(open=0 conv=0x10) T(open=0 conv=0x10) G(open=0 conv=0x00) comp="" tail="kk"
    +400ms: A(open=0 conv=0x10) B(open=0 conv=0x10) T(open=0 conv=0x10) G(open=0 conv=0x00) comp="" tail="kkk"
    差分 (前→+100ms): Δ open A:1→0 B:1→0 / tsf-thread open:1→0 conv:0x10→0x10   (前→+400ms): Δ open A:1→0 B:1→0 / tsf-thread open:1→0 conv:0x10→0x10 / tail:"kk"→"kkk"
[06:31:25.403Z] KEY [準備/その他] ESC vk=0x1B scan=0x01 press=06:31:24.918Z (auto)  状態=直接入力
    前     : A(open=0 conv=0x10) B(open=0 conv=0x10) T(open=0 conv=0x10) G(open=0 conv=0x00) comp="" tail="kkk"
    +100ms: A(open=0 conv=0x10) B(open=0 conv=0x10) T(open=0 conv=0x10) G(open=0 conv=0x00) comp="" tail="kkk"
    +400ms: A(open=0 conv=0x10) B(open=0 conv=0x10) T(open=0 conv=0x10) G(open=0 conv=0x00) comp="" tail="kkk"
    差分 (前→+100ms): Δなし   (前→+400ms): Δなし
[06:31:26.463Z] KEY [SCRIPT 9/10 無変換 期待=IME ON・半角英数のまま。Engine が ON にならないこと ← 退行窓の確認] 無変換 vk=0x1D scan=0x7B press=06:31:25.965Z (auto)  状態=直接入力
    前     : A(open=0 conv=0x10) B(open=0 conv=0x10) T(open=0 conv=0x10) G(open=0 conv=0x00) comp="" tail="kkk"
    +100ms: A(open=1 conv=0x10) B(open=1 conv=0x10) T(open=1 conv=0x10) G(open=0 conv=0x00) comp="" tail="kkk"
    +400ms: A(open=1 conv=0x10) B(open=1 conv=0x10) T(open=1 conv=0x10) G(open=0 conv=0x00) comp="k" tail="kkk"
    差分 (前→+100ms): Δ open A:0→1 B:0→1 / tsf-thread open:0→1 conv:0x10→0x10   (前→+400ms): Δ open A:0→1 B:0→1 / tsf-thread open:0→1 conv:0x10→0x10 / comp:Some("")→Some("k")
[06:31:27.024Z] KEY [準備/その他] ESC vk=0x1B scan=0x01 press=06:31:26.527Z (auto)  状態=IME ON・入力中
    前     : A(open=1 conv=0x10) B(open=1 conv=0x10) T(open=1 conv=0x10) G(open=0 conv=0x00) comp="k" tail="kkk"
    +100ms: A(open=1 conv=0x10) B(open=1 conv=0x10) T(open=1 conv=0x10) G(open=0 conv=0x00) comp="" tail="kkk"
    +400ms: A(open=1 conv=0x10) B(open=1 conv=0x10) T(open=1 conv=0x10) G(open=0 conv=0x00) comp="" tail="kkk"
    差分 (前→+100ms): Δ comp:Some("k")→Some("")   (前→+400ms): Δ comp:Some("k")→Some("")
[06:31:28.160Z] KEY [SCRIPT 10/10 ひらがなキー 期待=かなに戻る(後片付け)] ひらがな(0xF2) vk=0xF2 scan=0x70 press=06:31:27.593Z (auto)  状態=IME ON・入力なし
    前     : A(open=1 conv=0x10) B(open=1 conv=0x10) T(open=1 conv=0x10) G(open=0 conv=0x00) comp="" tail="kkk"
    +100ms: A(open=1 conv=0x19) B(open=1 conv=0x19) T(open=1 conv=0x19) G(open=0 conv=0x00) comp="" tail="kkk"
    +400ms: A(open=1 conv=0x19) B(open=1 conv=0x19) T(open=1 conv=0x19) G(open=0 conv=0x00) comp="き" tail="kkk"
    差分 (前→+100ms): Δ conv A:0x10→0x19 B:0x10→0x19 / tsf-thread open:1→1 conv:0x10→0x19   (前→+400ms): Δ conv A:0x10→0x19 B:0x10→0x19 / tsf-thread open:1→1 conv:0x10→0x19 / comp:Some("")→Some("き")
[06:31:28.724Z] KEY [準備/その他] ESC vk=0x1B scan=0x01 press=06:31:28.250Z (auto)  状態=IME ON・入力中
    前     : A(open=1 conv=0x19) B(open=1 conv=0x19) T(open=1 conv=0x19) G(open=0 conv=0x00) comp="き" tail="kkk"
    +100ms: A(open=1 conv=0x19) B(open=1 conv=0x19) T(open=1 conv=0x19) G(open=0 conv=0x00) comp="" tail="kkk"
    +400ms: A(open=1 conv=0x19) B(open=1 conv=0x19) T(open=1 conv=0x19) G(open=0 conv=0x00) comp="" tail="kkk"
    差分 (前→+100ms): Δ comp:Some("き")→Some("")   (前→+400ms): Δ comp:Some("き")→Some("")
[AUTO] 全手順完了（1.5秒後に自動で閉じます）
[RUN 8/12 START]
=== IME key matrix spike (awase 非依存) ===
観測: A=IMM(ImmGet*) / B=WM_IME_CONTROL / T=TSFスレッドcompartment / G=TSFグローバルcompartment
conv の目安: 0x19=ひらがな(NATIVE|FULLSHAPE|ROMAN) 0x10=半角英数(ROMAN) 0x00=直接入力系
手順: awase を止める → 画面中段の案内に従ってキーを1回ずつ押す（全 2ラウンド×20ステップ、各押下後は3秒待機）
ROUND1=標準EDIT / ROUND2=RichEdit(TSFネイティブ)。そのキーが無い場合は Ctrl+Shift+F12 でスキップ
ログファイル: C:\Users\cuzic\scoop\persist\msys2\home\cuzic\awase-spike\target\debug\examples\ime_key_matrix_spike.log

=== ROUND 2/2: 対象コントロール = RichEdit 5.0(TSFネイティブ) ===
[AUTO] フォーカス復帰(前面ウィンドウ)
[AUTO] 準備 STEP 1: 現在=直接入力 必要=IME ON・かな・入力なし → VK 0x1C を注入
[06:31:32.590Z] KEY [準備/その他] 変換 vk=0x1C scan=0x79 press=06:31:32.088Z (auto)  状態=直接入力
    前     : A(open=0 conv=0x09) B(open=0 conv=0x09) T(open=0 conv=0x09) G(open=0 conv=0x00) comp="" tail=""
    +100ms: A(open=1 conv=0x19) B(open=1 conv=0x19) T(open=1 conv=0x19) G(open=0 conv=0x00) comp="" tail=""
    +400ms: A(open=1 conv=0x19) B(open=1 conv=0x19) T(open=1 conv=0x19) G(open=0 conv=0x00) comp="" tail=""
    差分 (前→+100ms): Δ open A:0→1 B:0→1 / conv A:0x09→0x19 B:0x09→0x19 / tsf-thread open:0→1 conv:0x09→0x19   (前→+400ms): Δ open A:0→1 B:0→1 / conv A:0x09→0x19 B:0x09→0x19 / tsf-thread open:0→1 conv:0x09→0x19
[06:31:33.849Z] KEY [SCRIPT 1/10 ひらがなキー 期待=ONのまま半角英数へ(conv 0x10)。Engine OFF(決定3保留のため遅延の可能性あり)] ひらがな(0xF2) vk=0xF2 scan=0x70 press=06:31:33.338Z (auto)  状態=IME ON・入力なし
    前     : A(open=1 conv=0x19) B(open=1 conv=0x19) T(open=1 conv=0x19) G(open=0 conv=0x00) comp="" tail=""
    +100ms: A(open=1 conv=0x10) B(open=1 conv=0x10) T(open=1 conv=0x10) G(open=0 conv=0x00) comp="" tail=""
    +400ms: A(open=1 conv=0x10) B(open=1 conv=0x10) T(open=1 conv=0x10) G(open=0 conv=0x00) comp="k" tail=""
    差分 (前→+100ms): Δ conv A:0x19→0x10 B:0x19→0x10 / tsf-thread open:1→1 conv:0x19→0x10   (前→+400ms): Δ conv A:0x19→0x10 B:0x19→0x10 / tsf-thread open:1→1 conv:0x19→0x10 / comp:Some("")→Some("k")
[06:31:34.408Z] KEY [準備/その他] ESC vk=0x1B scan=0x01 press=06:31:33.928Z (auto)  状態=IME ON・入力中
    前     : A(open=1 conv=0x10) B(open=1 conv=0x10) T(open=1 conv=0x10) G(open=0 conv=0x00) comp="k" tail=""
    +100ms: A(open=1 conv=0x10) B(open=1 conv=0x10) T(open=1 conv=0x10) G(open=0 conv=0x00) comp="" tail=""
    +400ms: A(open=1 conv=0x10) B(open=1 conv=0x10) T(open=1 conv=0x10) G(open=0 conv=0x00) comp="" tail=""
    差分 (前→+100ms): Δ comp:Some("k")→Some("")   (前→+400ms): Δ comp:Some("k")→Some("")
[06:31:35.525Z] KEY [SCRIPT 2/10 無変換 期待=IME OFF(直接入力)。Engine OFF] 無変換 vk=0x1D scan=0x7B press=06:31:35.032Z (auto)  状態=IME ON・入力なし
    前     : A(open=1 conv=0x10) B(open=1 conv=0x10) T(open=1 conv=0x10) G(open=0 conv=0x00) comp="" tail=""
    +100ms: A(open=0 conv=0x10) B(open=0 conv=0x10) T(open=0 conv=0x10) G(open=0 conv=0x00) comp="" tail=""
    +400ms: A(open=0 conv=0x10) B(open=0 conv=0x10) T(open=0 conv=0x10) G(open=0 conv=0x00) comp="" tail="k"
    差分 (前→+100ms): Δ open A:1→0 B:1→0 / tsf-thread open:1→0 conv:0x10→0x10   (前→+400ms): Δ open A:1→0 B:1→0 / tsf-thread open:1→0 conv:0x10→0x10 / tail:""→"k"
[06:31:36.100Z] KEY [準備/その他] ESC vk=0x1B scan=0x01 press=06:31:35.614Z (auto)  状態=直接入力
    前     : A(open=0 conv=0x10) B(open=0 conv=0x10) T(open=0 conv=0x10) G(open=0 conv=0x00) comp="" tail="k"
    +100ms: A(open=0 conv=0x10) B(open=0 conv=0x10) T(open=0 conv=0x10) G(open=0 conv=0x00) comp="" tail="k"
    +400ms: A(open=0 conv=0x10) B(open=0 conv=0x10) T(open=0 conv=0x10) G(open=0 conv=0x00) comp="" tail="k"
    差分 (前→+100ms): Δなし   (前→+400ms): Δなし
[06:31:37.192Z] KEY [SCRIPT 3/10 無変換 期待=IME ON・半角英数のまま(conv 0x10)。Engine は OFF のまま ← 決定2の核心] 無変換 vk=0x1D scan=0x7B press=06:31:36.717Z (auto)  状態=直接入力
    前     : A(open=0 conv=0x10) B(open=0 conv=0x10) T(open=0 conv=0x10) G(open=0 conv=0x00) comp="" tail="k"
    +100ms: A(open=1 conv=0x10) B(open=1 conv=0x10) T(open=1 conv=0x10) G(open=0 conv=0x00) comp="" tail="k"
    +400ms: A(open=1 conv=0x10) B(open=1 conv=0x10) T(open=1 conv=0x10) G(open=0 conv=0x00) comp="k" tail="k"
    差分 (前→+100ms): Δ open A:0→1 B:0→1 / tsf-thread open:0→1 conv:0x10→0x10   (前→+400ms): Δ open A:0→1 B:0→1 / tsf-thread open:0→1 conv:0x10→0x10 / comp:Some("")→Some("k")
[06:31:37.713Z] KEY [準備/その他] ESC vk=0x1B scan=0x01 press=06:31:37.267Z (auto)  状態=IME ON・入力中
    前     : A(open=1 conv=0x10) B(open=1 conv=0x10) T(open=1 conv=0x10) G(open=0 conv=0x00) comp="k" tail="k"
    +100ms: A(open=1 conv=0x10) B(open=1 conv=0x10) T(open=1 conv=0x10) G(open=0 conv=0x00) comp="" tail="k"
    +400ms: A(open=1 conv=0x10) B(open=1 conv=0x10) T(open=1 conv=0x10) G(open=0 conv=0x00) comp="" tail="k"
    差分 (前→+100ms): Δ comp:Some("k")→Some("")   (前→+400ms): Δ comp:Some("k")→Some("")
[06:31:38.910Z] KEY [SCRIPT 4/10 ひらがなキー 期待=かなに戻る(conv 0x19)。Engine ON(遅延の可能性あり)] ひらがな(0xF2) vk=0xF2 scan=0x70 press=06:31:38.414Z (auto)  状態=IME ON・入力なし
    前     : A(open=1 conv=0x10) B(open=1 conv=0x10) T(open=1 conv=0x10) G(open=0 conv=0x00) comp="" tail="k"
    +100ms: A(open=1 conv=0x19) B(open=1 conv=0x19) T(open=1 conv=0x19) G(open=0 conv=0x00) comp="" tail="k"
    +400ms: A(open=1 conv=0x19) B(open=1 conv=0x19) T(open=1 conv=0x19) G(open=0 conv=0x00) comp="き" tail="k"
    差分 (前→+100ms): Δ conv A:0x10→0x19 B:0x10→0x19 / tsf-thread open:1→1 conv:0x10→0x19   (前→+400ms): Δ conv A:0x10→0x19 B:0x10→0x19 / tsf-thread open:1→1 conv:0x10→0x19 / comp:Some("")→Some("き")
[06:31:39.492Z] KEY [準備/その他] ESC vk=0x1B scan=0x01 press=06:31:38.982Z (auto)  状態=IME ON・入力中
    前     : A(open=1 conv=0x19) B(open=1 conv=0x19) T(open=1 conv=0x19) G(open=0 conv=0x00) comp="き" tail="k"
    +100ms: A(open=1 conv=0x19) B(open=1 conv=0x19) T(open=1 conv=0x19) G(open=0 conv=0x00) comp="" tail="k"
    +400ms: A(open=1 conv=0x19) B(open=1 conv=0x19) T(open=1 conv=0x19) G(open=0 conv=0x00) comp="" tail="k"
    差分 (前→+100ms): Δ comp:Some("き")→Some("")   (前→+400ms): Δ comp:Some("き")→Some("")
[06:31:40.540Z] KEY [SCRIPT 5/10 無変換 期待=IME OFF。Engine OFF] 無変換 vk=0x1D scan=0x7B press=06:31:40.052Z (auto)  状態=IME ON・入力なし
    前     : A(open=1 conv=0x19) B(open=1 conv=0x19) T(open=1 conv=0x19) G(open=0 conv=0x00) comp="" tail="k"
    +100ms: A(open=0 conv=0x19) B(open=0 conv=0x19) T(open=0 conv=0x19) G(open=0 conv=0x00) comp="" tail="k"
    +400ms: A(open=0 conv=0x19) B(open=0 conv=0x19) T(open=0 conv=0x19) G(open=0 conv=0x00) comp="" tail="kk"
    差分 (前→+100ms): Δ open A:1→0 B:1→0 / tsf-thread open:1→0 conv:0x19→0x19   (前→+400ms): Δ open A:1→0 B:1→0 / tsf-thread open:1→0 conv:0x19→0x19 / tail:"k"→"kk"
[06:31:41.106Z] KEY [準備/その他] ESC vk=0x1B scan=0x01 press=06:31:40.622Z (auto)  状態=直接入力
    前     : A(open=0 conv=0x19) B(open=0 conv=0x19) T(open=0 conv=0x19) G(open=0 conv=0x00) comp="" tail="kk"
    +100ms: A(open=0 conv=0x19) B(open=0 conv=0x19) T(open=0 conv=0x19) G(open=0 conv=0x00) comp="" tail="kk"
    +400ms: A(open=0 conv=0x19) B(open=0 conv=0x19) T(open=0 conv=0x19) G(open=0 conv=0x00) comp="" tail="kk"
    差分 (前→+100ms): Δなし   (前→+400ms): Δなし
[06:31:42.184Z] KEY [SCRIPT 6/10 無変換 期待=IME ON(かな)。Engine ON] 無変換 vk=0x1D scan=0x7B press=06:31:41.683Z (auto)  状態=直接入力
    前     : A(open=0 conv=0x19) B(open=0 conv=0x19) T(open=0 conv=0x19) G(open=0 conv=0x00) comp="" tail="kk"
    +100ms: A(open=1 conv=0x19) B(open=1 conv=0x19) T(open=1 conv=0x19) G(open=0 conv=0x00) comp="" tail="kk"
    +400ms: A(open=1 conv=0x19) B(open=1 conv=0x19) T(open=1 conv=0x19) G(open=0 conv=0x00) comp="き" tail="kk"
    差分 (前→+100ms): Δ open A:0→1 B:0→1 / tsf-thread open:0→1 conv:0x19→0x19   (前→+400ms): Δ open A:0→1 B:0→1 / tsf-thread open:0→1 conv:0x19→0x19 / comp:Some("")→Some("き")
[06:31:42.739Z] KEY [準備/その他] ESC vk=0x1B scan=0x01 press=06:31:42.255Z (auto)  状態=IME ON・入力中
    前     : A(open=1 conv=0x19) B(open=1 conv=0x19) T(open=1 conv=0x19) G(open=0 conv=0x00) comp="き" tail="kk"
    +100ms: A(open=1 conv=0x19) B(open=1 conv=0x19) T(open=1 conv=0x19) G(open=0 conv=0x00) comp="" tail="kk"
    +400ms: A(open=1 conv=0x19) B(open=1 conv=0x19) T(open=1 conv=0x19) G(open=0 conv=0x00) comp="" tail="kk"
    差分 (前→+100ms): Δ comp:Some("き")→Some("")   (前→+400ms): Δ comp:Some("き")→Some("")
[06:31:43.857Z] KEY [SCRIPT 7/10 ひらがなキー 期待=ONのまま半角英数へ。Engine は(遅延で)OFF] ひらがな(0xF2) vk=0xF2 scan=0x70 press=06:31:43.365Z (auto)  状態=IME ON・入力なし
    前     : A(open=1 conv=0x19) B(open=1 conv=0x19) T(open=1 conv=0x19) G(open=0 conv=0x00) comp="" tail="kk"
    +100ms: A(open=1 conv=0x10) B(open=1 conv=0x10) T(open=1 conv=0x10) G(open=0 conv=0x00) comp="" tail="kk"
    +400ms: A(open=1 conv=0x10) B(open=1 conv=0x10) T(open=1 conv=0x10) G(open=0 conv=0x00) comp="k" tail="kk"
    差分 (前→+100ms): Δ conv A:0x19→0x10 B:0x19→0x10 / tsf-thread open:1→1 conv:0x19→0x10   (前→+400ms): Δ conv A:0x19→0x10 B:0x19→0x10 / tsf-thread open:1→1 conv:0x19→0x10 / comp:Some("")→Some("k")
[06:31:44.446Z] KEY [準備/その他] ESC vk=0x1B scan=0x01 press=06:31:43.955Z (auto)  状態=IME ON・入力中
    前     : A(open=1 conv=0x10) B(open=1 conv=0x10) T(open=1 conv=0x10) G(open=0 conv=0x00) comp="k" tail="kk"
    +100ms: A(open=1 conv=0x10) B(open=1 conv=0x10) T(open=1 conv=0x10) G(open=0 conv=0x00) comp="" tail="kk"
    +400ms: A(open=1 conv=0x10) B(open=1 conv=0x10) T(open=1 conv=0x10) G(open=0 conv=0x00) comp="" tail="kk"
    差分 (前→+100ms): Δ comp:Some("k")→Some("")   (前→+400ms): Δ comp:Some("k")→Some("")
[06:31:45.539Z] KEY [SCRIPT 8/10 無変換 期待=IME OFF。Engine OFF] 無変換 vk=0x1D scan=0x7B press=06:31:45.041Z (auto)  状態=IME ON・入力なし
    前     : A(open=1 conv=0x10) B(open=1 conv=0x10) T(open=1 conv=0x10) G(open=0 conv=0x00) comp="" tail="kk"
    +100ms: A(open=0 conv=0x10) B(open=0 conv=0x10) T(open=0 conv=0x10) G(open=0 conv=0x00) comp="" tail="kk"
    +400ms: A(open=0 conv=0x10) B(open=0 conv=0x10) T(open=0 conv=0x10) G(open=0 conv=0x00) comp="" tail="kkk"
    差分 (前→+100ms): Δ open A:1→0 B:1→0 / tsf-thread open:1→0 conv:0x10→0x10   (前→+400ms): Δ open A:1→0 B:1→0 / tsf-thread open:1→0 conv:0x10→0x10 / tail:"kk"→"kkk"
[06:31:46.089Z] KEY [準備/その他] ESC vk=0x1B scan=0x01 press=06:31:45.620Z (auto)  状態=直接入力
    前     : A(open=0 conv=0x10) B(open=0 conv=0x10) T(open=0 conv=0x10) G(open=0 conv=0x00) comp="" tail="kkk"
    +100ms: A(open=0 conv=0x10) B(open=0 conv=0x10) T(open=0 conv=0x10) G(open=0 conv=0x00) comp="" tail="kkk"
    +400ms: A(open=0 conv=0x10) B(open=0 conv=0x10) T(open=0 conv=0x10) G(open=0 conv=0x00) comp="" tail="kkk"
    差分 (前→+100ms): Δなし   (前→+400ms): Δなし
[06:31:47.188Z] KEY [SCRIPT 9/10 無変換 期待=IME ON・半角英数のまま。Engine が ON にならないこと ← 退行窓の確認] 無変換 vk=0x1D scan=0x7B press=06:31:46.726Z (auto)  状態=直接入力
    前     : A(open=0 conv=0x10) B(open=0 conv=0x10) T(open=0 conv=0x10) G(open=0 conv=0x00) comp="" tail="kkk"
    +100ms: A(open=1 conv=0x10) B(open=1 conv=0x10) T(open=1 conv=0x10) G(open=0 conv=0x00) comp="" tail="kkk"
    +400ms: A(open=1 conv=0x10) B(open=1 conv=0x10) T(open=1 conv=0x10) G(open=0 conv=0x00) comp="k" tail="kkk"
    差分 (前→+100ms): Δ open A:0→1 B:0→1 / tsf-thread open:0→1 conv:0x10→0x10   (前→+400ms): Δ open A:0→1 B:0→1 / tsf-thread open:0→1 conv:0x10→0x10 / comp:Some("")→Some("k")
[06:31:47.786Z] KEY [準備/その他] ESC vk=0x1B scan=0x01 press=06:31:47.285Z (auto)  状態=IME ON・入力中
    前     : A(open=1 conv=0x10) B(open=1 conv=0x10) T(open=1 conv=0x10) G(open=0 conv=0x00) comp="k" tail="kkk"
    +100ms: A(open=1 conv=0x10) B(open=1 conv=0x10) T(open=1 conv=0x10) G(open=0 conv=0x00) comp="" tail="kkk"
    +400ms: A(open=1 conv=0x10) B(open=1 conv=0x10) T(open=1 conv=0x10) G(open=0 conv=0x00) comp="" tail="kkk"
    差分 (前→+100ms): Δ comp:Some("k")→Some("")   (前→+400ms): Δ comp:Some("k")→Some("")
[06:31:48.890Z] KEY [SCRIPT 10/10 ひらがなキー 期待=かなに戻る(後片付け)] ひらがな(0xF2) vk=0xF2 scan=0x70 press=06:31:48.410Z (auto)  状態=IME ON・入力なし
    前     : A(open=1 conv=0x10) B(open=1 conv=0x10) T(open=1 conv=0x10) G(open=0 conv=0x00) comp="" tail="kkk"
    +100ms: A(open=1 conv=0x19) B(open=1 conv=0x19) T(open=1 conv=0x19) G(open=0 conv=0x00) comp="" tail="kkk"
    +400ms: A(open=1 conv=0x19) B(open=1 conv=0x19) T(open=1 conv=0x19) G(open=0 conv=0x00) comp="き" tail="kkk"
    差分 (前→+100ms): Δ conv A:0x10→0x19 B:0x10→0x19 / tsf-thread open:1→1 conv:0x10→0x19   (前→+400ms): Δ conv A:0x10→0x19 B:0x10→0x19 / tsf-thread open:1→1 conv:0x10→0x19 / comp:Some("")→Some("き")
[06:31:49.466Z] KEY [準備/その他] ESC vk=0x1B scan=0x01 press=06:31:48.971Z (auto)  状態=IME ON・入力中
    前     : A(open=1 conv=0x19) B(open=1 conv=0x19) T(open=1 conv=0x19) G(open=0 conv=0x00) comp="き" tail="kkk"
    +100ms: A(open=1 conv=0x19) B(open=1 conv=0x19) T(open=1 conv=0x19) G(open=0 conv=0x00) comp="" tail="kkk"
    +400ms: A(open=1 conv=0x19) B(open=1 conv=0x19) T(open=1 conv=0x19) G(open=0 conv=0x00) comp="" tail="kkk"
    差分 (前→+100ms): Δ comp:Some("き")→Some("")   (前→+400ms): Δ comp:Some("き")→Some("")
[AUTO] 全手順完了（1.5秒後に自動で閉じます）
[RUN 9/12 START]
=== IME key matrix spike (awase 非依存) ===
観測: A=IMM(ImmGet*) / B=WM_IME_CONTROL / T=TSFスレッドcompartment / G=TSFグローバルcompartment
conv の目安: 0x19=ひらがな(NATIVE|FULLSHAPE|ROMAN) 0x10=半角英数(ROMAN) 0x00=直接入力系
手順: awase を止める → 画面中段の案内に従ってキーを1回ずつ押す（全 2ラウンド×20ステップ、各押下後は3秒待機）
ROUND1=標準EDIT / ROUND2=RichEdit(TSFネイティブ)。そのキーが無い場合は Ctrl+Shift+F12 でスキップ
ログファイル: C:\Users\cuzic\scoop\persist\msys2\home\cuzic\awase-spike\target\debug\examples\ime_key_matrix_spike.log

=== ROUND 2/2: 対象コントロール = RichEdit 5.0(TSFネイティブ) ===
[AUTO] フォーカス復帰(前面ウィンドウ)
[AUTO] 準備 STEP 1: 現在=直接入力 必要=IME ON・かな・入力なし → VK 0x1C を注入
[06:31:53.389Z] KEY [準備/その他] 変換 vk=0x1C scan=0x79 press=06:31:52.892Z (auto)  状態=直接入力
    前     : A(open=0 conv=0x09) B(open=0 conv=0x09) T(open=0 conv=0x09) G(open=0 conv=0x00) comp="" tail=""
    +100ms: A(open=1 conv=0x19) B(open=1 conv=0x19) T(open=1 conv=0x19) G(open=0 conv=0x00) comp="" tail=""
    +400ms: A(open=1 conv=0x19) B(open=1 conv=0x19) T(open=1 conv=0x19) G(open=0 conv=0x00) comp="" tail=""
    差分 (前→+100ms): Δ open A:0→1 B:0→1 / conv A:0x09→0x19 B:0x09→0x19 / tsf-thread open:0→1 conv:0x09→0x19   (前→+400ms): Δ open A:0→1 B:0→1 / conv A:0x09→0x19 B:0x09→0x19 / tsf-thread open:0→1 conv:0x09→0x19
[06:31:54.673Z] KEY [SCRIPT 1/10 ひらがなキー 期待=ONのまま半角英数へ(conv 0x10)。Engine OFF(決定3保留のため遅延の可能性あり)] ひらがな(0xF2) vk=0xF2 scan=0x70 press=06:31:54.197Z (auto)  状態=IME ON・入力なし
    前     : A(open=1 conv=0x19) B(open=1 conv=0x19) T(open=1 conv=0x19) G(open=0 conv=0x00) comp="" tail=""
    +100ms: A(open=1 conv=0x10) B(open=1 conv=0x10) T(open=1 conv=0x10) G(open=0 conv=0x00) comp="" tail=""
    +400ms: A(open=1 conv=0x10) B(open=1 conv=0x10) T(open=1 conv=0x10) G(open=0 conv=0x00) comp="k" tail=""
    差分 (前→+100ms): Δ conv A:0x19→0x10 B:0x19→0x10 / tsf-thread open:1→1 conv:0x19→0x10   (前→+400ms): Δ conv A:0x19→0x10 B:0x19→0x10 / tsf-thread open:1→1 conv:0x19→0x10 / comp:Some("")→Some("k")
[06:31:55.327Z] KEY [準備/その他] ESC vk=0x1B scan=0x01 press=06:31:54.832Z (auto)  状態=IME ON・入力中
    前     : A(open=1 conv=0x10) B(open=1 conv=0x10) T(open=1 conv=0x10) G(open=0 conv=0x00) comp="k" tail=""
    +100ms: A(open=1 conv=0x10) B(open=1 conv=0x10) T(open=1 conv=0x10) G(open=0 conv=0x00) comp="" tail=""
    +400ms: A(open=1 conv=0x10) B(open=1 conv=0x10) T(open=1 conv=0x10) G(open=0 conv=0x00) comp="" tail=""
    差分 (前→+100ms): Δ comp:Some("k")→Some("")   (前→+400ms): Δ comp:Some("k")→Some("")
[06:31:55.459Z] KEY [準備/その他] ESC vk=0x1B scan=0x00 press=06:31:54.836Z (injected)  状態=IME ON・入力中
    前     : A(open=1 conv=0x10) B(open=1 conv=0x10) T(open=1 conv=0x10) G(open=0 conv=0x00) comp="k" tail=""
    +100ms: A(open=1 conv=0x10) B(open=1 conv=0x10) T(open=1 conv=0x10) G(open=0 conv=0x00) comp="" tail=""
    +400ms: A(open=1 conv=0x10) B(open=1 conv=0x10) T(open=1 conv=0x10) G(open=0 conv=0x00) comp="" tail=""
    差分 (前→+100ms): Δ comp:Some("k")→Some("")   (前→+400ms): Δ comp:Some("k")→Some("")
[06:31:56.398Z] KEY [SCRIPT 2/10 無変換 期待=IME OFF(直接入力)。Engine OFF] 無変換 vk=0x1D scan=0x7B press=06:31:55.885Z (auto)  状態=IME ON・入力なし
    前     : A(open=1 conv=0x10) B(open=1 conv=0x10) T(open=1 conv=0x10) G(open=0 conv=0x00) comp="" tail=""
    +100ms: A(open=0 conv=0x10) B(open=0 conv=0x10) T(open=0 conv=0x10) G(open=0 conv=0x00) comp="" tail=""
    +400ms: A(open=0 conv=0x10) B(open=0 conv=0x10) T(open=0 conv=0x10) G(open=0 conv=0x00) comp="" tail="k"
    差分 (前→+100ms): Δ open A:1→0 B:1→0 / tsf-thread open:1→0 conv:0x10→0x10   (前→+400ms): Δ open A:1→0 B:1→0 / tsf-thread open:1→0 conv:0x10→0x10 / tail:""→"k"
[06:31:56.962Z] KEY [準備/その他] ESC vk=0x1B scan=0x01 press=06:31:56.493Z (auto)  状態=直接入力
    前     : A(open=0 conv=0x10) B(open=0 conv=0x10) T(open=0 conv=0x10) G(open=0 conv=0x00) comp="" tail="k"
    +100ms: A(open=0 conv=0x10) B(open=0 conv=0x10) T(open=0 conv=0x10) G(open=0 conv=0x00) comp="" tail="k"
    +400ms: A(open=0 conv=0x10) B(open=0 conv=0x10) T(open=0 conv=0x10) G(open=0 conv=0x00) comp="" tail="k"
    差分 (前→+100ms): Δなし   (前→+400ms): Δなし
[06:31:58.018Z] KEY [SCRIPT 3/10 無変換 期待=IME ON・半角英数のまま(conv 0x10)。Engine は OFF のまま ← 決定2の核心] 無変換 vk=0x1D scan=0x7B press=06:31:57.520Z (auto)  状態=直接入力
    前     : A(open=0 conv=0x10) B(open=0 conv=0x10) T(open=0 conv=0x10) G(open=0 conv=0x00) comp="" tail="k"
    +100ms: A(open=1 conv=0x10) B(open=1 conv=0x10) T(open=1 conv=0x10) G(open=0 conv=0x00) comp="" tail="k"
    +400ms: A(open=1 conv=0x10) B(open=1 conv=0x10) T(open=1 conv=0x10) G(open=0 conv=0x00) comp="k" tail="k"
    差分 (前→+100ms): Δ open A:0→1 B:0→1 / tsf-thread open:0→1 conv:0x10→0x10   (前→+400ms): Δ open A:0→1 B:0→1 / tsf-thread open:0→1 conv:0x10→0x10 / comp:Some("")→Some("k")
[06:31:58.581Z] KEY [準備/その他] ESC vk=0x1B scan=0x01 press=06:31:58.091Z (auto)  状態=IME ON・入力中
    前     : A(open=1 conv=0x10) B(open=1 conv=0x10) T(open=1 conv=0x10) G(open=0 conv=0x00) comp="k" tail="k"
    +100ms: A(open=1 conv=0x10) B(open=1 conv=0x10) T(open=1 conv=0x10) G(open=0 conv=0x00) comp="" tail="k"
    +400ms: A(open=1 conv=0x10) B(open=1 conv=0x10) T(open=1 conv=0x10) G(open=0 conv=0x00) comp="" tail="k"
    差分 (前→+100ms): Δ comp:Some("k")→Some("")   (前→+400ms): Δ comp:Some("k")→Some("")
[06:31:59.605Z] KEY [SCRIPT 4/10 ひらがなキー 期待=かなに戻る(conv 0x19)。Engine ON(遅延の可能性あり)] ひらがな(0xF2) vk=0xF2 scan=0x70 press=06:31:59.138Z (auto)  状態=IME ON・入力なし
    前     : A(open=1 conv=0x10) B(open=1 conv=0x10) T(open=1 conv=0x10) G(open=0 conv=0x00) comp="" tail="k"
    +100ms: A(open=1 conv=0x19) B(open=1 conv=0x19) T(open=1 conv=0x19) G(open=0 conv=0x00) comp="" tail="k"
    +400ms: A(open=1 conv=0x19) B(open=1 conv=0x19) T(open=1 conv=0x19) G(open=0 conv=0x00) comp="き" tail="k"
    差分 (前→+100ms): Δ conv A:0x10→0x19 B:0x10→0x19 / tsf-thread open:1→1 conv:0x10→0x19   (前→+400ms): Δ conv A:0x10→0x19 B:0x10→0x19 / tsf-thread open:1→1 conv:0x10→0x19 / comp:Some("")→Some("き")
[06:32:00.137Z] KEY [準備/その他] ESC vk=0x1B scan=0x01 press=06:31:59.688Z (auto)  状態=IME ON・入力中
    前     : A(open=1 conv=0x19) B(open=1 conv=0x19) T(open=1 conv=0x19) G(open=0 conv=0x00) comp="き" tail="k"
    +100ms: A(open=1 conv=0x19) B(open=1 conv=0x19) T(open=1 conv=0x19) G(open=0 conv=0x00) comp="" tail="k"
    +400ms: A(open=1 conv=0x19) B(open=1 conv=0x19) T(open=1 conv=0x19) G(open=0 conv=0x00) comp="" tail="k"
    差分 (前→+100ms): Δ comp:Some("き")→Some("")   (前→+400ms): Δ comp:Some("き")→Some("")
[06:32:01.321Z] KEY [SCRIPT 5/10 無変換 期待=IME OFF。Engine OFF] 無変換 vk=0x1D scan=0x7B press=06:32:00.822Z (auto)  状態=IME ON・入力なし
    前     : A(open=1 conv=0x19) B(open=1 conv=0x19) T(open=1 conv=0x19) G(open=0 conv=0x00) comp="" tail="k"
    +100ms: A(open=0 conv=0x19) B(open=0 conv=0x19) T(open=0 conv=0x19) G(open=0 conv=0x00) comp="" tail="k"
    +400ms: A(open=0 conv=0x19) B(open=0 conv=0x19) T(open=0 conv=0x19) G(open=0 conv=0x00) comp="" tail="kk"
    差分 (前→+100ms): Δ open A:1→0 B:1→0 / tsf-thread open:1→0 conv:0x19→0x19   (前→+400ms): Δ open A:1→0 B:1→0 / tsf-thread open:1→0 conv:0x19→0x19 / tail:"k"→"kk"
[06:32:01.891Z] KEY [準備/その他] ESC vk=0x1B scan=0x01 press=06:32:01.434Z (auto)  状態=直接入力
    前     : A(open=0 conv=0x19) B(open=0 conv=0x19) T(open=0 conv=0x19) G(open=0 conv=0x00) comp="" tail="kk"
    +100ms: A(open=0 conv=0x19) B(open=0 conv=0x19) T(open=0 conv=0x19) G(open=0 conv=0x00) comp="" tail="kk"
    +400ms: A(open=0 conv=0x19) B(open=0 conv=0x19) T(open=0 conv=0x19) G(open=0 conv=0x00) comp="" tail="kk"
    差分 (前→+100ms): Δなし   (前→+400ms): Δなし
[06:32:02.017Z] KEY [準備/その他] ESC vk=0x1B scan=0x00 press=06:32:01.497Z (injected)  状態=直接入力
    前     : A(open=0 conv=0x19) B(open=0 conv=0x19) T(open=0 conv=0x19) G(open=0 conv=0x00) comp="" tail="kk"
    +100ms: A(open=0 conv=0x19) B(open=0 conv=0x19) T(open=0 conv=0x19) G(open=0 conv=0x00) comp="" tail="kk"
    +400ms: A(open=0 conv=0x19) B(open=0 conv=0x19) T(open=0 conv=0x19) G(open=0 conv=0x00) comp="" tail="kk"
    差分 (前→+100ms): Δなし   (前→+400ms): Δなし
[06:32:02.950Z] KEY [SCRIPT 6/10 無変換 期待=IME ON(かな)。Engine ON] 無変換 vk=0x1D scan=0x7B press=06:32:02.452Z (auto)  状態=直接入力
    前     : A(open=0 conv=0x19) B(open=0 conv=0x19) T(open=0 conv=0x19) G(open=0 conv=0x00) comp="" tail="kk"
    +100ms: A(open=1 conv=0x19) B(open=1 conv=0x19) T(open=1 conv=0x19) G(open=0 conv=0x00) comp="" tail="kk"
    +400ms: A(open=1 conv=0x19) B(open=1 conv=0x19) T(open=1 conv=0x19) G(open=0 conv=0x00) comp="き" tail="kk"
    差分 (前→+100ms): Δ open A:0→1 B:0→1 / tsf-thread open:0→1 conv:0x19→0x19   (前→+400ms): Δ open A:0→1 B:0→1 / tsf-thread open:0→1 conv:0x19→0x19 / comp:Some("")→Some("き")
[06:32:03.513Z] KEY [準備/その他] ESC vk=0x1B scan=0x01 press=06:32:03.075Z (auto)  状態=IME ON・入力中
    前     : A(open=1 conv=0x19) B(open=1 conv=0x19) T(open=1 conv=0x19) G(open=0 conv=0x00) comp="き" tail="kk"
    +100ms: A(open=1 conv=0x19) B(open=1 conv=0x19) T(open=1 conv=0x19) G(open=0 conv=0x00) comp="" tail="kk"
    +400ms: A(open=1 conv=0x19) B(open=1 conv=0x19) T(open=1 conv=0x19) G(open=0 conv=0x00) comp="" tail="kk"
    差分 (前→+100ms): Δ comp:Some("き")→Some("")   (前→+400ms): Δ comp:Some("き")→Some("")
[06:32:03.581Z] KEY [準備/その他] ESC vk=0x1B scan=0x00 press=06:32:03.078Z (injected)  状態=IME ON・入力中
    前     : A(open=1 conv=0x19) B(open=1 conv=0x19) T(open=1 conv=0x19) G(open=0 conv=0x00) comp="き" tail="kk"
    +100ms: A(open=1 conv=0x19) B(open=1 conv=0x19) T(open=1 conv=0x19) G(open=0 conv=0x00) comp="" tail="kk"
    +400ms: A(open=1 conv=0x19) B(open=1 conv=0x19) T(open=1 conv=0x19) G(open=0 conv=0x00) comp="" tail="kk"
    差分 (前→+100ms): Δ comp:Some("き")→Some("")   (前→+400ms): Δ comp:Some("き")→Some("")
[06:32:04.646Z] KEY [SCRIPT 7/10 ひらがなキー 期待=ONのまま半角英数へ。Engine は(遅延で)OFF] ひらがな(0xF2) vk=0xF2 scan=0x70 press=06:32:04.137Z (auto)  状態=IME ON・入力なし
    前     : A(open=1 conv=0x19) B(open=1 conv=0x19) T(open=1 conv=0x19) G(open=0 conv=0x00) comp="" tail="kk"
    +100ms: A(open=1 conv=0x10) B(open=1 conv=0x10) T(open=1 conv=0x10) G(open=0 conv=0x00) comp="" tail="kk"
    +400ms: A(open=1 conv=0x10) B(open=1 conv=0x10) T(open=1 conv=0x10) G(open=0 conv=0x00) comp="k" tail="kk"
    差分 (前→+100ms): Δ conv A:0x19→0x10 B:0x19→0x10 / tsf-thread open:1→1 conv:0x19→0x10   (前→+400ms): Δ conv A:0x19→0x10 B:0x19→0x10 / tsf-thread open:1→1 conv:0x19→0x10 / comp:Some("")→Some("k")
[06:32:05.195Z] KEY [準備/その他] ESC vk=0x1B scan=0x01 press=06:32:04.726Z (auto)  状態=IME ON・入力中
    前     : A(open=1 conv=0x10) B(open=1 conv=0x10) T(open=1 conv=0x10) G(open=0 conv=0x00) comp="k" tail="kk"
    +100ms: A(open=1 conv=0x10) B(open=1 conv=0x10) T(open=1 conv=0x10) G(open=0 conv=0x00) comp="" tail="kk"
    +400ms: A(open=1 conv=0x10) B(open=1 conv=0x10) T(open=1 conv=0x10) G(open=0 conv=0x00) comp="" tail="kk"
    差分 (前→+100ms): Δ comp:Some("k")→Some("")   (前→+400ms): Δ comp:Some("k")→Some("")
[06:32:06.266Z] KEY [SCRIPT 8/10 無変換 期待=IME OFF。Engine OFF] 無変換 vk=0x1D scan=0x7B press=06:32:05.765Z (auto)  状態=IME ON・入力なし
    前     : A(open=1 conv=0x10) B(open=1 conv=0x10) T(open=1 conv=0x10) G(open=0 conv=0x00) comp="" tail="kk"
    +100ms: A(open=0 conv=0x10) B(open=0 conv=0x10) T(open=0 conv=0x10) G(open=0 conv=0x00) comp="" tail="kk"
    +400ms: A(open=0 conv=0x10) B(open=0 conv=0x10) T(open=0 conv=0x10) G(open=0 conv=0x00) comp="" tail="kkk"
    差分 (前→+100ms): Δ open A:1→0 B:1→0 / tsf-thread open:1→0 conv:0x10→0x10   (前→+400ms): Δ open A:1→0 B:1→0 / tsf-thread open:1→0 conv:0x10→0x10 / tail:"kk"→"kkk"
[06:32:06.885Z] KEY [準備/その他] ESC vk=0x1B scan=0x01 press=06:32:06.419Z (auto)  状態=直接入力
    前     : A(open=0 conv=0x10) B(open=0 conv=0x10) T(open=0 conv=0x10) G(open=0 conv=0x00) comp="" tail="kkk"
    +100ms: A(open=0 conv=0x10) B(open=0 conv=0x10) T(open=0 conv=0x10) G(open=0 conv=0x00) comp="" tail="kkk"
    +400ms: A(open=0 conv=0x10) B(open=0 conv=0x10) T(open=0 conv=0x10) G(open=0 conv=0x00) comp="" tail="kkk"
    差分 (前→+100ms): Δなし   (前→+400ms): Δなし
[06:32:07.015Z] KEY [準備/その他] ESC vk=0x1B scan=0x00 press=06:32:06.423Z (injected)  状態=直接入力
    前     : A(open=0 conv=0x10) B(open=0 conv=0x10) T(open=0 conv=0x10) G(open=0 conv=0x00) comp="" tail="kkk"
    +100ms: A(open=0 conv=0x10) B(open=0 conv=0x10) T(open=0 conv=0x10) G(open=0 conv=0x00) comp="" tail="kkk"
    +400ms: A(open=0 conv=0x10) B(open=0 conv=0x10) T(open=0 conv=0x10) G(open=0 conv=0x00) comp="" tail="kkk"
    差分 (前→+100ms): Δなし   (前→+400ms): Δなし
[06:32:07.943Z] KEY [SCRIPT 9/10 無変換 期待=IME ON・半角英数のまま。Engine が ON にならないこと ← 退行窓の確認] 無変換 vk=0x1D scan=0x7B press=06:32:07.460Z (auto)  状態=直接入力
    前     : A(open=0 conv=0x10) B(open=0 conv=0x10) T(open=0 conv=0x10) G(open=0 conv=0x00) comp="" tail="kkk"
    +100ms: A(open=1 conv=0x10) B(open=1 conv=0x10) T(open=1 conv=0x10) G(open=0 conv=0x00) comp="" tail="kkk"
    +400ms: A(open=1 conv=0x10) B(open=1 conv=0x10) T(open=1 conv=0x10) G(open=0 conv=0x00) comp="k" tail="kkk"
    差分 (前→+100ms): Δ open A:0→1 B:0→1 / tsf-thread open:0→1 conv:0x10→0x10   (前→+400ms): Δ open A:0→1 B:0→1 / tsf-thread open:0→1 conv:0x10→0x10 / comp:Some("")→Some("k")
[06:32:08.518Z] KEY [準備/その他] ESC vk=0x1B scan=0x01 press=06:32:08.046Z (auto)  状態=IME ON・入力中
    前     : A(open=1 conv=0x10) B(open=1 conv=0x10) T(open=1 conv=0x10) G(open=0 conv=0x00) comp="k" tail="kkk"
    +100ms: A(open=1 conv=0x10) B(open=1 conv=0x10) T(open=1 conv=0x10) G(open=0 conv=0x00) comp="" tail="kkk"
    +400ms: A(open=1 conv=0x10) B(open=1 conv=0x10) T(open=1 conv=0x10) G(open=0 conv=0x00) comp="" tail="kkk"
    差分 (前→+100ms): Δ comp:Some("k")→Some("")   (前→+400ms): Δ comp:Some("k")→Some("")
[06:32:09.577Z] KEY [SCRIPT 10/10 ひらがなキー 期待=かなに戻る(後片付け)] ひらがな(0xF2) vk=0xF2 scan=0x70 press=06:32:09.078Z (auto)  状態=IME ON・入力なし
    前     : A(open=1 conv=0x10) B(open=1 conv=0x10) T(open=1 conv=0x10) G(open=0 conv=0x00) comp="" tail="kkk"
    +100ms: A(open=1 conv=0x19) B(open=1 conv=0x19) T(open=1 conv=0x19) G(open=0 conv=0x00) comp="" tail="kkk"
    +400ms: A(open=1 conv=0x19) B(open=1 conv=0x19) T(open=1 conv=0x19) G(open=0 conv=0x00) comp="き" tail="kkk"
    差分 (前→+100ms): Δ conv A:0x10→0x19 B:0x10→0x19 / tsf-thread open:1→1 conv:0x10→0x19   (前→+400ms): Δ conv A:0x10→0x19 B:0x10→0x19 / tsf-thread open:1→1 conv:0x10→0x19 / comp:Some("")→Some("き")
[06:32:10.137Z] KEY [準備/その他] ESC vk=0x1B scan=0x01 press=06:32:09.640Z (auto)  状態=IME ON・入力中
    前     : A(open=1 conv=0x19) B(open=1 conv=0x19) T(open=1 conv=0x19) G(open=0 conv=0x00) comp="き" tail="kkk"
    +100ms: A(open=1 conv=0x19) B(open=1 conv=0x19) T(open=1 conv=0x19) G(open=0 conv=0x00) comp="" tail="kkk"
    +400ms: A(open=1 conv=0x19) B(open=1 conv=0x19) T(open=1 conv=0x19) G(open=0 conv=0x00) comp="" tail="kkk"
    差分 (前→+100ms): Δ comp:Some("き")→Some("")   (前→+400ms): Δ comp:Some("き")→Some("")
[AUTO] 全手順完了（1.5秒後に自動で閉じます）
[RUN 10/12 START]
=== IME key matrix spike (awase 非依存) ===
観測: A=IMM(ImmGet*) / B=WM_IME_CONTROL / T=TSFスレッドcompartment / G=TSFグローバルcompartment
conv の目安: 0x19=ひらがな(NATIVE|FULLSHAPE|ROMAN) 0x10=半角英数(ROMAN) 0x00=直接入力系
手順: awase を止める → 画面中段の案内に従ってキーを1回ずつ押す（全 2ラウンド×20ステップ、各押下後は3秒待機）
ROUND1=標準EDIT / ROUND2=RichEdit(TSFネイティブ)。そのキーが無い場合は Ctrl+Shift+F12 でスキップ
ログファイル: C:\Users\cuzic\scoop\persist\msys2\home\cuzic\awase-spike\target\debug\examples\ime_key_matrix_spike.log

=== ROUND 2/2: 対象コントロール = RichEdit 5.0(TSFネイティブ) ===
[AUTO] フォーカス復帰(前面ウィンドウ)
[AUTO] 準備 STEP 1: 現在=直接入力 必要=IME ON・かな・入力なし → VK 0x1C を注入
[06:32:14.015Z] KEY [準備/その他] 変換 vk=0x1C scan=0x79 press=06:32:13.518Z (auto)  状態=直接入力
    前     : A(open=0 conv=0x09) B(open=0 conv=0x09) T(open=0 conv=0x09) G(open=0 conv=0x00) comp="" tail=""
    +100ms: A(open=1 conv=0x19) B(open=1 conv=0x19) T(open=1 conv=0x19) G(open=0 conv=0x00) comp="" tail=""
    +400ms: A(open=1 conv=0x19) B(open=1 conv=0x19) T(open=1 conv=0x19) G(open=0 conv=0x00) comp="" tail=""
    差分 (前→+100ms): Δ open A:0→1 B:0→1 / conv A:0x09→0x19 B:0x09→0x19 / tsf-thread open:0→1 conv:0x09→0x19   (前→+400ms): Δ open A:0→1 B:0→1 / conv A:0x09→0x19 B:0x09→0x19 / tsf-thread open:0→1 conv:0x09→0x19
[06:32:15.268Z] KEY [SCRIPT 1/10 ひらがなキー 期待=ONのまま半角英数へ(conv 0x10)。Engine OFF(決定3保留のため遅延の可能性あり)] ひらがな(0xF2) vk=0xF2 scan=0x70 press=06:32:14.767Z (auto)  状態=IME ON・入力なし
    前     : A(open=1 conv=0x19) B(open=1 conv=0x19) T(open=1 conv=0x19) G(open=0 conv=0x00) comp="" tail=""
    +100ms: A(open=1 conv=0x10) B(open=1 conv=0x10) T(open=1 conv=0x10) G(open=0 conv=0x00) comp="" tail=""
    +400ms: A(open=1 conv=0x10) B(open=1 conv=0x10) T(open=1 conv=0x10) G(open=0 conv=0x00) comp="k" tail=""
    差分 (前→+100ms): Δ conv A:0x19→0x10 B:0x19→0x10 / tsf-thread open:1→1 conv:0x19→0x10   (前→+400ms): Δ conv A:0x19→0x10 B:0x19→0x10 / tsf-thread open:1→1 conv:0x19→0x10 / comp:Some("")→Some("k")
[06:32:15.829Z] KEY [準備/その他] ESC vk=0x1B scan=0x01 press=06:32:15.351Z (auto)  状態=IME ON・入力中
    前     : A(open=1 conv=0x10) B(open=1 conv=0x10) T(open=1 conv=0x10) G(open=0 conv=0x00) comp="k" tail=""
    +100ms: A(open=1 conv=0x10) B(open=1 conv=0x10) T(open=1 conv=0x10) G(open=0 conv=0x00) comp="" tail=""
    +400ms: A(open=1 conv=0x10) B(open=1 conv=0x10) T(open=1 conv=0x10) G(open=0 conv=0x00) comp="" tail=""
    差分 (前→+100ms): Δ comp:Some("k")→Some("")   (前→+400ms): Δ comp:Some("k")→Some("")
[06:32:16.958Z] KEY [SCRIPT 2/10 無変換 期待=IME OFF(直接入力)。Engine OFF] 無変換 vk=0x1D scan=0x7B press=06:32:16.451Z (auto)  状態=IME ON・入力なし
    前     : A(open=1 conv=0x10) B(open=1 conv=0x10) T(open=1 conv=0x10) G(open=0 conv=0x00) comp="" tail=""
    +100ms: A(open=0 conv=0x10) B(open=0 conv=0x10) T(open=0 conv=0x10) G(open=0 conv=0x00) comp="" tail=""
    +400ms: A(open=0 conv=0x10) B(open=0 conv=0x10) T(open=0 conv=0x10) G(open=0 conv=0x00) comp="" tail="k"
    差分 (前→+100ms): Δ open A:1→0 B:1→0 / tsf-thread open:1→0 conv:0x10→0x10   (前→+400ms): Δ open A:1→0 B:1→0 / tsf-thread open:1→0 conv:0x10→0x10 / tail:""→"k"
[06:32:17.518Z] KEY [準備/その他] ESC vk=0x1B scan=0x01 press=06:32:17.044Z (auto)  状態=直接入力
    前     : A(open=0 conv=0x10) B(open=0 conv=0x10) T(open=0 conv=0x10) G(open=0 conv=0x00) comp="" tail="k"
    +100ms: A(open=0 conv=0x10) B(open=0 conv=0x10) T(open=0 conv=0x10) G(open=0 conv=0x00) comp="" tail="k"
    +400ms: A(open=0 conv=0x10) B(open=0 conv=0x10) T(open=0 conv=0x10) G(open=0 conv=0x00) comp="" tail="k"
    差分 (前→+100ms): Δなし   (前→+400ms): Δなし
[06:32:18.575Z] KEY [SCRIPT 3/10 無変換 期待=IME ON・半角英数のまま(conv 0x10)。Engine は OFF のまま ← 決定2の核心] 無変換 vk=0x1D scan=0x7B press=06:32:18.080Z (auto)  状態=直接入力
    前     : A(open=0 conv=0x10) B(open=0 conv=0x10) T(open=0 conv=0x10) G(open=0 conv=0x00) comp="" tail="k"
    +100ms: A(open=1 conv=0x10) B(open=1 conv=0x10) T(open=1 conv=0x10) G(open=0 conv=0x00) comp="" tail="k"
    +400ms: A(open=1 conv=0x10) B(open=1 conv=0x10) T(open=1 conv=0x10) G(open=0 conv=0x00) comp="k" tail="k"
    差分 (前→+100ms): Δ open A:0→1 B:0→1 / tsf-thread open:0→1 conv:0x10→0x10   (前→+400ms): Δ open A:0→1 B:0→1 / tsf-thread open:0→1 conv:0x10→0x10 / comp:Some("")→Some("k")
[06:32:19.133Z] KEY [準備/その他] ESC vk=0x1B scan=0x01 press=06:32:18.637Z (auto)  状態=IME ON・入力中
    前     : A(open=1 conv=0x10) B(open=1 conv=0x10) T(open=1 conv=0x10) G(open=0 conv=0x00) comp="k" tail="k"
    +100ms: A(open=1 conv=0x10) B(open=1 conv=0x10) T(open=1 conv=0x10) G(open=0 conv=0x00) comp="" tail="k"
    +400ms: A(open=1 conv=0x10) B(open=1 conv=0x10) T(open=1 conv=0x10) G(open=0 conv=0x00) comp="" tail="k"
    差分 (前→+100ms): Δ comp:Some("k")→Some("")   (前→+400ms): Δ comp:Some("k")→Some("")
[06:32:20.204Z] KEY [SCRIPT 4/10 ひらがなキー 期待=かなに戻る(conv 0x19)。Engine ON(遅延の可能性あり)] ひらがな(0xF2) vk=0xF2 scan=0x70 press=06:32:19.710Z (auto)  状態=IME ON・入力なし
    前     : A(open=1 conv=0x10) B(open=1 conv=0x10) T(open=1 conv=0x10) G(open=0 conv=0x00) comp="" tail="k"
    +100ms: A(open=1 conv=0x19) B(open=1 conv=0x19) T(open=1 conv=0x19) G(open=0 conv=0x00) comp="" tail="k"
    +400ms: A(open=1 conv=0x19) B(open=1 conv=0x19) T(open=1 conv=0x19) G(open=0 conv=0x00) comp="き" tail="k"
    差分 (前→+100ms): Δ conv A:0x10→0x19 B:0x10→0x19 / tsf-thread open:1→1 conv:0x10→0x19   (前→+400ms): Δ conv A:0x10→0x19 B:0x10→0x19 / tsf-thread open:1→1 conv:0x10→0x19 / comp:Some("")→Some("き")
[06:32:20.761Z] KEY [準備/その他] ESC vk=0x1B scan=0x01 press=06:32:20.289Z (auto)  状態=IME ON・入力中
    前     : A(open=1 conv=0x19) B(open=1 conv=0x19) T(open=1 conv=0x19) G(open=0 conv=0x00) comp="き" tail="k"
    +100ms: A(open=1 conv=0x19) B(open=1 conv=0x19) T(open=1 conv=0x19) G(open=0 conv=0x00) comp="" tail="k"
    +400ms: A(open=1 conv=0x19) B(open=1 conv=0x19) T(open=1 conv=0x19) G(open=0 conv=0x00) comp="" tail="k"
    差分 (前→+100ms): Δ comp:Some("き")→Some("")   (前→+400ms): Δ comp:Some("き")→Some("")
[06:32:21.886Z] KEY [SCRIPT 5/10 無変換 期待=IME OFF。Engine OFF] 無変換 vk=0x1D scan=0x7B press=06:32:21.392Z (auto)  状態=IME ON・入力なし
    前     : A(open=1 conv=0x19) B(open=1 conv=0x19) T(open=1 conv=0x19) G(open=0 conv=0x00) comp="" tail="k"
    +100ms: A(open=0 conv=0x19) B(open=0 conv=0x19) T(open=0 conv=0x19) G(open=0 conv=0x00) comp="" tail="k"
    +400ms: A(open=0 conv=0x19) B(open=0 conv=0x19) T(open=0 conv=0x19) G(open=0 conv=0x00) comp="" tail="kk"
    差分 (前→+100ms): Δ open A:1→0 B:1→0 / tsf-thread open:1→0 conv:0x19→0x19   (前→+400ms): Δ open A:1→0 B:1→0 / tsf-thread open:1→0 conv:0x19→0x19 / tail:"k"→"kk"
[06:32:22.450Z] KEY [準備/その他] ESC vk=0x1B scan=0x01 press=06:32:21.979Z (auto)  状態=直接入力
    前     : A(open=0 conv=0x19) B(open=0 conv=0x19) T(open=0 conv=0x19) G(open=0 conv=0x00) comp="" tail="kk"
    +100ms: A(open=0 conv=0x19) B(open=0 conv=0x19) T(open=0 conv=0x19) G(open=0 conv=0x00) comp="" tail="kk"
    +400ms: A(open=0 conv=0x19) B(open=0 conv=0x19) T(open=0 conv=0x19) G(open=0 conv=0x00) comp="" tail="kk"
    差分 (前→+100ms): Δなし   (前→+400ms): Δなし
[06:32:22.539Z] KEY [準備/その他] ESC vk=0x1B scan=0x00 press=06:32:22.042Z (injected)  状態=直接入力
    前     : A(open=0 conv=0x19) B(open=0 conv=0x19) T(open=0 conv=0x19) G(open=0 conv=0x00) comp="" tail="kk"
    +100ms: A(open=0 conv=0x19) B(open=0 conv=0x19) T(open=0 conv=0x19) G(open=0 conv=0x00) comp="" tail="kk"
    +400ms: A(open=0 conv=0x19) B(open=0 conv=0x19) T(open=0 conv=0x19) G(open=0 conv=0x00) comp="" tail="kk"
    差分 (前→+100ms): Δなし   (前→+400ms): Δなし
[06:32:23.617Z] KEY [SCRIPT 6/10 無変換 期待=IME ON(かな)。Engine ON] 無変換 vk=0x1D scan=0x7B press=06:32:23.074Z (auto)  状態=直接入力
    前     : A(open=0 conv=0x19) B(open=0 conv=0x19) T(open=0 conv=0x19) G(open=0 conv=0x00) comp="" tail="kk"
    +100ms: A(open=1 conv=0x19) B(open=1 conv=0x19) T(open=1 conv=0x19) G(open=0 conv=0x00) comp="" tail="kk"
    +400ms: A(open=1 conv=0x19) B(open=1 conv=0x19) T(open=1 conv=0x19) G(open=0 conv=0x00) comp="き" tail="kk"
    差分 (前→+100ms): Δ open A:0→1 B:0→1 / tsf-thread open:0→1 conv:0x19→0x19   (前→+400ms): Δ open A:0→1 B:0→1 / tsf-thread open:0→1 conv:0x19→0x19 / comp:Some("")→Some("き")
[06:32:24.146Z] KEY [準備/その他] ESC vk=0x1B scan=0x01 press=06:32:23.675Z (auto)  状態=IME ON・入力中
    前     : A(open=1 conv=0x19) B(open=1 conv=0x19) T(open=1 conv=0x19) G(open=0 conv=0x00) comp="き" tail="kk"
    +100ms: A(open=1 conv=0x19) B(open=1 conv=0x19) T(open=1 conv=0x19) G(open=0 conv=0x00) comp="" tail="kk"
    +400ms: A(open=1 conv=0x19) B(open=1 conv=0x19) T(open=1 conv=0x19) G(open=0 conv=0x00) comp="" tail="kk"
    差分 (前→+100ms): Δ comp:Some("き")→Some("")   (前→+400ms): Δ comp:Some("き")→Some("")
[06:32:25.199Z] KEY [SCRIPT 7/10 ひらがなキー 期待=ONのまま半角英数へ。Engine は(遅延で)OFF] ひらがな(0xF2) vk=0xF2 scan=0x70 press=06:32:24.708Z (auto)  状態=IME ON・入力なし
    前     : A(open=1 conv=0x19) B(open=1 conv=0x19) T(open=1 conv=0x19) G(open=0 conv=0x00) comp="" tail="kk"
    +100ms: A(open=1 conv=0x10) B(open=1 conv=0x10) T(open=1 conv=0x10) G(open=0 conv=0x00) comp="" tail="kk"
    +400ms: A(open=1 conv=0x10) B(open=1 conv=0x10) T(open=1 conv=0x10) G(open=0 conv=0x00) comp="k" tail="kk"
    差分 (前→+100ms): Δ conv A:0x19→0x10 B:0x19→0x10 / tsf-thread open:1→1 conv:0x19→0x10   (前→+400ms): Δ conv A:0x19→0x10 B:0x19→0x10 / tsf-thread open:1→1 conv:0x19→0x10 / comp:Some("")→Some("k")
[06:32:25.767Z] KEY [準備/その他] ESC vk=0x1B scan=0x01 press=06:32:25.274Z (auto)  状態=IME ON・入力中
    前     : A(open=1 conv=0x10) B(open=1 conv=0x10) T(open=1 conv=0x10) G(open=0 conv=0x00) comp="k" tail="kk"
    +100ms: A(open=1 conv=0x10) B(open=1 conv=0x10) T(open=1 conv=0x10) G(open=0 conv=0x00) comp="" tail="kk"
    +400ms: A(open=1 conv=0x10) B(open=1 conv=0x10) T(open=1 conv=0x10) G(open=0 conv=0x00) comp="" tail="kk"
    差分 (前→+100ms): Δ comp:Some("k")→Some("")   (前→+400ms): Δ comp:Some("k")→Some("")
[06:32:26.891Z] KEY [SCRIPT 8/10 無変換 期待=IME OFF。Engine OFF] 無変換 vk=0x1D scan=0x7B press=06:32:26.392Z (auto)  状態=IME ON・入力なし
    前     : A(open=1 conv=0x10) B(open=1 conv=0x10) T(open=1 conv=0x10) G(open=0 conv=0x00) comp="" tail="kk"
    +100ms: A(open=0 conv=0x10) B(open=0 conv=0x10) T(open=0 conv=0x10) G(open=0 conv=0x00) comp="" tail="kk"
    +400ms: A(open=0 conv=0x10) B(open=0 conv=0x10) T(open=0 conv=0x10) G(open=0 conv=0x00) comp="" tail="kkk"
    差分 (前→+100ms): Δ open A:1→0 B:1→0 / tsf-thread open:1→0 conv:0x10→0x10   (前→+400ms): Δ open A:1→0 B:1→0 / tsf-thread open:1→0 conv:0x10→0x10 / tail:"kk"→"kkk"
[06:32:27.453Z] KEY [準備/その他] ESC vk=0x1B scan=0x01 press=06:32:26.967Z (auto)  状態=直接入力
    前     : A(open=0 conv=0x10) B(open=0 conv=0x10) T(open=0 conv=0x10) G(open=0 conv=0x00) comp="" tail="kkk"
    +100ms: A(open=0 conv=0x10) B(open=0 conv=0x10) T(open=0 conv=0x10) G(open=0 conv=0x00) comp="" tail="kkk"
    +400ms: A(open=0 conv=0x10) B(open=0 conv=0x10) T(open=0 conv=0x10) G(open=0 conv=0x00) comp="" tail="kkk"
    差分 (前→+100ms): Δなし   (前→+400ms): Δなし
[06:32:28.555Z] KEY [SCRIPT 9/10 無変換 期待=IME ON・半角英数のまま。Engine が ON にならないこと ← 退行窓の確認] 無変換 vk=0x1D scan=0x7B press=06:32:28.076Z (auto)  状態=直接入力
    前     : A(open=0 conv=0x10) B(open=0 conv=0x10) T(open=0 conv=0x10) G(open=0 conv=0x00) comp="" tail="kkk"
    +100ms: A(open=1 conv=0x10) B(open=1 conv=0x10) T(open=1 conv=0x10) G(open=0 conv=0x00) comp="" tail="kkk"
    +400ms: A(open=1 conv=0x10) B(open=1 conv=0x10) T(open=1 conv=0x10) G(open=0 conv=0x00) comp="k" tail="kkk"
    差分 (前→+100ms): Δ open A:0→1 B:0→1 / tsf-thread open:0→1 conv:0x10→0x10   (前→+400ms): Δ open A:0→1 B:0→1 / tsf-thread open:0→1 conv:0x10→0x10 / comp:Some("")→Some("k")
[06:32:29.135Z] KEY [準備/その他] ESC vk=0x1B scan=0x01 press=06:32:28.640Z (auto)  状態=IME ON・入力中
    前     : A(open=1 conv=0x10) B(open=1 conv=0x10) T(open=1 conv=0x10) G(open=0 conv=0x00) comp="k" tail="kkk"
    +100ms: A(open=1 conv=0x10) B(open=1 conv=0x10) T(open=1 conv=0x10) G(open=0 conv=0x00) comp="" tail="kkk"
    +400ms: A(open=1 conv=0x10) B(open=1 conv=0x10) T(open=1 conv=0x10) G(open=0 conv=0x00) comp="" tail="kkk"
    差分 (前→+100ms): Δ comp:Some("k")→Some("")   (前→+400ms): Δ comp:Some("k")→Some("")
[06:32:30.204Z] KEY [SCRIPT 10/10 ひらがなキー 期待=かなに戻る(後片付け)] ひらがな(0xF2) vk=0xF2 scan=0x70 press=06:32:29.702Z (auto)  状態=IME ON・入力なし
    前     : A(open=1 conv=0x10) B(open=1 conv=0x10) T(open=1 conv=0x10) G(open=0 conv=0x00) comp="" tail="kkk"
    +100ms: A(open=1 conv=0x19) B(open=1 conv=0x19) T(open=1 conv=0x19) G(open=0 conv=0x00) comp="" tail="kkk"
    +400ms: A(open=1 conv=0x19) B(open=1 conv=0x19) T(open=1 conv=0x19) G(open=0 conv=0x00) comp="き" tail="kkk"
    差分 (前→+100ms): Δ conv A:0x10→0x19 B:0x10→0x19 / tsf-thread open:1→1 conv:0x10→0x19   (前→+400ms): Δ conv A:0x10→0x19 B:0x10→0x19 / tsf-thread open:1→1 conv:0x10→0x19 / comp:Some("")→Some("き")
[06:32:30.829Z] KEY [準備/その他] ESC vk=0x1B scan=0x01 press=06:32:30.354Z (auto)  状態=IME ON・入力中
    前     : A(open=1 conv=0x19) B(open=1 conv=0x19) T(open=1 conv=0x19) G(open=0 conv=0x00) comp="き" tail="kkk"
    +100ms: A(open=1 conv=0x19) B(open=1 conv=0x19) T(open=1 conv=0x19) G(open=0 conv=0x00) comp="" tail="kkk"
    +400ms: A(open=1 conv=0x19) B(open=1 conv=0x19) T(open=1 conv=0x19) G(open=0 conv=0x00) comp="" tail="kkk"
    差分 (前→+100ms): Δ comp:Some("き")→Some("")   (前→+400ms): Δ comp:Some("き")→Some("")
[06:32:30.948Z] KEY [準備/その他] ESC vk=0x1B scan=0x00 press=06:32:30.361Z (injected)  状態=IME ON・入力中
    前     : A(open=1 conv=0x19) B(open=1 conv=0x19) T(open=1 conv=0x19) G(open=0 conv=0x00) comp="き" tail="kkk"
    +100ms: A(open=1 conv=0x19) B(open=1 conv=0x19) T(open=1 conv=0x19) G(open=0 conv=0x00) comp="" tail="kkk"
    +400ms: A(open=1 conv=0x19) B(open=1 conv=0x19) T(open=1 conv=0x19) G(open=0 conv=0x00) comp="" tail="kkk"
    差分 (前→+100ms): Δ comp:Some("き")→Some("")   (前→+400ms): Δ comp:Some("き")→Some("")
[AUTO] 全手順完了（1.5秒後に自動で閉じます）
[RUN 11/12 START]
=== IME key matrix spike (awase 非依存) ===
観測: A=IMM(ImmGet*) / B=WM_IME_CONTROL / T=TSFスレッドcompartment / G=TSFグローバルcompartment
conv の目安: 0x19=ひらがな(NATIVE|FULLSHAPE|ROMAN) 0x10=半角英数(ROMAN) 0x00=直接入力系
手順: awase を止める → 画面中段の案内に従ってキーを1回ずつ押す（全 2ラウンド×20ステップ、各押下後は3秒待機）
ROUND1=標準EDIT / ROUND2=RichEdit(TSFネイティブ)。そのキーが無い場合は Ctrl+Shift+F12 でスキップ
ログファイル: C:\Users\cuzic\scoop\persist\msys2\home\cuzic\awase-spike\target\debug\examples\ime_key_matrix_spike.log

=== ROUND 2/2: 対象コントロール = RichEdit 5.0(TSFネイティブ) ===
[AUTO] フォーカス復帰(前面ウィンドウ)
[AUTO] 準備 STEP 1: 現在=直接入力 必要=IME ON・かな・入力なし → VK 0x1C を注入
[06:32:34.713Z] KEY [準備/その他] 変換 vk=0x1C scan=0x79 press=06:32:34.216Z (auto)  状態=直接入力
    前     : A(open=0 conv=0x09) B(open=0 conv=0x09) T(open=0 conv=0x09) G(open=0 conv=0x00) comp="" tail=""
    +100ms: A(open=1 conv=0x19) B(open=1 conv=0x19) T(open=1 conv=0x19) G(open=0 conv=0x00) comp="" tail=""
    +400ms: A(open=1 conv=0x19) B(open=1 conv=0x19) T(open=1 conv=0x19) G(open=0 conv=0x00) comp="" tail=""
    差分 (前→+100ms): Δ open A:0→1 B:0→1 / conv A:0x09→0x19 B:0x09→0x19 / tsf-thread open:0→1 conv:0x09→0x19   (前→+400ms): Δ open A:0→1 B:0→1 / conv A:0x09→0x19 B:0x09→0x19 / tsf-thread open:0→1 conv:0x09→0x19
[06:32:35.967Z] KEY [SCRIPT 1/10 ひらがなキー 期待=ONのまま半角英数へ(conv 0x10)。Engine OFF(決定3保留のため遅延の可能性あり)] ひらがな(0xF2) vk=0xF2 scan=0x70 press=06:32:35.465Z (auto)  状態=IME ON・入力なし
    前     : A(open=1 conv=0x19) B(open=1 conv=0x19) T(open=1 conv=0x19) G(open=0 conv=0x00) comp="" tail=""
    +100ms: A(open=1 conv=0x10) B(open=1 conv=0x10) T(open=1 conv=0x10) G(open=0 conv=0x00) comp="" tail=""
    +400ms: A(open=1 conv=0x10) B(open=1 conv=0x10) T(open=1 conv=0x10) G(open=0 conv=0x00) comp="k" tail=""
    差分 (前→+100ms): Δ conv A:0x19→0x10 B:0x19→0x10 / tsf-thread open:1→1 conv:0x19→0x10   (前→+400ms): Δ conv A:0x19→0x10 B:0x19→0x10 / tsf-thread open:1→1 conv:0x19→0x10 / comp:Some("")→Some("k")
[06:32:36.537Z] KEY [準備/その他] ESC vk=0x1B scan=0x01 press=06:32:36.077Z (auto)  状態=IME ON・入力中
    前     : A(open=1 conv=0x10) B(open=1 conv=0x10) T(open=1 conv=0x10) G(open=0 conv=0x00) comp="k" tail=""
    +100ms: A(open=1 conv=0x10) B(open=1 conv=0x10) T(open=1 conv=0x10) G(open=0 conv=0x00) comp="" tail=""
    +400ms: A(open=1 conv=0x10) B(open=1 conv=0x10) T(open=1 conv=0x10) G(open=0 conv=0x00) comp="" tail=""
    差分 (前→+100ms): Δ comp:Some("k")→Some("")   (前→+400ms): Δ comp:Some("k")→Some("")
[06:32:37.660Z] KEY [SCRIPT 2/10 無変換 期待=IME OFF(直接入力)。Engine OFF] 無変換 vk=0x1D scan=0x7B press=06:32:37.154Z (auto)  状態=IME ON・入力なし
    前     : A(open=1 conv=0x10) B(open=1 conv=0x10) T(open=1 conv=0x10) G(open=0 conv=0x00) comp="" tail=""
    +100ms: A(open=0 conv=0x10) B(open=0 conv=0x10) T(open=0 conv=0x10) G(open=0 conv=0x00) comp="" tail=""
    +400ms: A(open=0 conv=0x10) B(open=0 conv=0x10) T(open=0 conv=0x10) G(open=0 conv=0x00) comp="" tail="k"
    差分 (前→+100ms): Δ open A:1→0 B:1→0 / tsf-thread open:1→0 conv:0x10→0x10   (前→+400ms): Δ open A:1→0 B:1→0 / tsf-thread open:1→0 conv:0x10→0x10 / tail:""→"k"
[06:32:38.281Z] KEY [準備/その他] ESC vk=0x1B scan=0x01 press=06:32:37.807Z (auto)  状態=直接入力
    前     : A(open=0 conv=0x10) B(open=0 conv=0x10) T(open=0 conv=0x10) G(open=0 conv=0x00) comp="" tail="k"
    +100ms: A(open=0 conv=0x10) B(open=0 conv=0x10) T(open=0 conv=0x10) G(open=0 conv=0x00) comp="" tail="k"
    +400ms: A(open=0 conv=0x10) B(open=0 conv=0x10) T(open=0 conv=0x10) G(open=0 conv=0x00) comp="" tail="k"
    差分 (前→+100ms): Δなし   (前→+400ms): Δなし
[06:32:38.335Z] KEY [準備/その他] ESC vk=0x1B scan=0x00 press=06:32:37.808Z (injected)  状態=直接入力
    前     : A(open=0 conv=0x10) B(open=0 conv=0x10) T(open=0 conv=0x10) G(open=0 conv=0x00) comp="" tail="k"
    +100ms: A(open=0 conv=0x10) B(open=0 conv=0x10) T(open=0 conv=0x10) G(open=0 conv=0x00) comp="" tail="k"
    +400ms: A(open=0 conv=0x10) B(open=0 conv=0x10) T(open=0 conv=0x10) G(open=0 conv=0x00) comp="" tail="k"
    差分 (前→+100ms): Δなし   (前→+400ms): Δなし
[06:32:39.320Z] KEY [SCRIPT 3/10 無変換 期待=IME ON・半角英数のまま(conv 0x10)。Engine は OFF のまま ← 決定2の核心] 無変換 vk=0x1D scan=0x7B press=06:32:38.846Z (auto)  状態=直接入力
    前     : A(open=0 conv=0x10) B(open=0 conv=0x10) T(open=0 conv=0x10) G(open=0 conv=0x00) comp="" tail="k"
    +100ms: A(open=1 conv=0x10) B(open=1 conv=0x10) T(open=1 conv=0x10) G(open=0 conv=0x00) comp="" tail="k"
    +400ms: A(open=1 conv=0x10) B(open=1 conv=0x10) T(open=1 conv=0x10) G(open=0 conv=0x00) comp="k" tail="k"
    差分 (前→+100ms): Δ open A:0→1 B:0→1 / tsf-thread open:0→1 conv:0x10→0x10   (前→+400ms): Δ open A:0→1 B:0→1 / tsf-thread open:0→1 conv:0x10→0x10 / comp:Some("")→Some("k")
[06:32:39.910Z] KEY [準備/その他] ESC vk=0x1B scan=0x01 press=06:32:39.456Z (auto)  状態=IME ON・入力中
    前     : A(open=1 conv=0x10) B(open=1 conv=0x10) T(open=1 conv=0x10) G(open=0 conv=0x00) comp="k" tail="k"
    +100ms: A(open=1 conv=0x10) B(open=1 conv=0x10) T(open=1 conv=0x10) G(open=0 conv=0x00) comp="" tail="k"
    +400ms: A(open=1 conv=0x10) B(open=1 conv=0x10) T(open=1 conv=0x10) G(open=0 conv=0x00) comp="" tail="k"
    差分 (前→+100ms): Δ comp:Some("k")→Some("")   (前→+400ms): Δ comp:Some("k")→Some("")
[06:32:40.998Z] KEY [SCRIPT 4/10 ひらがなキー 期待=かなに戻る(conv 0x19)。Engine ON(遅延の可能性あり)] ひらがな(0xF2) vk=0xF2 scan=0x70 press=06:32:40.471Z (auto)  状態=IME ON・入力なし
    前     : A(open=1 conv=0x10) B(open=1 conv=0x10) T(open=1 conv=0x10) G(open=0 conv=0x00) comp="" tail="k"
    +100ms: A(open=1 conv=0x19) B(open=1 conv=0x19) T(open=1 conv=0x19) G(open=0 conv=0x00) comp="" tail="k"
    +400ms: A(open=1 conv=0x19) B(open=1 conv=0x19) T(open=1 conv=0x19) G(open=0 conv=0x00) comp="き" tail="k"
    差分 (前→+100ms): Δ conv A:0x10→0x19 B:0x10→0x19 / tsf-thread open:1→1 conv:0x10→0x19   (前→+400ms): Δ conv A:0x10→0x19 B:0x10→0x19 / tsf-thread open:1→1 conv:0x10→0x19 / comp:Some("")→Some("き")
[06:32:41.589Z] KEY [準備/その他] ESC vk=0x1B scan=0x01 press=06:32:41.092Z (auto)  状態=IME ON・入力中
    前     : A(open=1 conv=0x19) B(open=1 conv=0x19) T(open=1 conv=0x19) G(open=0 conv=0x00) comp="き" tail="k"
    +100ms: A(open=1 conv=0x19) B(open=1 conv=0x19) T(open=1 conv=0x19) G(open=0 conv=0x00) comp="" tail="k"
    +400ms: A(open=1 conv=0x19) B(open=1 conv=0x19) T(open=1 conv=0x19) G(open=0 conv=0x00) comp="" tail="k"
    差分 (前→+100ms): Δ comp:Some("き")→Some("")   (前→+400ms): Δ comp:Some("き")→Some("")
[06:32:41.713Z] KEY [準備/その他] ESC vk=0x1B scan=0x00 press=06:32:41.101Z (injected)  状態=IME ON・入力中
    前     : A(open=1 conv=0x19) B(open=1 conv=0x19) T(open=1 conv=0x19) G(open=0 conv=0x00) comp="き" tail="k"
    +100ms: A(open=1 conv=0x19) B(open=1 conv=0x19) T(open=1 conv=0x19) G(open=0 conv=0x00) comp="" tail="k"
    +400ms: A(open=1 conv=0x19) B(open=1 conv=0x19) T(open=1 conv=0x19) G(open=0 conv=0x00) comp="" tail="k"
    差分 (前→+100ms): Δ comp:Some("き")→Some("")   (前→+400ms): Δ comp:Some("き")→Some("")
[06:32:42.655Z] KEY [SCRIPT 5/10 無変換 期待=IME OFF。Engine OFF] 無変換 vk=0x1D scan=0x7B press=06:32:42.153Z (auto)  状態=IME ON・入力なし
    前     : A(open=1 conv=0x19) B(open=1 conv=0x19) T(open=1 conv=0x19) G(open=0 conv=0x00) comp="" tail="k"
    +100ms: A(open=0 conv=0x19) B(open=0 conv=0x19) T(open=0 conv=0x19) G(open=0 conv=0x00) comp="" tail="k"
    +400ms: A(open=0 conv=0x19) B(open=0 conv=0x19) T(open=0 conv=0x19) G(open=0 conv=0x00) comp="" tail="kk"
    差分 (前→+100ms): Δ open A:1→0 B:1→0 / tsf-thread open:1→0 conv:0x19→0x19   (前→+400ms): Δ open A:1→0 B:1→0 / tsf-thread open:1→0 conv:0x19→0x19 / tail:"k"→"kk"
[06:32:43.212Z] KEY [準備/その他] ESC vk=0x1B scan=0x01 press=06:32:42.767Z (auto)  状態=直接入力
    前     : A(open=0 conv=0x19) B(open=0 conv=0x19) T(open=0 conv=0x19) G(open=0 conv=0x00) comp="" tail="kk"
    +100ms: A(open=0 conv=0x19) B(open=0 conv=0x19) T(open=0 conv=0x19) G(open=0 conv=0x00) comp="" tail="kk"
    +400ms: A(open=0 conv=0x19) B(open=0 conv=0x19) T(open=0 conv=0x19) G(open=0 conv=0x00) comp="" tail="kk"
    差分 (前→+100ms): Δなし   (前→+400ms): Δなし
[06:32:43.297Z] KEY [準備/その他] ESC vk=0x1B scan=0x00 press=06:32:42.823Z (injected)  状態=直接入力
    前     : A(open=0 conv=0x19) B(open=0 conv=0x19) T(open=0 conv=0x19) G(open=0 conv=0x00) comp="" tail="kk"
    +100ms: A(open=0 conv=0x19) B(open=0 conv=0x19) T(open=0 conv=0x19) G(open=0 conv=0x00) comp="" tail="kk"
    +400ms: A(open=0 conv=0x19) B(open=0 conv=0x19) T(open=0 conv=0x19) G(open=0 conv=0x00) comp="" tail="kk"
    差分 (前→+100ms): Δなし   (前→+400ms): Δなし
[06:32:44.398Z] KEY [SCRIPT 6/10 無変換 期待=IME ON(かな)。Engine ON] 無変換 vk=0x1D scan=0x7B press=06:32:43.838Z (auto)  状態=直接入力
    前     : A(open=0 conv=0x19) B(open=0 conv=0x19) T(open=0 conv=0x19) G(open=0 conv=0x00) comp="" tail="kk"
    +100ms: A(open=1 conv=0x19) B(open=1 conv=0x19) T(open=1 conv=0x19) G(open=0 conv=0x00) comp="" tail="kk"
    +400ms: A(open=1 conv=0x19) B(open=1 conv=0x19) T(open=1 conv=0x19) G(open=0 conv=0x00) comp="き" tail="kk"
    差分 (前→+100ms): Δ open A:0→1 B:0→1 / tsf-thread open:0→1 conv:0x19→0x19   (前→+400ms): Δ open A:0→1 B:0→1 / tsf-thread open:0→1 conv:0x19→0x19 / comp:Some("")→Some("き")
[06:32:44.973Z] KEY [準備/その他] ESC vk=0x1B scan=0x01 press=06:32:44.496Z (auto)  状態=IME ON・入力中
    前     : A(open=1 conv=0x19) B(open=1 conv=0x19) T(open=1 conv=0x19) G(open=0 conv=0x00) comp="き" tail="kk"
    +100ms: A(open=1 conv=0x19) B(open=1 conv=0x19) T(open=1 conv=0x19) G(open=0 conv=0x00) comp="" tail="kk"
    +400ms: A(open=1 conv=0x19) B(open=1 conv=0x19) T(open=1 conv=0x19) G(open=0 conv=0x00) comp="" tail="kk"
    差分 (前→+100ms): Δ comp:Some("き")→Some("")   (前→+400ms): Δ comp:Some("き")→Some("")
[06:32:45.933Z] KEY [SCRIPT 7/10 ひらがなキー 期待=ONのまま半角英数へ。Engine は(遅延で)OFF] ひらがな(0xF2) vk=0xF2 scan=0x70 press=06:32:45.470Z (auto)  状態=IME ON・入力なし
    前     : A(open=1 conv=0x19) B(open=1 conv=0x19) T(open=1 conv=0x19) G(open=0 conv=0x00) comp="" tail="kk"
    +100ms: A(open=1 conv=0x10) B(open=1 conv=0x10) T(open=1 conv=0x10) G(open=0 conv=0x00) comp="" tail="kk"
    +400ms: A(open=1 conv=0x10) B(open=1 conv=0x10) T(open=1 conv=0x10) G(open=0 conv=0x00) comp="k" tail="kk"
    差分 (前→+100ms): Δ conv A:0x19→0x10 B:0x19→0x10 / tsf-thread open:1→1 conv:0x19→0x10   (前→+400ms): Δ conv A:0x19→0x10 B:0x19→0x10 / tsf-thread open:1→1 conv:0x19→0x10 / comp:Some("")→Some("k")
[06:32:46.549Z] KEY [準備/その他] ESC vk=0x1B scan=0x01 press=06:32:46.048Z (auto)  状態=IME ON・入力中
    前     : A(open=1 conv=0x10) B(open=1 conv=0x10) T(open=1 conv=0x10) G(open=0 conv=0x00) comp="k" tail="kk"
    +100ms: A(open=1 conv=0x10) B(open=1 conv=0x10) T(open=1 conv=0x10) G(open=0 conv=0x00) comp="" tail="kk"
    +400ms: A(open=1 conv=0x10) B(open=1 conv=0x10) T(open=1 conv=0x10) G(open=0 conv=0x00) comp="" tail="kk"
    差分 (前→+100ms): Δ comp:Some("k")→Some("")   (前→+400ms): Δ comp:Some("k")→Some("")
[06:32:47.612Z] KEY [SCRIPT 8/10 無変換 期待=IME OFF。Engine OFF] 無変換 vk=0x1D scan=0x7B press=06:32:47.111Z (auto)  状態=IME ON・入力なし
    前     : A(open=1 conv=0x10) B(open=1 conv=0x10) T(open=1 conv=0x10) G(open=0 conv=0x00) comp="" tail="kk"
    +100ms: A(open=0 conv=0x10) B(open=0 conv=0x10) T(open=0 conv=0x10) G(open=0 conv=0x00) comp="" tail="kk"
    +400ms: A(open=0 conv=0x10) B(open=0 conv=0x10) T(open=0 conv=0x10) G(open=0 conv=0x00) comp="" tail="kkk"
    差分 (前→+100ms): Δ open A:1→0 B:1→0 / tsf-thread open:1→0 conv:0x10→0x10   (前→+400ms): Δ open A:1→0 B:1→0 / tsf-thread open:1→0 conv:0x10→0x10 / tail:"kk"→"kkk"
[06:32:48.171Z] KEY [準備/その他] ESC vk=0x1B scan=0x01 press=06:32:47.727Z (auto)  状態=直接入力
    前     : A(open=0 conv=0x10) B(open=0 conv=0x10) T(open=0 conv=0x10) G(open=0 conv=0x00) comp="" tail="kkk"
    +100ms: A(open=0 conv=0x10) B(open=0 conv=0x10) T(open=0 conv=0x10) G(open=0 conv=0x00) comp="" tail="kkk"
    +400ms: A(open=0 conv=0x10) B(open=0 conv=0x10) T(open=0 conv=0x10) G(open=0 conv=0x00) comp="" tail="kkk"
    差分 (前→+100ms): Δなし   (前→+400ms): Δなし
[06:32:48.251Z] KEY [準備/その他] ESC vk=0x1B scan=0x00 press=06:32:47.728Z (injected)  状態=直接入力
    前     : A(open=0 conv=0x10) B(open=0 conv=0x10) T(open=0 conv=0x10) G(open=0 conv=0x00) comp="" tail="kkk"
    +100ms: A(open=0 conv=0x10) B(open=0 conv=0x10) T(open=0 conv=0x10) G(open=0 conv=0x00) comp="" tail="kkk"
    +400ms: A(open=0 conv=0x10) B(open=0 conv=0x10) T(open=0 conv=0x10) G(open=0 conv=0x00) comp="" tail="kkk"
    差分 (前→+100ms): Δなし   (前→+400ms): Δなし
[06:32:49.264Z] KEY [SCRIPT 9/10 無変換 期待=IME ON・半角英数のまま。Engine が ON にならないこと ← 退行窓の確認] 無変換 vk=0x1D scan=0x7B press=06:32:48.795Z (auto)  状態=直接入力
    前     : A(open=0 conv=0x10) B(open=0 conv=0x10) T(open=0 conv=0x10) G(open=0 conv=0x00) comp="" tail="kkk"
    +100ms: A(open=1 conv=0x10) B(open=1 conv=0x10) T(open=1 conv=0x10) G(open=0 conv=0x00) comp="" tail="kkk"
    +400ms: A(open=1 conv=0x10) B(open=1 conv=0x10) T(open=1 conv=0x10) G(open=0 conv=0x00) comp="k" tail="kkk"
    差分 (前→+100ms): Δ open A:0→1 B:0→1 / tsf-thread open:0→1 conv:0x10→0x10   (前→+400ms): Δ open A:0→1 B:0→1 / tsf-thread open:0→1 conv:0x10→0x10 / comp:Some("")→Some("k")
[06:32:49.793Z] KEY [準備/その他] ESC vk=0x1B scan=0x01 press=06:32:49.340Z (auto)  状態=IME ON・入力中
    前     : A(open=1 conv=0x10) B(open=1 conv=0x10) T(open=1 conv=0x10) G(open=0 conv=0x00) comp="k" tail="kkk"
    +100ms: A(open=1 conv=0x10) B(open=1 conv=0x10) T(open=1 conv=0x10) G(open=0 conv=0x00) comp="" tail="kkk"
    +400ms: A(open=1 conv=0x10) B(open=1 conv=0x10) T(open=1 conv=0x10) G(open=0 conv=0x00) comp="" tail="kkk"
    差分 (前→+100ms): Δ comp:Some("k")→Some("")   (前→+400ms): Δ comp:Some("k")→Some("")
[06:32:50.981Z] KEY [SCRIPT 10/10 ひらがなキー 期待=かなに戻る(後片付け)] ひらがな(0xF2) vk=0xF2 scan=0x70 press=06:32:50.477Z (auto)  状態=IME ON・入力なし
    前     : A(open=1 conv=0x10) B(open=1 conv=0x10) T(open=1 conv=0x10) G(open=0 conv=0x00) comp="" tail="kkk"
    +100ms: A(open=1 conv=0x19) B(open=1 conv=0x19) T(open=1 conv=0x19) G(open=0 conv=0x00) comp="" tail="kkk"
    +400ms: A(open=1 conv=0x19) B(open=1 conv=0x19) T(open=1 conv=0x19) G(open=0 conv=0x00) comp="き" tail="kkk"
    差分 (前→+100ms): Δ conv A:0x10→0x19 B:0x10→0x19 / tsf-thread open:1→1 conv:0x10→0x19   (前→+400ms): Δ conv A:0x10→0x19 B:0x10→0x19 / tsf-thread open:1→1 conv:0x10→0x19 / comp:Some("")→Some("き")
[06:32:51.552Z] KEY [準備/その他] ESC vk=0x1B scan=0x01 press=06:32:51.048Z (auto)  状態=IME ON・入力中
    前     : A(open=1 conv=0x19) B(open=1 conv=0x19) T(open=1 conv=0x19) G(open=0 conv=0x00) comp="き" tail="kkk"
    +100ms: A(open=1 conv=0x19) B(open=1 conv=0x19) T(open=1 conv=0x19) G(open=0 conv=0x00) comp="" tail="kkk"
    +400ms: A(open=1 conv=0x19) B(open=1 conv=0x19) T(open=1 conv=0x19) G(open=0 conv=0x00) comp="" tail="kkk"
    差分 (前→+100ms): Δ comp:Some("き")→Some("")   (前→+400ms): Δ comp:Some("き")→Some("")
[AUTO] 全手順完了（1.5秒後に自動で閉じます）
[RUN 12/12 START]
=== IME key matrix spike (awase 非依存) ===
観測: A=IMM(ImmGet*) / B=WM_IME_CONTROL / T=TSFスレッドcompartment / G=TSFグローバルcompartment
conv の目安: 0x19=ひらがな(NATIVE|FULLSHAPE|ROMAN) 0x10=半角英数(ROMAN) 0x00=直接入力系
手順: awase を止める → 画面中段の案内に従ってキーを1回ずつ押す（全 2ラウンド×20ステップ、各押下後は3秒待機）
ROUND1=標準EDIT / ROUND2=RichEdit(TSFネイティブ)。そのキーが無い場合は Ctrl+Shift+F12 でスキップ
ログファイル: C:\Users\cuzic\scoop\persist\msys2\home\cuzic\awase-spike\target\debug\examples\ime_key_matrix_spike.log

=== ROUND 2/2: 対象コントロール = RichEdit 5.0(TSFネイティブ) ===
[AUTO] フォーカス復帰(前面ウィンドウ)
[AUTO] 準備 STEP 1: 現在=直接入力 必要=IME ON・かな・入力なし → VK 0x1C を注入
[06:32:55.431Z] KEY [準備/その他] 変換 vk=0x1C scan=0x79 press=06:32:54.930Z (auto)  状態=直接入力
    前     : A(open=0 conv=0x09) B(open=0 conv=0x09) T(open=0 conv=0x09) G(open=0 conv=0x00) comp="" tail=""
    +100ms: A(open=1 conv=0x19) B(open=1 conv=0x19) T(open=1 conv=0x19) G(open=0 conv=0x00) comp="" tail=""
    +400ms: A(open=1 conv=0x19) B(open=1 conv=0x19) T(open=1 conv=0x19) G(open=0 conv=0x00) comp="" tail=""
    差分 (前→+100ms): Δ open A:0→1 B:0→1 / conv A:0x09→0x19 B:0x09→0x19 / tsf-thread open:0→1 conv:0x09→0x19   (前→+400ms): Δ open A:0→1 B:0→1 / conv A:0x09→0x19 B:0x09→0x19 / tsf-thread open:0→1 conv:0x09→0x19
[06:32:56.696Z] KEY [SCRIPT 1/10 ひらがなキー 期待=ONのまま半角英数へ(conv 0x10)。Engine OFF(決定3保留のため遅延の可能性あり)] ひらがな(0xF2) vk=0xF2 scan=0x70 press=06:32:56.185Z (auto)  状態=IME ON・入力なし
    前     : A(open=1 conv=0x19) B(open=1 conv=0x19) T(open=1 conv=0x19) G(open=0 conv=0x00) comp="" tail=""
    +100ms: A(open=1 conv=0x10) B(open=1 conv=0x10) T(open=1 conv=0x10) G(open=0 conv=0x00) comp="" tail=""
    +400ms: A(open=1 conv=0x10) B(open=1 conv=0x10) T(open=1 conv=0x10) G(open=0 conv=0x00) comp="k" tail=""
    差分 (前→+100ms): Δ conv A:0x19→0x10 B:0x19→0x10 / tsf-thread open:1→1 conv:0x19→0x10   (前→+400ms): Δ conv A:0x19→0x10 B:0x19→0x10 / tsf-thread open:1→1 conv:0x19→0x10 / comp:Some("")→Some("k")
[06:32:57.256Z] KEY [準備/その他] ESC vk=0x1B scan=0x01 press=06:32:56.792Z (auto)  状態=IME ON・入力中
    前     : A(open=1 conv=0x10) B(open=1 conv=0x10) T(open=1 conv=0x10) G(open=0 conv=0x00) comp="k" tail=""
    +100ms: A(open=1 conv=0x10) B(open=1 conv=0x10) T(open=1 conv=0x10) G(open=0 conv=0x00) comp="" tail=""
    +400ms: A(open=1 conv=0x10) B(open=1 conv=0x10) T(open=1 conv=0x10) G(open=0 conv=0x00) comp="" tail=""
    差分 (前→+100ms): Δ comp:Some("k")→Some("")   (前→+400ms): Δ comp:Some("k")→Some("")
[06:32:58.377Z] KEY [SCRIPT 2/10 無変換 期待=IME OFF(直接入力)。Engine OFF] 無変換 vk=0x1D scan=0x7B press=06:32:57.877Z (auto)  状態=IME ON・入力なし
    前     : A(open=1 conv=0x10) B(open=1 conv=0x10) T(open=1 conv=0x10) G(open=0 conv=0x00) comp="" tail=""
    +100ms: A(open=0 conv=0x10) B(open=0 conv=0x10) T(open=0 conv=0x10) G(open=0 conv=0x00) comp="" tail=""
    +400ms: A(open=0 conv=0x10) B(open=0 conv=0x10) T(open=0 conv=0x10) G(open=0 conv=0x00) comp="" tail="k"
    差分 (前→+100ms): Δ open A:1→0 B:1→0 / tsf-thread open:1→0 conv:0x10→0x10   (前→+400ms): Δ open A:1→0 B:1→0 / tsf-thread open:1→0 conv:0x10→0x10 / tail:""→"k"
[06:32:58.938Z] KEY [準備/その他] ESC vk=0x1B scan=0x01 press=06:32:58.466Z (auto)  状態=直接入力
    前     : A(open=0 conv=0x10) B(open=0 conv=0x10) T(open=0 conv=0x10) G(open=0 conv=0x00) comp="" tail="k"
    +100ms: A(open=0 conv=0x10) B(open=0 conv=0x10) T(open=0 conv=0x10) G(open=0 conv=0x00) comp="" tail="k"
    +400ms: A(open=0 conv=0x10) B(open=0 conv=0x10) T(open=0 conv=0x10) G(open=0 conv=0x00) comp="" tail="k"
    差分 (前→+100ms): Δなし   (前→+400ms): Δなし
[06:33:00.087Z] KEY [SCRIPT 3/10 無変換 期待=IME ON・半角英数のまま(conv 0x10)。Engine は OFF のまま ← 決定2の核心] 無変換 vk=0x1D scan=0x7B press=06:32:59.564Z (auto)  状態=直接入力
    前     : A(open=0 conv=0x10) B(open=0 conv=0x10) T(open=0 conv=0x10) G(open=0 conv=0x00) comp="" tail="k"
    +100ms: A(open=1 conv=0x10) B(open=1 conv=0x10) T(open=1 conv=0x10) G(open=0 conv=0x00) comp="" tail="k"
    +400ms: A(open=1 conv=0x10) B(open=1 conv=0x10) T(open=1 conv=0x10) G(open=0 conv=0x00) comp="k" tail="k"
    差分 (前→+100ms): Δ open A:0→1 B:0→1 / tsf-thread open:0→1 conv:0x10→0x10   (前→+400ms): Δ open A:0→1 B:0→1 / tsf-thread open:0→1 conv:0x10→0x10 / comp:Some("")→Some("k")
[06:33:00.685Z] KEY [準備/その他] ESC vk=0x1B scan=0x01 press=06:33:00.224Z (auto)  状態=IME ON・入力中
    前     : A(open=1 conv=0x10) B(open=1 conv=0x10) T(open=1 conv=0x10) G(open=0 conv=0x00) comp="k" tail="k"
    +100ms: A(open=1 conv=0x10) B(open=1 conv=0x10) T(open=1 conv=0x10) G(open=0 conv=0x00) comp="" tail="k"
    +400ms: A(open=1 conv=0x10) B(open=1 conv=0x10) T(open=1 conv=0x10) G(open=0 conv=0x00) comp="" tail="k"
    差分 (前→+100ms): Δ comp:Some("k")→Some("")   (前→+400ms): Δ comp:Some("k")→Some("")
[06:33:00.796Z] KEY [準備/その他] ESC vk=0x1B scan=0x00 press=06:33:00.229Z (injected)  状態=IME ON・入力中
    前     : A(open=1 conv=0x10) B(open=1 conv=0x10) T(open=1 conv=0x10) G(open=0 conv=0x00) comp="k" tail="k"
    +100ms: A(open=1 conv=0x10) B(open=1 conv=0x10) T(open=1 conv=0x10) G(open=0 conv=0x00) comp="" tail="k"
    +400ms: A(open=1 conv=0x10) B(open=1 conv=0x10) T(open=1 conv=0x10) G(open=0 conv=0x00) comp="" tail="k"
    差分 (前→+100ms): Δ comp:Some("k")→Some("")   (前→+400ms): Δ comp:Some("k")→Some("")
[06:33:01.799Z] KEY [SCRIPT 4/10 ひらがなキー 期待=かなに戻る(conv 0x19)。Engine ON(遅延の可能性あり)] ひらがな(0xF2) vk=0xF2 scan=0x70 press=06:33:01.249Z (auto)  状態=IME ON・入力なし
    前     : A(open=1 conv=0x10) B(open=1 conv=0x10) T(open=1 conv=0x10) G(open=0 conv=0x00) comp="" tail="k"
    +100ms: A(open=1 conv=0x19) B(open=1 conv=0x19) T(open=1 conv=0x19) G(open=0 conv=0x00) comp="" tail="k"
    +400ms: A(open=1 conv=0x19) B(open=1 conv=0x19) T(open=1 conv=0x19) G(open=0 conv=0x00) comp="き" tail="k"
    差分 (前→+100ms): Δ conv A:0x10→0x19 B:0x10→0x19 / tsf-thread open:1→1 conv:0x10→0x19   (前→+400ms): Δ conv A:0x10→0x19 B:0x10→0x19 / tsf-thread open:1→1 conv:0x10→0x19 / comp:Some("")→Some("き")
[06:33:02.371Z] KEY [準備/その他] ESC vk=0x1B scan=0x01 press=06:33:01.895Z (auto)  状態=IME ON・入力中
    前     : A(open=1 conv=0x19) B(open=1 conv=0x19) T(open=1 conv=0x19) G(open=0 conv=0x00) comp="き" tail="k"
    +100ms: A(open=1 conv=0x19) B(open=1 conv=0x19) T(open=1 conv=0x19) G(open=0 conv=0x00) comp="" tail="k"
    +400ms: A(open=1 conv=0x19) B(open=1 conv=0x19) T(open=1 conv=0x19) G(open=0 conv=0x00) comp="" tail="k"
    差分 (前→+100ms): Δ comp:Some("き")→Some("")   (前→+400ms): Δ comp:Some("き")→Some("")
[06:33:03.433Z] KEY [SCRIPT 5/10 無変換 期待=IME OFF。Engine OFF] 無変換 vk=0x1D scan=0x7B press=06:33:02.934Z (auto)  状態=IME ON・入力なし
    前     : A(open=1 conv=0x19) B(open=1 conv=0x19) T(open=1 conv=0x19) G(open=0 conv=0x00) comp="" tail="k"
    +100ms: A(open=0 conv=0x19) B(open=0 conv=0x19) T(open=0 conv=0x19) G(open=0 conv=0x00) comp="" tail="k"
    +400ms: A(open=0 conv=0x19) B(open=0 conv=0x19) T(open=0 conv=0x19) G(open=0 conv=0x00) comp="" tail="kk"
    差分 (前→+100ms): Δ open A:1→0 B:1→0 / tsf-thread open:1→0 conv:0x19→0x19   (前→+400ms): Δ open A:1→0 B:1→0 / tsf-thread open:1→0 conv:0x19→0x19 / tail:"k"→"kk"
[06:33:03.997Z] KEY [準備/その他] ESC vk=0x1B scan=0x01 press=06:33:03.522Z (auto)  状態=直接入力
    前     : A(open=0 conv=0x19) B(open=0 conv=0x19) T(open=0 conv=0x19) G(open=0 conv=0x00) comp="" tail="kk"
    +100ms: A(open=0 conv=0x19) B(open=0 conv=0x19) T(open=0 conv=0x19) G(open=0 conv=0x00) comp="" tail="kk"
    +400ms: A(open=0 conv=0x19) B(open=0 conv=0x19) T(open=0 conv=0x19) G(open=0 conv=0x00) comp="" tail="kk"
    差分 (前→+100ms): Δなし   (前→+400ms): Δなし
[06:33:04.139Z] KEY [準備/その他] ESC vk=0x1B scan=0x00 press=06:33:03.588Z (injected)  状態=直接入力
    前     : A(open=0 conv=0x19) B(open=0 conv=0x19) T(open=0 conv=0x19) G(open=0 conv=0x00) comp="" tail="kk"
    +100ms: A(open=0 conv=0x19) B(open=0 conv=0x19) T(open=0 conv=0x19) G(open=0 conv=0x00) comp="" tail="kk"
    +400ms: A(open=0 conv=0x19) B(open=0 conv=0x19) T(open=0 conv=0x19) G(open=0 conv=0x00) comp="" tail="kk"
    差分 (前→+100ms): Δなし   (前→+400ms): Δなし
[06:33:05.104Z] KEY [SCRIPT 6/10 無変換 期待=IME ON(かな)。Engine ON] 無変換 vk=0x1D scan=0x7B press=06:33:04.621Z (auto)  状態=直接入力
    前     : A(open=0 conv=0x19) B(open=0 conv=0x19) T(open=0 conv=0x19) G(open=0 conv=0x00) comp="" tail="kk"
    +100ms: A(open=1 conv=0x19) B(open=1 conv=0x19) T(open=1 conv=0x19) G(open=0 conv=0x00) comp="" tail="kk"
    +400ms: A(open=1 conv=0x19) B(open=1 conv=0x19) T(open=1 conv=0x19) G(open=0 conv=0x00) comp="き" tail="kk"
    差分 (前→+100ms): Δ open A:0→1 B:0→1 / tsf-thread open:0→1 conv:0x19→0x19   (前→+400ms): Δ open A:0→1 B:0→1 / tsf-thread open:0→1 conv:0x19→0x19 / comp:Some("")→Some("き")
[06:33:05.681Z] KEY [準備/その他] ESC vk=0x1B scan=0x01 press=06:33:05.184Z (auto)  状態=IME ON・入力中
    前     : A(open=1 conv=0x19) B(open=1 conv=0x19) T(open=1 conv=0x19) G(open=0 conv=0x00) comp="き" tail="kk"
    +100ms: A(open=1 conv=0x19) B(open=1 conv=0x19) T(open=1 conv=0x19) G(open=0 conv=0x00) comp="" tail="kk"
    +400ms: A(open=1 conv=0x19) B(open=1 conv=0x19) T(open=1 conv=0x19) G(open=0 conv=0x00) comp="" tail="kk"
    差分 (前→+100ms): Δ comp:Some("き")→Some("")   (前→+400ms): Δ comp:Some("き")→Some("")
[06:33:06.810Z] KEY [SCRIPT 7/10 ひらがなキー 期待=ONのまま半角英数へ。Engine は(遅延で)OFF] ひらがな(0xF2) vk=0xF2 scan=0x70 press=06:33:06.308Z (auto)  状態=IME ON・入力なし
    前     : A(open=1 conv=0x19) B(open=1 conv=0x19) T(open=1 conv=0x19) G(open=0 conv=0x00) comp="" tail="kk"
    +100ms: A(open=1 conv=0x10) B(open=1 conv=0x10) T(open=1 conv=0x10) G(open=0 conv=0x00) comp="" tail="kk"
    +400ms: A(open=1 conv=0x10) B(open=1 conv=0x10) T(open=1 conv=0x10) G(open=0 conv=0x00) comp="k" tail="kk"
    差分 (前→+100ms): Δ conv A:0x19→0x10 B:0x19→0x10 / tsf-thread open:1→1 conv:0x19→0x10   (前→+400ms): Δ conv A:0x19→0x10 B:0x19→0x10 / tsf-thread open:1→1 conv:0x19→0x10 / comp:Some("")→Some("k")
[06:33:07.370Z] KEY [準備/その他] ESC vk=0x1B scan=0x01 press=06:33:06.873Z (auto)  状態=IME ON・入力中
    前     : A(open=1 conv=0x10) B(open=1 conv=0x10) T(open=1 conv=0x10) G(open=0 conv=0x00) comp="k" tail="kk"
    +100ms: A(open=1 conv=0x10) B(open=1 conv=0x10) T(open=1 conv=0x10) G(open=0 conv=0x00) comp="" tail="kk"
    +400ms: A(open=1 conv=0x10) B(open=1 conv=0x10) T(open=1 conv=0x10) G(open=0 conv=0x00) comp="" tail="kk"
    差分 (前→+100ms): Δ comp:Some("k")→Some("")   (前→+400ms): Δ comp:Some("k")→Some("")
[06:33:08.446Z] KEY [SCRIPT 8/10 無変換 期待=IME OFF。Engine OFF] 無変換 vk=0x1D scan=0x7B press=06:33:07.944Z (auto)  状態=IME ON・入力なし
    前     : A(open=1 conv=0x10) B(open=1 conv=0x10) T(open=1 conv=0x10) G(open=0 conv=0x00) comp="" tail="kk"
    +100ms: A(open=0 conv=0x10) B(open=0 conv=0x10) T(open=0 conv=0x10) G(open=0 conv=0x00) comp="" tail="kk"
    +400ms: A(open=0 conv=0x10) B(open=0 conv=0x10) T(open=0 conv=0x10) G(open=0 conv=0x00) comp="" tail="kkk"
    差分 (前→+100ms): Δ open A:1→0 B:1→0 / tsf-thread open:1→0 conv:0x10→0x10   (前→+400ms): Δ open A:1→0 B:1→0 / tsf-thread open:1→0 conv:0x10→0x10 / tail:"kk"→"kkk"
[06:33:09.005Z] KEY [準備/その他] ESC vk=0x1B scan=0x01 press=06:33:08.549Z (auto)  状態=直接入力
    前     : A(open=0 conv=0x10) B(open=0 conv=0x10) T(open=0 conv=0x10) G(open=0 conv=0x00) comp="" tail="kkk"
    +100ms: A(open=0 conv=0x10) B(open=0 conv=0x10) T(open=0 conv=0x10) G(open=0 conv=0x00) comp="" tail="kkk"
    +400ms: A(open=0 conv=0x10) B(open=0 conv=0x10) T(open=0 conv=0x10) G(open=0 conv=0x00) comp="" tail="kkk"
    差分 (前→+100ms): Δなし   (前→+400ms): Δなし
[06:33:10.103Z] KEY [SCRIPT 9/10 無変換 期待=IME ON・半角英数のまま。Engine が ON にならないこと ← 退行窓の確認] 無変換 vk=0x1D scan=0x7B press=06:33:09.628Z (auto)  状態=直接入力
    前     : A(open=0 conv=0x10) B(open=0 conv=0x10) T(open=0 conv=0x10) G(open=0 conv=0x00) comp="" tail="kkk"
    +100ms: A(open=1 conv=0x10) B(open=1 conv=0x10) T(open=1 conv=0x10) G(open=0 conv=0x00) comp="" tail="kkk"
    +400ms: A(open=1 conv=0x10) B(open=1 conv=0x10) T(open=1 conv=0x10) G(open=0 conv=0x00) comp="k" tail="kkk"
    差分 (前→+100ms): Δ open A:0→1 B:0→1 / tsf-thread open:0→1 conv:0x10→0x10   (前→+400ms): Δ open A:0→1 B:0→1 / tsf-thread open:0→1 conv:0x10→0x10 / comp:Some("")→Some("k")
[06:33:10.688Z] KEY [準備/その他] ESC vk=0x1B scan=0x01 press=06:33:10.184Z (auto)  状態=IME ON・入力中
    前     : A(open=1 conv=0x10) B(open=1 conv=0x10) T(open=1 conv=0x10) G(open=0 conv=0x00) comp="k" tail="kkk"
    +100ms: A(open=1 conv=0x10) B(open=1 conv=0x10) T(open=1 conv=0x10) G(open=0 conv=0x00) comp="" tail="kkk"
    +400ms: A(open=1 conv=0x10) B(open=1 conv=0x10) T(open=1 conv=0x10) G(open=0 conv=0x00) comp="" tail="kkk"
    差分 (前→+100ms): Δ comp:Some("k")→Some("")   (前→+400ms): Δ comp:Some("k")→Some("")
[06:33:11.817Z] KEY [SCRIPT 10/10 ひらがなキー 期待=かなに戻る(後片付け)] ひらがな(0xF2) vk=0xF2 scan=0x70 press=06:33:11.312Z (auto)  状態=IME ON・入力なし
    前     : A(open=1 conv=0x10) B(open=1 conv=0x10) T(open=1 conv=0x10) G(open=0 conv=0x00) comp="" tail="kkk"
    +100ms: A(open=1 conv=0x19) B(open=1 conv=0x19) T(open=1 conv=0x19) G(open=0 conv=0x00) comp="" tail="kkk"
    +400ms: A(open=1 conv=0x19) B(open=1 conv=0x19) T(open=1 conv=0x19) G(open=0 conv=0x00) comp="き" tail="kkk"
    差分 (前→+100ms): Δ conv A:0x10→0x19 B:0x10→0x19 / tsf-thread open:1→1 conv:0x10→0x19   (前→+400ms): Δ conv A:0x10→0x19 B:0x10→0x19 / tsf-thread open:1→1 conv:0x10→0x19 / comp:Some("")→Some("き")
[06:33:12.383Z] KEY [準備/その他] ESC vk=0x1B scan=0x01 press=06:33:11.904Z (auto)  状態=IME ON・入力中
    前     : A(open=1 conv=0x19) B(open=1 conv=0x19) T(open=1 conv=0x19) G(open=0 conv=0x00) comp="き" tail="kkk"
    +100ms: A(open=1 conv=0x19) B(open=1 conv=0x19) T(open=1 conv=0x19) G(open=0 conv=0x00) comp="" tail="kkk"
    +400ms: A(open=1 conv=0x19) B(open=1 conv=0x19) T(open=1 conv=0x19) G(open=0 conv=0x00) comp="" tail="kkk"
    差分 (前→+100ms): Δ comp:Some("き")→Some("")   (前→+400ms): Δ comp:Some("き")→Some("")
[AUTO] 全手順完了（1.5秒後に自動で閉じます）
[LOOP DONE]
script error: Output type incorrect: bool (expecting ())
