=== IME key matrix spike (awase 非依存) ===
観測: A=IMM(ImmGet*) / B=WM_IME_CONTROL / T=TSFスレッドcompartment / G=TSFグローバルcompartment
conv の目安: 0x19=ひらがな(NATIVE|FULLSHAPE|ROMAN) 0x10=半角英数(ROMAN) 0x00=直接入力系
手順: awase を止める → 画面中段の案内に従ってキーを1回ずつ押す（全 2ラウンド×20ステップ、各押下後は3秒待機）
ROUND1=標準EDIT / ROUND2=RichEdit(TSFネイティブ)。そのキーが無い場合は Ctrl+Shift+F12 でスキップ
ログファイル: C:\Users\cuzic\scoop\persist\msys2\home\cuzic\awase-spike\target\debug\examples\ime_key_matrix_spike.log

=== ROUND 2/2: 対象コントロール = RichEdit 5.0(TSFネイティブ) ===
[AUTO] フォーカス復帰(入力欄)
[AUTO] 準備 STEP 1: 現在=直接入力 必要=IME ON・かな・入力なし → VK 0x1C を注入
[02:51:52.652Z] KEY [準備/その他] 変換 vk=0x1C scan=0x79 press=02:51:51.032Z (auto)  状態=直接入力
    前     : A(open=0 conv=0x09) B(open=0 conv=0x09) T(open=0 conv=0x09) G(open=0 conv=0x00) comp="" tail=""
    +100ms: A(open=1 conv=0x19) B(open=1 conv=0x19) T(open=1 conv=0x19) G(open=0 conv=0x00) comp="" tail=""
    +400ms: A(open=1 conv=0x19) B(open=1 conv=0x19) T(open=1 conv=0x19) G(open=0 conv=0x00) comp="" tail=""
    +1500ms: A(open=1 conv=0x19) B(open=1 conv=0x19) T(open=1 conv=0x19) G(open=0 conv=0x00) comp="" tail=""
    差分 (前→+100ms): Δ open A:0→1 B:0→1 / conv A:0x09→0x19 B:0x09→0x19 / tsf-thread open:0→1 conv:0x09→0x19   (前→+400ms): Δ open A:0→1 B:0→1 / conv A:0x09→0x19 B:0x09→0x19 / tsf-thread open:0→1 conv:0x09→0x19   (前→+1500ms): Δ open A:0→1 B:0→1 / conv A:0x09→0x19 B:0x09→0x19 / tsf-thread open:0→1 conv:0x09→0x19
[02:51:55.218Z] KEY [SCRIPT 1/10 ひらがなキー 期待=ONのまま半角英数へ(conv 0x10)。Engine OFF(決定3保留のため遅延の可能性あり)] ひらがな(0xF2) vk=0xF2 scan=0x70 press=02:51:53.587Z (auto)  状態=IME ON・入力なし
    前     : A(open=1 conv=0x19) B(open=1 conv=0x19) T(open=1 conv=0x19) G(open=0 conv=0x00) comp="" tail=""
    +100ms: A(open=1 conv=0x10) B(open=1 conv=0x10) T(open=1 conv=0x10) G(open=0 conv=0x00) comp="" tail=""
    +400ms: A(open=1 conv=0x10) B(open=1 conv=0x10) T(open=1 conv=0x10) G(open=0 conv=0x00) comp="" tail=""
    +1500ms: A(open=1 conv=0x10) B(open=1 conv=0x10) T(open=1 conv=0x10) G(open=0 conv=0x00) comp="" tail=""
    差分 (前→+100ms): Δ conv A:0x19→0x10 B:0x19→0x10 / tsf-thread open:1→1 conv:0x19→0x10   (前→+400ms): Δ conv A:0x19→0x10 B:0x19→0x10 / tsf-thread open:1→1 conv:0x19→0x10   (前→+1500ms): Δ conv A:0x19→0x10 B:0x19→0x10 / tsf-thread open:1→1 conv:0x19→0x10
[02:51:56.401Z] KEY [準備/その他] ESC vk=0x1B scan=0x01 press=02:51:54.784Z (auto)  状態=IME ON・入力中
    前     : A(open=1 conv=0x10) B(open=1 conv=0x10) T(open=1 conv=0x10) G(open=0 conv=0x00) comp="k" tail=""
    +100ms: A(open=1 conv=0x10) B(open=1 conv=0x10) T(open=1 conv=0x10) G(open=0 conv=0x00) comp="" tail=""
    +400ms: A(open=1 conv=0x10) B(open=1 conv=0x10) T(open=1 conv=0x10) G(open=0 conv=0x00) comp="" tail=""
    +1500ms: A(open=1 conv=0x10) B(open=1 conv=0x10) T(open=1 conv=0x10) G(open=0 conv=0x00) comp="" tail=""
    差分 (前→+100ms): Δ comp:Some("k")→Some("")   (前→+400ms): Δ comp:Some("k")→Some("")   (前→+1500ms): Δ comp:Some("k")→Some("")
[02:51:58.366Z] KEY [SCRIPT 2/10 無変換 期待=IME OFF(直接入力)。Engine OFF] 無変換 vk=0x1D scan=0x7B press=02:51:56.779Z (auto)  状態=IME ON・入力なし
    前     : A(open=1 conv=0x10) B(open=1 conv=0x10) T(open=1 conv=0x10) G(open=0 conv=0x00) comp="" tail=""
    +100ms: A(open=0 conv=0x10) B(open=0 conv=0x10) T(open=0 conv=0x10) G(open=0 conv=0x00) comp="" tail=""
    +400ms: A(open=0 conv=0x10) B(open=0 conv=0x10) T(open=0 conv=0x10) G(open=0 conv=0x00) comp="" tail=""
    +1500ms: A(open=0 conv=0x10) B(open=0 conv=0x10) T(open=0 conv=0x10) G(open=0 conv=0x00) comp="" tail="k"
    差分 (前→+100ms): Δ open A:1→0 B:1→0 / tsf-thread open:1→0 conv:0x10→0x10   (前→+400ms): Δ open A:1→0 B:1→0 / tsf-thread open:1→0 conv:0x10→0x10   (前→+1500ms): Δ open A:1→0 B:1→0 / tsf-thread open:1→0 conv:0x10→0x10 / tail:""→"k"
[02:51:59.547Z] KEY [準備/その他] ESC vk=0x1B scan=0x01 press=02:51:57.962Z (auto)  状態=直接入力
    前     : A(open=0 conv=0x10) B(open=0 conv=0x10) T(open=0 conv=0x10) G(open=0 conv=0x00) comp="" tail="k"
    +100ms: A(open=0 conv=0x10) B(open=0 conv=0x10) T(open=0 conv=0x10) G(open=0 conv=0x00) comp="" tail="k"
    +400ms: A(open=0 conv=0x10) B(open=0 conv=0x10) T(open=0 conv=0x10) G(open=0 conv=0x00) comp="" tail="k"
    +1500ms: A(open=0 conv=0x10) B(open=0 conv=0x10) T(open=0 conv=0x10) G(open=0 conv=0x00) comp="" tail="k"
    差分 (前→+100ms): Δなし   (前→+400ms): Δなし   (前→+1500ms): Δなし
[02:52:01.507Z] KEY [SCRIPT 3/10 無変換 期待=IME ON・半角英数のまま(conv 0x10)。Engine は OFF のまま ← 決定2の核心] 無変換 vk=0x1D scan=0x7B press=02:51:59.917Z (auto)  状態=直接入力
    前     : A(open=0 conv=0x10) B(open=0 conv=0x10) T(open=0 conv=0x10) G(open=0 conv=0x00) comp="" tail="k"
    +100ms: A(open=1 conv=0x10) B(open=1 conv=0x10) T(open=1 conv=0x10) G(open=0 conv=0x00) comp="" tail="k"
    +400ms: A(open=1 conv=0x10) B(open=1 conv=0x10) T(open=1 conv=0x10) G(open=0 conv=0x00) comp="" tail="k"
    +1500ms: A(open=1 conv=0x10) B(open=1 conv=0x10) T(open=1 conv=0x10) G(open=0 conv=0x00) comp="" tail="k"
    差分 (前→+100ms): Δ open A:0→1 B:0→1 / tsf-thread open:0→1 conv:0x10→0x10   (前→+400ms): Δ open A:0→1 B:0→1 / tsf-thread open:0→1 conv:0x10→0x10   (前→+1500ms): Δ open A:0→1 B:0→1 / tsf-thread open:0→1 conv:0x10→0x10
[02:52:02.684Z] KEY [準備/その他] ESC vk=0x1B scan=0x01 press=02:52:01.069Z (auto)  状態=IME ON・入力中
    前     : A(open=1 conv=0x10) B(open=1 conv=0x10) T(open=1 conv=0x10) G(open=0 conv=0x00) comp="k" tail="k"
    +100ms: A(open=1 conv=0x10) B(open=1 conv=0x10) T(open=1 conv=0x10) G(open=0 conv=0x00) comp="" tail="k"
    +400ms: A(open=1 conv=0x10) B(open=1 conv=0x10) T(open=1 conv=0x10) G(open=0 conv=0x00) comp="" tail="k"
    +1500ms: A(open=1 conv=0x10) B(open=1 conv=0x10) T(open=1 conv=0x10) G(open=0 conv=0x00) comp="" tail="k"
    差分 (前→+100ms): Δ comp:Some("k")→Some("")   (前→+400ms): Δ comp:Some("k")→Some("")   (前→+1500ms): Δ comp:Some("k")→Some("")
[02:52:04.689Z] KEY [SCRIPT 4/10 ひらがなキー 期待=かなに戻る(conv 0x19)。Engine ON(遅延の可能性あり)] ひらがな(0xF2) vk=0xF2 scan=0x70 press=02:52:03.066Z (auto)  状態=IME ON・入力なし
    前     : A(open=1 conv=0x10) B(open=1 conv=0x10) T(open=1 conv=0x10) G(open=0 conv=0x00) comp="" tail="k"
    +100ms: A(open=1 conv=0x19) B(open=1 conv=0x19) T(open=1 conv=0x19) G(open=0 conv=0x00) comp="" tail="k"
    +400ms: A(open=1 conv=0x19) B(open=1 conv=0x19) T(open=1 conv=0x19) G(open=0 conv=0x00) comp="" tail="k"
    +1500ms: A(open=1 conv=0x19) B(open=1 conv=0x19) T(open=1 conv=0x19) G(open=0 conv=0x00) comp="" tail="k"
    差分 (前→+100ms): Δ conv A:0x10→0x19 B:0x10→0x19 / tsf-thread open:1→1 conv:0x10→0x19   (前→+400ms): Δ conv A:0x10→0x19 B:0x10→0x19 / tsf-thread open:1→1 conv:0x10→0x19   (前→+1500ms): Δ conv A:0x10→0x19 B:0x10→0x19 / tsf-thread open:1→1 conv:0x10→0x19
[02:52:05.817Z] KEY [準備/その他] ESC vk=0x1B scan=0x01 press=02:52:04.250Z (auto)  状態=IME ON・入力中
    前     : A(open=1 conv=0x19) B(open=1 conv=0x19) T(open=1 conv=0x19) G(open=0 conv=0x00) comp="き" tail="k"
    +100ms: A(open=1 conv=0x19) B(open=1 conv=0x19) T(open=1 conv=0x19) G(open=0 conv=0x00) comp="" tail="k"
    +400ms: A(open=1 conv=0x19) B(open=1 conv=0x19) T(open=1 conv=0x19) G(open=0 conv=0x00) comp="" tail="k"
    +1500ms: A(open=1 conv=0x19) B(open=1 conv=0x19) T(open=1 conv=0x19) G(open=0 conv=0x00) comp="" tail="k"
    差分 (前→+100ms): Δ comp:Some("き")→Some("")   (前→+400ms): Δ comp:Some("き")→Some("")   (前→+1500ms): Δ comp:Some("き")→Some("")
[02:52:07.872Z] KEY [SCRIPT 5/10 無変換 期待=IME OFF。Engine OFF] 無変換 vk=0x1D scan=0x7B press=02:52:06.251Z (auto)  状態=IME ON・入力なし
    前     : A(open=1 conv=0x19) B(open=1 conv=0x19) T(open=1 conv=0x19) G(open=0 conv=0x00) comp="" tail="k"
    +100ms: A(open=0 conv=0x19) B(open=0 conv=0x19) T(open=0 conv=0x19) G(open=0 conv=0x00) comp="" tail="k"
    +400ms: A(open=0 conv=0x19) B(open=0 conv=0x19) T(open=0 conv=0x19) G(open=0 conv=0x00) comp="" tail="k"
    +1500ms: A(open=0 conv=0x19) B(open=0 conv=0x19) T(open=0 conv=0x19) G(open=0 conv=0x00) comp="" tail="kk"
    差分 (前→+100ms): Δ open A:1→0 B:1→0 / tsf-thread open:1→0 conv:0x19→0x19   (前→+400ms): Δ open A:1→0 B:1→0 / tsf-thread open:1→0 conv:0x19→0x19   (前→+1500ms): Δ open A:1→0 B:1→0 / tsf-thread open:1→0 conv:0x19→0x19 / tail:"k"→"kk"
[02:52:08.997Z] KEY [準備/その他] ESC vk=0x1B scan=0x01 press=02:52:07.437Z (auto)  状態=直接入力
    前     : A(open=0 conv=0x19) B(open=0 conv=0x19) T(open=0 conv=0x19) G(open=0 conv=0x00) comp="" tail="kk"
    +100ms: A(open=0 conv=0x19) B(open=0 conv=0x19) T(open=0 conv=0x19) G(open=0 conv=0x00) comp="" tail="kk"
    +400ms: A(open=0 conv=0x19) B(open=0 conv=0x19) T(open=0 conv=0x19) G(open=0 conv=0x00) comp="" tail="kk"
    +1500ms: A(open=0 conv=0x19) B(open=0 conv=0x19) T(open=0 conv=0x19) G(open=0 conv=0x00) comp="" tail="kk"
    差分 (前→+100ms): Δなし   (前→+400ms): Δなし   (前→+1500ms): Δなし
[02:52:09.063Z] KEY [準備/その他] ESC vk=0x1B scan=0x01 press=02:52:07.496Z (injected)  状態=直接入力
    前     : A(open=0 conv=0x19) B(open=0 conv=0x19) T(open=0 conv=0x19) G(open=0 conv=0x00) comp="" tail="kk"
    +100ms: A(open=0 conv=0x19) B(open=0 conv=0x19) T(open=0 conv=0x19) G(open=0 conv=0x00) comp="" tail="kk"
    +400ms: A(open=0 conv=0x19) B(open=0 conv=0x19) T(open=0 conv=0x19) G(open=0 conv=0x00) comp="" tail="kk"
    +1500ms: A(open=0 conv=0x19) B(open=0 conv=0x19) T(open=0 conv=0x19) G(open=0 conv=0x00) comp="" tail="kk"
    差分 (前→+100ms): Δなし   (前→+400ms): Δなし   (前→+1500ms): Δなし
[02:52:10.999Z] KEY [SCRIPT 6/10 無変換 期待=IME ON(かな)。Engine ON] 無変換 vk=0x1D scan=0x7B press=02:52:09.432Z (auto)  状態=直接入力
    前     : A(open=0 conv=0x19) B(open=0 conv=0x19) T(open=0 conv=0x19) G(open=0 conv=0x00) comp="" tail="kk"
    +100ms: A(open=1 conv=0x19) B(open=1 conv=0x19) T(open=1 conv=0x19) G(open=0 conv=0x00) comp="" tail="kk"
    +400ms: A(open=1 conv=0x19) B(open=1 conv=0x19) T(open=1 conv=0x19) G(open=0 conv=0x00) comp="" tail="kk"
    +1500ms: A(open=1 conv=0x19) B(open=1 conv=0x19) T(open=1 conv=0x19) G(open=0 conv=0x00) comp="" tail="kk"
    差分 (前→+100ms): Δ open A:0→1 B:0→1 / tsf-thread open:0→1 conv:0x19→0x19   (前→+400ms): Δ open A:0→1 B:0→1 / tsf-thread open:0→1 conv:0x19→0x19   (前→+1500ms): Δ open A:0→1 B:0→1 / tsf-thread open:0→1 conv:0x19→0x19
[02:52:12.246Z] KEY [準備/その他] ESC vk=0x1B scan=0x01 press=02:52:10.621Z (auto)  状態=IME ON・入力中
    前     : A(open=1 conv=0x19) B(open=1 conv=0x19) T(open=1 conv=0x19) G(open=0 conv=0x00) comp="き" tail="kk"
    +100ms: A(open=1 conv=0x19) B(open=1 conv=0x19) T(open=1 conv=0x19) G(open=0 conv=0x00) comp="" tail="kk"
    +400ms: A(open=1 conv=0x19) B(open=1 conv=0x19) T(open=1 conv=0x19) G(open=0 conv=0x00) comp="" tail="kk"
    +1500ms: A(open=1 conv=0x19) B(open=1 conv=0x19) T(open=1 conv=0x19) G(open=0 conv=0x00) comp="" tail="kk"
    差分 (前→+100ms): Δ comp:Some("き")→Some("")   (前→+400ms): Δ comp:Some("き")→Some("")   (前→+1500ms): Δ comp:Some("き")→Some("")
[02:52:14.255Z] KEY [SCRIPT 7/10 ひらがなキー 期待=ONのまま半角英数へ。Engine は(遅延で)OFF] ひらがな(0xF2) vk=0xF2 scan=0x70 press=02:52:12.619Z (auto)  状態=IME ON・入力なし
    前     : A(open=1 conv=0x19) B(open=1 conv=0x19) T(open=1 conv=0x19) G(open=0 conv=0x00) comp="" tail="kk"
    +100ms: A(open=1 conv=0x10) B(open=1 conv=0x10) T(open=1 conv=0x10) G(open=0 conv=0x00) comp="" tail="kk"
    +400ms: A(open=1 conv=0x10) B(open=1 conv=0x10) T(open=1 conv=0x10) G(open=0 conv=0x00) comp="" tail="kk"
    +1500ms: A(open=1 conv=0x10) B(open=1 conv=0x10) T(open=1 conv=0x10) G(open=0 conv=0x00) comp="" tail="kk"
    差分 (前→+100ms): Δ conv A:0x19→0x10 B:0x19→0x10 / tsf-thread open:1→1 conv:0x19→0x10   (前→+400ms): Δ conv A:0x19→0x10 B:0x19→0x10 / tsf-thread open:1→1 conv:0x19→0x10   (前→+1500ms): Δ conv A:0x19→0x10 B:0x19→0x10 / tsf-thread open:1→1 conv:0x19→0x10
[02:52:15.314Z] KEY [準備/その他] ESC vk=0x1B scan=0x01 press=02:52:13.760Z (auto)  状態=IME ON・入力中
    前     : A(open=1 conv=0x10) B(open=1 conv=0x10) T(open=1 conv=0x10) G(open=0 conv=0x00) comp="k" tail="kk"
    +100ms: A(open=1 conv=0x10) B(open=1 conv=0x10) T(open=1 conv=0x10) G(open=0 conv=0x00) comp="" tail="kk"
    +400ms: A(open=1 conv=0x10) B(open=1 conv=0x10) T(open=1 conv=0x10) G(open=0 conv=0x00) comp="" tail="kk"
    +1500ms: A(open=1 conv=0x10) B(open=1 conv=0x10) T(open=1 conv=0x10) G(open=0 conv=0x00) comp="" tail="kk"
    差分 (前→+100ms): Δ comp:Some("k")→Some("")   (前→+400ms): Δ comp:Some("k")→Some("")   (前→+1500ms): Δ comp:Some("k")→Some("")
[02:52:17.432Z] KEY [SCRIPT 8/10 無変換 期待=IME OFF。Engine OFF] 無変換 vk=0x1D scan=0x7B press=02:52:15.813Z (auto)  状態=IME ON・入力なし
    前     : A(open=1 conv=0x10) B(open=1 conv=0x10) T(open=1 conv=0x10) G(open=0 conv=0x00) comp="" tail="kk"
    +100ms: A(open=0 conv=0x10) B(open=0 conv=0x10) T(open=0 conv=0x10) G(open=0 conv=0x00) comp="" tail="kk"
    +400ms: A(open=0 conv=0x10) B(open=0 conv=0x10) T(open=0 conv=0x10) G(open=0 conv=0x00) comp="" tail="kk"
    +1500ms: A(open=0 conv=0x10) B(open=0 conv=0x10) T(open=0 conv=0x10) G(open=0 conv=0x00) comp="" tail="kkk"
    差分 (前→+100ms): Δ open A:1→0 B:1→0 / tsf-thread open:1→0 conv:0x10→0x10   (前→+400ms): Δ open A:1→0 B:1→0 / tsf-thread open:1→0 conv:0x10→0x10   (前→+1500ms): Δ open A:1→0 B:1→0 / tsf-thread open:1→0 conv:0x10→0x10 / tail:"kk"→"kkk"
[02:52:18.624Z] KEY [準備/その他] ESC vk=0x1B scan=0x01 press=02:52:17.003Z (auto)  状態=直接入力
    前     : A(open=0 conv=0x10) B(open=0 conv=0x10) T(open=0 conv=0x10) G(open=0 conv=0x00) comp="" tail="kkk"
    +100ms: A(open=0 conv=0x10) B(open=0 conv=0x10) T(open=0 conv=0x10) G(open=0 conv=0x00) comp="" tail="kkk"
    +400ms: A(open=0 conv=0x10) B(open=0 conv=0x10) T(open=0 conv=0x10) G(open=0 conv=0x00) comp="" tail="kkk"
    +1500ms: A(open=0 conv=0x10) B(open=0 conv=0x10) T(open=0 conv=0x10) G(open=0 conv=0x00) comp="" tail="kkk"
    差分 (前→+100ms): Δなし   (前→+400ms): Δなし   (前→+1500ms): Δなし
[02:52:20.632Z] KEY [SCRIPT 9/10 無変換 期待=IME ON・半角英数のまま。Engine が ON にならないこと ← 退行窓の確認] 無変換 vk=0x1D scan=0x7B press=02:52:19.007Z (auto)  状態=直接入力
    前     : A(open=0 conv=0x10) B(open=0 conv=0x10) T(open=0 conv=0x10) G(open=0 conv=0x00) comp="" tail="kkk"
    +100ms: A(open=1 conv=0x10) B(open=1 conv=0x10) T(open=1 conv=0x10) G(open=0 conv=0x00) comp="" tail="kkk"
    +400ms: A(open=1 conv=0x10) B(open=1 conv=0x10) T(open=1 conv=0x10) G(open=0 conv=0x00) comp="" tail="kkk"
    +1500ms: A(open=1 conv=0x10) B(open=1 conv=0x10) T(open=1 conv=0x10) G(open=0 conv=0x00) comp="" tail="kkk"
    差分 (前→+100ms): Δ open A:0→1 B:0→1 / tsf-thread open:0→1 conv:0x10→0x10   (前→+400ms): Δ open A:0→1 B:0→1 / tsf-thread open:0→1 conv:0x10→0x10   (前→+1500ms): Δ open A:0→1 B:0→1 / tsf-thread open:0→1 conv:0x10→0x10
[02:52:21.753Z] KEY [準備/その他] ESC vk=0x1B scan=0x01 press=02:52:20.137Z (auto)  状態=IME ON・入力中
    前     : A(open=1 conv=0x10) B(open=1 conv=0x10) T(open=1 conv=0x10) G(open=0 conv=0x00) comp="k" tail="kkk"
    +100ms: A(open=1 conv=0x10) B(open=1 conv=0x10) T(open=1 conv=0x10) G(open=0 conv=0x00) comp="" tail="kkk"
    +400ms: A(open=1 conv=0x10) B(open=1 conv=0x10) T(open=1 conv=0x10) G(open=0 conv=0x00) comp="" tail="kkk"
    +1500ms: A(open=1 conv=0x10) B(open=1 conv=0x10) T(open=1 conv=0x10) G(open=0 conv=0x00) comp="" tail="kkk"
    差分 (前→+100ms): Δ comp:Some("k")→Some("")   (前→+400ms): Δ comp:Some("k")→Some("")   (前→+1500ms): Δ comp:Some("k")→Some("")
[02:52:23.751Z] KEY [SCRIPT 10/10 ひらがなキー 期待=かなに戻る(後片付け)] ひらがな(0xF2) vk=0xF2 scan=0x70 press=02:52:22.187Z (auto)  状態=IME ON・入力なし
    前     : A(open=1 conv=0x10) B(open=1 conv=0x10) T(open=1 conv=0x10) G(open=0 conv=0x00) comp="" tail="kkk"
    +100ms: A(open=1 conv=0x19) B(open=1 conv=0x19) T(open=1 conv=0x19) G(open=0 conv=0x00) comp="" tail="kkk"
    +400ms: A(open=1 conv=0x19) B(open=1 conv=0x19) T(open=1 conv=0x19) G(open=0 conv=0x00) comp="" tail="kkk"
    +1500ms: A(open=1 conv=0x19) B(open=1 conv=0x19) T(open=1 conv=0x19) G(open=0 conv=0x00) comp="" tail="kkk"
    差分 (前→+100ms): Δ conv A:0x10→0x19 B:0x10→0x19 / tsf-thread open:1→1 conv:0x10→0x19   (前→+400ms): Δ conv A:0x10→0x19 B:0x10→0x19 / tsf-thread open:1→1 conv:0x10→0x19   (前→+1500ms): Δ conv A:0x10→0x19 B:0x10→0x19 / tsf-thread open:1→1 conv:0x10→0x19
[02:52:24.998Z] KEY [準備/その他] ESC vk=0x1B scan=0x01 press=02:52:23.378Z (auto)  状態=IME ON・入力中
    前     : A(open=1 conv=0x19) B(open=1 conv=0x19) T(open=1 conv=0x19) G(open=0 conv=0x00) comp="き" tail="kkk"
    +100ms: A(open=1 conv=0x19) B(open=1 conv=0x19) T(open=1 conv=0x19) G(open=0 conv=0x00) comp="" tail="kkk"
    +400ms: A(open=1 conv=0x19) B(open=1 conv=0x19) T(open=1 conv=0x19) G(open=0 conv=0x00) comp="" tail="kkk"
    +1500ms: A(open=1 conv=0x19) B(open=1 conv=0x19) T(open=1 conv=0x19) G(open=0 conv=0x00) comp="" tail="kkk"
    差分 (前→+100ms): Δ comp:Some("き")→Some("")   (前→+400ms): Δ comp:Some("き")→Some("")   (前→+1500ms): Δ comp:Some("き")→Some("")
[RUN 1/12 完了]
[RUN 2/12 開始]
[02:52:28.439Z] KEY [SCRIPT 1/10 ひらがなキー 期待=ONのまま半角英数へ(conv 0x10)。Engine OFF(決定3保留のため遅延の可能性あり)] ひらがな(0xF2) vk=0xF2 scan=0x70 press=02:52:26.870Z (auto)  状態=IME ON・入力なし
    前     : A(open=1 conv=0x19) B(open=1 conv=0x19) T(open=1 conv=0x19) G(open=0 conv=0x00) comp="" tail="kkk"
    +100ms: A(open=1 conv=0x10) B(open=1 conv=0x10) T(open=1 conv=0x10) G(open=0 conv=0x00) comp="" tail="kkk"
    +400ms: A(open=1 conv=0x10) B(open=1 conv=0x10) T(open=1 conv=0x10) G(open=0 conv=0x00) comp="" tail="kkk"
    +1500ms: A(open=1 conv=0x10) B(open=1 conv=0x10) T(open=1 conv=0x10) G(open=0 conv=0x00) comp="" tail="kkk"
    差分 (前→+100ms): Δ conv A:0x19→0x10 B:0x19→0x10 / tsf-thread open:1→1 conv:0x19→0x10   (前→+400ms): Δ conv A:0x19→0x10 B:0x19→0x10 / tsf-thread open:1→1 conv:0x19→0x10   (前→+1500ms): Δ conv A:0x19→0x10 B:0x19→0x10 / tsf-thread open:1→1 conv:0x19→0x10
[02:52:29.632Z] KEY [準備/その他] ESC vk=0x1B scan=0x01 press=02:52:28.064Z (auto)  状態=IME ON・入力中
    前     : A(open=1 conv=0x10) B(open=1 conv=0x10) T(open=1 conv=0x10) G(open=0 conv=0x00) comp="k" tail="kkk"
    +100ms: A(open=1 conv=0x10) B(open=1 conv=0x10) T(open=1 conv=0x10) G(open=0 conv=0x00) comp="" tail="kkk"
    +400ms: A(open=1 conv=0x10) B(open=1 conv=0x10) T(open=1 conv=0x10) G(open=0 conv=0x00) comp="" tail="kkk"
    +1500ms: A(open=1 conv=0x10) B(open=1 conv=0x10) T(open=1 conv=0x10) G(open=0 conv=0x00) comp="" tail="kkk"
    差分 (前→+100ms): Δ comp:Some("k")→Some("")   (前→+400ms): Δ comp:Some("k")→Some("")   (前→+1500ms): Δ comp:Some("k")→Some("")
[02:52:31.571Z] KEY [SCRIPT 2/10 無変換 期待=IME OFF(直接入力)。Engine OFF] 無変換 vk=0x1D scan=0x7B press=02:52:30.007Z (auto)  状態=IME ON・入力なし
    前     : A(open=1 conv=0x10) B(open=1 conv=0x10) T(open=1 conv=0x10) G(open=0 conv=0x00) comp="" tail="kkk"
    +100ms: A(open=0 conv=0x10) B(open=0 conv=0x10) T(open=0 conv=0x10) G(open=0 conv=0x00) comp="" tail="kkk"
    +400ms: A(open=0 conv=0x10) B(open=0 conv=0x10) T(open=0 conv=0x10) G(open=0 conv=0x00) comp="" tail="kkk"
    +1500ms: A(open=0 conv=0x10) B(open=0 conv=0x10) T(open=0 conv=0x10) G(open=0 conv=0x00) comp="" tail="kkkk"
    差分 (前→+100ms): Δ open A:1→0 B:1→0 / tsf-thread open:1→0 conv:0x10→0x10   (前→+400ms): Δ open A:1→0 B:1→0 / tsf-thread open:1→0 conv:0x10→0x10   (前→+1500ms): Δ open A:1→0 B:1→0 / tsf-thread open:1→0 conv:0x10→0x10 / tail:"kkk"→"kkkk"
[02:52:32.748Z] KEY [準備/その他] ESC vk=0x1B scan=0x01 press=02:52:31.194Z (auto)  状態=直接入力
    前     : A(open=0 conv=0x10) B(open=0 conv=0x10) T(open=0 conv=0x10) G(open=0 conv=0x00) comp="" tail="kkkk"
    +100ms: A(open=0 conv=0x10) B(open=0 conv=0x10) T(open=0 conv=0x10) G(open=0 conv=0x00) comp="" tail="kkkk"
    +400ms: A(open=0 conv=0x10) B(open=0 conv=0x10) T(open=0 conv=0x10) G(open=0 conv=0x00) comp="" tail="kkkk"
    +1500ms: A(open=0 conv=0x10) B(open=0 conv=0x10) T(open=0 conv=0x10) G(open=0 conv=0x00) comp="" tail="kkkk"
    差分 (前→+100ms): Δなし   (前→+400ms): Δなし   (前→+1500ms): Δなし
[02:52:34.745Z] KEY [SCRIPT 3/10 無変換 期待=IME ON・半角英数のまま(conv 0x10)。Engine は OFF のまま ← 決定2の核心] 無変換 vk=0x1D scan=0x7B press=02:52:33.121Z (auto)  状態=直接入力
    前     : A(open=0 conv=0x10) B(open=0 conv=0x10) T(open=0 conv=0x10) G(open=0 conv=0x00) comp="" tail="kkkk"
    +100ms: A(open=1 conv=0x10) B(open=1 conv=0x10) T(open=1 conv=0x10) G(open=0 conv=0x00) comp="" tail="kkkk"
    +400ms: A(open=1 conv=0x10) B(open=1 conv=0x10) T(open=1 conv=0x10) G(open=0 conv=0x00) comp="" tail="kkkk"
    +1500ms: A(open=1 conv=0x10) B(open=1 conv=0x10) T(open=1 conv=0x10) G(open=0 conv=0x00) comp="" tail="kkkk"
    差分 (前→+100ms): Δ open A:0→1 B:0→1 / tsf-thread open:0→1 conv:0x10→0x10   (前→+400ms): Δ open A:0→1 B:0→1 / tsf-thread open:0→1 conv:0x10→0x10   (前→+1500ms): Δ open A:0→1 B:0→1 / tsf-thread open:0→1 conv:0x10→0x10
[02:52:35.880Z] KEY [準備/その他] ESC vk=0x1B scan=0x01 press=02:52:34.309Z (auto)  状態=IME ON・入力中
    前     : A(open=1 conv=0x10) B(open=1 conv=0x10) T(open=1 conv=0x10) G(open=0 conv=0x00) comp="k" tail="kkkk"
    +100ms: A(open=1 conv=0x10) B(open=1 conv=0x10) T(open=1 conv=0x10) G(open=0 conv=0x00) comp="" tail="kkkk"
    +400ms: A(open=1 conv=0x10) B(open=1 conv=0x10) T(open=1 conv=0x10) G(open=0 conv=0x00) comp="" tail="kkkk"
    +1500ms: A(open=1 conv=0x10) B(open=1 conv=0x10) T(open=1 conv=0x10) G(open=0 conv=0x00) comp="" tail="kkkk"
    差分 (前→+100ms): Δ comp:Some("k")→Some("")   (前→+400ms): Δ comp:Some("k")→Some("")   (前→+1500ms): Δ comp:Some("k")→Some("")
[02:52:37.875Z] KEY [SCRIPT 4/10 ひらがなキー 期待=かなに戻る(conv 0x19)。Engine ON(遅延の可能性あり)] ひらがな(0xF2) vk=0xF2 scan=0x70 press=02:52:36.256Z (auto)  状態=IME ON・入力なし
    前     : A(open=1 conv=0x10) B(open=1 conv=0x10) T(open=1 conv=0x10) G(open=0 conv=0x00) comp="" tail="kkkk"
    +100ms: A(open=1 conv=0x19) B(open=1 conv=0x19) T(open=1 conv=0x19) G(open=0 conv=0x00) comp="" tail="kkkk"
    +400ms: A(open=1 conv=0x19) B(open=1 conv=0x19) T(open=1 conv=0x19) G(open=0 conv=0x00) comp="" tail="kkkk"
    +1500ms: A(open=1 conv=0x19) B(open=1 conv=0x19) T(open=1 conv=0x19) G(open=0 conv=0x00) comp="" tail="kkkk"
    差分 (前→+100ms): Δ conv A:0x10→0x19 B:0x10→0x19 / tsf-thread open:1→1 conv:0x10→0x19   (前→+400ms): Δ conv A:0x10→0x19 B:0x10→0x19 / tsf-thread open:1→1 conv:0x10→0x19   (前→+1500ms): Δ conv A:0x10→0x19 B:0x10→0x19 / tsf-thread open:1→1 conv:0x10→0x19
[02:52:39.066Z] KEY [準備/その他] ESC vk=0x1B scan=0x01 press=02:52:37.437Z (auto)  状態=IME ON・入力中
    前     : A(open=1 conv=0x19) B(open=1 conv=0x19) T(open=1 conv=0x19) G(open=0 conv=0x00) comp="き" tail="kkkk"
    +100ms: A(open=1 conv=0x19) B(open=1 conv=0x19) T(open=1 conv=0x19) G(open=0 conv=0x00) comp="" tail="kkkk"
    +400ms: A(open=1 conv=0x19) B(open=1 conv=0x19) T(open=1 conv=0x19) G(open=0 conv=0x00) comp="" tail="kkkk"
    +1500ms: A(open=1 conv=0x19) B(open=1 conv=0x19) T(open=1 conv=0x19) G(open=0 conv=0x00) comp="" tail="kkkk"
    差分 (前→+100ms): Δ comp:Some("き")→Some("")   (前→+400ms): Δ comp:Some("き")→Some("")   (前→+1500ms): Δ comp:Some("き")→Some("")
[02:52:41.059Z] KEY [SCRIPT 5/10 無変換 期待=IME OFF。Engine OFF] 無変換 vk=0x1D scan=0x7B press=02:52:39.438Z (auto)  状態=IME ON・入力なし
    前     : A(open=1 conv=0x19) B(open=1 conv=0x19) T(open=1 conv=0x19) G(open=0 conv=0x00) comp="" tail="kkkk"
    +100ms: A(open=0 conv=0x19) B(open=0 conv=0x19) T(open=0 conv=0x19) G(open=0 conv=0x00) comp="" tail="kkkk"
    +400ms: A(open=0 conv=0x19) B(open=0 conv=0x19) T(open=0 conv=0x19) G(open=0 conv=0x00) comp="" tail="kkkk"
    +1500ms: A(open=0 conv=0x19) B(open=0 conv=0x19) T(open=0 conv=0x19) G(open=0 conv=0x00) comp="" tail="kkkkk"
    差分 (前→+100ms): Δ open A:1→0 B:1→0 / tsf-thread open:1→0 conv:0x19→0x19   (前→+400ms): Δ open A:1→0 B:1→0 / tsf-thread open:1→0 conv:0x19→0x19   (前→+1500ms): Δ open A:1→0 B:1→0 / tsf-thread open:1→0 conv:0x19→0x19 / tail:"kkkk"→"kkkkk"
[02:52:42.192Z] KEY [準備/その他] ESC vk=0x1B scan=0x01 press=02:52:40.624Z (auto)  状態=直接入力
    前     : A(open=0 conv=0x19) B(open=0 conv=0x19) T(open=0 conv=0x19) G(open=0 conv=0x00) comp="" tail="kkkkk"
    +100ms: A(open=0 conv=0x19) B(open=0 conv=0x19) T(open=0 conv=0x19) G(open=0 conv=0x00) comp="" tail="kkkkk"
    +400ms: A(open=0 conv=0x19) B(open=0 conv=0x19) T(open=0 conv=0x19) G(open=0 conv=0x00) comp="" tail="kkkkk"
    +1500ms: A(open=0 conv=0x19) B(open=0 conv=0x19) T(open=0 conv=0x19) G(open=0 conv=0x00) comp="" tail="kkkkk"
    差分 (前→+100ms): Δなし   (前→+400ms): Δなし   (前→+1500ms): Δなし
[02:52:42.266Z] KEY [準備/その他] ESC vk=0x1B scan=0x01 press=02:52:40.683Z (injected)  状態=直接入力
    前     : A(open=0 conv=0x19) B(open=0 conv=0x19) T(open=0 conv=0x19) G(open=0 conv=0x00) comp="" tail="kkkkk"
    +100ms: A(open=0 conv=0x19) B(open=0 conv=0x19) T(open=0 conv=0x19) G(open=0 conv=0x00) comp="" tail="kkkkk"
    +400ms: A(open=0 conv=0x19) B(open=0 conv=0x19) T(open=0 conv=0x19) G(open=0 conv=0x00) comp="" tail="kkkkk"
    +1500ms: A(open=0 conv=0x19) B(open=0 conv=0x19) T(open=0 conv=0x19) G(open=0 conv=0x00) comp="" tail="kkkkk"
    差分 (前→+100ms): Δなし   (前→+400ms): Δなし   (前→+1500ms): Δなし
[02:52:44.128Z] KEY [SCRIPT 6/10 無変換 期待=IME ON(かな)。Engine ON] 無変換 vk=0x1D scan=0x7B press=02:52:42.566Z (auto)  状態=直接入力
    前     : A(open=0 conv=0x19) B(open=0 conv=0x19) T(open=0 conv=0x19) G(open=0 conv=0x00) comp="" tail="kkkkk"
    +100ms: A(open=1 conv=0x19) B(open=1 conv=0x19) T(open=1 conv=0x19) G(open=0 conv=0x00) comp="" tail="kkkkk"
    +400ms: A(open=1 conv=0x19) B(open=1 conv=0x19) T(open=1 conv=0x19) G(open=0 conv=0x00) comp="" tail="kkkkk"
    +1500ms: A(open=1 conv=0x19) B(open=1 conv=0x19) T(open=1 conv=0x19) G(open=0 conv=0x00) comp="" tail="kkkkk"
    差分 (前→+100ms): Δ open A:0→1 B:0→1 / tsf-thread open:0→1 conv:0x19→0x19   (前→+400ms): Δ open A:0→1 B:0→1 / tsf-thread open:0→1 conv:0x19→0x19   (前→+1500ms): Δ open A:0→1 B:0→1 / tsf-thread open:0→1 conv:0x19→0x19
[02:52:45.370Z] KEY [準備/その他] ESC vk=0x1B scan=0x01 press=02:52:43.744Z (auto)  状態=IME ON・入力中
    前     : A(open=1 conv=0x19) B(open=1 conv=0x19) T(open=1 conv=0x19) G(open=0 conv=0x00) comp="き" tail="kkkkk"
    +100ms: A(open=1 conv=0x19) B(open=1 conv=0x19) T(open=1 conv=0x19) G(open=0 conv=0x00) comp="" tail="kkkkk"
    +400ms: A(open=1 conv=0x19) B(open=1 conv=0x19) T(open=1 conv=0x19) G(open=0 conv=0x00) comp="" tail="kkkkk"
    +1500ms: A(open=1 conv=0x19) B(open=1 conv=0x19) T(open=1 conv=0x19) G(open=0 conv=0x00) comp="" tail="kkkkk"
    差分 (前→+100ms): Δ comp:Some("き")→Some("")   (前→+400ms): Δ comp:Some("き")→Some("")   (前→+1500ms): Δ comp:Some("き")→Some("")
[02:52:47.374Z] KEY [SCRIPT 7/10 ひらがなキー 期待=ONのまま半角英数へ。Engine は(遅延で)OFF] ひらがな(0xF2) vk=0xF2 scan=0x70 press=02:52:45.750Z (auto)  状態=IME ON・入力なし
    前     : A(open=1 conv=0x19) B(open=1 conv=0x19) T(open=1 conv=0x19) G(open=0 conv=0x00) comp="" tail="kkkkk"
    +100ms: A(open=1 conv=0x10) B(open=1 conv=0x10) T(open=1 conv=0x10) G(open=0 conv=0x00) comp="" tail="kkkkk"
    +400ms: A(open=1 conv=0x10) B(open=1 conv=0x10) T(open=1 conv=0x10) G(open=0 conv=0x00) comp="" tail="kkkkk"
    +1500ms: A(open=1 conv=0x10) B(open=1 conv=0x10) T(open=1 conv=0x10) G(open=0 conv=0x00) comp="" tail="kkkkk"
    差分 (前→+100ms): Δ conv A:0x19→0x10 B:0x19→0x10 / tsf-thread open:1→1 conv:0x19→0x10   (前→+400ms): Δ conv A:0x19→0x10 B:0x19→0x10 / tsf-thread open:1→1 conv:0x19→0x10   (前→+1500ms): Δ conv A:0x19→0x10 B:0x19→0x10 / tsf-thread open:1→1 conv:0x19→0x10
[02:52:48.563Z] KEY [準備/その他] ESC vk=0x1B scan=0x01 press=02:52:46.938Z (auto)  状態=IME ON・入力中
    前     : A(open=1 conv=0x10) B(open=1 conv=0x10) T(open=1 conv=0x10) G(open=0 conv=0x00) comp="k" tail="kkkkk"
    +100ms: A(open=1 conv=0x10) B(open=1 conv=0x10) T(open=1 conv=0x10) G(open=0 conv=0x00) comp="" tail="kkkkk"
    +400ms: A(open=1 conv=0x10) B(open=1 conv=0x10) T(open=1 conv=0x10) G(open=0 conv=0x00) comp="" tail="kkkkk"
    +1500ms: A(open=1 conv=0x10) B(open=1 conv=0x10) T(open=1 conv=0x10) G(open=0 conv=0x00) comp="" tail="kkkkk"
    差分 (前→+100ms): Δ comp:Some("k")→Some("")   (前→+400ms): Δ comp:Some("k")→Some("")   (前→+1500ms): Δ comp:Some("k")→Some("")
[02:52:50.556Z] KEY [SCRIPT 8/10 無変換 期待=IME OFF。Engine OFF] 無変換 vk=0x1D scan=0x7B press=02:52:48.939Z (auto)  状態=IME ON・入力なし
    前     : A(open=1 conv=0x10) B(open=1 conv=0x10) T(open=1 conv=0x10) G(open=0 conv=0x00) comp="" tail="kkkkk"
    +100ms: A(open=0 conv=0x10) B(open=0 conv=0x10) T(open=0 conv=0x10) G(open=0 conv=0x00) comp="" tail="kkkkk"
    +400ms: A(open=0 conv=0x10) B(open=0 conv=0x10) T(open=0 conv=0x10) G(open=0 conv=0x00) comp="" tail="kkkkk"
    +1500ms: A(open=0 conv=0x10) B(open=0 conv=0x10) T(open=0 conv=0x10) G(open=0 conv=0x00) comp="" tail="kkkkkk"
    差分 (前→+100ms): Δ open A:1→0 B:1→0 / tsf-thread open:1→0 conv:0x10→0x10   (前→+400ms): Δ open A:1→0 B:1→0 / tsf-thread open:1→0 conv:0x10→0x10   (前→+1500ms): Δ open A:1→0 B:1→0 / tsf-thread open:1→0 conv:0x10→0x10 / tail:"kkkkk"→"kkkkkk"
[02:52:51.689Z] KEY [準備/その他] ESC vk=0x1B scan=0x01 press=02:52:50.119Z (auto)  状態=直接入力
    前     : A(open=0 conv=0x10) B(open=0 conv=0x10) T(open=0 conv=0x10) G(open=0 conv=0x00) comp="" tail="kkkkkk"
    +100ms: A(open=0 conv=0x10) B(open=0 conv=0x10) T(open=0 conv=0x10) G(open=0 conv=0x00) comp="" tail="kkkkkk"
    +400ms: A(open=0 conv=0x10) B(open=0 conv=0x10) T(open=0 conv=0x10) G(open=0 conv=0x00) comp="" tail="kkkkkk"
    +1500ms: A(open=0 conv=0x10) B(open=0 conv=0x10) T(open=0 conv=0x10) G(open=0 conv=0x00) comp="" tail="kkkkkk"
    差分 (前→+100ms): Δなし   (前→+400ms): Δなし   (前→+1500ms): Δなし
[02:52:53.687Z] KEY [SCRIPT 9/10 無変換 期待=IME ON・半角英数のまま。Engine が ON にならないこと ← 退行窓の確認] 無変換 vk=0x1D scan=0x7B press=02:52:52.068Z (auto)  状態=直接入力
    前     : A(open=0 conv=0x10) B(open=0 conv=0x10) T(open=0 conv=0x10) G(open=0 conv=0x00) comp="" tail="kkkkkk"
    +100ms: A(open=1 conv=0x10) B(open=1 conv=0x10) T(open=1 conv=0x10) G(open=0 conv=0x00) comp="" tail="kkkkkk"
    +400ms: A(open=1 conv=0x10) B(open=1 conv=0x10) T(open=1 conv=0x10) G(open=0 conv=0x00) comp="" tail="kkkkkk"
    +1500ms: A(open=1 conv=0x10) B(open=1 conv=0x10) T(open=1 conv=0x10) G(open=0 conv=0x00) comp="" tail="kkkkkk"
    差分 (前→+100ms): Δ open A:0→1 B:0→1 / tsf-thread open:0→1 conv:0x10→0x10   (前→+400ms): Δ open A:0→1 B:0→1 / tsf-thread open:0→1 conv:0x10→0x10   (前→+1500ms): Δ open A:0→1 B:0→1 / tsf-thread open:0→1 conv:0x10→0x10
[02:52:54.872Z] KEY [準備/その他] ESC vk=0x1B scan=0x01 press=02:52:53.255Z (auto)  状態=IME ON・入力中
    前     : A(open=1 conv=0x10) B(open=1 conv=0x10) T(open=1 conv=0x10) G(open=0 conv=0x00) comp="k" tail="kkkkkk"
    +100ms: A(open=1 conv=0x10) B(open=1 conv=0x10) T(open=1 conv=0x10) G(open=0 conv=0x00) comp="" tail="kkkkkk"
    +400ms: A(open=1 conv=0x10) B(open=1 conv=0x10) T(open=1 conv=0x10) G(open=0 conv=0x00) comp="" tail="kkkkkk"
    +1500ms: A(open=1 conv=0x10) B(open=1 conv=0x10) T(open=1 conv=0x10) G(open=0 conv=0x00) comp="" tail="kkkkkk"
    差分 (前→+100ms): Δ comp:Some("k")→Some("")   (前→+400ms): Δ comp:Some("k")→Some("")   (前→+1500ms): Δ comp:Some("k")→Some("")
[02:52:56.816Z] KEY [SCRIPT 10/10 ひらがなキー 期待=かなに戻る(後片付け)] ひらがな(0xF2) vk=0xF2 scan=0x70 press=02:52:55.246Z (auto)  状態=IME ON・入力なし
    前     : A(open=1 conv=0x10) B(open=1 conv=0x10) T(open=1 conv=0x10) G(open=0 conv=0x00) comp="" tail="kkkkkk"
    +100ms: A(open=1 conv=0x19) B(open=1 conv=0x19) T(open=1 conv=0x19) G(open=0 conv=0x00) comp="" tail="kkkkkk"
    +400ms: A(open=1 conv=0x19) B(open=1 conv=0x19) T(open=1 conv=0x19) G(open=0 conv=0x00) comp="" tail="kkkkkk"
    +1500ms: A(open=1 conv=0x19) B(open=1 conv=0x19) T(open=1 conv=0x19) G(open=0 conv=0x00) comp="" tail="kkkkkk"
    差分 (前→+100ms): Δ conv A:0x10→0x19 B:0x10→0x19 / tsf-thread open:1→1 conv:0x10→0x19   (前→+400ms): Δ conv A:0x10→0x19 B:0x10→0x19 / tsf-thread open:1→1 conv:0x10→0x19   (前→+1500ms): Δ conv A:0x10→0x19 B:0x10→0x19 / tsf-thread open:1→1 conv:0x10→0x19
[02:52:58.006Z] KEY [準備/その他] ESC vk=0x1B scan=0x01 press=02:52:56.445Z (auto)  状態=IME ON・入力中
    前     : A(open=1 conv=0x19) B(open=1 conv=0x19) T(open=1 conv=0x19) G(open=0 conv=0x00) comp="き" tail="kkkkkk"
    +100ms: A(open=1 conv=0x19) B(open=1 conv=0x19) T(open=1 conv=0x19) G(open=0 conv=0x00) comp="" tail="kkkkkk"
    +400ms: A(open=1 conv=0x19) B(open=1 conv=0x19) T(open=1 conv=0x19) G(open=0 conv=0x00) comp="" tail="kkkkkk"
    +1500ms: A(open=1 conv=0x19) B(open=1 conv=0x19) T(open=1 conv=0x19) G(open=0 conv=0x00) comp="" tail="kkkkkk"
    差分 (前→+100ms): Δ comp:Some("き")→Some("")   (前→+400ms): Δ comp:Some("き")→Some("")   (前→+1500ms): Δ comp:Some("き")→Some("")
[RUN 2/12 完了]
[RUN 3/12 開始]
[02:53:01.502Z] KEY [SCRIPT 1/10 ひらがなキー 期待=ONのまま半角英数へ(conv 0x10)。Engine OFF(決定3保留のため遅延の可能性あり)] ひらがな(0xF2) vk=0xF2 scan=0x70 press=02:52:59.932Z (auto)  状態=IME ON・入力なし
    前     : A(open=1 conv=0x19) B(open=1 conv=0x19) T(open=1 conv=0x19) G(open=0 conv=0x00) comp="" tail="kkkkkk"
    +100ms: A(open=1 conv=0x10) B(open=1 conv=0x10) T(open=1 conv=0x10) G(open=0 conv=0x00) comp="" tail="kkkkkk"
    +400ms: A(open=1 conv=0x10) B(open=1 conv=0x10) T(open=1 conv=0x10) G(open=0 conv=0x00) comp="" tail="kkkkkk"
    +1500ms: A(open=1 conv=0x10) B(open=1 conv=0x10) T(open=1 conv=0x10) G(open=0 conv=0x00) comp="" tail="kkkkkk"
    差分 (前→+100ms): Δ conv A:0x19→0x10 B:0x19→0x10 / tsf-thread open:1→1 conv:0x19→0x10   (前→+400ms): Δ conv A:0x19→0x10 B:0x19→0x10 / tsf-thread open:1→1 conv:0x19→0x10   (前→+1500ms): Δ conv A:0x19→0x10 B:0x19→0x10 / tsf-thread open:1→1 conv:0x19→0x10
[02:53:02.688Z] KEY [準備/その他] ESC vk=0x1B scan=0x01 press=02:53:01.119Z (auto)  状態=IME ON・入力中
    前     : A(open=1 conv=0x10) B(open=1 conv=0x10) T(open=1 conv=0x10) G(open=0 conv=0x00) comp="k" tail="kkkkkk"
    +100ms: A(open=1 conv=0x10) B(open=1 conv=0x10) T(open=1 conv=0x10) G(open=0 conv=0x00) comp="" tail="kkkkkk"
    +400ms: A(open=1 conv=0x10) B(open=1 conv=0x10) T(open=1 conv=0x10) G(open=0 conv=0x00) comp="" tail="kkkkkk"
    +1500ms: A(open=1 conv=0x10) B(open=1 conv=0x10) T(open=1 conv=0x10) G(open=0 conv=0x00) comp="" tail="kkkkkk"
    差分 (前→+100ms): Δ comp:Some("k")→Some("")   (前→+400ms): Δ comp:Some("k")→Some("")   (前→+1500ms): Δ comp:Some("k")→Some("")
[02:53:04.626Z] KEY [SCRIPT 2/10 無変換 期待=IME OFF(直接入力)。Engine OFF] 無変換 vk=0x1D scan=0x7B press=02:53:03.065Z (auto)  状態=IME ON・入力なし
    前     : A(open=1 conv=0x10) B(open=1 conv=0x10) T(open=1 conv=0x10) G(open=0 conv=0x00) comp="" tail="kkkkkk"
    +100ms: A(open=0 conv=0x10) B(open=0 conv=0x10) T(open=0 conv=0x10) G(open=0 conv=0x00) comp="" tail="kkkkkk"
    +400ms: A(open=0 conv=0x10) B(open=0 conv=0x10) T(open=0 conv=0x10) G(open=0 conv=0x00) comp="" tail="kkkkkk"
    +1500ms: A(open=0 conv=0x10) B(open=0 conv=0x10) T(open=0 conv=0x10) G(open=0 conv=0x00) comp="" tail="kkkkkkk"
    差分 (前→+100ms): Δ open A:1→0 B:1→0 / tsf-thread open:1→0 conv:0x10→0x10   (前→+400ms): Δ open A:1→0 B:1→0 / tsf-thread open:1→0 conv:0x10→0x10   (前→+1500ms): Δ open A:1→0 B:1→0 / tsf-thread open:1→0 conv:0x10→0x10 / tail:"kkkkkk"→"kkkkkkk"
[02:53:05.869Z] KEY [準備/その他] ESC vk=0x1B scan=0x01 press=02:53:04.249Z (auto)  状態=直接入力
    前     : A(open=0 conv=0x10) B(open=0 conv=0x10) T(open=0 conv=0x10) G(open=0 conv=0x00) comp="" tail="kkkkkkk"
    +100ms: A(open=0 conv=0x10) B(open=0 conv=0x10) T(open=0 conv=0x10) G(open=0 conv=0x00) comp="" tail="kkkkkkk"
    +400ms: A(open=0 conv=0x10) B(open=0 conv=0x10) T(open=0 conv=0x10) G(open=0 conv=0x00) comp="" tail="kkkkkkk"
    +1500ms: A(open=0 conv=0x10) B(open=0 conv=0x10) T(open=0 conv=0x10) G(open=0 conv=0x00) comp="" tail="kkkkkkk"
    差分 (前→+100ms): Δなし   (前→+400ms): Δなし   (前→+1500ms): Δなし
[02:53:07.815Z] KEY [SCRIPT 3/10 無変換 期待=IME ON・半角英数のまま(conv 0x10)。Engine は OFF のまま ← 決定2の核心] 無変換 vk=0x1D scan=0x7B press=02:53:06.193Z (auto)  状態=直接入力
    前     : A(open=0 conv=0x10) B(open=0 conv=0x10) T(open=0 conv=0x10) G(open=0 conv=0x00) comp="" tail="kkkkkkk"
    +100ms: A(open=1 conv=0x10) B(open=1 conv=0x10) T(open=1 conv=0x10) G(open=0 conv=0x00) comp="" tail="kkkkkkk"
    +400ms: A(open=1 conv=0x10) B(open=1 conv=0x10) T(open=1 conv=0x10) G(open=0 conv=0x00) comp="" tail="kkkkkkk"
    +1500ms: A(open=1 conv=0x10) B(open=1 conv=0x10) T(open=1 conv=0x10) G(open=0 conv=0x00) comp="" tail="kkkkkkk"
    差分 (前→+100ms): Δ open A:0→1 B:0→1 / tsf-thread open:0→1 conv:0x10→0x10   (前→+400ms): Δ open A:0→1 B:0→1 / tsf-thread open:0→1 conv:0x10→0x10   (前→+1500ms): Δ open A:0→1 B:0→1 / tsf-thread open:0→1 conv:0x10→0x10
[02:53:09.004Z] KEY [準備/その他] ESC vk=0x1B scan=0x01 press=02:53:07.381Z (auto)  状態=IME ON・入力中
    前     : A(open=1 conv=0x10) B(open=1 conv=0x10) T(open=1 conv=0x10) G(open=0 conv=0x00) comp="k" tail="kkkkkkk"
    +100ms: A(open=1 conv=0x10) B(open=1 conv=0x10) T(open=1 conv=0x10) G(open=0 conv=0x00) comp="" tail="kkkkkkk"
    +400ms: A(open=1 conv=0x10) B(open=1 conv=0x10) T(open=1 conv=0x10) G(open=0 conv=0x00) comp="" tail="kkkkkkk"
    +1500ms: A(open=1 conv=0x10) B(open=1 conv=0x10) T(open=1 conv=0x10) G(open=0 conv=0x00) comp="" tail="kkkkkkk"
    差分 (前→+100ms): Δ comp:Some("k")→Some("")   (前→+400ms): Δ comp:Some("k")→Some("")   (前→+1500ms): Δ comp:Some("k")→Some("")
[02:53:10.940Z] KEY [SCRIPT 4/10 ひらがなキー 期待=かなに戻る(conv 0x19)。Engine ON(遅延の可能性あり)] ひらがな(0xF2) vk=0xF2 scan=0x70 press=02:53:09.378Z (auto)  状態=IME ON・入力なし
    前     : A(open=1 conv=0x10) B(open=1 conv=0x10) T(open=1 conv=0x10) G(open=0 conv=0x00) comp="" tail="kkkkkkk"
    +100ms: A(open=1 conv=0x19) B(open=1 conv=0x19) T(open=1 conv=0x19) G(open=0 conv=0x00) comp="" tail="kkkkkkk"
    +400ms: A(open=1 conv=0x19) B(open=1 conv=0x19) T(open=1 conv=0x19) G(open=0 conv=0x00) comp="" tail="kkkkkkk"
    +1500ms: A(open=1 conv=0x19) B(open=1 conv=0x19) T(open=1 conv=0x19) G(open=0 conv=0x00) comp="" tail="kkkkkkk"
    差分 (前→+100ms): Δ conv A:0x10→0x19 B:0x10→0x19 / tsf-thread open:1→1 conv:0x10→0x19   (前→+400ms): Δ conv A:0x10→0x19 B:0x10→0x19 / tsf-thread open:1→1 conv:0x10→0x19   (前→+1500ms): Δ conv A:0x10→0x19 B:0x10→0x19 / tsf-thread open:1→1 conv:0x10→0x19
[02:53:12.189Z] KEY [準備/その他] ESC vk=0x1B scan=0x01 press=02:53:10.565Z (auto)  状態=IME ON・入力中
    前     : A(open=1 conv=0x19) B(open=1 conv=0x19) T(open=1 conv=0x19) G(open=0 conv=0x00) comp="き" tail="kkkkkkk"
    +100ms: A(open=1 conv=0x19) B(open=1 conv=0x19) T(open=1 conv=0x19) G(open=0 conv=0x00) comp="" tail="kkkkkkk"
    +400ms: A(open=1 conv=0x19) B(open=1 conv=0x19) T(open=1 conv=0x19) G(open=0 conv=0x00) comp="" tail="kkkkkkk"
    +1500ms: A(open=1 conv=0x19) B(open=1 conv=0x19) T(open=1 conv=0x19) G(open=0 conv=0x00) comp="" tail="kkkkkkk"
    差分 (前→+100ms): Δ comp:Some("き")→Some("")   (前→+400ms): Δ comp:Some("き")→Some("")   (前→+1500ms): Δ comp:Some("き")→Some("")
[02:53:14.184Z] KEY [SCRIPT 5/10 無変換 期待=IME OFF。Engine OFF] 無変換 vk=0x1D scan=0x7B press=02:53:12.563Z (auto)  状態=IME ON・入力なし
    前     : A(open=1 conv=0x19) B(open=1 conv=0x19) T(open=1 conv=0x19) G(open=0 conv=0x00) comp="" tail="kkkkkkk"
    +100ms: A(open=0 conv=0x19) B(open=0 conv=0x19) T(open=0 conv=0x19) G(open=0 conv=0x00) comp="" tail="kkkkkkk"
    +400ms: A(open=0 conv=0x19) B(open=0 conv=0x19) T(open=0 conv=0x19) G(open=0 conv=0x00) comp="" tail="kkkkkkk"
    +1500ms: A(open=0 conv=0x19) B(open=0 conv=0x19) T(open=0 conv=0x19) G(open=0 conv=0x00) comp="" tail="kkkkkkkk"
    差分 (前→+100ms): Δ open A:1→0 B:1→0 / tsf-thread open:1→0 conv:0x19→0x19   (前→+400ms): Δ open A:1→0 B:1→0 / tsf-thread open:1→0 conv:0x19→0x19   (前→+1500ms): Δ open A:1→0 B:1→0 / tsf-thread open:1→0 conv:0x19→0x19 / tail:"kkkkkkk"→"kkkkkkkk"
[02:53:15.312Z] KEY [準備/その他] ESC vk=0x1B scan=0x01 press=02:53:13.742Z (auto)  状態=直接入力
    前     : A(open=0 conv=0x19) B(open=0 conv=0x19) T(open=0 conv=0x19) G(open=0 conv=0x00) comp="" tail="kkkkkkkk"
    +100ms: A(open=0 conv=0x19) B(open=0 conv=0x19) T(open=0 conv=0x19) G(open=0 conv=0x00) comp="" tail="kkkkkkkk"
    +400ms: A(open=0 conv=0x19) B(open=0 conv=0x19) T(open=0 conv=0x19) G(open=0 conv=0x00) comp="" tail="kkkkkkkk"
    +1500ms: A(open=0 conv=0x19) B(open=0 conv=0x19) T(open=0 conv=0x19) G(open=0 conv=0x00) comp="" tail="kkkkkkkk"
    差分 (前→+100ms): Δなし   (前→+400ms): Δなし   (前→+1500ms): Δなし
[02:53:15.373Z] KEY [準備/その他] ESC vk=0x1B scan=0x01 press=02:53:13.809Z (injected)  状態=直接入力
    前     : A(open=0 conv=0x19) B(open=0 conv=0x19) T(open=0 conv=0x19) G(open=0 conv=0x00) comp="" tail="kkkkkkkk"
    +100ms: A(open=0 conv=0x19) B(open=0 conv=0x19) T(open=0 conv=0x19) G(open=0 conv=0x00) comp="" tail="kkkkkkkk"
    +400ms: A(open=0 conv=0x19) B(open=0 conv=0x19) T(open=0 conv=0x19) G(open=0 conv=0x00) comp="" tail="kkkkkkkk"
    +1500ms: A(open=0 conv=0x19) B(open=0 conv=0x19) T(open=0 conv=0x19) G(open=0 conv=0x00) comp="" tail="kkkkkkkk"
    差分 (前→+100ms): Δなし   (前→+400ms): Δなし   (前→+1500ms): Δなし
[02:53:17.312Z] KEY [SCRIPT 6/10 無変換 期待=IME ON(かな)。Engine ON] 無変換 vk=0x1D scan=0x7B press=02:53:15.745Z (auto)  状態=直接入力
    前     : A(open=0 conv=0x19) B(open=0 conv=0x19) T(open=0 conv=0x19) G(open=0 conv=0x00) comp="" tail="kkkkkkkk"
    +100ms: A(open=1 conv=0x19) B(open=1 conv=0x19) T(open=1 conv=0x19) G(open=0 conv=0x00) comp="" tail="kkkkkkkk"
    +400ms: A(open=1 conv=0x19) B(open=1 conv=0x19) T(open=1 conv=0x19) G(open=0 conv=0x00) comp="" tail="kkkkkkkk"
    +1500ms: A(open=1 conv=0x19) B(open=1 conv=0x19) T(open=1 conv=0x19) G(open=0 conv=0x00) comp="" tail="kkkkkkkk"
    差分 (前→+100ms): Δ open A:0→1 B:0→1 / tsf-thread open:0→1 conv:0x19→0x19   (前→+400ms): Δ open A:0→1 B:0→1 / tsf-thread open:0→1 conv:0x19→0x19   (前→+1500ms): Δ open A:0→1 B:0→1 / tsf-thread open:0→1 conv:0x19→0x19
[02:53:18.562Z] KEY [準備/その他] ESC vk=0x1B scan=0x01 press=02:53:16.935Z (auto)  状態=IME ON・入力中
    前     : A(open=1 conv=0x19) B(open=1 conv=0x19) T(open=1 conv=0x19) G(open=0 conv=0x00) comp="き" tail="kkkkkkkk"
    +100ms: A(open=1 conv=0x19) B(open=1 conv=0x19) T(open=1 conv=0x19) G(open=0 conv=0x00) comp="" tail="kkkkkkkk"
    +400ms: A(open=1 conv=0x19) B(open=1 conv=0x19) T(open=1 conv=0x19) G(open=0 conv=0x00) comp="" tail="kkkkkkkk"
    +1500ms: A(open=1 conv=0x19) B(open=1 conv=0x19) T(open=1 conv=0x19) G(open=0 conv=0x00) comp="" tail="kkkkkkkk"
    差分 (前→+100ms): Δ comp:Some("き")→Some("")   (前→+400ms): Δ comp:Some("き")→Some("")   (前→+1500ms): Δ comp:Some("き")→Some("")
[02:53:20.498Z] KEY [SCRIPT 7/10 ひらがなキー 期待=ONのまま半角英数へ。Engine は(遅延で)OFF] ひらがな(0xF2) vk=0xF2 scan=0x70 press=02:53:18.875Z (auto)  状態=IME ON・入力なし
    前     : A(open=1 conv=0x19) B(open=1 conv=0x19) T(open=1 conv=0x19) G(open=0 conv=0x00) comp="" tail="kkkkkkkk"
    +100ms: A(open=1 conv=0x10) B(open=1 conv=0x10) T(open=1 conv=0x10) G(open=0 conv=0x00) comp="" tail="kkkkkkkk"
    +400ms: A(open=1 conv=0x10) B(open=1 conv=0x10) T(open=1 conv=0x10) G(open=0 conv=0x00) comp="" tail="kkkkkkkk"
    +1500ms: A(open=1 conv=0x10) B(open=1 conv=0x10) T(open=1 conv=0x10) G(open=0 conv=0x00) comp="" tail="kkkkkkkk"
    差分 (前→+100ms): Δ conv A:0x19→0x10 B:0x19→0x10 / tsf-thread open:1→1 conv:0x19→0x10   (前→+400ms): Δ conv A:0x19→0x10 B:0x19→0x10 / tsf-thread open:1→1 conv:0x19→0x10   (前→+1500ms): Δ conv A:0x19→0x10 B:0x19→0x10 / tsf-thread open:1→1 conv:0x19→0x10
[02:53:21.684Z] KEY [準備/その他] ESC vk=0x1B scan=0x01 press=02:53:20.066Z (auto)  状態=IME ON・入力中
    前     : A(open=1 conv=0x10) B(open=1 conv=0x10) T(open=1 conv=0x10) G(open=0 conv=0x00) comp="k" tail="kkkkkkkk"
    +100ms: A(open=1 conv=0x10) B(open=1 conv=0x10) T(open=1 conv=0x10) G(open=0 conv=0x00) comp="" tail="kkkkkkkk"
    +400ms: A(open=1 conv=0x10) B(open=1 conv=0x10) T(open=1 conv=0x10) G(open=0 conv=0x00) comp="" tail="kkkkkkkk"
    +1500ms: A(open=1 conv=0x10) B(open=1 conv=0x10) T(open=1 conv=0x10) G(open=0 conv=0x00) comp="" tail="kkkkkkkk"
    差分 (前→+100ms): Δ comp:Some("k")→Some("")   (前→+400ms): Δ comp:Some("k")→Some("")   (前→+1500ms): Δ comp:Some("k")→Some("")
[02:53:23.683Z] KEY [SCRIPT 8/10 無変換 期待=IME OFF。Engine OFF] 無変換 vk=0x1D scan=0x7B press=02:53:22.062Z (auto)  状態=IME ON・入力なし
    前     : A(open=1 conv=0x10) B(open=1 conv=0x10) T(open=1 conv=0x10) G(open=0 conv=0x00) comp="" tail="kkkkkkkk"
    +100ms: A(open=0 conv=0x10) B(open=0 conv=0x10) T(open=0 conv=0x10) G(open=0 conv=0x00) comp="" tail="kkkkkkkk"
    +400ms: A(open=0 conv=0x10) B(open=0 conv=0x10) T(open=0 conv=0x10) G(open=0 conv=0x00) comp="" tail="kkkkkkkk"
    +1500ms: A(open=0 conv=0x10) B(open=0 conv=0x10) T(open=0 conv=0x10) G(open=0 conv=0x00) comp="" tail="kkkkkkkk"
    差分 (前→+100ms): Δ open A:1→0 B:1→0 / tsf-thread open:1→0 conv:0x10→0x10   (前→+400ms): Δ open A:1→0 B:1→0 / tsf-thread open:1→0 conv:0x10→0x10   (前→+1500ms): Δ open A:1→0 B:1→0 / tsf-thread open:1→0 conv:0x10→0x10
[02:53:24.833Z] KEY [準備/その他] ESC vk=0x1B scan=0x01 press=02:53:23.251Z (auto)  状態=直接入力
    前     : A(open=0 conv=0x10) B(open=0 conv=0x10) T(open=0 conv=0x10) G(open=0 conv=0x00) comp="" tail="kkkkkkkk"
    +100ms: A(open=0 conv=0x10) B(open=0 conv=0x10) T(open=0 conv=0x10) G(open=0 conv=0x00) comp="" tail="kkkkkkkk"
    +400ms: A(open=0 conv=0x10) B(open=0 conv=0x10) T(open=0 conv=0x10) G(open=0 conv=0x00) comp="" tail="kkkkkkkk"
    +1500ms: A(open=0 conv=0x10) B(open=0 conv=0x10) T(open=0 conv=0x10) G(open=0 conv=0x00) comp="" tail="kkkkkkkk"
    差分 (前→+100ms): Δなし   (前→+400ms): Δなし   (前→+1500ms): Δなし
[02:53:26.829Z] KEY [SCRIPT 9/10 無変換 期待=IME ON・半角英数のまま。Engine が ON にならないこと ← 退行窓の確認] 無変換 vk=0x1D scan=0x7B press=02:53:25.211Z (auto)  状態=直接入力
    前     : A(open=0 conv=0x10) B(open=0 conv=0x10) T(open=0 conv=0x10) G(open=0 conv=0x00) comp="" tail="kkkkkkkk"
    +100ms: A(open=1 conv=0x10) B(open=1 conv=0x10) T(open=1 conv=0x10) G(open=0 conv=0x00) comp="" tail="kkkkkkkk"
    +400ms: A(open=1 conv=0x10) B(open=1 conv=0x10) T(open=1 conv=0x10) G(open=0 conv=0x00) comp="" tail="kkkkkkkk"
    +1500ms: A(open=1 conv=0x10) B(open=1 conv=0x10) T(open=1 conv=0x10) G(open=0 conv=0x00) comp="" tail="kkkkkkkk"
    差分 (前→+100ms): Δ open A:0→1 B:0→1 / tsf-thread open:0→1 conv:0x10→0x10   (前→+400ms): Δ open A:0→1 B:0→1 / tsf-thread open:0→1 conv:0x10→0x10   (前→+1500ms): Δ open A:0→1 B:0→1 / tsf-thread open:0→1 conv:0x10→0x10
[02:53:28.015Z] KEY [準備/その他] ESC vk=0x1B scan=0x01 press=02:53:26.395Z (auto)  状態=IME ON・入力中
    前     : A(open=1 conv=0x10) B(open=1 conv=0x10) T(open=1 conv=0x10) G(open=0 conv=0x00) comp="k" tail="kkkkkkkk"
    +100ms: A(open=1 conv=0x10) B(open=1 conv=0x10) T(open=1 conv=0x10) G(open=0 conv=0x00) comp="" tail="kkkkkkkk"
    +400ms: A(open=1 conv=0x10) B(open=1 conv=0x10) T(open=1 conv=0x10) G(open=0 conv=0x00) comp="" tail="kkkkkkkk"
    +1500ms: A(open=1 conv=0x10) B(open=1 conv=0x10) T(open=1 conv=0x10) G(open=0 conv=0x00) comp="" tail="kkkkkkkk"
    差分 (前→+100ms): Δ comp:Some("k")→Some("")   (前→+400ms): Δ comp:Some("k")→Some("")   (前→+1500ms): Δ comp:Some("k")→Some("")
[02:53:29.954Z] KEY [SCRIPT 10/10 ひらがなキー 期待=かなに戻る(後片付け)] ひらがな(0xF2) vk=0xF2 scan=0x70 press=02:53:28.392Z (auto)  状態=IME ON・入力なし
    前     : A(open=1 conv=0x10) B(open=1 conv=0x10) T(open=1 conv=0x10) G(open=0 conv=0x00) comp="" tail="kkkkkkkk"
    +100ms: A(open=1 conv=0x19) B(open=1 conv=0x19) T(open=1 conv=0x19) G(open=0 conv=0x00) comp="" tail="kkkkkkkk"
    +400ms: A(open=1 conv=0x19) B(open=1 conv=0x19) T(open=1 conv=0x19) G(open=0 conv=0x00) comp="" tail="kkkkkkkk"
    +1500ms: A(open=1 conv=0x19) B(open=1 conv=0x19) T(open=1 conv=0x19) G(open=0 conv=0x00) comp="" tail="kkkkkkkk"
    差分 (前→+100ms): Δ conv A:0x10→0x19 B:0x10→0x19 / tsf-thread open:1→1 conv:0x10→0x19   (前→+400ms): Δ conv A:0x10→0x19 B:0x10→0x19 / tsf-thread open:1→1 conv:0x10→0x19   (前→+1500ms): Δ conv A:0x10→0x19 B:0x10→0x19 / tsf-thread open:1→1 conv:0x10→0x19
[02:53:31.203Z] KEY [準備/その他] ESC vk=0x1B scan=0x01 press=02:53:29.581Z (auto)  状態=IME ON・入力中
    前     : A(open=1 conv=0x19) B(open=1 conv=0x19) T(open=1 conv=0x19) G(open=0 conv=0x00) comp="き" tail="kkkkkkkk"
    +100ms: A(open=1 conv=0x19) B(open=1 conv=0x19) T(open=1 conv=0x19) G(open=0 conv=0x00) comp="" tail="kkkkkkkk"
    +400ms: A(open=1 conv=0x19) B(open=1 conv=0x19) T(open=1 conv=0x19) G(open=0 conv=0x00) comp="" tail="kkkkkkkk"
    +1500ms: A(open=1 conv=0x19) B(open=1 conv=0x19) T(open=1 conv=0x19) G(open=0 conv=0x00) comp="" tail="kkkkkkkk"
    差分 (前→+100ms): Δ comp:Some("き")→Some("")   (前→+400ms): Δ comp:Some("き")→Some("")   (前→+1500ms): Δ comp:Some("き")→Some("")
[RUN 3/12 完了]
[RUN 4/12 開始]
[02:53:34.710Z] KEY [SCRIPT 1/10 ひらがなキー 期待=ONのまま半角英数へ(conv 0x10)。Engine OFF(決定3保留のため遅延の可能性あり)] ひらがな(0xF2) vk=0xF2 scan=0x70 press=02:53:33.134Z (auto)  状態=IME ON・入力なし
    前     : A(open=1 conv=0x19) B(open=1 conv=0x19) T(open=1 conv=0x19) G(open=0 conv=0x00) comp="" tail="kkkkkkkk"
    +100ms: A(open=1 conv=0x10) B(open=1 conv=0x10) T(open=1 conv=0x10) G(open=0 conv=0x00) comp="" tail="kkkkkkkk"
    +400ms: A(open=1 conv=0x10) B(open=1 conv=0x10) T(open=1 conv=0x10) G(open=0 conv=0x00) comp="" tail="kkkkkkkk"
    +1500ms: A(open=1 conv=0x10) B(open=1 conv=0x10) T(open=1 conv=0x10) G(open=0 conv=0x00) comp="" tail="kkkkkkkk"
    差分 (前→+100ms): Δ conv A:0x19→0x10 B:0x19→0x10 / tsf-thread open:1→1 conv:0x19→0x10   (前→+400ms): Δ conv A:0x19→0x10 B:0x19→0x10 / tsf-thread open:1→1 conv:0x19→0x10   (前→+1500ms): Δ conv A:0x19→0x10 B:0x19→0x10 / tsf-thread open:1→1 conv:0x19→0x10
[02:53:35.894Z] KEY [準備/その他] ESC vk=0x1B scan=0x01 press=02:53:34.274Z (auto)  状態=IME ON・入力中
    前     : A(open=1 conv=0x10) B(open=1 conv=0x10) T(open=1 conv=0x10) G(open=0 conv=0x00) comp="k" tail="kkkkkkkk"
    +100ms: A(open=1 conv=0x10) B(open=1 conv=0x10) T(open=1 conv=0x10) G(open=0 conv=0x00) comp="" tail="kkkkkkkk"
    +400ms: A(open=1 conv=0x10) B(open=1 conv=0x10) T(open=1 conv=0x10) G(open=0 conv=0x00) comp="" tail="kkkkkkkk"
    +1500ms: A(open=1 conv=0x10) B(open=1 conv=0x10) T(open=1 conv=0x10) G(open=0 conv=0x00) comp="" tail="kkkkkkkk"
    差分 (前→+100ms): Δ comp:Some("k")→Some("")   (前→+400ms): Δ comp:Some("k")→Some("")   (前→+1500ms): Δ comp:Some("k")→Some("")
[02:53:37.885Z] KEY [SCRIPT 2/10 無変換 期待=IME OFF(直接入力)。Engine OFF] 無変換 vk=0x1D scan=0x7B press=02:53:36.267Z (auto)  状態=IME ON・入力なし
    前     : A(open=1 conv=0x10) B(open=1 conv=0x10) T(open=1 conv=0x10) G(open=0 conv=0x00) comp="" tail="kkkkkkkk"
    +100ms: A(open=0 conv=0x10) B(open=0 conv=0x10) T(open=0 conv=0x10) G(open=0 conv=0x00) comp="" tail="kkkkkkkk"
    +400ms: A(open=0 conv=0x10) B(open=0 conv=0x10) T(open=0 conv=0x10) G(open=0 conv=0x00) comp="" tail="kkkkkkkk"
    +1500ms: A(open=0 conv=0x10) B(open=0 conv=0x10) T(open=0 conv=0x10) G(open=0 conv=0x00) comp="" tail="kkkkkkkk"
    差分 (前→+100ms): Δ open A:1→0 B:1→0 / tsf-thread open:1→0 conv:0x10→0x10   (前→+400ms): Δ open A:1→0 B:1→0 / tsf-thread open:1→0 conv:0x10→0x10   (前→+1500ms): Δ open A:1→0 B:1→0 / tsf-thread open:1→0 conv:0x10→0x10
[02:53:39.073Z] KEY [準備/その他] ESC vk=0x1B scan=0x01 press=02:53:37.451Z (auto)  状態=直接入力
    前     : A(open=0 conv=0x10) B(open=0 conv=0x10) T(open=0 conv=0x10) G(open=0 conv=0x00) comp="" tail="kkkkkkkk"
    +100ms: A(open=0 conv=0x10) B(open=0 conv=0x10) T(open=0 conv=0x10) G(open=0 conv=0x00) comp="" tail="kkkkkkkk"
    +400ms: A(open=0 conv=0x10) B(open=0 conv=0x10) T(open=0 conv=0x10) G(open=0 conv=0x00) comp="" tail="kkkkkkkk"
    +1500ms: A(open=0 conv=0x10) B(open=0 conv=0x10) T(open=0 conv=0x10) G(open=0 conv=0x00) comp="" tail="kkkkkkkk"
    差分 (前→+100ms): Δなし   (前→+400ms): Δなし   (前→+1500ms): Δなし
[02:53:41.042Z] KEY [SCRIPT 3/10 無変換 期待=IME ON・半角英数のまま(conv 0x10)。Engine は OFF のまま ← 決定2の核心] 無変換 vk=0x1D scan=0x7B press=02:53:39.402Z (auto)  状態=直接入力
    前     : A(open=0 conv=0x10) B(open=0 conv=0x10) T(open=0 conv=0x10) G(open=0 conv=0x00) comp="" tail="kkkkkkkk"
    +100ms: A(open=1 conv=0x10) B(open=1 conv=0x10) T(open=1 conv=0x10) G(open=0 conv=0x00) comp="" tail="kkkkkkkk"
    +400ms: A(open=1 conv=0x10) B(open=1 conv=0x10) T(open=1 conv=0x10) G(open=0 conv=0x00) comp="" tail="kkkkkkkk"
    +1500ms: A(open=1 conv=0x10) B(open=1 conv=0x10) T(open=1 conv=0x10) G(open=0 conv=0x00) comp="" tail="kkkkkkkk"
    差分 (前→+100ms): Δ open A:0→1 B:0→1 / tsf-thread open:0→1 conv:0x10→0x10   (前→+400ms): Δ open A:0→1 B:0→1 / tsf-thread open:0→1 conv:0x10→0x10   (前→+1500ms): Δ open A:0→1 B:0→1 / tsf-thread open:0→1 conv:0x10→0x10
[02:53:42.169Z] KEY [準備/その他] ESC vk=0x1B scan=0x01 press=02:53:40.587Z (auto)  状態=IME ON・入力中
    前     : A(open=1 conv=0x10) B(open=1 conv=0x10) T(open=1 conv=0x10) G(open=0 conv=0x00) comp="k" tail="kkkkkkkk"
    +100ms: A(open=1 conv=0x10) B(open=1 conv=0x10) T(open=1 conv=0x10) G(open=0 conv=0x00) comp="" tail="kkkkkkkk"
    +400ms: A(open=1 conv=0x10) B(open=1 conv=0x10) T(open=1 conv=0x10) G(open=0 conv=0x00) comp="" tail="kkkkkkkk"
    +1500ms: A(open=1 conv=0x10) B(open=1 conv=0x10) T(open=1 conv=0x10) G(open=0 conv=0x00) comp="" tail="kkkkkkkk"
    差分 (前→+100ms): Δ comp:Some("k")→Some("")   (前→+400ms): Δ comp:Some("k")→Some("")   (前→+1500ms): Δ comp:Some("k")→Some("")
[02:53:44.170Z] KEY [SCRIPT 4/10 ひらがなキー 期待=かなに戻る(conv 0x19)。Engine ON(遅延の可能性あり)] ひらがな(0xF2) vk=0xF2 scan=0x70 press=02:53:42.552Z (auto)  状態=IME ON・入力なし
    前     : A(open=1 conv=0x10) B(open=1 conv=0x10) T(open=1 conv=0x10) G(open=0 conv=0x00) comp="" tail="kkkkkkkk"
    +100ms: A(open=1 conv=0x19) B(open=1 conv=0x19) T(open=1 conv=0x19) G(open=0 conv=0x00) comp="" tail="kkkkkkkk"
    +400ms: A(open=1 conv=0x19) B(open=1 conv=0x19) T(open=1 conv=0x19) G(open=0 conv=0x00) comp="" tail="kkkkkkkk"
    +1500ms: A(open=1 conv=0x19) B(open=1 conv=0x19) T(open=1 conv=0x19) G(open=0 conv=0x00) comp="" tail="kkkkkkkk"
    差分 (前→+100ms): Δ conv A:0x10→0x19 B:0x10→0x19 / tsf-thread open:1→1 conv:0x10→0x19   (前→+400ms): Δ conv A:0x10→0x19 B:0x10→0x19 / tsf-thread open:1→1 conv:0x10→0x19   (前→+1500ms): Δ conv A:0x10→0x19 B:0x10→0x19 / tsf-thread open:1→1 conv:0x10→0x19
[02:53:45.305Z] KEY [準備/その他] ESC vk=0x1B scan=0x01 press=02:53:43.735Z (auto)  状態=IME ON・入力中
    前     : A(open=1 conv=0x19) B(open=1 conv=0x19) T(open=1 conv=0x19) G(open=0 conv=0x00) comp="き" tail="kkkkkkkk"
    +100ms: A(open=1 conv=0x19) B(open=1 conv=0x19) T(open=1 conv=0x19) G(open=0 conv=0x00) comp="" tail="kkkkkkkk"
    +400ms: A(open=1 conv=0x19) B(open=1 conv=0x19) T(open=1 conv=0x19) G(open=0 conv=0x00) comp="" tail="kkkkkkkk"
    +1500ms: A(open=1 conv=0x19) B(open=1 conv=0x19) T(open=1 conv=0x19) G(open=0 conv=0x00) comp="" tail="kkkkkkkk"
    差分 (前→+100ms): Δ comp:Some("き")→Some("")   (前→+400ms): Δ comp:Some("き")→Some("")   (前→+1500ms): Δ comp:Some("き")→Some("")
[02:53:47.299Z] KEY [SCRIPT 5/10 無変換 期待=IME OFF。Engine OFF] 無変換 vk=0x1D scan=0x7B press=02:53:45.678Z (auto)  状態=IME ON・入力なし
    前     : A(open=1 conv=0x19) B(open=1 conv=0x19) T(open=1 conv=0x19) G(open=0 conv=0x00) comp="" tail="kkkkkkkk"
    +100ms: A(open=0 conv=0x19) B(open=0 conv=0x19) T(open=0 conv=0x19) G(open=0 conv=0x00) comp="" tail="kkkkkkkk"
    +400ms: A(open=0 conv=0x19) B(open=0 conv=0x19) T(open=0 conv=0x19) G(open=0 conv=0x00) comp="" tail="kkkkkkkk"
    +1500ms: A(open=0 conv=0x19) B(open=0 conv=0x19) T(open=0 conv=0x19) G(open=0 conv=0x00) comp="" tail="kkkkkkkk"
    差分 (前→+100ms): Δ open A:1→0 B:1→0 / tsf-thread open:1→0 conv:0x19→0x19   (前→+400ms): Δ open A:1→0 B:1→0 / tsf-thread open:1→0 conv:0x19→0x19   (前→+1500ms): Δ open A:1→0 B:1→0 / tsf-thread open:1→0 conv:0x19→0x19
[02:53:48.483Z] KEY [準備/その他] ESC vk=0x1B scan=0x01 press=02:53:46.869Z (auto)  状態=直接入力
    前     : A(open=0 conv=0x19) B(open=0 conv=0x19) T(open=0 conv=0x19) G(open=0 conv=0x00) comp="" tail="kkkkkkkk"
    +100ms: A(open=0 conv=0x19) B(open=0 conv=0x19) T(open=0 conv=0x19) G(open=0 conv=0x00) comp="" tail="kkkkkkkk"
    +400ms: A(open=0 conv=0x19) B(open=0 conv=0x19) T(open=0 conv=0x19) G(open=0 conv=0x00) comp="" tail="kkkkkkkk"
    +1500ms: A(open=0 conv=0x19) B(open=0 conv=0x19) T(open=0 conv=0x19) G(open=0 conv=0x00) comp="" tail="kkkkkkkk"
    差分 (前→+100ms): Δなし   (前→+400ms): Δなし   (前→+1500ms): Δなし
[02:53:48.545Z] KEY [準備/その他] ESC vk=0x1B scan=0x01 press=02:53:46.933Z (injected)  状態=直接入力
    前     : A(open=0 conv=0x19) B(open=0 conv=0x19) T(open=0 conv=0x19) G(open=0 conv=0x00) comp="" tail="kkkkkkkk"
    +100ms: A(open=0 conv=0x19) B(open=0 conv=0x19) T(open=0 conv=0x19) G(open=0 conv=0x00) comp="" tail="kkkkkkkk"
    +400ms: A(open=0 conv=0x19) B(open=0 conv=0x19) T(open=0 conv=0x19) G(open=0 conv=0x00) comp="" tail="kkkkkkkk"
    +1500ms: A(open=0 conv=0x19) B(open=0 conv=0x19) T(open=0 conv=0x19) G(open=0 conv=0x00) comp="" tail="kkkkkkkk"
    差分 (前→+100ms): Δなし   (前→+400ms): Δなし   (前→+1500ms): Δなし
[02:53:50.483Z] KEY [SCRIPT 6/10 無変換 期待=IME ON(かな)。Engine ON] 無変換 vk=0x1D scan=0x7B press=02:53:48.855Z (auto)  状態=直接入力
    前     : A(open=0 conv=0x19) B(open=0 conv=0x19) T(open=0 conv=0x19) G(open=0 conv=0x00) comp="" tail="kkkkkkkk"
    +100ms: A(open=1 conv=0x19) B(open=1 conv=0x19) T(open=1 conv=0x19) G(open=0 conv=0x00) comp="" tail="kkkkkkkk"
    +400ms: A(open=1 conv=0x19) B(open=1 conv=0x19) T(open=1 conv=0x19) G(open=0 conv=0x00) comp="" tail="kkkkkkkk"
    +1500ms: A(open=1 conv=0x19) B(open=1 conv=0x19) T(open=1 conv=0x19) G(open=0 conv=0x00) comp="" tail="kkkkkkkk"
    差分 (前→+100ms): Δ open A:0→1 B:0→1 / tsf-thread open:0→1 conv:0x19→0x19   (前→+400ms): Δ open A:0→1 B:0→1 / tsf-thread open:0→1 conv:0x19→0x19   (前→+1500ms): Δ open A:0→1 B:0→1 / tsf-thread open:0→1 conv:0x19→0x19
[02:53:51.609Z] KEY [準備/その他] ESC vk=0x1B scan=0x01 press=02:53:50.049Z (auto)  状態=IME ON・入力中
    前     : A(open=1 conv=0x19) B(open=1 conv=0x19) T(open=1 conv=0x19) G(open=0 conv=0x00) comp="き" tail="kkkkkkkk"
    +100ms: A(open=1 conv=0x19) B(open=1 conv=0x19) T(open=1 conv=0x19) G(open=0 conv=0x00) comp="" tail="kkkkkkkk"
    +400ms: A(open=1 conv=0x19) B(open=1 conv=0x19) T(open=1 conv=0x19) G(open=0 conv=0x00) comp="" tail="kkkkkkkk"
    +1500ms: A(open=1 conv=0x19) B(open=1 conv=0x19) T(open=1 conv=0x19) G(open=0 conv=0x00) comp="" tail="kkkkkkkk"
    差分 (前→+100ms): Δ comp:Some("き")→Some("")   (前→+400ms): Δ comp:Some("き")→Some("")   (前→+1500ms): Δ comp:Some("き")→Some("")
[02:53:53.617Z] KEY [SCRIPT 7/10 ひらがなキー 期待=ONのまま半角英数へ。Engine は(遅延で)OFF] ひらがな(0xF2) vk=0xF2 scan=0x70 press=02:53:52.047Z (auto)  状態=IME ON・入力なし
    前     : A(open=1 conv=0x19) B(open=1 conv=0x19) T(open=1 conv=0x19) G(open=0 conv=0x00) comp="" tail="kkkkkkkk"
    +100ms: A(open=1 conv=0x10) B(open=1 conv=0x10) T(open=1 conv=0x10) G(open=0 conv=0x00) comp="" tail="kkkkkkkk"
    +400ms: A(open=1 conv=0x10) B(open=1 conv=0x10) T(open=1 conv=0x10) G(open=0 conv=0x00) comp="" tail="kkkkkkkk"
    +1500ms: A(open=1 conv=0x10) B(open=1 conv=0x10) T(open=1 conv=0x10) G(open=0 conv=0x00) comp="" tail="kkkkkkkk"
    差分 (前→+100ms): Δ conv A:0x19→0x10 B:0x19→0x10 / tsf-thread open:1→1 conv:0x19→0x10   (前→+400ms): Δ conv A:0x19→0x10 B:0x19→0x10 / tsf-thread open:1→1 conv:0x19→0x10   (前→+1500ms): Δ conv A:0x19→0x10 B:0x19→0x10 / tsf-thread open:1→1 conv:0x19→0x10
[02:53:54.806Z] KEY [準備/その他] ESC vk=0x1B scan=0x01 press=02:53:53.242Z (auto)  状態=IME ON・入力中
    前     : A(open=1 conv=0x10) B(open=1 conv=0x10) T(open=1 conv=0x10) G(open=0 conv=0x00) comp="k" tail="kkkkkkkk"
    +100ms: A(open=1 conv=0x10) B(open=1 conv=0x10) T(open=1 conv=0x10) G(open=0 conv=0x00) comp="" tail="kkkkkkkk"
    +400ms: A(open=1 conv=0x10) B(open=1 conv=0x10) T(open=1 conv=0x10) G(open=0 conv=0x00) comp="" tail="kkkkkkkk"
    +1500ms: A(open=1 conv=0x10) B(open=1 conv=0x10) T(open=1 conv=0x10) G(open=0 conv=0x00) comp="" tail="kkkkkkkk"
    差分 (前→+100ms): Δ comp:Some("k")→Some("")   (前→+400ms): Δ comp:Some("k")→Some("")   (前→+1500ms): Δ comp:Some("k")→Some("")
[02:53:56.866Z] KEY [SCRIPT 8/10 無変換 期待=IME OFF。Engine OFF] 無変換 vk=0x1D scan=0x7B press=02:53:55.228Z (auto)  状態=IME ON・入力なし
    前     : A(open=1 conv=0x10) B(open=1 conv=0x10) T(open=1 conv=0x10) G(open=0 conv=0x00) comp="" tail="kkkkkkkk"
    +100ms: A(open=0 conv=0x10) B(open=0 conv=0x10) T(open=0 conv=0x10) G(open=0 conv=0x00) comp="" tail="kkkkkkkk"
    +400ms: A(open=0 conv=0x10) B(open=0 conv=0x10) T(open=0 conv=0x10) G(open=0 conv=0x00) comp="" tail="kkkkkkkk"
    +1500ms: A(open=0 conv=0x10) B(open=0 conv=0x10) T(open=0 conv=0x10) G(open=0 conv=0x00) comp="" tail="kkkkkkkk"
    差分 (前→+100ms): Δ open A:1→0 B:1→0 / tsf-thread open:1→0 conv:0x10→0x10   (前→+400ms): Δ open A:1→0 B:1→0 / tsf-thread open:1→0 conv:0x10→0x10   (前→+1500ms): Δ open A:1→0 B:1→0 / tsf-thread open:1→0 conv:0x10→0x10
[02:53:58.051Z] KEY [準備/その他] ESC vk=0x1B scan=0x01 press=02:53:56.426Z (auto)  状態=直接入力
    前     : A(open=0 conv=0x10) B(open=0 conv=0x10) T(open=0 conv=0x10) G(open=0 conv=0x00) comp="" tail="kkkkkkkk"
    +100ms: A(open=0 conv=0x10) B(open=0 conv=0x10) T(open=0 conv=0x10) G(open=0 conv=0x00) comp="" tail="kkkkkkkk"
    +400ms: A(open=0 conv=0x10) B(open=0 conv=0x10) T(open=0 conv=0x10) G(open=0 conv=0x00) comp="" tail="kkkkkkkk"
    +1500ms: A(open=0 conv=0x10) B(open=0 conv=0x10) T(open=0 conv=0x10) G(open=0 conv=0x00) comp="" tail="kkkkkkkk"
    差分 (前→+100ms): Δなし   (前→+400ms): Δなし   (前→+1500ms): Δなし
[02:53:59.985Z] KEY [SCRIPT 9/10 無変換 期待=IME ON・半角英数のまま。Engine が ON にならないこと ← 退行窓の確認] 無変換 vk=0x1D scan=0x7B press=02:53:58.352Z (auto)  状態=直接入力
    前     : A(open=0 conv=0x10) B(open=0 conv=0x10) T(open=0 conv=0x10) G(open=0 conv=0x00) comp="" tail="kkkkkkkk"
    +100ms: A(open=1 conv=0x10) B(open=1 conv=0x10) T(open=1 conv=0x10) G(open=0 conv=0x00) comp="" tail="kkkkkkkk"
    +400ms: A(open=1 conv=0x10) B(open=1 conv=0x10) T(open=1 conv=0x10) G(open=0 conv=0x00) comp="" tail="kkkkkkkk"
    +1500ms: A(open=1 conv=0x10) B(open=1 conv=0x10) T(open=1 conv=0x10) G(open=0 conv=0x00) comp="" tail="kkkkkkkk"
    差分 (前→+100ms): Δ open A:0→1 B:0→1 / tsf-thread open:0→1 conv:0x10→0x10   (前→+400ms): Δ open A:0→1 B:0→1 / tsf-thread open:0→1 conv:0x10→0x10   (前→+1500ms): Δ open A:0→1 B:0→1 / tsf-thread open:0→1 conv:0x10→0x10
[02:54:01.107Z] KEY [準備/その他] ESC vk=0x1B scan=0x01 press=02:53:59.542Z (auto)  状態=IME ON・入力中
    前     : A(open=1 conv=0x10) B(open=1 conv=0x10) T(open=1 conv=0x10) G(open=0 conv=0x00) comp="k" tail="kkkkkkkk"
    +100ms: A(open=1 conv=0x10) B(open=1 conv=0x10) T(open=1 conv=0x10) G(open=0 conv=0x00) comp="" tail="kkkkkkkk"
    +400ms: A(open=1 conv=0x10) B(open=1 conv=0x10) T(open=1 conv=0x10) G(open=0 conv=0x00) comp="" tail="kkkkkkkk"
    +1500ms: A(open=1 conv=0x10) B(open=1 conv=0x10) T(open=1 conv=0x10) G(open=0 conv=0x00) comp="" tail="kkkkkkkk"
    差分 (前→+100ms): Δ comp:Some("k")→Some("")   (前→+400ms): Δ comp:Some("k")→Some("")   (前→+1500ms): Δ comp:Some("k")→Some("")
[02:54:03.172Z] KEY [SCRIPT 10/10 ひらがなキー 期待=かなに戻る(後片付け)] ひらがな(0xF2) vk=0xF2 scan=0x70 press=02:54:01.546Z (auto)  状態=IME ON・入力なし
    前     : A(open=1 conv=0x10) B(open=1 conv=0x10) T(open=1 conv=0x10) G(open=0 conv=0x00) comp="" tail="kkkkkkkk"
    +100ms: A(open=1 conv=0x19) B(open=1 conv=0x19) T(open=1 conv=0x19) G(open=0 conv=0x00) comp="" tail="kkkkkkkk"
    +400ms: A(open=1 conv=0x19) B(open=1 conv=0x19) T(open=1 conv=0x19) G(open=0 conv=0x00) comp="" tail="kkkkkkkk"
    +1500ms: A(open=1 conv=0x19) B(open=1 conv=0x19) T(open=1 conv=0x19) G(open=0 conv=0x00) comp="" tail="kkkkkkkk"
    差分 (前→+100ms): Δ conv A:0x10→0x19 B:0x10→0x19 / tsf-thread open:1→1 conv:0x10→0x19   (前→+400ms): Δ conv A:0x10→0x19 B:0x10→0x19 / tsf-thread open:1→1 conv:0x10→0x19   (前→+1500ms): Δ conv A:0x10→0x19 B:0x10→0x19 / tsf-thread open:1→1 conv:0x10→0x19
[02:54:04.354Z] KEY [準備/その他] ESC vk=0x1B scan=0x01 press=02:54:02.733Z (auto)  状態=IME ON・入力中
    前     : A(open=1 conv=0x19) B(open=1 conv=0x19) T(open=1 conv=0x19) G(open=0 conv=0x00) comp="き" tail="kkkkkkkk"
    +100ms: A(open=1 conv=0x19) B(open=1 conv=0x19) T(open=1 conv=0x19) G(open=0 conv=0x00) comp="" tail="kkkkkkkk"
    +400ms: A(open=1 conv=0x19) B(open=1 conv=0x19) T(open=1 conv=0x19) G(open=0 conv=0x00) comp="" tail="kkkkkkkk"
    +1500ms: A(open=1 conv=0x19) B(open=1 conv=0x19) T(open=1 conv=0x19) G(open=0 conv=0x00) comp="" tail="kkkkkkkk"
    差分 (前→+100ms): Δ comp:Some("き")→Some("")   (前→+400ms): Δ comp:Some("き")→Some("")   (前→+1500ms): Δ comp:Some("き")→Some("")
[RUN 4/12 完了]
[RUN 5/12 開始]
[02:54:07.801Z] KEY [SCRIPT 1/10 ひらがなキー 期待=ONのまま半角英数へ(conv 0x10)。Engine OFF(決定3保留のため遅延の可能性あり)] ひらがな(0xF2) vk=0xF2 scan=0x70 press=02:54:06.237Z (auto)  状態=IME ON・入力なし
    前     : A(open=1 conv=0x19) B(open=1 conv=0x19) T(open=1 conv=0x19) G(open=0 conv=0x00) comp="" tail="kkkkkkkk"
    +100ms: A(open=1 conv=0x10) B(open=1 conv=0x10) T(open=1 conv=0x10) G(open=0 conv=0x00) comp="" tail="kkkkkkkk"
    +400ms: A(open=1 conv=0x10) B(open=1 conv=0x10) T(open=1 conv=0x10) G(open=0 conv=0x00) comp="" tail="kkkkkkkk"
    +1500ms: A(open=1 conv=0x10) B(open=1 conv=0x10) T(open=1 conv=0x10) G(open=0 conv=0x00) comp="" tail="kkkkkkkk"
    差分 (前→+100ms): Δ conv A:0x19→0x10 B:0x19→0x10 / tsf-thread open:1→1 conv:0x19→0x10   (前→+400ms): Δ conv A:0x19→0x10 B:0x19→0x10 / tsf-thread open:1→1 conv:0x19→0x10   (前→+1500ms): Δ conv A:0x19→0x10 B:0x19→0x10 / tsf-thread open:1→1 conv:0x19→0x10
[02:54:09.048Z] KEY [準備/その他] ESC vk=0x1B scan=0x01 press=02:54:07.413Z (auto)  状態=IME ON・入力中
    前     : A(open=1 conv=0x10) B(open=1 conv=0x10) T(open=1 conv=0x10) G(open=0 conv=0x00) comp="k" tail="kkkkkkkk"
    +100ms: A(open=1 conv=0x10) B(open=1 conv=0x10) T(open=1 conv=0x10) G(open=0 conv=0x00) comp="" tail="kkkkkkkk"
    +400ms: A(open=1 conv=0x10) B(open=1 conv=0x10) T(open=1 conv=0x10) G(open=0 conv=0x00) comp="" tail="kkkkkkkk"
    +1500ms: A(open=1 conv=0x10) B(open=1 conv=0x10) T(open=1 conv=0x10) G(open=0 conv=0x00) comp="" tail="kkkkkkkk"
    差分 (前→+100ms): Δ comp:Some("k")→Some("")   (前→+400ms): Δ comp:Some("k")→Some("")   (前→+1500ms): Δ comp:Some("k")→Some("")
[02:54:10.984Z] KEY [SCRIPT 2/10 無変換 期待=IME OFF(直接入力)。Engine OFF] 無変換 vk=0x1D scan=0x7B press=02:54:09.420Z (auto)  状態=IME ON・入力なし
    前     : A(open=1 conv=0x10) B(open=1 conv=0x10) T(open=1 conv=0x10) G(open=0 conv=0x00) comp="" tail="kkkkkkkk"
    +100ms: A(open=0 conv=0x10) B(open=0 conv=0x10) T(open=0 conv=0x10) G(open=0 conv=0x00) comp="" tail="kkkkkkkk"
    +400ms: A(open=0 conv=0x10) B(open=0 conv=0x10) T(open=0 conv=0x10) G(open=0 conv=0x00) comp="" tail="kkkkkkkk"
    +1500ms: A(open=0 conv=0x10) B(open=0 conv=0x10) T(open=0 conv=0x10) G(open=0 conv=0x00) comp="" tail="kkkkkkkk"
    差分 (前→+100ms): Δ open A:1→0 B:1→0 / tsf-thread open:1→0 conv:0x10→0x10   (前→+400ms): Δ open A:1→0 B:1→0 / tsf-thread open:1→0 conv:0x10→0x10   (前→+1500ms): Δ open A:1→0 B:1→0 / tsf-thread open:1→0 conv:0x10→0x10
[02:54:12.230Z] KEY [準備/その他] ESC vk=0x1B scan=0x01 press=02:54:10.608Z (auto)  状態=直接入力
    前     : A(open=0 conv=0x10) B(open=0 conv=0x10) T(open=0 conv=0x10) G(open=0 conv=0x00) comp="" tail="kkkkkkkk"
    +100ms: A(open=0 conv=0x10) B(open=0 conv=0x10) T(open=0 conv=0x10) G(open=0 conv=0x00) comp="" tail="kkkkkkkk"
    +400ms: A(open=0 conv=0x10) B(open=0 conv=0x10) T(open=0 conv=0x10) G(open=0 conv=0x00) comp="" tail="kkkkkkkk"
    +1500ms: A(open=0 conv=0x10) B(open=0 conv=0x10) T(open=0 conv=0x10) G(open=0 conv=0x00) comp="" tail="kkkkkkkk"
    差分 (前→+100ms): Δなし   (前→+400ms): Δなし   (前→+1500ms): Δなし
[02:54:14.231Z] KEY [SCRIPT 3/10 無変換 期待=IME ON・半角英数のまま(conv 0x10)。Engine は OFF のまま ← 決定2の核心] 無変換 vk=0x1D scan=0x7B press=02:54:12.605Z (auto)  状態=直接入力
    前     : A(open=0 conv=0x10) B(open=0 conv=0x10) T(open=0 conv=0x10) G(open=0 conv=0x00) comp="" tail="kkkkkkkk"
    +100ms: A(open=1 conv=0x10) B(open=1 conv=0x10) T(open=1 conv=0x10) G(open=0 conv=0x00) comp="" tail="kkkkkkkk"
    +400ms: A(open=1 conv=0x10) B(open=1 conv=0x10) T(open=1 conv=0x10) G(open=0 conv=0x00) comp="" tail="kkkkkkkk"
    +1500ms: A(open=1 conv=0x10) B(open=1 conv=0x10) T(open=1 conv=0x10) G(open=0 conv=0x00) comp="" tail="kkkkkkkk"
    差分 (前→+100ms): Δ open A:0→1 B:0→1 / tsf-thread open:0→1 conv:0x10→0x10   (前→+400ms): Δ open A:0→1 B:0→1 / tsf-thread open:0→1 conv:0x10→0x10   (前→+1500ms): Δ open A:0→1 B:0→1 / tsf-thread open:0→1 conv:0x10→0x10
[02:54:15.417Z] KEY [準備/その他] ESC vk=0x1B scan=0x01 press=02:54:13.795Z (auto)  状態=IME ON・入力中
    前     : A(open=1 conv=0x10) B(open=1 conv=0x10) T(open=1 conv=0x10) G(open=0 conv=0x00) comp="k" tail="kkkkkkkk"
    +100ms: A(open=1 conv=0x10) B(open=1 conv=0x10) T(open=1 conv=0x10) G(open=0 conv=0x00) comp="" tail="kkkkkkkk"
    +400ms: A(open=1 conv=0x10) B(open=1 conv=0x10) T(open=1 conv=0x10) G(open=0 conv=0x00) comp="" tail="kkkkkkkk"
    +1500ms: A(open=1 conv=0x10) B(open=1 conv=0x10) T(open=1 conv=0x10) G(open=0 conv=0x00) comp="" tail="kkkkkkkk"
    差分 (前→+100ms): Δ comp:Some("k")→Some("")   (前→+400ms): Δ comp:Some("k")→Some("")   (前→+1500ms): Δ comp:Some("k")→Some("")
[02:54:17.376Z] KEY [SCRIPT 4/10 ひらがなキー 期待=かなに戻る(conv 0x19)。Engine ON(遅延の可能性あり)] ひらがな(0xF2) vk=0xF2 scan=0x70 press=02:54:15.789Z (auto)  状態=IME ON・入力なし
    前     : A(open=1 conv=0x10) B(open=1 conv=0x10) T(open=1 conv=0x10) G(open=0 conv=0x00) comp="" tail="kkkkkkkk"
    +100ms: A(open=1 conv=0x19) B(open=1 conv=0x19) T(open=1 conv=0x19) G(open=0 conv=0x00) comp="" tail="kkkkkkkk"
    +400ms: A(open=1 conv=0x19) B(open=1 conv=0x19) T(open=1 conv=0x19) G(open=0 conv=0x00) comp="" tail="kkkkkkkk"
    +1500ms: A(open=1 conv=0x19) B(open=1 conv=0x19) T(open=1 conv=0x19) G(open=0 conv=0x00) comp="" tail="kkkkkkkk"
    差分 (前→+100ms): Δ conv A:0x10→0x19 B:0x10→0x19 / tsf-thread open:1→1 conv:0x10→0x19   (前→+400ms): Δ conv A:0x10→0x19 B:0x10→0x19 / tsf-thread open:1→1 conv:0x10→0x19   (前→+1500ms): Δ conv A:0x10→0x19 B:0x10→0x19 / tsf-thread open:1→1 conv:0x10→0x19
[02:54:18.569Z] KEY [準備/その他] ESC vk=0x1B scan=0x01 press=02:54:16.933Z (auto)  状態=IME ON・入力中
    前     : A(open=1 conv=0x19) B(open=1 conv=0x19) T(open=1 conv=0x19) G(open=0 conv=0x00) comp="き" tail="kkkkkkkk"
    +100ms: A(open=1 conv=0x19) B(open=1 conv=0x19) T(open=1 conv=0x19) G(open=0 conv=0x00) comp="" tail="kkkkkkkk"
    +400ms: A(open=1 conv=0x19) B(open=1 conv=0x19) T(open=1 conv=0x19) G(open=0 conv=0x00) comp="" tail="kkkkkkkk"
    +1500ms: A(open=1 conv=0x19) B(open=1 conv=0x19) T(open=1 conv=0x19) G(open=0 conv=0x00) comp="" tail="kkkkkkkk"
    差分 (前→+100ms): Δ comp:Some("き")→Some("")   (前→+400ms): Δ comp:Some("き")→Some("")   (前→+1500ms): Δ comp:Some("き")→Some("")
[02:54:20.502Z] KEY [SCRIPT 5/10 無変換 期待=IME OFF。Engine OFF] 無変換 vk=0x1D scan=0x7B press=02:54:18.931Z (auto)  状態=IME ON・入力なし
    前     : A(open=1 conv=0x19) B(open=1 conv=0x19) T(open=1 conv=0x19) G(open=0 conv=0x00) comp="" tail="kkkkkkkk"
    +100ms: A(open=0 conv=0x19) B(open=0 conv=0x19) T(open=0 conv=0x19) G(open=0 conv=0x00) comp="" tail="kkkkkkkk"
    +400ms: A(open=0 conv=0x19) B(open=0 conv=0x19) T(open=0 conv=0x19) G(open=0 conv=0x00) comp="" tail="kkkkkkkk"
    +1500ms: A(open=0 conv=0x19) B(open=0 conv=0x19) T(open=0 conv=0x19) G(open=0 conv=0x00) comp="" tail="kkkkkkkk"
    差分 (前→+100ms): Δ open A:1→0 B:1→0 / tsf-thread open:1→0 conv:0x19→0x19   (前→+400ms): Δ open A:1→0 B:1→0 / tsf-thread open:1→0 conv:0x19→0x19   (前→+1500ms): Δ open A:1→0 B:1→0 / tsf-thread open:1→0 conv:0x19→0x19
[02:54:21.748Z] KEY [準備/その他] ESC vk=0x1B scan=0x01 press=02:54:20.131Z (auto)  状態=直接入力
    前     : A(open=0 conv=0x19) B(open=0 conv=0x19) T(open=0 conv=0x19) G(open=0 conv=0x00) comp="" tail="kkkkkkkk"
    +100ms: A(open=0 conv=0x19) B(open=0 conv=0x19) T(open=0 conv=0x19) G(open=0 conv=0x00) comp="" tail="kkkkkkkk"
    +400ms: A(open=0 conv=0x19) B(open=0 conv=0x19) T(open=0 conv=0x19) G(open=0 conv=0x00) comp="" tail="kkkkkkkk"
    +1500ms: A(open=0 conv=0x19) B(open=0 conv=0x19) T(open=0 conv=0x19) G(open=0 conv=0x00) comp="" tail="kkkkkkkk"
    差分 (前→+100ms): Δなし   (前→+400ms): Δなし   (前→+1500ms): Δなし
[02:54:21.809Z] KEY [準備/その他] ESC vk=0x1B scan=0x01 press=02:54:20.206Z (injected)  状態=直接入力
    前     : A(open=0 conv=0x19) B(open=0 conv=0x19) T(open=0 conv=0x19) G(open=0 conv=0x00) comp="" tail="kkkkkkkk"
    +100ms: A(open=0 conv=0x19) B(open=0 conv=0x19) T(open=0 conv=0x19) G(open=0 conv=0x00) comp="" tail="kkkkkkkk"
    +400ms: A(open=0 conv=0x19) B(open=0 conv=0x19) T(open=0 conv=0x19) G(open=0 conv=0x00) comp="" tail="kkkkkkkk"
    +1500ms: A(open=0 conv=0x19) B(open=0 conv=0x19) T(open=0 conv=0x19) G(open=0 conv=0x00) comp="" tail="kkkkkkkk"
    差分 (前→+100ms): Δなし   (前→+400ms): Δなし   (前→+1500ms): Δなし
[02:54:23.629Z] KEY [SCRIPT 6/10 無変換 期待=IME ON(かな)。Engine ON] 無変換 vk=0x1D scan=0x7B press=02:54:22.056Z (auto)  状態=直接入力
    前     : A(open=0 conv=0x19) B(open=0 conv=0x19) T(open=0 conv=0x19) G(open=0 conv=0x00) comp="" tail="kkkkkkkk"
    +100ms: A(open=1 conv=0x19) B(open=1 conv=0x19) T(open=1 conv=0x19) G(open=0 conv=0x00) comp="" tail="kkkkkkkk"
    +400ms: A(open=1 conv=0x19) B(open=1 conv=0x19) T(open=1 conv=0x19) G(open=0 conv=0x00) comp="" tail="kkkkkkkk"
    +1500ms: A(open=1 conv=0x19) B(open=1 conv=0x19) T(open=1 conv=0x19) G(open=0 conv=0x00) comp="" tail="kkkkkkkk"
    差分 (前→+100ms): Δ open A:0→1 B:0→1 / tsf-thread open:0→1 conv:0x19→0x19   (前→+400ms): Δ open A:0→1 B:0→1 / tsf-thread open:0→1 conv:0x19→0x19   (前→+1500ms): Δ open A:0→1 B:0→1 / tsf-thread open:0→1 conv:0x19→0x19
[02:54:24.871Z] KEY [準備/その他] ESC vk=0x1B scan=0x01 press=02:54:23.255Z (auto)  状態=IME ON・入力中
    前     : A(open=1 conv=0x19) B(open=1 conv=0x19) T(open=1 conv=0x19) G(open=0 conv=0x00) comp="き" tail="kkkkkkkk"
    +100ms: A(open=1 conv=0x19) B(open=1 conv=0x19) T(open=1 conv=0x19) G(open=0 conv=0x00) comp="" tail="kkkkkkkk"
    +400ms: A(open=1 conv=0x19) B(open=1 conv=0x19) T(open=1 conv=0x19) G(open=0 conv=0x00) comp="" tail="kkkkkkkk"
    +1500ms: A(open=1 conv=0x19) B(open=1 conv=0x19) T(open=1 conv=0x19) G(open=0 conv=0x00) comp="" tail="kkkkkkkk"
    差分 (前→+100ms): Δ comp:Some("き")→Some("")   (前→+400ms): Δ comp:Some("き")→Some("")   (前→+1500ms): Δ comp:Some("き")→Some("")
[02:54:26.870Z] KEY [SCRIPT 7/10 ひらがなキー 期待=ONのまま半角英数へ。Engine は(遅延で)OFF] ひらがな(0xF2) vk=0xF2 scan=0x70 press=02:54:25.247Z (auto)  状態=IME ON・入力なし
    前     : A(open=1 conv=0x19) B(open=1 conv=0x19) T(open=1 conv=0x19) G(open=0 conv=0x00) comp="" tail="kkkkkkkk"
    +100ms: A(open=1 conv=0x10) B(open=1 conv=0x10) T(open=1 conv=0x10) G(open=0 conv=0x00) comp="" tail="kkkkkkkk"
    +400ms: A(open=1 conv=0x10) B(open=1 conv=0x10) T(open=1 conv=0x10) G(open=0 conv=0x00) comp="" tail="kkkkkkkk"
    +1500ms: A(open=1 conv=0x10) B(open=1 conv=0x10) T(open=1 conv=0x10) G(open=0 conv=0x00) comp="" tail="kkkkkkkk"
    差分 (前→+100ms): Δ conv A:0x19→0x10 B:0x19→0x10 / tsf-thread open:1→1 conv:0x19→0x10   (前→+400ms): Δ conv A:0x19→0x10 B:0x19→0x10 / tsf-thread open:1→1 conv:0x19→0x10   (前→+1500ms): Δ conv A:0x19→0x10 B:0x19→0x10 / tsf-thread open:1→1 conv:0x19→0x10
[02:54:27.998Z] KEY [準備/その他] ESC vk=0x1B scan=0x01 press=02:54:26.431Z (auto)  状態=IME ON・入力中
    前     : A(open=1 conv=0x10) B(open=1 conv=0x10) T(open=1 conv=0x10) G(open=0 conv=0x00) comp="k" tail="kkkkkkkk"
    +100ms: A(open=1 conv=0x10) B(open=1 conv=0x10) T(open=1 conv=0x10) G(open=0 conv=0x00) comp="" tail="kkkkkkkk"
    +400ms: A(open=1 conv=0x10) B(open=1 conv=0x10) T(open=1 conv=0x10) G(open=0 conv=0x00) comp="" tail="kkkkkkkk"
    +1500ms: A(open=1 conv=0x10) B(open=1 conv=0x10) T(open=1 conv=0x10) G(open=0 conv=0x00) comp="" tail="kkkkkkkk"
    差分 (前→+100ms): Δ comp:Some("k")→Some("")   (前→+400ms): Δ comp:Some("k")→Some("")   (前→+1500ms): Δ comp:Some("k")→Some("")
[02:54:30.000Z] KEY [SCRIPT 8/10 無変換 期待=IME OFF。Engine OFF] 無変換 vk=0x1D scan=0x7B press=02:54:28.384Z (auto)  状態=IME ON・入力なし
    前     : A(open=1 conv=0x10) B(open=1 conv=0x10) T(open=1 conv=0x10) G(open=0 conv=0x00) comp="" tail="kkkkkkkk"
    +100ms: A(open=0 conv=0x10) B(open=0 conv=0x10) T(open=0 conv=0x10) G(open=0 conv=0x00) comp="" tail="kkkkkkkk"
    +400ms: A(open=0 conv=0x10) B(open=0 conv=0x10) T(open=0 conv=0x10) G(open=0 conv=0x00) comp="" tail="kkkkkkkk"
    +1500ms: A(open=0 conv=0x10) B(open=0 conv=0x10) T(open=0 conv=0x10) G(open=0 conv=0x00) comp="" tail="kkkkkkkk"
    差分 (前→+100ms): Δ open A:1→0 B:1→0 / tsf-thread open:1→0 conv:0x10→0x10   (前→+400ms): Δ open A:1→0 B:1→0 / tsf-thread open:1→0 conv:0x10→0x10   (前→+1500ms): Δ open A:1→0 B:1→0 / tsf-thread open:1→0 conv:0x10→0x10
[02:54:31.126Z] KEY [準備/その他] ESC vk=0x1B scan=0x01 press=02:54:29.562Z (auto)  状態=直接入力
    前     : A(open=0 conv=0x10) B(open=0 conv=0x10) T(open=0 conv=0x10) G(open=0 conv=0x00) comp="" tail="kkkkkkkk"
    +100ms: A(open=0 conv=0x10) B(open=0 conv=0x10) T(open=0 conv=0x10) G(open=0 conv=0x00) comp="" tail="kkkkkkkk"
    +400ms: A(open=0 conv=0x10) B(open=0 conv=0x10) T(open=0 conv=0x10) G(open=0 conv=0x00) comp="" tail="kkkkkkkk"
    +1500ms: A(open=0 conv=0x10) B(open=0 conv=0x10) T(open=0 conv=0x10) G(open=0 conv=0x00) comp="" tail="kkkkkkkk"
    差分 (前→+100ms): Δなし   (前→+400ms): Δなし   (前→+1500ms): Δなし
[02:54:33.185Z] KEY [SCRIPT 9/10 無変換 期待=IME ON・半角英数のまま。Engine が ON にならないこと ← 退行窓の確認] 無変換 vk=0x1D scan=0x7B press=02:54:31.566Z (auto)  状態=直接入力
    前     : A(open=0 conv=0x10) B(open=0 conv=0x10) T(open=0 conv=0x10) G(open=0 conv=0x00) comp="" tail="kkkkkkkk"
    +100ms: A(open=1 conv=0x10) B(open=1 conv=0x10) T(open=1 conv=0x10) G(open=0 conv=0x00) comp="" tail="kkkkkkkk"
    +400ms: A(open=1 conv=0x10) B(open=1 conv=0x10) T(open=1 conv=0x10) G(open=0 conv=0x00) comp="" tail="kkkkkkkk"
    +1500ms: A(open=1 conv=0x10) B(open=1 conv=0x10) T(open=1 conv=0x10) G(open=0 conv=0x00) comp="" tail="kkkkkkkk"
    差分 (前→+100ms): Δ open A:0→1 B:0→1 / tsf-thread open:0→1 conv:0x10→0x10   (前→+400ms): Δ open A:0→1 B:0→1 / tsf-thread open:0→1 conv:0x10→0x10   (前→+1500ms): Δ open A:0→1 B:0→1 / tsf-thread open:0→1 conv:0x10→0x10
[02:54:34.370Z] KEY [準備/その他] ESC vk=0x1B scan=0x01 press=02:54:32.746Z (auto)  状態=IME ON・入力中
    前     : A(open=1 conv=0x10) B(open=1 conv=0x10) T(open=1 conv=0x10) G(open=0 conv=0x00) comp="k" tail="kkkkkkkk"
    +100ms: A(open=1 conv=0x10) B(open=1 conv=0x10) T(open=1 conv=0x10) G(open=0 conv=0x00) comp="" tail="kkkkkkkk"
    +400ms: A(open=1 conv=0x10) B(open=1 conv=0x10) T(open=1 conv=0x10) G(open=0 conv=0x00) comp="" tail="kkkkkkkk"
    +1500ms: A(open=1 conv=0x10) B(open=1 conv=0x10) T(open=1 conv=0x10) G(open=0 conv=0x00) comp="" tail="kkkkkkkk"
    差分 (前→+100ms): Δ comp:Some("k")→Some("")   (前→+400ms): Δ comp:Some("k")→Some("")   (前→+1500ms): Δ comp:Some("k")→Some("")
[02:54:36.371Z] KEY [SCRIPT 10/10 ひらがなキー 期待=かなに戻る(後片付け)] ひらがな(0xF2) vk=0xF2 scan=0x70 press=02:54:34.745Z (auto)  状態=IME ON・入力なし
    前     : A(open=1 conv=0x10) B(open=1 conv=0x10) T(open=1 conv=0x10) G(open=0 conv=0x00) comp="" tail="kkkkkkkk"
    +100ms: A(open=1 conv=0x19) B(open=1 conv=0x19) T(open=1 conv=0x19) G(open=0 conv=0x00) comp="" tail="kkkkkkkk"
    +400ms: A(open=1 conv=0x19) B(open=1 conv=0x19) T(open=1 conv=0x19) G(open=0 conv=0x00) comp="" tail="kkkkkkkk"
    +1500ms: A(open=1 conv=0x19) B(open=1 conv=0x19) T(open=1 conv=0x19) G(open=0 conv=0x00) comp="" tail="kkkkkkkk"
    差分 (前→+100ms): Δ conv A:0x10→0x19 B:0x10→0x19 / tsf-thread open:1→1 conv:0x10→0x19   (前→+400ms): Δ conv A:0x10→0x19 B:0x10→0x19 / tsf-thread open:1→1 conv:0x10→0x19   (前→+1500ms): Δ conv A:0x10→0x19 B:0x10→0x19 / tsf-thread open:1→1 conv:0x10→0x19
[02:54:37.507Z] KEY [準備/その他] ESC vk=0x1B scan=0x01 press=02:54:35.934Z (auto)  状態=IME ON・入力中
    前     : A(open=1 conv=0x19) B(open=1 conv=0x19) T(open=1 conv=0x19) G(open=0 conv=0x00) comp="き" tail="kkkkkkkk"
    +100ms: A(open=1 conv=0x19) B(open=1 conv=0x19) T(open=1 conv=0x19) G(open=0 conv=0x00) comp="" tail="kkkkkkkk"
    +400ms: A(open=1 conv=0x19) B(open=1 conv=0x19) T(open=1 conv=0x19) G(open=0 conv=0x00) comp="" tail="kkkkkkkk"
    +1500ms: A(open=1 conv=0x19) B(open=1 conv=0x19) T(open=1 conv=0x19) G(open=0 conv=0x00) comp="" tail="kkkkkkkk"
    差分 (前→+100ms): Δ comp:Some("き")→Some("")   (前→+400ms): Δ comp:Some("き")→Some("")   (前→+1500ms): Δ comp:Some("き")→Some("")
[RUN 5/12 完了]
[RUN 6/12 開始]
[02:54:41.074Z] KEY [SCRIPT 1/10 ひらがなキー 期待=ONのまま半角英数へ(conv 0x10)。Engine OFF(決定3保留のため遅延の可能性あり)] ひらがな(0xF2) vk=0xF2 scan=0x70 press=02:54:39.501Z (auto)  状態=IME ON・入力なし
    前     : A(open=1 conv=0x19) B(open=1 conv=0x19) T(open=1 conv=0x19) G(open=0 conv=0x00) comp="" tail="kkkkkkkk"
    +100ms: A(open=1 conv=0x10) B(open=1 conv=0x10) T(open=1 conv=0x10) G(open=0 conv=0x00) comp="" tail="kkkkkkkk"
    +400ms: A(open=1 conv=0x10) B(open=1 conv=0x10) T(open=1 conv=0x10) G(open=0 conv=0x00) comp="" tail="kkkkkkkk"
    +1500ms: A(open=1 conv=0x10) B(open=1 conv=0x10) T(open=1 conv=0x10) G(open=0 conv=0x00) comp="" tail="kkkkkkkk"
    差分 (前→+100ms): Δ conv A:0x19→0x10 B:0x19→0x10 / tsf-thread open:1→1 conv:0x19→0x10   (前→+400ms): Δ conv A:0x19→0x10 B:0x19→0x10 / tsf-thread open:1→1 conv:0x19→0x10   (前→+1500ms): Δ conv A:0x19→0x10 B:0x19→0x10 / tsf-thread open:1→1 conv:0x19→0x10
[02:54:42.251Z] KEY [準備/その他] ESC vk=0x1B scan=0x01 press=02:54:40.682Z (auto)  状態=IME ON・入力中
    前     : A(open=1 conv=0x10) B(open=1 conv=0x10) T(open=1 conv=0x10) G(open=0 conv=0x00) comp="k" tail="kkkkkkkk"
    +100ms: A(open=1 conv=0x10) B(open=1 conv=0x10) T(open=1 conv=0x10) G(open=0 conv=0x00) comp="" tail="kkkkkkkk"
    +400ms: A(open=1 conv=0x10) B(open=1 conv=0x10) T(open=1 conv=0x10) G(open=0 conv=0x00) comp="" tail="kkkkkkkk"
    +1500ms: A(open=1 conv=0x10) B(open=1 conv=0x10) T(open=1 conv=0x10) G(open=0 conv=0x00) comp="" tail="kkkkkkkk"
    差分 (前→+100ms): Δ comp:Some("k")→Some("")   (前→+400ms): Δ comp:Some("k")→Some("")   (前→+1500ms): Δ comp:Some("k")→Some("")
[02:54:44.308Z] KEY [SCRIPT 2/10 無変換 期待=IME OFF(直接入力)。Engine OFF] 無変換 vk=0x1D scan=0x7B press=02:54:42.685Z (auto)  状態=IME ON・入力なし
    前     : A(open=1 conv=0x10) B(open=1 conv=0x10) T(open=1 conv=0x10) G(open=0 conv=0x00) comp="" tail="kkkkkkkk"
    +100ms: A(open=0 conv=0x10) B(open=0 conv=0x10) T(open=0 conv=0x10) G(open=0 conv=0x00) comp="" tail="kkkkkkkk"
    +400ms: A(open=0 conv=0x10) B(open=0 conv=0x10) T(open=0 conv=0x10) G(open=0 conv=0x00) comp="" tail="kkkkkkkk"
    +1500ms: A(open=0 conv=0x10) B(open=0 conv=0x10) T(open=0 conv=0x10) G(open=0 conv=0x00) comp="" tail="kkkkkkkk"
    差分 (前→+100ms): Δ open A:1→0 B:1→0 / tsf-thread open:1→0 conv:0x10→0x10   (前→+400ms): Δ open A:1→0 B:1→0 / tsf-thread open:1→0 conv:0x10→0x10   (前→+1500ms): Δ open A:1→0 B:1→0 / tsf-thread open:1→0 conv:0x10→0x10
[02:54:45.445Z] KEY [準備/その他] ESC vk=0x1B scan=0x01 press=02:54:43.873Z (auto)  状態=直接入力
    前     : A(open=0 conv=0x10) B(open=0 conv=0x10) T(open=0 conv=0x10) G(open=0 conv=0x00) comp="" tail="kkkkkkkk"
    +100ms: A(open=0 conv=0x10) B(open=0 conv=0x10) T(open=0 conv=0x10) G(open=0 conv=0x00) comp="" tail="kkkkkkkk"
    +400ms: A(open=0 conv=0x10) B(open=0 conv=0x10) T(open=0 conv=0x10) G(open=0 conv=0x00) comp="" tail="kkkkkkkk"
    +1500ms: A(open=0 conv=0x10) B(open=0 conv=0x10) T(open=0 conv=0x10) G(open=0 conv=0x00) comp="" tail="kkkkkkkk"
    差分 (前→+100ms): Δなし   (前→+400ms): Δなし   (前→+1500ms): Δなし
[02:54:47.445Z] KEY [SCRIPT 3/10 無変換 期待=IME ON・半角英数のまま(conv 0x10)。Engine は OFF のまま ← 決定2の核心] 無変換 vk=0x1D scan=0x7B press=02:54:45.870Z (auto)  状態=直接入力
    前     : A(open=0 conv=0x10) B(open=0 conv=0x10) T(open=0 conv=0x10) G(open=0 conv=0x00) comp="" tail="kkkkkkkk"
    +100ms: A(open=1 conv=0x10) B(open=1 conv=0x10) T(open=1 conv=0x10) G(open=0 conv=0x00) comp="" tail="kkkkkkkk"
    +400ms: A(open=1 conv=0x10) B(open=1 conv=0x10) T(open=1 conv=0x10) G(open=0 conv=0x00) comp="" tail="kkkkkkkk"
    +1500ms: A(open=1 conv=0x10) B(open=1 conv=0x10) T(open=1 conv=0x10) G(open=0 conv=0x00) comp="" tail="kkkkkkkk"
    差分 (前→+100ms): Δ open A:0→1 B:0→1 / tsf-thread open:0→1 conv:0x10→0x10   (前→+400ms): Δ open A:0→1 B:0→1 / tsf-thread open:0→1 conv:0x10→0x10   (前→+1500ms): Δ open A:0→1 B:0→1 / tsf-thread open:0→1 conv:0x10→0x10
[02:54:48.642Z] KEY [準備/その他] ESC vk=0x1B scan=0x01 press=02:54:47.023Z (auto)  状態=IME ON・入力中
    前     : A(open=1 conv=0x10) B(open=1 conv=0x10) T(open=1 conv=0x10) G(open=0 conv=0x00) comp="k" tail="kkkkkkkk"
    +100ms: A(open=1 conv=0x10) B(open=1 conv=0x10) T(open=1 conv=0x10) G(open=0 conv=0x00) comp="" tail="kkkkkkkk"
    +400ms: A(open=1 conv=0x10) B(open=1 conv=0x10) T(open=1 conv=0x10) G(open=0 conv=0x00) comp="" tail="kkkkkkkk"
    +1500ms: A(open=1 conv=0x10) B(open=1 conv=0x10) T(open=1 conv=0x10) G(open=0 conv=0x00) comp="" tail="kkkkkkkk"
    差分 (前→+100ms): Δ comp:Some("k")→Some("")   (前→+400ms): Δ comp:Some("k")→Some("")   (前→+1500ms): Δ comp:Some("k")→Some("")
[02:54:50.635Z] KEY [SCRIPT 4/10 ひらがなキー 期待=かなに戻る(conv 0x19)。Engine ON(遅延の可能性あり)] ひらがな(0xF2) vk=0xF2 scan=0x70 press=02:54:49.017Z (auto)  状態=IME ON・入力なし
    前     : A(open=1 conv=0x10) B(open=1 conv=0x10) T(open=1 conv=0x10) G(open=0 conv=0x00) comp="" tail="kkkkkkkk"
    +100ms: A(open=1 conv=0x19) B(open=1 conv=0x19) T(open=1 conv=0x19) G(open=0 conv=0x00) comp="" tail="kkkkkkkk"
    +400ms: A(open=1 conv=0x19) B(open=1 conv=0x19) T(open=1 conv=0x19) G(open=0 conv=0x00) comp="" tail="kkkkkkkk"
    +1500ms: A(open=1 conv=0x19) B(open=1 conv=0x19) T(open=1 conv=0x19) G(open=0 conv=0x00) comp="" tail="kkkkkkkk"
    差分 (前→+100ms): Δ conv A:0x10→0x19 B:0x10→0x19 / tsf-thread open:1→1 conv:0x10→0x19   (前→+400ms): Δ conv A:0x10→0x19 B:0x10→0x19 / tsf-thread open:1→1 conv:0x10→0x19   (前→+1500ms): Δ conv A:0x10→0x19 B:0x10→0x19 / tsf-thread open:1→1 conv:0x10→0x19
[02:54:51.771Z] KEY [準備/その他] ESC vk=0x1B scan=0x01 press=02:54:50.199Z (auto)  状態=IME ON・入力中
    前     : A(open=1 conv=0x19) B(open=1 conv=0x19) T(open=1 conv=0x19) G(open=0 conv=0x00) comp="き" tail="kkkkkkkk"
    +100ms: A(open=1 conv=0x19) B(open=1 conv=0x19) T(open=1 conv=0x19) G(open=0 conv=0x00) comp="" tail="kkkkkkkk"
    +400ms: A(open=1 conv=0x19) B(open=1 conv=0x19) T(open=1 conv=0x19) G(open=0 conv=0x00) comp="" tail="kkkkkkkk"
    +1500ms: A(open=1 conv=0x19) B(open=1 conv=0x19) T(open=1 conv=0x19) G(open=0 conv=0x00) comp="" tail="kkkkkkkk"
    差分 (前→+100ms): Δ comp:Some("き")→Some("")   (前→+400ms): Δ comp:Some("き")→Some("")   (前→+1500ms): Δ comp:Some("き")→Some("")
[02:54:53.766Z] KEY [SCRIPT 5/10 無変換 期待=IME OFF。Engine OFF] 無変換 vk=0x1D scan=0x7B press=02:54:52.147Z (auto)  状態=IME ON・入力なし
    前     : A(open=1 conv=0x19) B(open=1 conv=0x19) T(open=1 conv=0x19) G(open=0 conv=0x00) comp="" tail="kkkkkkkk"
    +100ms: A(open=0 conv=0x19) B(open=0 conv=0x19) T(open=0 conv=0x19) G(open=0 conv=0x00) comp="" tail="kkkkkkkk"
    +400ms: A(open=0 conv=0x19) B(open=0 conv=0x19) T(open=0 conv=0x19) G(open=0 conv=0x00) comp="" tail="kkkkkkkk"
    +1500ms: A(open=0 conv=0x19) B(open=0 conv=0x19) T(open=0 conv=0x19) G(open=0 conv=0x00) comp="" tail="kkkkkkkk"
    差分 (前→+100ms): Δ open A:1→0 B:1→0 / tsf-thread open:1→0 conv:0x19→0x19   (前→+400ms): Δ open A:1→0 B:1→0 / tsf-thread open:1→0 conv:0x19→0x19   (前→+1500ms): Δ open A:1→0 B:1→0 / tsf-thread open:1→0 conv:0x19→0x19
[02:54:54.950Z] KEY [準備/その他] ESC vk=0x1B scan=0x01 press=02:54:53.327Z (auto)  状態=直接入力
    前     : A(open=0 conv=0x19) B(open=0 conv=0x19) T(open=0 conv=0x19) G(open=0 conv=0x00) comp="" tail="kkkkkkkk"
    +100ms: A(open=0 conv=0x19) B(open=0 conv=0x19) T(open=0 conv=0x19) G(open=0 conv=0x00) comp="" tail="kkkkkkkk"
    +400ms: A(open=0 conv=0x19) B(open=0 conv=0x19) T(open=0 conv=0x19) G(open=0 conv=0x00) comp="" tail="kkkkkkkk"
    +1500ms: A(open=0 conv=0x19) B(open=0 conv=0x19) T(open=0 conv=0x19) G(open=0 conv=0x00) comp="" tail="kkkkkkkk"
    差分 (前→+100ms): Δなし   (前→+400ms): Δなし   (前→+1500ms): Δなし
[02:54:55.011Z] KEY [準備/その他] ESC vk=0x1B scan=0x01 press=02:54:53.393Z (injected)  状態=直接入力
    前     : A(open=0 conv=0x19) B(open=0 conv=0x19) T(open=0 conv=0x19) G(open=0 conv=0x00) comp="" tail="kkkkkkkk"
    +100ms: A(open=0 conv=0x19) B(open=0 conv=0x19) T(open=0 conv=0x19) G(open=0 conv=0x00) comp="" tail="kkkkkkkk"
    +400ms: A(open=0 conv=0x19) B(open=0 conv=0x19) T(open=0 conv=0x19) G(open=0 conv=0x00) comp="" tail="kkkkkkkk"
    +1500ms: A(open=0 conv=0x19) B(open=0 conv=0x19) T(open=0 conv=0x19) G(open=0 conv=0x00) comp="" tail="kkkkkkkk"
    差分 (前→+100ms): Δなし   (前→+400ms): Δなし   (前→+1500ms): Δなし
[02:54:56.895Z] KEY [SCRIPT 6/10 無変換 期待=IME ON(かな)。Engine ON] 無変換 vk=0x1D scan=0x7B press=02:54:55.324Z (auto)  状態=直接入力
    前     : A(open=0 conv=0x19) B(open=0 conv=0x19) T(open=0 conv=0x19) G(open=0 conv=0x00) comp="" tail="kkkkkkkk"
    +100ms: A(open=1 conv=0x19) B(open=1 conv=0x19) T(open=1 conv=0x19) G(open=0 conv=0x00) comp="" tail="kkkkkkkk"
    +400ms: A(open=1 conv=0x19) B(open=1 conv=0x19) T(open=1 conv=0x19) G(open=0 conv=0x00) comp="" tail="kkkkkkkk"
    +1500ms: A(open=1 conv=0x19) B(open=1 conv=0x19) T(open=1 conv=0x19) G(open=0 conv=0x00) comp="" tail="kkkkkkkk"
    差分 (前→+100ms): Δ open A:0→1 B:0→1 / tsf-thread open:0→1 conv:0x19→0x19   (前→+400ms): Δ open A:0→1 B:0→1 / tsf-thread open:0→1 conv:0x19→0x19   (前→+1500ms): Δ open A:0→1 B:0→1 / tsf-thread open:0→1 conv:0x19→0x19
[02:54:58.140Z] KEY [準備/その他] ESC vk=0x1B scan=0x01 press=02:54:56.512Z (auto)  状態=IME ON・入力中
    前     : A(open=1 conv=0x19) B(open=1 conv=0x19) T(open=1 conv=0x19) G(open=0 conv=0x00) comp="き" tail="kkkkkkkk"
    +100ms: A(open=1 conv=0x19) B(open=1 conv=0x19) T(open=1 conv=0x19) G(open=0 conv=0x00) comp="" tail="kkkkkkkk"
    +400ms: A(open=1 conv=0x19) B(open=1 conv=0x19) T(open=1 conv=0x19) G(open=0 conv=0x00) comp="" tail="kkkkkkkk"
    +1500ms: A(open=1 conv=0x19) B(open=1 conv=0x19) T(open=1 conv=0x19) G(open=0 conv=0x00) comp="" tail="kkkkkkkk"
    差分 (前→+100ms): Δ comp:Some("き")→Some("")   (前→+400ms): Δ comp:Some("き")→Some("")   (前→+1500ms): Δ comp:Some("き")→Some("")
[02:55:00.136Z] KEY [SCRIPT 7/10 ひらがなキー 期待=ONのまま半角英数へ。Engine は(遅延で)OFF] ひらがな(0xF2) vk=0xF2 scan=0x70 press=02:54:58.517Z (auto)  状態=IME ON・入力なし
    前     : A(open=1 conv=0x19) B(open=1 conv=0x19) T(open=1 conv=0x19) G(open=0 conv=0x00) comp="" tail="kkkkkkkk"
    +100ms: A(open=1 conv=0x10) B(open=1 conv=0x10) T(open=1 conv=0x10) G(open=0 conv=0x00) comp="" tail="kkkkkkkk"
    +400ms: A(open=1 conv=0x10) B(open=1 conv=0x10) T(open=1 conv=0x10) G(open=0 conv=0x00) comp="" tail="kkkkkkkk"
    +1500ms: A(open=1 conv=0x10) B(open=1 conv=0x10) T(open=1 conv=0x10) G(open=0 conv=0x00) comp="" tail="kkkkkkkk"
    差分 (前→+100ms): Δ conv A:0x19→0x10 B:0x19→0x10 / tsf-thread open:1→1 conv:0x19→0x10   (前→+400ms): Δ conv A:0x19→0x10 B:0x19→0x10 / tsf-thread open:1→1 conv:0x19→0x10   (前→+1500ms): Δ conv A:0x19→0x10 B:0x19→0x10 / tsf-thread open:1→1 conv:0x19→0x10
[02:55:01.335Z] KEY [準備/その他] ESC vk=0x1B scan=0x01 press=02:54:59.703Z (auto)  状態=IME ON・入力中
    前     : A(open=1 conv=0x10) B(open=1 conv=0x10) T(open=1 conv=0x10) G(open=0 conv=0x00) comp="k" tail="kkkkkkkk"
    +100ms: A(open=1 conv=0x10) B(open=1 conv=0x10) T(open=1 conv=0x10) G(open=0 conv=0x00) comp="" tail="kkkkkkkk"
    +400ms: A(open=1 conv=0x10) B(open=1 conv=0x10) T(open=1 conv=0x10) G(open=0 conv=0x00) comp="" tail="kkkkkkkk"
    +1500ms: A(open=1 conv=0x10) B(open=1 conv=0x10) T(open=1 conv=0x10) G(open=0 conv=0x00) comp="" tail="kkkkkkkk"
    差分 (前→+100ms): Δ comp:Some("k")→Some("")   (前→+400ms): Δ comp:Some("k")→Some("")   (前→+1500ms): Δ comp:Some("k")→Some("")
[02:55:03.267Z] KEY [SCRIPT 8/10 無変換 期待=IME OFF。Engine OFF] 無変換 vk=0x1D scan=0x7B press=02:55:01.715Z (auto)  状態=IME ON・入力なし
    前     : A(open=1 conv=0x10) B(open=1 conv=0x10) T(open=1 conv=0x10) G(open=0 conv=0x00) comp="" tail="kkkkkkkk"
    +100ms: A(open=0 conv=0x10) B(open=0 conv=0x10) T(open=0 conv=0x10) G(open=0 conv=0x00) comp="" tail="kkkkkkkk"
    +400ms: A(open=0 conv=0x10) B(open=0 conv=0x10) T(open=0 conv=0x10) G(open=0 conv=0x00) comp="" tail="kkkkkkkk"
    +1500ms: A(open=0 conv=0x10) B(open=0 conv=0x10) T(open=0 conv=0x10) G(open=0 conv=0x00) comp="" tail="kkkkkkkk"
    差分 (前→+100ms): Δ open A:1→0 B:1→0 / tsf-thread open:1→0 conv:0x10→0x10   (前→+400ms): Δ open A:1→0 B:1→0 / tsf-thread open:1→0 conv:0x10→0x10   (前→+1500ms): Δ open A:1→0 B:1→0 / tsf-thread open:1→0 conv:0x10→0x10
[02:55:04.514Z] KEY [準備/その他] ESC vk=0x1B scan=0x01 press=02:55:02.890Z (auto)  状態=直接入力
    前     : A(open=0 conv=0x10) B(open=0 conv=0x10) T(open=0 conv=0x10) G(open=0 conv=0x00) comp="" tail="kkkkkkkk"
    +100ms: A(open=0 conv=0x10) B(open=0 conv=0x10) T(open=0 conv=0x10) G(open=0 conv=0x00) comp="" tail="kkkkkkkk"
    +400ms: A(open=0 conv=0x10) B(open=0 conv=0x10) T(open=0 conv=0x10) G(open=0 conv=0x00) comp="" tail="kkkkkkkk"
    +1500ms: A(open=0 conv=0x10) B(open=0 conv=0x10) T(open=0 conv=0x10) G(open=0 conv=0x00) comp="" tail="kkkkkkkk"
    差分 (前→+100ms): Δなし   (前→+400ms): Δなし   (前→+1500ms): Δなし
[02:55:06.447Z] KEY [SCRIPT 9/10 無変換 期待=IME ON・半角英数のまま。Engine が ON にならないこと ← 退行窓の確認] 無変換 vk=0x1D scan=0x7B press=02:55:04.829Z (auto)  状態=直接入力
    前     : A(open=0 conv=0x10) B(open=0 conv=0x10) T(open=0 conv=0x10) G(open=0 conv=0x00) comp="" tail="kkkkkkkk"
    +100ms: A(open=1 conv=0x10) B(open=1 conv=0x10) T(open=1 conv=0x10) G(open=0 conv=0x00) comp="" tail="kkkkkkkk"
    +400ms: A(open=1 conv=0x10) B(open=1 conv=0x10) T(open=1 conv=0x10) G(open=0 conv=0x00) comp="" tail="kkkkkkkk"
    +1500ms: A(open=1 conv=0x10) B(open=1 conv=0x10) T(open=1 conv=0x10) G(open=0 conv=0x00) comp="" tail="kkkkkkkk"
    差分 (前→+100ms): Δ open A:0→1 B:0→1 / tsf-thread open:0→1 conv:0x10→0x10   (前→+400ms): Δ open A:0→1 B:0→1 / tsf-thread open:0→1 conv:0x10→0x10   (前→+1500ms): Δ open A:0→1 B:0→1 / tsf-thread open:0→1 conv:0x10→0x10
[02:55:07.634Z] KEY [準備/その他] ESC vk=0x1B scan=0x01 press=02:55:06.014Z (auto)  状態=IME ON・入力中
    前     : A(open=1 conv=0x10) B(open=1 conv=0x10) T(open=1 conv=0x10) G(open=0 conv=0x00) comp="k" tail="kkkkkkkk"
    +100ms: A(open=1 conv=0x10) B(open=1 conv=0x10) T(open=1 conv=0x10) G(open=0 conv=0x00) comp="" tail="kkkkkkkk"
    +400ms: A(open=1 conv=0x10) B(open=1 conv=0x10) T(open=1 conv=0x10) G(open=0 conv=0x00) comp="" tail="kkkkkkkk"
    +1500ms: A(open=1 conv=0x10) B(open=1 conv=0x10) T(open=1 conv=0x10) G(open=0 conv=0x00) comp="" tail="kkkkkkkk"
    差分 (前→+100ms): Δ comp:Some("k")→Some("")   (前→+400ms): Δ comp:Some("k")→Some("")   (前→+1500ms): Δ comp:Some("k")→Some("")
[02:55:09.588Z] KEY [SCRIPT 10/10 ひらがなキー 期待=かなに戻る(後片付け)] ひらがな(0xF2) vk=0xF2 scan=0x70 press=02:55:07.981Z (auto)  状態=IME ON・入力なし
    前     : A(open=1 conv=0x10) B(open=1 conv=0x10) T(open=1 conv=0x10) G(open=0 conv=0x00) comp="" tail="kkkkkkkk"
    +100ms: A(open=1 conv=0x19) B(open=1 conv=0x19) T(open=1 conv=0x19) G(open=0 conv=0x00) comp="" tail="kkkkkkkk"
    +400ms: A(open=1 conv=0x19) B(open=1 conv=0x19) T(open=1 conv=0x19) G(open=0 conv=0x00) comp="" tail="kkkkkkkk"
    +1500ms: A(open=1 conv=0x19) B(open=1 conv=0x19) T(open=1 conv=0x19) G(open=0 conv=0x00) comp="" tail="kkkkkkkk"
    差分 (前→+100ms): Δ conv A:0x10→0x19 B:0x10→0x19 / tsf-thread open:1→1 conv:0x10→0x19   (前→+400ms): Δ conv A:0x10→0x19 B:0x10→0x19 / tsf-thread open:1→1 conv:0x10→0x19   (前→+1500ms): Δ conv A:0x10→0x19 B:0x10→0x19 / tsf-thread open:1→1 conv:0x10→0x19
[02:55:10.760Z] KEY [準備/その他] ESC vk=0x1B scan=0x01 press=02:55:09.148Z (auto)  状態=IME ON・入力中
    前     : A(open=1 conv=0x19) B(open=1 conv=0x19) T(open=1 conv=0x19) G(open=0 conv=0x00) comp="き" tail="kkkkkkkk"
    +100ms: A(open=1 conv=0x19) B(open=1 conv=0x19) T(open=1 conv=0x19) G(open=0 conv=0x00) comp="" tail="kkkkkkkk"
    +400ms: A(open=1 conv=0x19) B(open=1 conv=0x19) T(open=1 conv=0x19) G(open=0 conv=0x00) comp="" tail="kkkkkkkk"
    +1500ms: A(open=1 conv=0x19) B(open=1 conv=0x19) T(open=1 conv=0x19) G(open=0 conv=0x00) comp="" tail="kkkkkkkk"
    差分 (前→+100ms): Δ comp:Some("き")→Some("")   (前→+400ms): Δ comp:Some("き")→Some("")   (前→+1500ms): Δ comp:Some("き")→Some("")
[RUN 6/12 完了]
[RUN 7/12 開始]
[02:55:14.268Z] KEY [SCRIPT 1/10 ひらがなキー 期待=ONのまま半角英数へ(conv 0x10)。Engine OFF(決定3保留のため遅延の可能性あり)] ひらがな(0xF2) vk=0xF2 scan=0x70 press=02:55:12.646Z (auto)  状態=IME ON・入力なし
    前     : A(open=1 conv=0x19) B(open=1 conv=0x19) T(open=1 conv=0x19) G(open=0 conv=0x00) comp="" tail="kkkkkkkk"
    +100ms: A(open=1 conv=0x10) B(open=1 conv=0x10) T(open=1 conv=0x10) G(open=0 conv=0x00) comp="" tail="kkkkkkkk"
    +400ms: A(open=1 conv=0x10) B(open=1 conv=0x10) T(open=1 conv=0x10) G(open=0 conv=0x00) comp="" tail="kkkkkkkk"
    +1500ms: A(open=1 conv=0x10) B(open=1 conv=0x10) T(open=1 conv=0x10) G(open=0 conv=0x00) comp="" tail="kkkkkkkk"
    差分 (前→+100ms): Δ conv A:0x19→0x10 B:0x19→0x10 / tsf-thread open:1→1 conv:0x19→0x10   (前→+400ms): Δ conv A:0x19→0x10 B:0x19→0x10 / tsf-thread open:1→1 conv:0x19→0x10   (前→+1500ms): Δ conv A:0x19→0x10 B:0x19→0x10 / tsf-thread open:1→1 conv:0x19→0x10
[02:55:15.393Z] KEY [準備/その他] ESC vk=0x1B scan=0x01 press=02:55:13.834Z (auto)  状態=IME ON・入力中
    前     : A(open=1 conv=0x10) B(open=1 conv=0x10) T(open=1 conv=0x10) G(open=0 conv=0x00) comp="k" tail="kkkkkkkk"
    +100ms: A(open=1 conv=0x10) B(open=1 conv=0x10) T(open=1 conv=0x10) G(open=0 conv=0x00) comp="" tail="kkkkkkkk"
    +400ms: A(open=1 conv=0x10) B(open=1 conv=0x10) T(open=1 conv=0x10) G(open=0 conv=0x00) comp="" tail="kkkkkkkk"
    +1500ms: A(open=1 conv=0x10) B(open=1 conv=0x10) T(open=1 conv=0x10) G(open=0 conv=0x00) comp="" tail="kkkkkkkk"
    差分 (前→+100ms): Δ comp:Some("k")→Some("")   (前→+400ms): Δ comp:Some("k")→Some("")   (前→+1500ms): Δ comp:Some("k")→Some("")
[02:55:17.399Z] KEY [SCRIPT 2/10 無変換 期待=IME OFF(直接入力)。Engine OFF] 無変換 vk=0x1D scan=0x7B press=02:55:15.832Z (auto)  状態=IME ON・入力なし
    前     : A(open=1 conv=0x10) B(open=1 conv=0x10) T(open=1 conv=0x10) G(open=0 conv=0x00) comp="" tail="kkkkkkkk"
    +100ms: A(open=0 conv=0x10) B(open=0 conv=0x10) T(open=0 conv=0x10) G(open=0 conv=0x00) comp="" tail="kkkkkkkk"
    +400ms: A(open=0 conv=0x10) B(open=0 conv=0x10) T(open=0 conv=0x10) G(open=0 conv=0x00) comp="" tail="kkkkkkkk"
    +1500ms: A(open=0 conv=0x10) B(open=0 conv=0x10) T(open=0 conv=0x10) G(open=0 conv=0x00) comp="" tail="kkkkkkkk"
    差分 (前→+100ms): Δ open A:1→0 B:1→0 / tsf-thread open:1→0 conv:0x10→0x10   (前→+400ms): Δ open A:1→0 B:1→0 / tsf-thread open:1→0 conv:0x10→0x10   (前→+1500ms): Δ open A:1→0 B:1→0 / tsf-thread open:1→0 conv:0x10→0x10
[02:55:18.587Z] KEY [準備/その他] ESC vk=0x1B scan=0x01 press=02:55:17.023Z (auto)  状態=直接入力
    前     : A(open=0 conv=0x10) B(open=0 conv=0x10) T(open=0 conv=0x10) G(open=0 conv=0x00) comp="" tail="kkkkkkkk"
    +100ms: A(open=0 conv=0x10) B(open=0 conv=0x10) T(open=0 conv=0x10) G(open=0 conv=0x00) comp="" tail="kkkkkkkk"
    +400ms: A(open=0 conv=0x10) B(open=0 conv=0x10) T(open=0 conv=0x10) G(open=0 conv=0x00) comp="" tail="kkkkkkkk"
    +1500ms: A(open=0 conv=0x10) B(open=0 conv=0x10) T(open=0 conv=0x10) G(open=0 conv=0x00) comp="" tail="kkkkkkkk"
    差分 (前→+100ms): Δなし   (前→+400ms): Δなし   (前→+1500ms): Δなし
[02:55:20.520Z] KEY [SCRIPT 3/10 無変換 期待=IME ON・半角英数のまま(conv 0x10)。Engine は OFF のまま ← 決定2の核心] 無変換 vk=0x1D scan=0x7B press=02:55:18.958Z (auto)  状態=直接入力
    前     : A(open=0 conv=0x10) B(open=0 conv=0x10) T(open=0 conv=0x10) G(open=0 conv=0x00) comp="" tail="kkkkkkkk"
    +100ms: A(open=1 conv=0x10) B(open=1 conv=0x10) T(open=1 conv=0x10) G(open=0 conv=0x00) comp="" tail="kkkkkkkk"
    +400ms: A(open=1 conv=0x10) B(open=1 conv=0x10) T(open=1 conv=0x10) G(open=0 conv=0x00) comp="" tail="kkkkkkkk"
    +1500ms: A(open=1 conv=0x10) B(open=1 conv=0x10) T(open=1 conv=0x10) G(open=0 conv=0x00) comp="" tail="kkkkkkkk"
    差分 (前→+100ms): Δ open A:0→1 B:0→1 / tsf-thread open:0→1 conv:0x10→0x10   (前→+400ms): Δ open A:0→1 B:0→1 / tsf-thread open:0→1 conv:0x10→0x10   (前→+1500ms): Δ open A:0→1 B:0→1 / tsf-thread open:0→1 conv:0x10→0x10
[02:55:21.769Z] KEY [準備/その他] ESC vk=0x1B scan=0x01 press=02:55:20.148Z (auto)  状態=IME ON・入力中
    前     : A(open=1 conv=0x10) B(open=1 conv=0x10) T(open=1 conv=0x10) G(open=0 conv=0x00) comp="k" tail="kkkkkkkk"
    +100ms: A(open=1 conv=0x10) B(open=1 conv=0x10) T(open=1 conv=0x10) G(open=0 conv=0x00) comp="" tail="kkkkkkkk"
    +400ms: A(open=1 conv=0x10) B(open=1 conv=0x10) T(open=1 conv=0x10) G(open=0 conv=0x00) comp="" tail="kkkkkkkk"
    +1500ms: A(open=1 conv=0x10) B(open=1 conv=0x10) T(open=1 conv=0x10) G(open=0 conv=0x00) comp="" tail="kkkkkkkk"
    差分 (前→+100ms): Δ comp:Some("k")→Some("")   (前→+400ms): Δ comp:Some("k")→Some("")   (前→+1500ms): Δ comp:Some("k")→Some("")
[02:55:23.705Z] KEY [SCRIPT 4/10 ひらがなキー 期待=かなに戻る(conv 0x19)。Engine ON(遅延の可能性あり)] ひらがな(0xF2) vk=0xF2 scan=0x70 press=02:55:22.142Z (auto)  状態=IME ON・入力なし
    前     : A(open=1 conv=0x10) B(open=1 conv=0x10) T(open=1 conv=0x10) G(open=0 conv=0x00) comp="" tail="kkkkkkkk"
    +100ms: A(open=1 conv=0x19) B(open=1 conv=0x19) T(open=1 conv=0x19) G(open=0 conv=0x00) comp="" tail="kkkkkkkk"
    +400ms: A(open=1 conv=0x19) B(open=1 conv=0x19) T(open=1 conv=0x19) G(open=0 conv=0x00) comp="" tail="kkkkkkkk"
    +1500ms: A(open=1 conv=0x19) B(open=1 conv=0x19) T(open=1 conv=0x19) G(open=0 conv=0x00) comp="" tail="kkkkkkkk"
    差分 (前→+100ms): Δ conv A:0x10→0x19 B:0x10→0x19 / tsf-thread open:1→1 conv:0x10→0x19   (前→+400ms): Δ conv A:0x10→0x19 B:0x10→0x19 / tsf-thread open:1→1 conv:0x10→0x19   (前→+1500ms): Δ conv A:0x10→0x19 B:0x10→0x19 / tsf-thread open:1→1 conv:0x10→0x19
[02:55:24.954Z] KEY [準備/その他] ESC vk=0x1B scan=0x01 press=02:55:23.327Z (auto)  状態=IME ON・入力中
    前     : A(open=1 conv=0x19) B(open=1 conv=0x19) T(open=1 conv=0x19) G(open=0 conv=0x00) comp="き" tail="kkkkkkkk"
    +100ms: A(open=1 conv=0x19) B(open=1 conv=0x19) T(open=1 conv=0x19) G(open=0 conv=0x00) comp="" tail="kkkkkkkk"
    +400ms: A(open=1 conv=0x19) B(open=1 conv=0x19) T(open=1 conv=0x19) G(open=0 conv=0x00) comp="" tail="kkkkkkkk"
    +1500ms: A(open=1 conv=0x19) B(open=1 conv=0x19) T(open=1 conv=0x19) G(open=0 conv=0x00) comp="" tail="kkkkkkkk"
    差分 (前→+100ms): Δ comp:Some("き")→Some("")   (前→+400ms): Δ comp:Some("き")→Some("")   (前→+1500ms): Δ comp:Some("き")→Some("")
[02:55:26.892Z] KEY [SCRIPT 5/10 無変換 期待=IME OFF。Engine OFF] 無変換 vk=0x1D scan=0x7B press=02:55:25.271Z (auto)  状態=IME ON・入力なし
    前     : A(open=1 conv=0x19) B(open=1 conv=0x19) T(open=1 conv=0x19) G(open=0 conv=0x00) comp="" tail="kkkkkkkk"
    +100ms: A(open=0 conv=0x19) B(open=0 conv=0x19) T(open=0 conv=0x19) G(open=0 conv=0x00) comp="" tail="kkkkkkkk"
    +400ms: A(open=0 conv=0x19) B(open=0 conv=0x19) T(open=0 conv=0x19) G(open=0 conv=0x00) comp="" tail="kkkkkkkk"
    +1500ms: A(open=0 conv=0x19) B(open=0 conv=0x19) T(open=0 conv=0x19) G(open=0 conv=0x00) comp="" tail="kkkkkkkk"
    差分 (前→+100ms): Δ open A:1→0 B:1→0 / tsf-thread open:1→0 conv:0x19→0x19   (前→+400ms): Δ open A:1→0 B:1→0 / tsf-thread open:1→0 conv:0x19→0x19   (前→+1500ms): Δ open A:1→0 B:1→0 / tsf-thread open:1→0 conv:0x19→0x19
[02:55:28.017Z] KEY [準備/その他] ESC vk=0x1B scan=0x01 press=02:55:26.454Z (auto)  状態=直接入力
    前     : A(open=0 conv=0x19) B(open=0 conv=0x19) T(open=0 conv=0x19) G(open=0 conv=0x00) comp="" tail="kkkkkkkk"
    +100ms: A(open=0 conv=0x19) B(open=0 conv=0x19) T(open=0 conv=0x19) G(open=0 conv=0x00) comp="" tail="kkkkkkkk"
    +400ms: A(open=0 conv=0x19) B(open=0 conv=0x19) T(open=0 conv=0x19) G(open=0 conv=0x00) comp="" tail="kkkkkkkk"
    +1500ms: A(open=0 conv=0x19) B(open=0 conv=0x19) T(open=0 conv=0x19) G(open=0 conv=0x00) comp="" tail="kkkkkkkk"
    差分 (前→+100ms): Δなし   (前→+400ms): Δなし   (前→+1500ms): Δなし
[02:55:28.140Z] KEY [準備/その他] ESC vk=0x1B scan=0x01 press=02:55:26.516Z (injected)  状態=直接入力
    前     : A(open=0 conv=0x19) B(open=0 conv=0x19) T(open=0 conv=0x19) G(open=0 conv=0x00) comp="" tail="kkkkkkkk"
    +100ms: A(open=0 conv=0x19) B(open=0 conv=0x19) T(open=0 conv=0x19) G(open=0 conv=0x00) comp="" tail="kkkkkkkk"
    +400ms: A(open=0 conv=0x19) B(open=0 conv=0x19) T(open=0 conv=0x19) G(open=0 conv=0x00) comp="" tail="kkkkkkkk"
    +1500ms: A(open=0 conv=0x19) B(open=0 conv=0x19) T(open=0 conv=0x19) G(open=0 conv=0x00) comp="" tail="kkkkkkkk"
    差分 (前→+100ms): Δなし   (前→+400ms): Δなし   (前→+1500ms): Δなし
[02:55:30.075Z] KEY [SCRIPT 6/10 無変換 期待=IME ON(かな)。Engine ON] 無変換 vk=0x1D scan=0x7B press=02:55:28.449Z (auto)  状態=直接入力
    前     : A(open=0 conv=0x19) B(open=0 conv=0x19) T(open=0 conv=0x19) G(open=0 conv=0x00) comp="" tail="kkkkkkkk"
    +100ms: A(open=1 conv=0x19) B(open=1 conv=0x19) T(open=1 conv=0x19) G(open=0 conv=0x00) comp="" tail="kkkkkkkk"
    +400ms: A(open=1 conv=0x19) B(open=1 conv=0x19) T(open=1 conv=0x19) G(open=0 conv=0x00) comp="" tail="kkkkkkkk"
    +1500ms: A(open=1 conv=0x19) B(open=1 conv=0x19) T(open=1 conv=0x19) G(open=0 conv=0x00) comp="" tail="kkkkkkkk"
    差分 (前→+100ms): Δ open A:0→1 B:0→1 / tsf-thread open:0→1 conv:0x19→0x19   (前→+400ms): Δ open A:0→1 B:0→1 / tsf-thread open:0→1 conv:0x19→0x19   (前→+1500ms): Δ open A:0→1 B:0→1 / tsf-thread open:0→1 conv:0x19→0x19
[02:55:31.261Z] KEY [準備/その他] ESC vk=0x1B scan=0x01 press=02:55:29.639Z (auto)  状態=IME ON・入力中
    前     : A(open=1 conv=0x19) B(open=1 conv=0x19) T(open=1 conv=0x19) G(open=0 conv=0x00) comp="き" tail="kkkkkkkk"
    +100ms: A(open=1 conv=0x19) B(open=1 conv=0x19) T(open=1 conv=0x19) G(open=0 conv=0x00) comp="" tail="kkkkkkkk"
    +400ms: A(open=1 conv=0x19) B(open=1 conv=0x19) T(open=1 conv=0x19) G(open=0 conv=0x00) comp="" tail="kkkkkkkk"
    +1500ms: A(open=1 conv=0x19) B(open=1 conv=0x19) T(open=1 conv=0x19) G(open=0 conv=0x00) comp="" tail="kkkkkkkk"
    差分 (前→+100ms): Δ comp:Some("き")→Some("")   (前→+400ms): Δ comp:Some("き")→Some("")   (前→+1500ms): Δ comp:Some("き")→Some("")
[02:55:33.209Z] KEY [SCRIPT 7/10 ひらがなキー 期待=ONのまま半角英数へ。Engine は(遅延で)OFF] ひらがな(0xF2) vk=0xF2 scan=0x70 press=02:55:31.642Z (auto)  状態=IME ON・入力なし
    前     : A(open=1 conv=0x19) B(open=1 conv=0x19) T(open=1 conv=0x19) G(open=0 conv=0x00) comp="" tail="kkkkkkkk"
    +100ms: A(open=1 conv=0x10) B(open=1 conv=0x10) T(open=1 conv=0x10) G(open=0 conv=0x00) comp="" tail="kkkkkkkk"
    +400ms: A(open=1 conv=0x10) B(open=1 conv=0x10) T(open=1 conv=0x10) G(open=0 conv=0x00) comp="" tail="kkkkkkkk"
    +1500ms: A(open=1 conv=0x10) B(open=1 conv=0x10) T(open=1 conv=0x10) G(open=0 conv=0x00) comp="" tail="kkkkkkkk"
    差分 (前→+100ms): Δ conv A:0x19→0x10 B:0x19→0x10 / tsf-thread open:1→1 conv:0x19→0x10   (前→+400ms): Δ conv A:0x19→0x10 B:0x19→0x10 / tsf-thread open:1→1 conv:0x19→0x10   (前→+1500ms): Δ conv A:0x19→0x10 B:0x19→0x10 / tsf-thread open:1→1 conv:0x19→0x10
[02:55:34.406Z] KEY [準備/その他] ESC vk=0x1B scan=0x01 press=02:55:32.831Z (auto)  状態=IME ON・入力中
    前     : A(open=1 conv=0x10) B(open=1 conv=0x10) T(open=1 conv=0x10) G(open=0 conv=0x00) comp="k" tail="kkkkkkkk"
    +100ms: A(open=1 conv=0x10) B(open=1 conv=0x10) T(open=1 conv=0x10) G(open=0 conv=0x00) comp="" tail="kkkkkkkk"
    +400ms: A(open=1 conv=0x10) B(open=1 conv=0x10) T(open=1 conv=0x10) G(open=0 conv=0x00) comp="" tail="kkkkkkkk"
    +1500ms: A(open=1 conv=0x10) B(open=1 conv=0x10) T(open=1 conv=0x10) G(open=0 conv=0x00) comp="" tail="kkkkkkkk"
    差分 (前→+100ms): Δ comp:Some("k")→Some("")   (前→+400ms): Δ comp:Some("k")→Some("")   (前→+1500ms): Δ comp:Some("k")→Some("")
[02:55:36.403Z] KEY [SCRIPT 8/10 無変換 期待=IME OFF。Engine OFF] 無変換 vk=0x1D scan=0x7B press=02:55:34.781Z (auto)  状態=IME ON・入力なし
    前     : A(open=1 conv=0x10) B(open=1 conv=0x10) T(open=1 conv=0x10) G(open=0 conv=0x00) comp="" tail="kkkkkkkk"
    +100ms: A(open=0 conv=0x10) B(open=0 conv=0x10) T(open=0 conv=0x10) G(open=0 conv=0x00) comp="" tail="kkkkkkkk"
    +400ms: A(open=0 conv=0x10) B(open=0 conv=0x10) T(open=0 conv=0x10) G(open=0 conv=0x00) comp="" tail="kkkkkkkk"
    +1500ms: A(open=0 conv=0x10) B(open=0 conv=0x10) T(open=0 conv=0x10) G(open=0 conv=0x00) comp="" tail="kkkkkkkk"
    差分 (前→+100ms): Δ open A:1→0 B:1→0 / tsf-thread open:1→0 conv:0x10→0x10   (前→+400ms): Δ open A:1→0 B:1→0 / tsf-thread open:1→0 conv:0x10→0x10   (前→+1500ms): Δ open A:1→0 B:1→0 / tsf-thread open:1→0 conv:0x10→0x10
[02:55:37.590Z] KEY [準備/その他] ESC vk=0x1B scan=0x01 press=02:55:35.967Z (auto)  状態=直接入力
    前     : A(open=0 conv=0x10) B(open=0 conv=0x10) T(open=0 conv=0x10) G(open=0 conv=0x00) comp="" tail="kkkkkkkk"
    +100ms: A(open=0 conv=0x10) B(open=0 conv=0x10) T(open=0 conv=0x10) G(open=0 conv=0x00) comp="" tail="kkkkkkkk"
    +400ms: A(open=0 conv=0x10) B(open=0 conv=0x10) T(open=0 conv=0x10) G(open=0 conv=0x00) comp="" tail="kkkkkkkk"
    +1500ms: A(open=0 conv=0x10) B(open=0 conv=0x10) T(open=0 conv=0x10) G(open=0 conv=0x00) comp="" tail="kkkkkkkk"
    差分 (前→+100ms): Δなし   (前→+400ms): Δなし   (前→+1500ms): Δなし
[02:55:39.535Z] KEY [SCRIPT 9/10 無変換 期待=IME ON・半角英数のまま。Engine が ON にならないこと ← 退行窓の確認] 無変換 vk=0x1D scan=0x7B press=02:55:37.982Z (auto)  状態=直接入力
    前     : A(open=0 conv=0x10) B(open=0 conv=0x10) T(open=0 conv=0x10) G(open=0 conv=0x00) comp="" tail="kkkkkkkk"
    +100ms: A(open=1 conv=0x10) B(open=1 conv=0x10) T(open=1 conv=0x10) G(open=0 conv=0x00) comp="" tail="kkkkkkkk"
    +400ms: A(open=1 conv=0x10) B(open=1 conv=0x10) T(open=1 conv=0x10) G(open=0 conv=0x00) comp="" tail="kkkkkkkk"
    +1500ms: A(open=1 conv=0x10) B(open=1 conv=0x10) T(open=1 conv=0x10) G(open=0 conv=0x00) comp="" tail="kkkkkkkk"
    差分 (前→+100ms): Δ open A:0→1 B:0→1 / tsf-thread open:0→1 conv:0x10→0x10   (前→+400ms): Δ open A:0→1 B:0→1 / tsf-thread open:0→1 conv:0x10→0x10   (前→+1500ms): Δ open A:0→1 B:0→1 / tsf-thread open:0→1 conv:0x10→0x10
[02:55:39.536Z] KEY [準備/その他] 無変換 vk=0x1D scan=0x7B press=02:55:37.988Z (injected)  状態=直接入力
    前     : A(open=0 conv=0x10) B(open=0 conv=0x10) T(open=0 conv=0x10) G(open=0 conv=0x00) comp="" tail="kkkkkkkk"
    +100ms: A(open=1 conv=0x10) B(open=1 conv=0x10) T(open=1 conv=0x10) G(open=0 conv=0x00) comp="" tail="kkkkkkkk"
    +400ms: A(open=1 conv=0x10) B(open=1 conv=0x10) T(open=1 conv=0x10) G(open=0 conv=0x00) comp="" tail="kkkkkkkk"
    +1500ms: A(open=1 conv=0x10) B(open=1 conv=0x10) T(open=1 conv=0x10) G(open=0 conv=0x00) comp="" tail="kkkkkkkk"
    差分 (前→+100ms): Δ open A:0→1 B:0→1 / tsf-thread open:0→1 conv:0x10→0x10   (前→+400ms): Δ open A:0→1 B:0→1 / tsf-thread open:0→1 conv:0x10→0x10   (前→+1500ms): Δ open A:0→1 B:0→1 / tsf-thread open:0→1 conv:0x10→0x10
[02:55:40.783Z] KEY [準備/その他] ESC vk=0x1B scan=0x01 press=02:55:39.162Z (auto)  状態=IME ON・入力中
    前     : A(open=1 conv=0x10) B(open=1 conv=0x10) T(open=1 conv=0x10) G(open=0 conv=0x00) comp="k" tail="kkkkkkkk"
    +100ms: A(open=1 conv=0x10) B(open=1 conv=0x10) T(open=1 conv=0x10) G(open=0 conv=0x00) comp="" tail="kkkkkkkk"
    +400ms: A(open=1 conv=0x10) B(open=1 conv=0x10) T(open=1 conv=0x10) G(open=0 conv=0x00) comp="" tail="kkkkkkkk"
    +1500ms: A(open=1 conv=0x10) B(open=1 conv=0x10) T(open=1 conv=0x10) G(open=0 conv=0x00) comp="" tail="kkkkkkkk"
    差分 (前→+100ms): Δ comp:Some("k")→Some("")   (前→+400ms): Δ comp:Some("k")→Some("")   (前→+1500ms): Δ comp:Some("k")→Some("")
[02:55:42.664Z] KEY [SCRIPT 10/10 ひらがなキー 期待=かなに戻る(後片付け)] ひらがな(0xF2) vk=0xF2 scan=0x70 press=02:55:41.097Z (auto)  状態=IME ON・入力なし
    前     : A(open=1 conv=0x10) B(open=1 conv=0x10) T(open=1 conv=0x10) G(open=0 conv=0x00) comp="" tail="kkkkkkkk"
    +100ms: A(open=1 conv=0x19) B(open=1 conv=0x19) T(open=1 conv=0x19) G(open=0 conv=0x00) comp="" tail="kkkkkkkk"
    +400ms: A(open=1 conv=0x19) B(open=1 conv=0x19) T(open=1 conv=0x19) G(open=0 conv=0x00) comp="" tail="kkkkkkkk"
    +1500ms: A(open=1 conv=0x19) B(open=1 conv=0x19) T(open=1 conv=0x19) G(open=0 conv=0x00) comp="" tail="kkkkkkkk"
    差分 (前→+100ms): Δ conv A:0x10→0x19 B:0x10→0x19 / tsf-thread open:1→1 conv:0x10→0x19   (前→+400ms): Δ conv A:0x10→0x19 B:0x10→0x19 / tsf-thread open:1→1 conv:0x10→0x19   (前→+1500ms): Δ conv A:0x10→0x19 B:0x10→0x19 / tsf-thread open:1→1 conv:0x10→0x19
[02:55:43.872Z] KEY [準備/その他] ESC vk=0x1B scan=0x01 press=02:55:42.275Z (auto)  状態=IME ON・入力中
    前     : A(open=1 conv=0x19) B(open=1 conv=0x19) T(open=1 conv=0x19) G(open=0 conv=0x00) comp="き" tail="kkkkkkkk"
    +100ms: A(open=1 conv=0x19) B(open=1 conv=0x19) T(open=1 conv=0x19) G(open=0 conv=0x00) comp="" tail="kkkkkkkk"
    +400ms: A(open=1 conv=0x19) B(open=1 conv=0x19) T(open=1 conv=0x19) G(open=0 conv=0x00) comp="" tail="kkkkkkkk"
    +1500ms: A(open=1 conv=0x19) B(open=1 conv=0x19) T(open=1 conv=0x19) G(open=0 conv=0x00) comp="" tail="kkkkkkkk"
    差分 (前→+100ms): Δ comp:Some("き")→Some("")   (前→+400ms): Δ comp:Some("き")→Some("")   (前→+1500ms): Δ comp:Some("き")→Some("")
[RUN 7/12 完了]
[RUN 8/12 開始]
[02:55:47.374Z] KEY [SCRIPT 1/10 ひらがなキー 期待=ONのまま半角英数へ(conv 0x10)。Engine OFF(決定3保留のため遅延の可能性あり)] ひらがな(0xF2) vk=0xF2 scan=0x70 press=02:55:45.754Z (auto)  状態=IME ON・入力なし
    前     : A(open=1 conv=0x19) B(open=1 conv=0x19) T(open=1 conv=0x19) G(open=0 conv=0x00) comp="" tail="kkkkkkkk"
    +100ms: A(open=1 conv=0x10) B(open=1 conv=0x10) T(open=1 conv=0x10) G(open=0 conv=0x00) comp="" tail="kkkkkkkk"
    +400ms: A(open=1 conv=0x10) B(open=1 conv=0x10) T(open=1 conv=0x10) G(open=0 conv=0x00) comp="" tail="kkkkkkkk"
    +1500ms: A(open=1 conv=0x10) B(open=1 conv=0x10) T(open=1 conv=0x10) G(open=0 conv=0x00) comp="" tail="kkkkkkkk"
    差分 (前→+100ms): Δ conv A:0x19→0x10 B:0x19→0x10 / tsf-thread open:1→1 conv:0x19→0x10   (前→+400ms): Δ conv A:0x19→0x10 B:0x19→0x10 / tsf-thread open:1→1 conv:0x19→0x10   (前→+1500ms): Δ conv A:0x19→0x10 B:0x19→0x10 / tsf-thread open:1→1 conv:0x19→0x10
[02:55:48.559Z] KEY [準備/その他] ESC vk=0x1B scan=0x01 press=02:55:46.940Z (auto)  状態=IME ON・入力中
    前     : A(open=1 conv=0x10) B(open=1 conv=0x10) T(open=1 conv=0x10) G(open=0 conv=0x00) comp="k" tail="kkkkkkkk"
    +100ms: A(open=1 conv=0x10) B(open=1 conv=0x10) T(open=1 conv=0x10) G(open=0 conv=0x00) comp="" tail="kkkkkkkk"
    +400ms: A(open=1 conv=0x10) B(open=1 conv=0x10) T(open=1 conv=0x10) G(open=0 conv=0x00) comp="" tail="kkkkkkkk"
    +1500ms: A(open=1 conv=0x10) B(open=1 conv=0x10) T(open=1 conv=0x10) G(open=0 conv=0x00) comp="" tail="kkkkkkkk"
    差分 (前→+100ms): Δ comp:Some("k")→Some("")   (前→+400ms): Δ comp:Some("k")→Some("")   (前→+1500ms): Δ comp:Some("k")→Some("")
[02:55:50.560Z] KEY [SCRIPT 2/10 無変換 期待=IME OFF(直接入力)。Engine OFF] 無変換 vk=0x1D scan=0x7B press=02:55:48.934Z (auto)  状態=IME ON・入力なし
    前     : A(open=1 conv=0x10) B(open=1 conv=0x10) T(open=1 conv=0x10) G(open=0 conv=0x00) comp="" tail="kkkkkkkk"
    +100ms: A(open=0 conv=0x10) B(open=0 conv=0x10) T(open=0 conv=0x10) G(open=0 conv=0x00) comp="" tail="kkkkkkkk"
    +400ms: A(open=0 conv=0x10) B(open=0 conv=0x10) T(open=0 conv=0x10) G(open=0 conv=0x00) comp="" tail="kkkkkkkk"
    +1500ms: A(open=0 conv=0x10) B(open=0 conv=0x10) T(open=0 conv=0x10) G(open=0 conv=0x00) comp="" tail="kkkkkkkk"
    差分 (前→+100ms): Δ open A:1→0 B:1→0 / tsf-thread open:1→0 conv:0x10→0x10   (前→+400ms): Δ open A:1→0 B:1→0 / tsf-thread open:1→0 conv:0x10→0x10   (前→+1500ms): Δ open A:1→0 B:1→0 / tsf-thread open:1→0 conv:0x10→0x10
[02:55:51.743Z] KEY [準備/その他] ESC vk=0x1B scan=0x01 press=02:55:50.127Z (auto)  状態=直接入力
    前     : A(open=0 conv=0x10) B(open=0 conv=0x10) T(open=0 conv=0x10) G(open=0 conv=0x00) comp="" tail="kkkkkkkk"
    +100ms: A(open=0 conv=0x10) B(open=0 conv=0x10) T(open=0 conv=0x10) G(open=0 conv=0x00) comp="" tail="kkkkkkkk"
    +400ms: A(open=0 conv=0x10) B(open=0 conv=0x10) T(open=0 conv=0x10) G(open=0 conv=0x00) comp="" tail="kkkkkkkk"
    +1500ms: A(open=0 conv=0x10) B(open=0 conv=0x10) T(open=0 conv=0x10) G(open=0 conv=0x00) comp="" tail="kkkkkkkk"
    差分 (前→+100ms): Δなし   (前→+400ms): Δなし   (前→+1500ms): Δなし
[02:55:53.633Z] KEY [SCRIPT 3/10 無変換 期待=IME ON・半角英数のまま(conv 0x10)。Engine は OFF のまま ← 決定2の核心] 無変換 vk=0x1D scan=0x7B press=02:55:52.069Z (auto)  状態=直接入力
    前     : A(open=0 conv=0x10) B(open=0 conv=0x10) T(open=0 conv=0x10) G(open=0 conv=0x00) comp="" tail="kkkkkkkk"
    +100ms: A(open=1 conv=0x10) B(open=1 conv=0x10) T(open=1 conv=0x10) G(open=0 conv=0x00) comp="" tail="kkkkkkkk"
    +400ms: A(open=1 conv=0x10) B(open=1 conv=0x10) T(open=1 conv=0x10) G(open=0 conv=0x00) comp="" tail="kkkkkkkk"
    +1500ms: A(open=1 conv=0x10) B(open=1 conv=0x10) T(open=1 conv=0x10) G(open=0 conv=0x00) comp="" tail="kkkkkkkk"
    差分 (前→+100ms): Δ open A:0→1 B:0→1 / tsf-thread open:0→1 conv:0x10→0x10   (前→+400ms): Δ open A:0→1 B:0→1 / tsf-thread open:0→1 conv:0x10→0x10   (前→+1500ms): Δ open A:0→1 B:0→1 / tsf-thread open:0→1 conv:0x10→0x10
[02:55:54.876Z] KEY [準備/その他] ESC vk=0x1B scan=0x01 press=02:55:53.259Z (auto)  状態=IME ON・入力中
    前     : A(open=1 conv=0x10) B(open=1 conv=0x10) T(open=1 conv=0x10) G(open=0 conv=0x00) comp="k" tail="kkkkkkkk"
    +100ms: A(open=1 conv=0x10) B(open=1 conv=0x10) T(open=1 conv=0x10) G(open=0 conv=0x00) comp="" tail="kkkkkkkk"
    +400ms: A(open=1 conv=0x10) B(open=1 conv=0x10) T(open=1 conv=0x10) G(open=0 conv=0x00) comp="" tail="kkkkkkkk"
    +1500ms: A(open=1 conv=0x10) B(open=1 conv=0x10) T(open=1 conv=0x10) G(open=0 conv=0x00) comp="" tail="kkkkkkkk"
    差分 (前→+100ms): Δ comp:Some("k")→Some("")   (前→+400ms): Δ comp:Some("k")→Some("")   (前→+1500ms): Δ comp:Some("k")→Some("")
[02:55:56.812Z] KEY [SCRIPT 4/10 ひらがなキー 期待=かなに戻る(conv 0x19)。Engine ON(遅延の可能性あり)] ひらがな(0xF2) vk=0xF2 scan=0x70 press=02:55:55.250Z (auto)  状態=IME ON・入力なし
    前     : A(open=1 conv=0x10) B(open=1 conv=0x10) T(open=1 conv=0x10) G(open=0 conv=0x00) comp="" tail="kkkkkkkk"
    +100ms: A(open=1 conv=0x19) B(open=1 conv=0x19) T(open=1 conv=0x19) G(open=0 conv=0x00) comp="" tail="kkkkkkkk"
    +400ms: A(open=1 conv=0x19) B(open=1 conv=0x19) T(open=1 conv=0x19) G(open=0 conv=0x00) comp="" tail="kkkkkkkk"
    +1500ms: A(open=1 conv=0x19) B(open=1 conv=0x19) T(open=1 conv=0x19) G(open=0 conv=0x00) comp="" tail="kkkkkkkk"
    差分 (前→+100ms): Δ conv A:0x10→0x19 B:0x10→0x19 / tsf-thread open:1→1 conv:0x10→0x19   (前→+400ms): Δ conv A:0x10→0x19 B:0x10→0x19 / tsf-thread open:1→1 conv:0x10→0x19   (前→+1500ms): Δ conv A:0x10→0x19 B:0x10→0x19 / tsf-thread open:1→1 conv:0x10→0x19
[02:55:58.070Z] KEY [準備/その他] ESC vk=0x1B scan=0x01 press=02:55:56.439Z (auto)  状態=IME ON・入力中
    前     : A(open=1 conv=0x19) B(open=1 conv=0x19) T(open=1 conv=0x19) G(open=0 conv=0x00) comp="き" tail="kkkkkkkk"
    +100ms: A(open=1 conv=0x19) B(open=1 conv=0x19) T(open=1 conv=0x19) G(open=0 conv=0x00) comp="" tail="kkkkkkkk"
    +400ms: A(open=1 conv=0x19) B(open=1 conv=0x19) T(open=1 conv=0x19) G(open=0 conv=0x00) comp="" tail="kkkkkkkk"
    +1500ms: A(open=1 conv=0x19) B(open=1 conv=0x19) T(open=1 conv=0x19) G(open=0 conv=0x00) comp="" tail="kkkkkkkk"
    差分 (前→+100ms): Δ comp:Some("き")→Some("")   (前→+400ms): Δ comp:Some("き")→Some("")   (前→+1500ms): Δ comp:Some("き")→Some("")
[02:55:59.995Z] KEY [SCRIPT 5/10 無変換 期待=IME OFF。Engine OFF] 無変換 vk=0x1D scan=0x7B press=02:55:58.378Z (auto)  状態=IME ON・入力なし
    前     : A(open=1 conv=0x19) B(open=1 conv=0x19) T(open=1 conv=0x19) G(open=0 conv=0x00) comp="" tail="kkkkkkkk"
    +100ms: A(open=0 conv=0x19) B(open=0 conv=0x19) T(open=0 conv=0x19) G(open=0 conv=0x00) comp="" tail="kkkkkkkk"
    +400ms: A(open=0 conv=0x19) B(open=0 conv=0x19) T(open=0 conv=0x19) G(open=0 conv=0x00) comp="" tail="kkkkkkkk"
    +1500ms: A(open=0 conv=0x19) B(open=0 conv=0x19) T(open=0 conv=0x19) G(open=0 conv=0x00) comp="" tail="kkkkkkkk"
    差分 (前→+100ms): Δ open A:1→0 B:1→0 / tsf-thread open:1→0 conv:0x19→0x19   (前→+400ms): Δ open A:1→0 B:1→0 / tsf-thread open:1→0 conv:0x19→0x19   (前→+1500ms): Δ open A:1→0 B:1→0 / tsf-thread open:1→0 conv:0x19→0x19
[02:56:01.132Z] KEY [準備/その他] ESC vk=0x1B scan=0x01 press=02:55:59.558Z (auto)  状態=直接入力
    前     : A(open=0 conv=0x19) B(open=0 conv=0x19) T(open=0 conv=0x19) G(open=0 conv=0x00) comp="" tail="kkkkkkkk"
    +100ms: A(open=0 conv=0x19) B(open=0 conv=0x19) T(open=0 conv=0x19) G(open=0 conv=0x00) comp="" tail="kkkkkkkk"
    +400ms: A(open=0 conv=0x19) B(open=0 conv=0x19) T(open=0 conv=0x19) G(open=0 conv=0x00) comp="" tail="kkkkkkkk"
    +1500ms: A(open=0 conv=0x19) B(open=0 conv=0x19) T(open=0 conv=0x19) G(open=0 conv=0x00) comp="" tail="kkkkkkkk"
    差分 (前→+100ms): Δなし   (前→+400ms): Δなし   (前→+1500ms): Δなし
[02:56:01.196Z] KEY [準備/その他] ESC vk=0x1B scan=0x01 press=02:55:59.619Z (injected)  状態=直接入力
    前     : A(open=0 conv=0x19) B(open=0 conv=0x19) T(open=0 conv=0x19) G(open=0 conv=0x00) comp="" tail="kkkkkkkk"
    +100ms: A(open=0 conv=0x19) B(open=0 conv=0x19) T(open=0 conv=0x19) G(open=0 conv=0x00) comp="" tail="kkkkkkkk"
    +400ms: A(open=0 conv=0x19) B(open=0 conv=0x19) T(open=0 conv=0x19) G(open=0 conv=0x00) comp="" tail="kkkkkkkk"
    +1500ms: A(open=0 conv=0x19) B(open=0 conv=0x19) T(open=0 conv=0x19) G(open=0 conv=0x00) comp="" tail="kkkkkkkk"
    差分 (前→+100ms): Δなし   (前→+400ms): Δなし   (前→+1500ms): Δなし
[02:56:03.185Z] KEY [SCRIPT 6/10 無変換 期待=IME ON(かな)。Engine ON] 無変換 vk=0x1D scan=0x7B press=02:56:01.565Z (auto)  状態=直接入力
    前     : A(open=0 conv=0x19) B(open=0 conv=0x19) T(open=0 conv=0x19) G(open=0 conv=0x00) comp="" tail="kkkkkkkk"
    +100ms: A(open=1 conv=0x19) B(open=1 conv=0x19) T(open=1 conv=0x19) G(open=0 conv=0x00) comp="" tail="kkkkkkkk"
    +400ms: A(open=1 conv=0x19) B(open=1 conv=0x19) T(open=1 conv=0x19) G(open=0 conv=0x00) comp="" tail="kkkkkkkk"
    +1500ms: A(open=1 conv=0x19) B(open=1 conv=0x19) T(open=1 conv=0x19) G(open=0 conv=0x00) comp="" tail="kkkkkkkk"
    差分 (前→+100ms): Δ open A:0→1 B:0→1 / tsf-thread open:0→1 conv:0x19→0x19   (前→+400ms): Δ open A:0→1 B:0→1 / tsf-thread open:0→1 conv:0x19→0x19   (前→+1500ms): Δ open A:0→1 B:0→1 / tsf-thread open:0→1 conv:0x19→0x19
[02:56:04.336Z] KEY [準備/その他] ESC vk=0x1B scan=0x01 press=02:56:02.750Z (auto)  状態=IME ON・入力中
    前     : A(open=1 conv=0x19) B(open=1 conv=0x19) T(open=1 conv=0x19) G(open=0 conv=0x00) comp="き" tail="kkkkkkkk"
    +100ms: A(open=1 conv=0x19) B(open=1 conv=0x19) T(open=1 conv=0x19) G(open=0 conv=0x00) comp="" tail="kkkkkkkk"
    +400ms: A(open=1 conv=0x19) B(open=1 conv=0x19) T(open=1 conv=0x19) G(open=0 conv=0x00) comp="" tail="kkkkkkkk"
    +1500ms: A(open=1 conv=0x19) B(open=1 conv=0x19) T(open=1 conv=0x19) G(open=0 conv=0x00) comp="" tail="kkkkkkkk"
    差分 (前→+100ms): Δ comp:Some("き")→Some("")   (前→+400ms): Δ comp:Some("き")→Some("")   (前→+1500ms): Δ comp:Some("き")→Some("")
[02:56:06.286Z] KEY [SCRIPT 7/10 ひらがなキー 期待=ONのまま半角英数へ。Engine は(遅延で)OFF] ひらがな(0xF2) vk=0xF2 scan=0x70 press=02:56:04.715Z (auto)  状態=IME ON・入力なし
    前     : A(open=1 conv=0x19) B(open=1 conv=0x19) T(open=1 conv=0x19) G(open=0 conv=0x00) comp="" tail="kkkkkkkk"
    +100ms: A(open=1 conv=0x10) B(open=1 conv=0x10) T(open=1 conv=0x10) G(open=0 conv=0x00) comp="" tail="kkkkkkkk"
    +400ms: A(open=1 conv=0x10) B(open=1 conv=0x10) T(open=1 conv=0x10) G(open=0 conv=0x00) comp="" tail="kkkkkkkk"
    +1500ms: A(open=1 conv=0x10) B(open=1 conv=0x10) T(open=1 conv=0x10) G(open=0 conv=0x00) comp="" tail="kkkkkkkk"
    差分 (前→+100ms): Δ conv A:0x19→0x10 B:0x19→0x10 / tsf-thread open:1→1 conv:0x19→0x10   (前→+400ms): Δ conv A:0x19→0x10 B:0x19→0x10 / tsf-thread open:1→1 conv:0x19→0x10   (前→+1500ms): Δ conv A:0x19→0x10 B:0x19→0x10 / tsf-thread open:1→1 conv:0x19→0x10
[02:56:07.532Z] KEY [準備/その他] ESC vk=0x1B scan=0x01 press=02:56:05.914Z (auto)  状態=IME ON・入力中
    前     : A(open=1 conv=0x10) B(open=1 conv=0x10) T(open=1 conv=0x10) G(open=0 conv=0x00) comp="k" tail="kkkkkkkk"
    +100ms: A(open=1 conv=0x10) B(open=1 conv=0x10) T(open=1 conv=0x10) G(open=0 conv=0x00) comp="" tail="kkkkkkkk"
    +400ms: A(open=1 conv=0x10) B(open=1 conv=0x10) T(open=1 conv=0x10) G(open=0 conv=0x00) comp="" tail="kkkkkkkk"
    +1500ms: A(open=1 conv=0x10) B(open=1 conv=0x10) T(open=1 conv=0x10) G(open=0 conv=0x00) comp="" tail="kkkkkkkk"
    差分 (前→+100ms): Δ comp:Some("k")→Some("")   (前→+400ms): Δ comp:Some("k")→Some("")   (前→+1500ms): Δ comp:Some("k")→Some("")
[02:56:09.408Z] KEY [SCRIPT 8/10 無変換 期待=IME OFF。Engine OFF] 無変換 vk=0x1D scan=0x7B press=02:56:07.846Z (auto)  状態=IME ON・入力なし
    前     : A(open=1 conv=0x10) B(open=1 conv=0x10) T(open=1 conv=0x10) G(open=0 conv=0x00) comp="" tail="kkkkkkkk"
    +100ms: A(open=0 conv=0x10) B(open=0 conv=0x10) T(open=0 conv=0x10) G(open=0 conv=0x00) comp="" tail="kkkkkkkk"
    +400ms: A(open=0 conv=0x10) B(open=0 conv=0x10) T(open=0 conv=0x10) G(open=0 conv=0x00) comp="" tail="kkkkkkkk"
    +1500ms: A(open=0 conv=0x10) B(open=0 conv=0x10) T(open=0 conv=0x10) G(open=0 conv=0x00) comp="" tail="kkkkkkkk"
    差分 (前→+100ms): Δ open A:1→0 B:1→0 / tsf-thread open:1→0 conv:0x10→0x10   (前→+400ms): Δ open A:1→0 B:1→0 / tsf-thread open:1→0 conv:0x10→0x10   (前→+1500ms): Δ open A:1→0 B:1→0 / tsf-thread open:1→0 conv:0x10→0x10
[02:56:10.597Z] KEY [準備/その他] ESC vk=0x1B scan=0x01 press=02:56:09.033Z (auto)  状態=直接入力
    前     : A(open=0 conv=0x10) B(open=0 conv=0x10) T(open=0 conv=0x10) G(open=0 conv=0x00) comp="" tail="kkkkkkkk"
    +100ms: A(open=0 conv=0x10) B(open=0 conv=0x10) T(open=0 conv=0x10) G(open=0 conv=0x00) comp="" tail="kkkkkkkk"
    +400ms: A(open=0 conv=0x10) B(open=0 conv=0x10) T(open=0 conv=0x10) G(open=0 conv=0x00) comp="" tail="kkkkkkkk"
    +1500ms: A(open=0 conv=0x10) B(open=0 conv=0x10) T(open=0 conv=0x10) G(open=0 conv=0x00) comp="" tail="kkkkkkkk"
    差分 (前→+100ms): Δなし   (前→+400ms): Δなし   (前→+1500ms): Δなし
[02:56:12.652Z] KEY [SCRIPT 9/10 無変換 期待=IME ON・半角英数のまま。Engine が ON にならないこと ← 退行窓の確認] 無変換 vk=0x1D scan=0x7B press=02:56:11.030Z (auto)  状態=直接入力
    前     : A(open=0 conv=0x10) B(open=0 conv=0x10) T(open=0 conv=0x10) G(open=0 conv=0x00) comp="" tail="kkkkkkkk"
    +100ms: A(open=1 conv=0x10) B(open=1 conv=0x10) T(open=1 conv=0x10) G(open=0 conv=0x00) comp="" tail="kkkkkkkk"
    +400ms: A(open=1 conv=0x10) B(open=1 conv=0x10) T(open=1 conv=0x10) G(open=0 conv=0x00) comp="" tail="kkkkkkkk"
    +1500ms: A(open=1 conv=0x10) B(open=1 conv=0x10) T(open=1 conv=0x10) G(open=0 conv=0x00) comp="" tail="kkkkkkkk"
    差分 (前→+100ms): Δ open A:0→1 B:0→1 / tsf-thread open:0→1 conv:0x10→0x10   (前→+400ms): Δ open A:0→1 B:0→1 / tsf-thread open:0→1 conv:0x10→0x10   (前→+1500ms): Δ open A:0→1 B:0→1 / tsf-thread open:0→1 conv:0x10→0x10
[02:56:13.788Z] KEY [準備/その他] ESC vk=0x1B scan=0x01 press=02:56:12.217Z (auto)  状態=IME ON・入力中
    前     : A(open=1 conv=0x10) B(open=1 conv=0x10) T(open=1 conv=0x10) G(open=0 conv=0x00) comp="k" tail="kkkkkkkk"
    +100ms: A(open=1 conv=0x10) B(open=1 conv=0x10) T(open=1 conv=0x10) G(open=0 conv=0x00) comp="" tail="kkkkkkkk"
    +400ms: A(open=1 conv=0x10) B(open=1 conv=0x10) T(open=1 conv=0x10) G(open=0 conv=0x00) comp="" tail="kkkkkkkk"
    +1500ms: A(open=1 conv=0x10) B(open=1 conv=0x10) T(open=1 conv=0x10) G(open=0 conv=0x00) comp="" tail="kkkkkkkk"
    差分 (前→+100ms): Δ comp:Some("k")→Some("")   (前→+400ms): Δ comp:Some("k")→Some("")   (前→+1500ms): Δ comp:Some("k")→Some("")
[02:56:15.786Z] KEY [SCRIPT 10/10 ひらがなキー 期待=かなに戻る(後片付け)] ひらがな(0xF2) vk=0xF2 scan=0x70 press=02:56:14.161Z (auto)  状態=IME ON・入力なし
    前     : A(open=1 conv=0x10) B(open=1 conv=0x10) T(open=1 conv=0x10) G(open=0 conv=0x00) comp="" tail="kkkkkkkk"
    +100ms: A(open=1 conv=0x19) B(open=1 conv=0x19) T(open=1 conv=0x19) G(open=0 conv=0x00) comp="" tail="kkkkkkkk"
    +400ms: A(open=1 conv=0x19) B(open=1 conv=0x19) T(open=1 conv=0x19) G(open=0 conv=0x00) comp="" tail="kkkkkkkk"
    +1500ms: A(open=1 conv=0x19) B(open=1 conv=0x19) T(open=1 conv=0x19) G(open=0 conv=0x00) comp="" tail="kkkkkkkk"
    差分 (前→+100ms): Δ conv A:0x10→0x19 B:0x10→0x19 / tsf-thread open:1→1 conv:0x10→0x19   (前→+400ms): Δ conv A:0x10→0x19 B:0x10→0x19 / tsf-thread open:1→1 conv:0x10→0x19   (前→+1500ms): Δ conv A:0x10→0x19 B:0x10→0x19 / tsf-thread open:1→1 conv:0x10→0x19
[02:56:16.966Z] KEY [準備/その他] ESC vk=0x1B scan=0x01 press=02:56:15.347Z (auto)  状態=IME ON・入力中
    前     : A(open=1 conv=0x19) B(open=1 conv=0x19) T(open=1 conv=0x19) G(open=0 conv=0x00) comp="き" tail="kkkkkkkk"
    +100ms: A(open=1 conv=0x19) B(open=1 conv=0x19) T(open=1 conv=0x19) G(open=0 conv=0x00) comp="" tail="kkkkkkkk"
    +400ms: A(open=1 conv=0x19) B(open=1 conv=0x19) T(open=1 conv=0x19) G(open=0 conv=0x00) comp="" tail="kkkkkkkk"
    +1500ms: A(open=1 conv=0x19) B(open=1 conv=0x19) T(open=1 conv=0x19) G(open=0 conv=0x00) comp="" tail="kkkkkkkk"
    差分 (前→+100ms): Δ comp:Some("き")→Some("")   (前→+400ms): Δ comp:Some("き")→Some("")   (前→+1500ms): Δ comp:Some("き")→Some("")
[RUN 8/12 完了]
[RUN 9/12 開始]
[02:56:20.470Z] KEY [SCRIPT 1/10 ひらがなキー 期待=ONのまま半角英数へ(conv 0x10)。Engine OFF(決定3保留のため遅延の可能性あり)] ひらがな(0xF2) vk=0xF2 scan=0x70 press=02:56:18.845Z (auto)  状態=IME ON・入力なし
    前     : A(open=1 conv=0x19) B(open=1 conv=0x19) T(open=1 conv=0x19) G(open=0 conv=0x00) comp="" tail="kkkkkkkk"
    +100ms: A(open=1 conv=0x10) B(open=1 conv=0x10) T(open=1 conv=0x10) G(open=0 conv=0x00) comp="" tail="kkkkkkkk"
    +400ms: A(open=1 conv=0x10) B(open=1 conv=0x10) T(open=1 conv=0x10) G(open=0 conv=0x00) comp="" tail="kkkkkkkk"
    +1500ms: A(open=1 conv=0x10) B(open=1 conv=0x10) T(open=1 conv=0x10) G(open=0 conv=0x00) comp="" tail="kkkkkkkk"
    差分 (前→+100ms): Δ conv A:0x19→0x10 B:0x19→0x10 / tsf-thread open:1→1 conv:0x19→0x10   (前→+400ms): Δ conv A:0x19→0x10 B:0x19→0x10 / tsf-thread open:1→1 conv:0x19→0x10   (前→+1500ms): Δ conv A:0x19→0x10 B:0x19→0x10 / tsf-thread open:1→1 conv:0x19→0x10
[02:56:21.653Z] KEY [準備/その他] ESC vk=0x1B scan=0x01 press=02:56:20.033Z (auto)  状態=IME ON・入力中
    前     : A(open=1 conv=0x10) B(open=1 conv=0x10) T(open=1 conv=0x10) G(open=0 conv=0x00) comp="k" tail="kkkkkkkk"
    +100ms: A(open=1 conv=0x10) B(open=1 conv=0x10) T(open=1 conv=0x10) G(open=0 conv=0x00) comp="" tail="kkkkkkkk"
    +400ms: A(open=1 conv=0x10) B(open=1 conv=0x10) T(open=1 conv=0x10) G(open=0 conv=0x00) comp="" tail="kkkkkkkk"
    +1500ms: A(open=1 conv=0x10) B(open=1 conv=0x10) T(open=1 conv=0x10) G(open=0 conv=0x00) comp="" tail="kkkkkkkk"
    差分 (前→+100ms): Δ comp:Some("k")→Some("")   (前→+400ms): Δ comp:Some("k")→Some("")   (前→+1500ms): Δ comp:Some("k")→Some("")
[02:56:23.655Z] KEY [SCRIPT 2/10 無変換 期待=IME OFF(直接入力)。Engine OFF] 無変換 vk=0x1D scan=0x7B press=02:56:22.029Z (auto)  状態=IME ON・入力なし
    前     : A(open=1 conv=0x10) B(open=1 conv=0x10) T(open=1 conv=0x10) G(open=0 conv=0x00) comp="" tail="kkkkkkkk"
    +100ms: A(open=0 conv=0x10) B(open=0 conv=0x10) T(open=0 conv=0x10) G(open=0 conv=0x00) comp="" tail="kkkkkkkk"
    +400ms: A(open=0 conv=0x10) B(open=0 conv=0x10) T(open=0 conv=0x10) G(open=0 conv=0x00) comp="" tail="kkkkkkkk"
    +1500ms: A(open=0 conv=0x10) B(open=0 conv=0x10) T(open=0 conv=0x10) G(open=0 conv=0x00) comp="" tail="kkkkkkkk"
    差分 (前→+100ms): Δ open A:1→0 B:1→0 / tsf-thread open:1→0 conv:0x10→0x10   (前→+400ms): Δ open A:1→0 B:1→0 / tsf-thread open:1→0 conv:0x10→0x10   (前→+1500ms): Δ open A:1→0 B:1→0 / tsf-thread open:1→0 conv:0x10→0x10
[02:56:24.778Z] KEY [準備/その他] ESC vk=0x1B scan=0x01 press=02:56:23.214Z (auto)  状態=直接入力
    前     : A(open=0 conv=0x10) B(open=0 conv=0x10) T(open=0 conv=0x10) G(open=0 conv=0x00) comp="" tail="kkkkkkkk"
    +100ms: A(open=0 conv=0x10) B(open=0 conv=0x10) T(open=0 conv=0x10) G(open=0 conv=0x00) comp="" tail="kkkkkkkk"
    +400ms: A(open=0 conv=0x10) B(open=0 conv=0x10) T(open=0 conv=0x10) G(open=0 conv=0x00) comp="" tail="kkkkkkkk"
    +1500ms: A(open=0 conv=0x10) B(open=0 conv=0x10) T(open=0 conv=0x10) G(open=0 conv=0x00) comp="" tail="kkkkkkkk"
    差分 (前→+100ms): Δなし   (前→+400ms): Δなし   (前→+1500ms): Δなし
[02:56:26.788Z] KEY [SCRIPT 3/10 無変換 期待=IME ON・半角英数のまま(conv 0x10)。Engine は OFF のまま ← 決定2の核心] 無変換 vk=0x1D scan=0x7B press=02:56:25.215Z (auto)  状態=直接入力
    前     : A(open=0 conv=0x10) B(open=0 conv=0x10) T(open=0 conv=0x10) G(open=0 conv=0x00) comp="" tail="kkkkkkkk"
    +100ms: A(open=1 conv=0x10) B(open=1 conv=0x10) T(open=1 conv=0x10) G(open=0 conv=0x00) comp="" tail="kkkkkkkk"
    +400ms: A(open=1 conv=0x10) B(open=1 conv=0x10) T(open=1 conv=0x10) G(open=0 conv=0x00) comp="" tail="kkkkkkkk"
    +1500ms: A(open=1 conv=0x10) B(open=1 conv=0x10) T(open=1 conv=0x10) G(open=0 conv=0x00) comp="" tail="kkkkkkkk"
    差分 (前→+100ms): Δ open A:0→1 B:0→1 / tsf-thread open:0→1 conv:0x10→0x10   (前→+400ms): Δ open A:0→1 B:0→1 / tsf-thread open:0→1 conv:0x10→0x10   (前→+1500ms): Δ open A:0→1 B:0→1 / tsf-thread open:0→1 conv:0x10→0x10
[02:56:28.037Z] KEY [準備/その他] ESC vk=0x1B scan=0x01 press=02:56:26.417Z (auto)  状態=IME ON・入力中
    前     : A(open=1 conv=0x10) B(open=1 conv=0x10) T(open=1 conv=0x10) G(open=0 conv=0x00) comp="k" tail="kkkkkkkk"
    +100ms: A(open=1 conv=0x10) B(open=1 conv=0x10) T(open=1 conv=0x10) G(open=0 conv=0x00) comp="" tail="kkkkkkkk"
    +400ms: A(open=1 conv=0x10) B(open=1 conv=0x10) T(open=1 conv=0x10) G(open=0 conv=0x00) comp="" tail="kkkkkkkk"
    +1500ms: A(open=1 conv=0x10) B(open=1 conv=0x10) T(open=1 conv=0x10) G(open=0 conv=0x00) comp="" tail="kkkkkkkk"
    差分 (前→+100ms): Δ comp:Some("k")→Some("")   (前→+400ms): Δ comp:Some("k")→Some("")   (前→+1500ms): Δ comp:Some("k")→Some("")
[02:56:29.974Z] KEY [SCRIPT 4/10 ひらがなキー 期待=かなに戻る(conv 0x19)。Engine ON(遅延の可能性あり)] ひらがな(0xF2) vk=0xF2 scan=0x70 press=02:56:28.339Z (auto)  状態=IME ON・入力なし
    前     : A(open=1 conv=0x10) B(open=1 conv=0x10) T(open=1 conv=0x10) G(open=0 conv=0x00) comp="" tail="kkkkkkkk"
    +100ms: A(open=1 conv=0x19) B(open=1 conv=0x19) T(open=1 conv=0x19) G(open=0 conv=0x00) comp="" tail="kkkkkkkk"
    +400ms: A(open=1 conv=0x19) B(open=1 conv=0x19) T(open=1 conv=0x19) G(open=0 conv=0x00) comp="" tail="kkkkkkkk"
    +1500ms: A(open=1 conv=0x19) B(open=1 conv=0x19) T(open=1 conv=0x19) G(open=0 conv=0x00) comp="" tail="kkkkkkkk"
    差分 (前→+100ms): Δ conv A:0x10→0x19 B:0x10→0x19 / tsf-thread open:1→1 conv:0x10→0x19   (前→+400ms): Δ conv A:0x10→0x19 B:0x10→0x19 / tsf-thread open:1→1 conv:0x10→0x19   (前→+1500ms): Δ conv A:0x10→0x19 B:0x10→0x19 / tsf-thread open:1→1 conv:0x10→0x19
[02:56:31.158Z] KEY [準備/その他] ESC vk=0x1B scan=0x01 press=02:56:29.536Z (auto)  状態=IME ON・入力中
    前     : A(open=1 conv=0x19) B(open=1 conv=0x19) T(open=1 conv=0x19) G(open=0 conv=0x00) comp="き" tail="kkkkkkkk"
    +100ms: A(open=1 conv=0x19) B(open=1 conv=0x19) T(open=1 conv=0x19) G(open=0 conv=0x00) comp="" tail="kkkkkkkk"
    +400ms: A(open=1 conv=0x19) B(open=1 conv=0x19) T(open=1 conv=0x19) G(open=0 conv=0x00) comp="" tail="kkkkkkkk"
    +1500ms: A(open=1 conv=0x19) B(open=1 conv=0x19) T(open=1 conv=0x19) G(open=0 conv=0x00) comp="" tail="kkkkkkkk"
    差分 (前→+100ms): Δ comp:Some("き")→Some("")   (前→+400ms): Δ comp:Some("き")→Some("")   (前→+1500ms): Δ comp:Some("き")→Some("")
[02:56:33.099Z] KEY [SCRIPT 5/10 無変換 期待=IME OFF。Engine OFF] 無変換 vk=0x1D scan=0x7B press=02:56:31.534Z (auto)  状態=IME ON・入力なし
    前     : A(open=1 conv=0x19) B(open=1 conv=0x19) T(open=1 conv=0x19) G(open=0 conv=0x00) comp="" tail="kkkkkkkk"
    +100ms: A(open=0 conv=0x19) B(open=0 conv=0x19) T(open=0 conv=0x19) G(open=0 conv=0x00) comp="" tail="kkkkkkkk"
    +400ms: A(open=0 conv=0x19) B(open=0 conv=0x19) T(open=0 conv=0x19) G(open=0 conv=0x00) comp="" tail="kkkkkkkk"
    +1500ms: A(open=0 conv=0x19) B(open=0 conv=0x19) T(open=0 conv=0x19) G(open=0 conv=0x00) comp="" tail="kkkkkkkk"
    差分 (前→+100ms): Δ open A:1→0 B:1→0 / tsf-thread open:1→0 conv:0x19→0x19   (前→+400ms): Δ open A:1→0 B:1→0 / tsf-thread open:1→0 conv:0x19→0x19   (前→+1500ms): Δ open A:1→0 B:1→0 / tsf-thread open:1→0 conv:0x19→0x19
[02:56:34.286Z] KEY [準備/その他] ESC vk=0x1B scan=0x01 press=02:56:32.728Z (auto)  状態=直接入力
    前     : A(open=0 conv=0x19) B(open=0 conv=0x19) T(open=0 conv=0x19) G(open=0 conv=0x00) comp="" tail="kkkkkkkk"
    +100ms: A(open=0 conv=0x19) B(open=0 conv=0x19) T(open=0 conv=0x19) G(open=0 conv=0x00) comp="" tail="kkkkkkkk"
    +400ms: A(open=0 conv=0x19) B(open=0 conv=0x19) T(open=0 conv=0x19) G(open=0 conv=0x00) comp="" tail="kkkkkkkk"
    +1500ms: A(open=0 conv=0x19) B(open=0 conv=0x19) T(open=0 conv=0x19) G(open=0 conv=0x00) comp="" tail="kkkkkkkk"
    差分 (前→+100ms): Δなし   (前→+400ms): Δなし   (前→+1500ms): Δなし
[02:56:34.346Z] KEY [準備/その他] ESC vk=0x1B scan=0x01 press=02:56:32.798Z (injected)  状態=直接入力
    前     : A(open=0 conv=0x19) B(open=0 conv=0x19) T(open=0 conv=0x19) G(open=0 conv=0x00) comp="" tail="kkkkkkkk"
    +100ms: A(open=0 conv=0x19) B(open=0 conv=0x19) T(open=0 conv=0x19) G(open=0 conv=0x00) comp="" tail="kkkkkkkk"
    +400ms: A(open=0 conv=0x19) B(open=0 conv=0x19) T(open=0 conv=0x19) G(open=0 conv=0x00) comp="" tail="kkkkkkkk"
    +1500ms: A(open=0 conv=0x19) B(open=0 conv=0x19) T(open=0 conv=0x19) G(open=0 conv=0x00) comp="" tail="kkkkkkkk"
    差分 (前→+100ms): Δなし   (前→+400ms): Δなし   (前→+1500ms): Δなし
[02:56:36.243Z] KEY [SCRIPT 6/10 無変換 期待=IME ON(かな)。Engine ON] 無変換 vk=0x1D scan=0x7B press=02:56:34.671Z (auto)  状態=直接入力
    前     : A(open=0 conv=0x19) B(open=0 conv=0x19) T(open=0 conv=0x19) G(open=0 conv=0x00) comp="" tail="kkkkkkkk"
    +100ms: A(open=1 conv=0x19) B(open=1 conv=0x19) T(open=1 conv=0x19) G(open=0 conv=0x00) comp="" tail="kkkkkkkk"
    +400ms: A(open=1 conv=0x19) B(open=1 conv=0x19) T(open=1 conv=0x19) G(open=0 conv=0x00) comp="" tail="kkkkkkkk"
    +1500ms: A(open=1 conv=0x19) B(open=1 conv=0x19) T(open=1 conv=0x19) G(open=0 conv=0x00) comp="" tail="kkkkkkkk"
    差分 (前→+100ms): Δ open A:0→1 B:0→1 / tsf-thread open:0→1 conv:0x19→0x19   (前→+400ms): Δ open A:0→1 B:0→1 / tsf-thread open:0→1 conv:0x19→0x19   (前→+1500ms): Δ open A:0→1 B:0→1 / tsf-thread open:0→1 conv:0x19→0x19
[02:56:37.463Z] KEY [準備/その他] ESC vk=0x1B scan=0x01 press=02:56:35.855Z (auto)  状態=IME ON・入力中
    前     : A(open=1 conv=0x19) B(open=1 conv=0x19) T(open=1 conv=0x19) G(open=0 conv=0x00) comp="き" tail="kkkkkkkk"
    +100ms: A(open=1 conv=0x19) B(open=1 conv=0x19) T(open=1 conv=0x19) G(open=0 conv=0x00) comp="" tail="kkkkkkkk"
    +400ms: A(open=1 conv=0x19) B(open=1 conv=0x19) T(open=1 conv=0x19) G(open=0 conv=0x00) comp="" tail="kkkkkkkk"
    +1500ms: A(open=1 conv=0x19) B(open=1 conv=0x19) T(open=1 conv=0x19) G(open=0 conv=0x00) comp="" tail="kkkkkkkk"
    差分 (前→+100ms): Δ comp:Some("き")→Some("")   (前→+400ms): Δ comp:Some("き")→Some("")   (前→+1500ms): Δ comp:Some("き")→Some("")
[02:56:39.387Z] KEY [SCRIPT 7/10 ひらがなキー 期待=ONのまま半角英数へ。Engine は(遅延で)OFF] ひらがな(0xF2) vk=0xF2 scan=0x70 press=02:56:37.824Z (auto)  状態=IME ON・入力なし
    前     : A(open=1 conv=0x19) B(open=1 conv=0x19) T(open=1 conv=0x19) G(open=0 conv=0x00) comp="" tail="kkkkkkkk"
    +100ms: A(open=1 conv=0x10) B(open=1 conv=0x10) T(open=1 conv=0x10) G(open=0 conv=0x00) comp="" tail="kkkkkkkk"
    +400ms: A(open=1 conv=0x10) B(open=1 conv=0x10) T(open=1 conv=0x10) G(open=0 conv=0x00) comp="" tail="kkkkkkkk"
    +1500ms: A(open=1 conv=0x10) B(open=1 conv=0x10) T(open=1 conv=0x10) G(open=0 conv=0x00) comp="" tail="kkkkkkkk"
    差分 (前→+100ms): Δ conv A:0x19→0x10 B:0x19→0x10 / tsf-thread open:1→1 conv:0x19→0x10   (前→+400ms): Δ conv A:0x19→0x10 B:0x19→0x10 / tsf-thread open:1→1 conv:0x19→0x10   (前→+1500ms): Δ conv A:0x19→0x10 B:0x19→0x10 / tsf-thread open:1→1 conv:0x19→0x10
[02:56:40.638Z] KEY [準備/その他] ESC vk=0x1B scan=0x01 press=02:56:39.016Z (auto)  状態=IME ON・入力中
    前     : A(open=1 conv=0x10) B(open=1 conv=0x10) T(open=1 conv=0x10) G(open=0 conv=0x00) comp="k" tail="kkkkkkkk"
    +100ms: A(open=1 conv=0x10) B(open=1 conv=0x10) T(open=1 conv=0x10) G(open=0 conv=0x00) comp="" tail="kkkkkkkk"
    +400ms: A(open=1 conv=0x10) B(open=1 conv=0x10) T(open=1 conv=0x10) G(open=0 conv=0x00) comp="" tail="kkkkkkkk"
    +1500ms: A(open=1 conv=0x10) B(open=1 conv=0x10) T(open=1 conv=0x10) G(open=0 conv=0x00) comp="" tail="kkkkkkkk"
    差分 (前→+100ms): Δ comp:Some("k")→Some("")   (前→+400ms): Δ comp:Some("k")→Some("")   (前→+1500ms): Δ comp:Some("k")→Some("")
[02:56:42.516Z] KEY [SCRIPT 8/10 無変換 期待=IME OFF。Engine OFF] 無変換 vk=0x1D scan=0x7B press=02:56:40.953Z (auto)  状態=IME ON・入力なし
    前     : A(open=1 conv=0x10) B(open=1 conv=0x10) T(open=1 conv=0x10) G(open=0 conv=0x00) comp="" tail="kkkkkkkk"
    +100ms: A(open=0 conv=0x10) B(open=0 conv=0x10) T(open=0 conv=0x10) G(open=0 conv=0x00) comp="" tail="kkkkkkkk"
    +400ms: A(open=0 conv=0x10) B(open=0 conv=0x10) T(open=0 conv=0x10) G(open=0 conv=0x00) comp="" tail="kkkkkkkk"
    +1500ms: A(open=0 conv=0x10) B(open=0 conv=0x10) T(open=0 conv=0x10) G(open=0 conv=0x00) comp="" tail="kkkkkkkk"
    差分 (前→+100ms): Δ open A:1→0 B:1→0 / tsf-thread open:1→0 conv:0x10→0x10   (前→+400ms): Δ open A:1→0 B:1→0 / tsf-thread open:1→0 conv:0x10→0x10   (前→+1500ms): Δ open A:1→0 B:1→0 / tsf-thread open:1→0 conv:0x10→0x10
[02:56:43.766Z] KEY [準備/その他] ESC vk=0x1B scan=0x01 press=02:56:42.140Z (auto)  状態=直接入力
    前     : A(open=0 conv=0x10) B(open=0 conv=0x10) T(open=0 conv=0x10) G(open=0 conv=0x00) comp="" tail="kkkkkkkk"
    +100ms: A(open=0 conv=0x10) B(open=0 conv=0x10) T(open=0 conv=0x10) G(open=0 conv=0x00) comp="" tail="kkkkkkkk"
    +400ms: A(open=0 conv=0x10) B(open=0 conv=0x10) T(open=0 conv=0x10) G(open=0 conv=0x00) comp="" tail="kkkkkkkk"
    +1500ms: A(open=0 conv=0x10) B(open=0 conv=0x10) T(open=0 conv=0x10) G(open=0 conv=0x00) comp="" tail="kkkkkkkk"
    差分 (前→+100ms): Δなし   (前→+400ms): Δなし   (前→+1500ms): Δなし
[02:56:45.641Z] KEY [SCRIPT 9/10 無変換 期待=IME ON・半角英数のまま。Engine が ON にならないこと ← 退行窓の確認] 無変換 vk=0x1D scan=0x7B press=02:56:44.077Z (auto)  状態=直接入力
    前     : A(open=0 conv=0x10) B(open=0 conv=0x10) T(open=0 conv=0x10) G(open=0 conv=0x00) comp="" tail="kkkkkkkk"
    +100ms: A(open=1 conv=0x10) B(open=1 conv=0x10) T(open=1 conv=0x10) G(open=0 conv=0x00) comp="" tail="kkkkkkkk"
    +400ms: A(open=1 conv=0x10) B(open=1 conv=0x10) T(open=1 conv=0x10) G(open=0 conv=0x00) comp="" tail="kkkkkkkk"
    +1500ms: A(open=1 conv=0x10) B(open=1 conv=0x10) T(open=1 conv=0x10) G(open=0 conv=0x00) comp="" tail="kkkkkkkk"
    差分 (前→+100ms): Δ open A:0→1 B:0→1 / tsf-thread open:0→1 conv:0x10→0x10   (前→+400ms): Δ open A:0→1 B:0→1 / tsf-thread open:0→1 conv:0x10→0x10   (前→+1500ms): Δ open A:0→1 B:0→1 / tsf-thread open:0→1 conv:0x10→0x10
[02:56:46.899Z] KEY [準備/その他] ESC vk=0x1B scan=0x01 press=02:56:45.263Z (auto)  状態=IME ON・入力中
    前     : A(open=1 conv=0x10) B(open=1 conv=0x10) T(open=1 conv=0x10) G(open=0 conv=0x00) comp="k" tail="kkkkkkkk"
    +100ms: A(open=1 conv=0x10) B(open=1 conv=0x10) T(open=1 conv=0x10) G(open=0 conv=0x00) comp="" tail="kkkkkkkk"
    +400ms: A(open=1 conv=0x10) B(open=1 conv=0x10) T(open=1 conv=0x10) G(open=0 conv=0x00) comp="" tail="kkkkkkkk"
    +1500ms: A(open=1 conv=0x10) B(open=1 conv=0x10) T(open=1 conv=0x10) G(open=0 conv=0x00) comp="" tail="kkkkkkkk"
    差分 (前→+100ms): Δ comp:Some("k")→Some("")   (前→+400ms): Δ comp:Some("k")→Some("")   (前→+1500ms): Δ comp:Some("k")→Some("")
[02:56:48.884Z] KEY [SCRIPT 10/10 ひらがなキー 期待=かなに戻る(後片付け)] ひらがな(0xF2) vk=0xF2 scan=0x70 press=02:56:47.273Z (auto)  状態=IME ON・入力なし
    前     : A(open=1 conv=0x10) B(open=1 conv=0x10) T(open=1 conv=0x10) G(open=0 conv=0x00) comp="" tail="kkkkkkkk"
    +100ms: A(open=1 conv=0x19) B(open=1 conv=0x19) T(open=1 conv=0x19) G(open=0 conv=0x00) comp="" tail="kkkkkkkk"
    +400ms: A(open=1 conv=0x19) B(open=1 conv=0x19) T(open=1 conv=0x19) G(open=0 conv=0x00) comp="" tail="kkkkkkkk"
    +1500ms: A(open=1 conv=0x19) B(open=1 conv=0x19) T(open=1 conv=0x19) G(open=0 conv=0x00) comp="" tail="kkkkkkkk"
    差分 (前→+100ms): Δ conv A:0x10→0x19 B:0x10→0x19 / tsf-thread open:1→1 conv:0x10→0x19   (前→+400ms): Δ conv A:0x10→0x19 B:0x10→0x19 / tsf-thread open:1→1 conv:0x10→0x19   (前→+1500ms): Δ conv A:0x10→0x19 B:0x10→0x19 / tsf-thread open:1→1 conv:0x10→0x19
[02:56:50.012Z] KEY [準備/その他] ESC vk=0x1B scan=0x01 press=02:56:48.462Z (auto)  状態=IME ON・入力中
    前     : A(open=1 conv=0x19) B(open=1 conv=0x19) T(open=1 conv=0x19) G(open=0 conv=0x00) comp="き" tail="kkkkkkkk"
    +100ms: A(open=1 conv=0x19) B(open=1 conv=0x19) T(open=1 conv=0x19) G(open=0 conv=0x00) comp="" tail="kkkkkkkk"
    +400ms: A(open=1 conv=0x19) B(open=1 conv=0x19) T(open=1 conv=0x19) G(open=0 conv=0x00) comp="" tail="kkkkkkkk"
    +1500ms: A(open=1 conv=0x19) B(open=1 conv=0x19) T(open=1 conv=0x19) G(open=0 conv=0x00) comp="" tail="kkkkkkkk"
    差分 (前→+100ms): Δ comp:Some("き")→Some("")   (前→+400ms): Δ comp:Some("き")→Some("")   (前→+1500ms): Δ comp:Some("き")→Some("")
[RUN 9/12 完了]
[RUN 10/12 開始]
[02:56:53.598Z] KEY [SCRIPT 1/10 ひらがなキー 期待=ONのまま半角英数へ(conv 0x10)。Engine OFF(決定3保留のため遅延の可能性あり)] ひらがな(0xF2) vk=0xF2 scan=0x70 press=02:56:51.963Z (auto)  状態=IME ON・入力なし
    前     : A(open=1 conv=0x19) B(open=1 conv=0x19) T(open=1 conv=0x19) G(open=0 conv=0x00) comp="" tail="kkkkkkkk"
    +100ms: A(open=1 conv=0x10) B(open=1 conv=0x10) T(open=1 conv=0x10) G(open=0 conv=0x00) comp="" tail="kkkkkkkk"
    +400ms: A(open=1 conv=0x10) B(open=1 conv=0x10) T(open=1 conv=0x10) G(open=0 conv=0x00) comp="" tail="kkkkkkkk"
    +1500ms: A(open=1 conv=0x10) B(open=1 conv=0x10) T(open=1 conv=0x10) G(open=0 conv=0x00) comp="" tail="kkkkkkkk"
    差分 (前→+100ms): Δ conv A:0x19→0x10 B:0x19→0x10 / tsf-thread open:1→1 conv:0x19→0x10   (前→+400ms): Δ conv A:0x19→0x10 B:0x19→0x10 / tsf-thread open:1→1 conv:0x19→0x10   (前→+1500ms): Δ conv A:0x19→0x10 B:0x19→0x10 / tsf-thread open:1→1 conv:0x19→0x10
[02:56:54.722Z] KEY [準備/その他] ESC vk=0x1B scan=0x01 press=02:56:53.101Z (auto)  状態=IME ON・入力中
    前     : A(open=1 conv=0x10) B(open=1 conv=0x10) T(open=1 conv=0x10) G(open=0 conv=0x00) comp="k" tail="kkkkkkkk"
    +100ms: A(open=1 conv=0x10) B(open=1 conv=0x10) T(open=1 conv=0x10) G(open=0 conv=0x00) comp="" tail="kkkkkkkk"
    +400ms: A(open=1 conv=0x10) B(open=1 conv=0x10) T(open=1 conv=0x10) G(open=0 conv=0x00) comp="" tail="kkkkkkkk"
    +1500ms: A(open=1 conv=0x10) B(open=1 conv=0x10) T(open=1 conv=0x10) G(open=0 conv=0x00) comp="" tail="kkkkkkkk"
    差分 (前→+100ms): Δ comp:Some("k")→Some("")   (前→+400ms): Δ comp:Some("k")→Some("")   (前→+1500ms): Δ comp:Some("k")→Some("")
[02:56:56.719Z] KEY [SCRIPT 2/10 無変換 期待=IME OFF(直接入力)。Engine OFF] 無変換 vk=0x1D scan=0x7B press=02:56:55.091Z (auto)  状態=IME ON・入力なし
    前     : A(open=1 conv=0x10) B(open=1 conv=0x10) T(open=1 conv=0x10) G(open=0 conv=0x00) comp="" tail="kkkkkkkk"
    +100ms: A(open=0 conv=0x10) B(open=0 conv=0x10) T(open=0 conv=0x10) G(open=0 conv=0x00) comp="" tail="kkkkkkkk"
    +400ms: A(open=0 conv=0x10) B(open=0 conv=0x10) T(open=0 conv=0x10) G(open=0 conv=0x00) comp="" tail="kkkkkkkk"
    +1500ms: A(open=0 conv=0x10) B(open=0 conv=0x10) T(open=0 conv=0x10) G(open=0 conv=0x00) comp="" tail="kkkkkkkk"
    差分 (前→+100ms): Δ open A:1→0 B:1→0 / tsf-thread open:1→0 conv:0x10→0x10   (前→+400ms): Δ open A:1→0 B:1→0 / tsf-thread open:1→0 conv:0x10→0x10   (前→+1500ms): Δ open A:1→0 B:1→0 / tsf-thread open:1→0 conv:0x10→0x10
[02:56:57.902Z] KEY [準備/その他] ESC vk=0x1B scan=0x01 press=02:56:56.286Z (auto)  状態=直接入力
    前     : A(open=0 conv=0x10) B(open=0 conv=0x10) T(open=0 conv=0x10) G(open=0 conv=0x00) comp="" tail="kkkkkkkk"
    +100ms: A(open=0 conv=0x10) B(open=0 conv=0x10) T(open=0 conv=0x10) G(open=0 conv=0x00) comp="" tail="kkkkkkkk"
    +400ms: A(open=0 conv=0x10) B(open=0 conv=0x10) T(open=0 conv=0x10) G(open=0 conv=0x00) comp="" tail="kkkkkkkk"
    +1500ms: A(open=0 conv=0x10) B(open=0 conv=0x10) T(open=0 conv=0x10) G(open=0 conv=0x00) comp="" tail="kkkkkkkk"
    差分 (前→+100ms): Δなし   (前→+400ms): Δなし   (前→+1500ms): Δなし
[02:56:59.864Z] KEY [SCRIPT 3/10 無変換 期待=IME ON・半角英数のまま(conv 0x10)。Engine は OFF のまま ← 決定2の核心] 無変換 vk=0x1D scan=0x7B press=02:56:58.276Z (auto)  状態=直接入力
    前     : A(open=0 conv=0x10) B(open=0 conv=0x10) T(open=0 conv=0x10) G(open=0 conv=0x00) comp="" tail="kkkkkkkk"
    +100ms: A(open=1 conv=0x10) B(open=1 conv=0x10) T(open=1 conv=0x10) G(open=0 conv=0x00) comp="" tail="kkkkkkkk"
    +400ms: A(open=1 conv=0x10) B(open=1 conv=0x10) T(open=1 conv=0x10) G(open=0 conv=0x00) comp="" tail="kkkkkkkk"
    +1500ms: A(open=1 conv=0x10) B(open=1 conv=0x10) T(open=1 conv=0x10) G(open=0 conv=0x00) comp="" tail="kkkkkkkk"
    差分 (前→+100ms): Δ open A:0→1 B:0→1 / tsf-thread open:0→1 conv:0x10→0x10   (前→+400ms): Δ open A:0→1 B:0→1 / tsf-thread open:0→1 conv:0x10→0x10   (前→+1500ms): Δ open A:0→1 B:0→1 / tsf-thread open:0→1 conv:0x10→0x10
[02:57:01.051Z] KEY [準備/その他] ESC vk=0x1B scan=0x01 press=02:56:59.477Z (auto)  状態=IME ON・入力中
    前     : A(open=1 conv=0x10) B(open=1 conv=0x10) T(open=1 conv=0x10) G(open=0 conv=0x00) comp="k" tail="kkkkkkkk"
    +100ms: A(open=1 conv=0x10) B(open=1 conv=0x10) T(open=1 conv=0x10) G(open=0 conv=0x00) comp="" tail="kkkkkkkk"
    +400ms: A(open=1 conv=0x10) B(open=1 conv=0x10) T(open=1 conv=0x10) G(open=0 conv=0x00) comp="" tail="kkkkkkkk"
    +1500ms: A(open=1 conv=0x10) B(open=1 conv=0x10) T(open=1 conv=0x10) G(open=0 conv=0x00) comp="" tail="kkkkkkkk"
    差分 (前→+100ms): Δ comp:Some("k")→Some("")   (前→+400ms): Δ comp:Some("k")→Some("")   (前→+1500ms): Δ comp:Some("k")→Some("")
[02:57:03.043Z] KEY [SCRIPT 4/10 ひらがなキー 期待=かなに戻る(conv 0x19)。Engine ON(遅延の可能性あり)] ひらがな(0xF2) vk=0xF2 scan=0x70 press=02:57:01.428Z (auto)  状態=IME ON・入力なし
    前     : A(open=1 conv=0x10) B(open=1 conv=0x10) T(open=1 conv=0x10) G(open=0 conv=0x00) comp="" tail="kkkkkkkk"
    +100ms: A(open=1 conv=0x19) B(open=1 conv=0x19) T(open=1 conv=0x19) G(open=0 conv=0x00) comp="" tail="kkkkkkkk"
    +400ms: A(open=1 conv=0x19) B(open=1 conv=0x19) T(open=1 conv=0x19) G(open=0 conv=0x00) comp="" tail="kkkkkkkk"
    +1500ms: A(open=1 conv=0x19) B(open=1 conv=0x19) T(open=1 conv=0x19) G(open=0 conv=0x00) comp="" tail="kkkkkkkk"
    差分 (前→+100ms): Δ conv A:0x10→0x19 B:0x10→0x19 / tsf-thread open:1→1 conv:0x10→0x19   (前→+400ms): Δ conv A:0x10→0x19 B:0x10→0x19 / tsf-thread open:1→1 conv:0x10→0x19   (前→+1500ms): Δ conv A:0x10→0x19 B:0x10→0x19 / tsf-thread open:1→1 conv:0x10→0x19
[02:57:04.228Z] KEY [準備/その他] ESC vk=0x1B scan=0x01 press=02:57:02.614Z (auto)  状態=IME ON・入力中
    前     : A(open=1 conv=0x19) B(open=1 conv=0x19) T(open=1 conv=0x19) G(open=0 conv=0x00) comp="き" tail="kkkkkkkk"
    +100ms: A(open=1 conv=0x19) B(open=1 conv=0x19) T(open=1 conv=0x19) G(open=0 conv=0x00) comp="" tail="kkkkkkkk"
    +400ms: A(open=1 conv=0x19) B(open=1 conv=0x19) T(open=1 conv=0x19) G(open=0 conv=0x00) comp="" tail="kkkkkkkk"
    +1500ms: A(open=1 conv=0x19) B(open=1 conv=0x19) T(open=1 conv=0x19) G(open=0 conv=0x00) comp="" tail="kkkkkkkk"
    差分 (前→+100ms): Δ comp:Some("き")→Some("")   (前→+400ms): Δ comp:Some("き")→Some("")   (前→+1500ms): Δ comp:Some("き")→Some("")
[02:57:06.192Z] KEY [SCRIPT 5/10 無変換 期待=IME OFF。Engine OFF] 無変換 vk=0x1D scan=0x7B press=02:57:04.623Z (auto)  状態=IME ON・入力なし
    前     : A(open=1 conv=0x19) B(open=1 conv=0x19) T(open=1 conv=0x19) G(open=0 conv=0x00) comp="" tail="kkkkkkkk"
    +100ms: A(open=0 conv=0x19) B(open=0 conv=0x19) T(open=0 conv=0x19) G(open=0 conv=0x00) comp="" tail="kkkkkkkk"
    +400ms: A(open=0 conv=0x19) B(open=0 conv=0x19) T(open=0 conv=0x19) G(open=0 conv=0x00) comp="" tail="kkkkkkkk"
    +1500ms: A(open=0 conv=0x19) B(open=0 conv=0x19) T(open=0 conv=0x19) G(open=0 conv=0x00) comp="" tail="kkkkkkkk"
    差分 (前→+100ms): Δ open A:1→0 B:1→0 / tsf-thread open:1→0 conv:0x19→0x19   (前→+400ms): Δ open A:1→0 B:1→0 / tsf-thread open:1→0 conv:0x19→0x19   (前→+1500ms): Δ open A:1→0 B:1→0 / tsf-thread open:1→0 conv:0x19→0x19
[02:57:07.437Z] KEY [準備/その他] ESC vk=0x1B scan=0x01 press=02:57:05.817Z (auto)  状態=直接入力
    前     : A(open=0 conv=0x19) B(open=0 conv=0x19) T(open=0 conv=0x19) G(open=0 conv=0x00) comp="" tail="kkkkkkkk"
    +100ms: A(open=0 conv=0x19) B(open=0 conv=0x19) T(open=0 conv=0x19) G(open=0 conv=0x00) comp="" tail="kkkkkkkk"
    +400ms: A(open=0 conv=0x19) B(open=0 conv=0x19) T(open=0 conv=0x19) G(open=0 conv=0x00) comp="" tail="kkkkkkkk"
    +1500ms: A(open=0 conv=0x19) B(open=0 conv=0x19) T(open=0 conv=0x19) G(open=0 conv=0x00) comp="" tail="kkkkkkkk"
    差分 (前→+100ms): Δなし   (前→+400ms): Δなし   (前→+1500ms): Δなし
[02:57:07.500Z] KEY [準備/その他] ESC vk=0x1B scan=0x01 press=02:57:05.878Z (injected)  状態=直接入力
    前     : A(open=0 conv=0x19) B(open=0 conv=0x19) T(open=0 conv=0x19) G(open=0 conv=0x00) comp="" tail="kkkkkkkk"
    +100ms: A(open=0 conv=0x19) B(open=0 conv=0x19) T(open=0 conv=0x19) G(open=0 conv=0x00) comp="" tail="kkkkkkkk"
    +400ms: A(open=0 conv=0x19) B(open=0 conv=0x19) T(open=0 conv=0x19) G(open=0 conv=0x00) comp="" tail="kkkkkkkk"
    +1500ms: A(open=0 conv=0x19) B(open=0 conv=0x19) T(open=0 conv=0x19) G(open=0 conv=0x00) comp="" tail="kkkkkkkk"
    差分 (前→+100ms): Δなし   (前→+400ms): Δなし   (前→+1500ms): Δなし
[02:57:09.374Z] KEY [SCRIPT 6/10 無変換 期待=IME ON(かな)。Engine ON] 無変換 vk=0x1D scan=0x7B press=02:57:07.751Z (auto)  状態=直接入力
    前     : A(open=0 conv=0x19) B(open=0 conv=0x19) T(open=0 conv=0x19) G(open=0 conv=0x00) comp="" tail="kkkkkkkk"
    +100ms: A(open=1 conv=0x19) B(open=1 conv=0x19) T(open=1 conv=0x19) G(open=0 conv=0x00) comp="" tail="kkkkkkkk"
    +400ms: A(open=1 conv=0x19) B(open=1 conv=0x19) T(open=1 conv=0x19) G(open=0 conv=0x00) comp="" tail="kkkkkkkk"
    +1500ms: A(open=1 conv=0x19) B(open=1 conv=0x19) T(open=1 conv=0x19) G(open=0 conv=0x00) comp="" tail="kkkkkkkk"
    差分 (前→+100ms): Δ open A:0→1 B:0→1 / tsf-thread open:0→1 conv:0x19→0x19   (前→+400ms): Δ open A:0→1 B:0→1 / tsf-thread open:0→1 conv:0x19→0x19   (前→+1500ms): Δ open A:0→1 B:0→1 / tsf-thread open:0→1 conv:0x19→0x19
[02:57:10.559Z] KEY [準備/その他] ESC vk=0x1B scan=0x01 press=02:57:08.940Z (auto)  状態=IME ON・入力中
    前     : A(open=1 conv=0x19) B(open=1 conv=0x19) T(open=1 conv=0x19) G(open=0 conv=0x00) comp="き" tail="kkkkkkkk"
    +100ms: A(open=1 conv=0x19) B(open=1 conv=0x19) T(open=1 conv=0x19) G(open=0 conv=0x00) comp="" tail="kkkkkkkk"
    +400ms: A(open=1 conv=0x19) B(open=1 conv=0x19) T(open=1 conv=0x19) G(open=0 conv=0x00) comp="" tail="kkkkkkkk"
    +1500ms: A(open=1 conv=0x19) B(open=1 conv=0x19) T(open=1 conv=0x19) G(open=0 conv=0x00) comp="" tail="kkkkkkkk"
    差分 (前→+100ms): Δ comp:Some("き")→Some("")   (前→+400ms): Δ comp:Some("き")→Some("")   (前→+1500ms): Δ comp:Some("き")→Some("")
[02:57:12.508Z] KEY [SCRIPT 7/10 ひらがなキー 期待=ONのまま半角英数へ。Engine は(遅延で)OFF] ひらがな(0xF2) vk=0xF2 scan=0x70 press=02:57:10.933Z (auto)  状態=IME ON・入力なし
    前     : A(open=1 conv=0x19) B(open=1 conv=0x19) T(open=1 conv=0x19) G(open=0 conv=0x00) comp="" tail="kkkkkkkk"
    +100ms: A(open=1 conv=0x10) B(open=1 conv=0x10) T(open=1 conv=0x10) G(open=0 conv=0x00) comp="" tail="kkkkkkkk"
    +400ms: A(open=1 conv=0x10) B(open=1 conv=0x10) T(open=1 conv=0x10) G(open=0 conv=0x00) comp="" tail="kkkkkkkk"
    +1500ms: A(open=1 conv=0x10) B(open=1 conv=0x10) T(open=1 conv=0x10) G(open=0 conv=0x00) comp="" tail="kkkkkkkk"
    差分 (前→+100ms): Δ conv A:0x19→0x10 B:0x19→0x10 / tsf-thread open:1→1 conv:0x19→0x10   (前→+400ms): Δ conv A:0x19→0x10 B:0x19→0x10 / tsf-thread open:1→1 conv:0x19→0x10   (前→+1500ms): Δ conv A:0x19→0x10 B:0x19→0x10 / tsf-thread open:1→1 conv:0x19→0x10
[02:57:13.696Z] KEY [準備/その他] ESC vk=0x1B scan=0x01 press=02:57:12.132Z (auto)  状態=IME ON・入力中
    前     : A(open=1 conv=0x10) B(open=1 conv=0x10) T(open=1 conv=0x10) G(open=0 conv=0x00) comp="k" tail="kkkkkkkk"
    +100ms: A(open=1 conv=0x10) B(open=1 conv=0x10) T(open=1 conv=0x10) G(open=0 conv=0x00) comp="" tail="kkkkkkkk"
    +400ms: A(open=1 conv=0x10) B(open=1 conv=0x10) T(open=1 conv=0x10) G(open=0 conv=0x00) comp="" tail="kkkkkkkk"
    +1500ms: A(open=1 conv=0x10) B(open=1 conv=0x10) T(open=1 conv=0x10) G(open=0 conv=0x00) comp="" tail="kkkkkkkk"
    差分 (前→+100ms): Δ comp:Some("k")→Some("")   (前→+400ms): Δ comp:Some("k")→Some("")   (前→+1500ms): Δ comp:Some("k")→Some("")
[02:57:15.702Z] KEY [SCRIPT 8/10 無変換 期待=IME OFF。Engine OFF] 無変換 vk=0x1D scan=0x7B press=02:57:14.078Z (auto)  状態=IME ON・入力なし
    前     : A(open=1 conv=0x10) B(open=1 conv=0x10) T(open=1 conv=0x10) G(open=0 conv=0x00) comp="" tail="kkkkkkkk"
    +100ms: A(open=0 conv=0x10) B(open=0 conv=0x10) T(open=0 conv=0x10) G(open=0 conv=0x00) comp="" tail="kkkkkkkk"
    +400ms: A(open=0 conv=0x10) B(open=0 conv=0x10) T(open=0 conv=0x10) G(open=0 conv=0x00) comp="" tail="kkkkkkkk"
    +1500ms: A(open=0 conv=0x10) B(open=0 conv=0x10) T(open=0 conv=0x10) G(open=0 conv=0x00) comp="" tail="kkkkkkkk"
    差分 (前→+100ms): Δ open A:1→0 B:1→0 / tsf-thread open:1→0 conv:0x10→0x10   (前→+400ms): Δ open A:1→0 B:1→0 / tsf-thread open:1→0 conv:0x10→0x10   (前→+1500ms): Δ open A:1→0 B:1→0 / tsf-thread open:1→0 conv:0x10→0x10
[02:57:16.892Z] KEY [準備/その他] ESC vk=0x1B scan=0x01 press=02:57:15.264Z (auto)  状態=直接入力
    前     : A(open=0 conv=0x10) B(open=0 conv=0x10) T(open=0 conv=0x10) G(open=0 conv=0x00) comp="" tail="kkkkkkkk"
    +100ms: A(open=0 conv=0x10) B(open=0 conv=0x10) T(open=0 conv=0x10) G(open=0 conv=0x00) comp="" tail="kkkkkkkk"
    +400ms: A(open=0 conv=0x10) B(open=0 conv=0x10) T(open=0 conv=0x10) G(open=0 conv=0x00) comp="" tail="kkkkkkkk"
    +1500ms: A(open=0 conv=0x10) B(open=0 conv=0x10) T(open=0 conv=0x10) G(open=0 conv=0x00) comp="" tail="kkkkkkkk"
    差分 (前→+100ms): Δなし   (前→+400ms): Δなし   (前→+1500ms): Δなし
[02:57:18.828Z] KEY [SCRIPT 9/10 無変換 期待=IME ON・半角英数のまま。Engine が ON にならないこと ← 退行窓の確認] 無変換 vk=0x1D scan=0x7B press=02:57:17.206Z (auto)  状態=直接入力
    前     : A(open=0 conv=0x10) B(open=0 conv=0x10) T(open=0 conv=0x10) G(open=0 conv=0x00) comp="" tail="kkkkkkkk"
    +100ms: A(open=1 conv=0x10) B(open=1 conv=0x10) T(open=1 conv=0x10) G(open=0 conv=0x00) comp="" tail="kkkkkkkk"
    +400ms: A(open=1 conv=0x10) B(open=1 conv=0x10) T(open=1 conv=0x10) G(open=0 conv=0x00) comp="" tail="kkkkkkkk"
    +1500ms: A(open=1 conv=0x10) B(open=1 conv=0x10) T(open=1 conv=0x10) G(open=0 conv=0x00) comp="" tail="kkkkkkkk"
    差分 (前→+100ms): Δ open A:0→1 B:0→1 / tsf-thread open:0→1 conv:0x10→0x10   (前→+400ms): Δ open A:0→1 B:0→1 / tsf-thread open:0→1 conv:0x10→0x10   (前→+1500ms): Δ open A:0→1 B:0→1 / tsf-thread open:0→1 conv:0x10→0x10
[02:57:19.959Z] KEY [準備/その他] ESC vk=0x1B scan=0x01 press=02:57:18.390Z (auto)  状態=IME ON・入力中
    前     : A(open=1 conv=0x10) B(open=1 conv=0x10) T(open=1 conv=0x10) G(open=0 conv=0x00) comp="k" tail="kkkkkkkk"
    +100ms: A(open=1 conv=0x10) B(open=1 conv=0x10) T(open=1 conv=0x10) G(open=0 conv=0x00) comp="" tail="kkkkkkkk"
    +400ms: A(open=1 conv=0x10) B(open=1 conv=0x10) T(open=1 conv=0x10) G(open=0 conv=0x00) comp="" tail="kkkkkkkk"
    +1500ms: A(open=1 conv=0x10) B(open=1 conv=0x10) T(open=1 conv=0x10) G(open=0 conv=0x00) comp="" tail="kkkkkkkk"
    差分 (前→+100ms): Δ comp:Some("k")→Some("")   (前→+400ms): Δ comp:Some("k")→Some("")   (前→+1500ms): Δ comp:Some("k")→Some("")
[02:57:21.893Z] KEY [SCRIPT 10/10 ひらがなキー 期待=かなに戻る(後片付け)] ひらがな(0xF2) vk=0xF2 scan=0x70 press=02:57:20.328Z (auto)  状態=IME ON・入力なし
    前     : A(open=1 conv=0x10) B(open=1 conv=0x10) T(open=1 conv=0x10) G(open=0 conv=0x00) comp="" tail="kkkkkkkk"
    +100ms: A(open=1 conv=0x19) B(open=1 conv=0x19) T(open=1 conv=0x19) G(open=0 conv=0x00) comp="" tail="kkkkkkkk"
    +400ms: A(open=1 conv=0x19) B(open=1 conv=0x19) T(open=1 conv=0x19) G(open=0 conv=0x00) comp="" tail="kkkkkkkk"
    +1500ms: A(open=1 conv=0x19) B(open=1 conv=0x19) T(open=1 conv=0x19) G(open=0 conv=0x00) comp="" tail="kkkkkkkk"
    差分 (前→+100ms): Δ conv A:0x10→0x19 B:0x10→0x19 / tsf-thread open:1→1 conv:0x10→0x19   (前→+400ms): Δ conv A:0x10→0x19 B:0x10→0x19 / tsf-thread open:1→1 conv:0x10→0x19   (前→+1500ms): Δ conv A:0x10→0x19 B:0x10→0x19 / tsf-thread open:1→1 conv:0x10→0x19
[02:57:23.078Z] KEY [準備/その他] ESC vk=0x1B scan=0x01 press=02:57:21.520Z (auto)  状態=IME ON・入力中
    前     : A(open=1 conv=0x19) B(open=1 conv=0x19) T(open=1 conv=0x19) G(open=0 conv=0x00) comp="き" tail="kkkkkkkk"
    +100ms: A(open=1 conv=0x19) B(open=1 conv=0x19) T(open=1 conv=0x19) G(open=0 conv=0x00) comp="" tail="kkkkkkkk"
    +400ms: A(open=1 conv=0x19) B(open=1 conv=0x19) T(open=1 conv=0x19) G(open=0 conv=0x00) comp="" tail="kkkkkkkk"
    +1500ms: A(open=1 conv=0x19) B(open=1 conv=0x19) T(open=1 conv=0x19) G(open=0 conv=0x00) comp="" tail="kkkkkkkk"
    差分 (前→+100ms): Δ comp:Some("き")→Some("")   (前→+400ms): Δ comp:Some("き")→Some("")   (前→+1500ms): Δ comp:Some("き")→Some("")
[RUN 10/12 完了]
[RUN 11/12 開始]
[02:57:26.697Z] KEY [SCRIPT 1/10 ひらがなキー 期待=ONのまま半角英数へ(conv 0x10)。Engine OFF(決定3保留のため遅延の可能性あり)] ひらがな(0xF2) vk=0xF2 scan=0x70 press=02:57:25.073Z (auto)  状態=IME ON・入力なし
    前     : A(open=1 conv=0x19) B(open=1 conv=0x19) T(open=1 conv=0x19) G(open=0 conv=0x00) comp="" tail="kkkkkkkk"
    +100ms: A(open=1 conv=0x10) B(open=1 conv=0x10) T(open=1 conv=0x10) G(open=0 conv=0x00) comp="" tail="kkkkkkkk"
    +400ms: A(open=1 conv=0x10) B(open=1 conv=0x10) T(open=1 conv=0x10) G(open=0 conv=0x00) comp="" tail="kkkkkkkk"
    +1500ms: A(open=1 conv=0x10) B(open=1 conv=0x10) T(open=1 conv=0x10) G(open=0 conv=0x00) comp="" tail="kkkkkkkk"
    差分 (前→+100ms): Δ conv A:0x19→0x10 B:0x19→0x10 / tsf-thread open:1→1 conv:0x19→0x10   (前→+400ms): Δ conv A:0x19→0x10 B:0x19→0x10 / tsf-thread open:1→1 conv:0x19→0x10   (前→+1500ms): Δ conv A:0x19→0x10 B:0x19→0x10 / tsf-thread open:1→1 conv:0x19→0x10
[02:57:27.838Z] KEY [準備/その他] ESC vk=0x1B scan=0x01 press=02:57:26.261Z (auto)  状態=IME ON・入力中
    前     : A(open=1 conv=0x10) B(open=1 conv=0x10) T(open=1 conv=0x10) G(open=0 conv=0x00) comp="k" tail="kkkkkkkk"
    +100ms: A(open=1 conv=0x10) B(open=1 conv=0x10) T(open=1 conv=0x10) G(open=0 conv=0x00) comp="" tail="kkkkkkkk"
    +400ms: A(open=1 conv=0x10) B(open=1 conv=0x10) T(open=1 conv=0x10) G(open=0 conv=0x00) comp="" tail="kkkkkkkk"
    +1500ms: A(open=1 conv=0x10) B(open=1 conv=0x10) T(open=1 conv=0x10) G(open=0 conv=0x00) comp="" tail="kkkkkkkk"
    差分 (前→+100ms): Δ comp:Some("k")→Some("")   (前→+400ms): Δ comp:Some("k")→Some("")   (前→+1500ms): Δ comp:Some("k")→Some("")
[02:57:29.805Z] KEY [SCRIPT 2/10 無変換 期待=IME OFF(直接入力)。Engine OFF] 無変換 vk=0x1D scan=0x7B press=02:57:28.243Z (auto)  状態=IME ON・入力なし
    前     : A(open=1 conv=0x10) B(open=1 conv=0x10) T(open=1 conv=0x10) G(open=0 conv=0x00) comp="" tail="kkkkkkkk"
    +100ms: A(open=0 conv=0x10) B(open=0 conv=0x10) T(open=0 conv=0x10) G(open=0 conv=0x00) comp="" tail="kkkkkkkk"
    +400ms: A(open=0 conv=0x10) B(open=0 conv=0x10) T(open=0 conv=0x10) G(open=0 conv=0x00) comp="" tail="kkkkkkkk"
    +1500ms: A(open=0 conv=0x10) B(open=0 conv=0x10) T(open=0 conv=0x10) G(open=0 conv=0x00) comp="" tail="kkkkkkkk"
    差分 (前→+100ms): Δ open A:1→0 B:1→0 / tsf-thread open:1→0 conv:0x10→0x10   (前→+400ms): Δ open A:1→0 B:1→0 / tsf-thread open:1→0 conv:0x10→0x10   (前→+1500ms): Δ open A:1→0 B:1→0 / tsf-thread open:1→0 conv:0x10→0x10
[02:57:30.989Z] KEY [準備/その他] ESC vk=0x1B scan=0x01 press=02:57:29.426Z (auto)  状態=直接入力
    前     : A(open=0 conv=0x10) B(open=0 conv=0x10) T(open=0 conv=0x10) G(open=0 conv=0x00) comp="" tail="kkkkkkkk"
    +100ms: A(open=0 conv=0x10) B(open=0 conv=0x10) T(open=0 conv=0x10) G(open=0 conv=0x00) comp="" tail="kkkkkkkk"
    +400ms: A(open=0 conv=0x10) B(open=0 conv=0x10) T(open=0 conv=0x10) G(open=0 conv=0x00) comp="" tail="kkkkkkkk"
    +1500ms: A(open=0 conv=0x10) B(open=0 conv=0x10) T(open=0 conv=0x10) G(open=0 conv=0x00) comp="" tail="kkkkkkkk"
    差分 (前→+100ms): Δなし   (前→+400ms): Δなし   (前→+1500ms): Δなし
[02:57:33.052Z] KEY [SCRIPT 3/10 無変換 期待=IME ON・半角英数のまま(conv 0x10)。Engine は OFF のまま ← 決定2の核心] 無変換 vk=0x1D scan=0x7B press=02:57:31.426Z (auto)  状態=直接入力
    前     : A(open=0 conv=0x10) B(open=0 conv=0x10) T(open=0 conv=0x10) G(open=0 conv=0x00) comp="" tail="kkkkkkkk"
    +100ms: A(open=1 conv=0x10) B(open=1 conv=0x10) T(open=1 conv=0x10) G(open=0 conv=0x00) comp="" tail="kkkkkkkk"
    +400ms: A(open=1 conv=0x10) B(open=1 conv=0x10) T(open=1 conv=0x10) G(open=0 conv=0x00) comp="" tail="kkkkkkkk"
    +1500ms: A(open=1 conv=0x10) B(open=1 conv=0x10) T(open=1 conv=0x10) G(open=0 conv=0x00) comp="" tail="kkkkkkkk"
    差分 (前→+100ms): Δ open A:0→1 B:0→1 / tsf-thread open:0→1 conv:0x10→0x10   (前→+400ms): Δ open A:0→1 B:0→1 / tsf-thread open:0→1 conv:0x10→0x10   (前→+1500ms): Δ open A:0→1 B:0→1 / tsf-thread open:0→1 conv:0x10→0x10
[02:57:34.231Z] KEY [準備/その他] ESC vk=0x1B scan=0x01 press=02:57:32.614Z (auto)  状態=IME ON・入力中
    前     : A(open=1 conv=0x10) B(open=1 conv=0x10) T(open=1 conv=0x10) G(open=0 conv=0x00) comp="k" tail="kkkkkkkk"
    +100ms: A(open=1 conv=0x10) B(open=1 conv=0x10) T(open=1 conv=0x10) G(open=0 conv=0x00) comp="" tail="kkkkkkkk"
    +400ms: A(open=1 conv=0x10) B(open=1 conv=0x10) T(open=1 conv=0x10) G(open=0 conv=0x00) comp="" tail="kkkkkkkk"
    +1500ms: A(open=1 conv=0x10) B(open=1 conv=0x10) T(open=1 conv=0x10) G(open=0 conv=0x00) comp="" tail="kkkkkkkk"
    差分 (前→+100ms): Δ comp:Some("k")→Some("")   (前→+400ms): Δ comp:Some("k")→Some("")   (前→+1500ms): Δ comp:Some("k")→Some("")
[02:57:36.194Z] KEY [SCRIPT 4/10 ひらがなキー 期待=かなに戻る(conv 0x19)。Engine ON(遅延の可能性あり)] ひらがな(0xF2) vk=0xF2 scan=0x70 press=02:57:34.612Z (auto)  状態=IME ON・入力なし
    前     : A(open=1 conv=0x10) B(open=1 conv=0x10) T(open=1 conv=0x10) G(open=0 conv=0x00) comp="" tail="kkkkkkkk"
    +100ms: A(open=1 conv=0x19) B(open=1 conv=0x19) T(open=1 conv=0x19) G(open=0 conv=0x00) comp="" tail="kkkkkkkk"
    +400ms: A(open=1 conv=0x19) B(open=1 conv=0x19) T(open=1 conv=0x19) G(open=0 conv=0x00) comp="" tail="kkkkkkkk"
    +1500ms: A(open=1 conv=0x19) B(open=1 conv=0x19) T(open=1 conv=0x19) G(open=0 conv=0x00) comp="" tail="kkkkkkkk"
    差分 (前→+100ms): Δ conv A:0x10→0x19 B:0x10→0x19 / tsf-thread open:1→1 conv:0x10→0x19   (前→+400ms): Δ conv A:0x10→0x19 B:0x10→0x19 / tsf-thread open:1→1 conv:0x10→0x19   (前→+1500ms): Δ conv A:0x10→0x19 B:0x10→0x19 / tsf-thread open:1→1 conv:0x10→0x19
[02:57:37.382Z] KEY [準備/その他] ESC vk=0x1B scan=0x01 press=02:57:35.806Z (auto)  状態=IME ON・入力中
    前     : A(open=1 conv=0x19) B(open=1 conv=0x19) T(open=1 conv=0x19) G(open=0 conv=0x00) comp="き" tail="kkkkkkkk"
    +100ms: A(open=1 conv=0x19) B(open=1 conv=0x19) T(open=1 conv=0x19) G(open=0 conv=0x00) comp="" tail="kkkkkkkk"
    +400ms: A(open=1 conv=0x19) B(open=1 conv=0x19) T(open=1 conv=0x19) G(open=0 conv=0x00) comp="" tail="kkkkkkkk"
    +1500ms: A(open=1 conv=0x19) B(open=1 conv=0x19) T(open=1 conv=0x19) G(open=0 conv=0x00) comp="" tail="kkkkkkkk"
    差分 (前→+100ms): Δ comp:Some("き")→Some("")   (前→+400ms): Δ comp:Some("き")→Some("")   (前→+1500ms): Δ comp:Some("き")→Some("")
[02:57:39.371Z] KEY [SCRIPT 5/10 無変換 期待=IME OFF。Engine OFF] 無変換 vk=0x1D scan=0x7B press=02:57:37.752Z (auto)  状態=IME ON・入力なし
    前     : A(open=1 conv=0x19) B(open=1 conv=0x19) T(open=1 conv=0x19) G(open=0 conv=0x00) comp="" tail="kkkkkkkk"
    +100ms: A(open=0 conv=0x19) B(open=0 conv=0x19) T(open=0 conv=0x19) G(open=0 conv=0x00) comp="" tail="kkkkkkkk"
    +400ms: A(open=0 conv=0x19) B(open=0 conv=0x19) T(open=0 conv=0x19) G(open=0 conv=0x00) comp="" tail="kkkkkkkk"
    +1500ms: A(open=0 conv=0x19) B(open=0 conv=0x19) T(open=0 conv=0x19) G(open=0 conv=0x00) comp="" tail="kkkkkkkk"
    差分 (前→+100ms): Δ open A:1→0 B:1→0 / tsf-thread open:1→0 conv:0x19→0x19   (前→+400ms): Δ open A:1→0 B:1→0 / tsf-thread open:1→0 conv:0x19→0x19   (前→+1500ms): Δ open A:1→0 B:1→0 / tsf-thread open:1→0 conv:0x19→0x19
[02:57:40.559Z] KEY [準備/その他] ESC vk=0x1B scan=0x01 press=02:57:38.937Z (auto)  状態=直接入力
    前     : A(open=0 conv=0x19) B(open=0 conv=0x19) T(open=0 conv=0x19) G(open=0 conv=0x00) comp="" tail="kkkkkkkk"
    +100ms: A(open=0 conv=0x19) B(open=0 conv=0x19) T(open=0 conv=0x19) G(open=0 conv=0x00) comp="" tail="kkkkkkkk"
    +400ms: A(open=0 conv=0x19) B(open=0 conv=0x19) T(open=0 conv=0x19) G(open=0 conv=0x00) comp="" tail="kkkkkkkk"
    +1500ms: A(open=0 conv=0x19) B(open=0 conv=0x19) T(open=0 conv=0x19) G(open=0 conv=0x00) comp="" tail="kkkkkkkk"
    差分 (前→+100ms): Δなし   (前→+400ms): Δなし   (前→+1500ms): Δなし
[02:57:40.620Z] KEY [準備/その他] ESC vk=0x1B scan=0x01 press=02:57:38.998Z (injected)  状態=直接入力
    前     : A(open=0 conv=0x19) B(open=0 conv=0x19) T(open=0 conv=0x19) G(open=0 conv=0x00) comp="" tail="kkkkkkkk"
    +100ms: A(open=0 conv=0x19) B(open=0 conv=0x19) T(open=0 conv=0x19) G(open=0 conv=0x00) comp="" tail="kkkkkkkk"
    +400ms: A(open=0 conv=0x19) B(open=0 conv=0x19) T(open=0 conv=0x19) G(open=0 conv=0x00) comp="" tail="kkkkkkkk"
    +1500ms: A(open=0 conv=0x19) B(open=0 conv=0x19) T(open=0 conv=0x19) G(open=0 conv=0x00) comp="" tail="kkkkkkkk"
    差分 (前→+100ms): Δなし   (前→+400ms): Δなし   (前→+1500ms): Δなし
[02:57:42.498Z] KEY [SCRIPT 6/10 無変換 期待=IME ON(かな)。Engine ON] 無変換 vk=0x1D scan=0x7B press=02:57:40.934Z (auto)  状態=直接入力
    前     : A(open=0 conv=0x19) B(open=0 conv=0x19) T(open=0 conv=0x19) G(open=0 conv=0x00) comp="" tail="kkkkkkkk"
    +100ms: A(open=1 conv=0x19) B(open=1 conv=0x19) T(open=1 conv=0x19) G(open=0 conv=0x00) comp="" tail="kkkkkkkk"
    +400ms: A(open=1 conv=0x19) B(open=1 conv=0x19) T(open=1 conv=0x19) G(open=0 conv=0x00) comp="" tail="kkkkkkkk"
    +1500ms: A(open=1 conv=0x19) B(open=1 conv=0x19) T(open=1 conv=0x19) G(open=0 conv=0x00) comp="" tail="kkkkkkkk"
    差分 (前→+100ms): Δ open A:0→1 B:0→1 / tsf-thread open:0→1 conv:0x19→0x19   (前→+400ms): Δ open A:0→1 B:0→1 / tsf-thread open:0→1 conv:0x19→0x19   (前→+1500ms): Δ open A:0→1 B:0→1 / tsf-thread open:0→1 conv:0x19→0x19
[02:57:43.699Z] KEY [準備/その他] ESC vk=0x1B scan=0x01 press=02:57:42.126Z (auto)  状態=IME ON・入力中
    前     : A(open=1 conv=0x19) B(open=1 conv=0x19) T(open=1 conv=0x19) G(open=0 conv=0x00) comp="き" tail="kkkkkkkk"
    +100ms: A(open=1 conv=0x19) B(open=1 conv=0x19) T(open=1 conv=0x19) G(open=0 conv=0x00) comp="" tail="kkkkkkkk"
    +400ms: A(open=1 conv=0x19) B(open=1 conv=0x19) T(open=1 conv=0x19) G(open=0 conv=0x00) comp="" tail="kkkkkkkk"
    +1500ms: A(open=1 conv=0x19) B(open=1 conv=0x19) T(open=1 conv=0x19) G(open=0 conv=0x00) comp="" tail="kkkkkkkk"
    差分 (前→+100ms): Δ comp:Some("き")→Some("")   (前→+400ms): Δ comp:Some("き")→Some("")   (前→+1500ms): Δ comp:Some("き")→Some("")
[02:57:45.627Z] KEY [SCRIPT 7/10 ひらがなキー 期待=ONのまま半角英数へ。Engine は(遅延で)OFF] ひらがな(0xF2) vk=0xF2 scan=0x70 press=02:57:44.075Z (auto)  状態=IME ON・入力なし
    前     : A(open=1 conv=0x19) B(open=1 conv=0x19) T(open=1 conv=0x19) G(open=0 conv=0x00) comp="" tail="kkkkkkkk"
    +100ms: A(open=1 conv=0x10) B(open=1 conv=0x10) T(open=1 conv=0x10) G(open=0 conv=0x00) comp="" tail="kkkkkkkk"
    +400ms: A(open=1 conv=0x10) B(open=1 conv=0x10) T(open=1 conv=0x10) G(open=0 conv=0x00) comp="" tail="kkkkkkkk"
    +1500ms: A(open=1 conv=0x10) B(open=1 conv=0x10) T(open=1 conv=0x10) G(open=0 conv=0x00) comp="" tail="kkkkkkkk"
    差分 (前→+100ms): Δ conv A:0x19→0x10 B:0x19→0x10 / tsf-thread open:1→1 conv:0x19→0x10   (前→+400ms): Δ conv A:0x19→0x10 B:0x19→0x10 / tsf-thread open:1→1 conv:0x19→0x10   (前→+1500ms): Δ conv A:0x19→0x10 B:0x19→0x10 / tsf-thread open:1→1 conv:0x19→0x10
[02:57:46.817Z] KEY [準備/その他] ESC vk=0x1B scan=0x01 press=02:57:45.252Z (auto)  状態=IME ON・入力中
    前     : A(open=1 conv=0x10) B(open=1 conv=0x10) T(open=1 conv=0x10) G(open=0 conv=0x00) comp="k" tail="kkkkkkkk"
    +100ms: A(open=1 conv=0x10) B(open=1 conv=0x10) T(open=1 conv=0x10) G(open=0 conv=0x00) comp="" tail="kkkkkkkk"
    +400ms: A(open=1 conv=0x10) B(open=1 conv=0x10) T(open=1 conv=0x10) G(open=0 conv=0x00) comp="" tail="kkkkkkkk"
    +1500ms: A(open=1 conv=0x10) B(open=1 conv=0x10) T(open=1 conv=0x10) G(open=0 conv=0x00) comp="" tail="kkkkkkkk"
    差分 (前→+100ms): Δ comp:Some("k")→Some("")   (前→+400ms): Δ comp:Some("k")→Some("")   (前→+1500ms): Δ comp:Some("k")→Some("")
[02:57:48.759Z] KEY [SCRIPT 8/10 無変換 期待=IME OFF。Engine OFF] 無変換 vk=0x1D scan=0x7B press=02:57:47.189Z (auto)  状態=IME ON・入力なし
    前     : A(open=1 conv=0x10) B(open=1 conv=0x10) T(open=1 conv=0x10) G(open=0 conv=0x00) comp="" tail="kkkkkkkk"
    +100ms: A(open=0 conv=0x10) B(open=0 conv=0x10) T(open=0 conv=0x10) G(open=0 conv=0x00) comp="" tail="kkkkkkkk"
    +400ms: A(open=0 conv=0x10) B(open=0 conv=0x10) T(open=0 conv=0x10) G(open=0 conv=0x00) comp="" tail="kkkkkkkk"
    +1500ms: A(open=0 conv=0x10) B(open=0 conv=0x10) T(open=0 conv=0x10) G(open=0 conv=0x00) comp="" tail="kkkkkkkk"
    差分 (前→+100ms): Δ open A:1→0 B:1→0 / tsf-thread open:1→0 conv:0x10→0x10   (前→+400ms): Δ open A:1→0 B:1→0 / tsf-thread open:1→0 conv:0x10→0x10   (前→+1500ms): Δ open A:1→0 B:1→0 / tsf-thread open:1→0 conv:0x10→0x10
[02:57:49.962Z] KEY [準備/その他] ESC vk=0x1B scan=0x01 press=02:57:48.373Z (auto)  状態=直接入力
    前     : A(open=0 conv=0x10) B(open=0 conv=0x10) T(open=0 conv=0x10) G(open=0 conv=0x00) comp="" tail="kkkkkkkk"
    +100ms: A(open=0 conv=0x10) B(open=0 conv=0x10) T(open=0 conv=0x10) G(open=0 conv=0x00) comp="" tail="kkkkkkkk"
    +400ms: A(open=0 conv=0x10) B(open=0 conv=0x10) T(open=0 conv=0x10) G(open=0 conv=0x00) comp="" tail="kkkkkkkk"
    +1500ms: A(open=0 conv=0x10) B(open=0 conv=0x10) T(open=0 conv=0x10) G(open=0 conv=0x00) comp="" tail="kkkkkkkk"
    差分 (前→+100ms): Δなし   (前→+400ms): Δなし   (前→+1500ms): Δなし
[02:57:51.948Z] KEY [SCRIPT 9/10 無変換 期待=IME ON・半角英数のまま。Engine が ON にならないこと ← 退行窓の確認] 無変換 vk=0x1D scan=0x7B press=02:57:50.323Z (auto)  状態=直接入力
    前     : A(open=0 conv=0x10) B(open=0 conv=0x10) T(open=0 conv=0x10) G(open=0 conv=0x00) comp="" tail="kkkkkkkk"
    +100ms: A(open=1 conv=0x10) B(open=1 conv=0x10) T(open=1 conv=0x10) G(open=0 conv=0x00) comp="" tail="kkkkkkkk"
    +400ms: A(open=1 conv=0x10) B(open=1 conv=0x10) T(open=1 conv=0x10) G(open=0 conv=0x00) comp="" tail="kkkkkkkk"
    +1500ms: A(open=1 conv=0x10) B(open=1 conv=0x10) T(open=1 conv=0x10) G(open=0 conv=0x00) comp="" tail="kkkkkkkk"
    差分 (前→+100ms): Δ open A:0→1 B:0→1 / tsf-thread open:0→1 conv:0x10→0x10   (前→+400ms): Δ open A:0→1 B:0→1 / tsf-thread open:0→1 conv:0x10→0x10   (前→+1500ms): Δ open A:0→1 B:0→1 / tsf-thread open:0→1 conv:0x10→0x10
[02:57:53.089Z] KEY [準備/その他] ESC vk=0x1B scan=0x01 press=02:57:51.511Z (auto)  状態=IME ON・入力中
    前     : A(open=1 conv=0x10) B(open=1 conv=0x10) T(open=1 conv=0x10) G(open=0 conv=0x00) comp="k" tail="kkkkkkkk"
    +100ms: A(open=1 conv=0x10) B(open=1 conv=0x10) T(open=1 conv=0x10) G(open=0 conv=0x00) comp="" tail="kkkkkkkk"
    +400ms: A(open=1 conv=0x10) B(open=1 conv=0x10) T(open=1 conv=0x10) G(open=0 conv=0x00) comp="" tail="kkkkkkkk"
    +1500ms: A(open=1 conv=0x10) B(open=1 conv=0x10) T(open=1 conv=0x10) G(open=0 conv=0x00) comp="" tail="kkkkkkkk"
    差分 (前→+100ms): Δ comp:Some("k")→Some("")   (前→+400ms): Δ comp:Some("k")→Some("")   (前→+1500ms): Δ comp:Some("k")→Some("")
[02:57:55.102Z] KEY [SCRIPT 10/10 ひらがなキー 期待=かなに戻る(後片付け)] ひらがな(0xF2) vk=0xF2 scan=0x70 press=02:57:53.477Z (auto)  状態=IME ON・入力なし
    前     : A(open=1 conv=0x10) B(open=1 conv=0x10) T(open=1 conv=0x10) G(open=0 conv=0x00) comp="" tail="kkkkkkkk"
    +100ms: A(open=1 conv=0x19) B(open=1 conv=0x19) T(open=1 conv=0x19) G(open=0 conv=0x00) comp="" tail="kkkkkkkk"
    +400ms: A(open=1 conv=0x19) B(open=1 conv=0x19) T(open=1 conv=0x19) G(open=0 conv=0x00) comp="" tail="kkkkkkkk"
    +1500ms: A(open=1 conv=0x19) B(open=1 conv=0x19) T(open=1 conv=0x19) G(open=0 conv=0x00) comp="" tail="kkkkkkkk"
    差分 (前→+100ms): Δ conv A:0x10→0x19 B:0x10→0x19 / tsf-thread open:1→1 conv:0x10→0x19   (前→+400ms): Δ conv A:0x10→0x19 B:0x10→0x19 / tsf-thread open:1→1 conv:0x10→0x19   (前→+1500ms): Δ conv A:0x10→0x19 B:0x10→0x19 / tsf-thread open:1→1 conv:0x10→0x19
[02:57:56.286Z] KEY [準備/その他] ESC vk=0x1B scan=0x01 press=02:57:54.662Z (auto)  状態=IME ON・入力中
    前     : A(open=1 conv=0x19) B(open=1 conv=0x19) T(open=1 conv=0x19) G(open=0 conv=0x00) comp="き" tail="kkkkkkkk"
    +100ms: A(open=1 conv=0x19) B(open=1 conv=0x19) T(open=1 conv=0x19) G(open=0 conv=0x00) comp="" tail="kkkkkkkk"
    +400ms: A(open=1 conv=0x19) B(open=1 conv=0x19) T(open=1 conv=0x19) G(open=0 conv=0x00) comp="" tail="kkkkkkkk"
    +1500ms: A(open=1 conv=0x19) B(open=1 conv=0x19) T(open=1 conv=0x19) G(open=0 conv=0x00) comp="" tail="kkkkkkkk"
    差分 (前→+100ms): Δ comp:Some("き")→Some("")   (前→+400ms): Δ comp:Some("き")→Some("")   (前→+1500ms): Δ comp:Some("き")→Some("")
[RUN 11/12 完了]
[RUN 12/12 開始]
[02:57:59.789Z] KEY [SCRIPT 1/10 ひらがなキー 期待=ONのまま半角英数へ(conv 0x10)。Engine OFF(決定3保留のため遅延の可能性あり)] ひらがな(0xF2) vk=0xF2 scan=0x70 press=02:57:58.169Z (auto)  状態=IME ON・入力なし
    前     : A(open=1 conv=0x19) B(open=1 conv=0x19) T(open=1 conv=0x19) G(open=0 conv=0x00) comp="" tail="kkkkkkkk"
    +100ms: A(open=1 conv=0x10) B(open=1 conv=0x10) T(open=1 conv=0x10) G(open=0 conv=0x00) comp="" tail="kkkkkkkk"
    +400ms: A(open=1 conv=0x10) B(open=1 conv=0x10) T(open=1 conv=0x10) G(open=0 conv=0x00) comp="" tail="kkkkkkkk"
    +1500ms: A(open=1 conv=0x10) B(open=1 conv=0x10) T(open=1 conv=0x10) G(open=0 conv=0x00) comp="" tail="kkkkkkkk"
    差分 (前→+100ms): Δ conv A:0x19→0x10 B:0x19→0x10 / tsf-thread open:1→1 conv:0x19→0x10   (前→+400ms): Δ conv A:0x19→0x10 B:0x19→0x10 / tsf-thread open:1→1 conv:0x19→0x10   (前→+1500ms): Δ conv A:0x19→0x10 B:0x19→0x10 / tsf-thread open:1→1 conv:0x19→0x10
[02:58:00.980Z] KEY [準備/その他] ESC vk=0x1B scan=0x01 press=02:57:59.355Z (auto)  状態=IME ON・入力中
    前     : A(open=1 conv=0x10) B(open=1 conv=0x10) T(open=1 conv=0x10) G(open=0 conv=0x00) comp="k" tail="kkkkkkkk"
    +100ms: A(open=1 conv=0x10) B(open=1 conv=0x10) T(open=1 conv=0x10) G(open=0 conv=0x00) comp="" tail="kkkkkkkk"
    +400ms: A(open=1 conv=0x10) B(open=1 conv=0x10) T(open=1 conv=0x10) G(open=0 conv=0x00) comp="" tail="kkkkkkkk"
    +1500ms: A(open=1 conv=0x10) B(open=1 conv=0x10) T(open=1 conv=0x10) G(open=0 conv=0x00) comp="" tail="kkkkkkkk"
    差分 (前→+100ms): Δ comp:Some("k")→Some("")   (前→+400ms): Δ comp:Some("k")→Some("")   (前→+1500ms): Δ comp:Some("k")→Some("")
[02:58:02.979Z] KEY [SCRIPT 2/10 無変換 期待=IME OFF(直接入力)。Engine OFF] 無変換 vk=0x1D scan=0x7B press=02:58:01.358Z (auto)  状態=IME ON・入力なし
    前     : A(open=1 conv=0x10) B(open=1 conv=0x10) T(open=1 conv=0x10) G(open=0 conv=0x00) comp="" tail="kkkkkkkk"
    +100ms: A(open=0 conv=0x10) B(open=0 conv=0x10) T(open=0 conv=0x10) G(open=0 conv=0x00) comp="" tail="kkkkkkkk"
    +400ms: A(open=0 conv=0x10) B(open=0 conv=0x10) T(open=0 conv=0x10) G(open=0 conv=0x00) comp="" tail="kkkkkkkk"
    +1500ms: A(open=0 conv=0x10) B(open=0 conv=0x10) T(open=0 conv=0x10) G(open=0 conv=0x00) comp="" tail="kkkkkkkk"
    差分 (前→+100ms): Δ open A:1→0 B:1→0 / tsf-thread open:1→0 conv:0x10→0x10   (前→+400ms): Δ open A:1→0 B:1→0 / tsf-thread open:1→0 conv:0x10→0x10   (前→+1500ms): Δ open A:1→0 B:1→0 / tsf-thread open:1→0 conv:0x10→0x10
[02:58:04.166Z] KEY [準備/その他] ESC vk=0x1B scan=0x01 press=02:58:02.541Z (auto)  状態=直接入力
    前     : A(open=0 conv=0x10) B(open=0 conv=0x10) T(open=0 conv=0x10) G(open=0 conv=0x00) comp="" tail="kkkkkkkk"
    +100ms: A(open=0 conv=0x10) B(open=0 conv=0x10) T(open=0 conv=0x10) G(open=0 conv=0x00) comp="" tail="kkkkkkkk"
    +400ms: A(open=0 conv=0x10) B(open=0 conv=0x10) T(open=0 conv=0x10) G(open=0 conv=0x00) comp="" tail="kkkkkkkk"
    +1500ms: A(open=0 conv=0x10) B(open=0 conv=0x10) T(open=0 conv=0x10) G(open=0 conv=0x00) comp="" tail="kkkkkkkk"
    差分 (前→+100ms): Δなし   (前→+400ms): Δなし   (前→+1500ms): Δなし
[02:58:06.171Z] KEY [SCRIPT 3/10 無変換 期待=IME ON・半角英数のまま(conv 0x10)。Engine は OFF のまま ← 決定2の核心] 無変換 vk=0x1D scan=0x7B press=02:58:04.542Z (auto)  状態=直接入力
    前     : A(open=0 conv=0x10) B(open=0 conv=0x10) T(open=0 conv=0x10) G(open=0 conv=0x00) comp="" tail="kkkkkkkk"
    +100ms: A(open=1 conv=0x10) B(open=1 conv=0x10) T(open=1 conv=0x10) G(open=0 conv=0x00) comp="" tail="kkkkkkkk"
    +400ms: A(open=1 conv=0x10) B(open=1 conv=0x10) T(open=1 conv=0x10) G(open=0 conv=0x00) comp="" tail="kkkkkkkk"
    +1500ms: A(open=1 conv=0x10) B(open=1 conv=0x10) T(open=1 conv=0x10) G(open=0 conv=0x00) comp="" tail="kkkkkkkk"
    差分 (前→+100ms): Δ open A:0→1 B:0→1 / tsf-thread open:0→1 conv:0x10→0x10   (前→+400ms): Δ open A:0→1 B:0→1 / tsf-thread open:0→1 conv:0x10→0x10   (前→+1500ms): Δ open A:0→1 B:0→1 / tsf-thread open:0→1 conv:0x10→0x10
[02:58:07.296Z] KEY [準備/その他] ESC vk=0x1B scan=0x01 press=02:58:05.733Z (auto)  状態=IME ON・入力中
    前     : A(open=1 conv=0x10) B(open=1 conv=0x10) T(open=1 conv=0x10) G(open=0 conv=0x00) comp="k" tail="kkkkkkkk"
    +100ms: A(open=1 conv=0x10) B(open=1 conv=0x10) T(open=1 conv=0x10) G(open=0 conv=0x00) comp="" tail="kkkkkkkk"
    +400ms: A(open=1 conv=0x10) B(open=1 conv=0x10) T(open=1 conv=0x10) G(open=0 conv=0x00) comp="" tail="kkkkkkkk"
    +1500ms: A(open=1 conv=0x10) B(open=1 conv=0x10) T(open=1 conv=0x10) G(open=0 conv=0x00) comp="" tail="kkkkkkkk"
    差分 (前→+100ms): Δ comp:Some("k")→Some("")   (前→+400ms): Δ comp:Some("k")→Some("")   (前→+1500ms): Δ comp:Some("k")→Some("")
[02:58:09.306Z] KEY [SCRIPT 4/10 ひらがなキー 期待=かなに戻る(conv 0x19)。Engine ON(遅延の可能性あり)] ひらがな(0xF2) vk=0xF2 scan=0x70 press=02:58:07.733Z (auto)  状態=IME ON・入力なし
    前     : A(open=1 conv=0x10) B(open=1 conv=0x10) T(open=1 conv=0x10) G(open=0 conv=0x00) comp="" tail="kkkkkkkk"
    +100ms: A(open=1 conv=0x19) B(open=1 conv=0x19) T(open=1 conv=0x19) G(open=0 conv=0x00) comp="" tail="kkkkkkkk"
    +400ms: A(open=1 conv=0x19) B(open=1 conv=0x19) T(open=1 conv=0x19) G(open=0 conv=0x00) comp="" tail="kkkkkkkk"
    +1500ms: A(open=1 conv=0x19) B(open=1 conv=0x19) T(open=1 conv=0x19) G(open=0 conv=0x00) comp="" tail="kkkkkkkk"
    差分 (前→+100ms): Δ conv A:0x10→0x19 B:0x10→0x19 / tsf-thread open:1→1 conv:0x10→0x19   (前→+400ms): Δ conv A:0x10→0x19 B:0x10→0x19 / tsf-thread open:1→1 conv:0x10→0x19   (前→+1500ms): Δ conv A:0x10→0x19 B:0x10→0x19 / tsf-thread open:1→1 conv:0x10→0x19
[02:58:10.496Z] KEY [準備/その他] ESC vk=0x1B scan=0x01 press=02:58:08.917Z (auto)  状態=IME ON・入力中
    前     : A(open=1 conv=0x19) B(open=1 conv=0x19) T(open=1 conv=0x19) G(open=0 conv=0x00) comp="き" tail="kkkkkkkk"
    +100ms: A(open=1 conv=0x19) B(open=1 conv=0x19) T(open=1 conv=0x19) G(open=0 conv=0x00) comp="" tail="kkkkkkkk"
    +400ms: A(open=1 conv=0x19) B(open=1 conv=0x19) T(open=1 conv=0x19) G(open=0 conv=0x00) comp="" tail="kkkkkkkk"
    +1500ms: A(open=1 conv=0x19) B(open=1 conv=0x19) T(open=1 conv=0x19) G(open=0 conv=0x00) comp="" tail="kkkkkkkk"
    差分 (前→+100ms): Δ comp:Some("き")→Some("")   (前→+400ms): Δ comp:Some("き")→Some("")   (前→+1500ms): Δ comp:Some("き")→Some("")
[02:58:12.500Z] KEY [SCRIPT 5/10 無変換 期待=IME OFF。Engine OFF] 無変換 vk=0x1D scan=0x7B press=02:58:10.871Z (auto)  状態=IME ON・入力なし
    前     : A(open=1 conv=0x19) B(open=1 conv=0x19) T(open=1 conv=0x19) G(open=0 conv=0x00) comp="" tail="kkkkkkkk"
    +100ms: A(open=0 conv=0x19) B(open=0 conv=0x19) T(open=0 conv=0x19) G(open=0 conv=0x00) comp="" tail="kkkkkkkk"
    +400ms: A(open=0 conv=0x19) B(open=0 conv=0x19) T(open=0 conv=0x19) G(open=0 conv=0x00) comp="" tail="kkkkkkkk"
    +1500ms: A(open=0 conv=0x19) B(open=0 conv=0x19) T(open=0 conv=0x19) G(open=0 conv=0x00) comp="" tail="kkkkkkkk"
    差分 (前→+100ms): Δ open A:1→0 B:1→0 / tsf-thread open:1→0 conv:0x19→0x19   (前→+400ms): Δ open A:1→0 B:1→0 / tsf-thread open:1→0 conv:0x19→0x19   (前→+1500ms): Δ open A:1→0 B:1→0 / tsf-thread open:1→0 conv:0x19→0x19
[02:58:13.683Z] KEY [準備/その他] ESC vk=0x1B scan=0x01 press=02:58:12.063Z (auto)  状態=直接入力
    前     : A(open=0 conv=0x19) B(open=0 conv=0x19) T(open=0 conv=0x19) G(open=0 conv=0x00) comp="" tail="kkkkkkkk"
    +100ms: A(open=0 conv=0x19) B(open=0 conv=0x19) T(open=0 conv=0x19) G(open=0 conv=0x00) comp="" tail="kkkkkkkk"
    +400ms: A(open=0 conv=0x19) B(open=0 conv=0x19) T(open=0 conv=0x19) G(open=0 conv=0x00) comp="" tail="kkkkkkkk"
    +1500ms: A(open=0 conv=0x19) B(open=0 conv=0x19) T(open=0 conv=0x19) G(open=0 conv=0x00) comp="" tail="kkkkkkkk"
    差分 (前→+100ms): Δなし   (前→+400ms): Δなし   (前→+1500ms): Δなし
[02:58:13.746Z] KEY [準備/その他] ESC vk=0x1B scan=0x01 press=02:58:12.123Z (injected)  状態=直接入力
    前     : A(open=0 conv=0x19) B(open=0 conv=0x19) T(open=0 conv=0x19) G(open=0 conv=0x00) comp="" tail="kkkkkkkk"
    +100ms: A(open=0 conv=0x19) B(open=0 conv=0x19) T(open=0 conv=0x19) G(open=0 conv=0x00) comp="" tail="kkkkkkkk"
    +400ms: A(open=0 conv=0x19) B(open=0 conv=0x19) T(open=0 conv=0x19) G(open=0 conv=0x00) comp="" tail="kkkkkkkk"
    +1500ms: A(open=0 conv=0x19) B(open=0 conv=0x19) T(open=0 conv=0x19) G(open=0 conv=0x00) comp="" tail="kkkkkkkk"
    差分 (前→+100ms): Δなし   (前→+400ms): Δなし   (前→+1500ms): Δなし
[02:58:15.631Z] KEY [SCRIPT 6/10 無変換 期待=IME ON(かな)。Engine ON] 無変換 vk=0x1D scan=0x7B press=02:58:14.065Z (auto)  状態=直接入力
    前     : A(open=0 conv=0x19) B(open=0 conv=0x19) T(open=0 conv=0x19) G(open=0 conv=0x00) comp="" tail="kkkkkkkk"
    +100ms: A(open=1 conv=0x19) B(open=1 conv=0x19) T(open=1 conv=0x19) G(open=0 conv=0x00) comp="" tail="kkkkkkkk"
    +400ms: A(open=1 conv=0x19) B(open=1 conv=0x19) T(open=1 conv=0x19) G(open=0 conv=0x00) comp="" tail="kkkkkkkk"
    +1500ms: A(open=1 conv=0x19) B(open=1 conv=0x19) T(open=1 conv=0x19) G(open=0 conv=0x00) comp="" tail="kkkkkkkk"
    差分 (前→+100ms): Δ open A:0→1 B:0→1 / tsf-thread open:0→1 conv:0x19→0x19   (前→+400ms): Δ open A:0→1 B:0→1 / tsf-thread open:0→1 conv:0x19→0x19   (前→+1500ms): Δ open A:0→1 B:0→1 / tsf-thread open:0→1 conv:0x19→0x19
[02:58:16.884Z] KEY [準備/その他] ESC vk=0x1B scan=0x01 press=02:58:15.255Z (auto)  状態=IME ON・入力中
    前     : A(open=1 conv=0x19) B(open=1 conv=0x19) T(open=1 conv=0x19) G(open=0 conv=0x00) comp="き" tail="kkkkkkkk"
    +100ms: A(open=1 conv=0x19) B(open=1 conv=0x19) T(open=1 conv=0x19) G(open=0 conv=0x00) comp="" tail="kkkkkkkk"
    +400ms: A(open=1 conv=0x19) B(open=1 conv=0x19) T(open=1 conv=0x19) G(open=0 conv=0x00) comp="" tail="kkkkkkkk"
    +1500ms: A(open=1 conv=0x19) B(open=1 conv=0x19) T(open=1 conv=0x19) G(open=0 conv=0x00) comp="" tail="kkkkkkkk"
    差分 (前→+100ms): Δ comp:Some("き")→Some("")   (前→+400ms): Δ comp:Some("き")→Some("")   (前→+1500ms): Δ comp:Some("き")→Some("")
[02:58:18.751Z] KEY [SCRIPT 7/10 ひらがなキー 期待=ONのまま半角英数へ。Engine は(遅延で)OFF] ひらがな(0xF2) vk=0xF2 scan=0x70 press=02:58:17.190Z (auto)  状態=IME ON・入力なし
    前     : A(open=1 conv=0x19) B(open=1 conv=0x19) T(open=1 conv=0x19) G(open=0 conv=0x00) comp="" tail="kkkkkkkk"
    +100ms: A(open=1 conv=0x10) B(open=1 conv=0x10) T(open=1 conv=0x10) G(open=0 conv=0x00) comp="" tail="kkkkkkkk"
    +400ms: A(open=1 conv=0x10) B(open=1 conv=0x10) T(open=1 conv=0x10) G(open=0 conv=0x00) comp="" tail="kkkkkkkk"
    +1500ms: A(open=1 conv=0x10) B(open=1 conv=0x10) T(open=1 conv=0x10) G(open=0 conv=0x00) comp="" tail="kkkkkkkk"
    差分 (前→+100ms): Δ conv A:0x19→0x10 B:0x19→0x10 / tsf-thread open:1→1 conv:0x19→0x10   (前→+400ms): Δ conv A:0x19→0x10 B:0x19→0x10 / tsf-thread open:1→1 conv:0x19→0x10   (前→+1500ms): Δ conv A:0x19→0x10 B:0x19→0x10 / tsf-thread open:1→1 conv:0x19→0x10
[02:58:19.996Z] KEY [準備/その他] ESC vk=0x1B scan=0x01 press=02:58:18.374Z (auto)  状態=IME ON・入力中
    前     : A(open=1 conv=0x10) B(open=1 conv=0x10) T(open=1 conv=0x10) G(open=0 conv=0x00) comp="k" tail="kkkkkkkk"
    +100ms: A(open=1 conv=0x10) B(open=1 conv=0x10) T(open=1 conv=0x10) G(open=0 conv=0x00) comp="" tail="kkkkkkkk"
    +400ms: A(open=1 conv=0x10) B(open=1 conv=0x10) T(open=1 conv=0x10) G(open=0 conv=0x00) comp="" tail="kkkkkkkk"
    +1500ms: A(open=1 conv=0x10) B(open=1 conv=0x10) T(open=1 conv=0x10) G(open=0 conv=0x00) comp="" tail="kkkkkkkk"
    差分 (前→+100ms): Δ comp:Some("k")→Some("")   (前→+400ms): Δ comp:Some("k")→Some("")   (前→+1500ms): Δ comp:Some("k")→Some("")
[02:58:21.940Z] KEY [SCRIPT 8/10 無変換 期待=IME OFF。Engine OFF] 無変換 vk=0x1D scan=0x7B press=02:58:20.368Z (auto)  状態=IME ON・入力なし
    前     : A(open=1 conv=0x10) B(open=1 conv=0x10) T(open=1 conv=0x10) G(open=0 conv=0x00) comp="" tail="kkkkkkkk"
    +100ms: A(open=0 conv=0x10) B(open=0 conv=0x10) T(open=0 conv=0x10) G(open=0 conv=0x00) comp="" tail="kkkkkkkk"
    +400ms: A(open=0 conv=0x10) B(open=0 conv=0x10) T(open=0 conv=0x10) G(open=0 conv=0x00) comp="" tail="kkkkkkkk"
    +1500ms: A(open=0 conv=0x10) B(open=0 conv=0x10) T(open=0 conv=0x10) G(open=0 conv=0x00) comp="" tail="kkkkkkkk"
    差分 (前→+100ms): Δ open A:1→0 B:1→0 / tsf-thread open:1→0 conv:0x10→0x10   (前→+400ms): Δ open A:1→0 B:1→0 / tsf-thread open:1→0 conv:0x10→0x10   (前→+1500ms): Δ open A:1→0 B:1→0 / tsf-thread open:1→0 conv:0x10→0x10
[02:58:23.072Z] KEY [準備/その他] ESC vk=0x1B scan=0x01 press=02:58:21.505Z (auto)  状態=直接入力
    前     : A(open=0 conv=0x10) B(open=0 conv=0x10) T(open=0 conv=0x10) G(open=0 conv=0x00) comp="" tail="kkkkkkkk"
    +100ms: A(open=0 conv=0x10) B(open=0 conv=0x10) T(open=0 conv=0x10) G(open=0 conv=0x00) comp="" tail="kkkkkkkk"
    +400ms: A(open=0 conv=0x10) B(open=0 conv=0x10) T(open=0 conv=0x10) G(open=0 conv=0x00) comp="" tail="kkkkkkkk"
    +1500ms: A(open=0 conv=0x10) B(open=0 conv=0x10) T(open=0 conv=0x10) G(open=0 conv=0x00) comp="" tail="kkkkkkkk"
    差分 (前→+100ms): Δなし   (前→+400ms): Δなし   (前→+1500ms): Δなし
[02:58:25.125Z] KEY [SCRIPT 9/10 無変換 期待=IME ON・半角英数のまま。Engine が ON にならないこと ← 退行窓の確認] 無変換 vk=0x1D scan=0x7B press=02:58:23.504Z (auto)  状態=直接入力
    前     : A(open=0 conv=0x10) B(open=0 conv=0x10) T(open=0 conv=0x10) G(open=0 conv=0x00) comp="" tail="kkkkkkkk"
    +100ms: A(open=1 conv=0x10) B(open=1 conv=0x10) T(open=1 conv=0x10) G(open=0 conv=0x00) comp="" tail="kkkkkkkk"
    +400ms: A(open=1 conv=0x10) B(open=1 conv=0x10) T(open=1 conv=0x10) G(open=0 conv=0x00) comp="" tail="kkkkkkkk"
    +1500ms: A(open=1 conv=0x10) B(open=1 conv=0x10) T(open=1 conv=0x10) G(open=0 conv=0x00) comp="" tail="kkkkkkkk"
    差分 (前→+100ms): Δ open A:0→1 B:0→1 / tsf-thread open:0→1 conv:0x10→0x10   (前→+400ms): Δ open A:0→1 B:0→1 / tsf-thread open:0→1 conv:0x10→0x10   (前→+1500ms): Δ open A:0→1 B:0→1 / tsf-thread open:0→1 conv:0x10→0x10
[02:58:26.249Z] KEY [準備/その他] ESC vk=0x1B scan=0x01 press=02:58:24.693Z (auto)  状態=IME ON・入力中
    前     : A(open=1 conv=0x10) B(open=1 conv=0x10) T(open=1 conv=0x10) G(open=0 conv=0x00) comp="k" tail="kkkkkkkk"
    +100ms: A(open=1 conv=0x10) B(open=1 conv=0x10) T(open=1 conv=0x10) G(open=0 conv=0x00) comp="" tail="kkkkkkkk"
    +400ms: A(open=1 conv=0x10) B(open=1 conv=0x10) T(open=1 conv=0x10) G(open=0 conv=0x00) comp="" tail="kkkkkkkk"
    +1500ms: A(open=1 conv=0x10) B(open=1 conv=0x10) T(open=1 conv=0x10) G(open=0 conv=0x00) comp="" tail="kkkkkkkk"
    差分 (前→+100ms): Δ comp:Some("k")→Some("")   (前→+400ms): Δ comp:Some("k")→Some("")   (前→+1500ms): Δ comp:Some("k")→Some("")
[02:58:28.311Z] KEY [SCRIPT 10/10 ひらがなキー 期待=かなに戻る(後片付け)] ひらがな(0xF2) vk=0xF2 scan=0x70 press=02:58:26.683Z (auto)  状態=IME ON・入力なし
    前     : A(open=1 conv=0x10) B(open=1 conv=0x10) T(open=1 conv=0x10) G(open=0 conv=0x00) comp="" tail="kkkkkkkk"
    +100ms: A(open=1 conv=0x19) B(open=1 conv=0x19) T(open=1 conv=0x19) G(open=0 conv=0x00) comp="" tail="kkkkkkkk"
    +400ms: A(open=1 conv=0x19) B(open=1 conv=0x19) T(open=1 conv=0x19) G(open=0 conv=0x00) comp="" tail="kkkkkkkk"
    +1500ms: A(open=1 conv=0x19) B(open=1 conv=0x19) T(open=1 conv=0x19) G(open=0 conv=0x00) comp="" tail="kkkkkkkk"
    差分 (前→+100ms): Δ conv A:0x10→0x19 B:0x10→0x19 / tsf-thread open:1→1 conv:0x10→0x19   (前→+400ms): Δ conv A:0x10→0x19 B:0x10→0x19 / tsf-thread open:1→1 conv:0x10→0x19   (前→+1500ms): Δ conv A:0x10→0x19 B:0x10→0x19 / tsf-thread open:1→1 conv:0x10→0x19
[02:58:29.443Z] KEY [準備/その他] ESC vk=0x1B scan=0x01 press=02:58:27.872Z (auto)  状態=IME ON・入力中
    前     : A(open=1 conv=0x19) B(open=1 conv=0x19) T(open=1 conv=0x19) G(open=0 conv=0x00) comp="き" tail="kkkkkkkk"
    +100ms: A(open=1 conv=0x19) B(open=1 conv=0x19) T(open=1 conv=0x19) G(open=0 conv=0x00) comp="" tail="kkkkkkkk"
    +400ms: A(open=1 conv=0x19) B(open=1 conv=0x19) T(open=1 conv=0x19) G(open=0 conv=0x00) comp="" tail="kkkkkkkk"
    +1500ms: A(open=1 conv=0x19) B(open=1 conv=0x19) T(open=1 conv=0x19) G(open=0 conv=0x00) comp="" tail="kkkkkkkk"
    差分 (前→+100ms): Δ comp:Some("き")→Some("")   (前→+400ms): Δ comp:Some("き")→Some("")   (前→+1500ms): Δ comp:Some("き")→Some("")
[RUN 12/12 完了]
[AUTO] 全手順完了（1.5秒後に自動で閉じます）
[RUN 13/12 完了]
[RUN 14/12 完了]
[RUN 15/12 完了]
[RUN 16/12 完了]
[RUN 17/12 完了]
[RUN 18/12 完了]
[RUN 19/12 完了]
[RUN 20/12 完了]
[RUN 21/12 完了]
[RUN 22/12 完了]
[RUN 23/12 完了]
[RUN 24/12 完了]
[RUN 25/12 完了]
[RUN 26/12 完了]
[RUN 27/12 完了]
[RUN 28/12 完了]
[RUN 29/12 完了]
[RUN 30/12 完了]
[RUN 31/12 完了]
[RUN 32/12 完了]
[RUN 33/12 完了]
[RUN 34/12 完了]
[RUN 35/12 完了]
[RUN 36/12 完了]
script error: Output type incorrect: bool (expecting ())
