2026-09-20T02:26:09.659485Z DEBUG awase_windows::runtime: [focus-sync] hwnd=0x8E184A class="ImeKeyMatrixSpikeWindowClass" app_kind=Win32 hint=Default → mode=Unicode
2026-09-20T02:26:09.659557Z DEBUG awase_windows::tsf::tsf_gate: [tsf-gate] focus change → PendingWarmup (held cleared)
2026-09-20T02:26:09.729072Z  WARN awase_windows::runtime::message_handlers: Hook watchdog: no activity for 26125ms (OS全体の最終入力は9094ms前、OSも無操作のため単なるアイドルの可能性が高い)
2026-09-20T02:26:09.763425Z DEBUG awase_windows::runtime: [focus-sync] hwnd=0x1612A74 class="Edit" app_kind=Win32 hint=Default → mode=Unicode
2026-09-20T02:26:09.763487Z DEBUG awase_windows::output: [tsf-gate] focus change while PendingWarmup — held バッファを保持して再初期化スキップ (Chrome等の連続フォーカスイベント対策)
2026-09-20T02:26:09.815016Z  INFO apply_focus_probe_result: awase_windows::runtime::focus_tracking: AppKind changed: Uwp → Win32 (class=ImeKeyMatrixSpikeWindowClass)
2026-09-20T02:26:09.819151Z DEBUG apply_focus_probe_result: awase::journal: focus transition seq=2002 elapsed_ms=669179 changed_process=true changed_window=true changed_app_kind=true changed_focus_kind=false dwell_ms=26219 profile="ImmCross"
2026-09-20T02:26:09.819360Z  INFO apply_focus_probe_result: awase_windows::runtime::focus_tracking: FocusChange [19612→896] ImeKeyMatrixSpikeWindowClass: stale ime_on=true intent=None mode=ObservedRomaji japanese=true
2026-09-20T02:26:09.819378Z DEBUG apply_focus_probe_result: awase_windows::tsf::probe: [composition] focus changed → marked cold
2026-09-20T02:26:09.819390Z DEBUG apply_focus_probe_result: awase_windows::runtime: [keymap] active rules recomputed: 0 rule(s) for process="ime_key_matrix_spike.exe"
2026-09-20T02:26:09.819398Z DEBUG apply_focus_probe_result: awase_windows::runtime::focus_tracking: [keymap] active rules updated on focus change: 0 rule(s) (hwnd=HWND(0x8e184a) kind=Undetermined focus_epoch=24)
2026-09-20T02:26:09.819416Z DEBUG apply_focus_probe_result:reduce: awase_windows::state::ime_model: [explicit-intent] cleared (focus change)
2026-09-20T02:26:09.819429Z DEBUG apply_focus_probe_result: awase::journal: ime event seq=2003 elapsed_ms=669180 event_kind="FocusChanged"
2026-09-20T02:26:09.819453Z DEBUG apply_focus_probe_result: awase_windows::runtime::focus_tracking: [focus] Imm32Unavailable hard pre-sync applied=true (prevent spurious VK_KANJI on first character key)
2026-09-20T02:26:09.819472Z DEBUG apply_focus_probe_result:gji_on_event{event=ImeOn { injection_mode: Unicode, gji_idle_ms: 26188 }}: awase_windows::tsf::gji_fsm: [gji-fsm] ImeOn: already on (OnCold(Short)), ignored
2026-09-20T02:26:09.819489Z DEBUG apply_focus_probe_result: awase::journal: gji fsm transition seq=2004 elapsed_ms=669180 trigger="ImeOn(gji_idle_ms=26188)" state_before="OnCold(Short)" state_after="OnCold(Short)"
2026-09-20T02:26:09.820174Z DEBUG awase_windows::observer::ime_observer: IME snapshot: japanese=Some(true) ime_on=None romaji=None conv=Some("0x00000009") guard=false
2026-09-20T02:26:09.820215Z DEBUG awase_windows::runtime::ime_refresh: ObserverPoll +16ms since focus: detection failed (miss=1), stale ime_on=true mode=ObservedRomaji
2026-09-20T02:26:09.823812Z DEBUG awase_windows::ime_diagnostic: [ime-diag] label=focus_changed t=347203875 hwnd=0x0 pid=0 tid=46480 class="" hkl=04110411 lang=0411 imm_bridge=true imc_open=- imc_conv=- shadow_on=false shadow_romaji=false shadow_jp=false inject=Unknown dt_focus_ms=- dt_activity_ms=-
2026-09-20T02:26:09.823868Z DEBUG awase_windows::runtime::ime_refresh: [composition] focus change → marking cold
2026-09-20T02:26:09.823906Z DEBUG awase_windows::tsf::probe: [composition] marked cold reason=FocusChange idle=30329ms → next VK/TSF output will send VK_DBE_HIRAGANA warmup
2026-09-20T02:26:09.823977Z DEBUG gji_on_event{event=FocusChange { injection_mode: Unicode, gji_idle_ms: 26204 }}: awase_windows::tsf::gji_fsm: [gji-fsm] FocusChange gji_idle=26204ms → Long
2026-09-20T02:26:09.824041Z DEBUG awase_windows::platform: [gji-fsm] CancelProbe probe_id=ProbeId(37)
2026-09-20T02:26:09.824061Z DEBUG awase_windows::platform: [gji-fsm] StartProbe probe_id=ProbeId(38) forces_f2=true long=true
2026-09-20T02:26:09.824078Z DEBUG awase_windows::platform: [gji-fsm] Unicode long-cold StartProbe: VK_IME_OFF→VK_IME_ON reinit (chars なし)
2026-09-20T02:26:09.824091Z DEBUG awase_windows::output::probe_io: [chrome-reinit] cold=0 VK_IME_OFF→VK_IME_ON 強制リセット送信 + IMC ポーリング開始 (write_bytes_baseline=202436765)
2026-09-20T02:26:09.824146Z DEBUG awase_windows::shadow_send_trace: [shadow-send] channel=SendInput kind=kanji_marker vk=[1A, 16] issue_us=669181823
2026-09-20T02:26:09.826131Z DEBUG awase_windows::hook: [hook] IME-mode vk=0x1A down self_injected=true injected=true scan=0x0 extra=0x4B45594A since_actuation_us=Some(2011)
2026-09-20T02:26:09.834101Z DEBUG awase_windows::hook: [hook] IME-mode vk=0x1A up self_injected=true injected=true scan=0x0 extra=0x4B45594A since_actuation_us=Some(9974)
2026-09-20T02:26:09.838835Z DEBUG awase_windows::hook: [hook] IME-mode vk=0x16 down self_injected=true injected=true scan=0x0 extra=0x4B45594A since_actuation_us=Some(14708)
2026-09-20T02:26:09.841272Z DEBUG awase_windows::hook: [hook] IME-mode vk=0x16 up self_injected=true injected=true scan=0x0 extra=0x4B45594A since_actuation_us=Some(17140)
2026-09-20T02:26:09.841802Z DEBUG awase_windows::tsf::ime_mode_fsm: [ime-mode] VK_IME_OFF 送信 → Off (belief, unconfirmed)
2026-09-20T02:26:09.841815Z DEBUG awase_windows::tsf::ime_mode_fsm: [ime-mode] VK_IME_ON 送信 → Hiragana (belief, unconfirmed)
2026-09-20T02:26:09.842307Z DEBUG awase_windows::tsf::ime_mode_fsm: [ime-mode] FocusChange (0ms after VK send) → confirmed=false のみ（state=Hiragana 維持）
2026-09-20T02:26:09.842342Z DEBUG awase::journal: gji fsm transition seq=2005 elapsed_ms=669184 trigger="FocusChange(gji_idle_ms=26204)" state_before="OnCold(Short)" state_after="OnCold(Long)"
2026-09-20T02:26:09.842371Z DEBUG awase::journal: tsf probe completed seq=2006 elapsed_ms=669184 outcome="Canceled" cold_seq=18446744073709551615 cold_seq_present=false probe_id=37 probe_id_present=true duration_ms=26219 tick_count=0 gji_state="OnCold(Long)"
2026-09-20T02:26:09.842396Z DEBUG awase::journal: tsf probe started seq=2007 elapsed_ms=669184 source="GjiAction::StartProbe" cold_seq=2 probe_id=38 probe_id_present=true gji_state="OnCold(Long)" consecutive_at_start=0 pending_deferred_len=0
2026-09-20T02:26:09.842462Z DEBUG awase::journal: gji fsm transition seq=2008 elapsed_ms=669202 trigger="WarmupComplete(unicode)" state_before="OnCold(Long)" state_after="OnWarm"
2026-09-20T02:26:09.842483Z DEBUG awase::journal: tsf probe completed seq=2009 elapsed_ms=669202 outcome="UnicodeImmediate" cold_seq=18446744073709551615 cold_seq_present=false probe_id=38 probe_id_present=true duration_ms=15 tick_count=0 gji_state="OnWarm"
2026-09-20T02:26:09.842535Z DEBUG awase_windows::runtime::ime_refresh: [composition] FocusChange: send_eager_tsf_warmup called (ime_on via warmup_ime_on())
2026-09-20T02:26:09.843057Z DEBUG awase::journal: hook ime-mode diagnostic seq=2010 elapsed_ms=669203 vk_code=26 is_down=true self_injected=true injected=true scan=0
2026-09-20T02:26:09.843078Z DEBUG awase::journal: hook ime-mode diagnostic seq=2011 elapsed_ms=669203 vk_code=26 is_down=false self_injected=true injected=true scan=0
2026-09-20T02:26:09.843518Z DEBUG awase::journal: hook ime-mode diagnostic seq=2012 elapsed_ms=669204 vk_code=22 is_down=true self_injected=true injected=true scan=0
2026-09-20T02:26:09.843554Z DEBUG awase::journal: hook ime-mode diagnostic seq=2013 elapsed_ms=669204 vk_code=22 is_down=false self_injected=true injected=true scan=0
2026-09-20T02:26:09.844971Z DEBUG awase_windows::ime: [idle-conv-check-diag] focused_hwnd=HWND(0x1612a74) ime_wnd=Some(HWND(0x740654))
2026-09-20T02:26:09.848164Z DEBUG awase::journal: ime event seq=2014 elapsed_ms=669208 event_kind="ObserverReported"
2026-09-20T02:26:09.848194Z DEBUG awase_windows::runtime::focus_tracking: [ImmCrossProbe/focus] child-hwnd IME=true → High confidence 観測記録
2026-09-20T02:26:09.852007Z  INFO awase_windows::output::probe_io: [chrome-reinit] cold=0 GJI write_bytes 上昇検出: tick=#0 delta=+60B (+0.1KB)
2026-09-20T02:26:09.852022Z DEBUG awase_windows::tsf::gji_monitor: [gji-io] WRITE: w_ops=+5 w_KB=+0.1 (r_ops=+10 x_ops=+10 x_KB=+0.0)
2026-09-20T02:26:09.854905Z DEBUG awase_windows::ime: [idle-conv-check-diag] focused_hwnd=HWND(0x1612a74) ime_wnd=Some(HWND(0x740654))
2026-09-20T02:26:09.855784Z DEBUG awase_windows::output::probe_io: [chrome-reinit] cold=0 IMC poll #0: conv=0x00000009 NATIVE=true write_delta=+60B
2026-09-20T02:26:09.855812Z DEBUG awase_windows::output::probe_io: [chrome-reinit] cold=0 stale focus_gen=22 → ポーリング終了
2026-09-20T02:26:09.855824Z  INFO awase_windows::output::probe_io: [chrome-reinit] cold=0 ポーリング完了: total_write_delta=+60B first_write_tick=Some(1)
2026-09-20T02:26:09.875158Z DEBUG awase_windows::runtime: [focus-sync] hwnd=0xCE06BC class="RICHEDIT50W" app_kind=Win32 hint=Default → mode=Unicode
2026-09-20T02:26:09.875228Z DEBUG awase_windows::tsf::tsf_gate: [tsf-gate] focus change → PendingWarmup (held cleared)
2026-09-20T02:26:09.890258Z DEBUG awase_windows::runtime: [focus-sync] hwnd=0x1612A74 class="Edit" app_kind=Win32 hint=Default → mode=Unicode
2026-09-20T02:26:09.890327Z DEBUG awase_windows::output: [tsf-gate] focus change while PendingWarmup — held バッファを保持して再初期化スキップ (Chrome等の連続フォーカスイベント対策)
2026-09-20T02:26:09.971608Z DEBUG apply_focus_probe_result: awase_windows::runtime::focus_tracking: Focus kind changed: Undetermined → TextInput (reason=KnownTextClass(Edit))
2026-09-20T02:26:09.971705Z DEBUG apply_focus_probe_result:reduce: awase_windows::state::observation_store: [focus-hwnd-track] update_focus_window: current_fence.hwnd HwndId(9312330) -> HwndId(23145076)
2026-09-20T02:26:09.971750Z DEBUG apply_focus_probe_result: awase::journal: ime event seq=2015 elapsed_ms=669332 event_kind="FocusHwndUpdated"
2026-09-20T02:26:09.971790Z DEBUG apply_focus_probe_result: awase::journal: focus transition seq=2016 elapsed_ms=669332 changed_process=false changed_window=true changed_app_kind=false changed_focus_kind=true dwell_ms=156 profile="ImmCross"
2026-09-20T02:26:09.972064Z DEBUG awase_windows::state::observation_store: [identity-gate] hwnd不一致で除外: source=ImmCrossProbe obs_hwnd=HwndId(9312330) current_hwnd=HwndId(23145076) confidence=High
2026-09-20T02:26:09.972084Z DEBUG awase_windows::state::observation_store: [identity-gate] hwnd不一致で除外: source=ImmCrossProbe obs_hwnd=HwndId(9312330) current_hwnd=HwndId(23145076) confidence=High
2026-09-20T02:26:09.972126Z DEBUG awase_windows::state::observation_store: [identity-gate] hwnd不一致で除外: source=ImmCrossProbe obs_hwnd=HwndId(9312330) current_hwnd=HwndId(23145076) confidence=High
2026-09-20T02:26:09.972141Z DEBUG awase_windows::state::observation_store: [identity-gate] hwnd不一致で除外: source=ImmCrossProbe obs_hwnd=HwndId(9312330) current_hwnd=HwndId(23145076) confidence=High
2026-09-20T02:26:09.972210Z DEBUG awase_windows::observer::ime_observer: IME snapshot: japanese=Some(true) ime_on=Some(true) romaji=None conv=Some("0x00000009") guard=false
2026-09-20T02:26:09.972291Z DEBUG awase::journal: ime event seq=2017 elapsed_ms=669333 event_kind="ObserverReported"
2026-09-20T02:26:09.972310Z DEBUG awase_windows::state::observation_store: [identity-gate] hwnd不一致で除外: source=ImmCrossProbe obs_hwnd=HwndId(9312330) current_hwnd=HwndId(23145076) confidence=High
2026-09-20T02:26:09.972326Z DEBUG awase_windows::state::observation_store: [identity-gate] hwnd不一致で除外: source=ImmCrossProbe obs_hwnd=HwndId(9312330) current_hwnd=HwndId(23145076) confidence=High
2026-09-20T02:26:09.972365Z DEBUG awase_windows::state::observation_store: [identity-gate] hwnd不一致で除外: source=ImmCrossProbe obs_hwnd=HwndId(9312330) current_hwnd=HwndId(23145076) confidence=High
2026-09-20T02:26:09.972381Z DEBUG awase_windows::state::observation_store: [identity-gate] hwnd不一致で除外: source=ImmCrossProbe obs_hwnd=HwndId(9312330) current_hwnd=HwndId(23145076) confidence=High
2026-09-20T02:26:10.245964Z DEBUG awase_windows::hook: [hook] IME-mode vk=0xF2 down self_injected=false injected=false scan=0x70 extra=0x5350494B since_actuation_us=Some(421842)
2026-09-20T02:26:10.246145Z DEBUG awase::journal: hook ime-mode diagnostic seq=2018 elapsed_ms=669606 vk_code=242 is_down=true self_injected=false injected=false scan=112
2026-09-20T02:26:10.246201Z DEBUG awase_windows::state::observation_store: [identity-gate] hwnd不一致で除外: source=ImmCrossProbe obs_hwnd=HwndId(9312330) current_hwnd=HwndId(23145076) confidence=High
2026-09-20T02:26:10.246213Z DEBUG awase_windows::state::observation_store: [identity-gate] hwnd不一致で除外: source=ImmCrossProbe obs_hwnd=HwndId(9312330) current_hwnd=HwndId(23145076) confidence=High
2026-09-20T02:26:10.246288Z DEBUG awase_windows::state::observation_store: [identity-gate] hwnd不一致で除外: source=ImmCrossProbe obs_hwnd=HwndId(9312330) current_hwnd=HwndId(23145076) confidence=High
2026-09-20T02:26:10.246296Z DEBUG awase_windows::state::observation_store: [identity-gate] hwnd不一致で除外: source=ImmCrossProbe obs_hwnd=HwndId(9312330) current_hwnd=HwndId(23145076) confidence=High
2026-09-20T02:26:10.246306Z  INFO awase_windows::runtime::key_pipeline: [shadow-toggle] intent 昇格: vk=0xF2 scan=0x70 action=TurnOn kind=PhysicalImeKey injected=false true→true w_ops0=119892 x_ops0=265845 x_KB0=25.1
2026-09-20T02:26:10.246324Z DEBUG awase::journal: ime event seq=2019 elapsed_ms=669607 event_kind="UserImeSetIntent"
2026-09-20T02:26:10.246341Z DEBUG awase_windows::runtime::key_pipeline: [shadow-toggle] no-op: vk=0xF2 action=TurnOn source=PhysicalImeKey effective_open は既に true → apply-ime 見送り
2026-09-20T02:26:10.246357Z DEBUG awase_windows::runtime::key_pipeline: [engine-input] vk=0xF2 KeyDown ts=669603741us delay=0ms state=Idle mods(c=false s=false a=false w=false) gas_ctrl=false phys_ctrl=false extra=0x5350494B pending_drain=0 gate_active=false l_thumb=None r_thumb=None [diag-ctx] ime_
2026-09-20T02:26:10.246404Z DEBUG awase::journal: key input seq=2020 elapsed_ms=669607 vk_code=242 is_down=true injected=false key_class="Passthrough" state_before="Idle" state_after="Idle" decision="PassThrough" physical="Allow" repeat_count=1 last_timestamp_us=669603741 last_elapsed_ms=0
2026-09-20T02:26:10.246437Z DEBUG awase_windows::runtime::key_pipeline: may_change_ime key passed through → IME refresh scheduled (20ms)
2026-09-20T02:26:10.246469Z DEBUG execute_from_hook: awase_windows::runtime::executor: [relay-passthrough] PassThrough idle: direct OS pass-through (vk=0xf2 down)
2026-09-20T02:26:10.246647Z DEBUG execute_one{generation=None}: awase_windows::runtime::executor: [reinject] vk=0xf2 down (queued passthrough now firing)
2026-09-20T02:26:10.250206Z DEBUG awase_windows::hook: [hook] IME-mode vk=0xF2 down self_injected=true injected=true scan=0x70 extra=0x4B45594D since_actuation_us=Some(426085)
2026-09-20T02:26:10.253858Z DEBUG awase::journal: hook ime-mode diagnostic seq=2021 elapsed_ms=669614 vk_code=242 is_down=true self_injected=true injected=true scan=112
2026-09-20T02:26:10.254145Z DEBUG awase::journal: ime event seq=2022 elapsed_ms=669614 event_kind="ObserverReported"
2026-09-20T02:26:10.254202Z  INFO awase_windows::runtime::key_pipeline: FocusProbe +0ms: ime_on=true mode=ObservedRomaji [ime=GoogleJapaneseInput sig1=false gji_io=390ms sig2=false]
2026-09-20T02:26:10.258479Z DEBUG awase_windows::tsf::gji_monitor: [gji-io] WRITE: w_ops=+2 w_KB=+0.0 (r_ops=+4 x_ops=+4 x_KB=+0.0)
2026-09-20T02:26:10.259741Z DEBUG awase::journal: ime event seq=2023 elapsed_ms=669620 event_kind="ObserverReported"
2026-09-20T02:26:10.259770Z DEBUG awase_windows::runtime::key_pipeline: [ImmCrossProbe] child-hwnd IME=true → High confidence 観測記録
2026-09-20T02:26:10.259807Z DEBUG awase_windows::observer::ime_observer: IME snapshot: japanese=Some(true) ime_on=Some(true) romaji=None conv=Some("0x00000010") guard=false
2026-09-20T02:26:10.259844Z DEBUG awase::journal: ime event seq=2024 elapsed_ms=669620 event_kind="InputModeObserved"
2026-09-20T02:26:10.278988Z DEBUG awase_windows::runtime::ime_refresh: Explicit intent: bypassing typing-idle guard for IME verify (idle=32ms)
2026-09-20T02:26:10.279017Z DEBUG awase_windows::observer::ime_observer: IME snapshot: japanese=Some(true) ime_on=Some(true) romaji=None conv=Some("0x00000010") guard=false
2026-09-20T02:26:10.279059Z DEBUG awase::journal: ime event seq=2025 elapsed_ms=669639 event_kind="ObserverReported"
2026-09-20T02:26:10.279093Z DEBUG awase::engine::engine: [diag-engine-active] ime_on=true なのに非活性: reason=Inactive(NotRomajiInput) romaji_capable=false japanese=true user_enabled=true was_active=true input_mode=ObservedEisu
2026-09-20T02:26:10.279122Z  INFO awase::engine::engine: Engine deactivated (ime=true, romaji=false, japanese=true, user=true, reason=Inactive(NotRomajiInput))
2026-09-20T02:26:10.935176Z DEBUG awase_windows::runtime::message_handlers: [drain] vk=0x4B KeyDown
2026-09-20T02:26:10.935205Z DEBUG awase_windows::runtime::message_handlers: [output-drain] replay vk=0x4B KeyDown event_ts=670291712us now=670292916us delta=1ms
2026-09-20T02:26:10.935344Z DEBUG awase_windows::runtime::key_pipeline: [engine-input] vk=0x4B KeyDown ts=670291712us delay=1ms state=Idle mods(c=false s=false a=false w=false) gas_ctrl=false phys_ctrl=false extra=0x5350494B pending_drain=0 gate_active=false l_thumb=None r_thumb=None [diag-ctx] ime_
2026-09-20T02:26:10.935409Z DEBUG awase::engine::engine: [diag-engine-active] ime_on=true なのに非活性: reason=Inactive(NotRomajiInput) romaji_capable=false japanese=true user_enabled=true was_active=false input_mode=ObservedEisu
2026-09-20T02:26:10.935526Z DEBUG awase::journal: key input seq=2026 elapsed_ms=670296 vk_code=75 is_down=true injected=false key_class="Char" state_before="Idle" state_after="Idle" decision="PassThrough" physical="Allow" repeat_count=1 last_timestamp_us=670291712 last_elapsed_ms=0
2026-09-20T02:26:10.935693Z DEBUG awase_windows::runtime::message_handlers: [output-drain] PassThrough → enqueue ReinjectKey vk=0x4B KeyDown (drain has no hook→OS path)
2026-09-20T02:26:10.935818Z DEBUG execute_one{generation=None}: awase_windows::runtime::executor: [reinject] vk=0x4b down (queued passthrough now firing)
2026-09-20T02:26:10.948910Z DEBUG awase_windows::tsf::gji_monitor: [gji-io] WRITE: w_ops=+2 w_KB=+0.4 (r_ops=+4 x_ops=+4 x_KB=+0.0)
2026-09-20T02:26:10.963501Z  INFO awase_windows::tsf::win_event_obs: [gji-obs] candidate SHOW #77: last_gji_write=15ms ago
2026-09-20T02:26:11.064582Z DEBUG awase_windows::runtime::key_pipeline: [engine-input] vk=0x4B KeyUp ts=670422011us delay=0ms state=Idle mods(c=false s=false a=false w=false) gas_ctrl=false phys_ctrl=false extra=0x5350494B pending_drain=0 gate_active=false l_thumb=None r_thumb=None [diag-ctx] ime_on
2026-09-20T02:26:11.064629Z DEBUG awase::engine::engine: [diag-engine-active] ime_on=true なのに非活性: reason=Inactive(NotRomajiInput) romaji_capable=false japanese=true user_enabled=true was_active=false input_mode=ObservedEisu
2026-09-20T02:26:11.064697Z DEBUG awase::journal: key input seq=2027 elapsed_ms=670425 vk_code=75 is_down=false injected=false key_class="Char" state_before="Idle" state_after="Idle" decision="PassThrough" physical="Allow" repeat_count=1 last_timestamp_us=670422011 last_elapsed_ms=0
2026-09-20T02:26:11.064894Z DEBUG execute_one{generation=None}: awase_windows::runtime::executor: [reinject] vk=0x4b up (queued passthrough now firing)
2026-09-20T02:26:11.068387Z DEBUG awase_windows::platform: [gji-fsm] StartComposition (candidate SHOW)
2026-09-20T02:26:11.068422Z DEBUG gji_on_event{event=StartComposition}: awase_windows::tsf::gji_fsm: [gji-fsm] StartComposition: OnWarm → OnComposing(AlreadyWarm)
2026-09-20T02:26:11.068789Z DEBUG awase::journal: gji fsm transition seq=2028 elapsed_ms=670429 trigger="StartComposition(candidate SHOW)" state_before="OnWarm" state_after="OnComposing(Warm)"
2026-09-20T02:26:11.543102Z DEBUG awase_windows::runtime::key_pipeline: [engine-input] vk=0x1B KeyDown ts=670900640us delay=0ms state=Idle mods(c=false s=false a=false w=false) gas_ctrl=false phys_ctrl=false extra=0x5350494B pending_drain=0 gate_active=false l_thumb=None r_thumb=None [diag-ctx] ime_
2026-09-20T02:26:11.543133Z DEBUG awase::engine::engine: [diag-engine-active] ime_on=true なのに非活性: reason=Inactive(NotRomajiInput) romaji_capable=false japanese=true user_enabled=true was_active=false input_mode=ObservedEisu
2026-09-20T02:26:11.543169Z DEBUG awase::journal: key input seq=2029 elapsed_ms=670903 vk_code=27 is_down=true injected=false key_class="Passthrough" state_before="Idle" state_after="Idle" decision="PassThrough" physical="Allow" repeat_count=1 last_timestamp_us=670900640 last_elapsed_ms=0
2026-09-20T02:26:11.543219Z DEBUG execute_from_hook: awase_windows::runtime::executor: [relay-passthrough] PassThrough idle: direct OS pass-through (vk=0x1b down)
2026-09-20T02:26:11.543397Z DEBUG execute_one{generation=None}: awase_windows::runtime::executor: [reinject] vk=0x1b down (queued passthrough now firing)
2026-09-20T02:26:11.548207Z DEBUG awase_windows::runtime::message_handlers: [drain] vk=0x1B KeyUp
2026-09-20T02:26:11.548224Z DEBUG awase_windows::runtime::message_handlers: [output-drain] replay vk=0x1B KeyUp event_ts=670901004us now=670905937us delta=4ms
2026-09-20T02:26:11.548307Z DEBUG awase_windows::runtime::key_pipeline: [engine-input] vk=0x1B KeyUp ts=670901004us delay=5ms state=Idle mods(c=false s=false a=false w=false) gas_ctrl=false phys_ctrl=false extra=0x5350494B pending_drain=0 gate_active=false l_thumb=None r_thumb=None [diag-ctx] ime_on
2026-09-20T02:26:11.548390Z DEBUG awase::engine::engine: [diag-engine-active] ime_on=true なのに非活性: reason=Inactive(NotRomajiInput) romaji_capable=false japanese=true user_enabled=true was_active=false input_mode=ObservedEisu
2026-09-20T02:26:11.548462Z DEBUG awase::journal: key input seq=2030 elapsed_ms=670909 vk_code=27 is_down=false injected=false key_class="Passthrough" state_before="Idle" state_after="Idle" decision="PassThrough" physical="Allow" repeat_count=1 last_timestamp_us=670901004 last_elapsed_ms=0
2026-09-20T02:26:11.548565Z DEBUG execute_from_hook: awase_windows::runtime::executor: [relay-passthrough] PassThrough idle: direct OS pass-through (vk=0x1b up)
2026-09-20T02:26:11.548597Z DEBUG awase_windows::runtime::message_handlers: [output-drain] PassThrough → enqueue ReinjectKey vk=0x1B KeyUp (drain has no hook→OS path)
2026-09-20T02:26:11.548816Z DEBUG execute_one{generation=None}: awase_windows::runtime::executor: [reinject] vk=0x1b up (queued passthrough now firing)
2026-09-20T02:26:11.559655Z DEBUG awase_windows::tsf::gji_monitor: [gji-io] WRITE: w_ops=+2 w_KB=+0.4 (r_ops=+4 x_ops=+4 x_KB=+0.0)
2026-09-20T02:26:11.564208Z  INFO awase_windows::tsf::win_event_obs: [gji-obs] candidate HIDE: last_gji_write=0ms ago
2026-09-20T02:26:13.381661Z DEBUG awase_windows::runtime::key_pipeline: [shadow-toggle] vk=0x1DはFSM delegate所有 → belief書き込み/actuationをスキップ w_ops0=119898 x_ops0=265857 x_KB0=25.1
2026-09-20T02:26:13.381718Z DEBUG awase_windows::runtime::key_pipeline: [shadow-toggle] no-op: vk=0x1D action=Toggle source=PhysicalImeKey effective_open は既に true → apply-ime 見送り
2026-09-20T02:26:13.381851Z DEBUG awase_windows::runtime::key_pipeline: [engine-input] vk=0x1D KeyDown ts=672738959us delay=0ms state=Idle mods(c=false s=false a=false w=false) gas_ctrl=false phys_ctrl=false extra=0x5350494B pending_drain=0 gate_active=false l_thumb=Some(672738780) r_thumb=None [dia
2026-09-20T02:26:13.381930Z DEBUG awase::engine::engine: [diag-engine-active] ime_on=true なのに非活性: reason=Inactive(NotRomajiInput) romaji_capable=false japanese=true user_enabled=true was_active=false input_mode=ObservedEisu
2026-09-20T02:26:13.382078Z DEBUG awase::journal: key input seq=2031 elapsed_ms=672742 vk_code=29 is_down=true injected=false key_class="LeftThumb" state_before="Idle" state_after="Idle" decision="PassThrough" physical="Allow" repeat_count=1 last_timestamp_us=672738959 last_elapsed_ms=0
2026-09-20T02:26:13.382743Z DEBUG execute_one{generation=None}: awase_windows::runtime::executor: [reinject] vk=0x1d down (queued passthrough now firing)
2026-09-20T02:26:13.389149Z DEBUG awase_windows::platform: [gji-fsm] EndComposition (candidate HIDE) epoch=FocusEpoch(77)
2026-09-20T02:26:13.389215Z DEBUG awase::journal: gji fsm transition seq=2032 elapsed_ms=672750 trigger="EndComposition(candidate HIDE, epoch=FocusEpoch(77))" state_before="OnComposing(Warm)" state_after="OnWarm"
2026-09-20T02:26:13.443097Z DEBUG awase_windows::runtime::key_pipeline: [engine-input] vk=0x1D KeyUp ts=672800360us delay=0ms state=Idle mods(c=false s=false a=false w=false) gas_ctrl=false phys_ctrl=false extra=0x5350494B pending_drain=0 gate_active=false l_thumb=None r_thumb=None [diag-ctx] ime_on
2026-09-20T02:26:13.443171Z DEBUG awase::engine::engine: [diag-engine-active] ime_on=true なのに非活性: reason=Inactive(NotRomajiInput) romaji_capable=false japanese=true user_enabled=true was_active=false input_mode=ObservedEisu
2026-09-20T02:26:13.443319Z DEBUG awase::journal: key input seq=2033 elapsed_ms=672804 vk_code=29 is_down=false injected=false key_class="LeftThumb" state_before="Idle" state_after="Idle" decision="PassThrough" physical="Allow" repeat_count=1 last_timestamp_us=672800360 last_elapsed_ms=0
2026-09-20T02:26:13.444216Z DEBUG execute_one{generation=None}: awase_windows::runtime::executor: [reinject] vk=0x1d up (queued passthrough now firing)
2026-09-20T02:26:14.059545Z DEBUG awase_windows::runtime::key_pipeline: [engine-input] vk=0x4B KeyDown ts=673416861us delay=0ms state=Idle mods(c=false s=false a=false w=false) gas_ctrl=false phys_ctrl=false extra=0x5350494B pending_drain=0 gate_active=false l_thumb=None r_thumb=None [diag-ctx] ime_
2026-09-20T02:26:14.059593Z DEBUG awase::engine::engine: [diag-engine-active] ime_on=true なのに非活性: reason=Inactive(NotRomajiInput) romaji_capable=false japanese=true user_enabled=true was_active=false input_mode=ObservedEisu
2026-09-20T02:26:14.059659Z DEBUG awase::journal: key input seq=2034 elapsed_ms=673420 vk_code=75 is_down=true injected=false key_class="Char" state_before="Idle" state_after="Idle" decision="PassThrough" physical="Allow" repeat_count=1 last_timestamp_us=673416861 last_elapsed_ms=0
2026-09-20T02:26:14.059790Z DEBUG execute_one{generation=None}: awase_windows::runtime::executor: [reinject] vk=0x4b down (queued passthrough now firing)
2026-09-20T02:26:14.070373Z DEBUG awase_windows::tsf::gji_monitor: [gji-io] WRITE: w_ops=+2 w_KB=+0.4 (r_ops=+4 x_ops=+4 x_KB=+0.0)
2026-09-20T02:26:14.077668Z  INFO awase_windows::tsf::win_event_obs: [gji-obs] candidate SHOW #78: last_gji_write=0ms ago
2026-09-20T02:26:14.128410Z DEBUG awase_windows::runtime::key_pipeline: [engine-input] vk=0x4B KeyUp ts=673485948us delay=0ms state=Idle mods(c=false s=false a=false w=false) gas_ctrl=false phys_ctrl=false extra=0x5350494B pending_drain=0 gate_active=false l_thumb=None r_thumb=None [diag-ctx] ime_on
2026-09-20T02:26:14.128440Z DEBUG awase::engine::engine: [diag-engine-active] ime_on=true なのに非活性: reason=Inactive(NotRomajiInput) romaji_capable=false japanese=true user_enabled=true was_active=false input_mode=ObservedEisu
2026-09-20T02:26:14.128510Z DEBUG awase::journal: key input seq=2035 elapsed_ms=673489 vk_code=75 is_down=false injected=false key_class="Char" state_before="Idle" state_after="Idle" decision="PassThrough" physical="Allow" repeat_count=1 last_timestamp_us=673485948 last_elapsed_ms=0
2026-09-20T02:26:14.128588Z DEBUG execute_one{generation=None}: awase_windows::runtime::executor: [reinject] vk=0x4b up (queued passthrough now firing)
2026-09-20T02:26:14.132670Z DEBUG awase_windows::platform: [gji-fsm] StartComposition (candidate SHOW)
2026-09-20T02:26:14.132692Z DEBUG gji_on_event{event=StartComposition}: awase_windows::tsf::gji_fsm: [gji-fsm] StartComposition: OnWarm → OnComposing(AlreadyWarm)
2026-09-20T02:26:14.132969Z DEBUG awase::journal: gji fsm transition seq=2036 elapsed_ms=673493 trigger="StartComposition(candidate SHOW)" state_before="OnWarm" state_after="OnComposing(Warm)"
2026-09-20T02:26:14.570897Z DEBUG awase_windows::runtime::key_pipeline: [engine-input] vk=0x1B KeyDown ts=673928388us delay=0ms state=Idle mods(c=false s=false a=false w=false) gas_ctrl=false phys_ctrl=false extra=0x5350494B pending_drain=0 gate_active=false l_thumb=None r_thumb=None [diag-ctx] ime_
2026-09-20T02:26:14.570948Z DEBUG awase::engine::engine: [diag-engine-active] ime_on=true なのに非活性: reason=Inactive(NotRomajiInput) romaji_capable=false japanese=true user_enabled=true was_active=false input_mode=ObservedEisu
2026-09-20T02:26:14.571014Z DEBUG awase::journal: key input seq=2037 elapsed_ms=673931 vk_code=27 is_down=true injected=false key_class="Passthrough" state_before="Idle" state_after="Idle" decision="PassThrough" physical="Allow" repeat_count=1 last_timestamp_us=673928388 last_elapsed_ms=0
2026-09-20T02:26:14.571106Z DEBUG execute_from_hook: awase_windows::runtime::executor: [relay-passthrough] PassThrough idle: direct OS pass-through (vk=0x1b down)
2026-09-20T02:26:14.571175Z DEBUG execute_one{generation=None}: awase_windows::runtime::executor: [reinject] vk=0x1b down (queued passthrough now firing)
2026-09-20T02:26:14.578944Z  INFO awase_windows::tsf::win_event_obs: [gji-obs] candidate HIDE: last_gji_write=500ms ago
2026-09-20T02:26:14.583136Z DEBUG awase_windows::tsf::gji_monitor: [gji-io] WRITE: w_ops=+2 w_KB=+0.4 (r_ops=+4 x_ops=+4 x_KB=+0.0)
2026-09-20T02:26:14.634428Z DEBUG awase_windows::runtime::key_pipeline: [engine-input] vk=0x1B KeyUp ts=673991787us delay=0ms state=Idle mods(c=false s=false a=false w=false) gas_ctrl=false phys_ctrl=false extra=0x5350494B pending_drain=0 gate_active=false l_thumb=None r_thumb=None [diag-ctx] ime_on
2026-09-20T02:26:14.634457Z DEBUG awase::engine::engine: [diag-engine-active] ime_on=true なのに非活性: reason=Inactive(NotRomajiInput) romaji_capable=false japanese=true user_enabled=true was_active=false input_mode=ObservedEisu
2026-09-20T02:26:14.634495Z DEBUG awase::journal: key input seq=2038 elapsed_ms=673995 vk_code=27 is_down=false injected=false key_class="Passthrough" state_before="Idle" state_after="Idle" decision="PassThrough" physical="Allow" repeat_count=1 last_timestamp_us=673991787 last_elapsed_ms=0
2026-09-20T02:26:14.634573Z DEBUG execute_from_hook: awase_windows::runtime::executor: [relay-passthrough] PassThrough idle: direct OS pass-through (vk=0x1b up)
2026-09-20T02:26:14.634749Z DEBUG execute_one{generation=None}: awase_windows::runtime::executor: [reinject] vk=0x1b up (queued passthrough now firing)
2026-09-20T02:26:14.638967Z DEBUG awase_windows::platform: [gji-fsm] EndComposition (candidate HIDE) epoch=FocusEpoch(78)
2026-09-20T02:26:14.639237Z DEBUG awase::journal: gji fsm transition seq=2039 elapsed_ms=673999 trigger="EndComposition(candidate HIDE, epoch=FocusEpoch(78))" state_before="OnComposing(Warm)" state_after="OnWarm"
2026-09-20T02:26:16.509655Z DEBUG awase_windows::runtime::key_pipeline: [shadow-toggle] vk=0x1CはFSM delegate所有 → belief書き込み/actuationをスキップ w_ops0=119902 x_ops0=265865 x_KB0=25.1
2026-09-20T02:26:16.509688Z DEBUG awase_windows::runtime::key_pipeline: [shadow-toggle] no-op: vk=0x1C action=Toggle source=PhysicalImeKey effective_open は既に true → apply-ime 見送り
2026-09-20T02:26:16.509718Z DEBUG awase_windows::runtime::key_pipeline: [engine-input] vk=0x1C KeyDown ts=675867092us delay=0ms state=Idle mods(c=false s=false a=false w=false) gas_ctrl=false phys_ctrl=false extra=0x5350494B pending_drain=0 gate_active=false l_thumb=None r_thumb=Some(675866982) [dia
2026-09-20T02:26:16.509750Z DEBUG awase::engine::engine: [diag-engine-active] ime_on=true なのに非活性: reason=Inactive(NotRomajiInput) romaji_capable=false japanese=true user_enabled=true was_active=false input_mode=ObservedEisu
2026-09-20T02:26:16.509813Z DEBUG awase::journal: key input seq=2040 elapsed_ms=675870 vk_code=28 is_down=true injected=false key_class="RightThumb" state_before="Idle" state_after="Idle" decision="PassThrough" physical="Allow" repeat_count=1 last_timestamp_us=675867092 last_elapsed_ms=0
2026-09-20T02:26:16.509936Z DEBUG execute_one{generation=None}: awase_windows::runtime::executor: [reinject] vk=0x1c down (queued passthrough now firing)
2026-09-20T02:26:16.527163Z DEBUG awase_windows::tsf::gji_monitor: [gji-io] WRITE: w_ops=+2 w_KB=+0.0 (r_ops=+4 x_ops=+4 x_KB=+0.0)
2026-09-20T02:26:16.577747Z DEBUG awase_windows::runtime::key_pipeline: [engine-input] vk=0x1C KeyUp ts=675935223us delay=0ms state=Idle mods(c=false s=false a=false w=false) gas_ctrl=false phys_ctrl=false extra=0x5350494B pending_drain=0 gate_active=false l_thumb=None r_thumb=None [diag-ctx] ime_on
2026-09-20T02:26:16.577796Z DEBUG awase::engine::engine: [diag-engine-active] ime_on=true なのに非活性: reason=Inactive(NotRomajiInput) romaji_capable=false japanese=true user_enabled=true was_active=false input_mode=ObservedEisu
2026-09-20T02:26:16.577923Z DEBUG awase::journal: key input seq=2041 elapsed_ms=675938 vk_code=28 is_down=false injected=false key_class="RightThumb" state_before="Idle" state_after="Idle" decision="PassThrough" physical="Allow" repeat_count=1 last_timestamp_us=675935223 last_elapsed_ms=0
2026-09-20T02:26:16.578097Z DEBUG execute_one{generation=None}: awase_windows::runtime::executor: [reinject] vk=0x1c up (queued passthrough now firing)
2026-09-20T02:26:19.081157Z DEBUG awase_windows::runtime::key_pipeline: [shadow-toggle] vk=0x1DはFSM delegate所有 → belief書き込み/actuationをスキップ w_ops0=119904 x_ops0=265869 x_KB0=25.1
2026-09-20T02:26:19.081203Z DEBUG awase_windows::runtime::key_pipeline: [shadow-toggle] no-op: vk=0x1D action=Toggle source=PhysicalImeKey effective_open は既に true → apply-ime 見送り
2026-09-20T02:26:19.081245Z DEBUG awase_windows::runtime::key_pipeline: [engine-input] vk=0x1D KeyDown ts=678438559us delay=0ms state=Idle mods(c=false s=false a=false w=false) gas_ctrl=false phys_ctrl=false extra=0x5350494B pending_drain=0 gate_active=false l_thumb=Some(678438164) r_thumb=None [dia
2026-09-20T02:26:19.081294Z DEBUG awase::engine::engine: [diag-engine-active] ime_on=true なのに非活性: reason=Inactive(NotRomajiInput) romaji_capable=false japanese=true user_enabled=true was_active=false input_mode=ObservedEisu
2026-09-20T02:26:19.081380Z DEBUG awase::journal: key input seq=2042 elapsed_ms=678442 vk_code=29 is_down=true injected=false key_class="LeftThumb" state_before="Idle" state_after="Idle" decision="PassThrough" physical="Allow" repeat_count=1 last_timestamp_us=678438559 last_elapsed_ms=0
2026-09-20T02:26:19.081555Z DEBUG execute_one{generation=None}: awase_windows::runtime::executor: [reinject] vk=0x1d down (queued passthrough now firing)
2026-09-20T02:26:19.103765Z DEBUG awase_windows::tsf::gji_monitor: [gji-io] WRITE: w_ops=+2 w_KB=+0.0 (r_ops=+4 x_ops=+4 x_KB=+0.0)
2026-09-20T02:26:19.140132Z DEBUG awase_windows::runtime::key_pipeline: [engine-input] vk=0x1D KeyUp ts=678497524us delay=0ms state=Idle mods(c=false s=false a=false w=false) gas_ctrl=false phys_ctrl=false extra=0x5350494B pending_drain=0 gate_active=false l_thumb=None r_thumb=None [diag-ctx] ime_on
2026-09-20T02:26:19.140189Z DEBUG awase::engine::engine: [diag-engine-active] ime_on=true なのに非活性: reason=Inactive(NotRomajiInput) romaji_capable=false japanese=true user_enabled=true was_active=false input_mode=ObservedEisu
2026-09-20T02:26:19.140272Z DEBUG awase::journal: key input seq=2043 elapsed_ms=678501 vk_code=29 is_down=false injected=false key_class="LeftThumb" state_before="Idle" state_after="Idle" decision="PassThrough" physical="Allow" repeat_count=1 last_timestamp_us=678497524 last_elapsed_ms=0
2026-09-20T02:26:19.140437Z DEBUG execute_one{generation=None}: awase_windows::runtime::executor: [reinject] vk=0x1d up (queued passthrough now firing)
2026-09-20T02:26:19.767347Z DEBUG awase_windows::runtime::key_pipeline: [engine-input] vk=0x4B KeyDown ts=679124370us delay=0ms state=Idle mods(c=false s=false a=false w=false) gas_ctrl=false phys_ctrl=false extra=0x5350494B pending_drain=0 gate_active=false l_thumb=None r_thumb=None [diag-ctx] ime_
2026-09-20T02:26:19.767438Z DEBUG awase::engine::engine: [diag-engine-active] ime_on=true なのに非活性: reason=Inactive(NotRomajiInput) romaji_capable=false japanese=true user_enabled=true was_active=false input_mode=ObservedEisu
2026-09-20T02:26:19.767584Z DEBUG awase::journal: key input seq=2044 elapsed_ms=679128 vk_code=75 is_down=true injected=false key_class="Char" state_before="Idle" state_after="Idle" decision="PassThrough" physical="Allow" repeat_count=1 last_timestamp_us=679124370 last_elapsed_ms=0
2026-09-20T02:26:19.767779Z DEBUG execute_one{generation=None}: awase_windows::runtime::executor: [reinject] vk=0x4b down (queued passthrough now firing)
2026-09-20T02:26:19.777849Z DEBUG awase_windows::tsf::gji_monitor: [gji-io] WRITE: w_ops=+2 w_KB=+0.4 (r_ops=+4 x_ops=+4 x_KB=+0.0)
2026-09-20T02:26:19.790519Z  INFO awase_windows::tsf::win_event_obs: [gji-obs] candidate SHOW #79: last_gji_write=15ms ago
2026-09-20T02:26:19.895699Z DEBUG awase_windows::runtime::key_pipeline: [engine-input] vk=0x4B KeyUp ts=679253061us delay=0ms state=Idle mods(c=false s=false a=false w=false) gas_ctrl=false phys_ctrl=false extra=0x5350494B pending_drain=0 gate_active=false l_thumb=None r_thumb=None [diag-ctx] ime_on
2026-09-20T02:26:19.895773Z DEBUG awase::engine::engine: [diag-engine-active] ime_on=true なのに非活性: reason=Inactive(NotRomajiInput) romaji_capable=false japanese=true user_enabled=true was_active=false input_mode=ObservedEisu
2026-09-20T02:26:19.895886Z DEBUG awase::journal: key input seq=2045 elapsed_ms=679256 vk_code=75 is_down=false injected=false key_class="Char" state_before="Idle" state_after="Idle" decision="PassThrough" physical="Allow" repeat_count=1 last_timestamp_us=679253061 last_elapsed_ms=0
2026-09-20T02:26:19.896115Z DEBUG execute_one{generation=None}: awase_windows::runtime::executor: [reinject] vk=0x4b up (queued passthrough now firing)
2026-09-20T02:26:19.900932Z DEBUG awase_windows::platform: [gji-fsm] StartComposition (candidate SHOW)
2026-09-20T02:26:19.901012Z DEBUG gji_on_event{event=StartComposition}: awase_windows::tsf::gji_fsm: [gji-fsm] StartComposition: OnWarm → OnComposing(AlreadyWarm)
2026-09-20T02:26:19.901601Z DEBUG awase::journal: gji fsm transition seq=2046 elapsed_ms=679262 trigger="StartComposition(candidate SHOW)" state_before="OnWarm" state_after="OnComposing(Warm)"
2026-09-20T02:26:20.270027Z DEBUG awase_windows::runtime::key_pipeline: [engine-input] vk=0x1B KeyDown ts=679627473us delay=0ms state=Idle mods(c=false s=false a=false w=false) gas_ctrl=false phys_ctrl=false extra=0x5350494B pending_drain=0 gate_active=false l_thumb=None r_thumb=None [diag-ctx] ime_
2026-09-20T02:26:20.270097Z DEBUG awase::engine::engine: [diag-engine-active] ime_on=true なのに非活性: reason=Inactive(NotRomajiInput) romaji_capable=false japanese=true user_enabled=true was_active=false input_mode=ObservedEisu
2026-09-20T02:26:20.270163Z DEBUG awase::journal: key input seq=2047 elapsed_ms=679631 vk_code=27 is_down=true injected=false key_class="Passthrough" state_before="Idle" state_after="Idle" decision="PassThrough" physical="Allow" repeat_count=1 last_timestamp_us=679627473 last_elapsed_ms=0
2026-09-20T02:26:20.270256Z DEBUG execute_from_hook: awase_windows::runtime::executor: [relay-passthrough] PassThrough idle: direct OS pass-through (vk=0x1b down)
2026-09-20T02:26:20.270328Z DEBUG execute_one{generation=None}: awase_windows::runtime::executor: [reinject] vk=0x1b down (queued passthrough now firing)
2026-09-20T02:26:20.276534Z  INFO awase_windows::tsf::win_event_obs: [gji-obs] candidate HIDE: last_gji_write=500ms ago
2026-09-20T02:26:20.280251Z DEBUG awase_windows::tsf::gji_monitor: [gji-io] WRITE: w_ops=+2 w_KB=+0.4 (r_ops=+4 x_ops=+4 x_KB=+0.0)
2026-09-20T02:26:20.331703Z DEBUG awase_windows::runtime::key_pipeline: [engine-input] vk=0x1B KeyUp ts=679689063us delay=0ms state=Idle mods(c=false s=false a=false w=false) gas_ctrl=false phys_ctrl=false extra=0x5350494B pending_drain=0 gate_active=false l_thumb=None r_thumb=None [diag-ctx] ime_on
2026-09-20T02:26:20.331754Z DEBUG awase::engine::engine: [diag-engine-active] ime_on=true なのに非活性: reason=Inactive(NotRomajiInput) romaji_capable=false japanese=true user_enabled=true was_active=false input_mode=ObservedEisu
2026-09-20T02:26:20.331827Z DEBUG awase::journal: key input seq=2048 elapsed_ms=679692 vk_code=27 is_down=false injected=false key_class="Passthrough" state_before="Idle" state_after="Idle" decision="PassThrough" physical="Allow" repeat_count=1 last_timestamp_us=679689063 last_elapsed_ms=0
2026-09-20T02:26:20.331924Z DEBUG execute_from_hook: awase_windows::runtime::executor: [relay-passthrough] PassThrough idle: direct OS pass-through (vk=0x1b up)
2026-09-20T02:26:20.331995Z DEBUG execute_one{generation=None}: awase_windows::runtime::executor: [reinject] vk=0x1b up (queued passthrough now firing)
2026-09-20T02:26:20.334725Z DEBUG awase_windows::platform: [gji-fsm] EndComposition (candidate HIDE) epoch=FocusEpoch(79)
2026-09-20T02:26:20.334963Z DEBUG awase::journal: gji fsm transition seq=2049 elapsed_ms=679695 trigger="EndComposition(candidate HIDE, epoch=FocusEpoch(79))" state_before="OnComposing(Warm)" state_after="OnWarm"
2026-09-20T02:26:22.264197Z DEBUG awase_windows::hook: [hook] IME-mode vk=0xF0 up self_injected=false injected=false scan=0x70 extra=0x5350494B since_actuation_us=Some(12440063)
2026-09-20T02:26:22.264606Z DEBUG awase::journal: hook ime-mode diagnostic seq=2050 elapsed_ms=681625 vk_code=240 is_down=false self_injected=false injected=false scan=112
2026-09-20T02:26:22.265098Z DEBUG awase_windows::hook: [hook] IME-mode vk=0xF2 down self_injected=false injected=false scan=0x70 extra=0x5350494B since_actuation_us=Some(12440976)
2026-09-20T02:26:22.265127Z DEBUG awase_windows::runtime::key_pipeline: [engine-input] vk=0xF0 KeyUp ts=681622357us delay=0ms state=Idle mods(c=false s=false a=false w=false) gas_ctrl=false phys_ctrl=false extra=0x5350494B pending_drain=0 gate_active=false l_thumb=None r_thumb=None [diag-ctx] ime_on
2026-09-20T02:26:22.265195Z DEBUG awase::engine::engine: [diag-engine-active] ime_on=true なのに非活性: reason=Inactive(NotRomajiInput) romaji_capable=false japanese=true user_enabled=true was_active=false input_mode=ObservedEisu
2026-09-20T02:26:22.265442Z DEBUG awase::journal: key input seq=2051 elapsed_ms=681626 vk_code=240 is_down=false injected=false key_class="Passthrough" state_before="Idle" state_after="Idle" decision="PassThrough" physical="Suppress" repeat_count=1 last_timestamp_us=681622357 last_elapsed_ms=0
2026-09-20T02:26:22.265537Z DEBUG awase_windows::runtime::key_pipeline: [imm-cross] key suppress vk=0xf0 KeyUp (physical disposition)
2026-09-20T02:26:22.265652Z DEBUG awase::journal: hook ime-mode diagnostic seq=2052 elapsed_ms=681626 vk_code=242 is_down=true self_injected=false injected=false scan=112
2026-09-20T02:26:22.265841Z  INFO awase_windows::runtime::key_pipeline: [shadow-toggle] intent 昇格: vk=0xF2 scan=0x70 action=TurnOn kind=PhysicalImeKey injected=false true→true w_ops0=119910 x_ops0=265881 x_KB0=25.1
2026-09-20T02:26:22.265916Z DEBUG awase::journal: ime event seq=2053 elapsed_ms=681626 event_kind="UserImeSetIntent"
2026-09-20T02:26:22.265960Z DEBUG awase_windows::runtime::key_pipeline: [shadow-toggle] no-op: vk=0xF2 action=TurnOn source=PhysicalImeKey effective_open は既に true → apply-ime 見送り
2026-09-20T02:26:22.266014Z DEBUG awase::journal: ime event seq=2054 elapsed_ms=681626 event_kind="InputModeApplied"
2026-09-20T02:26:22.266041Z  INFO awase_windows::runtime::key_pipeline: [shadow-toggle] TurnOn (IME既にopen) + ObservedEisu → AssumedRomaji に リセット (UserTurnOnEisuReset)
2026-09-20T02:26:22.266079Z DEBUG awase_windows::runtime::key_pipeline: [engine-input] vk=0xF2 KeyDown ts=681622907us delay=0ms state=Idle mods(c=false s=false a=false w=false) gas_ctrl=false phys_ctrl=false extra=0x5350494B pending_drain=0 gate_active=false l_thumb=None r_thumb=None [diag-ctx] ime_
2026-09-20T02:26:22.266243Z  INFO awase::engine::engine: Engine activated (ime=true, romaji=true, japanese=true, user=true, reason=Active)
2026-09-20T02:26:22.266451Z DEBUG awase::journal: key input seq=2055 elapsed_ms=681627 vk_code=242 is_down=true injected=false key_class="Passthrough" state_before="Idle" state_after="Idle" decision="PassThroughWith" physical="Allow" repeat_count=1 last_timestamp_us=681622907 last_elapsed_ms=0
2026-09-20T02:26:22.266905Z DEBUG awase::journal: ime event seq=2056 elapsed_ms=681627 event_kind="EngineActivationSync"
2026-09-20T02:26:22.266975Z DEBUG awase::journal: ime event seq=2057 elapsed_ms=681627 event_kind="ImeApplyRequested"
2026-09-20T02:26:22.267003Z  INFO awase_windows::runtime::key_pipeline: IME control: preconditions.ime_on = true (SetOpenRequest, origin=ActivationSync), was_open_before=true last_intent_before=Some(true) poll suspended
2026-09-20T02:26:22.267104Z DEBUG awase_windows::runtime::key_pipeline: may_change_ime key passed through → IME refresh scheduled (20ms)
2026-09-20T02:26:22.267173Z DEBUG execute_from_hook: awase_windows::runtime::executor: [relay-flush] PassThroughWith: queue 2 effect(s) + reinject (vk=0xf2 down)
2026-09-20T02:26:22.267476Z DEBUG execute_one{generation=Some(ApplyGeneration(51))}:dispatch_ime_set_open{open=true generation=Some(ApplyGeneration(51))}: awase_windows::runtime::executor: [dispatch-ime] ImmCross async: optimistic applied_snapshot=true (suppress send_engine_state_ime_key)
2026-09-20T02:26:22.269940Z DEBUG execute_one{generation=Some(ApplyGeneration(51))}: awase_windows::platform: [engine-state-key] skipped (apply_ime_open aligned ime=true, profile=Standard)
2026-09-20T02:26:22.270122Z DEBUG execute_one{generation=Some(ApplyGeneration(51))}: awase_windows::runtime::executor: [reinject] vk=0xf2 down (queued passthrough now firing)
2026-09-20T02:26:22.273466Z DEBUG awase_windows::hook: [hook] IME-mode vk=0xF0 up self_injected=true injected=false scan=0x70 extra=0x4B45594D since_actuation_us=Some(12449337)
2026-09-20T02:26:22.283506Z DEBUG awase_windows::hook: [hook] IME-mode vk=0xF2 down self_injected=true injected=true scan=0x70 extra=0x4B45594D since_actuation_us=Some(12459370)
2026-09-20T02:26:22.285801Z DEBUG awase::journal: hook ime-mode diagnostic seq=2058 elapsed_ms=681646 vk_code=240 is_down=false self_injected=true injected=false scan=112
2026-09-20T02:26:22.285895Z DEBUG awase::journal: hook ime-mode diagnostic seq=2059 elapsed_ms=681646 vk_code=242 is_down=true self_injected=true injected=true scan=112
2026-09-20T02:26:22.286481Z DEBUG run_open_chain_async: awase_windows::ime_controller: [warrant-shadow] chain=async open=true origin=EventOrigin { source: SelfActuated { strategy: "engine_decision_async" }, epoch: Generation(0) } warranted
2026-09-20T02:26:22.286621Z  INFO run_open_chain_async:imm_cross_write{open=true}: awase_windows::runtime::open_chain: [apply-ime] ImmCross async: open=true composition_active=false show_seq=0 change_seq=0 (issue #138診断)
2026-09-20T02:26:22.289142Z DEBUG awase_windows::tsf::gji_monitor: [gji-io] WRITE: w_ops=+2 w_KB=+0.0 (r_ops=+4 x_ops=+4 x_KB=+0.0)
2026-09-20T02:26:22.303998Z DEBUG awase_windows::shadow_send_trace: [shadow-send] channel=ImeControl cmd=0x0006 lparam=1 issue_us=681651423
2026-09-20T02:26:22.304029Z DEBUG awase_windows::ime: set_ime_open_for_target: hwnd=HWND(0x1612a74) ime_wnd=HWND(0x740654) open=true success=true send_elapsed=10ms candidate_visible=false
2026-09-20T02:26:22.310549Z DEBUG run_open_chain_async:imm_cross_write{open=true}: awase_windows::ime: [imm-cross-actuate] hwnd=HWND(0x1612a74) open=Written conv=Some(Written)
2026-09-20T02:26:22.310649Z DEBUG run_open_chain_async:imm_cross_write{open=true}: awase_windows::runtime::open_chain: [apply-ime] ROMAN 補完結果: Written
2026-09-20T02:26:22.310747Z DEBUG run_open_chain_async: awase::journal: actuation decision seq=2060 elapsed_ms=681671 site="DispatchImeSetOpen" caller="None" open=true chain_len=4 attempts_len=1 gate_profile="Standard" gate_kind="Gji" gate_shadow_known=true gate_shadow_on=true gate_input_mode="Assum
2026-09-20T02:26:22.312688Z DEBUG on_ime_apply_complete{open=true outcome=AppliedWithoutSendInput generation=Some(ApplyGeneration(51)) reason=EngineDecision}: awase::journal: ime open applied seq=2061 elapsed_ms=681673 open=true outcome="AppliedWithoutSendInput" reason="EngineDecision"
2026-09-20T02:26:22.312908Z DEBUG on_ime_apply_complete{open=true outcome=AppliedWithoutSendInput generation=Some(ApplyGeneration(51)) reason=EngineDecision}: awase::journal: ime event seq=2062 elapsed_ms=681673 event_kind="ImeApplySucceeded"
2026-09-20T02:26:22.312956Z DEBUG on_ime_apply_complete{open=true outcome=AppliedWithoutSendInput generation=Some(ApplyGeneration(51)) reason=EngineDecision}: awase_windows::tsf::ime_mode_fsm: [ime-mode] SetOpen(true) applied → Hiragana (belief, unconfirmed)
2026-09-20T02:26:22.313002Z DEBUG on_ime_apply_complete{open=true outcome=AppliedWithoutSendInput generation=Some(ApplyGeneration(51)) reason=EngineDecision}: awase_windows::platform: [composition] ImeEffect::SetOpen(true) → marking cold
2026-09-20T02:26:22.313050Z DEBUG on_ime_apply_complete{open=true outcome=AppliedWithoutSendInput generation=Some(ApplyGeneration(51)) reason=EngineDecision}: awase_windows::tsf::probe: [composition] marked cold reason=SetOpenTrue idle=42813ms → next VK/TSF output will send VK_DBE_HIRAGANA warmup
2026-09-20T02:26:22.313134Z DEBUG on_ime_apply_complete{open=true outcome=AppliedWithoutSendInput generation=Some(ApplyGeneration(51)) reason=EngineDecision}:gji_on_event{event=ImeOn { injection_mode: Unicode, gji_idle_ms: 16 }}: awase_windows::tsf::gji_fsm: [gji-fsm] ImeOn: already on (OnWarm), ign
2026-09-20T02:26:22.314131Z DEBUG awase::journal: gji fsm transition seq=2063 elapsed_ms=681674 trigger="ImeOn(gji_idle_ms=16)" state_before="OnWarm" state_after="OnWarm"
2026-09-20T02:26:22.315315Z DEBUG awase_windows::runtime::ime_refresh: Explicit intent: bypassing typing-idle guard for IME verify (idle=47ms)
2026-09-20T02:26:22.315395Z DEBUG awase_windows::observer::ime_observer: IME snapshot: japanese=Some(true) ime_on=Some(true) romaji=Some(true) conv=Some("0x00000019") guard=false
2026-09-20T02:26:22.315533Z DEBUG awase::journal: ime event seq=2064 elapsed_ms=681676 event_kind="ObserverReported"
2026-09-20T02:26:22.315589Z DEBUG awase::journal: ime event seq=2065 elapsed_ms=681676 event_kind="InputModeObserved"
2026-09-20T02:26:22.344701Z DEBUG awase_windows::runtime::ime_refresh: Explicit intent: bypassing typing-idle guard for IME verify (idle=78ms)
2026-09-20T02:26:22.344784Z DEBUG awase_windows::observer::ime_observer: IME snapshot: japanese=Some(true) ime_on=Some(true) romaji=Some(true) conv=Some("0x00000019") guard=false
2026-09-20T02:26:22.344934Z DEBUG awase::journal: ime event seq=2066 elapsed_ms=681705 event_kind="ObserverReported"
2026-09-20T02:26:22.344996Z DEBUG awase::journal: ime event seq=2067 elapsed_ms=681705 event_kind="InputModeObserved"
2026-09-20T02:26:22.952390Z DEBUG awase_windows::runtime::key_pipeline: [engine-input] vk=0x4B KeyDown ts=682309679us delay=0ms state=Idle mods(c=false s=false a=false w=false) gas_ctrl=false phys_ctrl=false extra=0x5350494B pending_drain=0 gate_active=false l_thumb=None r_thumb=None [diag-ctx] ime_
2026-09-20T02:26:22.952620Z DEBUG awase::journal: key input seq=2068 elapsed_ms=682313 vk_code=75 is_down=true injected=false key_class="Char" state_before="Idle" state_after="PendingChar(vk=0x4B)" decision="Consume" physical="Allow" repeat_count=1 last_timestamp_us=682309679 last_elapsed_ms=0
2026-09-20T02:26:23.031648Z DEBUG awase_windows::runtime::key_pipeline: [engine-input] vk=0x4B KeyUp ts=682388578us delay=0ms state=PendingChar(vk=0x4B) mods(c=false s=false a=false w=false) gas_ctrl=false phys_ctrl=false extra=0x5350494B pending_drain=0 gate_active=false l_thumb=None r_thumb=None [
2026-09-20T02:26:23.031842Z DEBUG awase::journal: key input seq=2069 elapsed_ms=682392 vk_code=75 is_down=false injected=false key_class="Char" state_before="PendingChar(vk=0x4B)" state_after="Idle" decision="Consume" physical="Allow" repeat_count=1 last_timestamp_us=682388578 last_elapsed_ms=0
2026-09-20T02:26:23.032802Z DEBUG execute_one{generation=None}: awase_windows::output: send_keys: mode=Unicode actions=[Char('き')] prev_elapsed=43532ms
2026-09-20T02:26:23.032871Z DEBUG execute_one{generation=None}: awase_windows::tsf::probe: [mark-send] last_send_ms=347217078
2026-09-20T02:26:23.032906Z DEBUG execute_one{generation=None}: awase_windows::output:   → Char('き') via Unicode
2026-09-20T02:26:23.040589Z DEBUG execute_one{generation=None}: awase_windows::tsf::probe: [mark-send] last_send_ms=347217093
2026-09-20T02:26:23.053706Z DEBUG awase_windows::tsf::gji_monitor: [gji-io] WRITE: w_ops=+2 w_KB=+0.3 (r_ops=+4 x_ops=+4 x_KB=+0.0)
2026-09-20T02:26:23.060646Z  INFO awase_windows::tsf::win_event_obs: [gji-obs] candidate SHOW #80: last_gji_write=0ms ago
2026-09-20T02:26:23.411010Z DEBUG awase_windows::runtime::key_pipeline: [engine-input] vk=0x1B KeyDown ts=682768511us delay=0ms state=Idle mods(c=false s=false a=false w=false) gas_ctrl=false phys_ctrl=false extra=0x5350494B pending_drain=0 gate_active=false l_thumb=None r_thumb=None [diag-ctx] ime_
2026-09-20T02:26:23.411069Z DEBUG awase::journal: key input seq=2070 elapsed_ms=682771 vk_code=27 is_down=true injected=false key_class="Passthrough" state_before="Idle" state_after="Idle" decision="PassThrough" physical="Allow" repeat_count=1 last_timestamp_us=682768511 last_elapsed_ms=0
2026-09-20T02:26:23.411146Z DEBUG execute_from_hook: awase_windows::runtime::executor: [relay-passthrough] PassThrough idle: direct OS pass-through (vk=0x1b down)
2026-09-20T02:26:23.411182Z DEBUG execute_one{generation=None}: awase_windows::runtime::executor: [reinject] vk=0x1b down (queued passthrough now firing)
2026-09-20T02:26:23.412896Z DEBUG awase_windows::platform: [gji-fsm] StartComposition (candidate SHOW)
2026-09-20T02:26:23.412928Z DEBUG gji_on_event{event=StartComposition}: awase_windows::tsf::gji_fsm: [gji-fsm] StartComposition: OnWarm → OnComposing(AlreadyWarm)
2026-09-20T02:26:23.413004Z DEBUG awase::journal: gji fsm transition seq=2071 elapsed_ms=682773 trigger="StartComposition(candidate SHOW)" state_before="OnWarm" state_after="OnComposing(Warm)"
2026-09-20T02:26:23.417254Z  INFO awase_windows::tsf::win_event_obs: [gji-obs] candidate HIDE: last_gji_write=359ms ago
2026-09-20T02:26:23.424863Z DEBUG awase_windows::tsf::gji_monitor: [gji-io] WRITE: w_ops=+2 w_KB=+0.3 (r_ops=+4 x_ops=+4 x_KB=+0.0)
2026-09-20T02:26:23.536866Z DEBUG awase_windows::runtime::key_pipeline: [engine-input] vk=0x1B KeyUp ts=682894201us delay=0ms state=Idle mods(c=false s=false a=false w=false) gas_ctrl=false phys_ctrl=false extra=0x5350494B pending_drain=0 gate_active=false l_thumb=None r_thumb=None [diag-ctx] ime_on
2026-09-20T02:26:23.536997Z DEBUG awase::journal: key input seq=2072 elapsed_ms=682897 vk_code=27 is_down=false injected=false key_class="Passthrough" state_before="Idle" state_after="Idle" decision="PassThrough" physical="Allow" repeat_count=1 last_timestamp_us=682894201 last_elapsed_ms=0
2026-09-20T02:26:23.537101Z DEBUG execute_from_hook: awase_windows::runtime::executor: [relay-passthrough] PassThrough idle: direct OS pass-through (vk=0x1b up)
2026-09-20T02:26:23.537534Z DEBUG execute_one{generation=None}: awase_windows::runtime::executor: [reinject] vk=0x1b up (queued passthrough now firing)
2026-09-20T02:26:23.540126Z DEBUG awase_windows::platform: [gji-fsm] EndComposition (candidate HIDE) epoch=FocusEpoch(80)
2026-09-20T02:26:23.540274Z DEBUG awase::journal: gji fsm transition seq=2073 elapsed_ms=682901 trigger="EndComposition(candidate HIDE, epoch=FocusEpoch(80))" state_before="OnComposing(Warm)" state_after="OnWarm"
2026-09-20T02:26:25.409574Z DEBUG awase_windows::runtime::key_pipeline: [shadow-toggle] vk=0x1DはFSM delegate所有 → belief書き込み/actuationをスキップ w_ops0=119916 x_ops0=265893 x_KB0=25.1
2026-09-20T02:26:25.409632Z DEBUG awase_windows::runtime::key_pipeline: [shadow-toggle] no-op: vk=0x1D action=Toggle source=PhysicalImeKey effective_open は既に true → apply-ime 見送り
2026-09-20T02:26:25.409686Z DEBUG awase_windows::runtime::key_pipeline: [engine-input] vk=0x1D KeyDown ts=684766899us delay=0ms state=Idle mods(c=false s=false a=false w=false) gas_ctrl=false phys_ctrl=false extra=0x5350494B pending_drain=0 gate_active=false l_thumb=Some(684766878) r_thumb=None [dia
2026-09-20T02:26:25.409845Z DEBUG awase::journal: key input seq=2074 elapsed_ms=684770 vk_code=29 is_down=true injected=false key_class="LeftThumb" state_before="Idle" state_after="PendingThumb(vk=0x1D,left=true)" decision="Consume" physical="Allow" repeat_count=1 last_timestamp_us=684766899 last_el
2026-09-20T02:26:25.473021Z DEBUG awase_windows::runtime::key_pipeline: [engine-input] vk=0x1D KeyUp ts=684830467us delay=0ms state=PendingThumb(vk=0x1D,left=true) mods(c=false s=false a=false w=false) gas_ctrl=false phys_ctrl=false extra=0x5350494B pending_drain=0 gate_active=false l_thumb=None r_t
2026-09-20T02:26:25.473110Z  INFO awase::engine::engine: IME open axis delegated (solo tap, key semantics absorption) → false (origin=ExplicitUserAction)
2026-09-20T02:26:25.473184Z DEBUG awase::journal: key input seq=2075 elapsed_ms=684834 vk_code=29 is_down=false injected=false key_class="LeftThumb" state_before="PendingThumb(vk=0x1D,left=true)" state_after="Idle" decision="Consume" physical="Allow" repeat_count=1 last_timestamp_us=684830467 last_e
2026-09-20T02:26:25.473268Z DEBUG awase::journal: ime event seq=2076 elapsed_ms=684834 event_kind="UserImeSetIntent"
2026-09-20T02:26:25.473307Z DEBUG awase::journal: ime event seq=2077 elapsed_ms=684834 event_kind="ImeApplyRequested"
2026-09-20T02:26:25.473331Z  INFO awase_windows::runtime::key_pipeline: IME control: preconditions.ime_on = false (SetOpenRequest, origin=ExplicitUserAction), was_open_before=true last_intent_before=Some(true) poll suspended
2026-09-20T02:26:25.473661Z DEBUG execute_one{generation=Some(ApplyGeneration(52))}:dispatch_ime_set_open{open=false generation=Some(ApplyGeneration(52))}: awase_windows::runtime::executor: [dispatch-ime] ImmCross async: optimistic applied_snapshot=false (suppress send_engine_state_ime_key)
2026-09-20T02:26:25.475381Z DEBUG execute_one{generation=Some(ApplyGeneration(52))}: awase_windows::platform: [engine-state-key] skipped (apply_ime_open aligned ime=false, profile=Standard)
2026-09-20T02:26:25.478053Z DEBUG run_open_chain_async: awase_windows::ime_controller: [warrant-shadow] chain=async open=false origin=EventOrigin { source: SelfActuated { strategy: "engine_decision_async" }, epoch: Generation(0) } warranted
2026-09-20T02:26:25.478155Z  INFO run_open_chain_async:imm_cross_write{open=false}: awase_windows::runtime::open_chain: [apply-ime] ImmCross async: open=false composition_active=false show_seq=0 change_seq=0 (issue #138診断)
2026-09-20T02:26:25.483171Z DEBUG awase_windows::shadow_send_trace: [shadow-send] channel=ImeControl cmd=0x0006 lparam=0 issue_us=684838934
2026-09-20T02:26:25.483193Z DEBUG awase_windows::ime: set_ime_open_for_target: hwnd=HWND(0x1612a74) ime_wnd=HWND(0x740654) open=false success=true send_elapsed=1ms candidate_visible=false
2026-09-20T02:26:25.484348Z DEBUG run_open_chain_async:imm_cross_write{open=false}: awase_windows::ime: [imm-cross-actuate] hwnd=HWND(0x1612a74) open=Written conv=None
2026-09-20T02:26:25.484484Z DEBUG run_open_chain_async: awase::journal: actuation decision seq=2078 elapsed_ms=684845 site="DispatchImeSetOpen" caller="None" open=false chain_len=4 attempts_len=1 gate_profile="Standard" gate_kind="Gji" gate_shadow_known=true gate_shadow_on=true gate_input_mode="Obse
2026-09-20T02:26:25.487094Z DEBUG on_ime_apply_complete{open=false outcome=AppliedWithoutSendInput generation=Some(ApplyGeneration(52)) reason=EngineDecision}: awase::journal: ime open applied seq=2079 elapsed_ms=684847 open=false outcome="AppliedWithoutSendInput" reason="EngineDecision"
2026-09-20T02:26:25.490341Z DEBUG on_ime_apply_complete{open=false outcome=AppliedWithoutSendInput generation=Some(ApplyGeneration(52)) reason=EngineDecision}: awase::journal: ime event seq=2080 elapsed_ms=684851 event_kind="ImeApplySucceeded"
2026-09-20T02:26:25.490405Z DEBUG on_ime_apply_complete{open=false outcome=AppliedWithoutSendInput generation=Some(ApplyGeneration(52)) reason=EngineDecision}: awase_windows::tsf::ime_mode_fsm: [ime-mode] SetOpen(false) applied → Off (belief, unconfirmed)
2026-09-20T02:26:25.490455Z DEBUG on_ime_apply_complete{open=false outcome=AppliedWithoutSendInput generation=Some(ApplyGeneration(52)) reason=EngineDecision}: awase_windows::platform: [composition] ImeEffect::SetOpen(false) → marking cold (prevent warm+TSF Enter leak)
2026-09-20T02:26:25.490500Z DEBUG on_ime_apply_complete{open=false outcome=AppliedWithoutSendInput generation=Some(ApplyGeneration(52)) reason=EngineDecision}: awase_windows::tsf::probe: [composition] marked cold reason=SetOpenFalse idle=2438ms → next VK/TSF output will send VK_DBE_HIRAGANA warmup
2026-09-20T02:26:25.493315Z DEBUG awase::journal: gji fsm transition seq=2081 elapsed_ms=684851 trigger="ImeOff" state_before="OnWarm" state_after="OffCold"
2026-09-20T02:26:25.523131Z DEBUG awase_windows::runtime::ime_refresh: Explicit intent: bypassing typing-idle guard for IME verify (idle=63ms)
2026-09-20T02:26:25.523202Z DEBUG awase_windows::observer::ime_observer: IME snapshot: japanese=Some(true) ime_on=Some(false) romaji=Some(true) conv=Some("0x00000019") guard=false
2026-09-20T02:26:25.523328Z DEBUG awase::journal: ime event seq=2082 elapsed_ms=684884 event_kind="ObserverReported"
2026-09-20T02:26:25.523380Z DEBUG awase::journal: ime event seq=2083 elapsed_ms=684884 event_kind="InputModeObserved"
2026-09-20T02:26:26.094106Z DEBUG awase_windows::runtime::key_pipeline: [engine-input] vk=0x4B KeyDown ts=685451457us delay=0ms state=Idle mods(c=false s=false a=false w=false) gas_ctrl=false phys_ctrl=false extra=0x5350494B pending_drain=0 gate_active=false l_thumb=None r_thumb=None [diag-ctx] ime_
2026-09-20T02:26:26.094233Z DEBUG awase::journal: key input seq=2084 elapsed_ms=685455 vk_code=75 is_down=true injected=false key_class="Char" state_before="Idle" state_after="Idle" decision="PassThrough" physical="Allow" repeat_count=1 last_timestamp_us=685451457 last_elapsed_ms=0
2026-09-20T02:26:26.094417Z DEBUG execute_one{generation=None}: awase_windows::runtime::executor: [reinject] vk=0x4b down (queued passthrough now firing)
2026-09-20T02:26:26.155042Z DEBUG awase_windows::runtime::key_pipeline: [engine-input] vk=0x4B KeyUp ts=685512575us delay=0ms state=Idle mods(c=false s=false a=false w=false) gas_ctrl=false phys_ctrl=false extra=0x5350494B pending_drain=0 gate_active=false l_thumb=None r_thumb=None [diag-ctx] ime_on
2026-09-20T02:26:26.155101Z DEBUG awase::journal: key input seq=2085 elapsed_ms=685515 vk_code=75 is_down=false injected=false key_class="Char" state_before="Idle" state_after="Idle" decision="PassThrough" physical="Allow" repeat_count=1 last_timestamp_us=685512575 last_elapsed_ms=0
2026-09-20T02:26:26.155178Z DEBUG execute_one{generation=None}: awase_windows::runtime::executor: [reinject] vk=0x4b up (queued passthrough now firing)
2026-09-20T02:26:26.594743Z DEBUG awase_windows::runtime::key_pipeline: [engine-input] vk=0x1B KeyDown ts=685951919us delay=0ms state=Idle mods(c=false s=false a=false w=false) gas_ctrl=false phys_ctrl=false extra=0x5350494B pending_drain=0 gate_active=false l_thumb=None r_thumb=None [diag-ctx] ime_
2026-09-20T02:26:26.594837Z DEBUG awase::journal: key input seq=2086 elapsed_ms=685955 vk_code=27 is_down=true injected=false key_class="Passthrough" state_before="Idle" state_after="Idle" decision="PassThrough" physical="Allow" repeat_count=1 last_timestamp_us=685951919 last_elapsed_ms=0
2026-09-20T02:26:26.594931Z DEBUG execute_from_hook: awase_windows::tsf::probe: [composition] marked cold reason=PassthroughConfirmKey idle=3547ms → next VK/TSF output will send VK_DBE_HIRAGANA warmup
2026-09-20T02:26:26.594954Z DEBUG execute_from_hook: awase_windows::tsf::probe: [mark-send] last_send_ms=347220640
2026-09-20T02:26:26.595009Z DEBUG execute_from_hook: awase_windows::platform: [composition-fsm] EmitWarmup (ConfirmKeyDown)
2026-09-20T02:26:26.595031Z DEBUG execute_from_hook: awase_windows::runtime::executor: [relay-passthrough] PassThrough idle: direct OS pass-through (vk=0x1b down)
2026-09-20T02:26:26.595060Z DEBUG awase::journal: gji fsm transition seq=2087 elapsed_ms=685955 trigger="CompositionReset(gji_idle_ms=3172)" state_before="OffCold" state_after="OffCold"
2026-09-20T02:26:26.595109Z DEBUG awase_windows::runtime::executor: [reinject-guard] suspending drain for 50ms (vk=0x1b)
2026-09-20T02:26:26.654482Z DEBUG execute_one{generation=None}: awase_windows::runtime::executor: [reinject] vk=0x1b down (queued passthrough now firing)
2026-09-20T02:26:26.654560Z DEBUG execute_one{generation=None}: awase_windows::platform: [composition] reinject KeyDown vk=0x1b → marking cold + eager warmup
2026-09-20T02:26:26.654571Z DEBUG execute_one{generation=None}: awase_windows::tsf::probe: [composition] marked cold reason=ReinjectConfirmKey idle=63ms → next VK/TSF output will send VK_DBE_HIRAGANA warmup
2026-09-20T02:26:26.654581Z DEBUG execute_one{generation=None}: awase_windows::tsf::probe: [mark-send] last_send_ms=347220703
2026-09-20T02:26:26.657275Z DEBUG awase_windows::runtime::key_pipeline: [engine-input] vk=0x1B KeyUp ts=686013137us delay=1ms state=Idle mods(c=false s=false a=false w=false) gas_ctrl=false phys_ctrl=false extra=0x5350494B pending_drain=0 gate_active=false l_thumb=None r_thumb=None [diag-ctx] ime_on
2026-09-20T02:26:26.657362Z DEBUG awase::journal: key input seq=2089 elapsed_ms=686018 vk_code=27 is_down=false injected=false key_class="Passthrough" state_before="Idle" state_after="Idle" decision="PassThrough" physical="Allow" repeat_count=1 last_timestamp_us=686013137 last_elapsed_ms=0
2026-09-20T02:26:26.657458Z DEBUG execute_from_hook: awase_windows::runtime::transport: [relay-defer] PassThrough deferred: output in-flight (0ms ago), reinject(vk=0x1b up)
2026-09-20T02:26:26.657500Z DEBUG awase::journal: gji fsm transition seq=2088 elapsed_ms=686015 trigger="CompositionReset(gji_idle_ms=3235)" state_before="OffCold" state_after="OffCold"
2026-09-20T02:26:26.657596Z DEBUG awase_windows::runtime::executor: [reinject-guard] suspending drain for 50ms (vk=0x1b)
2026-09-20T02:26:26.717316Z DEBUG execute_one{generation=None}: awase_windows::runtime::executor: [reinject] vk=0x1b up (queued passthrough now firing)
2026-09-20T02:26:28.589572Z  INFO awase_windows::runtime::key_pipeline: [shadow-toggle] intent 昇格: vk=0x1D scan=0x7B action=Toggle kind=PhysicalImeKey injected=false false→true w_ops0=119916 x_ops0=265893 x_KB0=25.1
2026-09-20T02:26:28.589624Z DEBUG awase::journal: ime event seq=2090 elapsed_ms=687950 event_kind="UserImeSetIntent"
2026-09-20T02:26:28.589653Z DEBUG awase_windows::runtime::key_pipeline: Shadow IME toggle: OFF → ON (vk=0x1D, source=PhysicalImeKey)
2026-09-20T02:26:28.589677Z DEBUG awase_windows::runtime::key_pipeline: [engine-input] vk=0x1D KeyDown ts=687947088us delay=0ms state=Idle mods(c=false s=false a=false w=false) gas_ctrl=false phys_ctrl=false extra=0x5350494B pending_drain=0 gate_active=false l_thumb=Some(687947075) r_thumb=None [dia
2026-09-20T02:26:28.589707Z  INFO awase::engine::engine: Engine activated (ime=true, romaji=true, japanese=true, user=true, reason=Active)
2026-09-20T02:26:28.589776Z DEBUG awase::journal: key input seq=2091 elapsed_ms=687950 vk_code=29 is_down=true injected=false key_class="LeftThumb" state_before="Idle" state_after="PendingThumb(vk=0x1D,left=true)" decision="Consume" physical="Allow" repeat_count=1 last_timestamp_us=687947088 last_el
2026-09-20T02:26:28.589833Z DEBUG awase::journal: ime event seq=2092 elapsed_ms=687950 event_kind="EngineActivationSync"
2026-09-20T02:26:28.596518Z DEBUG awase::journal: ime event seq=2093 elapsed_ms=687957 event_kind="ImeApplyRequested"
2026-09-20T02:26:28.596566Z  INFO awase_windows::runtime::key_pipeline: IME control: preconditions.ime_on = true (SetOpenRequest, origin=ActivationSync), was_open_before=true last_intent_before=Some(true) poll suspended
2026-09-20T02:26:28.596826Z DEBUG execute_one{generation=Some(ApplyGeneration(53))}:dispatch_ime_set_open{open=true generation=Some(ApplyGeneration(53))}: awase_windows::runtime::executor: [dispatch-ime] ImmCross async: optimistic applied_snapshot=true (suppress send_engine_state_ime_key)
2026-09-20T02:26:28.598206Z DEBUG execute_one{generation=Some(ApplyGeneration(53))}: awase_windows::platform: [engine-state-key] skipped (apply_ime_open aligned ime=true, profile=Standard)
2026-09-20T02:26:28.609274Z DEBUG run_open_chain_async: awase_windows::ime_controller: [warrant-shadow] chain=async open=true origin=EventOrigin { source: SelfActuated { strategy: "engine_decision_async" }, epoch: Generation(0) } warranted
2026-09-20T02:26:28.609354Z  INFO run_open_chain_async:imm_cross_write{open=true}: awase_windows::runtime::open_chain: [apply-ime] ImmCross async: open=true composition_active=false show_seq=0 change_seq=0 (issue #138診断)
2026-09-20T02:26:28.644920Z DEBUG awase_windows::shadow_send_trace: [shadow-send] channel=ImeControl cmd=0x0006 lparam=1 issue_us=688001698
2026-09-20T02:26:28.644938Z DEBUG awase_windows::ime: set_ime_open_for_target: hwnd=HWND(0x1612a74) ime_wnd=HWND(0x740654) open=true success=true send_elapsed=0ms candidate_visible=false
2026-09-20T02:26:28.646734Z DEBUG run_open_chain_async:imm_cross_write{open=true}: awase_windows::ime: [imm-cross-actuate] hwnd=HWND(0x1612a74) open=Written conv=Some(Written)
2026-09-20T02:26:28.646830Z DEBUG run_open_chain_async:imm_cross_write{open=true}: awase_windows::runtime::open_chain: [apply-ime] ROMAN 補完結果: Written
2026-09-20T02:26:28.646897Z DEBUG run_open_chain_async: awase::journal: actuation decision seq=2094 elapsed_ms=688007 site="DispatchImeSetOpen" caller="None" open=true chain_len=4 attempts_len=1 gate_profile="Standard" gate_kind="Gji" gate_shadow_known=true gate_shadow_on=false gate_input_mode="Obse
2026-09-20T02:26:28.652225Z DEBUG on_ime_apply_complete{open=true outcome=AppliedWithoutSendInput generation=Some(ApplyGeneration(53)) reason=EngineDecision}: awase::journal: ime open applied seq=2095 elapsed_ms=688013 open=true outcome="AppliedWithoutSendInput" reason="EngineDecision"
2026-09-20T02:26:28.653133Z DEBUG on_ime_apply_complete{open=true outcome=AppliedWithoutSendInput generation=Some(ApplyGeneration(53)) reason=EngineDecision}: awase::journal: ime event seq=2096 elapsed_ms=688014 event_kind="ImeApplySucceeded"
2026-09-20T02:26:28.653166Z DEBUG on_ime_apply_complete{open=true outcome=AppliedWithoutSendInput generation=Some(ApplyGeneration(53)) reason=EngineDecision}: awase_windows::tsf::ime_mode_fsm: [ime-mode] SetOpen(true) applied → Hiragana (belief, unconfirmed)
2026-09-20T02:26:28.653194Z DEBUG on_ime_apply_complete{open=true outcome=AppliedWithoutSendInput generation=Some(ApplyGeneration(53)) reason=EngineDecision}: awase_windows::platform: [composition] ImeEffect::SetOpen(true) → marking cold
2026-09-20T02:26:28.653216Z DEBUG on_ime_apply_complete{open=true outcome=AppliedWithoutSendInput generation=Some(ApplyGeneration(53)) reason=EngineDecision}: awase_windows::tsf::probe: [composition] marked cold reason=SetOpenTrue idle=2000ms → next VK/TSF output will send VK_DBE_HIRAGANA warmup
2026-09-20T02:26:28.653267Z DEBUG on_ime_apply_complete{open=true outcome=AppliedWithoutSendInput generation=Some(ApplyGeneration(53)) reason=EngineDecision}:gji_on_event{event=ImeOn { injection_mode: Unicode, gji_idle_ms: 5235 }}: awase_windows::tsf::gji_fsm: [gji-fsm] ImeOn gji_idle=5235ms → Short
2026-09-20T02:26:28.653314Z DEBUG on_ime_apply_complete{open=true outcome=AppliedWithoutSendInput generation=Some(ApplyGeneration(53)) reason=EngineDecision}: awase_windows::platform: [gji-fsm] StartProbe probe_id=ProbeId(39) forces_f2=false long=false
2026-09-20T02:26:28.654033Z DEBUG awase::journal: gji fsm transition seq=2097 elapsed_ms=688014 trigger="ImeOn(gji_idle_ms=5235)" state_before="OffCold" state_after="OnCold(Short)"
2026-09-20T02:26:28.654059Z DEBUG awase::journal: tsf probe started seq=2098 elapsed_ms=688014 source="GjiAction::StartProbe" cold_seq=2 probe_id=39 probe_id_present=true gji_state="OnCold(Short)" consecutive_at_start=0 pending_deferred_len=0
2026-09-20T02:26:28.654081Z DEBUG awase::journal: gji fsm transition seq=2099 elapsed_ms=688014 trigger="WarmupComplete(unicode)" state_before="OnCold(Short)" state_after="OnWarm"
2026-09-20T02:26:28.654111Z DEBUG awase::journal: tsf probe completed seq=2100 elapsed_ms=688014 outcome="UnicodeImmediate" cold_seq=18446744073709551615 cold_seq_present=false probe_id=39 probe_id_present=true duration_ms=0 tick_count=0 gji_state="OnWarm"
2026-09-20T02:26:28.654497Z DEBUG awase_windows::runtime::key_pipeline: [engine-input] vk=0x1D KeyUp ts=688012085us delay=0ms state=PendingThumb(vk=0x1D,left=true) mods(c=false s=false a=false w=false) gas_ctrl=false phys_ctrl=false extra=0x5350494B pending_drain=0 gate_active=false l_thumb=None r_t
2026-09-20T02:26:28.654589Z DEBUG awase::journal: key input seq=2101 elapsed_ms=688015 vk_code=29 is_down=false injected=false key_class="LeftThumb" state_before="PendingThumb(vk=0x1D,left=true)" state_after="Idle" decision="Consume" physical="Allow" repeat_count=1 last_timestamp_us=688012085 last_e
2026-09-20T02:26:28.685326Z DEBUG awase_windows::runtime::ime_refresh: Explicit intent: bypassing typing-idle guard for IME verify (idle=31ms)
2026-09-20T02:26:28.685378Z DEBUG awase_windows::observer::ime_observer: IME snapshot: japanese=Some(true) ime_on=Some(true) romaji=Some(true) conv=Some("0x00000019") guard=false
2026-09-20T02:26:28.685465Z DEBUG awase::journal: ime event seq=2102 elapsed_ms=688046 event_kind="ObserverReported"
2026-09-20T02:26:28.685501Z DEBUG awase::journal: ime event seq=2103 elapsed_ms=688046 event_kind="InputModeObserved"
2026-09-20T02:26:29.275956Z DEBUG awase_windows::runtime::key_pipeline: [engine-input] vk=0x4B KeyDown ts=688633387us delay=0ms state=Idle mods(c=false s=false a=false w=false) gas_ctrl=false phys_ctrl=false extra=0x5350494B pending_drain=0 gate_active=false l_thumb=None r_thumb=None [diag-ctx] ime_
2026-09-20T02:26:29.276069Z DEBUG awase::journal: key input seq=2104 elapsed_ms=688636 vk_code=75 is_down=true injected=false key_class="Char" state_before="Idle" state_after="PendingChar(vk=0x4B)" decision="Consume" physical="Allow" repeat_count=1 last_timestamp_us=688633387 last_elapsed_ms=0
2026-09-20T02:26:29.337605Z DEBUG awase_windows::runtime::key_pipeline: [engine-input] vk=0x4B KeyUp ts=688695113us delay=0ms state=PendingChar(vk=0x4B) mods(c=false s=false a=false w=false) gas_ctrl=false phys_ctrl=false extra=0x5350494B pending_drain=0 gate_active=false l_thumb=None r_thumb=None [
2026-09-20T02:26:29.337729Z DEBUG awase::journal: key input seq=2105 elapsed_ms=688698 vk_code=75 is_down=false injected=false key_class="Char" state_before="PendingChar(vk=0x4B)" state_after="Idle" decision="Consume" physical="Allow" repeat_count=1 last_timestamp_us=688695113 last_elapsed_ms=0
2026-09-20T02:26:29.337926Z DEBUG execute_one{generation=None}: awase_windows::output: send_keys: mode=Unicode actions=[Char('き')] prev_elapsed=2687ms
2026-09-20T02:26:29.337956Z DEBUG execute_one{generation=None}: awase_windows::tsf::probe: [mark-send] last_send_ms=347223390
2026-09-20T02:26:29.337977Z DEBUG execute_one{generation=None}: awase_windows::output:   → Char('き') via Unicode
2026-09-20T02:26:29.339932Z DEBUG execute_one{generation=None}: awase_windows::tsf::probe: [mark-send] last_send_ms=347223390
2026-09-20T02:26:29.349823Z DEBUG awase_windows::tsf::gji_monitor: [gji-io] WRITE: w_ops=+2 w_KB=+0.3 (r_ops=+4 x_ops=+4 x_KB=+0.0)
2026-09-20T02:26:29.358593Z  INFO awase_windows::tsf::win_event_obs: [gji-obs] candidate SHOW #81: last_gji_write=16ms ago
2026-09-20T02:26:29.728499Z DEBUG awase_windows::runtime::key_pipeline: [engine-input] vk=0x1B KeyDown ts=689085907us delay=0ms state=Idle mods(c=false s=false a=false w=false) gas_ctrl=false phys_ctrl=false extra=0x5350494B pending_drain=0 gate_active=false l_thumb=None r_thumb=None [diag-ctx] ime_
2026-09-20T02:26:29.728606Z DEBUG awase::journal: key input seq=2106 elapsed_ms=689089 vk_code=27 is_down=true injected=false key_class="Passthrough" state_before="Idle" state_after="Idle" decision="PassThrough" physical="Allow" repeat_count=1 last_timestamp_us=689085907 last_elapsed_ms=0
2026-09-20T02:26:29.728755Z DEBUG execute_from_hook: awase_windows::runtime::executor: [relay-passthrough] PassThrough idle: direct OS pass-through (vk=0x1b down)
2026-09-20T02:26:29.728834Z DEBUG execute_one{generation=None}: awase_windows::runtime::executor: [reinject] vk=0x1b down (queued passthrough now firing)
2026-09-20T02:26:29.730687Z DEBUG awase_windows::platform: [gji-fsm] StartComposition (candidate SHOW)
2026-09-20T02:26:29.730721Z DEBUG gji_on_event{event=StartComposition}: awase_windows::tsf::gji_fsm: [gji-fsm] StartComposition: OnWarm → OnComposing(AlreadyWarm)
2026-09-20T02:26:29.730796Z DEBUG awase::journal: gji fsm transition seq=2107 elapsed_ms=689091 trigger="StartComposition(candidate SHOW)" state_before="OnWarm" state_after="OnComposing(Warm)"
2026-09-20T02:26:29.737483Z  INFO awase_windows::tsf::win_event_obs: [gji-obs] candidate HIDE: last_gji_write=391ms ago
2026-09-20T02:26:29.741701Z DEBUG awase_windows::tsf::gji_monitor: [gji-io] WRITE: w_ops=+2 w_KB=+0.3 (r_ops=+4 x_ops=+4 x_KB=+0.0)
2026-09-20T02:26:29.851337Z DEBUG awase_windows::runtime::key_pipeline: [engine-input] vk=0x1B KeyUp ts=689208877us delay=0ms state=Idle mods(c=false s=false a=false w=false) gas_ctrl=false phys_ctrl=false extra=0x5350494B pending_drain=0 gate_active=false l_thumb=None r_thumb=None [diag-ctx] ime_on
2026-09-20T02:26:29.851400Z DEBUG awase::journal: key input seq=2108 elapsed_ms=689212 vk_code=27 is_down=false injected=false key_class="Passthrough" state_before="Idle" state_after="Idle" decision="PassThrough" physical="Allow" repeat_count=1 last_timestamp_us=689208877 last_elapsed_ms=0
2026-09-20T02:26:29.851451Z DEBUG execute_from_hook: awase_windows::runtime::executor: [relay-passthrough] PassThrough idle: direct OS pass-through (vk=0x1b up)
2026-09-20T02:26:29.851483Z DEBUG execute_one{generation=None}: awase_windows::runtime::executor: [reinject] vk=0x1b up (queued passthrough now firing)
2026-09-20T02:26:29.853055Z DEBUG awase_windows::platform: [gji-fsm] EndComposition (candidate HIDE) epoch=FocusEpoch(81)
2026-09-20T02:26:29.853233Z DEBUG awase::journal: gji fsm transition seq=2109 elapsed_ms=689213 trigger="EndComposition(candidate HIDE, epoch=FocusEpoch(81))" state_before="OnComposing(Warm)" state_after="OnWarm"
2026-09-20T02:26:31.734695Z DEBUG awase_windows::hook: [hook] IME-mode vk=0xF2 down self_injected=false injected=false scan=0x70 extra=0x5350494B since_actuation_us=Some(21910569)
2026-09-20T02:26:31.734819Z DEBUG awase::journal: hook ime-mode diagnostic seq=2110 elapsed_ms=691095 vk_code=242 is_down=true self_injected=false injected=false scan=112
2026-09-20T02:26:31.734971Z  INFO awase_windows::runtime::key_pipeline: [shadow-toggle] intent 昇格: vk=0xF2 scan=0x70 action=TurnOn kind=PhysicalImeKey injected=false true→true w_ops0=119920 x_ops0=265901 x_KB0=25.1
2026-09-20T02:26:31.734997Z DEBUG awase::journal: ime event seq=2111 elapsed_ms=691095 event_kind="UserImeSetIntent"
2026-09-20T02:26:31.735012Z DEBUG awase_windows::runtime::key_pipeline: [shadow-toggle] no-op: vk=0xF2 action=TurnOn source=PhysicalImeKey effective_open は既に true → apply-ime 見送り
2026-09-20T02:26:31.735033Z DEBUG awase_windows::runtime::key_pipeline: [engine-input] vk=0xF2 KeyDown ts=691092517us delay=0ms state=Idle mods(c=false s=false a=false w=false) gas_ctrl=false phys_ctrl=false extra=0x5350494B pending_drain=0 gate_active=false l_thumb=None r_thumb=None [diag-ctx] ime_
2026-09-20T02:26:31.735086Z DEBUG awase::journal: key input seq=2112 elapsed_ms=691096 vk_code=242 is_down=true injected=false key_class="Passthrough" state_before="Idle" state_after="Idle" decision="PassThrough" physical="Allow" repeat_count=1 last_timestamp_us=691092517 last_elapsed_ms=0
2026-09-20T02:26:31.735122Z DEBUG awase_windows::runtime::key_pipeline: may_change_ime key passed through → IME refresh scheduled (20ms)
2026-09-20T02:26:31.735160Z DEBUG execute_from_hook: awase_windows::runtime::executor: [relay-passthrough] PassThrough idle: direct OS pass-through (vk=0xf2 down)
2026-09-20T02:26:31.735199Z DEBUG execute_one{generation=None}: awase_windows::runtime::executor: [reinject] vk=0xf2 down (queued passthrough now firing)
2026-09-20T02:26:31.737031Z DEBUG awase_windows::hook: [hook] IME-mode vk=0xF2 down self_injected=true injected=true scan=0x70 extra=0x4B45594D since_actuation_us=Some(21912905)
2026-09-20T02:26:31.738295Z DEBUG awase::journal: hook ime-mode diagnostic seq=2113 elapsed_ms=691099 vk_code=242 is_down=true self_injected=true injected=true scan=112
2026-09-20T02:26:31.752582Z DEBUG awase_windows::tsf::gji_monitor: [gji-io] WRITE: w_ops=+2 w_KB=+0.0 (r_ops=+4 x_ops=+4 x_KB=+0.0)
2026-09-20T02:26:31.780894Z DEBUG awase_windows::runtime::ime_refresh: Explicit intent: bypassing typing-idle guard for IME verify (idle=47ms)
2026-09-20T02:26:31.780970Z DEBUG awase_windows::observer::ime_observer: IME snapshot: japanese=Some(true) ime_on=Some(true) romaji=None conv=Some("0x00000010") guard=false
2026-09-20T02:26:31.781096Z DEBUG awase::journal: ime event seq=2114 elapsed_ms=691142 event_kind="ObserverReported"
2026-09-20T02:26:31.781154Z DEBUG awase::journal: ime event seq=2115 elapsed_ms=691142 event_kind="InputModeObserved"
2026-09-20T02:26:31.781240Z DEBUG awase::engine::engine: [diag-engine-active] ime_on=true なのに非活性: reason=Inactive(NotRomajiInput) romaji_capable=false japanese=true user_enabled=true was_active=true input_mode=ObservedEisu
2026-09-20T02:26:31.781317Z  INFO awase::engine::engine: Engine deactivated (ime=true, romaji=false, japanese=true, user=true, reason=Inactive(NotRomajiInput))
2026-09-20T02:26:32.425685Z DEBUG awase_windows::runtime::key_pipeline: [engine-input] vk=0x4B KeyDown ts=691783120us delay=0ms state=Idle mods(c=false s=false a=false w=false) gas_ctrl=false phys_ctrl=false extra=0x5350494B pending_drain=0 gate_active=false l_thumb=None r_thumb=None [diag-ctx] ime_
2026-09-20T02:26:32.425735Z DEBUG awase::engine::engine: [diag-engine-active] ime_on=true なのに非活性: reason=Inactive(NotRomajiInput) romaji_capable=false japanese=true user_enabled=true was_active=false input_mode=ObservedEisu
2026-09-20T02:26:32.425801Z DEBUG awase::journal: key input seq=2116 elapsed_ms=691786 vk_code=75 is_down=true injected=false key_class="Char" state_before="Idle" state_after="Idle" decision="PassThrough" physical="Allow" repeat_count=1 last_timestamp_us=691783120 last_elapsed_ms=0
2026-09-20T02:26:32.425941Z DEBUG execute_one{generation=None}: awase_windows::runtime::executor: [reinject] vk=0x4b down (queued passthrough now firing)
2026-09-20T02:26:32.438036Z DEBUG awase_windows::tsf::gji_monitor: [gji-io] WRITE: w_ops=+2 w_KB=+0.4 (r_ops=+4 x_ops=+4 x_KB=+0.0)
2026-09-20T02:26:32.440567Z  INFO awase_windows::tsf::win_event_obs: [gji-obs] candidate SHOW #82: last_gji_write=0ms ago
2026-09-20T02:26:32.507621Z DEBUG awase_windows::runtime::key_pipeline: [engine-input] vk=0x4B KeyUp ts=691865086us delay=0ms state=Idle mods(c=false s=false a=false w=false) gas_ctrl=false phys_ctrl=false extra=0x5350494B pending_drain=0 gate_active=false l_thumb=None r_thumb=None [diag-ctx] ime_on
2026-09-20T02:26:32.507672Z DEBUG awase::engine::engine: [diag-engine-active] ime_on=true なのに非活性: reason=Inactive(NotRomajiInput) romaji_capable=false japanese=true user_enabled=true was_active=false input_mode=ObservedEisu
2026-09-20T02:26:32.507743Z DEBUG awase::journal: key input seq=2117 elapsed_ms=691868 vk_code=75 is_down=false injected=false key_class="Char" state_before="Idle" state_after="Idle" decision="PassThrough" physical="Allow" repeat_count=1 last_timestamp_us=691865086 last_elapsed_ms=0
2026-09-20T02:26:32.507885Z DEBUG execute_one{generation=None}: awase_windows::runtime::executor: [reinject] vk=0x4b up (queued passthrough now firing)
2026-09-20T02:26:32.511273Z DEBUG awase_windows::platform: [gji-fsm] StartComposition (candidate SHOW)
2026-09-20T02:26:32.511307Z DEBUG gji_on_event{event=StartComposition}: awase_windows::tsf::gji_fsm: [gji-fsm] StartComposition: OnWarm → OnComposing(AlreadyWarm)
2026-09-20T02:26:32.511383Z DEBUG awase::journal: gji fsm transition seq=2118 elapsed_ms=691872 trigger="StartComposition(candidate SHOW)" state_before="OnWarm" state_after="OnComposing(Warm)"
2026-09-20T02:26:32.926866Z DEBUG awase_windows::runtime::key_pipeline: [engine-input] vk=0x1B KeyDown ts=692284422us delay=0ms state=Idle mods(c=false s=false a=false w=false) gas_ctrl=false phys_ctrl=false extra=0x5350494B pending_drain=0 gate_active=false l_thumb=None r_thumb=None [diag-ctx] ime_
2026-09-20T02:26:32.926896Z DEBUG awase::engine::engine: [diag-engine-active] ime_on=true なのに非活性: reason=Inactive(NotRomajiInput) romaji_capable=false japanese=true user_enabled=true was_active=false input_mode=ObservedEisu
2026-09-20T02:26:32.926932Z DEBUG awase::journal: key input seq=2119 elapsed_ms=692287 vk_code=27 is_down=true injected=false key_class="Passthrough" state_before="Idle" state_after="Idle" decision="PassThrough" physical="Allow" repeat_count=1 last_timestamp_us=692284422 last_elapsed_ms=0
2026-09-20T02:26:32.926980Z DEBUG execute_from_hook: awase_windows::runtime::executor: [relay-passthrough] PassThrough idle: direct OS pass-through (vk=0x1b down)
2026-09-20T02:26:32.927011Z DEBUG execute_one{generation=None}: awase_windows::runtime::executor: [reinject] vk=0x1b down (queued passthrough now firing)
2026-09-20T02:26:32.933353Z  INFO awase_windows::tsf::win_event_obs: [gji-obs] candidate HIDE: last_gji_write=500ms ago
2026-09-20T02:26:32.938724Z DEBUG awase_windows::tsf::gji_monitor: [gji-io] WRITE: w_ops=+2 w_KB=+0.4 (r_ops=+4 x_ops=+4 x_KB=+0.0)
2026-09-20T02:26:32.989747Z DEBUG awase_windows::runtime::key_pipeline: [engine-input] vk=0x1B KeyUp ts=692346976us delay=0ms state=Idle mods(c=false s=false a=false w=false) gas_ctrl=false phys_ctrl=false extra=0x5350494B pending_drain=0 gate_active=false l_thumb=None r_thumb=None [diag-ctx] ime_on
2026-09-20T02:26:32.989797Z DEBUG awase::engine::engine: [diag-engine-active] ime_on=true なのに非活性: reason=Inactive(NotRomajiInput) romaji_capable=false japanese=true user_enabled=true was_active=false input_mode=ObservedEisu
2026-09-20T02:26:32.989916Z DEBUG awase::journal: key input seq=2120 elapsed_ms=692350 vk_code=27 is_down=false injected=false key_class="Passthrough" state_before="Idle" state_after="Idle" decision="PassThrough" physical="Allow" repeat_count=1 last_timestamp_us=692346976 last_elapsed_ms=0
2026-09-20T02:26:32.990016Z DEBUG execute_from_hook: awase_windows::runtime::executor: [relay-passthrough] PassThrough idle: direct OS pass-through (vk=0x1b up)
2026-09-20T02:26:32.990089Z DEBUG execute_one{generation=None}: awase_windows::runtime::executor: [reinject] vk=0x1b up (queued passthrough now firing)
2026-09-20T02:26:32.992904Z DEBUG awase_windows::platform: [gji-fsm] EndComposition (candidate HIDE) epoch=FocusEpoch(82)
2026-09-20T02:26:32.993022Z DEBUG awase::journal: gji fsm transition seq=2121 elapsed_ms=692353 trigger="EndComposition(candidate HIDE, epoch=FocusEpoch(82))" state_before="OnComposing(Warm)" state_after="OnWarm"
2026-09-20T02:26:34.926255Z DEBUG awase_windows::runtime::key_pipeline: [shadow-toggle] vk=0x1DはFSM delegate所有 → belief書き込み/actuationをスキップ w_ops0=119926 x_ops0=265913 x_KB0=25.1
2026-09-20T02:26:34.926309Z DEBUG awase_windows::runtime::key_pipeline: [shadow-toggle] no-op: vk=0x1D action=Toggle source=PhysicalImeKey effective_open は既に true → apply-ime 見送り
2026-09-20T02:26:34.926361Z DEBUG awase_windows::runtime::key_pipeline: [engine-input] vk=0x1D KeyDown ts=694283645us delay=0ms state=Idle mods(c=false s=false a=false w=false) gas_ctrl=false phys_ctrl=false extra=0x5350494B pending_drain=0 gate_active=false l_thumb=Some(694283626) r_thumb=None [dia
2026-09-20T02:26:34.926416Z DEBUG awase::engine::engine: [diag-engine-active] ime_on=true なのに非活性: reason=Inactive(NotRomajiInput) romaji_capable=false japanese=true user_enabled=true was_active=false input_mode=ObservedEisu
2026-09-20T02:26:34.926518Z DEBUG awase::journal: key input seq=2122 elapsed_ms=694287 vk_code=29 is_down=true injected=false key_class="LeftThumb" state_before="Idle" state_after="Idle" decision="PassThrough" physical="Allow" repeat_count=1 last_timestamp_us=694283645 last_elapsed_ms=0
2026-09-20T02:26:34.926729Z DEBUG execute_one{generation=None}: awase_windows::runtime::executor: [reinject] vk=0x1d down (queued passthrough now firing)
2026-09-20T02:26:34.936764Z DEBUG awase_windows::tsf::gji_monitor: [gji-io] WRITE: w_ops=+2 w_KB=+0.0 (r_ops=+4 x_ops=+4 x_KB=+0.0)
2026-09-20T02:26:34.985401Z DEBUG awase_windows::runtime::key_pipeline: [engine-input] vk=0x1D KeyUp ts=694342787us delay=0ms state=Idle mods(c=false s=false a=false w=false) gas_ctrl=false phys_ctrl=false extra=0x5350494B pending_drain=0 gate_active=false l_thumb=None r_thumb=None [diag-ctx] ime_on
2026-09-20T02:26:34.985473Z DEBUG awase::engine::engine: [diag-engine-active] ime_on=true なのに非活性: reason=Inactive(NotRomajiInput) romaji_capable=false japanese=true user_enabled=true was_active=false input_mode=ObservedEisu
2026-09-20T02:26:34.985575Z DEBUG awase::journal: key input seq=2123 elapsed_ms=694346 vk_code=29 is_down=false injected=false key_class="LeftThumb" state_before="Idle" state_after="Idle" decision="PassThrough" physical="Allow" repeat_count=1 last_timestamp_us=694342787 last_elapsed_ms=0
2026-09-20T02:26:34.985788Z DEBUG execute_one{generation=None}: awase_windows::runtime::executor: [reinject] vk=0x1d up (queued passthrough now firing)
2026-09-20T02:26:35.609017Z DEBUG awase_windows::runtime::key_pipeline: [engine-input] vk=0x4B KeyDown ts=694966519us delay=0ms state=Idle mods(c=false s=false a=false w=false) gas_ctrl=false phys_ctrl=false extra=0x5350494B pending_drain=0 gate_active=false l_thumb=None r_thumb=None [diag-ctx] ime_
2026-09-20T02:26:35.609063Z DEBUG awase::engine::engine: [diag-engine-active] ime_on=true なのに非活性: reason=Inactive(NotRomajiInput) romaji_capable=false japanese=true user_enabled=true was_active=false input_mode=ObservedEisu
2026-09-20T02:26:35.609118Z DEBUG awase::journal: key input seq=2124 elapsed_ms=694970 vk_code=75 is_down=true injected=false key_class="Char" state_before="Idle" state_after="Idle" decision="PassThrough" physical="Allow" repeat_count=1 last_timestamp_us=694966519 last_elapsed_ms=0
2026-09-20T02:26:35.609221Z DEBUG execute_one{generation=None}: awase_windows::runtime::executor: [reinject] vk=0x4b down (queued passthrough now firing)
2026-09-20T02:26:35.672401Z DEBUG awase_windows::runtime::key_pipeline: [engine-input] vk=0x4B KeyUp ts=695029845us delay=0ms state=Idle mods(c=false s=false a=false w=false) gas_ctrl=false phys_ctrl=false extra=0x5350494B pending_drain=0 gate_active=false l_thumb=None r_thumb=None [diag-ctx] ime_on
2026-09-20T02:26:35.672448Z DEBUG awase::engine::engine: [diag-engine-active] ime_on=true なのに非活性: reason=Inactive(NotRomajiInput) romaji_capable=false japanese=true user_enabled=true was_active=false input_mode=ObservedEisu
2026-09-20T02:26:35.672515Z DEBUG awase::journal: key input seq=2125 elapsed_ms=695033 vk_code=75 is_down=false injected=false key_class="Char" state_before="Idle" state_after="Idle" decision="PassThrough" physical="Allow" repeat_count=1 last_timestamp_us=695029845 last_elapsed_ms=0
2026-09-20T02:26:35.672650Z DEBUG execute_one{generation=None}: awase_windows::runtime::executor: [reinject] vk=0x4b up (queued passthrough now firing)
2026-09-20T02:26:36.107525Z DEBUG awase_windows::runtime::key_pipeline: [engine-input] vk=0x1B KeyDown ts=695465069us delay=0ms state=Idle mods(c=false s=false a=false w=false) gas_ctrl=false phys_ctrl=false extra=0x5350494B pending_drain=0 gate_active=false l_thumb=None r_thumb=None [diag-ctx] ime_
2026-09-20T02:26:36.107556Z DEBUG awase::engine::engine: [diag-engine-active] ime_on=true なのに非活性: reason=Inactive(NotRomajiInput) romaji_capable=false japanese=true user_enabled=true was_active=false input_mode=ObservedEisu
2026-09-20T02:26:36.107595Z DEBUG awase::journal: key input seq=2126 elapsed_ms=695468 vk_code=27 is_down=true injected=false key_class="Passthrough" state_before="Idle" state_after="Idle" decision="PassThrough" physical="Allow" repeat_count=1 last_timestamp_us=695465069 last_elapsed_ms=0
2026-09-20T02:26:36.107647Z DEBUG execute_from_hook: awase_windows::runtime::executor: [relay-passthrough] PassThrough idle: direct OS pass-through (vk=0x1b down)
2026-09-20T02:26:36.107681Z DEBUG execute_one{generation=None}: awase_windows::runtime::executor: [reinject] vk=0x1b down (queued passthrough now firing)
2026-09-20T02:26:36.169666Z DEBUG awase_windows::runtime::key_pipeline: [engine-input] vk=0x1B KeyUp ts=695527149us delay=0ms state=Idle mods(c=false s=false a=false w=false) gas_ctrl=false phys_ctrl=false extra=0x5350494B pending_drain=0 gate_active=false l_thumb=None r_thumb=None [diag-ctx] ime_on
2026-09-20T02:26:36.169712Z DEBUG awase::engine::engine: [diag-engine-active] ime_on=true なのに非活性: reason=Inactive(NotRomajiInput) romaji_capable=false japanese=true user_enabled=true was_active=false input_mode=ObservedEisu
2026-09-20T02:26:36.169778Z DEBUG awase::journal: key input seq=2127 elapsed_ms=695530 vk_code=27 is_down=false injected=false key_class="Passthrough" state_before="Idle" state_after="Idle" decision="PassThrough" physical="Allow" repeat_count=1 last_timestamp_us=695527149 last_elapsed_ms=0
2026-09-20T02:26:36.169873Z DEBUG execute_from_hook: awase_windows::runtime::executor: [relay-passthrough] PassThrough idle: direct OS pass-through (vk=0x1b up)
2026-09-20T02:26:36.169938Z DEBUG execute_one{generation=None}: awase_windows::runtime::executor: [reinject] vk=0x1b up (queued passthrough now firing)
2026-09-20T02:26:38.124344Z DEBUG awase_windows::runtime::key_pipeline: [shadow-toggle] vk=0x1DはFSM delegate所有 → belief書き込み/actuationをスキップ w_ops0=119928 x_ops0=265917 x_KB0=25.1
2026-09-20T02:26:38.124402Z DEBUG awase_windows::runtime::key_pipeline: [shadow-toggle] no-op: vk=0x1D action=Toggle source=PhysicalImeKey effective_open は既に true → apply-ime 見送り
2026-09-20T02:26:38.124458Z DEBUG awase_windows::runtime::key_pipeline: [engine-input] vk=0x1D KeyDown ts=697481255us delay=0ms state=Idle mods(c=false s=false a=false w=false) gas_ctrl=false phys_ctrl=false extra=0x5350494B pending_drain=0 gate_active=false l_thumb=Some(697480314) r_thumb=None [dia
2026-09-20T02:26:38.124517Z DEBUG awase::engine::engine: [diag-engine-active] ime_on=true なのに非活性: reason=Inactive(NotRomajiInput) romaji_capable=false japanese=true user_enabled=true was_active=false input_mode=ObservedEisu
2026-09-20T02:26:38.124628Z DEBUG awase::journal: key input seq=2128 elapsed_ms=697485 vk_code=29 is_down=true injected=false key_class="LeftThumb" state_before="Idle" state_after="Idle" decision="PassThrough" physical="Allow" repeat_count=1 last_timestamp_us=697481255 last_elapsed_ms=0
2026-09-20T02:26:38.124853Z DEBUG execute_one{generation=None}: awase_windows::runtime::executor: [reinject] vk=0x1d down (queued passthrough now firing)
2026-09-20T02:26:38.147065Z DEBUG awase_windows::tsf::gji_monitor: [gji-io] WRITE: w_ops=+2 w_KB=+0.0 (r_ops=+4 x_ops=+4 x_KB=+0.0)
2026-09-20T02:26:38.169737Z DEBUG awase_windows::runtime::key_pipeline: [engine-input] vk=0x1D KeyUp ts=697527227us delay=0ms state=Idle mods(c=false s=false a=false w=false) gas_ctrl=false phys_ctrl=false extra=0x5350494B pending_drain=0 gate_active=false l_thumb=None r_thumb=None [diag-ctx] ime_on
2026-09-20T02:26:38.169784Z DEBUG awase::engine::engine: [diag-engine-active] ime_on=true なのに非活性: reason=Inactive(NotRomajiInput) romaji_capable=false japanese=true user_enabled=true was_active=false input_mode=ObservedEisu
2026-09-20T02:26:38.169850Z DEBUG awase::journal: key input seq=2129 elapsed_ms=697530 vk_code=29 is_down=false injected=false key_class="LeftThumb" state_before="Idle" state_after="Idle" decision="PassThrough" physical="Allow" repeat_count=1 last_timestamp_us=697527227 last_elapsed_ms=0
2026-09-20T02:26:38.169984Z DEBUG execute_one{generation=None}: awase_windows::runtime::executor: [reinject] vk=0x1d up (queued passthrough now firing)
2026-09-20T02:26:38.772506Z DEBUG awase_windows::runtime::key_pipeline: [engine-input] vk=0x4B KeyDown ts=698129934us delay=0ms state=Idle mods(c=false s=false a=false w=false) gas_ctrl=false phys_ctrl=false extra=0x5350494B pending_drain=0 gate_active=false l_thumb=None r_thumb=None [diag-ctx] ime_
2026-09-20T02:26:38.772560Z DEBUG awase::engine::engine: [diag-engine-active] ime_on=true なのに非活性: reason=Inactive(NotRomajiInput) romaji_capable=false japanese=true user_enabled=true was_active=false input_mode=ObservedEisu
2026-09-20T02:26:38.772632Z DEBUG awase::journal: key input seq=2130 elapsed_ms=698133 vk_code=75 is_down=true injected=false key_class="Char" state_before="Idle" state_after="Idle" decision="PassThrough" physical="Allow" repeat_count=1 last_timestamp_us=698129934 last_elapsed_ms=0
2026-09-20T02:26:38.772924Z DEBUG execute_one{generation=None}: awase_windows::runtime::executor: [reinject] vk=0x4b down (queued passthrough now firing)
2026-09-20T02:26:38.785867Z DEBUG awase_windows::tsf::gji_monitor: [gji-io] WRITE: w_ops=+2 w_KB=+0.4 (r_ops=+4 x_ops=+4 x_KB=+0.0)
2026-09-20T02:26:38.786429Z  INFO awase_windows::tsf::win_event_obs: [gji-obs] candidate SHOW #83: last_gji_write=0ms ago
2026-09-20T02:26:38.835530Z DEBUG awase_windows::runtime::key_pipeline: [engine-input] vk=0x4B KeyUp ts=698193030us delay=0ms state=Idle mods(c=false s=false a=false w=false) gas_ctrl=false phys_ctrl=false extra=0x5350494B pending_drain=0 gate_active=false l_thumb=None r_thumb=None [diag-ctx] ime_on
2026-09-20T02:26:38.835577Z DEBUG awase::engine::engine: [diag-engine-active] ime_on=true なのに非活性: reason=Inactive(NotRomajiInput) romaji_capable=false japanese=true user_enabled=true was_active=false input_mode=ObservedEisu
2026-09-20T02:26:38.835644Z DEBUG awase::journal: key input seq=2131 elapsed_ms=698196 vk_code=75 is_down=false injected=false key_class="Char" state_before="Idle" state_after="Idle" decision="PassThrough" physical="Allow" repeat_count=1 last_timestamp_us=698193030 last_elapsed_ms=0
2026-09-20T02:26:38.835788Z DEBUG execute_one{generation=None}: awase_windows::runtime::executor: [reinject] vk=0x4b up (queued passthrough now firing)
2026-09-20T02:26:38.837486Z DEBUG awase_windows::platform: [gji-fsm] StartComposition (candidate SHOW)
2026-09-20T02:26:38.837502Z DEBUG gji_on_event{event=StartComposition}: awase_windows::tsf::gji_fsm: [gji-fsm] StartComposition: OnWarm → OnComposing(AlreadyWarm)
2026-09-20T02:26:38.837542Z DEBUG awase::journal: gji fsm transition seq=2132 elapsed_ms=698198 trigger="StartComposition(candidate SHOW)" state_before="OnWarm" state_after="OnComposing(Warm)"
2026-09-20T02:26:39.274611Z DEBUG awase_windows::runtime::key_pipeline: [engine-input] vk=0x1B KeyDown ts=698632056us delay=0ms state=Idle mods(c=false s=false a=false w=false) gas_ctrl=false phys_ctrl=false extra=0x5350494B pending_drain=0 gate_active=false l_thumb=None r_thumb=None [diag-ctx] ime_
2026-09-20T02:26:39.274660Z DEBUG awase::engine::engine: [diag-engine-active] ime_on=true なのに非活性: reason=Inactive(NotRomajiInput) romaji_capable=false japanese=true user_enabled=true was_active=false input_mode=ObservedEisu
2026-09-20T02:26:39.274727Z DEBUG awase::journal: key input seq=2133 elapsed_ms=698635 vk_code=27 is_down=true injected=false key_class="Passthrough" state_before="Idle" state_after="Idle" decision="PassThrough" physical="Allow" repeat_count=1 last_timestamp_us=698632056 last_elapsed_ms=0
2026-09-20T02:26:39.274821Z DEBUG execute_from_hook: awase_windows::runtime::executor: [relay-passthrough] PassThrough idle: direct OS pass-through (vk=0x1b down)
2026-09-20T02:26:39.274890Z DEBUG execute_one{generation=None}: awase_windows::runtime::executor: [reinject] vk=0x1b down (queued passthrough now firing)
2026-09-20T02:26:39.281799Z  INFO awase_windows::tsf::win_event_obs: [gji-obs] candidate HIDE: last_gji_write=500ms ago
2026-09-20T02:26:39.287627Z DEBUG awase_windows::tsf::gji_monitor: [gji-io] WRITE: w_ops=+2 w_KB=+0.4 (r_ops=+4 x_ops=+4 x_KB=+0.0)
2026-09-20T02:26:39.337010Z DEBUG awase_windows::runtime::key_pipeline: [engine-input] vk=0x1B KeyUp ts=698694363us delay=0ms state=Idle mods(c=false s=false a=false w=false) gas_ctrl=false phys_ctrl=false extra=0x5350494B pending_drain=0 gate_active=false l_thumb=None r_thumb=None [diag-ctx] ime_on
2026-09-20T02:26:39.337061Z DEBUG awase::engine::engine: [diag-engine-active] ime_on=true なのに非活性: reason=Inactive(NotRomajiInput) romaji_capable=false japanese=true user_enabled=true was_active=false input_mode=ObservedEisu
2026-09-20T02:26:39.337133Z DEBUG awase::journal: key input seq=2134 elapsed_ms=698698 vk_code=27 is_down=false injected=false key_class="Passthrough" state_before="Idle" state_after="Idle" decision="PassThrough" physical="Allow" repeat_count=1 last_timestamp_us=698694363 last_elapsed_ms=0
2026-09-20T02:26:39.337234Z DEBUG execute_from_hook: awase_windows::runtime::executor: [relay-passthrough] PassThrough idle: direct OS pass-through (vk=0x1b up)
2026-09-20T02:26:39.337303Z DEBUG execute_one{generation=None}: awase_windows::runtime::executor: [reinject] vk=0x1b up (queued passthrough now firing)
2026-09-20T02:26:39.339668Z DEBUG awase_windows::platform: [gji-fsm] EndComposition (candidate HIDE) epoch=FocusEpoch(83)
2026-09-20T02:26:39.339888Z DEBUG awase::journal: gji fsm transition seq=2135 elapsed_ms=698700 trigger="EndComposition(candidate HIDE, epoch=FocusEpoch(83))" state_before="OnComposing(Warm)" state_after="OnWarm"
2026-09-20T02:26:41.279451Z DEBUG awase_windows::hook: [hook] IME-mode vk=0xF0 up self_injected=false injected=false scan=0x70 extra=0x5350494B since_actuation_us=Some(31455326)
2026-09-20T02:26:41.279602Z DEBUG awase::journal: hook ime-mode diagnostic seq=2136 elapsed_ms=700640 vk_code=240 is_down=false self_injected=false injected=false scan=112
2026-09-20T02:26:41.279664Z DEBUG awase_windows::hook: [hook] IME-mode vk=0xF2 down self_injected=false injected=false scan=0x70 extra=0x5350494B since_actuation_us=Some(31455552)
2026-09-20T02:26:41.279800Z DEBUG awase_windows::runtime::key_pipeline: [engine-input] vk=0xF0 KeyUp ts=700637253us delay=0ms state=Idle mods(c=false s=false a=false w=false) gas_ctrl=false phys_ctrl=false extra=0x5350494B pending_drain=0 gate_active=false l_thumb=None r_thumb=None [diag-ctx] ime_on
2026-09-20T02:26:41.279835Z DEBUG awase::engine::engine: [diag-engine-active] ime_on=true なのに非活性: reason=Inactive(NotRomajiInput) romaji_capable=false japanese=true user_enabled=true was_active=false input_mode=ObservedEisu
2026-09-20T02:26:41.280113Z DEBUG awase::journal: key input seq=2137 elapsed_ms=700641 vk_code=240 is_down=false injected=false key_class="Passthrough" state_before="Idle" state_after="Idle" decision="PassThrough" physical="Suppress" repeat_count=1 last_timestamp_us=700637253 last_elapsed_ms=0
2026-09-20T02:26:41.280173Z DEBUG awase_windows::runtime::key_pipeline: [imm-cross] key suppress vk=0xf0 KeyUp (physical disposition)
2026-09-20T02:26:41.280233Z DEBUG awase::journal: hook ime-mode diagnostic seq=2138 elapsed_ms=700641 vk_code=242 is_down=true self_injected=false injected=false scan=112
2026-09-20T02:26:41.280313Z  INFO awase_windows::runtime::key_pipeline: [shadow-toggle] intent 昇格: vk=0xF2 scan=0x70 action=TurnOn kind=PhysicalImeKey injected=false true→true w_ops0=119934 x_ops0=265929 x_KB0=25.1
2026-09-20T02:26:41.280353Z DEBUG awase::journal: ime event seq=2139 elapsed_ms=700641 event_kind="UserImeSetIntent"
2026-09-20T02:26:41.280374Z DEBUG awase_windows::runtime::key_pipeline: [shadow-toggle] no-op: vk=0xF2 action=TurnOn source=PhysicalImeKey effective_open は既に true → apply-ime 見送り
2026-09-20T02:26:41.280404Z DEBUG awase::journal: ime event seq=2140 elapsed_ms=700641 event_kind="InputModeApplied"
2026-09-20T02:26:41.280419Z  INFO awase_windows::runtime::key_pipeline: [shadow-toggle] TurnOn (IME既にopen) + ObservedEisu → AssumedRomaji に リセット (UserTurnOnEisuReset)
2026-09-20T02:26:41.280439Z DEBUG awase_windows::runtime::key_pipeline: [engine-input] vk=0xF2 KeyDown ts=700637423us delay=0ms state=Idle mods(c=false s=false a=false w=false) gas_ctrl=false phys_ctrl=false extra=0x5350494B pending_drain=0 gate_active=false l_thumb=None r_thumb=None [diag-ctx] ime_
2026-09-20T02:26:41.280471Z  INFO awase::engine::engine: Engine activated (ime=true, romaji=true, japanese=true, user=true, reason=Active)
2026-09-20T02:26:41.280528Z DEBUG awase::journal: key input seq=2141 elapsed_ms=700641 vk_code=242 is_down=true injected=false key_class="Passthrough" state_before="Idle" state_after="Idle" decision="PassThroughWith" physical="Allow" repeat_count=1 last_timestamp_us=700637423 last_elapsed_ms=0
2026-09-20T02:26:41.280579Z DEBUG awase::journal: ime event seq=2142 elapsed_ms=700641 event_kind="EngineActivationSync"
2026-09-20T02:26:41.280611Z DEBUG awase::journal: ime event seq=2143 elapsed_ms=700641 event_kind="ImeApplyRequested"
2026-09-20T02:26:41.280626Z  INFO awase_windows::runtime::key_pipeline: IME control: preconditions.ime_on = true (SetOpenRequest, origin=ActivationSync), was_open_before=true last_intent_before=Some(true) poll suspended
2026-09-20T02:26:41.280666Z DEBUG awase_windows::runtime::key_pipeline: may_change_ime key passed through → IME refresh scheduled (20ms)
2026-09-20T02:26:41.280696Z DEBUG execute_from_hook: awase_windows::runtime::executor: [relay-flush] PassThroughWith: queue 2 effect(s) + reinject (vk=0xf2 down)
2026-09-20T02:26:41.280844Z DEBUG execute_one{generation=Some(ApplyGeneration(54))}:dispatch_ime_set_open{open=true generation=Some(ApplyGeneration(54))}: awase_windows::runtime::executor: [dispatch-ime] ImmCross async: optimistic applied_snapshot=true (suppress send_engine_state_ime_key)
2026-09-20T02:26:41.282062Z DEBUG execute_one{generation=Some(ApplyGeneration(54))}: awase_windows::platform: [engine-state-key] skipped (apply_ime_open aligned ime=true, profile=Standard)
2026-09-20T02:26:41.282135Z DEBUG execute_one{generation=Some(ApplyGeneration(54))}: awase_windows::runtime::executor: [reinject] vk=0xf2 down (queued passthrough now firing)
2026-09-20T02:26:41.282334Z DEBUG awase_windows::hook: [hook] IME-mode vk=0xF0 up self_injected=true injected=false scan=0x70 extra=0x4B45594D since_actuation_us=Some(31458218)
2026-09-20T02:26:41.283877Z DEBUG awase_windows::hook: [hook] IME-mode vk=0xF2 down self_injected=true injected=true scan=0x70 extra=0x4B45594D since_actuation_us=Some(31459762)
2026-09-20T02:26:41.286010Z DEBUG awase::journal: hook ime-mode diagnostic seq=2144 elapsed_ms=700646 vk_code=240 is_down=false self_injected=true injected=false scan=112
2026-09-20T02:26:41.286069Z DEBUG awase::journal: hook ime-mode diagnostic seq=2145 elapsed_ms=700647 vk_code=242 is_down=true self_injected=true injected=true scan=112
2026-09-20T02:26:41.286813Z DEBUG run_open_chain_async: awase_windows::ime_controller: [warrant-shadow] chain=async open=true origin=EventOrigin { source: SelfActuated { strategy: "engine_decision_async" }, epoch: Generation(0) } warranted
2026-09-20T02:26:41.286892Z  INFO run_open_chain_async:imm_cross_write{open=true}: awase_windows::runtime::open_chain: [apply-ime] ImmCross async: open=true composition_active=false show_seq=0 change_seq=0 (issue #138診断)
2026-09-20T02:26:41.291619Z DEBUG awase_windows::tsf::gji_monitor: [gji-io] WRITE: w_ops=+2 w_KB=+0.0 (r_ops=+4 x_ops=+4 x_KB=+0.0)
2026-09-20T02:26:41.293341Z DEBUG awase_windows::shadow_send_trace: [shadow-send] channel=ImeControl cmd=0x0006 lparam=1 issue_us=700647427
2026-09-20T02:26:41.293358Z DEBUG awase_windows::ime: set_ime_open_for_target: hwnd=HWND(0x1612a74) ime_wnd=HWND(0x740654) open=true success=true send_elapsed=3ms candidate_visible=false
2026-09-20T02:26:41.294036Z DEBUG run_open_chain_async:imm_cross_write{open=true}: awase_windows::ime: [imm-cross-actuate] hwnd=HWND(0x1612a74) open=Written conv=Some(Written)
2026-09-20T02:26:41.294088Z DEBUG run_open_chain_async:imm_cross_write{open=true}: awase_windows::runtime::open_chain: [apply-ime] ROMAN 補完結果: Written
2026-09-20T02:26:41.294172Z DEBUG run_open_chain_async: awase::journal: actuation decision seq=2146 elapsed_ms=700655 site="DispatchImeSetOpen" caller="None" open=true chain_len=4 attempts_len=1 gate_profile="Standard" gate_kind="Gji" gate_shadow_known=true gate_shadow_on=true gate_input_mode="Assum
2026-09-20T02:26:41.295120Z DEBUG on_ime_apply_complete{open=true outcome=AppliedWithoutSendInput generation=Some(ApplyGeneration(54)) reason=EngineDecision}: awase::journal: ime open applied seq=2147 elapsed_ms=700656 open=true outcome="AppliedWithoutSendInput" reason="EngineDecision"
2026-09-20T02:26:41.295334Z DEBUG on_ime_apply_complete{open=true outcome=AppliedWithoutSendInput generation=Some(ApplyGeneration(54)) reason=EngineDecision}: awase::journal: ime event seq=2148 elapsed_ms=700656 event_kind="ImeApplySucceeded"
2026-09-20T02:26:41.295364Z DEBUG on_ime_apply_complete{open=true outcome=AppliedWithoutSendInput generation=Some(ApplyGeneration(54)) reason=EngineDecision}: awase_windows::tsf::ime_mode_fsm: [ime-mode] SetOpen(true) applied → Hiragana (belief, unconfirmed)
2026-09-20T02:26:41.295391Z DEBUG on_ime_apply_complete{open=true outcome=AppliedWithoutSendInput generation=Some(ApplyGeneration(54)) reason=EngineDecision}: awase_windows::platform: [composition] ImeEffect::SetOpen(true) → marking cold
2026-09-20T02:26:41.295412Z DEBUG on_ime_apply_complete{open=true outcome=AppliedWithoutSendInput generation=Some(ApplyGeneration(54)) reason=EngineDecision}: awase_windows::tsf::probe: [composition] marked cold reason=SetOpenTrue idle=11953ms → next VK/TSF output will send VK_DBE_HIRAGANA warmup
2026-09-20T02:26:41.295461Z DEBUG on_ime_apply_complete{open=true outcome=AppliedWithoutSendInput generation=Some(ApplyGeneration(54)) reason=EngineDecision}:gji_on_event{event=ImeOn { injection_mode: Unicode, gji_idle_ms: 0 }}: awase_windows::tsf::gji_fsm: [gji-fsm] ImeOn: already on (OnWarm), igno
2026-09-20T02:26:41.295569Z DEBUG awase::journal: gji fsm transition seq=2149 elapsed_ms=700656 trigger="ImeOn(gji_idle_ms=0)" state_before="OnWarm" state_after="OnWarm"
2026-09-20T02:26:41.326196Z DEBUG awase_windows::runtime::ime_refresh: Explicit intent: bypassing typing-idle guard for IME verify (idle=47ms)
2026-09-20T02:26:41.326250Z DEBUG awase_windows::observer::ime_observer: IME snapshot: japanese=Some(true) ime_on=Some(true) romaji=Some(true) conv=Some("0x00000019") guard=false
2026-09-20T02:26:41.326343Z DEBUG awase::journal: ime event seq=2150 elapsed_ms=700687 event_kind="ObserverReported"
2026-09-20T02:26:41.333103Z DEBUG awase::journal: ime event seq=2151 elapsed_ms=700694 event_kind="InputModeObserved"
2026-09-20T02:26:41.967469Z DEBUG awase_windows::runtime::key_pipeline: [engine-input] vk=0x4B KeyDown ts=701324943us delay=0ms state=Idle mods(c=false s=false a=false w=false) gas_ctrl=false phys_ctrl=false extra=0x5350494B pending_drain=0 gate_active=false l_thumb=None r_thumb=None [diag-ctx] ime_
2026-09-20T02:26:41.967588Z DEBUG awase::journal: key input seq=2152 elapsed_ms=701328 vk_code=75 is_down=true injected=false key_class="Char" state_before="Idle" state_after="PendingChar(vk=0x4B)" decision="Consume" physical="Allow" repeat_count=1 last_timestamp_us=701324943 last_elapsed_ms=0
2026-09-20T02:26:42.028539Z DEBUG awase_windows::runtime::key_pipeline: [engine-input] vk=0x4B KeyUp ts=701385903us delay=0ms state=PendingChar(vk=0x4B) mods(c=false s=false a=false w=false) gas_ctrl=false phys_ctrl=false extra=0x5350494B pending_drain=0 gate_active=false l_thumb=None r_thumb=None [
2026-09-20T02:26:42.028659Z DEBUG awase::journal: key input seq=2153 elapsed_ms=701389 vk_code=75 is_down=false injected=false key_class="Char" state_before="PendingChar(vk=0x4B)" state_after="Idle" decision="Consume" physical="Allow" repeat_count=1 last_timestamp_us=701385903 last_elapsed_ms=0
2026-09-20T02:26:42.028852Z DEBUG execute_one{generation=None}: awase_windows::output: send_keys: mode=Unicode actions=[Char('き')] prev_elapsed=12688ms
2026-09-20T02:26:42.028881Z DEBUG execute_one{generation=None}: awase_windows::tsf::probe: [mark-send] last_send_ms=347236078
2026-09-20T02:26:42.028901Z DEBUG execute_one{generation=None}: awase_windows::output:   → Char('き') via Unicode
2026-09-20T02:26:42.031000Z DEBUG execute_one{generation=None}: awase_windows::tsf::probe: [mark-send] last_send_ms=347236078
2026-09-20T02:26:42.040127Z  INFO awase_windows::tsf::win_event_obs: [gji-obs] candidate SHOW #84: last_gji_write=750ms ago
2026-09-20T02:26:42.041139Z DEBUG awase_windows::tsf::gji_monitor: [gji-io] WRITE: w_ops=+2 w_KB=+0.3 (r_ops=+4 x_ops=+4 x_KB=+0.0)
2026-09-20T02:26:42.470027Z DEBUG awase_windows::runtime::key_pipeline: [engine-input] vk=0x1B KeyDown ts=701827424us delay=0ms state=Idle mods(c=false s=false a=false w=false) gas_ctrl=false phys_ctrl=false extra=0x5350494B pending_drain=0 gate_active=false l_thumb=None r_thumb=None [diag-ctx] ime_
2026-09-20T02:26:42.470164Z DEBUG awase::journal: key input seq=2154 elapsed_ms=701831 vk_code=27 is_down=true injected=false key_class="Passthrough" state_before="Idle" state_after="Idle" decision="PassThrough" physical="Allow" repeat_count=1 last_timestamp_us=701827424 last_elapsed_ms=0
2026-09-20T02:26:42.470263Z DEBUG execute_from_hook: awase_windows::runtime::executor: [relay-passthrough] PassThrough idle: direct OS pass-through (vk=0x1b down)
2026-09-20T02:26:42.470337Z DEBUG execute_one{generation=None}: awase_windows::runtime::executor: [reinject] vk=0x1b down (queued passthrough now firing)
2026-09-20T02:26:42.472970Z DEBUG awase_windows::platform: [gji-fsm] StartComposition (candidate SHOW)
2026-09-20T02:26:42.473027Z DEBUG gji_on_event{event=StartComposition}: awase_windows::tsf::gji_fsm: [gji-fsm] StartComposition: OnWarm → OnComposing(AlreadyWarm)
2026-09-20T02:26:42.473170Z DEBUG awase::journal: gji fsm transition seq=2155 elapsed_ms=701834 trigger="StartComposition(candidate SHOW)" state_before="OnWarm" state_after="OnComposing(Warm)"
2026-09-20T02:26:42.478938Z  INFO awase_windows::tsf::win_event_obs: [gji-obs] candidate HIDE: last_gji_write=438ms ago
2026-09-20T02:26:42.482856Z DEBUG awase_windows::tsf::gji_monitor: [gji-io] WRITE: w_ops=+2 w_KB=+0.3 (r_ops=+4 x_ops=+4 x_KB=+0.0)
2026-09-20T02:26:42.541308Z DEBUG awase_windows::runtime::key_pipeline: [engine-input] vk=0x1B KeyUp ts=701898665us delay=0ms state=Idle mods(c=false s=false a=false w=false) gas_ctrl=false phys_ctrl=false extra=0x5350494B pending_drain=0 gate_active=false l_thumb=None r_thumb=None [diag-ctx] ime_on
2026-09-20T02:26:42.541426Z DEBUG awase::journal: key input seq=2156 elapsed_ms=701902 vk_code=27 is_down=false injected=false key_class="Passthrough" state_before="Idle" state_after="Idle" decision="PassThrough" physical="Allow" repeat_count=1 last_timestamp_us=701898665 last_elapsed_ms=0
2026-09-20T02:26:42.541549Z DEBUG execute_from_hook: awase_windows::runtime::executor: [relay-passthrough] PassThrough idle: direct OS pass-through (vk=0x1b up)
2026-09-20T02:26:42.541648Z DEBUG execute_one{generation=None}: awase_windows::runtime::executor: [reinject] vk=0x1b up (queued passthrough now firing)
2026-09-20T02:26:42.546862Z DEBUG awase_windows::platform: [gji-fsm] EndComposition (candidate HIDE) epoch=FocusEpoch(84)
2026-09-20T02:26:42.547898Z DEBUG awase::journal: gji fsm transition seq=2157 elapsed_ms=701907 trigger="EndComposition(candidate HIDE, epoch=FocusEpoch(84))" state_before="OnComposing(Warm)" state_after="OnWarm"
2026-09-20T02:26:46.002988Z DEBUG awase_windows::tsf::gji_monitor: [gji-io] WRITE: w_ops=+1 w_KB=+0.0 (r_ops=+2 x_ops=+2 x_KB=+0.0)
2026-09-20T02:26:46.057871Z DEBUG awase_windows::runtime: [focus-sync] hwnd=0x3042C class="CASCADIA_HOSTING_WINDOW_CLASS" app_kind=Win32 hint=ForceTsf → mode=Tsf
2026-09-20T02:26:46.057920Z DEBUG awase_windows::runtime: [focus-sync] belief=ON かつ実状態を問い合わせられないプロファイル (profile=Imm32Unavailable) → 次の入力で再プライムするため cold mark
2026-09-20T02:26:46.057939Z DEBUG awase_windows::tsf::probe: [composition] marked cold reason=FocusChange idle=4031ms → next VK/TSF output will send VK_DBE_HIRAGANA warmup
2026-09-20T02:26:46.057965Z DEBUG awase_windows::tsf::tsf_gate: [tsf-gate] focus change → PendingWarmup (held cleared)
2026-09-20T02:26:46.062881Z DEBUG awase_windows::runtime: [focus-sync] hwnd=0x30580 class="Windows.UI.Composition.DesktopWindowContentBridge" app_kind=Win32 hint=Default → mode=Unicode
2026-09-20T02:26:46.062927Z DEBUG awase_windows::output: [tsf-gate] focus change while PendingWarmup — held バッファを保持して再初期化スキップ (Chrome等の連続フォーカスイベント対策)
2026-09-20T02:26:46.067781Z DEBUG awase_windows::runtime: [focus-sync] hwnd=0x5058A class="Windows.UI.Input.InputSite.WindowClass" app_kind=Uwp hint=ForceTsf → mode=Tsf
2026-09-20T02:26:46.067814Z DEBUG awase_windows::runtime: [focus-sync] belief=ON かつ実状態を問い合わせられないプロファイル (profile=TsfNative) → 次の入力で再プライムするため cold mark
2026-09-20T02:26:46.067833Z DEBUG awase_windows::tsf::probe: [composition] marked cold reason=FocusChange idle=4031ms → next VK/TSF output will send VK_DBE_HIRAGANA warmup
2026-09-20T02:26:46.067850Z DEBUG awase_windows::output: [tsf-gate] focus change while PendingWarmup — held バッファを保持して再初期化スキップ (Chrome等の連続フォーカスイベント対策)
2026-09-20T02:26:46.169941Z  INFO apply_focus_probe_result: awase_windows::runtime::focus_tracking: AppKind changed: Win32 → Uwp (class=Windows.UI.Input.InputSite.WindowClass)
2026-09-20T02:26:46.177839Z DEBUG apply_focus_probe_result: awase_windows::runtime::focus_tracking: Focus kind changed: TextInput → Undetermined (reason=Undetermined)
2026-09-20T02:26:46.178192Z DEBUG apply_focus_probe_result: awase::journal: focus transition seq=2158 elapsed_ms=705539 changed_process=true changed_window=true changed_app_kind=true changed_focus_kind=true dwell_ms=36203 profile="TsfNative"
2026-09-20T02:26:46.178409Z  INFO apply_focus_probe_result: awase_windows::runtime::focus_tracking: FocusChange [896→19612] Windows.UI.Input.InputSite.WindowClass: stale ime_on=true intent=Some(true) mode=ObservedRomaji japanese=true
2026-09-20T02:26:46.178433Z DEBUG apply_focus_probe_result: awase_windows::tsf::probe: [composition] focus changed → marked cold
2026-09-20T02:26:46.178451Z DEBUG apply_focus_probe_result: awase_windows::runtime: [keymap] active rules recomputed: 0 rule(s) for process="windowsterminal.exe"
2026-09-20T02:26:46.178465Z DEBUG apply_focus_probe_result: awase_windows::runtime::focus_tracking: [keymap] active rules updated on focus change: 0 rule(s) (hwnd=HWND(0x5058a) kind=Undetermined focus_epoch=25)
2026-09-20T02:26:46.178494Z DEBUG apply_focus_probe_result:reduce: awase_windows::state::ime_model: [explicit-intent] cleared (focus change)
2026-09-20T02:26:46.178513Z DEBUG apply_focus_probe_result: awase::journal: ime event seq=2159 elapsed_ms=705539 event_kind="FocusChanged"
2026-09-20T02:26:46.178602Z DEBUG apply_focus_probe_result: awase_windows::runtime::focus_tracking: [focus] TsfNative/SSOT: cache restore スキップ (desired_open=true cache_hwnd=Some(329098) new_hwnd=329098) — 最初のキー入力で dispatch_ime が apply
2026-09-20T02:26:46.178789Z DEBUG awase_windows::runtime::ime_refresh: Skipping IMM query for known-broken class (shadow state SSOT)
2026-09-20T02:26:46.178799Z DEBUG awase_windows::observer::gji_observer: [gji-poll] GJI I/O 188ms ago predates focus change (188ms before focus) → skipped
2026-09-20T02:26:46.178815Z DEBUG awase_windows::runtime::ime_refresh: [composition] focus change → marking cold
2026-09-20T02:26:46.178823Z DEBUG awase_windows::tsf::probe: [composition] marked cold reason=FocusChange idle=4156ms → next VK/TSF output will send VK_DBE_HIRAGANA warmup
2026-09-20T02:26:46.178851Z DEBUG gji_on_event{event=FocusChange { injection_mode: Tsf, gji_idle_ms: 188 }}: awase_windows::tsf::gji_fsm: [gji-fsm] FocusChange gji_idle=188ms → Short
2026-09-20T02:26:46.178892Z DEBUG awase_windows::platform: [gji-fsm] StartProbe probe_id=ProbeId(40) forces_f2=false long=false
2026-09-20T02:26:46.178904Z DEBUG awase_windows::tsf::ime_mode_fsm: [ime-mode] FocusChange → Unknown
2026-09-20T02:26:46.178940Z DEBUG awase::journal: gji fsm transition seq=2160 elapsed_ms=705539 trigger="FocusChange(gji_idle_ms=188)" state_before="OnWarm" state_after="OnCold(Short)"
2026-09-20T02:26:46.178956Z DEBUG awase::journal: tsf probe started seq=2161 elapsed_ms=705539 source="GjiAction::StartProbe" cold_seq=2 probe_id=40 probe_id_present=true gji_state="OnCold(Short)" consecutive_at_start=0 pending_deferred_len=0
2026-09-20T02:26:46.179000Z DEBUG awase_windows::shadow_send_trace: [shadow-send] channel=SendInput kind=tsf_marker_warmup vk=[16] issue_us=705536701
2026-09-20T02:26:46.179143Z DEBUG awase_windows::hook: [hook] IME-mode vk=0x16 down self_injected=true injected=true scan=0xF2 extra=0x4B455946 since_actuation_us=Some(149)
2026-09-20T02:26:46.180323Z DEBUG awase_windows::hook: [hook] IME-mode vk=0x16 up self_injected=true injected=true scan=0xF2 extra=0x4B455946 since_actuation_us=Some(1323)
2026-09-20T02:26:46.181031Z  INFO awase_windows::output: [tsf-eager-warmup] VK_IME_ON 送信 (origin=gated), eager_warmup_sent_ms=347240234ms
2026-09-20T02:26:46.181074Z DEBUG awase_windows::runtime::ime_refresh: [composition] FocusChange: send_eager_tsf_warmup called (ime_on via warmup_ime_on())
2026-09-20T02:26:46.182102Z DEBUG awase_windows::platform: [ime-mode] FocusProbe: GJI actuation との交錯を検知 → hint更新をabandon
2026-09-20T02:26:46.182147Z DEBUG awase::journal: hook ime-mode diagnostic seq=2162 elapsed_ms=705543 vk_code=22 is_down=true self_injected=true injected=true scan=242
2026-09-20T02:26:46.182170Z DEBUG awase::journal: hook ime-mode diagnostic seq=2163 elapsed_ms=705543 vk_code=22 is_down=false self_injected=true injected=true scan=242
2026-09-20T02:26:46.201127Z DEBUG awase_windows::tsf::gji_monitor: [gji-io] WRITE: w_ops=+1 w_KB=+0.0 (r_ops=+2 x_ops=+2 x_KB=+0.0)
2026-09-20T02:26:51.737382Z  WARN awase_windows::runtime::message_handlers: Hook watchdog: no activity for 5547ms (OS全体の最終入力は5547ms前、OSも無操作のため単なるアイドルの可能性が高い)
2026-09-20T02:26:54.737358Z  WARN awase_windows::runtime::message_handlers: Hook watchdog: no activity for 8547ms (OS全体の最終入力は8547ms前、OSも無操作のため単なるアイドルの可能性が高い)
2026-09-20T02:26:57.732432Z  WARN awase_windows::runtime::message_handlers: Hook watchdog: no activity for 11547ms (OS全体の最終入力は844ms前 → フックにイベントが届いていない疑い(issue #165))
2026-09-20T02:27:00.726060Z  WARN awase_windows::runtime::message_handlers: Hook watchdog: no activity for 14547ms (OS全体の最終入力は3844ms前 → フックにイベントが届いていない疑い(issue #165))
2026-09-20T02:27:03.738353Z  WARN awase_windows::runtime::message_handlers: Hook watchdog: no activity for 17547ms (OS全体の最終入力は6844ms前、OSも無操作のため単なるアイドルの可能性が高い)
script error: Output type incorrect: bool (expecting ())
