=== IME key matrix spike (awase 非依存) ===
観測: A=IMM(ImmGet*) / B=WM_IME_CONTROL / T=TSFスレッドcompartment / G=TSFグローバルcompartment
conv の目安: 0x19=ひらがな(NATIVE|FULLSHAPE|ROMAN) 0x10=半角英数(ROMAN) 0x00=直接入力系
手順: awase を止める → 画面中段の案内に従ってキーを1回ずつ押す（全 2ラウンド×20ステップ、各押下後は3秒待機）
ROUND1=標準EDIT / ROUND2=RichEdit(TSFネイティブ)。そのキーが無い場合は Ctrl+Shift+F12 でスキップ
ログファイル: C:\Users\cuzic\scoop\persist\msys2\home\cuzic\awase-spike\target\debug\examples\ime_key_matrix_spike.log

=== ROUND 2/2: 対象コントロール = RichEdit 5.0(TSFネイティブ) ===
[AUTO] フォーカス復帰(入力欄)
[AUTO] 準備 STEP 1: 現在=直接入力 必要=IME ON・かな・入力なし → VK 0x1C を注入
[03:05:40.539Z] KEY [準備/その他] 変換 vk=0x1C scan=0x79 press=03:05:40.024Z (auto)  状態=直接入力
    前     : A(open=0 conv=0x09) B(open=0 conv=0x09) T(open=0 conv=0x09) G(open=0 conv=0x00) comp="" tail=""
    +100ms: A(open=1 conv=0x19) B(open=1 conv=0x19) T(open=1 conv=0x19) G(open=0 conv=0x00) comp="" tail=""
    +400ms: A(open=1 conv=0x19) B(open=1 conv=0x19) T(open=1 conv=0x19) G(open=0 conv=0x00) comp="" tail=""
    差分 (前→+100ms): Δ open A:0→1 B:0→1 / conv A:0x09→0x19 B:0x09→0x19 / tsf-thread open:0→1 conv:0x09→0x19   (前→+400ms): Δ open A:0→1 B:0→1 / conv A:0x09→0x19 B:0x09→0x19 / tsf-thread open:0→1 conv:0x09→0x19
[03:05:41.776Z] KEY [SCRIPT 1/10 ひらがなキー 期待=ONのまま半角英数へ(conv 0x10)。Engine OFF(決定3保留のため遅延の可能性あり)] ひらがな(0xF2) vk=0xF2 scan=0x70 press=03:05:41.276Z (auto)  状態=IME ON・入力なし
    前     : A(open=1 conv=0x19) B(open=1 conv=0x19) T(open=1 conv=0x19) G(open=0 conv=0x00) comp="" tail=""
    +100ms: A(open=1 conv=0x10) B(open=1 conv=0x10) T(open=1 conv=0x10) G(open=0 conv=0x00) comp="" tail=""
    +400ms: A(open=1 conv=0x10) B(open=1 conv=0x10) T(open=1 conv=0x10) G(open=0 conv=0x00) comp="k" tail=""
    差分 (前→+100ms): Δ conv A:0x19→0x10 B:0x19→0x10 / tsf-thread open:1→1 conv:0x19→0x10   (前→+400ms): Δ conv A:0x19→0x10 B:0x19→0x10 / tsf-thread open:1→1 conv:0x19→0x10 / comp:Some("")→Some("k")
[03:05:42.339Z] KEY [準備/その他] ESC vk=0x1B scan=0x01 press=03:05:41.863Z (auto)  状態=IME ON・入力中
    前     : A(open=1 conv=0x10) B(open=1 conv=0x10) T(open=1 conv=0x10) G(open=0 conv=0x00) comp="k" tail=""
    +100ms: A(open=1 conv=0x10) B(open=1 conv=0x10) T(open=1 conv=0x10) G(open=0 conv=0x00) comp="" tail=""
    +400ms: A(open=1 conv=0x10) B(open=1 conv=0x10) T(open=1 conv=0x10) G(open=0 conv=0x00) comp="" tail=""
    差分 (前→+100ms): Δ comp:Some("k")→Some("")   (前→+400ms): Δ comp:Some("k")→Some("")
[03:05:44.906Z] KEY [SCRIPT 2/10 無変換 期待=IME OFF(直接入力)。Engine OFF] 無変換 vk=0x1D scan=0x7B press=03:05:44.410Z (auto)  状態=IME ON・入力なし
    前     : A(open=1 conv=0x10) B(open=1 conv=0x10) T(open=1 conv=0x10) G(open=0 conv=0x00) comp="" tail=""
    +100ms: A(open=0 conv=0x10) B(open=0 conv=0x10) T(open=0 conv=0x10) G(open=0 conv=0x00) comp="" tail=""
    +400ms: A(open=0 conv=0x10) B(open=0 conv=0x10) T(open=0 conv=0x10) G(open=0 conv=0x00) comp="" tail="k"
    差分 (前→+100ms): Δ open A:1→0 B:1→0 / tsf-thread open:1→0 conv:0x10→0x10   (前→+400ms): Δ open A:1→0 B:1→0 / tsf-thread open:1→0 conv:0x10→0x10 / tail:""→"k"
[03:05:45.466Z] KEY [準備/その他] ESC vk=0x1B scan=0x01 press=03:05:44.967Z (auto)  状態=直接入力
    前     : A(open=0 conv=0x10) B(open=0 conv=0x10) T(open=0 conv=0x10) G(open=0 conv=0x00) comp="" tail="k"
    +100ms: A(open=0 conv=0x10) B(open=0 conv=0x10) T(open=0 conv=0x10) G(open=0 conv=0x00) comp="" tail="k"
    +400ms: A(open=0 conv=0x10) B(open=0 conv=0x10) T(open=0 conv=0x10) G(open=0 conv=0x00) comp="" tail="k"
    差分 (前→+100ms): Δなし   (前→+400ms): Δなし
[03:05:48.038Z] KEY [SCRIPT 3/10 無変換 期待=IME ON・半角英数のまま(conv 0x10)。Engine は OFF のまま ← 決定2の核心] 無変換 vk=0x1D scan=0x7B press=03:05:47.537Z (auto)  状態=直接入力
    前     : A(open=0 conv=0x10) B(open=0 conv=0x10) T(open=0 conv=0x10) G(open=0 conv=0x00) comp="" tail="k"
    +100ms: A(open=1 conv=0x10) B(open=1 conv=0x10) T(open=1 conv=0x10) G(open=0 conv=0x00) comp="" tail="k"
    +400ms: A(open=1 conv=0x10) B(open=1 conv=0x10) T(open=1 conv=0x10) G(open=0 conv=0x00) comp="k" tail="k"
    差分 (前→+100ms): Δ open A:0→1 B:0→1 / tsf-thread open:0→1 conv:0x10→0x10   (前→+400ms): Δ open A:0→1 B:0→1 / tsf-thread open:0→1 conv:0x10→0x10 / comp:Some("")→Some("k")
[03:05:48.599Z] KEY [準備/その他] ESC vk=0x1B scan=0x01 press=03:05:48.106Z (auto)  状態=IME ON・入力中
    前     : A(open=1 conv=0x10) B(open=1 conv=0x10) T(open=1 conv=0x10) G(open=0 conv=0x00) comp="k" tail="k"
    +100ms: A(open=1 conv=0x10) B(open=1 conv=0x10) T(open=1 conv=0x10) G(open=0 conv=0x00) comp="" tail="k"
    +400ms: A(open=1 conv=0x10) B(open=1 conv=0x10) T(open=1 conv=0x10) G(open=0 conv=0x00) comp="" tail="k"
    差分 (前→+100ms): Δ comp:Some("k")→Some("")   (前→+400ms): Δ comp:Some("k")→Some("")
[03:05:51.203Z] KEY [SCRIPT 4/10 ひらがなキー 期待=かなに戻る(conv 0x19)。Engine ON(遅延の可能性あり)] ひらがな(0xF2) vk=0xF2 scan=0x70 press=03:05:50.727Z (auto)  状態=IME ON・入力なし
    前     : A(open=1 conv=0x10) B(open=1 conv=0x10) T(open=1 conv=0x10) G(open=0 conv=0x00) comp="" tail="k"
    +100ms: A(open=1 conv=0x19) B(open=1 conv=0x19) T(open=1 conv=0x19) G(open=0 conv=0x00) comp="" tail="k"
    +400ms: A(open=1 conv=0x19) B(open=1 conv=0x19) T(open=1 conv=0x19) G(open=0 conv=0x00) comp="き" tail="k"
    差分 (前→+100ms): Δ conv A:0x10→0x19 B:0x10→0x19 / tsf-thread open:1→1 conv:0x10→0x19   (前→+400ms): Δ conv A:0x10→0x19 B:0x10→0x19 / tsf-thread open:1→1 conv:0x10→0x19 / comp:Some("")→Some("き")
[03:05:51.786Z] KEY [準備/その他] ESC vk=0x1B scan=0x01 press=03:05:51.297Z (auto)  状態=IME ON・入力中
    前     : A(open=1 conv=0x19) B(open=1 conv=0x19) T(open=1 conv=0x19) G(open=0 conv=0x00) comp="き" tail="k"
    +100ms: A(open=1 conv=0x19) B(open=1 conv=0x19) T(open=1 conv=0x19) G(open=0 conv=0x00) comp="" tail="k"
    +400ms: A(open=1 conv=0x19) B(open=1 conv=0x19) T(open=1 conv=0x19) G(open=0 conv=0x00) comp="" tail="k"
    差分 (前→+100ms): Δ comp:Some("き")→Some("")   (前→+400ms): Δ comp:Some("き")→Some("")
[03:05:54.427Z] KEY [SCRIPT 5/10 無変換 期待=IME OFF。Engine OFF] 無変換 vk=0x1D scan=0x7B press=03:05:53.899Z (auto)  状態=IME ON・入力なし
    前     : A(open=1 conv=0x19) B(open=1 conv=0x19) T(open=1 conv=0x19) G(open=0 conv=0x00) comp="" tail="k"
    +100ms: A(open=0 conv=0x19) B(open=0 conv=0x19) T(open=0 conv=0x19) G(open=0 conv=0x00) comp="" tail="k"
    +400ms: A(open=0 conv=0x19) B(open=0 conv=0x19) T(open=0 conv=0x19) G(open=0 conv=0x00) comp="" tail="kk"
    差分 (前→+100ms): Δ open A:1→0 B:1→0 / tsf-thread open:1→0 conv:0x19→0x19   (前→+400ms): Δ open A:1→0 B:1→0 / tsf-thread open:1→0 conv:0x19→0x19 / tail:"k"→"kk"
[03:05:54.989Z] KEY [準備/その他] ESC vk=0x1B scan=0x01 press=03:05:54.490Z (auto)  状態=直接入力
    前     : A(open=0 conv=0x19) B(open=0 conv=0x19) T(open=0 conv=0x19) G(open=0 conv=0x00) comp="" tail="kk"
    +100ms: A(open=0 conv=0x19) B(open=0 conv=0x19) T(open=0 conv=0x19) G(open=0 conv=0x00) comp="" tail="kk"
    +400ms: A(open=0 conv=0x19) B(open=0 conv=0x19) T(open=0 conv=0x19) G(open=0 conv=0x00) comp="" tail="kk"
    差分 (前→+100ms): Δなし   (前→+400ms): Δなし
[03:05:55.051Z] KEY [準備/その他] ESC vk=0x1B scan=0x01 press=03:05:54.564Z (injected)  状態=直接入力
    前     : A(open=0 conv=0x19) B(open=0 conv=0x19) T(open=0 conv=0x19) G(open=0 conv=0x00) comp="" tail="kk"
    +100ms: A(open=0 conv=0x19) B(open=0 conv=0x19) T(open=0 conv=0x19) G(open=0 conv=0x00) comp="" tail="kk"
    +400ms: A(open=0 conv=0x19) B(open=0 conv=0x19) T(open=0 conv=0x19) G(open=0 conv=0x00) comp="" tail="kk"
    差分 (前→+100ms): Δなし   (前→+400ms): Δなし
[03:05:57.551Z] KEY [SCRIPT 6/10 無変換 期待=IME ON(かな)。Engine ON] 無変換 vk=0x1D scan=0x7B press=03:05:57.040Z (auto)  状態=直接入力
    前     : A(open=0 conv=0x19) B(open=0 conv=0x19) T(open=0 conv=0x19) G(open=0 conv=0x00) comp="" tail="kk"
    +100ms: A(open=1 conv=0x19) B(open=1 conv=0x19) T(open=1 conv=0x19) G(open=0 conv=0x00) comp="" tail="kk"
    +400ms: A(open=1 conv=0x19) B(open=1 conv=0x19) T(open=1 conv=0x19) G(open=0 conv=0x00) comp="き" tail="kk"
    差分 (前→+100ms): Δ open A:0→1 B:0→1 / tsf-thread open:0→1 conv:0x19→0x19   (前→+400ms): Δ open A:0→1 B:0→1 / tsf-thread open:0→1 conv:0x19→0x19 / comp:Some("")→Some("き")
[03:05:58.113Z] KEY [準備/その他] ESC vk=0x1B scan=0x01 press=03:05:57.611Z (auto)  状態=IME ON・入力中
    前     : A(open=1 conv=0x19) B(open=1 conv=0x19) T(open=1 conv=0x19) G(open=0 conv=0x00) comp="き" tail="kk"
    +100ms: A(open=1 conv=0x19) B(open=1 conv=0x19) T(open=1 conv=0x19) G(open=0 conv=0x00) comp="" tail="kk"
    +400ms: A(open=1 conv=0x19) B(open=1 conv=0x19) T(open=1 conv=0x19) G(open=0 conv=0x00) comp="" tail="kk"
    差分 (前→+100ms): Δ comp:Some("き")→Some("")   (前→+400ms): Δ comp:Some("き")→Some("")
[03:06:00.668Z] KEY [SCRIPT 7/10 ひらがなキー 期待=ONのまま半角英数へ。Engine は(遅延で)OFF] ひらがな(0xF2) vk=0xF2 scan=0x70 press=03:06:00.172Z (auto)  状態=IME ON・入力なし
    前     : A(open=1 conv=0x19) B(open=1 conv=0x19) T(open=1 conv=0x19) G(open=0 conv=0x00) comp="" tail="kk"
    +100ms: A(open=1 conv=0x10) B(open=1 conv=0x10) T(open=1 conv=0x10) G(open=0 conv=0x00) comp="" tail="kk"
    +400ms: A(open=1 conv=0x10) B(open=1 conv=0x10) T(open=1 conv=0x10) G(open=0 conv=0x00) comp="k" tail="kk"
    差分 (前→+100ms): Δ conv A:0x19→0x10 B:0x19→0x10 / tsf-thread open:1→1 conv:0x19→0x10   (前→+400ms): Δ conv A:0x19→0x10 B:0x19→0x10 / tsf-thread open:1→1 conv:0x19→0x10 / comp:Some("")→Some("k")
[03:06:01.231Z] KEY [準備/その他] ESC vk=0x1B scan=0x01 press=03:06:00.742Z (auto)  状態=IME ON・入力中
    前     : A(open=1 conv=0x10) B(open=1 conv=0x10) T(open=1 conv=0x10) G(open=0 conv=0x00) comp="k" tail="kk"
    +100ms: A(open=1 conv=0x10) B(open=1 conv=0x10) T(open=1 conv=0x10) G(open=0 conv=0x00) comp="" tail="kk"
    +400ms: A(open=1 conv=0x10) B(open=1 conv=0x10) T(open=1 conv=0x10) G(open=0 conv=0x00) comp="" tail="kk"
    差分 (前→+100ms): Δ comp:Some("k")→Some("")   (前→+400ms): Δ comp:Some("k")→Some("")
[03:06:03.884Z] KEY [SCRIPT 8/10 無変換 期待=IME OFF。Engine OFF] 無変換 vk=0x1D scan=0x7B press=03:06:03.370Z (auto)  状態=IME ON・入力なし
    前     : A(open=1 conv=0x10) B(open=1 conv=0x10) T(open=1 conv=0x10) G(open=0 conv=0x00) comp="" tail="kk"
    +100ms: A(open=0 conv=0x10) B(open=0 conv=0x10) T(open=0 conv=0x10) G(open=0 conv=0x00) comp="" tail="kk"
    +400ms: A(open=0 conv=0x10) B(open=0 conv=0x10) T(open=0 conv=0x10) G(open=0 conv=0x00) comp="" tail="kkk"
    差分 (前→+100ms): Δ open A:1→0 B:1→0 / tsf-thread open:1→0 conv:0x10→0x10   (前→+400ms): Δ open A:1→0 B:1→0 / tsf-thread open:1→0 conv:0x10→0x10 / tail:"kk"→"kkk"
[03:06:04.444Z] KEY [準備/その他] ESC vk=0x1B scan=0x01 press=03:06:03.950Z (auto)  状態=直接入力
    前     : A(open=0 conv=0x10) B(open=0 conv=0x10) T(open=0 conv=0x10) G(open=0 conv=0x00) comp="" tail="kkk"
    +100ms: A(open=0 conv=0x10) B(open=0 conv=0x10) T(open=0 conv=0x10) G(open=0 conv=0x00) comp="" tail="kkk"
    +400ms: A(open=0 conv=0x10) B(open=0 conv=0x10) T(open=0 conv=0x10) G(open=0 conv=0x00) comp="" tail="kkk"
    差分 (前→+100ms): Δなし   (前→+400ms): Δなし
[03:06:06.998Z] KEY [SCRIPT 9/10 無変換 期待=IME ON・半角英数のまま。Engine が ON にならないこと ← 退行窓の確認] 無変換 vk=0x1D scan=0x7B press=03:06:06.499Z (auto)  状態=直接入力
    前     : A(open=0 conv=0x10) B(open=0 conv=0x10) T(open=0 conv=0x10) G(open=0 conv=0x00) comp="" tail="kkk"
    +100ms: A(open=1 conv=0x10) B(open=1 conv=0x10) T(open=1 conv=0x10) G(open=0 conv=0x00) comp="" tail="kkk"
    +400ms: A(open=1 conv=0x10) B(open=1 conv=0x10) T(open=1 conv=0x10) G(open=0 conv=0x00) comp="k" tail="kkk"
    差分 (前→+100ms): Δ open A:0→1 B:0→1 / tsf-thread open:0→1 conv:0x10→0x10   (前→+400ms): Δ open A:0→1 B:0→1 / tsf-thread open:0→1 conv:0x10→0x10 / comp:Some("")→Some("k")
[03:06:07.560Z] KEY [準備/その他] ESC vk=0x1B scan=0x01 press=03:06:07.062Z (auto)  状態=IME ON・入力中
    前     : A(open=1 conv=0x10) B(open=1 conv=0x10) T(open=1 conv=0x10) G(open=0 conv=0x00) comp="k" tail="kkk"
    +100ms: A(open=1 conv=0x10) B(open=1 conv=0x10) T(open=1 conv=0x10) G(open=0 conv=0x00) comp="" tail="kkk"
    +400ms: A(open=1 conv=0x10) B(open=1 conv=0x10) T(open=1 conv=0x10) G(open=0 conv=0x00) comp="" tail="kkk"
    差分 (前→+100ms): Δ comp:Some("k")→Some("")   (前→+400ms): Δ comp:Some("k")→Some("")
[03:06:10.146Z] KEY [SCRIPT 10/10 ひらがなキー 期待=かなに戻る(後片付け)] ひらがな(0xF2) vk=0xF2 scan=0x70 press=03:06:09.646Z (auto)  状態=IME ON・入力なし
    前     : A(open=1 conv=0x10) B(open=1 conv=0x10) T(open=1 conv=0x10) G(open=0 conv=0x00) comp="" tail="kkk"
    +100ms: A(open=1 conv=0x19) B(open=1 conv=0x19) T(open=1 conv=0x19) G(open=0 conv=0x00) comp="" tail="kkk"
    +400ms: A(open=1 conv=0x19) B(open=1 conv=0x19) T(open=1 conv=0x19) G(open=0 conv=0x00) comp="き" tail="kkk"
    差分 (前→+100ms): Δ conv A:0x10→0x19 B:0x10→0x19 / tsf-thread open:1→1 conv:0x10→0x19   (前→+400ms): Δ conv A:0x10→0x19 B:0x10→0x19 / tsf-thread open:1→1 conv:0x10→0x19 / comp:Some("")→Some("き")
[03:06:10.718Z] KEY [準備/その他] ESC vk=0x1B scan=0x01 press=03:06:10.207Z (auto)  状態=IME ON・入力中
    前     : A(open=1 conv=0x19) B(open=1 conv=0x19) T(open=1 conv=0x19) G(open=0 conv=0x00) comp="き" tail="kkk"
    +100ms: A(open=1 conv=0x19) B(open=1 conv=0x19) T(open=1 conv=0x19) G(open=0 conv=0x00) comp="" tail="kkk"
    +400ms: A(open=1 conv=0x19) B(open=1 conv=0x19) T(open=1 conv=0x19) G(open=0 conv=0x00) comp="" tail="kkk"
    差分 (前→+100ms): Δ comp:Some("き")→Some("")   (前→+400ms): Δ comp:Some("き")→Some("")
[RUN 1/12 完了]
[RUN 2/12 開始]
[03:06:14.083Z] KEY [SCRIPT 1/10 ひらがなキー 期待=ONのまま半角英数へ(conv 0x10)。Engine OFF(決定3保留のため遅延の可能性あり)] ひらがな(0xF2) vk=0xF2 scan=0x70 press=03:06:13.586Z (auto)  状態=IME ON・入力なし
    前     : A(open=1 conv=0x19) B(open=1 conv=0x19) T(open=1 conv=0x19) G(open=0 conv=0x00) comp="" tail="kkk"
    +100ms: A(open=1 conv=0x10) B(open=1 conv=0x10) T(open=1 conv=0x10) G(open=0 conv=0x00) comp="" tail="kkk"
    +400ms: A(open=1 conv=0x10) B(open=1 conv=0x10) T(open=1 conv=0x10) G(open=0 conv=0x00) comp="k" tail="kkk"
    差分 (前→+100ms): Δ conv A:0x19→0x10 B:0x19→0x10 / tsf-thread open:1→1 conv:0x19→0x10   (前→+400ms): Δ conv A:0x19→0x10 B:0x19→0x10 / tsf-thread open:1→1 conv:0x19→0x10 / comp:Some("")→Some("k")
[03:06:14.647Z] KEY [準備/その他] ESC vk=0x1B scan=0x01 press=03:06:14.167Z (auto)  状態=IME ON・入力中
    前     : A(open=1 conv=0x10) B(open=1 conv=0x10) T(open=1 conv=0x10) G(open=0 conv=0x00) comp="k" tail="kkk"
    +100ms: A(open=1 conv=0x10) B(open=1 conv=0x10) T(open=1 conv=0x10) G(open=0 conv=0x00) comp="" tail="kkk"
    +400ms: A(open=1 conv=0x10) B(open=1 conv=0x10) T(open=1 conv=0x10) G(open=0 conv=0x00) comp="" tail="kkk"
    差分 (前→+100ms): Δ comp:Some("k")→Some("")   (前→+400ms): Δ comp:Some("k")→Some("")
[03:06:17.274Z] KEY [SCRIPT 2/10 無変換 期待=IME OFF(直接入力)。Engine OFF] 無変換 vk=0x1D scan=0x7B press=03:06:16.758Z (auto)  状態=IME ON・入力なし
    前     : A(open=1 conv=0x10) B(open=1 conv=0x10) T(open=1 conv=0x10) G(open=0 conv=0x00) comp="" tail="kkk"
    +100ms: A(open=0 conv=0x10) B(open=0 conv=0x10) T(open=0 conv=0x10) G(open=0 conv=0x00) comp="" tail="kkk"
    +400ms: A(open=0 conv=0x10) B(open=0 conv=0x10) T(open=0 conv=0x10) G(open=0 conv=0x00) comp="" tail="kkkk"
    差分 (前→+100ms): Δ open A:1→0 B:1→0 / tsf-thread open:1→0 conv:0x10→0x10   (前→+400ms): Δ open A:1→0 B:1→0 / tsf-thread open:1→0 conv:0x10→0x10 / tail:"kkk"→"kkkk"
[03:06:17.831Z] KEY [準備/その他] ESC vk=0x1B scan=0x01 press=03:06:17.355Z (auto)  状態=直接入力
    前     : A(open=0 conv=0x10) B(open=0 conv=0x10) T(open=0 conv=0x10) G(open=0 conv=0x00) comp="" tail="kkkk"
    +100ms: A(open=0 conv=0x10) B(open=0 conv=0x10) T(open=0 conv=0x10) G(open=0 conv=0x00) comp="" tail="kkkk"
    +400ms: A(open=0 conv=0x10) B(open=0 conv=0x10) T(open=0 conv=0x10) G(open=0 conv=0x00) comp="" tail="kkkk"
    差分 (前→+100ms): Δなし   (前→+400ms): Δなし
[03:06:20.391Z] KEY [SCRIPT 3/10 無変換 期待=IME ON・半角英数のまま(conv 0x10)。Engine は OFF のまま ← 決定2の核心] 無変換 vk=0x1D scan=0x7B press=03:06:19.892Z (auto)  状態=直接入力
    前     : A(open=0 conv=0x10) B(open=0 conv=0x10) T(open=0 conv=0x10) G(open=0 conv=0x00) comp="" tail="kkkk"
    +100ms: A(open=1 conv=0x10) B(open=1 conv=0x10) T(open=1 conv=0x10) G(open=0 conv=0x00) comp="" tail="kkkk"
    +400ms: A(open=1 conv=0x10) B(open=1 conv=0x10) T(open=1 conv=0x10) G(open=0 conv=0x00) comp="k" tail="kkkk"
    差分 (前→+100ms): Δ open A:0→1 B:0→1 / tsf-thread open:0→1 conv:0x10→0x10   (前→+400ms): Δ open A:0→1 B:0→1 / tsf-thread open:0→1 conv:0x10→0x10 / comp:Some("")→Some("k")
[03:06:20.947Z] KEY [準備/その他] ESC vk=0x1B scan=0x01 press=03:06:20.454Z (auto)  状態=IME ON・入力中
    前     : A(open=1 conv=0x10) B(open=1 conv=0x10) T(open=1 conv=0x10) G(open=0 conv=0x00) comp="k" tail="kkkk"
    +100ms: A(open=1 conv=0x10) B(open=1 conv=0x10) T(open=1 conv=0x10) G(open=0 conv=0x00) comp="" tail="kkkk"
    +400ms: A(open=1 conv=0x10) B(open=1 conv=0x10) T(open=1 conv=0x10) G(open=0 conv=0x00) comp="" tail="kkkk"
    差分 (前→+100ms): Δ comp:Some("k")→Some("")   (前→+400ms): Δ comp:Some("k")→Some("")
[03:06:23.561Z] KEY [SCRIPT 4/10 ひらがなキー 期待=かなに戻る(conv 0x19)。Engine ON(遅延の可能性あり)] ひらがな(0xF2) vk=0xF2 scan=0x70 press=03:06:23.028Z (auto)  状態=IME ON・入力なし
    前     : A(open=1 conv=0x10) B(open=1 conv=0x10) T(open=1 conv=0x10) G(open=0 conv=0x00) comp="" tail="kkkk"
    +100ms: A(open=1 conv=0x19) B(open=1 conv=0x19) T(open=1 conv=0x19) G(open=0 conv=0x00) comp="" tail="kkkk"
    +400ms: A(open=1 conv=0x19) B(open=1 conv=0x19) T(open=1 conv=0x19) G(open=0 conv=0x00) comp="き" tail="kkkk"
    差分 (前→+100ms): Δ conv A:0x10→0x19 B:0x10→0x19 / tsf-thread open:1→1 conv:0x10→0x19   (前→+400ms): Δ conv A:0x10→0x19 B:0x10→0x19 / tsf-thread open:1→1 conv:0x10→0x19 / comp:Some("")→Some("き")
[03:06:24.084Z] KEY [準備/その他] ESC vk=0x1B scan=0x01 press=03:06:23.618Z (auto)  状態=IME ON・入力中
    前     : A(open=1 conv=0x19) B(open=1 conv=0x19) T(open=1 conv=0x19) G(open=0 conv=0x00) comp="き" tail="kkkk"
    +100ms: A(open=1 conv=0x19) B(open=1 conv=0x19) T(open=1 conv=0x19) G(open=0 conv=0x00) comp="" tail="kkkk"
    +400ms: A(open=1 conv=0x19) B(open=1 conv=0x19) T(open=1 conv=0x19) G(open=0 conv=0x00) comp="" tail="kkkk"
    差分 (前→+100ms): Δ comp:Some("き")→Some("")   (前→+400ms): Δ comp:Some("き")→Some("")
[03:06:26.640Z] KEY [SCRIPT 5/10 無変換 期待=IME OFF。Engine OFF] 無変換 vk=0x1D scan=0x7B press=03:06:26.142Z (auto)  状態=IME ON・入力なし
    前     : A(open=1 conv=0x19) B(open=1 conv=0x19) T(open=1 conv=0x19) G(open=0 conv=0x00) comp="" tail="kkkk"
    +100ms: A(open=0 conv=0x19) B(open=0 conv=0x19) T(open=0 conv=0x19) G(open=0 conv=0x00) comp="" tail="kkkk"
    +400ms: A(open=0 conv=0x19) B(open=0 conv=0x19) T(open=0 conv=0x19) G(open=0 conv=0x00) comp="" tail="kkkkk"
    差分 (前→+100ms): Δ open A:1→0 B:1→0 / tsf-thread open:1→0 conv:0x19→0x19   (前→+400ms): Δ open A:1→0 B:1→0 / tsf-thread open:1→0 conv:0x19→0x19 / tail:"kkkk"→"kkkkk"
[03:06:27.204Z] KEY [準備/その他] ESC vk=0x1B scan=0x01 press=03:06:26.728Z (auto)  状態=直接入力
    前     : A(open=0 conv=0x19) B(open=0 conv=0x19) T(open=0 conv=0x19) G(open=0 conv=0x00) comp="" tail="kkkkk"
    +100ms: A(open=0 conv=0x19) B(open=0 conv=0x19) T(open=0 conv=0x19) G(open=0 conv=0x00) comp="" tail="kkkkk"
    +400ms: A(open=0 conv=0x19) B(open=0 conv=0x19) T(open=0 conv=0x19) G(open=0 conv=0x00) comp="" tail="kkkkk"
    差分 (前→+100ms): Δなし   (前→+400ms): Δなし
[03:06:27.267Z] KEY [準備/その他] ESC vk=0x1B scan=0x01 press=03:06:26.797Z (injected)  状態=直接入力
    前     : A(open=0 conv=0x19) B(open=0 conv=0x19) T(open=0 conv=0x19) G(open=0 conv=0x00) comp="" tail="kkkkk"
    +100ms: A(open=0 conv=0x19) B(open=0 conv=0x19) T(open=0 conv=0x19) G(open=0 conv=0x00) comp="" tail="kkkkk"
    +400ms: A(open=0 conv=0x19) B(open=0 conv=0x19) T(open=0 conv=0x19) G(open=0 conv=0x00) comp="" tail="kkkkk"
    差分 (前→+100ms): Δなし   (前→+400ms): Δなし
[03:06:29.825Z] KEY [SCRIPT 6/10 無変換 期待=IME ON(かな)。Engine ON] 無変換 vk=0x1D scan=0x7B press=03:06:29.327Z (auto)  状態=直接入力
    前     : A(open=0 conv=0x19) B(open=0 conv=0x19) T(open=0 conv=0x19) G(open=0 conv=0x00) comp="" tail="kkkkk"
    +100ms: A(open=1 conv=0x19) B(open=1 conv=0x19) T(open=1 conv=0x19) G(open=0 conv=0x00) comp="" tail="kkkkk"
    +400ms: A(open=1 conv=0x19) B(open=1 conv=0x19) T(open=1 conv=0x19) G(open=0 conv=0x00) comp="き" tail="kkkkk"
    差分 (前→+100ms): Δ open A:0→1 B:0→1 / tsf-thread open:0→1 conv:0x19→0x19   (前→+400ms): Δ open A:0→1 B:0→1 / tsf-thread open:0→1 conv:0x19→0x19 / comp:Some("")→Some("き")
[03:06:30.387Z] KEY [準備/その他] ESC vk=0x1B scan=0x01 press=03:06:29.887Z (auto)  状態=IME ON・入力中
    前     : A(open=1 conv=0x19) B(open=1 conv=0x19) T(open=1 conv=0x19) G(open=0 conv=0x00) comp="き" tail="kkkkk"
    +100ms: A(open=1 conv=0x19) B(open=1 conv=0x19) T(open=1 conv=0x19) G(open=0 conv=0x00) comp="" tail="kkkkk"
    +400ms: A(open=1 conv=0x19) B(open=1 conv=0x19) T(open=1 conv=0x19) G(open=0 conv=0x00) comp="" tail="kkkkk"
    差分 (前→+100ms): Δ comp:Some("き")→Some("")   (前→+400ms): Δ comp:Some("き")→Some("")
[03:06:32.969Z] KEY [SCRIPT 7/10 ひらがなキー 期待=ONのまま半角英数へ。Engine は(遅延で)OFF] ひらがな(0xF2) vk=0xF2 scan=0x70 press=03:06:32.472Z (auto)  状態=IME ON・入力なし
    前     : A(open=1 conv=0x19) B(open=1 conv=0x19) T(open=1 conv=0x19) G(open=0 conv=0x00) comp="" tail="kkkkk"
    +100ms: A(open=1 conv=0x10) B(open=1 conv=0x10) T(open=1 conv=0x10) G(open=0 conv=0x00) comp="" tail="kkkkk"
    +400ms: A(open=1 conv=0x10) B(open=1 conv=0x10) T(open=1 conv=0x10) G(open=0 conv=0x00) comp="k" tail="kkkkk"
    差分 (前→+100ms): Δ conv A:0x19→0x10 B:0x19→0x10 / tsf-thread open:1→1 conv:0x19→0x10   (前→+400ms): Δ conv A:0x19→0x10 B:0x19→0x10 / tsf-thread open:1→1 conv:0x19→0x10 / comp:Some("")→Some("k")
[03:06:33.533Z] KEY [準備/その他] ESC vk=0x1B scan=0x01 press=03:06:33.032Z (auto)  状態=IME ON・入力中
    前     : A(open=1 conv=0x10) B(open=1 conv=0x10) T(open=1 conv=0x10) G(open=0 conv=0x00) comp="k" tail="kkkkk"
    +100ms: A(open=1 conv=0x10) B(open=1 conv=0x10) T(open=1 conv=0x10) G(open=0 conv=0x00) comp="" tail="kkkkk"
    +400ms: A(open=1 conv=0x10) B(open=1 conv=0x10) T(open=1 conv=0x10) G(open=0 conv=0x00) comp="" tail="kkkkk"
    差分 (前→+100ms): Δ comp:Some("k")→Some("")   (前→+400ms): Δ comp:Some("k")→Some("")
[03:06:36.163Z] KEY [SCRIPT 8/10 無変換 期待=IME OFF。Engine OFF] 無変換 vk=0x1D scan=0x7B press=03:06:35.650Z (auto)  状態=IME ON・入力なし
    前     : A(open=1 conv=0x10) B(open=1 conv=0x10) T(open=1 conv=0x10) G(open=0 conv=0x00) comp="" tail="kkkkk"
    +100ms: A(open=0 conv=0x10) B(open=0 conv=0x10) T(open=0 conv=0x10) G(open=0 conv=0x00) comp="" tail="kkkkk"
    +400ms: A(open=0 conv=0x10) B(open=0 conv=0x10) T(open=0 conv=0x10) G(open=0 conv=0x00) comp="" tail="kkkkkk"
    差分 (前→+100ms): Δ open A:1→0 B:1→0 / tsf-thread open:1→0 conv:0x10→0x10   (前→+400ms): Δ open A:1→0 B:1→0 / tsf-thread open:1→0 conv:0x10→0x10 / tail:"kkkkk"→"kkkkkk"
[03:06:36.726Z] KEY [準備/その他] ESC vk=0x1B scan=0x01 press=03:06:36.254Z (auto)  状態=直接入力
    前     : A(open=0 conv=0x10) B(open=0 conv=0x10) T(open=0 conv=0x10) G(open=0 conv=0x00) comp="" tail="kkkkkk"
    +100ms: A(open=0 conv=0x10) B(open=0 conv=0x10) T(open=0 conv=0x10) G(open=0 conv=0x00) comp="" tail="kkkkkk"
    +400ms: A(open=0 conv=0x10) B(open=0 conv=0x10) T(open=0 conv=0x10) G(open=0 conv=0x00) comp="" tail="kkkkkk"
    差分 (前→+100ms): Δなし   (前→+400ms): Δなし
[03:06:39.277Z] KEY [SCRIPT 9/10 無変換 期待=IME ON・半角英数のまま。Engine が ON にならないこと ← 退行窓の確認] 無変換 vk=0x1D scan=0x7B press=03:06:38.786Z (auto)  状態=直接入力
    前     : A(open=0 conv=0x10) B(open=0 conv=0x10) T(open=0 conv=0x10) G(open=0 conv=0x00) comp="" tail="kkkkkk"
    +100ms: A(open=1 conv=0x10) B(open=1 conv=0x10) T(open=1 conv=0x10) G(open=0 conv=0x00) comp="" tail="kkkkkk"
    +400ms: A(open=1 conv=0x10) B(open=1 conv=0x10) T(open=1 conv=0x10) G(open=0 conv=0x00) comp="k" tail="kkkkkk"
    差分 (前→+100ms): Δ open A:0→1 B:0→1 / tsf-thread open:0→1 conv:0x10→0x10   (前→+400ms): Δ open A:0→1 B:0→1 / tsf-thread open:0→1 conv:0x10→0x10 / comp:Some("")→Some("k")
[03:06:39.841Z] KEY [準備/その他] ESC vk=0x1B scan=0x01 press=03:06:39.347Z (auto)  状態=IME ON・入力中
    前     : A(open=1 conv=0x10) B(open=1 conv=0x10) T(open=1 conv=0x10) G(open=0 conv=0x00) comp="k" tail="kkkkkk"
    +100ms: A(open=1 conv=0x10) B(open=1 conv=0x10) T(open=1 conv=0x10) G(open=0 conv=0x00) comp="" tail="kkkkkk"
    +400ms: A(open=1 conv=0x10) B(open=1 conv=0x10) T(open=1 conv=0x10) G(open=0 conv=0x00) comp="" tail="kkkkkk"
    差分 (前→+100ms): Δ comp:Some("k")→Some("")   (前→+400ms): Δ comp:Some("k")→Some("")
[03:06:42.422Z] KEY [SCRIPT 10/10 ひらがなキー 期待=かなに戻る(後片付け)] ひらがな(0xF2) vk=0xF2 scan=0x70 press=03:06:41.930Z (auto)  状態=IME ON・入力なし
    前     : A(open=1 conv=0x10) B(open=1 conv=0x10) T(open=1 conv=0x10) G(open=0 conv=0x00) comp="" tail="kkkkkk"
    +100ms: A(open=1 conv=0x19) B(open=1 conv=0x19) T(open=1 conv=0x19) G(open=0 conv=0x00) comp="" tail="kkkkkk"
    +400ms: A(open=1 conv=0x19) B(open=1 conv=0x19) T(open=1 conv=0x19) G(open=0 conv=0x00) comp="き" tail="kkkkkk"
    差分 (前→+100ms): Δ conv A:0x10→0x19 B:0x10→0x19 / tsf-thread open:1→1 conv:0x10→0x19   (前→+400ms): Δ conv A:0x10→0x19 B:0x10→0x19 / tsf-thread open:1→1 conv:0x10→0x19 / comp:Some("")→Some("き")
[03:06:42.983Z] KEY [準備/その他] ESC vk=0x1B scan=0x01 press=03:06:42.494Z (auto)  状態=IME ON・入力中
    前     : A(open=1 conv=0x19) B(open=1 conv=0x19) T(open=1 conv=0x19) G(open=0 conv=0x00) comp="き" tail="kkkkkk"
    +100ms: A(open=1 conv=0x19) B(open=1 conv=0x19) T(open=1 conv=0x19) G(open=0 conv=0x00) comp="" tail="kkkkkk"
    +400ms: A(open=1 conv=0x19) B(open=1 conv=0x19) T(open=1 conv=0x19) G(open=0 conv=0x00) comp="" tail="kkkkkk"
    差分 (前→+100ms): Δ comp:Some("き")→Some("")   (前→+400ms): Δ comp:Some("き")→Some("")
[RUN 2/12 完了]
[RUN 3/12 開始]
[03:06:46.427Z] KEY [SCRIPT 1/10 ひらがなキー 期待=ONのまま半角英数へ(conv 0x10)。Engine OFF(決定3保留のため遅延の可能性あり)] ひらがな(0xF2) vk=0xF2 scan=0x70 press=03:06:45.915Z (auto)  状態=IME ON・入力なし
    前     : A(open=1 conv=0x19) B(open=1 conv=0x19) T(open=1 conv=0x19) G(open=0 conv=0x00) comp="" tail="kkkkkk"
    +100ms: A(open=1 conv=0x10) B(open=1 conv=0x10) T(open=1 conv=0x10) G(open=0 conv=0x00) comp="" tail="kkkkkk"
    +400ms: A(open=1 conv=0x10) B(open=1 conv=0x10) T(open=1 conv=0x10) G(open=0 conv=0x00) comp="k" tail="kkkkkk"
    差分 (前→+100ms): Δ conv A:0x19→0x10 B:0x19→0x10 / tsf-thread open:1→1 conv:0x19→0x10   (前→+400ms): Δ conv A:0x19→0x10 B:0x19→0x10 / tsf-thread open:1→1 conv:0x19→0x10 / comp:Some("")→Some("k")
[03:06:46.991Z] KEY [準備/その他] ESC vk=0x1B scan=0x01 press=03:06:46.511Z (auto)  状態=IME ON・入力中
    前     : A(open=1 conv=0x10) B(open=1 conv=0x10) T(open=1 conv=0x10) G(open=0 conv=0x00) comp="k" tail="kkkkkk"
    +100ms: A(open=1 conv=0x10) B(open=1 conv=0x10) T(open=1 conv=0x10) G(open=0 conv=0x00) comp="" tail="kkkkkk"
    +400ms: A(open=1 conv=0x10) B(open=1 conv=0x10) T(open=1 conv=0x10) G(open=0 conv=0x00) comp="" tail="kkkkkk"
    差分 (前→+100ms): Δ comp:Some("k")→Some("")   (前→+400ms): Δ comp:Some("k")→Some("")
[03:06:49.605Z] KEY [SCRIPT 2/10 無変換 期待=IME OFF(直接入力)。Engine OFF] 無変換 vk=0x1D scan=0x7B press=03:06:49.101Z (auto)  状態=IME ON・入力なし
    前     : A(open=1 conv=0x10) B(open=1 conv=0x10) T(open=1 conv=0x10) G(open=0 conv=0x00) comp="" tail="kkkkkk"
    +100ms: A(open=0 conv=0x10) B(open=0 conv=0x10) T(open=0 conv=0x10) G(open=0 conv=0x00) comp="" tail="kkkkkk"
    +400ms: A(open=0 conv=0x10) B(open=0 conv=0x10) T(open=0 conv=0x10) G(open=0 conv=0x00) comp="" tail="kkkkkkk"
    差分 (前→+100ms): Δ open A:1→0 B:1→0 / tsf-thread open:1→0 conv:0x10→0x10   (前→+400ms): Δ open A:1→0 B:1→0 / tsf-thread open:1→0 conv:0x10→0x10 / tail:"kkkkkk"→"kkkkkkk"
[03:06:50.182Z] KEY [準備/その他] ESC vk=0x1B scan=0x01 press=03:06:49.682Z (auto)  状態=直接入力
    前     : A(open=0 conv=0x10) B(open=0 conv=0x10) T(open=0 conv=0x10) G(open=0 conv=0x00) comp="" tail="kkkkkkk"
    +100ms: A(open=0 conv=0x10) B(open=0 conv=0x10) T(open=0 conv=0x10) G(open=0 conv=0x00) comp="" tail="kkkkkkk"
    +400ms: A(open=0 conv=0x10) B(open=0 conv=0x10) T(open=0 conv=0x10) G(open=0 conv=0x00) comp="" tail="kkkkkkk"
    差分 (前→+100ms): Δなし   (前→+400ms): Δなし
[03:06:52.738Z] KEY [SCRIPT 3/10 無変換 期待=IME ON・半角英数のまま(conv 0x10)。Engine は OFF のまま ← 決定2の核心] 無変換 vk=0x1D scan=0x7B press=03:06:52.238Z (auto)  状態=直接入力
    前     : A(open=0 conv=0x10) B(open=0 conv=0x10) T(open=0 conv=0x10) G(open=0 conv=0x00) comp="" tail="kkkkkkk"
    +100ms: A(open=1 conv=0x10) B(open=1 conv=0x10) T(open=1 conv=0x10) G(open=0 conv=0x00) comp="" tail="kkkkkkk"
    +400ms: A(open=1 conv=0x10) B(open=1 conv=0x10) T(open=1 conv=0x10) G(open=0 conv=0x00) comp="k" tail="kkkkkkk"
    差分 (前→+100ms): Δ open A:0→1 B:0→1 / tsf-thread open:0→1 conv:0x10→0x10   (前→+400ms): Δ open A:0→1 B:0→1 / tsf-thread open:0→1 conv:0x10→0x10 / comp:Some("")→Some("k")
[03:06:53.295Z] KEY [準備/その他] ESC vk=0x1B scan=0x01 press=03:06:52.806Z (auto)  状態=IME ON・入力中
    前     : A(open=1 conv=0x10) B(open=1 conv=0x10) T(open=1 conv=0x10) G(open=0 conv=0x00) comp="k" tail="kkkkkkk"
    +100ms: A(open=1 conv=0x10) B(open=1 conv=0x10) T(open=1 conv=0x10) G(open=0 conv=0x00) comp="" tail="kkkkkkk"
    +400ms: A(open=1 conv=0x10) B(open=1 conv=0x10) T(open=1 conv=0x10) G(open=0 conv=0x00) comp="" tail="kkkkkkk"
    差分 (前→+100ms): Δ comp:Some("k")→Some("")   (前→+400ms): Δ comp:Some("k")→Some("")
[03:06:55.918Z] KEY [SCRIPT 4/10 ひらがなキー 期待=かなに戻る(conv 0x19)。Engine ON(遅延の可能性あり)] ひらがな(0xF2) vk=0xF2 scan=0x70 press=03:06:55.420Z (auto)  状態=IME ON・入力なし
    前     : A(open=1 conv=0x10) B(open=1 conv=0x10) T(open=1 conv=0x10) G(open=0 conv=0x00) comp="" tail="kkkkkkk"
    +100ms: A(open=1 conv=0x19) B(open=1 conv=0x19) T(open=1 conv=0x19) G(open=0 conv=0x00) comp="" tail="kkkkkkk"
    +400ms: A(open=1 conv=0x19) B(open=1 conv=0x19) T(open=1 conv=0x19) G(open=0 conv=0x00) comp="き" tail="kkkkkkk"
    差分 (前→+100ms): Δ conv A:0x10→0x19 B:0x10→0x19 / tsf-thread open:1→1 conv:0x10→0x19   (前→+400ms): Δ conv A:0x10→0x19 B:0x10→0x19 / tsf-thread open:1→1 conv:0x10→0x19 / comp:Some("")→Some("き")
[03:06:56.478Z] KEY [準備/その他] ESC vk=0x1B scan=0x01 press=03:06:56.005Z (auto)  状態=IME ON・入力中
    前     : A(open=1 conv=0x19) B(open=1 conv=0x19) T(open=1 conv=0x19) G(open=0 conv=0x00) comp="き" tail="kkkkkkk"
    +100ms: A(open=1 conv=0x19) B(open=1 conv=0x19) T(open=1 conv=0x19) G(open=0 conv=0x00) comp="" tail="kkkkkkk"
    +400ms: A(open=1 conv=0x19) B(open=1 conv=0x19) T(open=1 conv=0x19) G(open=0 conv=0x00) comp="" tail="kkkkkkk"
    差分 (前→+100ms): Δ comp:Some("き")→Some("")   (前→+400ms): Δ comp:Some("き")→Some("")
[03:06:59.064Z] KEY [SCRIPT 5/10 無変換 期待=IME OFF。Engine OFF] 無変換 vk=0x1D scan=0x7B press=03:06:58.552Z (auto)  状態=IME ON・入力なし
    前     : A(open=1 conv=0x19) B(open=1 conv=0x19) T(open=1 conv=0x19) G(open=0 conv=0x00) comp="" tail="kkkkkkk"
    +100ms: A(open=0 conv=0x19) B(open=0 conv=0x19) T(open=0 conv=0x19) G(open=0 conv=0x00) comp="" tail="kkkkkkk"
    +400ms: A(open=0 conv=0x19) B(open=0 conv=0x19) T(open=0 conv=0x19) G(open=0 conv=0x00) comp="" tail="kkkkkkkk"
    差分 (前→+100ms): Δ open A:1→0 B:1→0 / tsf-thread open:1→0 conv:0x19→0x19   (前→+400ms): Δ open A:1→0 B:1→0 / tsf-thread open:1→0 conv:0x19→0x19 / tail:"kkkkkkk"→"kkkkkkkk"
[03:06:59.632Z] KEY [準備/その他] ESC vk=0x1B scan=0x01 press=03:06:59.120Z (auto)  状態=直接入力
    前     : A(open=0 conv=0x19) B(open=0 conv=0x19) T(open=0 conv=0x19) G(open=0 conv=0x00) comp="" tail="kkkkkkkk"
    +100ms: A(open=0 conv=0x19) B(open=0 conv=0x19) T(open=0 conv=0x19) G(open=0 conv=0x00) comp="" tail="kkkkkkkk"
    +400ms: A(open=0 conv=0x19) B(open=0 conv=0x19) T(open=0 conv=0x19) G(open=0 conv=0x00) comp="" tail="kkkkkkkk"
    差分 (前→+100ms): Δなし   (前→+400ms): Δなし
[03:06:59.680Z] KEY [準備/その他] ESC vk=0x1B scan=0x01 press=03:06:59.196Z (injected)  状態=直接入力
    前     : A(open=0 conv=0x19) B(open=0 conv=0x19) T(open=0 conv=0x19) G(open=0 conv=0x00) comp="" tail="kkkkkkkk"
    +100ms: A(open=0 conv=0x19) B(open=0 conv=0x19) T(open=0 conv=0x19) G(open=0 conv=0x00) comp="" tail="kkkkkkkk"
    +400ms: A(open=0 conv=0x19) B(open=0 conv=0x19) T(open=0 conv=0x19) G(open=0 conv=0x00) comp="" tail="kkkkkkkk"
    差分 (前→+100ms): Δなし   (前→+400ms): Δなし
[03:07:02.223Z] KEY [SCRIPT 6/10 無変換 期待=IME ON(かな)。Engine ON] 無変換 vk=0x1D scan=0x7B press=03:07:01.690Z (auto)  状態=直接入力
    前     : A(open=0 conv=0x19) B(open=0 conv=0x19) T(open=0 conv=0x19) G(open=0 conv=0x00) comp="" tail="kkkkkkkk"
    +100ms: A(open=1 conv=0x19) B(open=1 conv=0x19) T(open=1 conv=0x19) G(open=0 conv=0x00) comp="" tail="kkkkkkkk"
    +400ms: A(open=1 conv=0x19) B(open=1 conv=0x19) T(open=1 conv=0x19) G(open=0 conv=0x00) comp="き" tail="kkkkkkkk"
    差分 (前→+100ms): Δ open A:0→1 B:0→1 / tsf-thread open:0→1 conv:0x19→0x19   (前→+400ms): Δ open A:0→1 B:0→1 / tsf-thread open:0→1 conv:0x19→0x19 / comp:Some("")→Some("き")
[03:07:02.748Z] KEY [準備/その他] ESC vk=0x1B scan=0x01 press=03:07:02.250Z (auto)  状態=IME ON・入力中
    前     : A(open=1 conv=0x19) B(open=1 conv=0x19) T(open=1 conv=0x19) G(open=0 conv=0x00) comp="き" tail="kkkkkkkk"
    +100ms: A(open=1 conv=0x19) B(open=1 conv=0x19) T(open=1 conv=0x19) G(open=0 conv=0x00) comp="" tail="kkkkkkkk"
    +400ms: A(open=1 conv=0x19) B(open=1 conv=0x19) T(open=1 conv=0x19) G(open=0 conv=0x00) comp="" tail="kkkkkkkk"
    差分 (前→+100ms): Δ comp:Some("き")→Some("")   (前→+400ms): Δ comp:Some("き")→Some("")
[03:07:05.330Z] KEY [SCRIPT 7/10 ひらがなキー 期待=ONのまま半角英数へ。Engine は(遅延で)OFF] ひらがな(0xF2) vk=0xF2 scan=0x70 press=03:07:04.835Z (auto)  状態=IME ON・入力なし
    前     : A(open=1 conv=0x19) B(open=1 conv=0x19) T(open=1 conv=0x19) G(open=0 conv=0x00) comp="" tail="kkkkkkkk"
    +100ms: A(open=1 conv=0x10) B(open=1 conv=0x10) T(open=1 conv=0x10) G(open=0 conv=0x00) comp="" tail="kkkkkkkk"
    +400ms: A(open=1 conv=0x10) B(open=1 conv=0x10) T(open=1 conv=0x10) G(open=0 conv=0x00) comp="k" tail="kkkkkkkk"
    差分 (前→+100ms): Δ conv A:0x19→0x10 B:0x19→0x10 / tsf-thread open:1→1 conv:0x19→0x10   (前→+400ms): Δ conv A:0x19→0x10 B:0x19→0x10 / tsf-thread open:1→1 conv:0x19→0x10 / comp:Some("")→Some("k")
[03:07:05.893Z] KEY [準備/その他] ESC vk=0x1B scan=0x01 press=03:07:05.394Z (auto)  状態=IME ON・入力中
    前     : A(open=1 conv=0x10) B(open=1 conv=0x10) T(open=1 conv=0x10) G(open=0 conv=0x00) comp="k" tail="kkkkkkkk"
    +100ms: A(open=1 conv=0x10) B(open=1 conv=0x10) T(open=1 conv=0x10) G(open=0 conv=0x00) comp="" tail="kkkkkkkk"
    +400ms: A(open=1 conv=0x10) B(open=1 conv=0x10) T(open=1 conv=0x10) G(open=0 conv=0x00) comp="" tail="kkkkkkkk"
    差分 (前→+100ms): Δ comp:Some("k")→Some("")   (前→+400ms): Δ comp:Some("k")→Some("")
[03:07:08.457Z] KEY [SCRIPT 8/10 無変換 期待=IME OFF。Engine OFF] 無変換 vk=0x1D scan=0x7B press=03:07:07.963Z (auto)  状態=IME ON・入力なし
    前     : A(open=1 conv=0x10) B(open=1 conv=0x10) T(open=1 conv=0x10) G(open=0 conv=0x00) comp="" tail="kkkkkkkk"
    +100ms: A(open=0 conv=0x10) B(open=0 conv=0x10) T(open=0 conv=0x10) G(open=0 conv=0x00) comp="" tail="kkkkkkkk"
    +400ms: A(open=0 conv=0x10) B(open=0 conv=0x10) T(open=0 conv=0x10) G(open=0 conv=0x00) comp="" tail="kkkkkkkk"
    差分 (前→+100ms): Δ open A:1→0 B:1→0 / tsf-thread open:1→0 conv:0x10→0x10   (前→+400ms): Δ open A:1→0 B:1→0 / tsf-thread open:1→0 conv:0x10→0x10
[03:07:09.020Z] KEY [準備/その他] ESC vk=0x1B scan=0x01 press=03:07:08.518Z (auto)  状態=直接入力
    前     : A(open=0 conv=0x10) B(open=0 conv=0x10) T(open=0 conv=0x10) G(open=0 conv=0x00) comp="" tail="kkkkkkkk"
    +100ms: A(open=0 conv=0x10) B(open=0 conv=0x10) T(open=0 conv=0x10) G(open=0 conv=0x00) comp="" tail="kkkkkkkk"
    +400ms: A(open=0 conv=0x10) B(open=0 conv=0x10) T(open=0 conv=0x10) G(open=0 conv=0x00) comp="" tail="kkkkkkkk"
    差分 (前→+100ms): Δなし   (前→+400ms): Δなし
[03:07:11.646Z] KEY [SCRIPT 9/10 無変換 期待=IME ON・半角英数のまま。Engine が ON にならないこと ← 退行窓の確認] 無変換 vk=0x1D scan=0x7B press=03:07:11.146Z (auto)  状態=直接入力
    前     : A(open=0 conv=0x10) B(open=0 conv=0x10) T(open=0 conv=0x10) G(open=0 conv=0x00) comp="" tail="kkkkkkkk"
    +100ms: A(open=1 conv=0x10) B(open=1 conv=0x10) T(open=1 conv=0x10) G(open=0 conv=0x00) comp="" tail="kkkkkkkk"
    +400ms: A(open=1 conv=0x10) B(open=1 conv=0x10) T(open=1 conv=0x10) G(open=0 conv=0x00) comp="k" tail="kkkkkkkk"
    差分 (前→+100ms): Δ open A:0→1 B:0→1 / tsf-thread open:0→1 conv:0x10→0x10   (前→+400ms): Δ open A:0→1 B:0→1 / tsf-thread open:0→1 conv:0x10→0x10 / comp:Some("")→Some("k")
[03:07:12.214Z] KEY [準備/その他] ESC vk=0x1B scan=0x01 press=03:07:11.696Z (auto)  状態=IME ON・入力中
    前     : A(open=1 conv=0x10) B(open=1 conv=0x10) T(open=1 conv=0x10) G(open=0 conv=0x00) comp="k" tail="kkkkkkkk"
    +100ms: A(open=1 conv=0x10) B(open=1 conv=0x10) T(open=1 conv=0x10) G(open=0 conv=0x00) comp="" tail="kkkkkkkk"
    +400ms: A(open=1 conv=0x10) B(open=1 conv=0x10) T(open=1 conv=0x10) G(open=0 conv=0x00) comp="" tail="kkkkkkkk"
    差分 (前→+100ms): Δ comp:Some("k")→Some("")   (前→+400ms): Δ comp:Some("k")→Some("")
[03:07:14.762Z] KEY [SCRIPT 10/10 ひらがなキー 期待=かなに戻る(後片付け)] ひらがな(0xF2) vk=0xF2 scan=0x70 press=03:07:14.294Z (auto)  状態=IME ON・入力なし
    前     : A(open=1 conv=0x10) B(open=1 conv=0x10) T(open=1 conv=0x10) G(open=0 conv=0x00) comp="" tail="kkkkkkkk"
    +100ms: A(open=1 conv=0x19) B(open=1 conv=0x19) T(open=1 conv=0x19) G(open=0 conv=0x00) comp="" tail="kkkkkkkk"
    +400ms: A(open=1 conv=0x19) B(open=1 conv=0x19) T(open=1 conv=0x19) G(open=0 conv=0x00) comp="き" tail="kkkkkkkk"
    差分 (前→+100ms): Δ conv A:0x10→0x19 B:0x10→0x19 / tsf-thread open:1→1 conv:0x10→0x19   (前→+400ms): Δ conv A:0x10→0x19 B:0x10→0x19 / tsf-thread open:1→1 conv:0x10→0x19 / comp:Some("")→Some("き")
[03:07:15.362Z] KEY [準備/その他] ESC vk=0x1B scan=0x01 press=03:07:14.858Z (auto)  状態=IME ON・入力中
    前     : A(open=1 conv=0x19) B(open=1 conv=0x19) T(open=1 conv=0x19) G(open=0 conv=0x00) comp="き" tail="kkkkkkkk"
    +100ms: A(open=1 conv=0x19) B(open=1 conv=0x19) T(open=1 conv=0x19) G(open=0 conv=0x00) comp="" tail="kkkkkkkk"
    +400ms: A(open=1 conv=0x19) B(open=1 conv=0x19) T(open=1 conv=0x19) G(open=0 conv=0x00) comp="" tail="kkkkkkkk"
    差分 (前→+100ms): Δ comp:Some("き")→Some("")   (前→+400ms): Δ comp:Some("き")→Some("")
[RUN 3/12 完了]
[RUN 4/12 開始]
[03:07:18.729Z] KEY [SCRIPT 1/10 ひらがなキー 期待=ONのまま半角英数へ(conv 0x10)。Engine OFF(決定3保留のため遅延の可能性あり)] ひらがな(0xF2) vk=0xF2 scan=0x70 press=03:07:18.237Z (auto)  状態=IME ON・入力なし
    前     : A(open=1 conv=0x19) B(open=1 conv=0x19) T(open=1 conv=0x19) G(open=0 conv=0x00) comp="" tail="kkkkkkkk"
    +100ms: A(open=1 conv=0x10) B(open=1 conv=0x10) T(open=1 conv=0x10) G(open=0 conv=0x00) comp="" tail="kkkkkkkk"
    +400ms: A(open=1 conv=0x10) B(open=1 conv=0x10) T(open=1 conv=0x10) G(open=0 conv=0x00) comp="k" tail="kkkkkkkk"
    差分 (前→+100ms): Δ conv A:0x19→0x10 B:0x19→0x10 / tsf-thread open:1→1 conv:0x19→0x10   (前→+400ms): Δ conv A:0x19→0x10 B:0x19→0x10 / tsf-thread open:1→1 conv:0x19→0x10 / comp:Some("")→Some("k")
[03:07:19.300Z] KEY [準備/その他] ESC vk=0x1B scan=0x01 press=03:07:18.800Z (auto)  状態=IME ON・入力中
    前     : A(open=1 conv=0x10) B(open=1 conv=0x10) T(open=1 conv=0x10) G(open=0 conv=0x00) comp="k" tail="kkkkkkkk"
    +100ms: A(open=1 conv=0x10) B(open=1 conv=0x10) T(open=1 conv=0x10) G(open=0 conv=0x00) comp="" tail="kkkkkkkk"
    +400ms: A(open=1 conv=0x10) B(open=1 conv=0x10) T(open=1 conv=0x10) G(open=0 conv=0x00) comp="" tail="kkkkkkkk"
    差分 (前→+100ms): Δ comp:Some("k")→Some("")   (前→+400ms): Δ comp:Some("k")→Some("")
[03:07:21.921Z] KEY [SCRIPT 2/10 無変換 期待=IME OFF(直接入力)。Engine OFF] 無変換 vk=0x1D scan=0x7B press=03:07:21.422Z (auto)  状態=IME ON・入力なし
    前     : A(open=1 conv=0x10) B(open=1 conv=0x10) T(open=1 conv=0x10) G(open=0 conv=0x00) comp="" tail="kkkkkkkk"
    +100ms: A(open=0 conv=0x10) B(open=0 conv=0x10) T(open=0 conv=0x10) G(open=0 conv=0x00) comp="" tail="kkkkkkkk"
    +400ms: A(open=0 conv=0x10) B(open=0 conv=0x10) T(open=0 conv=0x10) G(open=0 conv=0x00) comp="" tail="kkkkkkkk"
    差分 (前→+100ms): Δ open A:1→0 B:1→0 / tsf-thread open:1→0 conv:0x10→0x10   (前→+400ms): Δ open A:1→0 B:1→0 / tsf-thread open:1→0 conv:0x10→0x10
[03:07:22.485Z] KEY [準備/その他] ESC vk=0x1B scan=0x01 press=03:07:21.983Z (auto)  状態=直接入力
    前     : A(open=0 conv=0x10) B(open=0 conv=0x10) T(open=0 conv=0x10) G(open=0 conv=0x00) comp="" tail="kkkkkkkk"
    +100ms: A(open=0 conv=0x10) B(open=0 conv=0x10) T(open=0 conv=0x10) G(open=0 conv=0x00) comp="" tail="kkkkkkkk"
    +400ms: A(open=0 conv=0x10) B(open=0 conv=0x10) T(open=0 conv=0x10) G(open=0 conv=0x00) comp="" tail="kkkkkkkk"
    差分 (前→+100ms): Δなし   (前→+400ms): Δなし
[03:07:25.107Z] KEY [SCRIPT 3/10 無変換 期待=IME ON・半角英数のまま(conv 0x10)。Engine は OFF のまま ← 決定2の核心] 無変換 vk=0x1D scan=0x7B press=03:07:24.608Z (auto)  状態=直接入力
    前     : A(open=0 conv=0x10) B(open=0 conv=0x10) T(open=0 conv=0x10) G(open=0 conv=0x00) comp="" tail="kkkkkkkk"
    +100ms: A(open=1 conv=0x10) B(open=1 conv=0x10) T(open=1 conv=0x10) G(open=0 conv=0x00) comp="" tail="kkkkkkkk"
    +400ms: A(open=1 conv=0x10) B(open=1 conv=0x10) T(open=1 conv=0x10) G(open=0 conv=0x00) comp="k" tail="kkkkkkkk"
    差分 (前→+100ms): Δ open A:0→1 B:0→1 / tsf-thread open:0→1 conv:0x10→0x10   (前→+400ms): Δ open A:0→1 B:0→1 / tsf-thread open:0→1 conv:0x10→0x10 / comp:Some("")→Some("k")
[03:07:25.672Z] KEY [準備/その他] ESC vk=0x1B scan=0x01 press=03:07:25.168Z (auto)  状態=IME ON・入力中
    前     : A(open=1 conv=0x10) B(open=1 conv=0x10) T(open=1 conv=0x10) G(open=0 conv=0x00) comp="k" tail="kkkkkkkk"
    +100ms: A(open=1 conv=0x10) B(open=1 conv=0x10) T(open=1 conv=0x10) G(open=0 conv=0x00) comp="" tail="kkkkkkkk"
    +400ms: A(open=1 conv=0x10) B(open=1 conv=0x10) T(open=1 conv=0x10) G(open=0 conv=0x00) comp="" tail="kkkkkkkk"
    差分 (前→+100ms): Δ comp:Some("k")→Some("")   (前→+400ms): Δ comp:Some("k")→Some("")
[03:07:28.245Z] KEY [SCRIPT 4/10 ひらがなキー 期待=かなに戻る(conv 0x19)。Engine ON(遅延の可能性あり)] ひらがな(0xF2) vk=0xF2 scan=0x70 press=03:07:27.739Z (auto)  状態=IME ON・入力なし
    前     : A(open=1 conv=0x10) B(open=1 conv=0x10) T(open=1 conv=0x10) G(open=0 conv=0x00) comp="" tail="kkkkkkkk"
    +100ms: A(open=1 conv=0x19) B(open=1 conv=0x19) T(open=1 conv=0x19) G(open=0 conv=0x00) comp="" tail="kkkkkkkk"
    +400ms: A(open=1 conv=0x19) B(open=1 conv=0x19) T(open=1 conv=0x19) G(open=0 conv=0x00) comp="き" tail="kkkkkkkk"
    差分 (前→+100ms): Δ conv A:0x10→0x19 B:0x10→0x19 / tsf-thread open:1→1 conv:0x10→0x19   (前→+400ms): Δ conv A:0x10→0x19 B:0x10→0x19 / tsf-thread open:1→1 conv:0x10→0x19 / comp:Some("")→Some("き")
[03:07:28.789Z] KEY [準備/その他] ESC vk=0x1B scan=0x01 press=03:07:28.305Z (auto)  状態=IME ON・入力中
    前     : A(open=1 conv=0x19) B(open=1 conv=0x19) T(open=1 conv=0x19) G(open=0 conv=0x00) comp="き" tail="kkkkkkkk"
    +100ms: A(open=1 conv=0x19) B(open=1 conv=0x19) T(open=1 conv=0x19) G(open=0 conv=0x00) comp="" tail="kkkkkkkk"
    +400ms: A(open=1 conv=0x19) B(open=1 conv=0x19) T(open=1 conv=0x19) G(open=0 conv=0x00) comp="" tail="kkkkkkkk"
    差分 (前→+100ms): Δ comp:Some("き")→Some("")   (前→+400ms): Δ comp:Some("き")→Some("")
[03:07:31.421Z] KEY [SCRIPT 5/10 無変換 期待=IME OFF。Engine OFF] 無変換 vk=0x1D scan=0x7B press=03:07:30.921Z (auto)  状態=IME ON・入力なし
    前     : A(open=1 conv=0x19) B(open=1 conv=0x19) T(open=1 conv=0x19) G(open=0 conv=0x00) comp="" tail="kkkkkkkk"
    +100ms: A(open=0 conv=0x19) B(open=0 conv=0x19) T(open=0 conv=0x19) G(open=0 conv=0x00) comp="" tail="kkkkkkkk"
    +400ms: A(open=0 conv=0x19) B(open=0 conv=0x19) T(open=0 conv=0x19) G(open=0 conv=0x00) comp="" tail="kkkkkkkk"
    差分 (前→+100ms): Δ open A:1→0 B:1→0 / tsf-thread open:1→0 conv:0x19→0x19   (前→+400ms): Δ open A:1→0 B:1→0 / tsf-thread open:1→0 conv:0x19→0x19
[03:07:31.984Z] KEY [準備/その他] ESC vk=0x1B scan=0x01 press=03:07:31.483Z (auto)  状態=直接入力
    前     : A(open=0 conv=0x19) B(open=0 conv=0x19) T(open=0 conv=0x19) G(open=0 conv=0x00) comp="" tail="kkkkkkkk"
    +100ms: A(open=0 conv=0x19) B(open=0 conv=0x19) T(open=0 conv=0x19) G(open=0 conv=0x00) comp="" tail="kkkkkkkk"
    +400ms: A(open=0 conv=0x19) B(open=0 conv=0x19) T(open=0 conv=0x19) G(open=0 conv=0x00) comp="" tail="kkkkkkkk"
    差分 (前→+100ms): Δなし   (前→+400ms): Δなし
[03:07:32.046Z] KEY [準備/その他] ESC vk=0x1B scan=0x01 press=03:07:31.544Z (injected)  状態=直接入力
    前     : A(open=0 conv=0x19) B(open=0 conv=0x19) T(open=0 conv=0x19) G(open=0 conv=0x00) comp="" tail="kkkkkkkk"
    +100ms: A(open=0 conv=0x19) B(open=0 conv=0x19) T(open=0 conv=0x19) G(open=0 conv=0x00) comp="" tail="kkkkkkkk"
    +400ms: A(open=0 conv=0x19) B(open=0 conv=0x19) T(open=0 conv=0x19) G(open=0 conv=0x00) comp="" tail="kkkkkkkk"
    差分 (前→+100ms): Δなし   (前→+400ms): Δなし
[03:07:34.620Z] KEY [SCRIPT 6/10 無変換 期待=IME ON(かな)。Engine ON] 無変換 vk=0x1D scan=0x7B press=03:07:34.106Z (auto)  状態=直接入力
    前     : A(open=0 conv=0x19) B(open=0 conv=0x19) T(open=0 conv=0x19) G(open=0 conv=0x00) comp="" tail="kkkkkkkk"
    +100ms: A(open=1 conv=0x19) B(open=1 conv=0x19) T(open=1 conv=0x19) G(open=0 conv=0x00) comp="" tail="kkkkkkkk"
    +400ms: A(open=1 conv=0x19) B(open=1 conv=0x19) T(open=1 conv=0x19) G(open=0 conv=0x00) comp="き" tail="kkkkkkkk"
    差分 (前→+100ms): Δ open A:0→1 B:0→1 / tsf-thread open:0→1 conv:0x19→0x19   (前→+400ms): Δ open A:0→1 B:0→1 / tsf-thread open:0→1 conv:0x19→0x19 / comp:Some("")→Some("き")
[03:07:35.195Z] KEY [準備/その他] ESC vk=0x1B scan=0x01 press=03:07:34.667Z (auto)  状態=IME ON・入力中
    前     : A(open=1 conv=0x19) B(open=1 conv=0x19) T(open=1 conv=0x19) G(open=0 conv=0x00) comp="き" tail="kkkkkkkk"
    +100ms: A(open=1 conv=0x19) B(open=1 conv=0x19) T(open=1 conv=0x19) G(open=0 conv=0x00) comp="" tail="kkkkkkkk"
    +400ms: A(open=1 conv=0x19) B(open=1 conv=0x19) T(open=1 conv=0x19) G(open=0 conv=0x00) comp="" tail="kkkkkkkk"
    差分 (前→+100ms): Δ comp:Some("き")→Some("")   (前→+400ms): Δ comp:Some("き")→Some("")
[03:07:37.757Z] KEY [SCRIPT 7/10 ひらがなキー 期待=ONのまま半角英数へ。Engine は(遅延で)OFF] ひらがな(0xF2) vk=0xF2 scan=0x70 press=03:07:37.246Z (auto)  状態=IME ON・入力なし
    前     : A(open=1 conv=0x19) B(open=1 conv=0x19) T(open=1 conv=0x19) G(open=0 conv=0x00) comp="" tail="kkkkkkkk"
    +100ms: A(open=1 conv=0x10) B(open=1 conv=0x10) T(open=1 conv=0x10) G(open=0 conv=0x00) comp="" tail="kkkkkkkk"
    +400ms: A(open=1 conv=0x10) B(open=1 conv=0x10) T(open=1 conv=0x10) G(open=0 conv=0x00) comp="k" tail="kkkkkkkk"
    差分 (前→+100ms): Δ conv A:0x19→0x10 B:0x19→0x10 / tsf-thread open:1→1 conv:0x19→0x10   (前→+400ms): Δ conv A:0x19→0x10 B:0x19→0x10 / tsf-thread open:1→1 conv:0x19→0x10 / comp:Some("")→Some("k")
[03:07:38.323Z] KEY [準備/その他] ESC vk=0x1B scan=0x01 press=03:07:37.821Z (auto)  状態=IME ON・入力中
    前     : A(open=1 conv=0x10) B(open=1 conv=0x10) T(open=1 conv=0x10) G(open=0 conv=0x00) comp="k" tail="kkkkkkkk"
    +100ms: A(open=1 conv=0x10) B(open=1 conv=0x10) T(open=1 conv=0x10) G(open=0 conv=0x00) comp="" tail="kkkkkkkk"
    +400ms: A(open=1 conv=0x10) B(open=1 conv=0x10) T(open=1 conv=0x10) G(open=0 conv=0x00) comp="" tail="kkkkkkkk"
    差分 (前→+100ms): Δ comp:Some("k")→Some("")   (前→+400ms): Δ comp:Some("k")→Some("")
[03:07:40.884Z] KEY [SCRIPT 8/10 無変換 期待=IME OFF。Engine OFF] 無変換 vk=0x1D scan=0x7B press=03:07:40.379Z (auto)  状態=IME ON・入力なし
    前     : A(open=1 conv=0x10) B(open=1 conv=0x10) T(open=1 conv=0x10) G(open=0 conv=0x00) comp="" tail="kkkkkkkk"
    +100ms: A(open=0 conv=0x10) B(open=0 conv=0x10) T(open=0 conv=0x10) G(open=0 conv=0x00) comp="" tail="kkkkkkkk"
    +400ms: A(open=0 conv=0x10) B(open=0 conv=0x10) T(open=0 conv=0x10) G(open=0 conv=0x00) comp="" tail="kkkkkkkk"
    差分 (前→+100ms): Δ open A:1→0 B:1→0 / tsf-thread open:1→0 conv:0x10→0x10   (前→+400ms): Δ open A:1→0 B:1→0 / tsf-thread open:1→0 conv:0x10→0x10
[03:07:41.440Z] KEY [準備/その他] ESC vk=0x1B scan=0x01 press=03:07:40.945Z (auto)  状態=直接入力
    前     : A(open=0 conv=0x10) B(open=0 conv=0x10) T(open=0 conv=0x10) G(open=0 conv=0x00) comp="" tail="kkkkkkkk"
    +100ms: A(open=0 conv=0x10) B(open=0 conv=0x10) T(open=0 conv=0x10) G(open=0 conv=0x00) comp="" tail="kkkkkkkk"
    +400ms: A(open=0 conv=0x10) B(open=0 conv=0x10) T(open=0 conv=0x10) G(open=0 conv=0x00) comp="" tail="kkkkkkkk"
    差分 (前→+100ms): Δなし   (前→+400ms): Δなし
[03:07:44.062Z] KEY [SCRIPT 9/10 無変換 期待=IME ON・半角英数のまま。Engine が ON にならないこと ← 退行窓の確認] 無変換 vk=0x1D scan=0x7B press=03:07:43.562Z (auto)  状態=直接入力
    前     : A(open=0 conv=0x10) B(open=0 conv=0x10) T(open=0 conv=0x10) G(open=0 conv=0x00) comp="" tail="kkkkkkkk"
    +100ms: A(open=1 conv=0x10) B(open=1 conv=0x10) T(open=1 conv=0x10) G(open=0 conv=0x00) comp="" tail="kkkkkkkk"
    +400ms: A(open=1 conv=0x10) B(open=1 conv=0x10) T(open=1 conv=0x10) G(open=0 conv=0x00) comp="k" tail="kkkkkkkk"
    差分 (前→+100ms): Δ open A:0→1 B:0→1 / tsf-thread open:0→1 conv:0x10→0x10   (前→+400ms): Δ open A:0→1 B:0→1 / tsf-thread open:0→1 conv:0x10→0x10 / comp:Some("")→Some("k")
[03:07:44.632Z] KEY [準備/その他] ESC vk=0x1B scan=0x01 press=03:07:44.120Z (auto)  状態=IME ON・入力中
    前     : A(open=1 conv=0x10) B(open=1 conv=0x10) T(open=1 conv=0x10) G(open=0 conv=0x00) comp="k" tail="kkkkkkkk"
    +100ms: A(open=1 conv=0x10) B(open=1 conv=0x10) T(open=1 conv=0x10) G(open=0 conv=0x00) comp="" tail="kkkkkkkk"
    +400ms: A(open=1 conv=0x10) B(open=1 conv=0x10) T(open=1 conv=0x10) G(open=0 conv=0x00) comp="" tail="kkkkkkkk"
    差分 (前→+100ms): Δ comp:Some("k")→Some("")   (前→+400ms): Δ comp:Some("k")→Some("")
[03:07:47.220Z] KEY [SCRIPT 10/10 ひらがなキー 期待=かなに戻る(後片付け)] ひらがな(0xF2) vk=0xF2 scan=0x70 press=03:07:46.694Z (auto)  状態=IME ON・入力なし
    前     : A(open=1 conv=0x10) B(open=1 conv=0x10) T(open=1 conv=0x10) G(open=0 conv=0x00) comp="" tail="kkkkkkkk"
    +100ms: A(open=1 conv=0x19) B(open=1 conv=0x19) T(open=1 conv=0x19) G(open=0 conv=0x00) comp="" tail="kkkkkkkk"
    +400ms: A(open=1 conv=0x19) B(open=1 conv=0x19) T(open=1 conv=0x19) G(open=0 conv=0x00) comp="き" tail="kkkkkkkk"
    差分 (前→+100ms): Δ conv A:0x10→0x19 B:0x10→0x19 / tsf-thread open:1→1 conv:0x10→0x19   (前→+400ms): Δ conv A:0x10→0x19 B:0x10→0x19 / tsf-thread open:1→1 conv:0x10→0x19 / comp:Some("")→Some("き")
[03:07:47.749Z] KEY [準備/その他] ESC vk=0x1B scan=0x01 press=03:07:47.248Z (auto)  状態=IME ON・入力中
    前     : A(open=1 conv=0x19) B(open=1 conv=0x19) T(open=1 conv=0x19) G(open=0 conv=0x00) comp="き" tail="kkkkkkkk"
    +100ms: A(open=1 conv=0x19) B(open=1 conv=0x19) T(open=1 conv=0x19) G(open=0 conv=0x00) comp="" tail="kkkkkkkk"
    +400ms: A(open=1 conv=0x19) B(open=1 conv=0x19) T(open=1 conv=0x19) G(open=0 conv=0x00) comp="" tail="kkkkkkkk"
    差分 (前→+100ms): Δ comp:Some("き")→Some("")   (前→+400ms): Δ comp:Some("き")→Some("")
[RUN 4/12 完了]
[RUN 5/12 開始]
[03:07:51.120Z] KEY [SCRIPT 1/10 ひらがなキー 期待=ONのまま半角英数へ(conv 0x10)。Engine OFF(決定3保留のため遅延の可能性あり)] ひらがな(0xF2) vk=0xF2 scan=0x70 press=03:07:50.628Z (auto)  状態=IME ON・入力なし
    前     : A(open=1 conv=0x19) B(open=1 conv=0x19) T(open=1 conv=0x19) G(open=0 conv=0x00) comp="" tail="kkkkkkkk"
    +100ms: A(open=1 conv=0x10) B(open=1 conv=0x10) T(open=1 conv=0x10) G(open=0 conv=0x00) comp="" tail="kkkkkkkk"
    +400ms: A(open=1 conv=0x10) B(open=1 conv=0x10) T(open=1 conv=0x10) G(open=0 conv=0x00) comp="k" tail="kkkkkkkk"
    差分 (前→+100ms): Δ conv A:0x19→0x10 B:0x19→0x10 / tsf-thread open:1→1 conv:0x19→0x10   (前→+400ms): Δ conv A:0x19→0x10 B:0x19→0x10 / tsf-thread open:1→1 conv:0x19→0x10 / comp:Some("")→Some("k")
[03:07:51.647Z] KEY [準備/その他] ESC vk=0x1B scan=0x01 press=03:07:51.184Z (auto)  状態=IME ON・入力中
    前     : A(open=1 conv=0x10) B(open=1 conv=0x10) T(open=1 conv=0x10) G(open=0 conv=0x00) comp="k" tail="kkkkkkkk"
    +100ms: A(open=1 conv=0x10) B(open=1 conv=0x10) T(open=1 conv=0x10) G(open=0 conv=0x00) comp="" tail="kkkkkkkk"
    +400ms: A(open=1 conv=0x10) B(open=1 conv=0x10) T(open=1 conv=0x10) G(open=0 conv=0x00) comp="" tail="kkkkkkkk"
    差分 (前→+100ms): Δ comp:Some("k")→Some("")   (前→+400ms): Δ comp:Some("k")→Some("")
[03:07:54.266Z] KEY [SCRIPT 2/10 無変換 期待=IME OFF(直接入力)。Engine OFF] 無変換 vk=0x1D scan=0x7B press=03:07:53.770Z (auto)  状態=IME ON・入力なし
    前     : A(open=1 conv=0x10) B(open=1 conv=0x10) T(open=1 conv=0x10) G(open=0 conv=0x00) comp="" tail="kkkkkkkk"
    +100ms: A(open=0 conv=0x10) B(open=0 conv=0x10) T(open=0 conv=0x10) G(open=0 conv=0x00) comp="" tail="kkkkkkkk"
    +400ms: A(open=0 conv=0x10) B(open=0 conv=0x10) T(open=0 conv=0x10) G(open=0 conv=0x00) comp="" tail="kkkkkkkk"
    差分 (前→+100ms): Δ open A:1→0 B:1→0 / tsf-thread open:1→0 conv:0x10→0x10   (前→+400ms): Δ open A:1→0 B:1→0 / tsf-thread open:1→0 conv:0x10→0x10
[03:07:54.825Z] KEY [準備/その他] ESC vk=0x1B scan=0x01 press=03:07:54.329Z (auto)  状態=直接入力
    前     : A(open=0 conv=0x10) B(open=0 conv=0x10) T(open=0 conv=0x10) G(open=0 conv=0x00) comp="" tail="kkkkkkkk"
    +100ms: A(open=0 conv=0x10) B(open=0 conv=0x10) T(open=0 conv=0x10) G(open=0 conv=0x00) comp="" tail="kkkkkkkk"
    +400ms: A(open=0 conv=0x10) B(open=0 conv=0x10) T(open=0 conv=0x10) G(open=0 conv=0x00) comp="" tail="kkkkkkkk"
    差分 (前→+100ms): Δなし   (前→+400ms): Δなし
[03:07:57.462Z] KEY [SCRIPT 3/10 無変換 期待=IME ON・半角英数のまま(conv 0x10)。Engine は OFF のまま ← 決定2の核心] 無変換 vk=0x1D scan=0x7B press=03:07:56.947Z (auto)  状態=直接入力
    前     : A(open=0 conv=0x10) B(open=0 conv=0x10) T(open=0 conv=0x10) G(open=0 conv=0x00) comp="" tail="kkkkkkkk"
    +100ms: A(open=1 conv=0x10) B(open=1 conv=0x10) T(open=1 conv=0x10) G(open=0 conv=0x00) comp="" tail="kkkkkkkk"
    +400ms: A(open=1 conv=0x10) B(open=1 conv=0x10) T(open=1 conv=0x10) G(open=0 conv=0x00) comp="k" tail="kkkkkkkk"
    差分 (前→+100ms): Δ open A:0→1 B:0→1 / tsf-thread open:0→1 conv:0x10→0x10   (前→+400ms): Δ open A:0→1 B:0→1 / tsf-thread open:0→1 conv:0x10→0x10 / comp:Some("")→Some("k")
[03:07:58.023Z] KEY [準備/その他] ESC vk=0x1B scan=0x01 press=03:07:57.524Z (auto)  状態=IME ON・入力中
    前     : A(open=1 conv=0x10) B(open=1 conv=0x10) T(open=1 conv=0x10) G(open=0 conv=0x00) comp="k" tail="kkkkkkkk"
    +100ms: A(open=1 conv=0x10) B(open=1 conv=0x10) T(open=1 conv=0x10) G(open=0 conv=0x00) comp="" tail="kkkkkkkk"
    +400ms: A(open=1 conv=0x10) B(open=1 conv=0x10) T(open=1 conv=0x10) G(open=0 conv=0x00) comp="" tail="kkkkkkkk"
    差分 (前→+100ms): Δ comp:Some("k")→Some("")   (前→+400ms): Δ comp:Some("k")→Some("")
[03:08:00.589Z] KEY [SCRIPT 4/10 ひらがなキー 期待=かなに戻る(conv 0x19)。Engine ON(遅延の可能性あり)] ひらがな(0xF2) vk=0xF2 scan=0x70 press=03:08:00.084Z (auto)  状態=IME ON・入力なし
    前     : A(open=1 conv=0x10) B(open=1 conv=0x10) T(open=1 conv=0x10) G(open=0 conv=0x00) comp="" tail="kkkkkkkk"
    +100ms: A(open=1 conv=0x19) B(open=1 conv=0x19) T(open=1 conv=0x19) G(open=0 conv=0x00) comp="" tail="kkkkkkkk"
    +400ms: A(open=1 conv=0x19) B(open=1 conv=0x19) T(open=1 conv=0x19) G(open=0 conv=0x00) comp="き" tail="kkkkkkkk"
    差分 (前→+100ms): Δ conv A:0x10→0x19 B:0x10→0x19 / tsf-thread open:1→1 conv:0x10→0x19   (前→+400ms): Δ conv A:0x10→0x19 B:0x10→0x19 / tsf-thread open:1→1 conv:0x10→0x19 / comp:Some("")→Some("き")
[03:08:01.145Z] KEY [準備/その他] ESC vk=0x1B scan=0x01 press=03:08:00.648Z (auto)  状態=IME ON・入力中
    前     : A(open=1 conv=0x19) B(open=1 conv=0x19) T(open=1 conv=0x19) G(open=0 conv=0x00) comp="き" tail="kkkkkkkk"
    +100ms: A(open=1 conv=0x19) B(open=1 conv=0x19) T(open=1 conv=0x19) G(open=0 conv=0x00) comp="" tail="kkkkkkkk"
    +400ms: A(open=1 conv=0x19) B(open=1 conv=0x19) T(open=1 conv=0x19) G(open=0 conv=0x00) comp="" tail="kkkkkkkk"
    差分 (前→+100ms): Δ comp:Some("き")→Some("")   (前→+400ms): Δ comp:Some("き")→Some("")
[03:08:03.761Z] KEY [SCRIPT 5/10 無変換 期待=IME OFF。Engine OFF] 無変換 vk=0x1D scan=0x7B press=03:08:03.264Z (auto)  状態=IME ON・入力なし
    前     : A(open=1 conv=0x19) B(open=1 conv=0x19) T(open=1 conv=0x19) G(open=0 conv=0x00) comp="" tail="kkkkkkkk"
    +100ms: A(open=0 conv=0x19) B(open=0 conv=0x19) T(open=0 conv=0x19) G(open=0 conv=0x00) comp="" tail="kkkkkkkk"
    +400ms: A(open=0 conv=0x19) B(open=0 conv=0x19) T(open=0 conv=0x19) G(open=0 conv=0x00) comp="" tail="kkkkkkkk"
    差分 (前→+100ms): Δ open A:1→0 B:1→0 / tsf-thread open:1→0 conv:0x19→0x19   (前→+400ms): Δ open A:1→0 B:1→0 / tsf-thread open:1→0 conv:0x19→0x19
[03:08:04.334Z] KEY [準備/その他] ESC vk=0x1B scan=0x01 press=03:08:03.821Z (auto)  状態=直接入力
    前     : A(open=0 conv=0x19) B(open=0 conv=0x19) T(open=0 conv=0x19) G(open=0 conv=0x00) comp="" tail="kkkkkkkk"
    +100ms: A(open=0 conv=0x19) B(open=0 conv=0x19) T(open=0 conv=0x19) G(open=0 conv=0x00) comp="" tail="kkkkkkkk"
    +400ms: A(open=0 conv=0x19) B(open=0 conv=0x19) T(open=0 conv=0x19) G(open=0 conv=0x00) comp="" tail="kkkkkkkk"
    差分 (前→+100ms): Δなし   (前→+400ms): Δなし
[03:08:04.400Z] KEY [準備/その他] ESC vk=0x1B scan=0x01 press=03:08:03.883Z (injected)  状態=直接入力
    前     : A(open=0 conv=0x19) B(open=0 conv=0x19) T(open=0 conv=0x19) G(open=0 conv=0x00) comp="" tail="kkkkkkkk"
    +100ms: A(open=0 conv=0x19) B(open=0 conv=0x19) T(open=0 conv=0x19) G(open=0 conv=0x00) comp="" tail="kkkkkkkk"
    +400ms: A(open=0 conv=0x19) B(open=0 conv=0x19) T(open=0 conv=0x19) G(open=0 conv=0x00) comp="" tail="kkkkkkkk"
    差分 (前→+100ms): Δなし   (前→+400ms): Δなし
[03:08:06.887Z] KEY [SCRIPT 6/10 無変換 期待=IME ON(かな)。Engine ON] 無変換 vk=0x1D scan=0x7B press=03:08:06.391Z (auto)  状態=直接入力
    前     : A(open=0 conv=0x19) B(open=0 conv=0x19) T(open=0 conv=0x19) G(open=0 conv=0x00) comp="" tail="kkkkkkkk"
    +100ms: A(open=1 conv=0x19) B(open=1 conv=0x19) T(open=1 conv=0x19) G(open=0 conv=0x00) comp="" tail="kkkkkkkk"
    +400ms: A(open=1 conv=0x19) B(open=1 conv=0x19) T(open=1 conv=0x19) G(open=0 conv=0x00) comp="き" tail="kkkkkkkk"
    差分 (前→+100ms): Δ open A:0→1 B:0→1 / tsf-thread open:0→1 conv:0x19→0x19   (前→+400ms): Δ open A:0→1 B:0→1 / tsf-thread open:0→1 conv:0x19→0x19 / comp:Some("")→Some("き")
[03:08:07.450Z] KEY [準備/その他] ESC vk=0x1B scan=0x01 press=03:08:06.949Z (auto)  状態=IME ON・入力中
    前     : A(open=1 conv=0x19) B(open=1 conv=0x19) T(open=1 conv=0x19) G(open=0 conv=0x00) comp="き" tail="kkkkkkkk"
    +100ms: A(open=1 conv=0x19) B(open=1 conv=0x19) T(open=1 conv=0x19) G(open=0 conv=0x00) comp="" tail="kkkkkkkk"
    +400ms: A(open=1 conv=0x19) B(open=1 conv=0x19) T(open=1 conv=0x19) G(open=0 conv=0x00) comp="" tail="kkkkkkkk"
    差分 (前→+100ms): Δ comp:Some("き")→Some("")   (前→+400ms): Δ comp:Some("き")→Some("")
[03:08:10.011Z] KEY [SCRIPT 7/10 ひらがなキー 期待=ONのまま半角英数へ。Engine は(遅延で)OFF] ひらがな(0xF2) vk=0xF2 scan=0x70 press=03:08:09.522Z (auto)  状態=IME ON・入力なし
    前     : A(open=1 conv=0x19) B(open=1 conv=0x19) T(open=1 conv=0x19) G(open=0 conv=0x00) comp="" tail="kkkkkkkk"
    +100ms: A(open=1 conv=0x10) B(open=1 conv=0x10) T(open=1 conv=0x10) G(open=0 conv=0x00) comp="" tail="kkkkkkkk"
    +400ms: A(open=1 conv=0x10) B(open=1 conv=0x10) T(open=1 conv=0x10) G(open=0 conv=0x00) comp="k" tail="kkkkkkkk"
    差分 (前→+100ms): Δ conv A:0x19→0x10 B:0x19→0x10 / tsf-thread open:1→1 conv:0x19→0x10   (前→+400ms): Δ conv A:0x19→0x10 B:0x19→0x10 / tsf-thread open:1→1 conv:0x19→0x10 / comp:Some("")→Some("k")
[03:08:10.586Z] KEY [準備/その他] ESC vk=0x1B scan=0x01 press=03:08:10.082Z (auto)  状態=IME ON・入力中
    前     : A(open=1 conv=0x10) B(open=1 conv=0x10) T(open=1 conv=0x10) G(open=0 conv=0x00) comp="k" tail="kkkkkkkk"
    +100ms: A(open=1 conv=0x10) B(open=1 conv=0x10) T(open=1 conv=0x10) G(open=0 conv=0x00) comp="" tail="kkkkkkkk"
    +400ms: A(open=1 conv=0x10) B(open=1 conv=0x10) T(open=1 conv=0x10) G(open=0 conv=0x00) comp="" tail="kkkkkkkk"
    差分 (前→+100ms): Δ comp:Some("k")→Some("")   (前→+400ms): Δ comp:Some("k")→Some("")
[03:08:13.136Z] KEY [SCRIPT 8/10 無変換 期待=IME OFF。Engine OFF] 無変換 vk=0x1D scan=0x7B press=03:08:12.637Z (auto)  状態=IME ON・入力なし
    前     : A(open=1 conv=0x10) B(open=1 conv=0x10) T(open=1 conv=0x10) G(open=0 conv=0x00) comp="" tail="kkkkkkkk"
    +100ms: A(open=0 conv=0x10) B(open=0 conv=0x10) T(open=0 conv=0x10) G(open=0 conv=0x00) comp="" tail="kkkkkkkk"
    +400ms: A(open=0 conv=0x10) B(open=0 conv=0x10) T(open=0 conv=0x10) G(open=0 conv=0x00) comp="" tail="kkkkkkkk"
    差分 (前→+100ms): Δ open A:1→0 B:1→0 / tsf-thread open:1→0 conv:0x10→0x10   (前→+400ms): Δ open A:1→0 B:1→0 / tsf-thread open:1→0 conv:0x10→0x10
[03:08:13.712Z] KEY [準備/その他] ESC vk=0x1B scan=0x01 press=03:08:13.197Z (auto)  状態=直接入力
    前     : A(open=0 conv=0x10) B(open=0 conv=0x10) T(open=0 conv=0x10) G(open=0 conv=0x00) comp="" tail="kkkkkkkk"
    +100ms: A(open=0 conv=0x10) B(open=0 conv=0x10) T(open=0 conv=0x10) G(open=0 conv=0x00) comp="" tail="kkkkkkkk"
    +400ms: A(open=0 conv=0x10) B(open=0 conv=0x10) T(open=0 conv=0x10) G(open=0 conv=0x00) comp="" tail="kkkkkkkk"
    差分 (前→+100ms): Δなし   (前→+400ms): Δなし
[03:08:16.332Z] KEY [SCRIPT 9/10 無変換 期待=IME ON・半角英数のまま。Engine が ON にならないこと ← 退行窓の確認] 無変換 vk=0x1D scan=0x7B press=03:08:15.822Z (auto)  状態=直接入力
    前     : A(open=0 conv=0x10) B(open=0 conv=0x10) T(open=0 conv=0x10) G(open=0 conv=0x00) comp="" tail="kkkkkkkk"
    +100ms: A(open=1 conv=0x10) B(open=1 conv=0x10) T(open=1 conv=0x10) G(open=0 conv=0x00) comp="" tail="kkkkkkkk"
    +400ms: A(open=1 conv=0x10) B(open=1 conv=0x10) T(open=1 conv=0x10) G(open=0 conv=0x00) comp="k" tail="kkkkkkkk"
    差分 (前→+100ms): Δ open A:0→1 B:0→1 / tsf-thread open:0→1 conv:0x10→0x10   (前→+400ms): Δ open A:0→1 B:0→1 / tsf-thread open:0→1 conv:0x10→0x10 / comp:Some("")→Some("k")
[03:08:16.886Z] KEY [準備/その他] ESC vk=0x1B scan=0x01 press=03:08:16.388Z (auto)  状態=IME ON・入力中
    前     : A(open=1 conv=0x10) B(open=1 conv=0x10) T(open=1 conv=0x10) G(open=0 conv=0x00) comp="k" tail="kkkkkkkk"
    +100ms: A(open=1 conv=0x10) B(open=1 conv=0x10) T(open=1 conv=0x10) G(open=0 conv=0x00) comp="" tail="kkkkkkkk"
    +400ms: A(open=1 conv=0x10) B(open=1 conv=0x10) T(open=1 conv=0x10) G(open=0 conv=0x00) comp="" tail="kkkkkkkk"
    差分 (前→+100ms): Δ comp:Some("k")→Some("")   (前→+400ms): Δ comp:Some("k")→Some("")
[03:08:19.467Z] KEY [SCRIPT 10/10 ひらがなキー 期待=かなに戻る(後片付け)] ひらがな(0xF2) vk=0xF2 scan=0x70 press=03:08:18.968Z (auto)  状態=IME ON・入力なし
    前     : A(open=1 conv=0x10) B(open=1 conv=0x10) T(open=1 conv=0x10) G(open=0 conv=0x00) comp="" tail="kkkkkkkk"
    +100ms: A(open=1 conv=0x19) B(open=1 conv=0x19) T(open=1 conv=0x19) G(open=0 conv=0x00) comp="" tail="kkkkkkkk"
    +400ms: A(open=1 conv=0x19) B(open=1 conv=0x19) T(open=1 conv=0x19) G(open=0 conv=0x00) comp="き" tail="kkkkkkkk"
    差分 (前→+100ms): Δ conv A:0x10→0x19 B:0x10→0x19 / tsf-thread open:1→1 conv:0x10→0x19   (前→+400ms): Δ conv A:0x10→0x19 B:0x10→0x19 / tsf-thread open:1→1 conv:0x10→0x19 / comp:Some("")→Some("き")
[03:08:20.028Z] KEY [準備/その他] ESC vk=0x1B scan=0x01 press=03:08:19.528Z (auto)  状態=IME ON・入力中
    前     : A(open=1 conv=0x19) B(open=1 conv=0x19) T(open=1 conv=0x19) G(open=0 conv=0x00) comp="き" tail="kkkkkkkk"
    +100ms: A(open=1 conv=0x19) B(open=1 conv=0x19) T(open=1 conv=0x19) G(open=0 conv=0x00) comp="" tail="kkkkkkkk"
    +400ms: A(open=1 conv=0x19) B(open=1 conv=0x19) T(open=1 conv=0x19) G(open=0 conv=0x00) comp="" tail="kkkkkkkk"
    差分 (前→+100ms): Δ comp:Some("き")→Some("")   (前→+400ms): Δ comp:Some("き")→Some("")
[RUN 5/12 完了]
[RUN 6/12 開始]
[03:08:23.344Z] KEY [SCRIPT 1/10 ひらがなキー 期待=ONのまま半角英数へ(conv 0x10)。Engine OFF(決定3保留のため遅延の可能性あり)] ひらがな(0xF2) vk=0xF2 scan=0x70 press=03:08:22.846Z (auto)  状態=IME ON・入力なし
    前     : A(open=1 conv=0x19) B(open=1 conv=0x19) T(open=1 conv=0x19) G(open=0 conv=0x00) comp="" tail="kkkkkkkk"
    +100ms: A(open=1 conv=0x10) B(open=1 conv=0x10) T(open=1 conv=0x10) G(open=0 conv=0x00) comp="" tail="kkkkkkkk"
    +400ms: A(open=1 conv=0x10) B(open=1 conv=0x10) T(open=1 conv=0x10) G(open=0 conv=0x00) comp="k" tail="kkkkkkkk"
    差分 (前→+100ms): Δ conv A:0x19→0x10 B:0x19→0x10 / tsf-thread open:1→1 conv:0x19→0x10   (前→+400ms): Δ conv A:0x19→0x10 B:0x19→0x10 / tsf-thread open:1→1 conv:0x19→0x10 / comp:Some("")→Some("k")
[03:08:23.904Z] KEY [準備/その他] ESC vk=0x1B scan=0x01 press=03:08:23.405Z (auto)  状態=IME ON・入力中
    前     : A(open=1 conv=0x10) B(open=1 conv=0x10) T(open=1 conv=0x10) G(open=0 conv=0x00) comp="k" tail="kkkkkkkk"
    +100ms: A(open=1 conv=0x10) B(open=1 conv=0x10) T(open=1 conv=0x10) G(open=0 conv=0x00) comp="" tail="kkkkkkkk"
    +400ms: A(open=1 conv=0x10) B(open=1 conv=0x10) T(open=1 conv=0x10) G(open=0 conv=0x00) comp="" tail="kkkkkkkk"
    差分 (前→+100ms): Δ comp:Some("k")→Some("")   (前→+400ms): Δ comp:Some("k")→Some("")
[03:08:26.527Z] KEY [SCRIPT 2/10 無変換 期待=IME OFF(直接入力)。Engine OFF] 無変換 vk=0x1D scan=0x7B press=03:08:26.027Z (auto)  状態=IME ON・入力なし
    前     : A(open=1 conv=0x10) B(open=1 conv=0x10) T(open=1 conv=0x10) G(open=0 conv=0x00) comp="" tail="kkkkkkkk"
    +100ms: A(open=0 conv=0x10) B(open=0 conv=0x10) T(open=0 conv=0x10) G(open=0 conv=0x00) comp="" tail="kkkkkkkk"
    +400ms: A(open=0 conv=0x10) B(open=0 conv=0x10) T(open=0 conv=0x10) G(open=0 conv=0x00) comp="" tail="kkkkkkkk"
    差分 (前→+100ms): Δ open A:1→0 B:1→0 / tsf-thread open:1→0 conv:0x10→0x10   (前→+400ms): Δ open A:1→0 B:1→0 / tsf-thread open:1→0 conv:0x10→0x10
[03:08:27.101Z] KEY [準備/その他] ESC vk=0x1B scan=0x01 press=03:08:26.586Z (auto)  状態=直接入力
    前     : A(open=0 conv=0x10) B(open=0 conv=0x10) T(open=0 conv=0x10) G(open=0 conv=0x00) comp="" tail="kkkkkkkk"
    +100ms: A(open=0 conv=0x10) B(open=0 conv=0x10) T(open=0 conv=0x10) G(open=0 conv=0x00) comp="" tail="kkkkkkkk"
    +400ms: A(open=0 conv=0x10) B(open=0 conv=0x10) T(open=0 conv=0x10) G(open=0 conv=0x00) comp="" tail="kkkkkkkk"
    差分 (前→+100ms): Δなし   (前→+400ms): Δなし
[03:08:29.656Z] KEY [SCRIPT 3/10 無変換 期待=IME ON・半角英数のまま(conv 0x10)。Engine は OFF のまま ← 決定2の核心] 無変換 vk=0x1D scan=0x7B press=03:08:29.162Z (auto)  状態=直接入力
    前     : A(open=0 conv=0x10) B(open=0 conv=0x10) T(open=0 conv=0x10) G(open=0 conv=0x00) comp="" tail="kkkkkkkk"
    +100ms: A(open=1 conv=0x10) B(open=1 conv=0x10) T(open=1 conv=0x10) G(open=0 conv=0x00) comp="" tail="kkkkkkkk"
    +400ms: A(open=1 conv=0x10) B(open=1 conv=0x10) T(open=1 conv=0x10) G(open=0 conv=0x00) comp="k" tail="kkkkkkkk"
    差分 (前→+100ms): Δ open A:0→1 B:0→1 / tsf-thread open:0→1 conv:0x10→0x10   (前→+400ms): Δ open A:0→1 B:0→1 / tsf-thread open:0→1 conv:0x10→0x10 / comp:Some("")→Some("k")
[03:08:30.216Z] KEY [準備/その他] ESC vk=0x1B scan=0x01 press=03:08:29.718Z (auto)  状態=IME ON・入力中
    前     : A(open=1 conv=0x10) B(open=1 conv=0x10) T(open=1 conv=0x10) G(open=0 conv=0x00) comp="k" tail="kkkkkkkk"
    +100ms: A(open=1 conv=0x10) B(open=1 conv=0x10) T(open=1 conv=0x10) G(open=0 conv=0x00) comp="" tail="kkkkkkkk"
    +400ms: A(open=1 conv=0x10) B(open=1 conv=0x10) T(open=1 conv=0x10) G(open=0 conv=0x00) comp="" tail="kkkkkkkk"
    差分 (前→+100ms): Δ comp:Some("k")→Some("")   (前→+400ms): Δ comp:Some("k")→Some("")
[03:08:32.839Z] KEY [SCRIPT 4/10 ひらがなキー 期待=かなに戻る(conv 0x19)。Engine ON(遅延の可能性あり)] ひらがな(0xF2) vk=0xF2 scan=0x70 press=03:08:32.348Z (auto)  状態=IME ON・入力なし
    前     : A(open=1 conv=0x10) B(open=1 conv=0x10) T(open=1 conv=0x10) G(open=0 conv=0x00) comp="" tail="kkkkkkkk"
    +100ms: A(open=1 conv=0x19) B(open=1 conv=0x19) T(open=1 conv=0x19) G(open=0 conv=0x00) comp="" tail="kkkkkkkk"
    +400ms: A(open=1 conv=0x19) B(open=1 conv=0x19) T(open=1 conv=0x19) G(open=0 conv=0x00) comp="き" tail="kkkkkkkk"
    差分 (前→+100ms): Δ conv A:0x10→0x19 B:0x10→0x19 / tsf-thread open:1→1 conv:0x10→0x19   (前→+400ms): Δ conv A:0x10→0x19 B:0x10→0x19 / tsf-thread open:1→1 conv:0x10→0x19 / comp:Some("")→Some("き")
[03:08:33.399Z] KEY [準備/その他] ESC vk=0x1B scan=0x01 press=03:08:32.904Z (auto)  状態=IME ON・入力中
    前     : A(open=1 conv=0x19) B(open=1 conv=0x19) T(open=1 conv=0x19) G(open=0 conv=0x00) comp="き" tail="kkkkkkkk"
    +100ms: A(open=1 conv=0x19) B(open=1 conv=0x19) T(open=1 conv=0x19) G(open=0 conv=0x00) comp="" tail="kkkkkkkk"
    +400ms: A(open=1 conv=0x19) B(open=1 conv=0x19) T(open=1 conv=0x19) G(open=0 conv=0x00) comp="" tail="kkkkkkkk"
    差分 (前→+100ms): Δ comp:Some("き")→Some("")   (前→+400ms): Δ comp:Some("き")→Some("")
[03:08:36.031Z] KEY [SCRIPT 5/10 無変換 期待=IME OFF。Engine OFF] 無変換 vk=0x1D scan=0x7B press=03:08:35.532Z (auto)  状態=IME ON・入力なし
    前     : A(open=1 conv=0x19) B(open=1 conv=0x19) T(open=1 conv=0x19) G(open=0 conv=0x00) comp="" tail="kkkkkkkk"
    +100ms: A(open=0 conv=0x19) B(open=0 conv=0x19) T(open=0 conv=0x19) G(open=0 conv=0x00) comp="" tail="kkkkkkkk"
    +400ms: A(open=0 conv=0x19) B(open=0 conv=0x19) T(open=0 conv=0x19) G(open=0 conv=0x00) comp="" tail="kkkkkkkk"
    差分 (前→+100ms): Δ open A:1→0 B:1→0 / tsf-thread open:1→0 conv:0x19→0x19   (前→+400ms): Δ open A:1→0 B:1→0 / tsf-thread open:1→0 conv:0x19→0x19
[03:08:36.592Z] KEY [準備/その他] ESC vk=0x1B scan=0x01 press=03:08:36.093Z (auto)  状態=直接入力
    前     : A(open=0 conv=0x19) B(open=0 conv=0x19) T(open=0 conv=0x19) G(open=0 conv=0x00) comp="" tail="kkkkkkkk"
    +100ms: A(open=0 conv=0x19) B(open=0 conv=0x19) T(open=0 conv=0x19) G(open=0 conv=0x00) comp="" tail="kkkkkkkk"
    +400ms: A(open=0 conv=0x19) B(open=0 conv=0x19) T(open=0 conv=0x19) G(open=0 conv=0x00) comp="" tail="kkkkkkkk"
    差分 (前→+100ms): Δなし   (前→+400ms): Δなし
[03:08:36.652Z] KEY [準備/その他] ESC vk=0x1B scan=0x01 press=03:08:36.156Z (injected)  状態=直接入力
    前     : A(open=0 conv=0x19) B(open=0 conv=0x19) T(open=0 conv=0x19) G(open=0 conv=0x00) comp="" tail="kkkkkkkk"
    +100ms: A(open=0 conv=0x19) B(open=0 conv=0x19) T(open=0 conv=0x19) G(open=0 conv=0x00) comp="" tail="kkkkkkkk"
    +400ms: A(open=0 conv=0x19) B(open=0 conv=0x19) T(open=0 conv=0x19) G(open=0 conv=0x00) comp="" tail="kkkkkkkk"
    差分 (前→+100ms): Δなし   (前→+400ms): Δなし
[03:08:39.156Z] KEY [SCRIPT 6/10 無変換 期待=IME ON(かな)。Engine ON] 無変換 vk=0x1D scan=0x7B press=03:08:38.660Z (auto)  状態=直接入力
    前     : A(open=0 conv=0x19) B(open=0 conv=0x19) T(open=0 conv=0x19) G(open=0 conv=0x00) comp="" tail="kkkkkkkk"
    +100ms: A(open=1 conv=0x19) B(open=1 conv=0x19) T(open=1 conv=0x19) G(open=0 conv=0x00) comp="" tail="kkkkkkkk"
    +400ms: A(open=1 conv=0x19) B(open=1 conv=0x19) T(open=1 conv=0x19) G(open=0 conv=0x00) comp="き" tail="kkkkkkkk"
    差分 (前→+100ms): Δ open A:0→1 B:0→1 / tsf-thread open:0→1 conv:0x19→0x19   (前→+400ms): Δ open A:0→1 B:0→1 / tsf-thread open:0→1 conv:0x19→0x19 / comp:Some("")→Some("き")
[03:08:39.716Z] KEY [準備/その他] ESC vk=0x1B scan=0x01 press=03:08:39.222Z (auto)  状態=IME ON・入力中
    前     : A(open=1 conv=0x19) B(open=1 conv=0x19) T(open=1 conv=0x19) G(open=0 conv=0x00) comp="き" tail="kkkkkkkk"
    +100ms: A(open=1 conv=0x19) B(open=1 conv=0x19) T(open=1 conv=0x19) G(open=0 conv=0x00) comp="" tail="kkkkkkkk"
    +400ms: A(open=1 conv=0x19) B(open=1 conv=0x19) T(open=1 conv=0x19) G(open=0 conv=0x00) comp="" tail="kkkkkkkk"
    差分 (前→+100ms): Δ comp:Some("き")→Some("")   (前→+400ms): Δ comp:Some("き")→Some("")
[03:08:42.349Z] KEY [SCRIPT 7/10 ひらがなキー 期待=ONのまま半角英数へ。Engine は(遅延で)OFF] ひらがな(0xF2) vk=0xF2 scan=0x70 press=03:08:41.838Z (auto)  状態=IME ON・入力なし
    前     : A(open=1 conv=0x19) B(open=1 conv=0x19) T(open=1 conv=0x19) G(open=0 conv=0x00) comp="" tail="kkkkkkkk"
    +100ms: A(open=1 conv=0x10) B(open=1 conv=0x10) T(open=1 conv=0x10) G(open=0 conv=0x00) comp="" tail="kkkkkkkk"
    +400ms: A(open=1 conv=0x10) B(open=1 conv=0x10) T(open=1 conv=0x10) G(open=0 conv=0x00) comp="k" tail="kkkkkkkk"
    差分 (前→+100ms): Δ conv A:0x19→0x10 B:0x19→0x10 / tsf-thread open:1→1 conv:0x19→0x10   (前→+400ms): Δ conv A:0x19→0x10 B:0x19→0x10 / tsf-thread open:1→1 conv:0x19→0x10 / comp:Some("")→Some("k")
[03:08:42.909Z] KEY [準備/その他] ESC vk=0x1B scan=0x01 press=03:08:42.412Z (auto)  状態=IME ON・入力中
    前     : A(open=1 conv=0x10) B(open=1 conv=0x10) T(open=1 conv=0x10) G(open=0 conv=0x00) comp="k" tail="kkkkkkkk"
    +100ms: A(open=1 conv=0x10) B(open=1 conv=0x10) T(open=1 conv=0x10) G(open=0 conv=0x00) comp="" tail="kkkkkkkk"
    +400ms: A(open=1 conv=0x10) B(open=1 conv=0x10) T(open=1 conv=0x10) G(open=0 conv=0x00) comp="" tail="kkkkkkkk"
    差分 (前→+100ms): Δ comp:Some("k")→Some("")   (前→+400ms): Δ comp:Some("k")→Some("")
[03:08:45.463Z] KEY [SCRIPT 8/10 無変換 期待=IME OFF。Engine OFF] 無変換 vk=0x1D scan=0x7B press=03:08:44.969Z (auto)  状態=IME ON・入力なし
    前     : A(open=1 conv=0x10) B(open=1 conv=0x10) T(open=1 conv=0x10) G(open=0 conv=0x00) comp="" tail="kkkkkkkk"
    +100ms: A(open=0 conv=0x10) B(open=0 conv=0x10) T(open=0 conv=0x10) G(open=0 conv=0x00) comp="" tail="kkkkkkkk"
    +400ms: A(open=0 conv=0x10) B(open=0 conv=0x10) T(open=0 conv=0x10) G(open=0 conv=0x00) comp="" tail="kkkkkkkk"
    差分 (前→+100ms): Δ open A:1→0 B:1→0 / tsf-thread open:1→0 conv:0x10→0x10   (前→+400ms): Δ open A:1→0 B:1→0 / tsf-thread open:1→0 conv:0x10→0x10
[03:08:46.024Z] KEY [準備/その他] ESC vk=0x1B scan=0x01 press=03:08:45.525Z (auto)  状態=直接入力
    前     : A(open=0 conv=0x10) B(open=0 conv=0x10) T(open=0 conv=0x10) G(open=0 conv=0x00) comp="" tail="kkkkkkkk"
    +100ms: A(open=0 conv=0x10) B(open=0 conv=0x10) T(open=0 conv=0x10) G(open=0 conv=0x00) comp="" tail="kkkkkkkk"
    +400ms: A(open=0 conv=0x10) B(open=0 conv=0x10) T(open=0 conv=0x10) G(open=0 conv=0x00) comp="" tail="kkkkkkkk"
    差分 (前→+100ms): Δなし   (前→+400ms): Δなし
[03:08:48.596Z] KEY [SCRIPT 9/10 無変換 期待=IME ON・半角英数のまま。Engine が ON にならないこと ← 退行窓の確認] 無変換 vk=0x1D scan=0x7B press=03:08:48.099Z (auto)  状態=直接入力
    前     : A(open=0 conv=0x10) B(open=0 conv=0x10) T(open=0 conv=0x10) G(open=0 conv=0x00) comp="" tail="kkkkkkkk"
    +100ms: A(open=1 conv=0x10) B(open=1 conv=0x10) T(open=1 conv=0x10) G(open=0 conv=0x00) comp="" tail="kkkkkkkk"
    +400ms: A(open=1 conv=0x10) B(open=1 conv=0x10) T(open=1 conv=0x10) G(open=0 conv=0x00) comp="k" tail="kkkkkkkk"
    差分 (前→+100ms): Δ open A:0→1 B:0→1 / tsf-thread open:0→1 conv:0x10→0x10   (前→+400ms): Δ open A:0→1 B:0→1 / tsf-thread open:0→1 conv:0x10→0x10 / comp:Some("")→Some("k")
[03:08:49.154Z] KEY [準備/その他] ESC vk=0x1B scan=0x01 press=03:08:48.657Z (auto)  状態=IME ON・入力中
    前     : A(open=1 conv=0x10) B(open=1 conv=0x10) T(open=1 conv=0x10) G(open=0 conv=0x00) comp="k" tail="kkkkkkkk"
    +100ms: A(open=1 conv=0x10) B(open=1 conv=0x10) T(open=1 conv=0x10) G(open=0 conv=0x00) comp="" tail="kkkkkkkk"
    +400ms: A(open=1 conv=0x10) B(open=1 conv=0x10) T(open=1 conv=0x10) G(open=0 conv=0x00) comp="" tail="kkkkkkkk"
    差分 (前→+100ms): Δ comp:Some("k")→Some("")   (前→+400ms): Δ comp:Some("k")→Some("")
[03:08:51.752Z] KEY [SCRIPT 10/10 ひらがなキー 期待=かなに戻る(後片付け)] ひらがな(0xF2) vk=0xF2 scan=0x70 press=03:08:51.279Z (auto)  状態=IME ON・入力なし
    前     : A(open=1 conv=0x10) B(open=1 conv=0x10) T(open=1 conv=0x10) G(open=0 conv=0x00) comp="" tail="kkkkkkkk"
    +100ms: A(open=1 conv=0x19) B(open=1 conv=0x19) T(open=1 conv=0x19) G(open=0 conv=0x00) comp="" tail="kkkkkkkk"
    +400ms: A(open=1 conv=0x19) B(open=1 conv=0x19) T(open=1 conv=0x19) G(open=0 conv=0x00) comp="き" tail="kkkkkkkk"
    差分 (前→+100ms): Δ conv A:0x10→0x19 B:0x10→0x19 / tsf-thread open:1→1 conv:0x10→0x19   (前→+400ms): Δ conv A:0x10→0x19 B:0x10→0x19 / tsf-thread open:1→1 conv:0x10→0x19 / comp:Some("")→Some("き")
[03:08:52.350Z] KEY [準備/その他] ESC vk=0x1B scan=0x01 press=03:08:51.840Z (auto)  状態=IME ON・入力中
    前     : A(open=1 conv=0x19) B(open=1 conv=0x19) T(open=1 conv=0x19) G(open=0 conv=0x00) comp="き" tail="kkkkkkkk"
    +100ms: A(open=1 conv=0x19) B(open=1 conv=0x19) T(open=1 conv=0x19) G(open=0 conv=0x00) comp="" tail="kkkkkkkk"
    +400ms: A(open=1 conv=0x19) B(open=1 conv=0x19) T(open=1 conv=0x19) G(open=0 conv=0x00) comp="" tail="kkkkkkkk"
    差分 (前→+100ms): Δ comp:Some("き")→Some("")   (前→+400ms): Δ comp:Some("き")→Some("")
[RUN 6/12 完了]
[RUN 7/12 開始]
[03:08:55.724Z] KEY [SCRIPT 1/10 ひらがなキー 期待=ONのまま半角英数へ(conv 0x10)。Engine OFF(決定3保留のため遅延の可能性あり)] ひらがな(0xF2) vk=0xF2 scan=0x70 press=03:08:55.219Z (auto)  状態=IME ON・入力なし
    前     : A(open=1 conv=0x19) B(open=1 conv=0x19) T(open=1 conv=0x19) G(open=0 conv=0x00) comp="" tail="kkkkkkkk"
    +100ms: A(open=1 conv=0x10) B(open=1 conv=0x10) T(open=1 conv=0x10) G(open=0 conv=0x00) comp="" tail="kkkkkkkk"
    +400ms: A(open=1 conv=0x10) B(open=1 conv=0x10) T(open=1 conv=0x10) G(open=0 conv=0x00) comp="k" tail="kkkkkkkk"
    差分 (前→+100ms): Δ conv A:0x19→0x10 B:0x19→0x10 / tsf-thread open:1→1 conv:0x19→0x10   (前→+400ms): Δ conv A:0x19→0x10 B:0x19→0x10 / tsf-thread open:1→1 conv:0x19→0x10 / comp:Some("")→Some("k")
[03:08:56.283Z] KEY [準備/その他] ESC vk=0x1B scan=0x01 press=03:08:55.784Z (auto)  状態=IME ON・入力中
    前     : A(open=1 conv=0x10) B(open=1 conv=0x10) T(open=1 conv=0x10) G(open=0 conv=0x00) comp="k" tail="kkkkkkkk"
    +100ms: A(open=1 conv=0x10) B(open=1 conv=0x10) T(open=1 conv=0x10) G(open=0 conv=0x00) comp="" tail="kkkkkkkk"
    +400ms: A(open=1 conv=0x10) B(open=1 conv=0x10) T(open=1 conv=0x10) G(open=0 conv=0x00) comp="" tail="kkkkkkkk"
    差分 (前→+100ms): Δ comp:Some("k")→Some("")   (前→+400ms): Δ comp:Some("k")→Some("")
[03:08:58.848Z] KEY [SCRIPT 2/10 無変換 期待=IME OFF(直接入力)。Engine OFF] 無変換 vk=0x1D scan=0x7B press=03:08:58.348Z (auto)  状態=IME ON・入力なし
    前     : A(open=1 conv=0x10) B(open=1 conv=0x10) T(open=1 conv=0x10) G(open=0 conv=0x00) comp="" tail="kkkkkkkk"
    +100ms: A(open=0 conv=0x10) B(open=0 conv=0x10) T(open=0 conv=0x10) G(open=0 conv=0x00) comp="" tail="kkkkkkkk"
    +400ms: A(open=0 conv=0x10) B(open=0 conv=0x10) T(open=0 conv=0x10) G(open=0 conv=0x00) comp="" tail="kkkkkkkk"
    差分 (前→+100ms): Δ open A:1→0 B:1→0 / tsf-thread open:1→0 conv:0x10→0x10   (前→+400ms): Δ open A:1→0 B:1→0 / tsf-thread open:1→0 conv:0x10→0x10
[03:08:59.406Z] KEY [準備/その他] ESC vk=0x1B scan=0x01 press=03:08:58.909Z (auto)  状態=直接入力
    前     : A(open=0 conv=0x10) B(open=0 conv=0x10) T(open=0 conv=0x10) G(open=0 conv=0x00) comp="" tail="kkkkkkkk"
    +100ms: A(open=0 conv=0x10) B(open=0 conv=0x10) T(open=0 conv=0x10) G(open=0 conv=0x00) comp="" tail="kkkkkkkk"
    +400ms: A(open=0 conv=0x10) B(open=0 conv=0x10) T(open=0 conv=0x10) G(open=0 conv=0x00) comp="" tail="kkkkkkkk"
    差分 (前→+100ms): Δなし   (前→+400ms): Δなし
[03:09:02.016Z] KEY [SCRIPT 3/10 無変換 期待=IME ON・半角英数のまま(conv 0x10)。Engine は OFF のまま ← 決定2の核心] 無変換 vk=0x1D scan=0x7B press=03:09:01.542Z (auto)  状態=直接入力
    前     : A(open=0 conv=0x10) B(open=0 conv=0x10) T(open=0 conv=0x10) G(open=0 conv=0x00) comp="" tail="kkkkkkkk"
    +100ms: A(open=1 conv=0x10) B(open=1 conv=0x10) T(open=1 conv=0x10) G(open=0 conv=0x00) comp="" tail="kkkkkkkk"
    +400ms: A(open=1 conv=0x10) B(open=1 conv=0x10) T(open=1 conv=0x10) G(open=0 conv=0x00) comp="k" tail="kkkkkkkk"
    差分 (前→+100ms): Δ open A:0→1 B:0→1 / tsf-thread open:0→1 conv:0x10→0x10   (前→+400ms): Δ open A:0→1 B:0→1 / tsf-thread open:0→1 conv:0x10→0x10 / comp:Some("")→Some("k")
[03:09:02.587Z] KEY [準備/その他] ESC vk=0x1B scan=0x01 press=03:09:02.103Z (auto)  状態=IME ON・入力中
    前     : A(open=1 conv=0x10) B(open=1 conv=0x10) T(open=1 conv=0x10) G(open=0 conv=0x00) comp="k" tail="kkkkkkkk"
    +100ms: A(open=1 conv=0x10) B(open=1 conv=0x10) T(open=1 conv=0x10) G(open=0 conv=0x00) comp="" tail="kkkkkkkk"
    +400ms: A(open=1 conv=0x10) B(open=1 conv=0x10) T(open=1 conv=0x10) G(open=0 conv=0x00) comp="" tail="kkkkkkkk"
    差分 (前→+100ms): Δ comp:Some("k")→Some("")   (前→+400ms): Δ comp:Some("k")→Some("")
[03:09:05.256Z] KEY [SCRIPT 4/10 ひらがなキー 期待=かなに戻る(conv 0x19)。Engine ON(遅延の可能性あり)] ひらがな(0xF2) vk=0xF2 scan=0x70 press=03:09:04.729Z (auto)  状態=IME ON・入力なし
    前     : A(open=1 conv=0x10) B(open=1 conv=0x10) T(open=1 conv=0x10) G(open=0 conv=0x00) comp="" tail="kkkkkkkk"
    +100ms: A(open=1 conv=0x19) B(open=1 conv=0x19) T(open=1 conv=0x19) G(open=0 conv=0x00) comp="" tail="kkkkkkkk"
    +400ms: A(open=1 conv=0x19) B(open=1 conv=0x19) T(open=1 conv=0x19) G(open=0 conv=0x00) comp="き" tail="kkkkkkkk"
    差分 (前→+100ms): Δ conv A:0x10→0x19 B:0x10→0x19 / tsf-thread open:1→1 conv:0x10→0x19   (前→+400ms): Δ conv A:0x10→0x19 B:0x10→0x19 / tsf-thread open:1→1 conv:0x10→0x19 / comp:Some("")→Some("き")
[03:09:05.714Z] KEY [準備/その他] ESC vk=0x1B scan=0x01 press=03:09:05.258Z (auto)  状態=IME ON・入力中
    前     : A(open=1 conv=0x19) B(open=1 conv=0x19) T(open=1 conv=0x19) G(open=0 conv=0x00) comp="き" tail="kkkkkkkk"
    +100ms: A(open=1 conv=0x19) B(open=1 conv=0x19) T(open=1 conv=0x19) G(open=0 conv=0x00) comp="" tail="kkkkkkkk"
    +400ms: A(open=1 conv=0x19) B(open=1 conv=0x19) T(open=1 conv=0x19) G(open=0 conv=0x00) comp="" tail="kkkkkkkk"
    差分 (前→+100ms): Δ comp:Some("き")→Some("")   (前→+400ms): Δ comp:Some("き")→Some("")
[03:09:08.401Z] KEY [SCRIPT 5/10 無変換 期待=IME OFF。Engine OFF] 無変換 vk=0x1D scan=0x7B press=03:09:07.907Z (auto)  状態=IME ON・入力なし
    前     : A(open=1 conv=0x19) B(open=1 conv=0x19) T(open=1 conv=0x19) G(open=0 conv=0x00) comp="" tail="kkkkkkkk"
    +100ms: A(open=0 conv=0x19) B(open=0 conv=0x19) T(open=0 conv=0x19) G(open=0 conv=0x00) comp="" tail="kkkkkkkk"
    +400ms: A(open=0 conv=0x19) B(open=0 conv=0x19) T(open=0 conv=0x19) G(open=0 conv=0x00) comp="" tail="kkkkkkkk"
    差分 (前→+100ms): Δ open A:1→0 B:1→0 / tsf-thread open:1→0 conv:0x19→0x19   (前→+400ms): Δ open A:1→0 B:1→0 / tsf-thread open:1→0 conv:0x19→0x19
[03:09:08.976Z] KEY [準備/その他] ESC vk=0x1B scan=0x01 press=03:09:08.464Z (auto)  状態=直接入力
    前     : A(open=0 conv=0x19) B(open=0 conv=0x19) T(open=0 conv=0x19) G(open=0 conv=0x00) comp="" tail="kkkkkkkk"
    +100ms: A(open=0 conv=0x19) B(open=0 conv=0x19) T(open=0 conv=0x19) G(open=0 conv=0x00) comp="" tail="kkkkkkkk"
    +400ms: A(open=0 conv=0x19) B(open=0 conv=0x19) T(open=0 conv=0x19) G(open=0 conv=0x00) comp="" tail="kkkkkkkk"
    差分 (前→+100ms): Δなし   (前→+400ms): Δなし
[03:09:11.540Z] KEY [SCRIPT 6/10 無変換 期待=IME ON(かな)。Engine ON] 無変換 vk=0x1D scan=0x7B press=03:09:11.042Z (auto)  状態=直接入力
    前     : A(open=0 conv=0x19) B(open=0 conv=0x19) T(open=0 conv=0x19) G(open=0 conv=0x00) comp="" tail="kkkkkkkk"
    +100ms: A(open=1 conv=0x19) B(open=1 conv=0x19) T(open=1 conv=0x19) G(open=0 conv=0x00) comp="" tail="kkkkkkkk"
    +400ms: A(open=1 conv=0x19) B(open=1 conv=0x19) T(open=1 conv=0x19) G(open=0 conv=0x00) comp="き" tail="kkkkkkkk"
    差分 (前→+100ms): Δ open A:0→1 B:0→1 / tsf-thread open:0→1 conv:0x19→0x19   (前→+400ms): Δ open A:0→1 B:0→1 / tsf-thread open:0→1 conv:0x19→0x19 / comp:Some("")→Some("き")
[03:09:12.103Z] KEY [準備/その他] ESC vk=0x1B scan=0x01 press=03:09:11.605Z (auto)  状態=IME ON・入力中
    前     : A(open=1 conv=0x19) B(open=1 conv=0x19) T(open=1 conv=0x19) G(open=0 conv=0x00) comp="き" tail="kkkkkkkk"
    +100ms: A(open=1 conv=0x19) B(open=1 conv=0x19) T(open=1 conv=0x19) G(open=0 conv=0x00) comp="" tail="kkkkkkkk"
    +400ms: A(open=1 conv=0x19) B(open=1 conv=0x19) T(open=1 conv=0x19) G(open=0 conv=0x00) comp="" tail="kkkkkkkk"
    差分 (前→+100ms): Δ comp:Some("き")→Some("")   (前→+400ms): Δ comp:Some("き")→Some("")
[03:09:14.685Z] KEY [SCRIPT 7/10 ひらがなキー 期待=ONのまま半角英数へ。Engine は(遅延で)OFF] ひらがな(0xF2) vk=0xF2 scan=0x70 press=03:09:14.199Z (auto)  状態=IME ON・入力なし
    前     : A(open=1 conv=0x19) B(open=1 conv=0x19) T(open=1 conv=0x19) G(open=0 conv=0x00) comp="" tail="kkkkkkkk"
    +100ms: A(open=1 conv=0x10) B(open=1 conv=0x10) T(open=1 conv=0x10) G(open=0 conv=0x00) comp="" tail="kkkkkkkk"
    +400ms: A(open=1 conv=0x10) B(open=1 conv=0x10) T(open=1 conv=0x10) G(open=0 conv=0x00) comp="k" tail="kkkkkkkk"
    差分 (前→+100ms): Δ conv A:0x19→0x10 B:0x19→0x10 / tsf-thread open:1→1 conv:0x19→0x10   (前→+400ms): Δ conv A:0x19→0x10 B:0x19→0x10 / tsf-thread open:1→1 conv:0x19→0x10 / comp:Some("")→Some("k")
[03:09:15.245Z] KEY [準備/その他] ESC vk=0x1B scan=0x01 press=03:09:14.746Z (auto)  状態=IME ON・入力中
    前     : A(open=1 conv=0x10) B(open=1 conv=0x10) T(open=1 conv=0x10) G(open=0 conv=0x00) comp="k" tail="kkkkkkkk"
    +100ms: A(open=1 conv=0x10) B(open=1 conv=0x10) T(open=1 conv=0x10) G(open=0 conv=0x00) comp="" tail="kkkkkkkk"
    +400ms: A(open=1 conv=0x10) B(open=1 conv=0x10) T(open=1 conv=0x10) G(open=0 conv=0x00) comp="" tail="kkkkkkkk"
    差分 (前→+100ms): Δ comp:Some("k")→Some("")   (前→+400ms): Δ comp:Some("k")→Some("")
[03:09:17.884Z] KEY [SCRIPT 8/10 無変換 期待=IME OFF。Engine OFF] 無変換 vk=0x1D scan=0x7B press=03:09:17.387Z (auto)  状態=IME ON・入力なし
    前     : A(open=1 conv=0x10) B(open=1 conv=0x10) T(open=1 conv=0x10) G(open=0 conv=0x00) comp="" tail="kkkkkkkk"
    +100ms: A(open=0 conv=0x10) B(open=0 conv=0x10) T(open=0 conv=0x10) G(open=0 conv=0x00) comp="" tail="kkkkkkkk"
    +400ms: A(open=0 conv=0x10) B(open=0 conv=0x10) T(open=0 conv=0x10) G(open=0 conv=0x00) comp="" tail="kkkkkkkk"
    差分 (前→+100ms): Δ open A:1→0 B:1→0 / tsf-thread open:1→0 conv:0x10→0x10   (前→+400ms): Δ open A:1→0 B:1→0 / tsf-thread open:1→0 conv:0x10→0x10
[03:09:18.475Z] KEY [準備/その他] ESC vk=0x1B scan=0x01 press=03:09:17.946Z (auto)  状態=直接入力
    前     : A(open=0 conv=0x10) B(open=0 conv=0x10) T(open=0 conv=0x10) G(open=0 conv=0x00) comp="" tail="kkkkkkkk"
    +100ms: A(open=0 conv=0x10) B(open=0 conv=0x10) T(open=0 conv=0x10) G(open=0 conv=0x00) comp="" tail="kkkkkkkk"
    +400ms: A(open=0 conv=0x10) B(open=0 conv=0x10) T(open=0 conv=0x10) G(open=0 conv=0x00) comp="" tail="kkkkkkkk"
    差分 (前→+100ms): Δなし   (前→+400ms): Δなし
[03:09:21.036Z] KEY [SCRIPT 9/10 無変換 期待=IME ON・半角英数のまま。Engine が ON にならないこと ← 退行窓の確認] 無変換 vk=0x1D scan=0x7B press=03:09:20.534Z (auto)  状態=直接入力
    前     : A(open=0 conv=0x10) B(open=0 conv=0x10) T(open=0 conv=0x10) G(open=0 conv=0x00) comp="" tail="kkkkkkkk"
    +100ms: A(open=1 conv=0x10) B(open=1 conv=0x10) T(open=1 conv=0x10) G(open=0 conv=0x00) comp="" tail="kkkkkkkk"
    +400ms: A(open=1 conv=0x10) B(open=1 conv=0x10) T(open=1 conv=0x10) G(open=0 conv=0x00) comp="k" tail="kkkkkkkk"
    差分 (前→+100ms): Δ open A:0→1 B:0→1 / tsf-thread open:0→1 conv:0x10→0x10   (前→+400ms): Δ open A:0→1 B:0→1 / tsf-thread open:0→1 conv:0x10→0x10 / comp:Some("")→Some("k")
[03:09:21.597Z] KEY [準備/その他] ESC vk=0x1B scan=0x01 press=03:09:21.097Z (auto)  状態=IME ON・入力中
    前     : A(open=1 conv=0x10) B(open=1 conv=0x10) T(open=1 conv=0x10) G(open=0 conv=0x00) comp="k" tail="kkkkkkkk"
    +100ms: A(open=1 conv=0x10) B(open=1 conv=0x10) T(open=1 conv=0x10) G(open=0 conv=0x00) comp="" tail="kkkkkkkk"
    +400ms: A(open=1 conv=0x10) B(open=1 conv=0x10) T(open=1 conv=0x10) G(open=0 conv=0x00) comp="" tail="kkkkkkkk"
    差分 (前→+100ms): Δ comp:Some("k")→Some("")   (前→+400ms): Δ comp:Some("k")→Some("")
[03:09:24.216Z] KEY [SCRIPT 10/10 ひらがなキー 期待=かなに戻る(後片付け)] ひらがな(0xF2) vk=0xF2 scan=0x70 press=03:09:23.712Z (auto)  状態=IME ON・入力なし
    前     : A(open=1 conv=0x10) B(open=1 conv=0x10) T(open=1 conv=0x10) G(open=0 conv=0x00) comp="" tail="kkkkkkkk"
    +100ms: A(open=1 conv=0x19) B(open=1 conv=0x19) T(open=1 conv=0x19) G(open=0 conv=0x00) comp="" tail="kkkkkkkk"
    +400ms: A(open=1 conv=0x19) B(open=1 conv=0x19) T(open=1 conv=0x19) G(open=0 conv=0x00) comp="き" tail="kkkkkkkk"
    差分 (前→+100ms): Δ conv A:0x10→0x19 B:0x10→0x19 / tsf-thread open:1→1 conv:0x10→0x19   (前→+400ms): Δ conv A:0x10→0x19 B:0x10→0x19 / tsf-thread open:1→1 conv:0x10→0x19 / comp:Some("")→Some("き")
[03:09:24.775Z] KEY [準備/その他] ESC vk=0x1B scan=0x01 press=03:09:24.280Z (auto)  状態=IME ON・入力中
    前     : A(open=1 conv=0x19) B(open=1 conv=0x19) T(open=1 conv=0x19) G(open=0 conv=0x00) comp="き" tail="kkkkkkkk"
    +100ms: A(open=1 conv=0x19) B(open=1 conv=0x19) T(open=1 conv=0x19) G(open=0 conv=0x00) comp="" tail="kkkkkkkk"
    +400ms: A(open=1 conv=0x19) B(open=1 conv=0x19) T(open=1 conv=0x19) G(open=0 conv=0x00) comp="" tail="kkkkkkkk"
    差分 (前→+100ms): Δ comp:Some("き")→Some("")   (前→+400ms): Δ comp:Some("き")→Some("")
[RUN 7/12 完了]
[RUN 8/12 開始]
[03:09:28.151Z] KEY [SCRIPT 1/10 ひらがなキー 期待=ONのまま半角英数へ(conv 0x10)。Engine OFF(決定3保留のため遅延の可能性あり)] ひらがな(0xF2) vk=0xF2 scan=0x70 press=03:09:27.664Z (auto)  状態=IME ON・入力なし
    前     : A(open=1 conv=0x19) B(open=1 conv=0x19) T(open=1 conv=0x19) G(open=0 conv=0x00) comp="" tail="kkkkkkkk"
    +100ms: A(open=1 conv=0x10) B(open=1 conv=0x10) T(open=1 conv=0x10) G(open=0 conv=0x00) comp="" tail="kkkkkkkk"
    +400ms: A(open=1 conv=0x10) B(open=1 conv=0x10) T(open=1 conv=0x10) G(open=0 conv=0x00) comp="k" tail="kkkkkkkk"
    差分 (前→+100ms): Δ conv A:0x19→0x10 B:0x19→0x10 / tsf-thread open:1→1 conv:0x19→0x10   (前→+400ms): Δ conv A:0x19→0x10 B:0x19→0x10 / tsf-thread open:1→1 conv:0x19→0x10 / comp:Some("")→Some("k")
[03:09:28.713Z] KEY [準備/その他] ESC vk=0x1B scan=0x01 press=03:09:28.225Z (auto)  状態=IME ON・入力中
    前     : A(open=1 conv=0x10) B(open=1 conv=0x10) T(open=1 conv=0x10) G(open=0 conv=0x00) comp="k" tail="kkkkkkkk"
    +100ms: A(open=1 conv=0x10) B(open=1 conv=0x10) T(open=1 conv=0x10) G(open=0 conv=0x00) comp="" tail="kkkkkkkk"
    +400ms: A(open=1 conv=0x10) B(open=1 conv=0x10) T(open=1 conv=0x10) G(open=0 conv=0x00) comp="" tail="kkkkkkkk"
    差分 (前→+100ms): Δ comp:Some("k")→Some("")   (前→+400ms): Δ comp:Some("k")→Some("")
[03:09:31.339Z] KEY [SCRIPT 2/10 無変換 期待=IME OFF(直接入力)。Engine OFF] 無変換 vk=0x1D scan=0x7B press=03:09:30.838Z (auto)  状態=IME ON・入力なし
    前     : A(open=1 conv=0x10) B(open=1 conv=0x10) T(open=1 conv=0x10) G(open=0 conv=0x00) comp="" tail="kkkkkkkk"
    +100ms: A(open=0 conv=0x10) B(open=0 conv=0x10) T(open=0 conv=0x10) G(open=0 conv=0x00) comp="" tail="kkkkkkkk"
    +400ms: A(open=0 conv=0x10) B(open=0 conv=0x10) T(open=0 conv=0x10) G(open=0 conv=0x00) comp="" tail="kkkkkkkk"
    差分 (前→+100ms): Δ open A:1→0 B:1→0 / tsf-thread open:1→0 conv:0x10→0x10   (前→+400ms): Δ open A:1→0 B:1→0 / tsf-thread open:1→0 conv:0x10→0x10
[03:09:31.911Z] KEY [準備/その他] ESC vk=0x1B scan=0x01 press=03:09:31.412Z (auto)  状態=直接入力
    前     : A(open=0 conv=0x10) B(open=0 conv=0x10) T(open=0 conv=0x10) G(open=0 conv=0x00) comp="" tail="kkkkkkkk"
    +100ms: A(open=0 conv=0x10) B(open=0 conv=0x10) T(open=0 conv=0x10) G(open=0 conv=0x00) comp="" tail="kkkkkkkk"
    +400ms: A(open=0 conv=0x10) B(open=0 conv=0x10) T(open=0 conv=0x10) G(open=0 conv=0x00) comp="" tail="kkkkkkkk"
    差分 (前→+100ms): Δなし   (前→+400ms): Δなし
[03:09:34.525Z] KEY [SCRIPT 3/10 無変換 期待=IME ON・半角英数のまま(conv 0x10)。Engine は OFF のまま ← 決定2の核心] 無変換 vk=0x1D scan=0x7B press=03:09:34.026Z (auto)  状態=直接入力
    前     : A(open=0 conv=0x10) B(open=0 conv=0x10) T(open=0 conv=0x10) G(open=0 conv=0x00) comp="" tail="kkkkkkkk"
    +100ms: A(open=1 conv=0x10) B(open=1 conv=0x10) T(open=1 conv=0x10) G(open=0 conv=0x00) comp="" tail="kkkkkkkk"
    +400ms: A(open=1 conv=0x10) B(open=1 conv=0x10) T(open=1 conv=0x10) G(open=0 conv=0x00) comp="k" tail="kkkkkkkk"
    差分 (前→+100ms): Δ open A:0→1 B:0→1 / tsf-thread open:0→1 conv:0x10→0x10   (前→+400ms): Δ open A:0→1 B:0→1 / tsf-thread open:0→1 conv:0x10→0x10 / comp:Some("")→Some("k")
[03:09:35.092Z] KEY [準備/その他] ESC vk=0x1B scan=0x01 press=03:09:34.589Z (auto)  状態=IME ON・入力中
    前     : A(open=1 conv=0x10) B(open=1 conv=0x10) T(open=1 conv=0x10) G(open=0 conv=0x00) comp="k" tail="kkkkkkkk"
    +100ms: A(open=1 conv=0x10) B(open=1 conv=0x10) T(open=1 conv=0x10) G(open=0 conv=0x00) comp="" tail="kkkkkkkk"
    +400ms: A(open=1 conv=0x10) B(open=1 conv=0x10) T(open=1 conv=0x10) G(open=0 conv=0x00) comp="" tail="kkkkkkkk"
    差分 (前→+100ms): Δ comp:Some("k")→Some("")   (前→+400ms): Δ comp:Some("k")→Some("")
[03:09:37.733Z] KEY [SCRIPT 4/10 ひらがなキー 期待=かなに戻る(conv 0x19)。Engine ON(遅延の可能性あり)] ひらがな(0xF2) vk=0xF2 scan=0x70 press=03:09:37.218Z (auto)  状態=IME ON・入力なし
    前     : A(open=1 conv=0x10) B(open=1 conv=0x10) T(open=1 conv=0x10) G(open=0 conv=0x00) comp="" tail="kkkkkkkk"
    +100ms: A(open=1 conv=0x19) B(open=1 conv=0x19) T(open=1 conv=0x19) G(open=0 conv=0x00) comp="" tail="kkkkkkkk"
    +400ms: A(open=1 conv=0x19) B(open=1 conv=0x19) T(open=1 conv=0x19) G(open=0 conv=0x00) comp="き" tail="kkkkkkkk"
    差分 (前→+100ms): Δ conv A:0x10→0x19 B:0x10→0x19 / tsf-thread open:1→1 conv:0x10→0x19   (前→+400ms): Δ conv A:0x10→0x19 B:0x10→0x19 / tsf-thread open:1→1 conv:0x10→0x19 / comp:Some("")→Some("き")
[03:09:38.277Z] KEY [準備/その他] ESC vk=0x1B scan=0x01 press=03:09:37.779Z (auto)  状態=IME ON・入力中
    前     : A(open=1 conv=0x19) B(open=1 conv=0x19) T(open=1 conv=0x19) G(open=0 conv=0x00) comp="き" tail="kkkkkkkk"
    +100ms: A(open=1 conv=0x19) B(open=1 conv=0x19) T(open=1 conv=0x19) G(open=0 conv=0x00) comp="" tail="kkkkkkkk"
    +400ms: A(open=1 conv=0x19) B(open=1 conv=0x19) T(open=1 conv=0x19) G(open=0 conv=0x00) comp="" tail="kkkkkkkk"
    差分 (前→+100ms): Δ comp:Some("き")→Some("")   (前→+400ms): Δ comp:Some("き")→Some("")
[03:09:40.843Z] KEY [SCRIPT 5/10 無変換 期待=IME OFF。Engine OFF] 無変換 vk=0x1D scan=0x7B press=03:09:40.346Z (auto)  状態=IME ON・入力なし
    前     : A(open=1 conv=0x19) B(open=1 conv=0x19) T(open=1 conv=0x19) G(open=0 conv=0x00) comp="" tail="kkkkkkkk"
    +100ms: A(open=0 conv=0x19) B(open=0 conv=0x19) T(open=0 conv=0x19) G(open=0 conv=0x00) comp="" tail="kkkkkkkk"
    +400ms: A(open=0 conv=0x19) B(open=0 conv=0x19) T(open=0 conv=0x19) G(open=0 conv=0x00) comp="" tail="kkkkkkkk"
    差分 (前→+100ms): Δ open A:1→0 B:1→0 / tsf-thread open:1→0 conv:0x19→0x19   (前→+400ms): Δ open A:1→0 B:1→0 / tsf-thread open:1→0 conv:0x19→0x19
[03:09:41.400Z] KEY [準備/その他] ESC vk=0x1B scan=0x01 press=03:09:40.907Z (auto)  状態=直接入力
    前     : A(open=0 conv=0x19) B(open=0 conv=0x19) T(open=0 conv=0x19) G(open=0 conv=0x00) comp="" tail="kkkkkkkk"
    +100ms: A(open=0 conv=0x19) B(open=0 conv=0x19) T(open=0 conv=0x19) G(open=0 conv=0x00) comp="" tail="kkkkkkkk"
    +400ms: A(open=0 conv=0x19) B(open=0 conv=0x19) T(open=0 conv=0x19) G(open=0 conv=0x00) comp="" tail="kkkkkkkk"
    差分 (前→+100ms): Δなし   (前→+400ms): Δなし
[03:09:41.462Z] KEY [準備/その他] ESC vk=0x1B scan=0x01 press=03:09:40.967Z (injected)  状態=直接入力
    前     : A(open=0 conv=0x19) B(open=0 conv=0x19) T(open=0 conv=0x19) G(open=0 conv=0x00) comp="" tail="kkkkkkkk"
    +100ms: A(open=0 conv=0x19) B(open=0 conv=0x19) T(open=0 conv=0x19) G(open=0 conv=0x00) comp="" tail="kkkkkkkk"
    +400ms: A(open=0 conv=0x19) B(open=0 conv=0x19) T(open=0 conv=0x19) G(open=0 conv=0x00) comp="" tail="kkkkkkkk"
    差分 (前→+100ms): Δなし   (前→+400ms): Δなし
[03:09:44.115Z] KEY [SCRIPT 6/10 無変換 期待=IME ON(かな)。Engine ON] 無変換 vk=0x1D scan=0x7B press=03:09:43.533Z (auto)  状態=直接入力
    前     : A(open=0 conv=0x19) B(open=0 conv=0x19) T(open=0 conv=0x19) G(open=0 conv=0x00) comp="" tail="kkkkkkkk"
    +100ms: A(open=1 conv=0x19) B(open=1 conv=0x19) T(open=1 conv=0x19) G(open=0 conv=0x00) comp="" tail="kkkkkkkk"
    +400ms: A(open=1 conv=0x19) B(open=1 conv=0x19) T(open=1 conv=0x19) G(open=0 conv=0x00) comp="き" tail="kkkkkkkk"
    差分 (前→+100ms): Δ open A:0→1 B:0→1 / tsf-thread open:0→1 conv:0x19→0x19   (前→+400ms): Δ open A:0→1 B:0→1 / tsf-thread open:0→1 conv:0x19→0x19 / comp:Some("")→Some("き")
[03:09:44.653Z] KEY [準備/その他] ESC vk=0x1B scan=0x01 press=03:09:44.121Z (auto)  状態=IME ON・入力中
    前     : A(open=1 conv=0x19) B(open=1 conv=0x19) T(open=1 conv=0x19) G(open=0 conv=0x00) comp="き" tail="kkkkkkkk"
    +100ms: A(open=1 conv=0x19) B(open=1 conv=0x19) T(open=1 conv=0x19) G(open=0 conv=0x00) comp="" tail="kkkkkkkk"
    +400ms: A(open=1 conv=0x19) B(open=1 conv=0x19) T(open=1 conv=0x19) G(open=0 conv=0x00) comp="" tail="kkkkkkkk"
    差分 (前→+100ms): Δ comp:Some("き")→Some("")   (前→+400ms): Δ comp:Some("き")→Some("")
[03:09:47.179Z] KEY [SCRIPT 7/10 ひらがなキー 期待=ONのまま半角英数へ。Engine は(遅延で)OFF] ひらがな(0xF2) vk=0xF2 scan=0x70 press=03:09:46.653Z (auto)  状態=IME ON・入力なし
    前     : A(open=1 conv=0x19) B(open=1 conv=0x19) T(open=1 conv=0x19) G(open=0 conv=0x00) comp="" tail="kkkkkkkk"
    +100ms: A(open=1 conv=0x10) B(open=1 conv=0x10) T(open=1 conv=0x10) G(open=0 conv=0x00) comp="" tail="kkkkkkkk"
    +400ms: A(open=1 conv=0x10) B(open=1 conv=0x10) T(open=1 conv=0x10) G(open=0 conv=0x00) comp="k" tail="kkkkkkkk"
    差分 (前→+100ms): Δ conv A:0x19→0x10 B:0x19→0x10 / tsf-thread open:1→1 conv:0x19→0x10   (前→+400ms): Δ conv A:0x19→0x10 B:0x19→0x10 / tsf-thread open:1→1 conv:0x19→0x10 / comp:Some("")→Some("k")
[03:09:47.737Z] KEY [準備/その他] ESC vk=0x1B scan=0x01 press=03:09:47.240Z (auto)  状態=IME ON・入力中
    前     : A(open=1 conv=0x10) B(open=1 conv=0x10) T(open=1 conv=0x10) G(open=0 conv=0x00) comp="k" tail="kkkkkkkk"
    +100ms: A(open=1 conv=0x10) B(open=1 conv=0x10) T(open=1 conv=0x10) G(open=0 conv=0x00) comp="" tail="kkkkkkkk"
    +400ms: A(open=1 conv=0x10) B(open=1 conv=0x10) T(open=1 conv=0x10) G(open=0 conv=0x00) comp="" tail="kkkkkkkk"
    差分 (前→+100ms): Δ comp:Some("k")→Some("")   (前→+400ms): Δ comp:Some("k")→Some("")
[03:09:50.361Z] KEY [SCRIPT 8/10 無変換 期待=IME OFF。Engine OFF] 無変換 vk=0x1D scan=0x7B press=03:09:49.862Z (auto)  状態=IME ON・入力なし
    前     : A(open=1 conv=0x10) B(open=1 conv=0x10) T(open=1 conv=0x10) G(open=0 conv=0x00) comp="" tail="kkkkkkkk"
    +100ms: A(open=0 conv=0x10) B(open=0 conv=0x10) T(open=0 conv=0x10) G(open=0 conv=0x00) comp="" tail="kkkkkkkk"
    +400ms: A(open=0 conv=0x10) B(open=0 conv=0x10) T(open=0 conv=0x10) G(open=0 conv=0x00) comp="" tail="kkkkkkkk"
    差分 (前→+100ms): Δ open A:1→0 B:1→0 / tsf-thread open:1→0 conv:0x10→0x10   (前→+400ms): Δ open A:1→0 B:1→0 / tsf-thread open:1→0 conv:0x10→0x10
[03:09:50.923Z] KEY [準備/その他] ESC vk=0x1B scan=0x01 press=03:09:50.424Z (auto)  状態=直接入力
    前     : A(open=0 conv=0x10) B(open=0 conv=0x10) T(open=0 conv=0x10) G(open=0 conv=0x00) comp="" tail="kkkkkkkk"
    +100ms: A(open=0 conv=0x10) B(open=0 conv=0x10) T(open=0 conv=0x10) G(open=0 conv=0x00) comp="" tail="kkkkkkkk"
    +400ms: A(open=0 conv=0x10) B(open=0 conv=0x10) T(open=0 conv=0x10) G(open=0 conv=0x00) comp="" tail="kkkkkkkk"
    差分 (前→+100ms): Δなし   (前→+400ms): Δなし
[03:09:53.541Z] KEY [SCRIPT 9/10 無変換 期待=IME ON・半角英数のまま。Engine が ON にならないこと ← 退行窓の確認] 無変換 vk=0x1D scan=0x7B press=03:09:53.047Z (auto)  状態=直接入力
    前     : A(open=0 conv=0x10) B(open=0 conv=0x10) T(open=0 conv=0x10) G(open=0 conv=0x00) comp="" tail="kkkkkkkk"
    +100ms: A(open=1 conv=0x10) B(open=1 conv=0x10) T(open=1 conv=0x10) G(open=0 conv=0x00) comp="" tail="kkkkkkkk"
    +400ms: A(open=1 conv=0x10) B(open=1 conv=0x10) T(open=1 conv=0x10) G(open=0 conv=0x00) comp="k" tail="kkkkkkkk"
    差分 (前→+100ms): Δ open A:0→1 B:0→1 / tsf-thread open:0→1 conv:0x10→0x10   (前→+400ms): Δ open A:0→1 B:0→1 / tsf-thread open:0→1 conv:0x10→0x10 / comp:Some("")→Some("k")
[03:09:54.105Z] KEY [準備/その他] ESC vk=0x1B scan=0x01 press=03:09:53.604Z (auto)  状態=IME ON・入力中
    前     : A(open=1 conv=0x10) B(open=1 conv=0x10) T(open=1 conv=0x10) G(open=0 conv=0x00) comp="k" tail="kkkkkkkk"
    +100ms: A(open=1 conv=0x10) B(open=1 conv=0x10) T(open=1 conv=0x10) G(open=0 conv=0x00) comp="" tail="kkkkkkkk"
    +400ms: A(open=1 conv=0x10) B(open=1 conv=0x10) T(open=1 conv=0x10) G(open=0 conv=0x00) comp="" tail="kkkkkkkk"
    差分 (前→+100ms): Δ comp:Some("k")→Some("")   (前→+400ms): Δ comp:Some("k")→Some("")
[03:09:56.680Z] KEY [SCRIPT 10/10 ひらがなキー 期待=かなに戻る(後片付け)] ひらがな(0xF2) vk=0xF2 scan=0x70 press=03:09:56.183Z (auto)  状態=IME ON・入力なし
    前     : A(open=1 conv=0x10) B(open=1 conv=0x10) T(open=1 conv=0x10) G(open=0 conv=0x00) comp="" tail="kkkkkkkk"
    +100ms: A(open=1 conv=0x19) B(open=1 conv=0x19) T(open=1 conv=0x19) G(open=0 conv=0x00) comp="" tail="kkkkkkkk"
    +400ms: A(open=1 conv=0x19) B(open=1 conv=0x19) T(open=1 conv=0x19) G(open=0 conv=0x00) comp="き" tail="kkkkkkkk"
    差分 (前→+100ms): Δ conv A:0x10→0x19 B:0x10→0x19 / tsf-thread open:1→1 conv:0x10→0x19   (前→+400ms): Δ conv A:0x10→0x19 B:0x10→0x19 / tsf-thread open:1→1 conv:0x10→0x19 / comp:Some("")→Some("き")
[03:09:57.243Z] KEY [準備/その他] ESC vk=0x1B scan=0x01 press=03:09:56.752Z (auto)  状態=IME ON・入力中
    前     : A(open=1 conv=0x19) B(open=1 conv=0x19) T(open=1 conv=0x19) G(open=0 conv=0x00) comp="き" tail="kkkkkkkk"
    +100ms: A(open=1 conv=0x19) B(open=1 conv=0x19) T(open=1 conv=0x19) G(open=0 conv=0x00) comp="" tail="kkkkkkkk"
    +400ms: A(open=1 conv=0x19) B(open=1 conv=0x19) T(open=1 conv=0x19) G(open=0 conv=0x00) comp="" tail="kkkkkkkk"
    差分 (前→+100ms): Δ comp:Some("き")→Some("")   (前→+400ms): Δ comp:Some("き")→Some("")
[RUN 8/12 完了]
[RUN 9/12 開始]
[03:10:00.557Z] KEY [SCRIPT 1/10 ひらがなキー 期待=ONのまま半角英数へ(conv 0x10)。Engine OFF(決定3保留のため遅延の可能性あり)] ひらがな(0xF2) vk=0xF2 scan=0x70 press=03:10:00.060Z (auto)  状態=IME ON・入力なし
    前     : A(open=1 conv=0x19) B(open=1 conv=0x19) T(open=1 conv=0x19) G(open=0 conv=0x00) comp="" tail="kkkkkkkk"
    +100ms: A(open=1 conv=0x10) B(open=1 conv=0x10) T(open=1 conv=0x10) G(open=0 conv=0x00) comp="" tail="kkkkkkkk"
    +400ms: A(open=1 conv=0x10) B(open=1 conv=0x10) T(open=1 conv=0x10) G(open=0 conv=0x00) comp="k" tail="kkkkkkkk"
    差分 (前→+100ms): Δ conv A:0x19→0x10 B:0x19→0x10 / tsf-thread open:1→1 conv:0x19→0x10   (前→+400ms): Δ conv A:0x19→0x10 B:0x19→0x10 / tsf-thread open:1→1 conv:0x19→0x10 / comp:Some("")→Some("k")
[03:10:01.123Z] KEY [準備/その他] ESC vk=0x1B scan=0x01 press=03:10:00.620Z (auto)  状態=IME ON・入力中
    前     : A(open=1 conv=0x10) B(open=1 conv=0x10) T(open=1 conv=0x10) G(open=0 conv=0x00) comp="k" tail="kkkkkkkk"
    +100ms: A(open=1 conv=0x10) B(open=1 conv=0x10) T(open=1 conv=0x10) G(open=0 conv=0x00) comp="" tail="kkkkkkkk"
    +400ms: A(open=1 conv=0x10) B(open=1 conv=0x10) T(open=1 conv=0x10) G(open=0 conv=0x00) comp="" tail="kkkkkkkk"
    差分 (前→+100ms): Δ comp:Some("k")→Some("")   (前→+400ms): Δ comp:Some("k")→Some("")
[03:10:03.703Z] KEY [SCRIPT 2/10 無変換 期待=IME OFF(直接入力)。Engine OFF] 無変換 vk=0x1D scan=0x7B press=03:10:03.205Z (auto)  状態=IME ON・入力なし
    前     : A(open=1 conv=0x10) B(open=1 conv=0x10) T(open=1 conv=0x10) G(open=0 conv=0x00) comp="" tail="kkkkkkkk"
    +100ms: A(open=0 conv=0x10) B(open=0 conv=0x10) T(open=0 conv=0x10) G(open=0 conv=0x00) comp="" tail="kkkkkkkk"
    +400ms: A(open=0 conv=0x10) B(open=0 conv=0x10) T(open=0 conv=0x10) G(open=0 conv=0x00) comp="" tail="kkkkkkkk"
    差分 (前→+100ms): Δ open A:1→0 B:1→0 / tsf-thread open:1→0 conv:0x10→0x10   (前→+400ms): Δ open A:1→0 B:1→0 / tsf-thread open:1→0 conv:0x10→0x10
[03:10:04.266Z] KEY [準備/その他] ESC vk=0x1B scan=0x01 press=03:10:03.759Z (auto)  状態=直接入力
    前     : A(open=0 conv=0x10) B(open=0 conv=0x10) T(open=0 conv=0x10) G(open=0 conv=0x00) comp="" tail="kkkkkkkk"
    +100ms: A(open=0 conv=0x10) B(open=0 conv=0x10) T(open=0 conv=0x10) G(open=0 conv=0x00) comp="" tail="kkkkkkkk"
    +400ms: A(open=0 conv=0x10) B(open=0 conv=0x10) T(open=0 conv=0x10) G(open=0 conv=0x00) comp="" tail="kkkkkkkk"
    差分 (前→+100ms): Δなし   (前→+400ms): Δなし
[03:10:06.889Z] KEY [SCRIPT 3/10 無変換 期待=IME ON・半角英数のまま(conv 0x10)。Engine は OFF のまま ← 決定2の核心] 無変換 vk=0x1D scan=0x7B press=03:10:06.389Z (auto)  状態=直接入力
    前     : A(open=0 conv=0x10) B(open=0 conv=0x10) T(open=0 conv=0x10) G(open=0 conv=0x00) comp="" tail="kkkkkkkk"
    +100ms: A(open=1 conv=0x10) B(open=1 conv=0x10) T(open=1 conv=0x10) G(open=0 conv=0x00) comp="" tail="kkkkkkkk"
    +400ms: A(open=1 conv=0x10) B(open=1 conv=0x10) T(open=1 conv=0x10) G(open=0 conv=0x00) comp="k" tail="kkkkkkkk"
    差分 (前→+100ms): Δ open A:0→1 B:0→1 / tsf-thread open:0→1 conv:0x10→0x10   (前→+400ms): Δ open A:0→1 B:0→1 / tsf-thread open:0→1 conv:0x10→0x10 / comp:Some("")→Some("k")
[03:10:07.459Z] KEY [準備/その他] ESC vk=0x1B scan=0x01 press=03:10:06.949Z (auto)  状態=IME ON・入力中
    前     : A(open=1 conv=0x10) B(open=1 conv=0x10) T(open=1 conv=0x10) G(open=0 conv=0x00) comp="k" tail="kkkkkkkk"
    +100ms: A(open=1 conv=0x10) B(open=1 conv=0x10) T(open=1 conv=0x10) G(open=0 conv=0x00) comp="" tail="kkkkkkkk"
    +400ms: A(open=1 conv=0x10) B(open=1 conv=0x10) T(open=1 conv=0x10) G(open=0 conv=0x00) comp="" tail="kkkkkkkk"
    差分 (前→+100ms): Δ comp:Some("k")→Some("")   (前→+400ms): Δ comp:Some("k")→Some("")
[03:10:10.030Z] KEY [SCRIPT 4/10 ひらがなキー 期待=かなに戻る(conv 0x19)。Engine ON(遅延の可能性あり)] ひらがな(0xF2) vk=0xF2 scan=0x70 press=03:10:09.525Z (auto)  状態=IME ON・入力なし
    前     : A(open=1 conv=0x10) B(open=1 conv=0x10) T(open=1 conv=0x10) G(open=0 conv=0x00) comp="" tail="kkkkkkkk"
    +100ms: A(open=1 conv=0x19) B(open=1 conv=0x19) T(open=1 conv=0x19) G(open=0 conv=0x00) comp="" tail="kkkkkkkk"
    +400ms: A(open=1 conv=0x19) B(open=1 conv=0x19) T(open=1 conv=0x19) G(open=0 conv=0x00) comp="き" tail="kkkkkkkk"
    差分 (前→+100ms): Δ conv A:0x10→0x19 B:0x10→0x19 / tsf-thread open:1→1 conv:0x10→0x19   (前→+400ms): Δ conv A:0x10→0x19 B:0x10→0x19 / tsf-thread open:1→1 conv:0x10→0x19 / comp:Some("")→Some("き")
[03:10:10.591Z] KEY [準備/その他] ESC vk=0x1B scan=0x01 press=03:10:10.092Z (auto)  状態=IME ON・入力中
    前     : A(open=1 conv=0x19) B(open=1 conv=0x19) T(open=1 conv=0x19) G(open=0 conv=0x00) comp="き" tail="kkkkkkkk"
    +100ms: A(open=1 conv=0x19) B(open=1 conv=0x19) T(open=1 conv=0x19) G(open=0 conv=0x00) comp="" tail="kkkkkkkk"
    +400ms: A(open=1 conv=0x19) B(open=1 conv=0x19) T(open=1 conv=0x19) G(open=0 conv=0x00) comp="" tail="kkkkkkkk"
    差分 (前→+100ms): Δ comp:Some("き")→Some("")   (前→+400ms): Δ comp:Some("き")→Some("")
[03:10:13.160Z] KEY [SCRIPT 5/10 無変換 期待=IME OFF。Engine OFF] 無変換 vk=0x1D scan=0x7B press=03:10:12.660Z (auto)  状態=IME ON・入力なし
    前     : A(open=1 conv=0x19) B(open=1 conv=0x19) T(open=1 conv=0x19) G(open=0 conv=0x00) comp="" tail="kkkkkkkk"
    +100ms: A(open=0 conv=0x19) B(open=0 conv=0x19) T(open=0 conv=0x19) G(open=0 conv=0x00) comp="" tail="kkkkkkkk"
    +400ms: A(open=0 conv=0x19) B(open=0 conv=0x19) T(open=0 conv=0x19) G(open=0 conv=0x00) comp="" tail="kkkkkkkk"
    差分 (前→+100ms): Δ open A:1→0 B:1→0 / tsf-thread open:1→0 conv:0x19→0x19   (前→+400ms): Δ open A:1→0 B:1→0 / tsf-thread open:1→0 conv:0x19→0x19
[03:10:13.725Z] KEY [準備/その他] ESC vk=0x1B scan=0x01 press=03:10:13.223Z (auto)  状態=直接入力
    前     : A(open=0 conv=0x19) B(open=0 conv=0x19) T(open=0 conv=0x19) G(open=0 conv=0x00) comp="" tail="kkkkkkkk"
    +100ms: A(open=0 conv=0x19) B(open=0 conv=0x19) T(open=0 conv=0x19) G(open=0 conv=0x00) comp="" tail="kkkkkkkk"
    +400ms: A(open=0 conv=0x19) B(open=0 conv=0x19) T(open=0 conv=0x19) G(open=0 conv=0x00) comp="" tail="kkkkkkkk"
    差分 (前→+100ms): Δなし   (前→+400ms): Δなし
[03:10:13.774Z] KEY [準備/その他] ESC vk=0x1B scan=0x01 press=03:10:13.284Z (injected)  状態=直接入力
    前     : A(open=0 conv=0x19) B(open=0 conv=0x19) T(open=0 conv=0x19) G(open=0 conv=0x00) comp="" tail="kkkkkkkk"
    +100ms: A(open=0 conv=0x19) B(open=0 conv=0x19) T(open=0 conv=0x19) G(open=0 conv=0x00) comp="" tail="kkkkkkkk"
    +400ms: A(open=0 conv=0x19) B(open=0 conv=0x19) T(open=0 conv=0x19) G(open=0 conv=0x00) comp="" tail="kkkkkkkk"
    差分 (前→+100ms): Δなし   (前→+400ms): Δなし
[03:10:16.287Z] KEY [SCRIPT 6/10 無変換 期待=IME ON(かな)。Engine ON] 無変換 vk=0x1D scan=0x7B press=03:10:15.776Z (auto)  状態=直接入力
    前     : A(open=0 conv=0x19) B(open=0 conv=0x19) T(open=0 conv=0x19) G(open=0 conv=0x00) comp="" tail="kkkkkkkk"
    +100ms: A(open=1 conv=0x19) B(open=1 conv=0x19) T(open=1 conv=0x19) G(open=0 conv=0x00) comp="" tail="kkkkkkkk"
    +400ms: A(open=1 conv=0x19) B(open=1 conv=0x19) T(open=1 conv=0x19) G(open=0 conv=0x00) comp="き" tail="kkkkkkkk"
    差分 (前→+100ms): Δ open A:0→1 B:0→1 / tsf-thread open:0→1 conv:0x19→0x19   (前→+400ms): Δ open A:0→1 B:0→1 / tsf-thread open:0→1 conv:0x19→0x19 / comp:Some("")→Some("き")
[03:10:16.849Z] KEY [準備/その他] ESC vk=0x1B scan=0x01 press=03:10:16.348Z (auto)  状態=IME ON・入力中
    前     : A(open=1 conv=0x19) B(open=1 conv=0x19) T(open=1 conv=0x19) G(open=0 conv=0x00) comp="き" tail="kkkkkkkk"
    +100ms: A(open=1 conv=0x19) B(open=1 conv=0x19) T(open=1 conv=0x19) G(open=0 conv=0x00) comp="" tail="kkkkkkkk"
    +400ms: A(open=1 conv=0x19) B(open=1 conv=0x19) T(open=1 conv=0x19) G(open=0 conv=0x00) comp="" tail="kkkkkkkk"
    差分 (前→+100ms): Δ comp:Some("き")→Some("")   (前→+400ms): Δ comp:Some("き")→Some("")
[03:10:19.480Z] KEY [SCRIPT 7/10 ひらがなキー 期待=ONのまま半角英数へ。Engine は(遅延で)OFF] ひらがな(0xF2) vk=0xF2 scan=0x70 press=03:10:18.973Z (auto)  状態=IME ON・入力なし
    前     : A(open=1 conv=0x19) B(open=1 conv=0x19) T(open=1 conv=0x19) G(open=0 conv=0x00) comp="" tail="kkkkkkkk"
    +100ms: A(open=1 conv=0x10) B(open=1 conv=0x10) T(open=1 conv=0x10) G(open=0 conv=0x00) comp="" tail="kkkkkkkk"
    +400ms: A(open=1 conv=0x10) B(open=1 conv=0x10) T(open=1 conv=0x10) G(open=0 conv=0x00) comp="k" tail="kkkkkkkk"
    差分 (前→+100ms): Δ conv A:0x19→0x10 B:0x19→0x10 / tsf-thread open:1→1 conv:0x19→0x10   (前→+400ms): Δ conv A:0x19→0x10 B:0x19→0x10 / tsf-thread open:1→1 conv:0x19→0x10 / comp:Some("")→Some("k")
[03:10:20.038Z] KEY [準備/その他] ESC vk=0x1B scan=0x01 press=03:10:19.540Z (auto)  状態=IME ON・入力中
    前     : A(open=1 conv=0x10) B(open=1 conv=0x10) T(open=1 conv=0x10) G(open=0 conv=0x00) comp="k" tail="kkkkkkkk"
    +100ms: A(open=1 conv=0x10) B(open=1 conv=0x10) T(open=1 conv=0x10) G(open=0 conv=0x00) comp="" tail="kkkkkkkk"
    +400ms: A(open=1 conv=0x10) B(open=1 conv=0x10) T(open=1 conv=0x10) G(open=0 conv=0x00) comp="" tail="kkkkkkkk"
    差分 (前→+100ms): Δ comp:Some("k")→Some("")   (前→+400ms): Δ comp:Some("k")→Some("")
[03:10:22.597Z] KEY [SCRIPT 8/10 無変換 期待=IME OFF。Engine OFF] 無変換 vk=0x1D scan=0x7B press=03:10:22.101Z (auto)  状態=IME ON・入力なし
    前     : A(open=1 conv=0x10) B(open=1 conv=0x10) T(open=1 conv=0x10) G(open=0 conv=0x00) comp="" tail="kkkkkkkk"
    +100ms: A(open=0 conv=0x10) B(open=0 conv=0x10) T(open=0 conv=0x10) G(open=0 conv=0x00) comp="" tail="kkkkkkkk"
    +400ms: A(open=0 conv=0x10) B(open=0 conv=0x10) T(open=0 conv=0x10) G(open=0 conv=0x00) comp="" tail="kkkkkkkk"
    差分 (前→+100ms): Δ open A:1→0 B:1→0 / tsf-thread open:1→0 conv:0x10→0x10   (前→+400ms): Δ open A:1→0 B:1→0 / tsf-thread open:1→0 conv:0x10→0x10
[03:10:23.161Z] KEY [準備/その他] ESC vk=0x1B scan=0x01 press=03:10:22.661Z (auto)  状態=直接入力
    前     : A(open=0 conv=0x10) B(open=0 conv=0x10) T(open=0 conv=0x10) G(open=0 conv=0x00) comp="" tail="kkkkkkkk"
    +100ms: A(open=0 conv=0x10) B(open=0 conv=0x10) T(open=0 conv=0x10) G(open=0 conv=0x00) comp="" tail="kkkkkkkk"
    +400ms: A(open=0 conv=0x10) B(open=0 conv=0x10) T(open=0 conv=0x10) G(open=0 conv=0x00) comp="" tail="kkkkkkkk"
    差分 (前→+100ms): Δなし   (前→+400ms): Δなし
[03:10:25.785Z] KEY [SCRIPT 9/10 無変換 期待=IME ON・半角英数のまま。Engine が ON にならないこと ← 退行窓の確認] 無変換 vk=0x1D scan=0x7B press=03:10:25.286Z (auto)  状態=直接入力
    前     : A(open=0 conv=0x10) B(open=0 conv=0x10) T(open=0 conv=0x10) G(open=0 conv=0x00) comp="" tail="kkkkkkkk"
    +100ms: A(open=1 conv=0x10) B(open=1 conv=0x10) T(open=1 conv=0x10) G(open=0 conv=0x00) comp="" tail="kkkkkkkk"
    +400ms: A(open=1 conv=0x10) B(open=1 conv=0x10) T(open=1 conv=0x10) G(open=0 conv=0x00) comp="k" tail="kkkkkkkk"
    差分 (前→+100ms): Δ open A:0→1 B:0→1 / tsf-thread open:0→1 conv:0x10→0x10   (前→+400ms): Δ open A:0→1 B:0→1 / tsf-thread open:0→1 conv:0x10→0x10 / comp:Some("")→Some("k")
[03:10:26.355Z] KEY [準備/その他] ESC vk=0x1B scan=0x01 press=03:10:25.850Z (auto)  状態=IME ON・入力中
    前     : A(open=1 conv=0x10) B(open=1 conv=0x10) T(open=1 conv=0x10) G(open=0 conv=0x00) comp="k" tail="kkkkkkkk"
    +100ms: A(open=1 conv=0x10) B(open=1 conv=0x10) T(open=1 conv=0x10) G(open=0 conv=0x00) comp="" tail="kkkkkkkk"
    +400ms: A(open=1 conv=0x10) B(open=1 conv=0x10) T(open=1 conv=0x10) G(open=0 conv=0x00) comp="" tail="kkkkkkkk"
    差分 (前→+100ms): Δ comp:Some("k")→Some("")   (前→+400ms): Δ comp:Some("k")→Some("")
[03:10:28.940Z] KEY [SCRIPT 10/10 ひらがなキー 期待=かなに戻る(後片付け)] ひらがな(0xF2) vk=0xF2 scan=0x70 press=03:10:28.413Z (auto)  状態=IME ON・入力なし
    前     : A(open=1 conv=0x10) B(open=1 conv=0x10) T(open=1 conv=0x10) G(open=0 conv=0x00) comp="" tail="kkkkkkkk"
    +100ms: A(open=1 conv=0x19) B(open=1 conv=0x19) T(open=1 conv=0x19) G(open=0 conv=0x00) comp="" tail="kkkkkkkk"
    +400ms: A(open=1 conv=0x19) B(open=1 conv=0x19) T(open=1 conv=0x19) G(open=0 conv=0x00) comp="き" tail="kkkkkkkk"
    差分 (前→+100ms): Δ conv A:0x10→0x19 B:0x10→0x19 / tsf-thread open:1→1 conv:0x10→0x19   (前→+400ms): Δ conv A:0x10→0x19 B:0x10→0x19 / tsf-thread open:1→1 conv:0x10→0x19 / comp:Some("")→Some("き")
[03:10:29.475Z] KEY [準備/その他] ESC vk=0x1B scan=0x01 press=03:10:28.975Z (auto)  状態=IME ON・入力中
    前     : A(open=1 conv=0x19) B(open=1 conv=0x19) T(open=1 conv=0x19) G(open=0 conv=0x00) comp="き" tail="kkkkkkkk"
    +100ms: A(open=1 conv=0x19) B(open=1 conv=0x19) T(open=1 conv=0x19) G(open=0 conv=0x00) comp="" tail="kkkkkkkk"
    +400ms: A(open=1 conv=0x19) B(open=1 conv=0x19) T(open=1 conv=0x19) G(open=0 conv=0x00) comp="" tail="kkkkkkkk"
    差分 (前→+100ms): Δ comp:Some("き")→Some("")   (前→+400ms): Δ comp:Some("き")→Some("")
[RUN 9/12 完了]
[RUN 10/12 開始]
[03:10:32.907Z] KEY [SCRIPT 1/10 ひらがなキー 期待=ONのまま半角英数へ(conv 0x10)。Engine OFF(決定3保留のため遅延の可能性あり)] ひらがな(0xF2) vk=0xF2 scan=0x70 press=03:10:32.407Z (auto)  状態=IME ON・入力なし
    前     : A(open=1 conv=0x19) B(open=1 conv=0x19) T(open=1 conv=0x19) G(open=0 conv=0x00) comp="" tail="kkkkkkkk"
    +100ms: A(open=1 conv=0x10) B(open=1 conv=0x10) T(open=1 conv=0x10) G(open=0 conv=0x00) comp="" tail="kkkkkkkk"
    +400ms: A(open=1 conv=0x10) B(open=1 conv=0x10) T(open=1 conv=0x10) G(open=0 conv=0x00) comp="k" tail="kkkkkkkk"
    差分 (前→+100ms): Δ conv A:0x19→0x10 B:0x19→0x10 / tsf-thread open:1→1 conv:0x19→0x10   (前→+400ms): Δ conv A:0x19→0x10 B:0x19→0x10 / tsf-thread open:1→1 conv:0x19→0x10 / comp:Some("")→Some("k")
[03:10:33.464Z] KEY [準備/その他] ESC vk=0x1B scan=0x01 press=03:10:32.968Z (auto)  状態=IME ON・入力中
    前     : A(open=1 conv=0x10) B(open=1 conv=0x10) T(open=1 conv=0x10) G(open=0 conv=0x00) comp="k" tail="kkkkkkkk"
    +100ms: A(open=1 conv=0x10) B(open=1 conv=0x10) T(open=1 conv=0x10) G(open=0 conv=0x00) comp="" tail="kkkkkkkk"
    +400ms: A(open=1 conv=0x10) B(open=1 conv=0x10) T(open=1 conv=0x10) G(open=0 conv=0x00) comp="" tail="kkkkkkkk"
    差分 (前→+100ms): Δ comp:Some("k")→Some("")   (前→+400ms): Δ comp:Some("k")→Some("")
[03:10:36.133Z] KEY [SCRIPT 2/10 無変換 期待=IME OFF(直接入力)。Engine OFF] 無変換 vk=0x1D scan=0x7B press=03:10:35.603Z (auto)  状態=IME ON・入力なし
    前     : A(open=1 conv=0x10) B(open=1 conv=0x10) T(open=1 conv=0x10) G(open=0 conv=0x00) comp="" tail="kkkkkkkk"
    +100ms: A(open=0 conv=0x10) B(open=0 conv=0x10) T(open=0 conv=0x10) G(open=0 conv=0x00) comp="" tail="kkkkkkkk"
    +400ms: A(open=0 conv=0x10) B(open=0 conv=0x10) T(open=0 conv=0x10) G(open=0 conv=0x00) comp="" tail="kkkkkkkk"
    差分 (前→+100ms): Δ open A:1→0 B:1→0 / tsf-thread open:1→0 conv:0x10→0x10   (前→+400ms): Δ open A:1→0 B:1→0 / tsf-thread open:1→0 conv:0x10→0x10
[03:10:36.135Z] KEY [準備/その他] 無変換 vk=0x1D scan=0x7B press=03:10:35.606Z (injected)  状態=IME ON・入力なし
    前     : A(open=1 conv=0x10) B(open=1 conv=0x10) T(open=1 conv=0x10) G(open=0 conv=0x00) comp="" tail="kkkkkkkk"
    +100ms: A(open=0 conv=0x10) B(open=0 conv=0x10) T(open=0 conv=0x10) G(open=0 conv=0x00) comp="" tail="kkkkkkkk"
    +400ms: A(open=0 conv=0x10) B(open=0 conv=0x10) T(open=0 conv=0x10) G(open=0 conv=0x00) comp="" tail="kkkkkkkk"
    差分 (前→+100ms): Δ open A:1→0 B:1→0 / tsf-thread open:1→0 conv:0x10→0x10   (前→+400ms): Δ open A:1→0 B:1→0 / tsf-thread open:1→0 conv:0x10→0x10
[03:10:36.647Z] KEY [準備/その他] ESC vk=0x1B scan=0x01 press=03:10:36.136Z (auto)  状態=直接入力
    前     : A(open=0 conv=0x10) B(open=0 conv=0x10) T(open=0 conv=0x10) G(open=0 conv=0x00) comp="" tail="kkkkkkkk"
    +100ms: A(open=0 conv=0x10) B(open=0 conv=0x10) T(open=0 conv=0x10) G(open=0 conv=0x00) comp="" tail="kkkkkkkk"
    +400ms: A(open=0 conv=0x10) B(open=0 conv=0x10) T(open=0 conv=0x10) G(open=0 conv=0x00) comp="" tail="kkkkkkkk"
    差分 (前→+100ms): Δなし   (前→+400ms): Δなし
[03:10:39.288Z] KEY [SCRIPT 3/10 無変換 期待=IME ON・半角英数のまま(conv 0x10)。Engine は OFF のまま ← 決定2の核心] 無変換 vk=0x1D scan=0x7B press=03:10:38.773Z (auto)  状態=直接入力
    前     : A(open=0 conv=0x10) B(open=0 conv=0x10) T(open=0 conv=0x10) G(open=0 conv=0x00) comp="" tail="kkkkkkkk"
    +100ms: A(open=1 conv=0x10) B(open=1 conv=0x10) T(open=1 conv=0x10) G(open=0 conv=0x00) comp="" tail="kkkkkkkk"
    +400ms: A(open=1 conv=0x10) B(open=1 conv=0x10) T(open=1 conv=0x10) G(open=0 conv=0x00) comp="k" tail="kkkkkkkk"
    差分 (前→+100ms): Δ open A:0→1 B:0→1 / tsf-thread open:0→1 conv:0x10→0x10   (前→+400ms): Δ open A:0→1 B:0→1 / tsf-thread open:0→1 conv:0x10→0x10 / comp:Some("")→Some("k")
[03:10:39.830Z] KEY [準備/その他] ESC vk=0x1B scan=0x01 press=03:10:39.331Z (auto)  状態=IME ON・入力中
    前     : A(open=1 conv=0x10) B(open=1 conv=0x10) T(open=1 conv=0x10) G(open=0 conv=0x00) comp="k" tail="kkkkkkkk"
    +100ms: A(open=1 conv=0x10) B(open=1 conv=0x10) T(open=1 conv=0x10) G(open=0 conv=0x00) comp="" tail="kkkkkkkk"
    +400ms: A(open=1 conv=0x10) B(open=1 conv=0x10) T(open=1 conv=0x10) G(open=0 conv=0x00) comp="" tail="kkkkkkkk"
    差分 (前→+100ms): Δ comp:Some("k")→Some("")   (前→+400ms): Δ comp:Some("k")→Some("")
[03:10:42.389Z] KEY [SCRIPT 4/10 ひらがなキー 期待=かなに戻る(conv 0x19)。Engine ON(遅延の可能性あり)] ひらがな(0xF2) vk=0xF2 scan=0x70 press=03:10:41.896Z (auto)  状態=IME ON・入力なし
    前     : A(open=1 conv=0x10) B(open=1 conv=0x10) T(open=1 conv=0x10) G(open=0 conv=0x00) comp="" tail="kkkkkkkk"
    +100ms: A(open=1 conv=0x19) B(open=1 conv=0x19) T(open=1 conv=0x19) G(open=0 conv=0x00) comp="" tail="kkkkkkkk"
    +400ms: A(open=1 conv=0x19) B(open=1 conv=0x19) T(open=1 conv=0x19) G(open=0 conv=0x00) comp="き" tail="kkkkkkkk"
    差分 (前→+100ms): Δ conv A:0x10→0x19 B:0x10→0x19 / tsf-thread open:1→1 conv:0x10→0x19   (前→+400ms): Δ conv A:0x10→0x19 B:0x10→0x19 / tsf-thread open:1→1 conv:0x10→0x19 / comp:Some("")→Some("き")
[03:10:42.954Z] KEY [準備/その他] ESC vk=0x1B scan=0x01 press=03:10:42.453Z (auto)  状態=IME ON・入力中
    前     : A(open=1 conv=0x19) B(open=1 conv=0x19) T(open=1 conv=0x19) G(open=0 conv=0x00) comp="き" tail="kkkkkkkk"
    +100ms: A(open=1 conv=0x19) B(open=1 conv=0x19) T(open=1 conv=0x19) G(open=0 conv=0x00) comp="" tail="kkkkkkkk"
    +400ms: A(open=1 conv=0x19) B(open=1 conv=0x19) T(open=1 conv=0x19) G(open=0 conv=0x00) comp="" tail="kkkkkkkk"
    差分 (前→+100ms): Δ comp:Some("き")→Some("")   (前→+400ms): Δ comp:Some("き")→Some("")
[03:10:45.573Z] KEY [SCRIPT 5/10 無変換 期待=IME OFF。Engine OFF] 無変換 vk=0x1D scan=0x7B press=03:10:45.078Z (auto)  状態=IME ON・入力なし
    前     : A(open=1 conv=0x19) B(open=1 conv=0x19) T(open=1 conv=0x19) G(open=0 conv=0x00) comp="" tail="kkkkkkkk"
    +100ms: A(open=0 conv=0x19) B(open=0 conv=0x19) T(open=0 conv=0x19) G(open=0 conv=0x00) comp="" tail="kkkkkkkk"
    +400ms: A(open=0 conv=0x19) B(open=0 conv=0x19) T(open=0 conv=0x19) G(open=0 conv=0x00) comp="" tail="kkkkkkkk"
    差分 (前→+100ms): Δ open A:1→0 B:1→0 / tsf-thread open:1→0 conv:0x19→0x19   (前→+400ms): Δ open A:1→0 B:1→0 / tsf-thread open:1→0 conv:0x19→0x19
[03:10:46.137Z] KEY [準備/その他] ESC vk=0x1B scan=0x01 press=03:10:45.636Z (auto)  状態=直接入力
    前     : A(open=0 conv=0x19) B(open=0 conv=0x19) T(open=0 conv=0x19) G(open=0 conv=0x00) comp="" tail="kkkkkkkk"
    +100ms: A(open=0 conv=0x19) B(open=0 conv=0x19) T(open=0 conv=0x19) G(open=0 conv=0x00) comp="" tail="kkkkkkkk"
    +400ms: A(open=0 conv=0x19) B(open=0 conv=0x19) T(open=0 conv=0x19) G(open=0 conv=0x00) comp="" tail="kkkkkkkk"
    差分 (前→+100ms): Δなし   (前→+400ms): Δなし
[03:10:46.198Z] KEY [準備/その他] ESC vk=0x1B scan=0x01 press=03:10:45.700Z (injected)  状態=直接入力
    前     : A(open=0 conv=0x19) B(open=0 conv=0x19) T(open=0 conv=0x19) G(open=0 conv=0x00) comp="" tail="kkkkkkkk"
    +100ms: A(open=0 conv=0x19) B(open=0 conv=0x19) T(open=0 conv=0x19) G(open=0 conv=0x00) comp="" tail="kkkkkkkk"
    +400ms: A(open=0 conv=0x19) B(open=0 conv=0x19) T(open=0 conv=0x19) G(open=0 conv=0x00) comp="" tail="kkkkkkkk"
    差分 (前→+100ms): Δなし   (前→+400ms): Δなし
[03:10:48.752Z] KEY [SCRIPT 6/10 無変換 期待=IME ON(かな)。Engine ON] 無変換 vk=0x1D scan=0x7B press=03:10:48.279Z (auto)  状態=直接入力
    前     : A(open=0 conv=0x19) B(open=0 conv=0x19) T(open=0 conv=0x19) G(open=0 conv=0x00) comp="" tail="kkkkkkkk"
    +100ms: A(open=1 conv=0x19) B(open=1 conv=0x19) T(open=1 conv=0x19) G(open=0 conv=0x00) comp="" tail="kkkkkkkk"
    +400ms: A(open=1 conv=0x19) B(open=1 conv=0x19) T(open=1 conv=0x19) G(open=0 conv=0x00) comp="き" tail="kkkkkkkk"
    差分 (前→+100ms): Δ open A:0→1 B:0→1 / tsf-thread open:0→1 conv:0x19→0x19   (前→+400ms): Δ open A:0→1 B:0→1 / tsf-thread open:0→1 conv:0x19→0x19 / comp:Some("")→Some("き")
[03:10:49.349Z] KEY [準備/その他] ESC vk=0x1B scan=0x01 press=03:10:48.840Z (auto)  状態=IME ON・入力中
    前     : A(open=1 conv=0x19) B(open=1 conv=0x19) T(open=1 conv=0x19) G(open=0 conv=0x00) comp="き" tail="kkkkkkkk"
    +100ms: A(open=1 conv=0x19) B(open=1 conv=0x19) T(open=1 conv=0x19) G(open=0 conv=0x00) comp="" tail="kkkkkkkk"
    +400ms: A(open=1 conv=0x19) B(open=1 conv=0x19) T(open=1 conv=0x19) G(open=0 conv=0x00) comp="" tail="kkkkkkkk"
    差分 (前→+100ms): Δ comp:Some("き")→Some("")   (前→+400ms): Δ comp:Some("き")→Some("")
[03:10:51.965Z] KEY [SCRIPT 7/10 ひらがなキー 期待=ONのまま半角英数へ。Engine は(遅延で)OFF] ひらがな(0xF2) vk=0xF2 scan=0x70 press=03:10:51.474Z (auto)  状態=IME ON・入力なし
    前     : A(open=1 conv=0x19) B(open=1 conv=0x19) T(open=1 conv=0x19) G(open=0 conv=0x00) comp="" tail="kkkkkkkk"
    +100ms: A(open=1 conv=0x10) B(open=1 conv=0x10) T(open=1 conv=0x10) G(open=0 conv=0x00) comp="" tail="kkkkkkkk"
    +400ms: A(open=1 conv=0x10) B(open=1 conv=0x10) T(open=1 conv=0x10) G(open=0 conv=0x00) comp="k" tail="kkkkkkkk"
    差分 (前→+100ms): Δ conv A:0x19→0x10 B:0x19→0x10 / tsf-thread open:1→1 conv:0x19→0x10   (前→+400ms): Δ conv A:0x19→0x10 B:0x19→0x10 / tsf-thread open:1→1 conv:0x19→0x10 / comp:Some("")→Some("k")
[03:10:52.531Z] KEY [準備/その他] ESC vk=0x1B scan=0x01 press=03:10:52.025Z (auto)  状態=IME ON・入力中
    前     : A(open=1 conv=0x10) B(open=1 conv=0x10) T(open=1 conv=0x10) G(open=0 conv=0x00) comp="k" tail="kkkkkkkk"
    +100ms: A(open=1 conv=0x10) B(open=1 conv=0x10) T(open=1 conv=0x10) G(open=0 conv=0x00) comp="" tail="kkkkkkkk"
    +400ms: A(open=1 conv=0x10) B(open=1 conv=0x10) T(open=1 conv=0x10) G(open=0 conv=0x00) comp="" tail="kkkkkkkk"
    差分 (前→+100ms): Δ comp:Some("k")→Some("")   (前→+400ms): Δ comp:Some("k")→Some("")
[03:10:55.163Z] KEY [SCRIPT 8/10 無変換 期待=IME OFF。Engine OFF] 無変換 vk=0x1D scan=0x7B press=03:10:54.652Z (auto)  状態=IME ON・入力なし
    前     : A(open=1 conv=0x10) B(open=1 conv=0x10) T(open=1 conv=0x10) G(open=0 conv=0x00) comp="" tail="kkkkkkkk"
    +100ms: A(open=0 conv=0x10) B(open=0 conv=0x10) T(open=0 conv=0x10) G(open=0 conv=0x00) comp="" tail="kkkkkkkk"
    +400ms: A(open=0 conv=0x10) B(open=0 conv=0x10) T(open=0 conv=0x10) G(open=0 conv=0x00) comp="" tail="kkkkkkkk"
    差分 (前→+100ms): Δ open A:1→0 B:1→0 / tsf-thread open:1→0 conv:0x10→0x10   (前→+400ms): Δ open A:1→0 B:1→0 / tsf-thread open:1→0 conv:0x10→0x10
[03:10:55.713Z] KEY [準備/その他] ESC vk=0x1B scan=0x01 press=03:10:55.225Z (auto)  状態=直接入力
    前     : A(open=0 conv=0x10) B(open=0 conv=0x10) T(open=0 conv=0x10) G(open=0 conv=0x00) comp="" tail="kkkkkkkk"
    +100ms: A(open=0 conv=0x10) B(open=0 conv=0x10) T(open=0 conv=0x10) G(open=0 conv=0x00) comp="" tail="kkkkkkkk"
    +400ms: A(open=0 conv=0x10) B(open=0 conv=0x10) T(open=0 conv=0x10) G(open=0 conv=0x00) comp="" tail="kkkkkkkk"
    差分 (前→+100ms): Δなし   (前→+400ms): Δなし
[03:10:58.300Z] KEY [SCRIPT 9/10 無変換 期待=IME ON・半角英数のまま。Engine が ON にならないこと ← 退行窓の確認] 無変換 vk=0x1D scan=0x7B press=03:10:57.800Z (auto)  状態=直接入力
    前     : A(open=0 conv=0x10) B(open=0 conv=0x10) T(open=0 conv=0x10) G(open=0 conv=0x00) comp="" tail="kkkkkkkk"
    +100ms: A(open=1 conv=0x10) B(open=1 conv=0x10) T(open=1 conv=0x10) G(open=0 conv=0x00) comp="" tail="kkkkkkkk"
    +400ms: A(open=1 conv=0x10) B(open=1 conv=0x10) T(open=1 conv=0x10) G(open=0 conv=0x00) comp="k" tail="kkkkkkkk"
    差分 (前→+100ms): Δ open A:0→1 B:0→1 / tsf-thread open:0→1 conv:0x10→0x10   (前→+400ms): Δ open A:0→1 B:0→1 / tsf-thread open:0→1 conv:0x10→0x10 / comp:Some("")→Some("k")
[03:10:58.861Z] KEY [準備/その他] ESC vk=0x1B scan=0x01 press=03:10:58.363Z (auto)  状態=IME ON・入力中
    前     : A(open=1 conv=0x10) B(open=1 conv=0x10) T(open=1 conv=0x10) G(open=0 conv=0x00) comp="k" tail="kkkkkkkk"
    +100ms: A(open=1 conv=0x10) B(open=1 conv=0x10) T(open=1 conv=0x10) G(open=0 conv=0x00) comp="" tail="kkkkkkkk"
    +400ms: A(open=1 conv=0x10) B(open=1 conv=0x10) T(open=1 conv=0x10) G(open=0 conv=0x00) comp="" tail="kkkkkkkk"
    差分 (前→+100ms): Δ comp:Some("k")→Some("")   (前→+400ms): Δ comp:Some("k")→Some("")
[03:11:01.483Z] KEY [SCRIPT 10/10 ひらがなキー 期待=かなに戻る(後片付け)] ひらがな(0xF2) vk=0xF2 scan=0x70 press=03:11:00.989Z (auto)  状態=IME ON・入力なし
    前     : A(open=1 conv=0x10) B(open=1 conv=0x10) T(open=1 conv=0x10) G(open=0 conv=0x00) comp="" tail="kkkkkkkk"
    +100ms: A(open=1 conv=0x19) B(open=1 conv=0x19) T(open=1 conv=0x19) G(open=0 conv=0x00) comp="" tail="kkkkkkkk"
    +400ms: A(open=1 conv=0x19) B(open=1 conv=0x19) T(open=1 conv=0x19) G(open=0 conv=0x00) comp="き" tail="kkkkkkkk"
    差分 (前→+100ms): Δ conv A:0x10→0x19 B:0x10→0x19 / tsf-thread open:1→1 conv:0x10→0x19   (前→+400ms): Δ conv A:0x10→0x19 B:0x10→0x19 / tsf-thread open:1→1 conv:0x10→0x19 / comp:Some("")→Some("き")
[03:11:02.045Z] KEY [準備/その他] ESC vk=0x1B scan=0x01 press=03:11:01.546Z (auto)  状態=IME ON・入力中
    前     : A(open=1 conv=0x19) B(open=1 conv=0x19) T(open=1 conv=0x19) G(open=0 conv=0x00) comp="き" tail="kkkkkkkk"
    +100ms: A(open=1 conv=0x19) B(open=1 conv=0x19) T(open=1 conv=0x19) G(open=0 conv=0x00) comp="" tail="kkkkkkkk"
    +400ms: A(open=1 conv=0x19) B(open=1 conv=0x19) T(open=1 conv=0x19) G(open=0 conv=0x00) comp="" tail="kkkkkkkk"
    差分 (前→+100ms): Δ comp:Some("き")→Some("")   (前→+400ms): Δ comp:Some("き")→Some("")
[RUN 10/12 完了]
[RUN 11/12 開始]
[03:11:05.382Z] KEY [SCRIPT 1/10 ひらがなキー 期待=ONのまま半角英数へ(conv 0x10)。Engine OFF(決定3保留のため遅延の可能性あり)] ひらがな(0xF2) vk=0xF2 scan=0x70 press=03:11:04.871Z (auto)  状態=IME ON・入力なし
    前     : A(open=1 conv=0x19) B(open=1 conv=0x19) T(open=1 conv=0x19) G(open=0 conv=0x00) comp="" tail="kkkkkkkk"
    +100ms: A(open=1 conv=0x10) B(open=1 conv=0x10) T(open=1 conv=0x10) G(open=0 conv=0x00) comp="" tail="kkkkkkkk"
    +400ms: A(open=1 conv=0x10) B(open=1 conv=0x10) T(open=1 conv=0x10) G(open=0 conv=0x00) comp="k" tail="kkkkkkkk"
    差分 (前→+100ms): Δ conv A:0x19→0x10 B:0x19→0x10 / tsf-thread open:1→1 conv:0x19→0x10   (前→+400ms): Δ conv A:0x19→0x10 B:0x19→0x10 / tsf-thread open:1→1 conv:0x19→0x10 / comp:Some("")→Some("k")
[03:11:05.931Z] KEY [準備/その他] ESC vk=0x1B scan=0x01 press=03:11:05.442Z (auto)  状態=IME ON・入力中
    前     : A(open=1 conv=0x10) B(open=1 conv=0x10) T(open=1 conv=0x10) G(open=0 conv=0x00) comp="k" tail="kkkkkkkk"
    +100ms: A(open=1 conv=0x10) B(open=1 conv=0x10) T(open=1 conv=0x10) G(open=0 conv=0x00) comp="" tail="kkkkkkkk"
    +400ms: A(open=1 conv=0x10) B(open=1 conv=0x10) T(open=1 conv=0x10) G(open=0 conv=0x00) comp="" tail="kkkkkkkk"
    差分 (前→+100ms): Δ comp:Some("k")→Some("")   (前→+400ms): Δ comp:Some("k")→Some("")
[03:11:08.500Z] KEY [SCRIPT 2/10 無変換 期待=IME OFF(直接入力)。Engine OFF] 無変換 vk=0x1D scan=0x7B press=03:11:07.999Z (auto)  状態=IME ON・入力なし
    前     : A(open=1 conv=0x10) B(open=1 conv=0x10) T(open=1 conv=0x10) G(open=0 conv=0x00) comp="" tail="kkkkkkkk"
    +100ms: A(open=0 conv=0x10) B(open=0 conv=0x10) T(open=0 conv=0x10) G(open=0 conv=0x00) comp="" tail="kkkkkkkk"
    +400ms: A(open=0 conv=0x10) B(open=0 conv=0x10) T(open=0 conv=0x10) G(open=0 conv=0x00) comp="" tail="kkkkkkkk"
    差分 (前→+100ms): Δ open A:1→0 B:1→0 / tsf-thread open:1→0 conv:0x10→0x10   (前→+400ms): Δ open A:1→0 B:1→0 / tsf-thread open:1→0 conv:0x10→0x10
[03:11:09.059Z] KEY [準備/その他] ESC vk=0x1B scan=0x01 press=03:11:08.563Z (auto)  状態=直接入力
    前     : A(open=0 conv=0x10) B(open=0 conv=0x10) T(open=0 conv=0x10) G(open=0 conv=0x00) comp="" tail="kkkkkkkk"
    +100ms: A(open=0 conv=0x10) B(open=0 conv=0x10) T(open=0 conv=0x10) G(open=0 conv=0x00) comp="" tail="kkkkkkkk"
    +400ms: A(open=0 conv=0x10) B(open=0 conv=0x10) T(open=0 conv=0x10) G(open=0 conv=0x00) comp="" tail="kkkkkkkk"
    差分 (前→+100ms): Δなし   (前→+400ms): Δなし
[03:11:11.720Z] KEY [SCRIPT 3/10 無変換 期待=IME ON・半角英数のまま(conv 0x10)。Engine は OFF のまま ← 決定2の核心] 無変換 vk=0x1D scan=0x7B press=03:11:11.197Z (auto)  状態=直接入力
    前     : A(open=0 conv=0x10) B(open=0 conv=0x10) T(open=0 conv=0x10) G(open=0 conv=0x00) comp="" tail="kkkkkkkk"
    +100ms: A(open=1 conv=0x10) B(open=1 conv=0x10) T(open=1 conv=0x10) G(open=0 conv=0x00) comp="" tail="kkkkkkkk"
    +400ms: A(open=1 conv=0x10) B(open=1 conv=0x10) T(open=1 conv=0x10) G(open=0 conv=0x00) comp="k" tail="kkkkkkkk"
    差分 (前→+100ms): Δ open A:0→1 B:0→1 / tsf-thread open:0→1 conv:0x10→0x10   (前→+400ms): Δ open A:0→1 B:0→1 / tsf-thread open:0→1 conv:0x10→0x10 / comp:Some("")→Some("k")
[03:11:12.216Z] KEY [準備/その他] ESC vk=0x1B scan=0x01 press=03:11:11.724Z (auto)  状態=IME ON・入力中
    前     : A(open=1 conv=0x10) B(open=1 conv=0x10) T(open=1 conv=0x10) G(open=0 conv=0x00) comp="k" tail="kkkkkkkk"
    +100ms: A(open=1 conv=0x10) B(open=1 conv=0x10) T(open=1 conv=0x10) G(open=0 conv=0x00) comp="" tail="kkkkkkkk"
    +400ms: A(open=1 conv=0x10) B(open=1 conv=0x10) T(open=1 conv=0x10) G(open=0 conv=0x00) comp="" tail="kkkkkkkk"
    差分 (前→+100ms): Δ comp:Some("k")→Some("")   (前→+400ms): Δ comp:Some("k")→Some("")
[03:11:14.855Z] KEY [SCRIPT 4/10 ひらがなキー 期待=かなに戻る(conv 0x19)。Engine ON(遅延の可能性あり)] ひらがな(0xF2) vk=0xF2 scan=0x70 press=03:11:14.351Z (auto)  状態=IME ON・入力なし
    前     : A(open=1 conv=0x10) B(open=1 conv=0x10) T(open=1 conv=0x10) G(open=0 conv=0x00) comp="" tail="kkkkkkkk"
    +100ms: A(open=1 conv=0x19) B(open=1 conv=0x19) T(open=1 conv=0x19) G(open=0 conv=0x00) comp="" tail="kkkkkkkk"
    +400ms: A(open=1 conv=0x19) B(open=1 conv=0x19) T(open=1 conv=0x19) G(open=0 conv=0x00) comp="き" tail="kkkkkkkk"
    差分 (前→+100ms): Δ conv A:0x10→0x19 B:0x10→0x19 / tsf-thread open:1→1 conv:0x10→0x19   (前→+400ms): Δ conv A:0x10→0x19 B:0x10→0x19 / tsf-thread open:1→1 conv:0x10→0x19 / comp:Some("")→Some("き")
[03:11:15.418Z] KEY [準備/その他] ESC vk=0x1B scan=0x01 press=03:11:14.917Z (auto)  状態=IME ON・入力中
    前     : A(open=1 conv=0x19) B(open=1 conv=0x19) T(open=1 conv=0x19) G(open=0 conv=0x00) comp="き" tail="kkkkkkkk"
    +100ms: A(open=1 conv=0x19) B(open=1 conv=0x19) T(open=1 conv=0x19) G(open=0 conv=0x00) comp="" tail="kkkkkkkk"
    +400ms: A(open=1 conv=0x19) B(open=1 conv=0x19) T(open=1 conv=0x19) G(open=0 conv=0x00) comp="" tail="kkkkkkkk"
    差分 (前→+100ms): Δ comp:Some("き")→Some("")   (前→+400ms): Δ comp:Some("き")→Some("")
[03:11:17.970Z] KEY [SCRIPT 5/10 無変換 期待=IME OFF。Engine OFF] 無変換 vk=0x1D scan=0x7B press=03:11:17.470Z (auto)  状態=IME ON・入力なし
    前     : A(open=1 conv=0x19) B(open=1 conv=0x19) T(open=1 conv=0x19) G(open=0 conv=0x00) comp="" tail="kkkkkkkk"
    +100ms: A(open=0 conv=0x19) B(open=0 conv=0x19) T(open=0 conv=0x19) G(open=0 conv=0x00) comp="" tail="kkkkkkkk"
    +400ms: A(open=0 conv=0x19) B(open=0 conv=0x19) T(open=0 conv=0x19) G(open=0 conv=0x00) comp="" tail="kkkkkkkk"
    差分 (前→+100ms): Δ open A:1→0 B:1→0 / tsf-thread open:1→0 conv:0x19→0x19   (前→+400ms): Δ open A:1→0 B:1→0 / tsf-thread open:1→0 conv:0x19→0x19
[03:11:18.531Z] KEY [準備/その他] ESC vk=0x1B scan=0x01 press=03:11:18.033Z (auto)  状態=直接入力
    前     : A(open=0 conv=0x19) B(open=0 conv=0x19) T(open=0 conv=0x19) G(open=0 conv=0x00) comp="" tail="kkkkkkkk"
    +100ms: A(open=0 conv=0x19) B(open=0 conv=0x19) T(open=0 conv=0x19) G(open=0 conv=0x00) comp="" tail="kkkkkkkk"
    +400ms: A(open=0 conv=0x19) B(open=0 conv=0x19) T(open=0 conv=0x19) G(open=0 conv=0x00) comp="" tail="kkkkkkkk"
    差分 (前→+100ms): Δなし   (前→+400ms): Δなし
[03:11:18.595Z] KEY [準備/その他] ESC vk=0x1B scan=0x01 press=03:11:18.095Z (injected)  状態=直接入力
    前     : A(open=0 conv=0x19) B(open=0 conv=0x19) T(open=0 conv=0x19) G(open=0 conv=0x00) comp="" tail="kkkkkkkk"
    +100ms: A(open=0 conv=0x19) B(open=0 conv=0x19) T(open=0 conv=0x19) G(open=0 conv=0x00) comp="" tail="kkkkkkkk"
    +400ms: A(open=0 conv=0x19) B(open=0 conv=0x19) T(open=0 conv=0x19) G(open=0 conv=0x00) comp="" tail="kkkkkkkk"
    差分 (前→+100ms): Δなし   (前→+400ms): Δなし
[03:11:21.151Z] KEY [SCRIPT 6/10 無変換 期待=IME ON(かな)。Engine ON] 無変換 vk=0x1D scan=0x7B press=03:11:20.653Z (auto)  状態=直接入力
    前     : A(open=0 conv=0x19) B(open=0 conv=0x19) T(open=0 conv=0x19) G(open=0 conv=0x00) comp="" tail="kkkkkkkk"
    +100ms: A(open=1 conv=0x19) B(open=1 conv=0x19) T(open=1 conv=0x19) G(open=0 conv=0x00) comp="" tail="kkkkkkkk"
    +400ms: A(open=1 conv=0x19) B(open=1 conv=0x19) T(open=1 conv=0x19) G(open=0 conv=0x00) comp="き" tail="kkkkkkkk"
    差分 (前→+100ms): Δ open A:0→1 B:0→1 / tsf-thread open:0→1 conv:0x19→0x19   (前→+400ms): Δ open A:0→1 B:0→1 / tsf-thread open:0→1 conv:0x19→0x19 / comp:Some("")→Some("き")
[03:11:21.729Z] KEY [準備/その他] ESC vk=0x1B scan=0x01 press=03:11:21.227Z (auto)  状態=IME ON・入力中
    前     : A(open=1 conv=0x19) B(open=1 conv=0x19) T(open=1 conv=0x19) G(open=0 conv=0x00) comp="き" tail="kkkkkkkk"
    +100ms: A(open=1 conv=0x19) B(open=1 conv=0x19) T(open=1 conv=0x19) G(open=0 conv=0x00) comp="" tail="kkkkkkkk"
    +400ms: A(open=1 conv=0x19) B(open=1 conv=0x19) T(open=1 conv=0x19) G(open=0 conv=0x00) comp="" tail="kkkkkkkk"
    差分 (前→+100ms): Δ comp:Some("き")→Some("")   (前→+400ms): Δ comp:Some("き")→Some("")
[03:11:24.326Z] KEY [SCRIPT 7/10 ひらがなキー 期待=ONのまま半角英数へ。Engine は(遅延で)OFF] ひらがな(0xF2) vk=0xF2 scan=0x70 press=03:11:23.813Z (auto)  状態=IME ON・入力なし
    前     : A(open=1 conv=0x19) B(open=1 conv=0x19) T(open=1 conv=0x19) G(open=0 conv=0x00) comp="" tail="kkkkkkkk"
    +100ms: A(open=1 conv=0x10) B(open=1 conv=0x10) T(open=1 conv=0x10) G(open=0 conv=0x00) comp="" tail="kkkkkkkk"
    +400ms: A(open=1 conv=0x10) B(open=1 conv=0x10) T(open=1 conv=0x10) G(open=0 conv=0x00) comp="k" tail="kkkkkkkk"
    差分 (前→+100ms): Δ conv A:0x19→0x10 B:0x19→0x10 / tsf-thread open:1→1 conv:0x19→0x10   (前→+400ms): Δ conv A:0x19→0x10 B:0x19→0x10 / tsf-thread open:1→1 conv:0x19→0x10 / comp:Some("")→Some("k")
[03:11:24.875Z] KEY [準備/その他] ESC vk=0x1B scan=0x01 press=03:11:24.377Z (auto)  状態=IME ON・入力中
    前     : A(open=1 conv=0x10) B(open=1 conv=0x10) T(open=1 conv=0x10) G(open=0 conv=0x00) comp="k" tail="kkkkkkkk"
    +100ms: A(open=1 conv=0x10) B(open=1 conv=0x10) T(open=1 conv=0x10) G(open=0 conv=0x00) comp="" tail="kkkkkkkk"
    +400ms: A(open=1 conv=0x10) B(open=1 conv=0x10) T(open=1 conv=0x10) G(open=0 conv=0x00) comp="" tail="kkkkkkkk"
    差分 (前→+100ms): Δ comp:Some("k")→Some("")   (前→+400ms): Δ comp:Some("k")→Some("")
[03:11:27.505Z] KEY [SCRIPT 8/10 無変換 期待=IME OFF。Engine OFF] 無変換 vk=0x1D scan=0x7B press=03:11:26.999Z (auto)  状態=IME ON・入力なし
    前     : A(open=1 conv=0x10) B(open=1 conv=0x10) T(open=1 conv=0x10) G(open=0 conv=0x00) comp="" tail="kkkkkkkk"
    +100ms: A(open=0 conv=0x10) B(open=0 conv=0x10) T(open=0 conv=0x10) G(open=0 conv=0x00) comp="" tail="kkkkkkkk"
    +400ms: A(open=0 conv=0x10) B(open=0 conv=0x10) T(open=0 conv=0x10) G(open=0 conv=0x00) comp="" tail="kkkkkkkk"
    差分 (前→+100ms): Δ open A:1→0 B:1→0 / tsf-thread open:1→0 conv:0x10→0x10   (前→+400ms): Δ open A:1→0 B:1→0 / tsf-thread open:1→0 conv:0x10→0x10
[03:11:28.057Z] KEY [準備/その他] ESC vk=0x1B scan=0x01 press=03:11:27.569Z (auto)  状態=直接入力
    前     : A(open=0 conv=0x10) B(open=0 conv=0x10) T(open=0 conv=0x10) G(open=0 conv=0x00) comp="" tail="kkkkkkkk"
    +100ms: A(open=0 conv=0x10) B(open=0 conv=0x10) T(open=0 conv=0x10) G(open=0 conv=0x00) comp="" tail="kkkkkkkk"
    +400ms: A(open=0 conv=0x10) B(open=0 conv=0x10) T(open=0 conv=0x10) G(open=0 conv=0x00) comp="" tail="kkkkkkkk"
    差分 (前→+100ms): Δなし   (前→+400ms): Δなし
[03:11:30.644Z] KEY [SCRIPT 9/10 無変換 期待=IME ON・半角英数のまま。Engine が ON にならないこと ← 退行窓の確認] 無変換 vk=0x1D scan=0x7B press=03:11:30.147Z (auto)  状態=直接入力
    前     : A(open=0 conv=0x10) B(open=0 conv=0x10) T(open=0 conv=0x10) G(open=0 conv=0x00) comp="" tail="kkkkkkkk"
    +100ms: A(open=1 conv=0x10) B(open=1 conv=0x10) T(open=1 conv=0x10) G(open=0 conv=0x00) comp="" tail="kkkkkkkk"
    +400ms: A(open=1 conv=0x10) B(open=1 conv=0x10) T(open=1 conv=0x10) G(open=0 conv=0x00) comp="k" tail="kkkkkkkk"
    差分 (前→+100ms): Δ open A:0→1 B:0→1 / tsf-thread open:0→1 conv:0x10→0x10   (前→+400ms): Δ open A:0→1 B:0→1 / tsf-thread open:0→1 conv:0x10→0x10 / comp:Some("")→Some("k")
[03:11:31.204Z] KEY [準備/その他] ESC vk=0x1B scan=0x01 press=03:11:30.707Z (auto)  状態=IME ON・入力中
    前     : A(open=1 conv=0x10) B(open=1 conv=0x10) T(open=1 conv=0x10) G(open=0 conv=0x00) comp="k" tail="kkkkkkkk"
    +100ms: A(open=1 conv=0x10) B(open=1 conv=0x10) T(open=1 conv=0x10) G(open=0 conv=0x00) comp="" tail="kkkkkkkk"
    +400ms: A(open=1 conv=0x10) B(open=1 conv=0x10) T(open=1 conv=0x10) G(open=0 conv=0x00) comp="" tail="kkkkkkkk"
    差分 (前→+100ms): Δ comp:Some("k")→Some("")   (前→+400ms): Δ comp:Some("k")→Some("")
[03:11:33.830Z] KEY [SCRIPT 10/10 ひらがなキー 期待=かなに戻る(後片付け)] ひらがな(0xF2) vk=0xF2 scan=0x70 press=03:11:33.332Z (auto)  状態=IME ON・入力なし
    前     : A(open=1 conv=0x10) B(open=1 conv=0x10) T(open=1 conv=0x10) G(open=0 conv=0x00) comp="" tail="kkkkkkkk"
    +100ms: A(open=1 conv=0x19) B(open=1 conv=0x19) T(open=1 conv=0x19) G(open=0 conv=0x00) comp="" tail="kkkkkkkk"
    +400ms: A(open=1 conv=0x19) B(open=1 conv=0x19) T(open=1 conv=0x19) G(open=0 conv=0x00) comp="き" tail="kkkkkkkk"
    差分 (前→+100ms): Δ conv A:0x10→0x19 B:0x10→0x19 / tsf-thread open:1→1 conv:0x10→0x19   (前→+400ms): Δ conv A:0x10→0x19 B:0x10→0x19 / tsf-thread open:1→1 conv:0x10→0x19 / comp:Some("")→Some("き")
[03:11:34.391Z] KEY [準備/その他] ESC vk=0x1B scan=0x01 press=03:11:33.892Z (auto)  状態=IME ON・入力中
    前     : A(open=1 conv=0x19) B(open=1 conv=0x19) T(open=1 conv=0x19) G(open=0 conv=0x00) comp="き" tail="kkkkkkkk"
    +100ms: A(open=1 conv=0x19) B(open=1 conv=0x19) T(open=1 conv=0x19) G(open=0 conv=0x00) comp="" tail="kkkkkkkk"
    +400ms: A(open=1 conv=0x19) B(open=1 conv=0x19) T(open=1 conv=0x19) G(open=0 conv=0x00) comp="" tail="kkkkkkkk"
    差分 (前→+100ms): Δ comp:Some("き")→Some("")   (前→+400ms): Δ comp:Some("き")→Some("")
[RUN 11/12 完了]
[RUN 12/12 開始]
[03:11:37.829Z] KEY [SCRIPT 1/10 ひらがなキー 期待=ONのまま半角英数へ(conv 0x10)。Engine OFF(決定3保留のため遅延の可能性あり)] ひらがな(0xF2) vk=0xF2 scan=0x70 press=03:11:37.331Z (auto)  状態=IME ON・入力なし
    前     : A(open=1 conv=0x19) B(open=1 conv=0x19) T(open=1 conv=0x19) G(open=0 conv=0x00) comp="" tail="kkkkkkkk"
    +100ms: A(open=1 conv=0x10) B(open=1 conv=0x10) T(open=1 conv=0x10) G(open=0 conv=0x00) comp="" tail="kkkkkkkk"
    +400ms: A(open=1 conv=0x10) B(open=1 conv=0x10) T(open=1 conv=0x10) G(open=0 conv=0x00) comp="k" tail="kkkkkkkk"
    差分 (前→+100ms): Δ conv A:0x19→0x10 B:0x19→0x10 / tsf-thread open:1→1 conv:0x19→0x10   (前→+400ms): Δ conv A:0x19→0x10 B:0x19→0x10 / tsf-thread open:1→1 conv:0x19→0x10 / comp:Some("")→Some("k")
[03:11:38.394Z] KEY [準備/その他] ESC vk=0x1B scan=0x01 press=03:11:37.890Z (auto)  状態=IME ON・入力中
    前     : A(open=1 conv=0x10) B(open=1 conv=0x10) T(open=1 conv=0x10) G(open=0 conv=0x00) comp="k" tail="kkkkkkkk"
    +100ms: A(open=1 conv=0x10) B(open=1 conv=0x10) T(open=1 conv=0x10) G(open=0 conv=0x00) comp="" tail="kkkkkkkk"
    +400ms: A(open=1 conv=0x10) B(open=1 conv=0x10) T(open=1 conv=0x10) G(open=0 conv=0x00) comp="" tail="kkkkkkkk"
    差分 (前→+100ms): Δ comp:Some("k")→Some("")   (前→+400ms): Δ comp:Some("k")→Some("")
[03:11:40.950Z] KEY [SCRIPT 2/10 無変換 期待=IME OFF(直接入力)。Engine OFF] 無変換 vk=0x1D scan=0x7B press=03:11:40.450Z (auto)  状態=IME ON・入力なし
    前     : A(open=1 conv=0x10) B(open=1 conv=0x10) T(open=1 conv=0x10) G(open=0 conv=0x00) comp="" tail="kkkkkkkk"
    +100ms: A(open=0 conv=0x10) B(open=0 conv=0x10) T(open=0 conv=0x10) G(open=0 conv=0x00) comp="" tail="kkkkkkkk"
    +400ms: A(open=0 conv=0x10) B(open=0 conv=0x10) T(open=0 conv=0x10) G(open=0 conv=0x00) comp="" tail="kkkkkkkk"
    差分 (前→+100ms): Δ open A:1→0 B:1→0 / tsf-thread open:1→0 conv:0x10→0x10   (前→+400ms): Δ open A:1→0 B:1→0 / tsf-thread open:1→0 conv:0x10→0x10
[03:11:41.523Z] KEY [準備/その他] ESC vk=0x1B scan=0x01 press=03:11:41.013Z (auto)  状態=直接入力
    前     : A(open=0 conv=0x10) B(open=0 conv=0x10) T(open=0 conv=0x10) G(open=0 conv=0x00) comp="" tail="kkkkkkkk"
    +100ms: A(open=0 conv=0x10) B(open=0 conv=0x10) T(open=0 conv=0x10) G(open=0 conv=0x00) comp="" tail="kkkkkkkk"
    +400ms: A(open=0 conv=0x10) B(open=0 conv=0x10) T(open=0 conv=0x10) G(open=0 conv=0x00) comp="" tail="kkkkkkkk"
    差分 (前→+100ms): Δなし   (前→+400ms): Δなし
[03:11:44.135Z] KEY [SCRIPT 3/10 無変換 期待=IME ON・半角英数のまま(conv 0x10)。Engine は OFF のまま ← 決定2の核心] 無変換 vk=0x1D scan=0x7B press=03:11:43.637Z (auto)  状態=直接入力
    前     : A(open=0 conv=0x10) B(open=0 conv=0x10) T(open=0 conv=0x10) G(open=0 conv=0x00) comp="" tail="kkkkkkkk"
    +100ms: A(open=1 conv=0x10) B(open=1 conv=0x10) T(open=1 conv=0x10) G(open=0 conv=0x00) comp="" tail="kkkkkkkk"
    +400ms: A(open=1 conv=0x10) B(open=1 conv=0x10) T(open=1 conv=0x10) G(open=0 conv=0x00) comp="k" tail="kkkkkkkk"
    差分 (前→+100ms): Δ open A:0→1 B:0→1 / tsf-thread open:0→1 conv:0x10→0x10   (前→+400ms): Δ open A:0→1 B:0→1 / tsf-thread open:0→1 conv:0x10→0x10 / comp:Some("")→Some("k")
[03:11:44.711Z] KEY [準備/その他] ESC vk=0x1B scan=0x01 press=03:11:44.200Z (auto)  状態=IME ON・入力中
    前     : A(open=1 conv=0x10) B(open=1 conv=0x10) T(open=1 conv=0x10) G(open=0 conv=0x00) comp="k" tail="kkkkkkkk"
    +100ms: A(open=1 conv=0x10) B(open=1 conv=0x10) T(open=1 conv=0x10) G(open=0 conv=0x00) comp="" tail="kkkkkkkk"
    +400ms: A(open=1 conv=0x10) B(open=1 conv=0x10) T(open=1 conv=0x10) G(open=0 conv=0x00) comp="" tail="kkkkkkkk"
    差分 (前→+100ms): Δ comp:Some("k")→Some("")   (前→+400ms): Δ comp:Some("k")→Some("")
[03:11:47.283Z] KEY [SCRIPT 4/10 ひらがなキー 期待=かなに戻る(conv 0x19)。Engine ON(遅延の可能性あり)] ひらがな(0xF2) vk=0xF2 scan=0x70 press=03:11:46.782Z (auto)  状態=IME ON・入力なし
    前     : A(open=1 conv=0x10) B(open=1 conv=0x10) T(open=1 conv=0x10) G(open=0 conv=0x00) comp="" tail="kkkkkkkk"
    +100ms: A(open=1 conv=0x19) B(open=1 conv=0x19) T(open=1 conv=0x19) G(open=0 conv=0x00) comp="" tail="kkkkkkkk"
    +400ms: A(open=1 conv=0x19) B(open=1 conv=0x19) T(open=1 conv=0x19) G(open=0 conv=0x00) comp="き" tail="kkkkkkkk"
    差分 (前→+100ms): Δ conv A:0x10→0x19 B:0x10→0x19 / tsf-thread open:1→1 conv:0x10→0x19   (前→+400ms): Δ conv A:0x10→0x19 B:0x10→0x19 / tsf-thread open:1→1 conv:0x10→0x19 / comp:Some("")→Some("き")
[03:11:47.842Z] KEY [準備/その他] ESC vk=0x1B scan=0x01 press=03:11:47.342Z (auto)  状態=IME ON・入力中
    前     : A(open=1 conv=0x19) B(open=1 conv=0x19) T(open=1 conv=0x19) G(open=0 conv=0x00) comp="き" tail="kkkkkkkk"
    +100ms: A(open=1 conv=0x19) B(open=1 conv=0x19) T(open=1 conv=0x19) G(open=0 conv=0x00) comp="" tail="kkkkkkkk"
    +400ms: A(open=1 conv=0x19) B(open=1 conv=0x19) T(open=1 conv=0x19) G(open=0 conv=0x00) comp="" tail="kkkkkkkk"
    差分 (前→+100ms): Δ comp:Some("き")→Some("")   (前→+400ms): Δ comp:Some("き")→Some("")
[03:11:50.407Z] KEY [SCRIPT 5/10 無変換 期待=IME OFF。Engine OFF] 無変換 vk=0x1D scan=0x7B press=03:11:49.908Z (auto)  状態=IME ON・入力なし
    前     : A(open=1 conv=0x19) B(open=1 conv=0x19) T(open=1 conv=0x19) G(open=0 conv=0x00) comp="" tail="kkkkkkkk"
    +100ms: A(open=0 conv=0x19) B(open=0 conv=0x19) T(open=0 conv=0x19) G(open=0 conv=0x00) comp="" tail="kkkkkkkk"
    +400ms: A(open=0 conv=0x19) B(open=0 conv=0x19) T(open=0 conv=0x19) G(open=0 conv=0x00) comp="" tail="kkkkkkkk"
    差分 (前→+100ms): Δ open A:1→0 B:1→0 / tsf-thread open:1→0 conv:0x19→0x19   (前→+400ms): Δ open A:1→0 B:1→0 / tsf-thread open:1→0 conv:0x19→0x19
[03:11:50.972Z] KEY [準備/その他] ESC vk=0x1B scan=0x01 press=03:11:50.469Z (auto)  状態=直接入力
    前     : A(open=0 conv=0x19) B(open=0 conv=0x19) T(open=0 conv=0x19) G(open=0 conv=0x00) comp="" tail="kkkkkkkk"
    +100ms: A(open=0 conv=0x19) B(open=0 conv=0x19) T(open=0 conv=0x19) G(open=0 conv=0x00) comp="" tail="kkkkkkkk"
    +400ms: A(open=0 conv=0x19) B(open=0 conv=0x19) T(open=0 conv=0x19) G(open=0 conv=0x00) comp="" tail="kkkkkkkk"
    差分 (前→+100ms): Δなし   (前→+400ms): Δなし
[03:11:51.034Z] KEY [準備/その他] ESC vk=0x1B scan=0x01 press=03:11:50.531Z (injected)  状態=直接入力
    前     : A(open=0 conv=0x19) B(open=0 conv=0x19) T(open=0 conv=0x19) G(open=0 conv=0x00) comp="" tail="kkkkkkkk"
    +100ms: A(open=0 conv=0x19) B(open=0 conv=0x19) T(open=0 conv=0x19) G(open=0 conv=0x00) comp="" tail="kkkkkkkk"
    +400ms: A(open=0 conv=0x19) B(open=0 conv=0x19) T(open=0 conv=0x19) G(open=0 conv=0x00) comp="" tail="kkkkkkkk"
    差分 (前→+100ms): Δなし   (前→+400ms): Δなし
[03:11:53.593Z] KEY [SCRIPT 6/10 無変換 期待=IME ON(かな)。Engine ON] 無変換 vk=0x1D scan=0x7B press=03:11:53.028Z (auto)  状態=直接入力
    前     : A(open=0 conv=0x19) B(open=0 conv=0x19) T(open=0 conv=0x19) G(open=0 conv=0x00) comp="" tail="kkkkkkkk"
    +100ms: A(open=1 conv=0x19) B(open=1 conv=0x19) T(open=1 conv=0x19) G(open=0 conv=0x00) comp="" tail="kkkkkkkk"
    +400ms: A(open=1 conv=0x19) B(open=1 conv=0x19) T(open=1 conv=0x19) G(open=0 conv=0x00) comp="き" tail="kkkkkkkk"
    差分 (前→+100ms): Δ open A:0→1 B:0→1 / tsf-thread open:0→1 conv:0x19→0x19   (前→+400ms): Δ open A:0→1 B:0→1 / tsf-thread open:0→1 conv:0x19→0x19 / comp:Some("")→Some("き")
[03:11:54.054Z] KEY [準備/その他] ESC vk=0x1B scan=0x01 press=03:11:53.597Z (auto)  状態=IME ON・入力中
    前     : A(open=1 conv=0x19) B(open=1 conv=0x19) T(open=1 conv=0x19) G(open=0 conv=0x00) comp="き" tail="kkkkkkkk"
    +100ms: A(open=1 conv=0x19) B(open=1 conv=0x19) T(open=1 conv=0x19) G(open=0 conv=0x00) comp="" tail="kkkkkkkk"
    +400ms: A(open=1 conv=0x19) B(open=1 conv=0x19) T(open=1 conv=0x19) G(open=0 conv=0x00) comp="" tail="kkkkkkkk"
    差分 (前→+100ms): Δ comp:Some("き")→Some("")   (前→+400ms): Δ comp:Some("き")→Some("")
[03:11:56.670Z] KEY [SCRIPT 7/10 ひらがなキー 期待=ONのまま半角英数へ。Engine は(遅延で)OFF] ひらがな(0xF2) vk=0xF2 scan=0x70 press=03:11:56.177Z (auto)  状態=IME ON・入力なし
    前     : A(open=1 conv=0x19) B(open=1 conv=0x19) T(open=1 conv=0x19) G(open=0 conv=0x00) comp="" tail="kkkkkkkk"
    +100ms: A(open=1 conv=0x10) B(open=1 conv=0x10) T(open=1 conv=0x10) G(open=0 conv=0x00) comp="" tail="kkkkkkkk"
    +400ms: A(open=1 conv=0x10) B(open=1 conv=0x10) T(open=1 conv=0x10) G(open=0 conv=0x00) comp="k" tail="kkkkkkkk"
    差分 (前→+100ms): Δ conv A:0x19→0x10 B:0x19→0x10 / tsf-thread open:1→1 conv:0x19→0x10   (前→+400ms): Δ conv A:0x19→0x10 B:0x19→0x10 / tsf-thread open:1→1 conv:0x19→0x10 / comp:Some("")→Some("k")
[03:11:57.228Z] KEY [準備/その他] ESC vk=0x1B scan=0x01 press=03:11:56.736Z (auto)  状態=IME ON・入力中
    前     : A(open=1 conv=0x10) B(open=1 conv=0x10) T(open=1 conv=0x10) G(open=0 conv=0x00) comp="k" tail="kkkkkkkk"
    +100ms: A(open=1 conv=0x10) B(open=1 conv=0x10) T(open=1 conv=0x10) G(open=0 conv=0x00) comp="" tail="kkkkkkkk"
    +400ms: A(open=1 conv=0x10) B(open=1 conv=0x10) T(open=1 conv=0x10) G(open=0 conv=0x00) comp="" tail="kkkkkkkk"
    差分 (前→+100ms): Δ comp:Some("k")→Some("")   (前→+400ms): Δ comp:Some("k")→Some("")
[03:11:59.803Z] KEY [SCRIPT 8/10 無変換 期待=IME OFF。Engine OFF] 無変換 vk=0x1D scan=0x7B press=03:11:59.303Z (auto)  状態=IME ON・入力なし
    前     : A(open=1 conv=0x10) B(open=1 conv=0x10) T(open=1 conv=0x10) G(open=0 conv=0x00) comp="" tail="kkkkkkkk"
    +100ms: A(open=0 conv=0x10) B(open=0 conv=0x10) T(open=0 conv=0x10) G(open=0 conv=0x00) comp="" tail="kkkkkkkk"
    +400ms: A(open=0 conv=0x10) B(open=0 conv=0x10) T(open=0 conv=0x10) G(open=0 conv=0x00) comp="" tail="kkkkkkkk"
    差分 (前→+100ms): Δ open A:1→0 B:1→0 / tsf-thread open:1→0 conv:0x10→0x10   (前→+400ms): Δ open A:1→0 B:1→0 / tsf-thread open:1→0 conv:0x10→0x10
[03:12:00.361Z] KEY [準備/その他] ESC vk=0x1B scan=0x01 press=03:11:59.863Z (auto)  状態=直接入力
    前     : A(open=0 conv=0x10) B(open=0 conv=0x10) T(open=0 conv=0x10) G(open=0 conv=0x00) comp="" tail="kkkkkkkk"
    +100ms: A(open=0 conv=0x10) B(open=0 conv=0x10) T(open=0 conv=0x10) G(open=0 conv=0x00) comp="" tail="kkkkkkkk"
    +400ms: A(open=0 conv=0x10) B(open=0 conv=0x10) T(open=0 conv=0x10) G(open=0 conv=0x00) comp="" tail="kkkkkkkk"
    差分 (前→+100ms): Δなし   (前→+400ms): Δなし
[03:12:02.980Z] KEY [SCRIPT 9/10 無変換 期待=IME ON・半角英数のまま。Engine が ON にならないこと ← 退行窓の確認] 無変換 vk=0x1D scan=0x7B press=03:12:02.483Z (auto)  状態=直接入力
    前     : A(open=0 conv=0x10) B(open=0 conv=0x10) T(open=0 conv=0x10) G(open=0 conv=0x00) comp="" tail="kkkkkkkk"
    +100ms: A(open=1 conv=0x10) B(open=1 conv=0x10) T(open=1 conv=0x10) G(open=0 conv=0x00) comp="" tail="kkkkkkkk"
    +400ms: A(open=1 conv=0x10) B(open=1 conv=0x10) T(open=1 conv=0x10) G(open=0 conv=0x00) comp="k" tail="kkkkkkkk"
    差分 (前→+100ms): Δ open A:0→1 B:0→1 / tsf-thread open:0→1 conv:0x10→0x10   (前→+400ms): Δ open A:0→1 B:0→1 / tsf-thread open:0→1 conv:0x10→0x10 / comp:Some("")→Some("k")
[03:12:03.545Z] KEY [準備/その他] ESC vk=0x1B scan=0x01 press=03:12:03.041Z (auto)  状態=IME ON・入力中
    前     : A(open=1 conv=0x10) B(open=1 conv=0x10) T(open=1 conv=0x10) G(open=0 conv=0x00) comp="k" tail="kkkkkkkk"
    +100ms: A(open=1 conv=0x10) B(open=1 conv=0x10) T(open=1 conv=0x10) G(open=0 conv=0x00) comp="" tail="kkkkkkkk"
    +400ms: A(open=1 conv=0x10) B(open=1 conv=0x10) T(open=1 conv=0x10) G(open=0 conv=0x00) comp="" tail="kkkkkkkk"
    差分 (前→+100ms): Δ comp:Some("k")→Some("")   (前→+400ms): Δ comp:Some("k")→Some("")
[03:12:06.129Z] KEY [SCRIPT 10/10 ひらがなキー 期待=かなに戻る(後片付け)] ひらがな(0xF2) vk=0xF2 scan=0x70 press=03:12:05.633Z (auto)  状態=IME ON・入力なし
    前     : A(open=1 conv=0x10) B(open=1 conv=0x10) T(open=1 conv=0x10) G(open=0 conv=0x00) comp="" tail="kkkkkkkk"
    +100ms: A(open=1 conv=0x19) B(open=1 conv=0x19) T(open=1 conv=0x19) G(open=0 conv=0x00) comp="" tail="kkkkkkkk"
    +400ms: A(open=1 conv=0x19) B(open=1 conv=0x19) T(open=1 conv=0x19) G(open=0 conv=0x00) comp="き" tail="kkkkkkkk"
    差分 (前→+100ms): Δ conv A:0x10→0x19 B:0x10→0x19 / tsf-thread open:1→1 conv:0x10→0x19   (前→+400ms): Δ conv A:0x10→0x19 B:0x10→0x19 / tsf-thread open:1→1 conv:0x10→0x19 / comp:Some("")→Some("き")
[03:12:06.690Z] KEY [準備/その他] ESC vk=0x1B scan=0x01 press=03:12:06.192Z (auto)  状態=IME ON・入力中
    前     : A(open=1 conv=0x19) B(open=1 conv=0x19) T(open=1 conv=0x19) G(open=0 conv=0x00) comp="き" tail="kkkkkkkk"
    +100ms: A(open=1 conv=0x19) B(open=1 conv=0x19) T(open=1 conv=0x19) G(open=0 conv=0x00) comp="" tail="kkkkkkkk"
    +400ms: A(open=1 conv=0x19) B(open=1 conv=0x19) T(open=1 conv=0x19) G(open=0 conv=0x00) comp="" tail="kkkkkkkk"
    差分 (前→+100ms): Δ comp:Some("き")→Some("")   (前→+400ms): Δ comp:Some("き")→Some("")
[RUN 12/12 完了]
[AUTO] 全手順完了（1.5秒後に自動で閉じます）
[RUN 13/12 完了]
[RUN 14/12 完了]
[RUN 15/12 完了]
[RUN 16/12 完了]
[RUN 17/12 完了]
[RUN 18/12 完了]
[RUN 19/12 完了]
[RUN 20/12 完了]
[RUN 21/12 完了]
[RUN 22/12 完了]
[RUN 23/12 完了]
[RUN 24/12 完了]
[RUN 25/12 完了]
[RUN 26/12 完了]
[RUN 27/12 完了]
[RUN 28/12 完了]
[RUN 29/12 完了]
[RUN 30/12 完了]
[RUN 31/12 完了]
[RUN 32/12 完了]
[RUN 33/12 完了]
[RUN 34/12 完了]
[RUN 35/12 完了]
script error: Output type incorrect: bool (expecting ())
