2026-09-21T03:23:34.873654Z  INFO awase_windows::app::bootstrap: Keyboard Layout Emulator starting... (log → C:\Users\cuzic\scoop\persist\msys2\home\cuzic\awase\target\debug\awase.log)
2026-09-21T03:23:34.873888Z  WARN awase_windows::app::bootstrap: Running without administrator privileges — keyboard hook will not work in elevated windows (e.g. Task Manager)
2026-09-21T03:23:34.874048Z DEBUG awase::paths: is_dev_build: true (current_exe ancestry contains a directory named "target"; ADR-178 self-heal is disabled for this process)
2026-09-21T03:23:34.874194Z  INFO awase_windows::app: Loading config from: C:\Users\cuzic\scoop\persist\msys2\home\cuzic\awase\config.toml
2026-09-21T03:23:34.875428Z  INFO awase_windows::app: Default layout: nicola_keytop.yab, Threshold: 100ms
2026-09-21T03:23:34.875626Z DEBUG awase::paths: is_dev_build: true (current_exe ancestry contains a directory named "target"; ADR-178 self-heal is disabled for this process)
2026-09-21T03:23:34.876749Z  INFO awase_windows::app::bootstrap: Discovered layout: nicola (C:\Users\cuzic\scoop\persist\msys2\home\cuzic\awase\layout\nicola.yab)
2026-09-21T03:23:34.877698Z  INFO awase_windows::app::bootstrap: Discovered layout: nicola_f (C:\Users\cuzic\scoop\persist\msys2\home\cuzic\awase\layout\nicola_f.yab)
2026-09-21T03:23:34.878727Z  INFO awase_windows::app::bootstrap: Discovered layout: nicola_kakutei (C:\Users\cuzic\scoop\persist\msys2\home\cuzic\awase\layout\nicola_kakutei.yab)
2026-09-21T03:23:34.879570Z  INFO awase_windows::app::bootstrap: Discovered layout: nicola_kb232 (C:\Users\cuzic\scoop\persist\msys2\home\cuzic\awase\layout\nicola_kb232.yab)
2026-09-21T03:23:34.880451Z  INFO awase_windows::app::bootstrap: Discovered layout: nicola_keytop (C:\Users\cuzic\scoop\persist\msys2\home\cuzic\awase\layout\nicola_keytop.yab)
2026-09-21T03:23:34.881251Z  INFO awase_windows::app::bootstrap: Discovered layout: nicola_us (C:\Users\cuzic\scoop\persist\msys2\home\cuzic\awase\layout\nicola_us.yab)
2026-09-21T03:23:34.881351Z  INFO awase_windows::app::bootstrap: Available layouts: ["nicola", "nicola_f", "nicola_kakutei", "nicola_kb232", "nicola_keytop", "nicola_us"]
2026-09-21T03:23:34.881459Z  INFO awase_windows::app::bootstrap: Layout loaded: 48 normal keys, 48 left thumb keys, 48 right thumb keys
2026-09-21T03:23:34.881503Z  INFO awase_windows::app: Engine ON keys: ["Ctrl+Shift+変換"] (1 parsed)
2026-09-21T03:23:34.881516Z  INFO awase_windows::app: Engine OFF keys: ["Ctrl+Shift+無変換"] (1 parsed)
2026-09-21T03:23:34.881523Z  INFO awase_windows::app: IME control ON keys: ["Ctrl+変換"] (1 parsed)
2026-09-21T03:23:34.881530Z  INFO awase_windows::app: IME control OFF keys: ["Ctrl+無変換"] (1 parsed)
2026-09-21T03:23:34.881538Z  INFO awase_windows::app: IME control Toggle keys: ["VK_KANJI"] (1 parsed)
2026-09-21T03:23:34.881548Z  INFO awase_windows::app: IME detect keys: toggle=[] on=["IMEオン"] off=["IMEオフ"]
2026-09-21T03:23:34.889011Z  INFO awase_windows::app::bootstrap: Keyboard layout: LANGID=0x0411, Japanese=true
2026-09-21T03:23:34.908123Z  INFO awase_windows::tray: System tray icon created (elevated=false)
2026-09-21T03:23:35.109146Z DEBUG awase::journal: clock anchor seq=0 elapsed_ms=0 tick_ms=53026156 hook_us=0
2026-09-21T03:23:35.110872Z  INFO awase_windows::focus::classifier: Loaded IMM capability cache: 62 entries from C:\Users\cuzic\scoop\persist\msys2\home\cuzic\awase\target\debug\cache.toml
2026-09-21T03:23:35.181326Z  INFO awase_windows::app: N-gram model loaded from C:\Users\cuzic\scoop\persist\msys2\home\cuzic\awase\data/ngram_hiragana.csv.gz
2026-09-21T03:23:35.182264Z  INFO awase_windows::hook: Keyboard hook installed in dedicated thread (tid=21496)
2026-09-21T03:23:35.182307Z  INFO awase_windows::app::bootstrap: Toggle hotkey registered: Ctrl+Shift+F12
2026-09-21T03:23:35.182313Z  INFO awase_windows::app::bootstrap: Focus override hotkey registered: Ctrl+Shift+F11
2026-09-21T03:23:35.182319Z  INFO awase_windows::app::bootstrap: Hook installed. Running message loop...
2026-09-21T03:23:35.182332Z  INFO awase_windows::app::bootstrap: Focus event hook installed
2026-09-21T03:23:35.182351Z  INFO awase_windows::tsf::win_event_obs: [obs-hook] OBJECT_SHOW/HIDE hook installed (GJI candidate window visibility tracking)
2026-09-21T03:23:35.182359Z  INFO awase_windows::tsf::win_event_obs: [obs-hook] EVENT_OBJECT_IME_SHOW/HIDE/CHANGE hook installed (Chrome TSF composition context probe)
2026-09-21T03:23:35.183167Z  INFO awase_windows::tsf::gji_monitor: [gji-monitor] thread started
2026-09-21T03:23:35.183953Z  INFO awase_windows::app::bootstrap: WTS session notification registered
2026-09-21T03:23:35.185015Z  INFO awase_windows::runtime::focus_tracking: AppKind changed: Win32 → TsfNative (class=Chrome_WidgetWin_1)
2026-09-21T03:23:35.187132Z DEBUG awase::journal: focus transition seq=1 elapsed_ms=78 changed_process=true changed_window=true changed_app_kind=true changed_focus_kind=false dwell_ms=0 profile="Imm32Unavailable"
2026-09-21T03:23:35.187164Z DEBUG awase_windows::tsf::probe: [composition] focus changed → marked cold
2026-09-21T03:23:35.187177Z DEBUG awase_windows::runtime: [keymap] active rules recomputed: 0 rule(s) for process="msedge.exe"
2026-09-21T03:23:35.187187Z DEBUG awase_windows::runtime::focus_tracking: [keymap] active rules updated on focus change: 0 rule(s) (hwnd=HWND(0x708da) kind=Undetermined focus_epoch=1)
2026-09-21T03:23:35.187196Z DEBUG awase_windows::runtime::focus_tracking: [focus-fence] bootstrap initial fence: FocusFence { epoch: 1, hwnd: HwndId(461018) }
2026-09-21T03:23:35.187277Z DEBUG reduce: awase_windows::state::observation_store: [focus-fence] establish_initial_fence: FocusFence { epoch: 0, hwnd: HwndId(0) } -> FocusFence { epoch: 1, hwnd: HwndId(461018) }
2026-09-21T03:23:35.187302Z DEBUG awase::journal: ime event seq=2 elapsed_ms=78 event_kind="InitialFocusFenceEstablished"
2026-09-21T03:23:35.187310Z DEBUG awase_windows::runtime::focus_tracking: [app-policy] bootstrap initial app_policy: profile=Imm32Unavailable
2026-09-21T03:23:35.187323Z DEBUG awase::journal: ime event seq=3 elapsed_ms=78 event_kind="InitialAppPolicyEstablished"
2026-09-21T03:23:35.187329Z DEBUG awase_windows::runtime::focus_tracking: [focus] bootstrap initial current_focus: HwndId(461018)
2026-09-21T03:23:35.187338Z DEBUG awase::journal: ime event seq=4 elapsed_ms=78 event_kind="InitialFocusHwndEstablished"
2026-09-21T03:23:35.188186Z  INFO awase_windows::tsf::tip_detector: [tip-detect] ── EnumProfiles(JA) start ──
2026-09-21T03:23:35.188270Z  INFO awase_windows::tsf::tip_detector: [tip-detect] HKL clsid={00000000-0000-0000-0000-000000000000} profile={00000000-0000-0000-0000-000000000000} lang=0411 desc=""
2026-09-21T03:23:35.188964Z  INFO awase_windows::tsf::tip_detector: [tip-detect] TIP clsid={03B5835F-F03C-411B-9CE2-AA23E1171E36} profile={A76C93D9-5523-4E90-AAFA-4DB112F9AC76} lang=0411 desc="Microsoft IME"
2026-09-21T03:23:35.189434Z DEBUG awase_windows::runtime::ime_refresh: Skipping IMM query for known-broken class (shadow state SSOT)
2026-09-21T03:23:35.189441Z  INFO awase_windows::tsf::tip_detector: [tip-detect] TIP clsid={8F2C1A6E-3D47-4B8A-9E12-5A6F7C8D9E0F} profile={1B3D5F7A-9C2E-4F6B-8A1D-3E5F7A9C2E4F} lang=0411 desc="awaza"
2026-09-21T03:23:35.189471Z  INFO awase::engine::engine: Engine activated (ime=true, romaji=true, japanese=true, user=true, reason=Active)
2026-09-21T03:23:35.189808Z  INFO awase_windows::tsf::tip_detector: [tip-detect] TIP clsid={D5A86FD5-5308-47EA-AD16-9C4EB160EC3C} profile={773EB24E-CA1D-4B1B-B420-FA985BB0B80D} lang=0411 desc="Google 日本語入力"
2026-09-21T03:23:35.194014Z DEBUG execute_from_loop:execute_one{generation=None}:dispatch_ime_set_open{open=true generation=None}: awase_windows::runtime::executor: [dispatch-ime] belief: effective=false confident=false conv=None (profile=Imm32Unavailable)
2026-09-21T03:23:35.194046Z DEBUG execute_from_loop:execute_one{generation=None}:dispatch_ime_set_open{open=true generation=None}: awase_windows::ime_controller: [warrant-shadow] chain=sync open=true origin=EventOrigin { source: SelfActuated { strategy: "engine_decision_sync" }, epoch: Generation(0)
2026-09-21T03:23:35.194434Z  INFO awase_windows::tsf::tip_detector: [tip-detect] TIP clsid={8613E14C-D0C0-4161-AC0F-1DD2563286BC} profile={B37D4237-8D1A-412E-9026-538FE16DF216} lang=0000 desc="タッチ入力修正機能"
2026-09-21T03:23:35.194766Z  INFO awase_windows::tsf::tip_detector: [tip-detect] TIP clsid={F25E9F57-2FC8-4EB3-A41A-CCE5F08541E6} profile={F2510000-2FC8-4EB3-A41A-CCE5F08541E6} lang=0000 desc="タッチ入力テキストの挿入"
2026-09-21T03:23:35.194881Z  INFO awase_windows::tsf::tip_detector: [tip-detect] TIP clsid={FA445657-9379-11D6-B41A-00065B83EE53} profile={38445657-9381-11D6-B41A-00065B83EE53} lang=0000 desc="Ink Correction"
2026-09-21T03:23:35.195147Z  INFO execute_from_loop:execute_one{generation=None}:dispatch_ime_set_open{open=true generation=None}:apply_mechanism{mechanism=MsImeDirect open=true profile=Imm32Unavailable focus_gen=0}: awase_windows::ime_controller: [apply-ime] MS-IME direct: send 0x0016 (IME ON) comp
2026-09-21T03:23:35.195169Z DEBUG execute_from_loop:execute_one{generation=None}:dispatch_ime_set_open{open=true generation=None}:apply_mechanism{mechanism=MsImeDirect open=true profile=Imm32Unavailable focus_gen=0}: awase_windows::ime: [ime-mode] SendInput vk=0x16 release(ctrl=false shift=false alt
2026-09-21T03:23:35.195197Z DEBUG execute_from_loop:execute_one{generation=None}:dispatch_ime_set_open{open=true generation=None}:apply_mechanism{mechanism=MsImeDirect open=true profile=Imm32Unavailable focus_gen=0}: awase_windows::shadow_send_trace: [shadow-send] channel=SendInput kind=kanji_marker
2026-09-21T03:23:35.195337Z  INFO awase_windows::tsf::tip_detector: [tip-detect] TIP clsid={DCBD6FA8-032F-11D3-B5B1-00C04FC324A1} profile={6A114E62-E11B-447F-9A58-2D354F5C9204} lang=0000 desc="音声認識"
2026-09-21T03:23:35.195363Z  INFO awase_windows::tsf::tip_detector: [tip-detect] ── EnumProfiles(JA) end ──
2026-09-21T03:23:35.195326Z DEBUG awase_windows::hook: [hook] IME-mode vk=0x16 down self_injected=true injected=true scan=0x0 extra=0x4B45594A since_actuation_us=Some(107)
2026-09-21T03:23:35.196366Z DEBUG awase_windows::hook: [hook] IME-mode vk=0x16 up self_injected=true injected=true scan=0x0 extra=0x4B45594A since_actuation_us=Some(1174)
2026-09-21T03:23:35.196379Z  INFO awase_windows::tsf::tip_detector: [tip-detect] GJI CLSID discovered: {D5A86FD5-5308-47EA-AD16-9C4EB160EC3C}
2026-09-21T03:23:35.196425Z  INFO awase_windows::tsf::gji_monitor: [tip-detect] initial IME kind: GoogleJapaneseInput
2026-09-21T03:23:35.197436Z DEBUG execute_from_loop:execute_one{generation=None}:dispatch_ime_set_open{open=true generation=None}: awase_windows::platform: [apply-ime] open=true eff=false conf=false → outcome=Applied
2026-09-21T03:23:35.197553Z DEBUG execute_from_loop:execute_one{generation=None}:dispatch_ime_set_open{open=true generation=None}: awase::journal: actuation decision seq=5 elapsed_ms=88 site="Sync" caller="DispatchImeSetOpen" open=true chain_len=1 attempts_len=1 gate_profile="Imm32Unavailable" gate_
2026-09-21T03:23:35.199226Z DEBUG execute_from_loop:execute_one{generation=None}: awase_windows::platform: [engine-state-key] suppressed (polling/focus-triggered, enabled=true)
2026-09-21T03:23:35.199332Z DEBUG on_ime_apply_complete{open=true outcome=Applied generation=None reason=EngineDecision}: awase::journal: ime open applied seq=6 elapsed_ms=90 open=true outcome="Applied" reason="EngineDecision"
2026-09-21T03:23:35.199390Z DEBUG on_ime_apply_complete{open=true outcome=Applied generation=None reason=EngineDecision}: awase_windows::tsf::ime_mode_fsm: [ime-mode] SetOpen(true) applied → Hiragana (belief, unconfirmed)
2026-09-21T03:23:35.199412Z DEBUG on_ime_apply_complete{open=true outcome=Applied generation=None reason=EngineDecision}: awase_windows::platform: [composition] ImeEffect::SetOpen(true) → marking cold
2026-09-21T03:23:35.199422Z DEBUG on_ime_apply_complete{open=true outcome=Applied generation=None reason=EngineDecision}: awase_windows::tsf::probe: [composition] marked cold reason=SetOpenTrue idle=18446744073709551615ms → next VK/TSF output will send VK_DBE_HIRAGANA warmup
2026-09-21T03:23:35.199499Z DEBUG on_ime_apply_complete{open=true outcome=Applied generation=None reason=EngineDecision}:gji_on_event{event=ImeOn { injection_mode: Vk, gji_idle_ms: 53026250 }}: awase_windows::tsf::gji_fsm: [gji-fsm] ImeOn gji_idle=53026250ms → Long
2026-09-21T03:23:35.199533Z DEBUG on_ime_apply_complete{open=true outcome=Applied generation=None reason=EngineDecision}: awase_windows::platform: [gji-fsm] StartProbe probe_id=ProbeId(0) forces_f2=true long=true
2026-09-21T03:23:35.199619Z  INFO awase_windows::runtime::message_handlers: [runtime] IME kind sync (startup pull sync): GoogleJapaneseInput (detected=true)
2026-09-21T03:23:35.199634Z  INFO awase_windows::output::tsf_warmup_coord: [output] Switching warmup strategy → GjiFsm (GJI detected)
2026-09-21T03:23:35.199650Z DEBUG awase_windows::runtime::message_handlers: [runtime] GJI warmup FSM sync: applied_open=true → ImeOn
2026-09-21T03:23:35.199743Z DEBUG gji_on_event{event=ImeOn { injection_mode: Vk, gji_idle_ms: 53026250 }}: awase_windows::tsf::gji_fsm: [gji-fsm] ImeOn gji_idle=53026250ms → Long
2026-09-21T03:23:35.199759Z DEBUG awase_windows::platform: [gji-fsm] StartProbe probe_id=ProbeId(0) forces_f2=true long=true
2026-09-21T03:23:35.199768Z DEBUG awase::journal: gji fsm transition seq=7 elapsed_ms=90 trigger="ImeOn(gji_idle_ms=53026250)" state_before="OffCold" state_after="OnCold(Long)"
2026-09-21T03:23:35.199781Z DEBUG awase::journal: tsf probe started seq=8 elapsed_ms=90 source="GjiAction::StartProbe" cold_seq=0 probe_id=0 probe_id_present=true gji_state="OnCold(Long)" consecutive_at_start=0 pending_deferred_len=0
2026-09-21T03:23:35.199791Z DEBUG awase::journal: gji fsm transition seq=9 elapsed_ms=90 trigger="ImeOn(gji_idle_ms=53026250)" state_before="OffCold" state_after="OnCold(Long)"
2026-09-21T03:23:35.199798Z DEBUG awase::journal: tsf probe started seq=10 elapsed_ms=90 source="GjiAction::StartProbe" cold_seq=0 probe_id=0 probe_id_present=true gji_state="OnCold(Long)" consecutive_at_start=0 pending_deferred_len=0
2026-09-21T03:23:35.199848Z DEBUG awase::journal: hook ime-mode diagnostic seq=11 elapsed_ms=90 vk_code=22 is_down=true self_injected=true injected=true scan=0
2026-09-21T03:23:35.199859Z DEBUG awase::journal: hook ime-mode diagnostic seq=12 elapsed_ms=90 vk_code=22 is_down=false self_injected=true injected=true scan=0
2026-09-21T03:23:35.200087Z  INFO awase_windows::runtime::message_handlers: [runtime] IME kind sync (WM_IME_KIND_CHANGED): GoogleJapaneseInput (detected=true)
2026-09-21T03:23:35.200111Z  INFO awase_windows::output::tsf_warmup_coord: [output] Switching warmup strategy → GjiFsm (GJI detected)
2026-09-21T03:23:35.200124Z DEBUG awase_windows::runtime::message_handlers: [runtime] GJI warmup FSM sync: applied_open=true → ImeOn
2026-09-21T03:23:35.200153Z DEBUG gji_on_event{event=ImeOn { injection_mode: Vk, gji_idle_ms: 53026250 }}: awase_windows::tsf::gji_fsm: [gji-fsm] ImeOn gji_idle=53026250ms → Long
2026-09-21T03:23:35.200185Z DEBUG awase_windows::platform: [gji-fsm] StartProbe probe_id=ProbeId(0) forces_f2=true long=true
2026-09-21T03:23:35.200199Z DEBUG awase::journal: gji fsm transition seq=13 elapsed_ms=91 trigger="ImeOn(gji_idle_ms=53026250)" state_before="OffCold" state_after="OnCold(Long)"
2026-09-21T03:23:35.200214Z DEBUG awase::journal: tsf probe started seq=14 elapsed_ms=91 source="GjiAction::StartProbe" cold_seq=0 probe_id=0 probe_id_present=true gji_state="OnCold(Long)" consecutive_at_start=0 pending_deferred_len=0
2026-09-21T03:23:35.206961Z DEBUG awase_windows::tsf::gji_monitor: [gji-monitor] found GJI process: GoogleIMEJaConverter.exe pid=10996
2026-09-21T03:23:35.207007Z  INFO awase_windows::tsf::gji_monitor: [gji-monitor] attached to GJI process (I/O monitoring enabled)
2026-09-21T03:23:35.709465Z DEBUG awase_windows::runtime::ime_refresh: Skipping IMM query for known-broken class (shadow state SSOT)
2026-09-21T03:23:36.225230Z DEBUG awase_windows::runtime::ime_refresh: Skipping IMM query for known-broken class (shadow state SSOT)
2026-09-21T03:23:36.739189Z DEBUG awase_windows::runtime::ime_refresh: Skipping IMM query for known-broken class (shadow state SSOT)
2026-09-21T03:23:37.238694Z DEBUG awase_windows::runtime::ime_refresh: Skipping IMM query for known-broken class (shadow state SSOT)
2026-09-21T03:23:37.740356Z DEBUG awase_windows::runtime::ime_refresh: Skipping IMM query for known-broken class (shadow state SSOT)
2026-09-21T03:23:38.248900Z DEBUG awase_windows::runtime::ime_refresh: Skipping IMM query for known-broken class (shadow state SSOT)
2026-09-21T03:23:38.746862Z DEBUG awase_windows::runtime::ime_refresh: Skipping IMM query for known-broken class (shadow state SSOT)
2026-09-21T03:23:39.247201Z DEBUG awase_windows::runtime::ime_refresh: Skipping IMM query for known-broken class (shadow state SSOT)
2026-09-21T03:23:39.751329Z DEBUG awase_windows::runtime::ime_refresh: Skipping IMM query for known-broken class (shadow state SSOT)
2026-09-21T03:23:40.253544Z DEBUG awase_windows::runtime::ime_refresh: Skipping IMM query for known-broken class (shadow state SSOT)
2026-09-21T03:23:40.755274Z DEBUG awase_windows::runtime::ime_refresh: Skipping IMM query for known-broken class (shadow state SSOT)
2026-09-21T03:23:41.186866Z  WARN awase_windows::runtime::message_handlers: Hook watchdog: no activity for 5984ms (OS全体の最終入力は5984ms前、OSも無操作のため単なるアイドルの可能性が高い)
2026-09-21T03:23:41.275205Z DEBUG awase_windows::runtime::ime_refresh: Skipping IMM query for known-broken class (shadow state SSOT)
2026-09-21T03:23:41.797260Z DEBUG awase_windows::runtime::ime_refresh: Skipping IMM query for known-broken class (shadow state SSOT)
2026-09-21T03:23:42.298595Z DEBUG awase_windows::runtime::ime_refresh: Skipping IMM query for known-broken class (shadow state SSOT)
2026-09-21T03:23:42.797288Z DEBUG awase_windows::runtime::ime_refresh: Skipping IMM query for known-broken class (shadow state SSOT)
2026-09-21T03:23:43.300949Z DEBUG awase_windows::runtime::ime_refresh: Skipping IMM query for known-broken class (shadow state SSOT)
2026-09-21T03:23:43.796775Z DEBUG awase_windows::runtime::ime_refresh: Skipping IMM query for known-broken class (shadow state SSOT)
2026-09-21T03:23:44.190522Z  WARN awase_windows::runtime::message_handlers: Hook watchdog: no activity for 8984ms (OS全体の最終入力は8984ms前、OSも無操作のため単なるアイドルの可能性が高い)
2026-09-21T03:23:44.297320Z DEBUG awase_windows::runtime::ime_refresh: Skipping IMM query for known-broken class (shadow state SSOT)
2026-09-21T03:23:44.810290Z DEBUG awase_windows::runtime::ime_refresh: Skipping IMM query for known-broken class (shadow state SSOT)
2026-09-21T03:23:44.890980Z DEBUG awase_windows::runtime: [focus-sync] hwnd=0x300836 class="Edit" app_kind=Win32 hint=Default → mode=Unicode
2026-09-21T03:23:44.891122Z DEBUG awase_windows::tsf::tsf_gate: [tsf-gate] focus change → PendingWarmup (held cleared)
2026-09-21T03:23:44.947469Z  INFO apply_focus_probe_result: awase_windows::runtime::focus_tracking: AppKind changed: TsfNative → Win32 (class=Edit)
2026-09-21T03:23:44.948704Z DEBUG apply_focus_probe_result: awase_windows::runtime::focus_tracking: Focus kind changed: Undetermined → TextInput (reason=KnownTextClass(Edit))
2026-09-21T03:23:44.949028Z DEBUG apply_focus_probe_result: awase::journal: focus transition seq=15 elapsed_ms=9840 changed_process=true changed_window=true changed_app_kind=true changed_focus_kind=true dwell_ms=9766 profile="ImmCross"
2026-09-21T03:23:44.949461Z  INFO apply_focus_probe_result: awase_windows::runtime::focus_tracking: FocusChange [17424→22816] Edit: stale ime_on=true intent=None mode=ObservedRomaji japanese=true
2026-09-21T03:23:44.949512Z DEBUG apply_focus_probe_result: awase_windows::tsf::probe: [composition] focus changed → marked cold
2026-09-21T03:23:44.949552Z DEBUG apply_focus_probe_result: awase_windows::runtime: [keymap] active rules recomputed: 0 rule(s) for process="ime_key_matrix_spike.exe"
2026-09-21T03:23:44.949584Z DEBUG apply_focus_probe_result: awase_windows::runtime::focus_tracking: [keymap] active rules updated on focus change: 0 rule(s) (hwnd=HWND(0x300836) kind=TextInput focus_epoch=2)
2026-09-21T03:23:44.949644Z DEBUG apply_focus_probe_result:reduce: awase_windows::state::ime_model: [explicit-intent] cleared (focus change)
2026-09-21T03:23:44.949693Z DEBUG apply_focus_probe_result: awase::journal: ime event seq=16 elapsed_ms=9840 event_kind="FocusChanged"
2026-09-21T03:23:44.949796Z DEBUG apply_focus_probe_result: awase_windows::runtime::focus_tracking: [focus] Imm32Unavailable hard pre-sync applied=true (prevent spurious VK_KANJI on first character key)
2026-09-21T03:23:44.949874Z DEBUG apply_focus_probe_result:gji_on_event{event=ImeOn { injection_mode: Unicode, gji_idle_ms: 9750 }}: awase_windows::tsf::gji_fsm: [gji-fsm] ImeOn: already on (OnCold(Long)), ignored
2026-09-21T03:23:44.949940Z DEBUG apply_focus_probe_result: awase::journal: gji fsm transition seq=17 elapsed_ms=9840 trigger="ImeOn(gji_idle_ms=9750)" state_before="OnCold(Long)" state_after="OnCold(Long)"
2026-09-21T03:23:44.950428Z DEBUG awase_windows::observer::ime_observer: IME snapshot: japanese=Some(true) ime_on=Some(false) romaji=None conv=Some("0x00000009") guard=false
2026-09-21T03:23:44.950649Z DEBUG awase::journal: ime event seq=18 elapsed_ms=9841 event_kind="ObserverReported"
2026-09-21T03:23:44.950700Z  INFO awase_windows::runtime::ime_refresh: ObserverPoll +0ms since focus: ime_on true → false(intent=None) 
2026-09-21T03:23:44.952077Z DEBUG awase_windows::ime_diagnostic: [ime-diag] label=focus_changed t=53036000 hwnd=0x0 pid=0 tid=21032 class="" hkl=04110411 lang=0411 imm_bridge=true imc_open=- imc_conv=- shadow_on=false shadow_romaji=false shadow_jp=false inject=Unknown dt_focus_ms=- dt_activity_ms=-
2026-09-21T03:23:44.952139Z DEBUG awase_windows::runtime::ime_refresh: [composition] focus change → marking cold
2026-09-21T03:23:44.952191Z DEBUG awase_windows::tsf::probe: [composition] marked cold reason=FocusChange idle=18446744073709551615ms → next VK/TSF output will send VK_DBE_HIRAGANA warmup
2026-09-21T03:23:44.952307Z DEBUG gji_on_event{event=FocusChange { injection_mode: Unicode, gji_idle_ms: 9750 }}: awase_windows::tsf::gji_fsm: [gji-fsm] FocusChange gji_idle=9750ms → Medium
2026-09-21T03:23:44.952409Z DEBUG awase_windows::platform: [gji-fsm] CancelProbe probe_id=ProbeId(0)
2026-09-21T03:23:44.952454Z DEBUG awase_windows::platform: [gji-fsm] StartProbe probe_id=ProbeId(1) forces_f2=true long=false
2026-09-21T03:23:44.952596Z DEBUG awase_windows::tsf::ime_mode_fsm: [ime-mode] FocusChange → Unknown
2026-09-21T03:23:44.952685Z DEBUG awase::journal: gji fsm transition seq=19 elapsed_ms=9843 trigger="FocusChange(gji_idle_ms=9750)" state_before="OnCold(Long)" state_after="OnCold(Medium)"
2026-09-21T03:23:44.952726Z DEBUG awase::journal: tsf probe completed seq=20 elapsed_ms=9843 outcome="Canceled" cold_seq=18446744073709551615 cold_seq_present=false probe_id=0 probe_id_present=true duration_ms=9750 tick_count=0 gji_state="OnCold(Medium)"
2026-09-21T03:23:44.952758Z DEBUG awase::journal: tsf probe started seq=21 elapsed_ms=9843 source="GjiAction::StartProbe" cold_seq=0 probe_id=1 probe_id_present=true gji_state="OnCold(Medium)" consecutive_at_start=0 pending_deferred_len=0
2026-09-21T03:23:44.952786Z DEBUG awase::journal: gji fsm transition seq=22 elapsed_ms=9843 trigger="WarmupComplete(unicode)" state_before="OnCold(Medium)" state_after="OnWarm"
2026-09-21T03:23:44.952808Z DEBUG awase::journal: tsf probe completed seq=23 elapsed_ms=9843 outcome="UnicodeImmediate" cold_seq=18446744073709551615 cold_seq_present=false probe_id=1 probe_id_present=true duration_ms=0 tick_count=0 gji_state="OnWarm"
2026-09-21T03:23:44.952856Z DEBUG awase_windows::runtime::ime_refresh: [composition] FocusChange: send_eager_tsf_warmup called (ime_on via warmup_ime_on())
2026-09-21T03:23:44.952884Z DEBUG awase_windows::ime_controller: [warrant-shadow] chain=set_ime_open open=false origin=EventOrigin { source: SelfActuated { strategy: "focus_change_enforce_off" }, epoch: Generation(0) } warranted
2026-09-21T03:23:44.952965Z DEBUG awase_windows::runtime::ime_refresh: [composition] FocusChange: set_ime_open(false) sent=true (applied_open OFF → enforce IME OFF on new window; ADR-090 A-2: sent=false means warrant was refused, no write happened)
2026-09-21T03:23:44.953084Z  INFO awase::engine::engine: Engine deactivated (ime=false, romaji=true, japanese=true, user=true, reason=Inactive(ImeOff))
2026-09-21T03:23:44.953142Z DEBUG execute_from_loop: awase_windows::runtime::executor: [focus-settle] SetOpen(false) effect stripped from decision (focus transition barrier still settling)
2026-09-21T03:23:44.954966Z DEBUG execute_from_loop:execute_one{generation=None}: awase_windows::platform: [engine-state-key] suppressed (polling/focus-triggered, enabled=false)
2026-09-21T03:23:44.955152Z DEBUG awase_windows::runtime: [focus-settle] SetOpen stripped from execute_from_loop decision → 150ms 後に refresh で再試行
2026-09-21T03:23:44.964691Z DEBUG awase_windows::ime: [idle-conv-check-diag] focused_hwnd=HWND(0x300836) ime_wnd=Some(HWND(0x4092a))
2026-09-21T03:23:44.967906Z DEBUG set_ime_open_cross_process{open=false}: awase_windows::shadow_send_trace: [shadow-send] channel=ImeControl cmd=0x0006 lparam=0 issue_us=9855621
2026-09-21T03:23:44.967939Z DEBUG set_ime_open_cross_process{open=false}: awase_windows::ime: set_ime_open_for_target: hwnd=HWND(0x300836) ime_wnd=HWND(0x4092a) open=false success=true send_elapsed=3ms candidate_visible=false
2026-09-21T03:23:44.968668Z DEBUG awase_windows::platform: [ime-mode] FocusProbe: checkpoint3でGJI actuationとの交錯を検知 → hint更新をabandon
2026-09-21T03:23:44.970442Z DEBUG awase::journal: ime event seq=24 elapsed_ms=9861 event_kind="ObserverReported"
2026-09-21T03:23:44.970493Z DEBUG awase_windows::runtime::focus_tracking: [ImmCrossProbe/focus] child-hwnd IME=false → High confidence 観測記録
2026-09-21T03:23:45.448953Z DEBUG awase_windows::observer::ime_observer: IME snapshot: japanese=Some(true) ime_on=Some(false) romaji=None conv=Some("0x00000009") guard=false
2026-09-21T03:23:45.449102Z DEBUG awase::journal: ime event seq=25 elapsed_ms=10340 event_kind="ObserverReported"
2026-09-21T03:23:45.449253Z  WARN ir_apply_drift_correction: awase_windows::runtime::ime_refresh: [drift] correction: observed=false ≠ desired=true for 498ms → set_ime_open(true) (source=ImmCrossProbe confidence=High)
2026-09-21T03:23:45.449314Z DEBUG ir_apply_drift_correction: awase::journal: ime actuation seq=26 elapsed_ms=10340 target_open=true attempts=0 policy="Read" action="Send"
2026-09-21T03:23:45.449369Z DEBUG ir_apply_drift_correction: awase::journal: ime event seq=27 elapsed_ms=10340 event_kind="DriftDetected"
2026-09-21T03:23:45.449433Z  INFO ir_apply_drift_correction: awase_windows::ime_controller: [warrant-shadow] chain=set_ime_open open=true origin=EventOrigin { source: SelfActuated { strategy: "drift_correction_read" }, epoch: Generation(0) } would_have_blocked=true (A-1 shadow: 書き込みは止めない。A-2 で強制する際の
2026-09-21T03:23:45.538591Z DEBUG awase_windows::runtime::key_pipeline: [engine-input] vk=0x0D KeyDown ts=10429075us delay=0ms state=Idle mods(c=false s=false a=false w=false) gas_ctrl=false phys_ctrl=false extra=0x5350494B pending_drain=0 gate_active=false l_thumb=None r_thumb=None [diag-ctx] ime_o
2026-09-21T03:23:45.538708Z DEBUG awase::journal: key input seq=28 elapsed_ms=10429 vk_code=13 is_down=true injected=false key_class="Passthrough" state_before="Idle" state_after="Idle" decision="PassThrough" physical="Allow" repeat_count=1 last_timestamp_us=10429075 last_elapsed_ms=0
2026-09-21T03:23:45.538842Z DEBUG execute_from_hook: awase_windows::runtime::executor: [relay-passthrough] PassThrough idle: direct OS pass-through (vk=0x0d down)
2026-09-21T03:23:45.539095Z DEBUG execute_one{generation=None}: awase_windows::runtime::executor: [reinject] vk=0x0d down (queued passthrough now firing)
2026-09-21T03:23:45.540280Z DEBUG awase::journal: ime event seq=29 elapsed_ms=10431 event_kind="ObserverReported"
2026-09-21T03:23:45.540625Z  INFO awase_windows::runtime::key_pipeline: FocusProbe +0ms: ime_on=false mode=ObservedRomaji [ime=GoogleJapaneseInput sig1=false gji_io=10343ms sig2=false]
2026-09-21T03:23:45.542349Z DEBUG awase::journal: ime event seq=30 elapsed_ms=10433 event_kind="ObserverReported"
2026-09-21T03:23:45.542377Z DEBUG awase_windows::runtime::key_pipeline: [ImmCrossProbe] child-hwnd IME=false → High confidence 観測記録
2026-09-21T03:23:45.542408Z DEBUG awase_windows::observer::ime_observer: IME snapshot: japanese=Some(true) ime_on=Some(false) romaji=None conv=Some("0x00000009") guard=false
2026-09-21T03:23:45.662753Z DEBUG awase_windows::runtime::key_pipeline: [engine-input] vk=0x0D KeyUp ts=10553398us delay=0ms state=Idle mods(c=false s=false a=false w=false) gas_ctrl=false phys_ctrl=false extra=0x5350494B pending_drain=0 gate_active=false l_thumb=None r_thumb=None [diag-ctx] ime_on=
2026-09-21T03:23:45.662836Z DEBUG awase::journal: key input seq=31 elapsed_ms=10553 vk_code=13 is_down=false injected=false key_class="Passthrough" state_before="Idle" state_after="Idle" decision="PassThrough" physical="Allow" repeat_count=1 last_timestamp_us=10553398 last_elapsed_ms=0
2026-09-21T03:23:45.662927Z DEBUG execute_from_hook: awase_windows::runtime::executor: [relay-passthrough] PassThrough idle: direct OS pass-through (vk=0x0d up)
2026-09-21T03:23:45.662990Z DEBUG execute_one{generation=None}: awase_windows::runtime::executor: [reinject] vk=0x0d up (queued passthrough now firing)
2026-09-21T03:23:45.949094Z DEBUG awase_windows::runtime::ime_refresh: Skipping observer/SSOT write: typing active (idle=282ms)
2026-09-21T03:23:45.949206Z  WARN ir_apply_drift_correction: awase_windows::runtime::ime_refresh: [drift] correction: observed=false ≠ desired=true for 998ms → set_ime_open(true) (source=ImmCrossProbe confidence=High)
2026-09-21T03:23:45.949279Z DEBUG ir_apply_drift_correction: awase::journal: ime actuation seq=32 elapsed_ms=10840 target_open=true attempts=1 policy="Read" action="Send"
2026-09-21T03:23:45.949319Z DEBUG ir_apply_drift_correction: awase::journal: ime event seq=33 elapsed_ms=10840 event_kind="DriftDetected"
2026-09-21T03:23:45.949361Z  INFO ir_apply_drift_correction: awase_windows::ime_controller: [warrant-shadow] chain=set_ime_open open=true origin=EventOrigin { source: SelfActuated { strategy: "drift_correction_read" }, epoch: Generation(1) } would_have_blocked=true (A-1 shadow: 書き込みは止めない。A-2 で強制する際の
2026-09-21T03:23:46.448965Z DEBUG awase_windows::observer::ime_observer: IME snapshot: japanese=Some(true) ime_on=Some(false) romaji=None conv=Some("0x00000009") guard=false
2026-09-21T03:23:46.449065Z DEBUG awase::journal: ime event seq=34 elapsed_ms=11340 event_kind="ObserverReported"
2026-09-21T03:23:46.449202Z  WARN ir_apply_drift_correction: awase_windows::runtime::ime_refresh: [drift] correction: observed=false ≠ desired=true for 1498ms → set_ime_open(true) (source=ImmCrossProbe confidence=High)
2026-09-21T03:23:46.449283Z DEBUG ir_apply_drift_correction: awase::journal: ime actuation seq=35 elapsed_ms=11340 target_open=true attempts=2 policy="Read" action="Send"
2026-09-21T03:23:46.449340Z DEBUG ir_apply_drift_correction: awase::journal: ime event seq=36 elapsed_ms=11340 event_kind="DriftDetected"
2026-09-21T03:23:46.449404Z  INFO ir_apply_drift_correction: awase_windows::ime_controller: [warrant-shadow] chain=set_ime_open open=true origin=EventOrigin { source: SelfActuated { strategy: "drift_correction_read" }, epoch: Generation(2) } would_have_blocked=true (A-1 shadow: 書き込みは止めない。A-2 で強制する際の
2026-09-21T03:23:46.950585Z DEBUG awase_windows::observer::ime_observer: IME snapshot: japanese=Some(true) ime_on=Some(false) romaji=None conv=Some("0x00000009") guard=false
2026-09-21T03:23:46.950693Z DEBUG awase::journal: ime event seq=37 elapsed_ms=11841 event_kind="ObserverReported"
2026-09-21T03:23:46.950838Z  WARN ir_apply_drift_correction: awase_windows::runtime::ime_refresh: [drift] correction: observed=false ≠ desired=true for 2000ms → set_ime_open(true) (source=ImmCrossProbe confidence=High)
2026-09-21T03:23:46.950935Z DEBUG ir_apply_drift_correction: awase::journal: ime actuation seq=38 elapsed_ms=11841 target_open=true attempts=3 policy="Read" action="Send"
2026-09-21T03:23:46.950997Z DEBUG ir_apply_drift_correction: awase::journal: ime event seq=39 elapsed_ms=11841 event_kind="DriftDetected"
2026-09-21T03:23:46.951065Z  INFO ir_apply_drift_correction: awase_windows::ime_controller: [warrant-shadow] chain=set_ime_open open=true origin=EventOrigin { source: SelfActuated { strategy: "drift_correction_read" }, epoch: Generation(3) } would_have_blocked=true (A-1 shadow: 書き込みは止めない。A-2 で強制する際の
2026-09-21T03:23:47.457344Z DEBUG awase_windows::runtime::key_pipeline: [engine-input] vk=0x1C KeyDown ts=12347868us delay=0ms state=Idle mods(c=false s=false a=false w=false) gas_ctrl=false phys_ctrl=false extra=0x5350494B pending_drain=0 gate_active=false l_thumb=None r_thumb=Some(12347841) [diag-
2026-09-21T03:23:47.457521Z DEBUG awase::journal: key input seq=40 elapsed_ms=12348 vk_code=28 is_down=true injected=false key_class="RightThumb" state_before="Idle" state_after="Idle" decision="PassThrough" physical="Allow" repeat_count=1 last_timestamp_us=12347868 last_elapsed_ms=0
2026-09-21T03:23:47.457757Z  INFO awase_windows::runtime::key_pipeline: [mode-key-follow] mode key PassThrough(vk=0x1C): IME refresh scheduled (20ms)
2026-09-21T03:23:47.458947Z DEBUG awase_windows::runtime::key_pipeline: [key-effect-predict] vk=0x1C status=Direct: no prediction
2026-09-21T03:23:47.459280Z DEBUG execute_one{generation=None}: awase_windows::runtime::executor: [reinject] vk=0x1c down (queued passthrough now firing)
2026-09-21T03:23:47.468127Z DEBUG awase_windows::runtime::ime_refresh: Explicit intent: bypassing typing-idle guard for IME verify (idle=15ms)
2026-09-21T03:23:47.468194Z DEBUG awase_windows::observer::ime_observer: IME snapshot: japanese=Some(true) ime_on=Some(true) romaji=None conv=Some("0x00000009") guard=false
2026-09-21T03:23:47.468297Z DEBUG awase::journal: ime event seq=41 elapsed_ms=12359 event_kind="ObserverReported"
2026-09-21T03:23:47.468432Z DEBUG awase::journal: ime event seq=42 elapsed_ms=12359 event_kind="ModeKeyPassedThrough"
2026-09-21T03:23:47.468458Z  INFO awase_windows::runtime::ime_refresh: [mode-key-follow] observation arrived after mode key pass: intents invalidated
2026-09-21T03:23:47.471094Z DEBUG awase_windows::tsf::gji_monitor: [gji-io] WRITE: w_ops=+5 w_KB=+0.1 (r_ops=+10 x_ops=+10 x_KB=+0.0)
2026-09-21T03:23:47.546207Z DEBUG awase_windows::runtime::ime_refresh: Explicit intent: bypassing typing-idle guard for IME verify (idle=93ms)
2026-09-21T03:23:47.546282Z DEBUG awase_windows::observer::ime_observer: IME snapshot: japanese=Some(true) ime_on=Some(true) romaji=None conv=Some("0x00000009") guard=false
2026-09-21T03:23:47.546400Z DEBUG awase::journal: ime event seq=43 elapsed_ms=12437 event_kind="ObserverReported"
2026-09-21T03:23:47.546927Z  INFO awase_windows::runtime::ime_refresh: [mode-key-follow] observation arrived after mode key pass: intents invalidated
2026-09-21T03:23:47.582630Z DEBUG awase_windows::runtime::key_pipeline: [engine-input] vk=0x1C KeyUp ts=12473106us delay=0ms state=Idle mods(c=false s=false a=false w=false) gas_ctrl=false phys_ctrl=false extra=0x5350494B pending_drain=0 gate_active=false l_thumb=None r_thumb=None [diag-ctx] ime_on=
2026-09-21T03:23:47.582807Z DEBUG awase::journal: key input seq=44 elapsed_ms=12473 vk_code=28 is_down=false injected=false key_class="RightThumb" state_before="Idle" state_after="Idle" decision="PassThrough" physical="Allow" repeat_count=1 last_timestamp_us=12473106 last_elapsed_ms=0
2026-09-21T03:23:47.583071Z DEBUG execute_one{generation=None}: awase_windows::runtime::executor: [reinject] vk=0x1c up (queued passthrough now firing)
2026-09-21T03:23:47.616723Z DEBUG awase_windows::runtime::ime_refresh: Explicit intent: bypassing typing-idle guard for IME verify (idle=46ms)
2026-09-21T03:23:47.616783Z DEBUG awase_windows::observer::ime_observer: IME snapshot: japanese=Some(true) ime_on=Some(true) romaji=None conv=Some("0x00000009") guard=false
2026-09-21T03:23:47.616878Z DEBUG awase::journal: ime event seq=45 elapsed_ms=12507 event_kind="ObserverReported"
2026-09-21T03:23:47.616920Z  INFO awase_windows::runtime::ime_refresh: [mode-key-follow] observation arrived after mode key pass: intents invalidated
2026-09-21T03:23:47.695817Z DEBUG awase_windows::runtime::ime_refresh: Explicit intent: bypassing typing-idle guard for IME verify (idle=125ms)
2026-09-21T03:23:47.695872Z DEBUG awase_windows::observer::ime_observer: IME snapshot: japanese=Some(true) ime_on=Some(true) romaji=None conv=Some("0x00000009") guard=false
2026-09-21T03:23:47.695945Z DEBUG awase::journal: ime event seq=46 elapsed_ms=12586 event_kind="ObserverReported"
2026-09-21T03:23:47.695978Z  INFO awase_windows::runtime::ime_refresh: [mode-key-follow] observation arrived after mode key pass: intents invalidated
2026-09-21T03:23:47.773424Z DEBUG awase_windows::runtime::ime_refresh: Skipping observer/SSOT write: typing active (idle=203ms)
2026-09-21T03:23:48.278044Z DEBUG awase_windows::observer::ime_observer: IME snapshot: japanese=Some(true) ime_on=Some(true) romaji=None conv=Some("0x00000009") guard=false
2026-09-21T03:23:48.278126Z DEBUG awase::journal: ime event seq=47 elapsed_ms=13169 event_kind="ObserverReported"
2026-09-21T03:23:48.778753Z DEBUG awase_windows::observer::ime_observer: IME snapshot: japanese=Some(true) ime_on=Some(true) romaji=None conv=Some("0x00000009") guard=false
2026-09-21T03:23:48.778814Z DEBUG awase::journal: ime event seq=48 elapsed_ms=13669 event_kind="ObserverReported"
2026-09-21T03:23:48.778873Z  INFO awase::engine::engine: Engine activated (ime=true, romaji=true, japanese=true, user=true, reason=Active)
2026-09-21T03:23:48.778995Z DEBUG execute_from_loop:execute_one{generation=None}:dispatch_ime_set_open{open=true generation=None}: awase_windows::runtime::executor: [dispatch-ime] ImmCross async: optimistic applied_snapshot=true (suppress send_engine_state_ime_key)
2026-09-21T03:23:48.780152Z DEBUG execute_from_loop:execute_one{generation=None}: awase_windows::platform: [engine-state-key] suppressed (polling/focus-triggered, enabled=true)
2026-09-21T03:23:48.782370Z DEBUG run_open_chain_async: awase_windows::ime_controller: [warrant-shadow] chain=async open=true origin=EventOrigin { source: SelfActuated { strategy: "engine_decision_async" }, epoch: Generation(0) } warranted
2026-09-21T03:23:48.782440Z  INFO run_open_chain_async:imm_cross_write{open=true}: awase_windows::runtime::open_chain: [apply-ime] ImmCross async: open=true composition_active=false show_seq=0 change_seq=0 (issue #138診断)
2026-09-21T03:23:48.784237Z DEBUG awase_windows::shadow_send_trace: [shadow-send] channel=ImeControl cmd=0x0006 lparam=1 issue_us=13674760
2026-09-21T03:23:48.784249Z DEBUG awase_windows::ime: set_ime_open_for_target: hwnd=HWND(0x300836) ime_wnd=HWND(0x4092a) open=true success=true send_elapsed=0ms candidate_visible=false
2026-09-21T03:23:48.785512Z DEBUG awase_windows::shadow_send_trace: [shadow-send] channel=ImeControl cmd=0x0002 lparam=25 issue_us=13675376
2026-09-21T03:23:48.785535Z DEBUG awase_windows::ime: [imm-romaji] conv 0x00000009 → 0x00000019 success=true target=None
2026-09-21T03:23:48.785665Z DEBUG run_open_chain_async:imm_cross_write{open=true}: awase_windows::ime: [imm-cross-actuate] hwnd=HWND(0x300836) open=Written conv=Some(Written)
2026-09-21T03:23:48.785698Z DEBUG run_open_chain_async:imm_cross_write{open=true}: awase_windows::runtime::open_chain: [apply-ime] ROMAN 補完結果: Written
2026-09-21T03:23:48.785739Z DEBUG run_open_chain_async: awase::journal: actuation decision seq=49 elapsed_ms=13676 site="DispatchImeSetOpen" caller="None" open=true chain_len=4 attempts_len=1 gate_profile="Standard" gate_kind="Gji" gate_shadow_known=true gate_shadow_on=true gate_input_mode="Observed
2026-09-21T03:23:48.785930Z DEBUG on_ime_apply_complete{open=true outcome=AppliedWithoutSendInput generation=None reason=EngineDecision}: awase::journal: ime open applied seq=50 elapsed_ms=13676 open=true outcome="AppliedWithoutSendInput" reason="EngineDecision"
2026-09-21T03:23:48.785992Z DEBUG on_ime_apply_complete{open=true outcome=AppliedWithoutSendInput generation=None reason=EngineDecision}: awase_windows::tsf::ime_mode_fsm: [ime-mode] SetOpen(true) applied → Hiragana (belief, unconfirmed)
2026-09-21T03:23:48.786009Z DEBUG on_ime_apply_complete{open=true outcome=AppliedWithoutSendInput generation=None reason=EngineDecision}: awase_windows::platform: [composition] ImeEffect::SetOpen(true) → marking cold
2026-09-21T03:23:48.786022Z DEBUG on_ime_apply_complete{open=true outcome=AppliedWithoutSendInput generation=None reason=EngineDecision}: awase_windows::tsf::probe: [composition] marked cold reason=SetOpenTrue idle=18446744073709551615ms → next VK/TSF output will send VK_DBE_HIRAGANA warmup
2026-09-21T03:23:48.786055Z DEBUG on_ime_apply_complete{open=true outcome=AppliedWithoutSendInput generation=None reason=EngineDecision}:gji_on_event{event=ImeOn { injection_mode: Unicode, gji_idle_ms: 1313 }}: awase_windows::tsf::gji_fsm: [gji-fsm] ImeOn: already on (OnWarm), ignored
2026-09-21T03:23:48.786177Z DEBUG awase::journal: gji fsm transition seq=51 elapsed_ms=13677 trigger="ImeOn(gji_idle_ms=1313)" state_before="OnWarm" state_after="OnWarm"
2026-09-21T03:23:48.809705Z DEBUG awase_windows::observer::ime_observer: IME snapshot: japanese=Some(true) ime_on=Some(true) romaji=Some(true) conv=Some("0x00000019") guard=false
2026-09-21T03:23:48.809810Z DEBUG awase::journal: ime event seq=52 elapsed_ms=13700 event_kind="ObserverReported"
2026-09-21T03:23:48.809853Z DEBUG awase::journal: ime event seq=53 elapsed_ms=13700 event_kind="InputModeObserved"
2026-09-21T03:23:49.311813Z DEBUG awase_windows::observer::ime_observer: IME snapshot: japanese=Some(true) ime_on=Some(true) romaji=Some(true) conv=Some("0x00000019") guard=false
2026-09-21T03:23:49.311897Z DEBUG awase::journal: ime event seq=54 elapsed_ms=14202 event_kind="ObserverReported"
2026-09-21T03:23:49.311933Z DEBUG awase::journal: ime event seq=55 elapsed_ms=14202 event_kind="InputModeObserved"
2026-09-21T03:23:49.389711Z DEBUG awase_windows::runtime::key_pipeline: [engine-input] vk=0x4B KeyDown ts=14280320us delay=0ms state=Idle mods(c=false s=false a=false w=false) gas_ctrl=false phys_ctrl=false extra=0x5350494B pending_drain=0 gate_active=false l_thumb=None r_thumb=None [diag-ctx] ime_o
2026-09-21T03:23:49.389881Z DEBUG awase::journal: key input seq=56 elapsed_ms=14280 vk_code=75 is_down=true injected=false key_class="Char" state_before="Idle" state_after="PendingChar(vk=0x4B)" decision="Consume" physical="Allow" repeat_count=1 last_timestamp_us=14280320 last_elapsed_ms=0
2026-09-21T03:23:49.499753Z DEBUG execute_from_loop:execute_one{generation=None}: awase_windows::output: send_keys: mode=Unicode actions=[Char('き')] prev_elapsed=∞ms
2026-09-21T03:23:49.499785Z DEBUG execute_from_loop:execute_one{generation=None}: awase_windows::tsf::probe: [mark-send] last_send_ms=53040546
2026-09-21T03:23:49.499820Z DEBUG execute_from_loop:execute_one{generation=None}: awase_windows::output:   → Char('き') via Unicode
2026-09-21T03:23:49.501765Z DEBUG execute_from_loop:execute_one{generation=None}: awase_windows::tsf::probe: [mark-send] last_send_ms=53040546
2026-09-21T03:23:49.506213Z  INFO awase_windows::tsf::win_event_obs: [gji-obs] candidate SHOW #1: last_gji_write=2047ms ago
2026-09-21T03:23:49.514959Z DEBUG awase_windows::tsf::gji_monitor: [gji-io] WRITE: w_ops=+2 w_KB=+0.3 (r_ops=+4 x_ops=+4 x_KB=+0.0)
2026-09-21T03:23:49.515696Z DEBUG awase_windows::runtime::key_pipeline: [engine-input] vk=0x4B KeyUp ts=14406328us delay=0ms state=Idle mods(c=false s=false a=false w=false) gas_ctrl=false phys_ctrl=false extra=0x5350494B pending_drain=0 gate_active=false l_thumb=None r_thumb=None [diag-ctx] ime_on=
2026-09-21T03:23:49.515814Z DEBUG awase::journal: key input seq=58 elapsed_ms=14406 vk_code=75 is_down=false injected=false key_class="Char" state_before="Idle" state_after="Idle" decision="Consume" physical="Allow" repeat_count=1 last_timestamp_us=14406328 last_elapsed_ms=0
2026-09-21T03:23:49.515964Z DEBUG execute_one{generation=None}: awase_windows::output: send_keys: mode=Unicode actions=[Suppress] prev_elapsed=16ms
2026-09-21T03:23:49.515996Z DEBUG execute_one{generation=None}: awase_windows::tsf::probe: [mark-send] last_send_ms=53040562
2026-09-21T03:23:49.516020Z DEBUG execute_one{generation=None}: awase_windows::output:   → Suppress
2026-09-21T03:23:49.516036Z DEBUG execute_one{generation=None}: awase_windows::tsf::probe: [mark-send] last_send_ms=53040562
2026-09-21T03:23:49.516105Z DEBUG execute_one{generation=None}: awase_windows::platform: [gji-fsm] StartComposition (candidate SHOW)
2026-09-21T03:23:49.516169Z DEBUG execute_one{generation=None}:gji_on_event{event=StartComposition}: awase_windows::tsf::gji_fsm: [gji-fsm] StartComposition: OnWarm → OnComposing(AlreadyWarm)
2026-09-21T03:23:49.516319Z DEBUG awase::journal: gji fsm transition seq=59 elapsed_ms=14407 trigger="StartComposition(candidate SHOW)" state_before="OnWarm" state_after="OnComposing(Warm)"
2026-09-21T03:23:49.819117Z DEBUG awase_windows::runtime::ime_refresh: Skipping observer/SSOT write: typing active (idle=313ms)
2026-09-21T03:23:50.323922Z DEBUG awase_windows::observer::ime_observer: IME snapshot: japanese=Some(true) ime_on=Some(true) romaji=Some(true) conv=Some("0x00000019") guard=false
2026-09-21T03:23:50.324045Z DEBUG awase::journal: ime event seq=60 elapsed_ms=15215 event_kind="ObserverReported"
2026-09-21T03:23:50.324114Z DEBUG awase::journal: ime event seq=61 elapsed_ms=15215 event_kind="InputModeObserved"
2026-09-21T03:23:50.821819Z DEBUG awase_windows::observer::ime_observer: IME snapshot: japanese=Some(true) ime_on=Some(true) romaji=Some(true) conv=Some("0x00000019") guard=false
2026-09-21T03:23:50.821929Z DEBUG awase::journal: ime event seq=62 elapsed_ms=15712 event_kind="ObserverReported"
2026-09-21T03:23:50.821976Z DEBUG awase::journal: ime event seq=63 elapsed_ms=15712 event_kind="InputModeObserved"
2026-09-21T03:23:51.307391Z DEBUG awase_windows::runtime::key_pipeline: [engine-input] vk=0x0D KeyDown ts=16197791us delay=0ms state=Idle mods(c=false s=false a=false w=false) gas_ctrl=false phys_ctrl=false extra=0x5350494B pending_drain=0 gate_active=false l_thumb=None r_thumb=None [diag-ctx] ime_o
2026-09-21T03:23:51.307598Z DEBUG awase::journal: key input seq=64 elapsed_ms=16198 vk_code=13 is_down=true injected=false key_class="Passthrough" state_before="Idle" state_after="Idle" decision="PassThrough" physical="Allow" repeat_count=1 last_timestamp_us=16197791 last_elapsed_ms=0
2026-09-21T03:23:51.307790Z DEBUG execute_from_hook: awase_windows::runtime::executor: [relay-passthrough] PassThrough idle: direct OS pass-through (vk=0x0d down)
2026-09-21T03:23:51.308512Z DEBUG execute_one{generation=None}: awase_windows::runtime::executor: [reinject] vk=0x0d down (queued passthrough now firing)
2026-09-21T03:23:51.319439Z  INFO awase_windows::tsf::win_event_obs: [gji-obs] candidate HIDE: last_gji_write=1813ms ago
2026-09-21T03:23:51.321498Z DEBUG awase_windows::tsf::gji_monitor: [gji-io] WRITE: w_ops=+2 w_KB=+0.3 (r_ops=+4 x_ops=+4 x_KB=+0.0)
2026-09-21T03:23:51.336218Z DEBUG awase_windows::runtime::ime_refresh: Skipping observer/SSOT write: typing active (idle=31ms)
2026-09-21T03:23:51.430005Z DEBUG awase_windows::runtime::key_pipeline: [engine-input] vk=0x0D KeyUp ts=16320648us delay=0ms state=Idle mods(c=false s=false a=false w=false) gas_ctrl=false phys_ctrl=false extra=0x5350494B pending_drain=0 gate_active=false l_thumb=None r_thumb=None [diag-ctx] ime_on=
2026-09-21T03:23:51.430107Z DEBUG awase::journal: key input seq=65 elapsed_ms=16321 vk_code=13 is_down=false injected=false key_class="Passthrough" state_before="Idle" state_after="Idle" decision="PassThrough" physical="Allow" repeat_count=1 last_timestamp_us=16320648 last_elapsed_ms=0
2026-09-21T03:23:51.430257Z DEBUG execute_from_hook: awase_windows::runtime::executor: [relay-passthrough] PassThrough idle: direct OS pass-through (vk=0x0d up)
2026-09-21T03:23:51.430333Z DEBUG execute_one{generation=None}: awase_windows::runtime::executor: [reinject] vk=0x0d up (queued passthrough now firing)
2026-09-21T03:23:51.432024Z DEBUG awase_windows::platform: [gji-fsm] EndComposition (candidate HIDE) epoch=FocusEpoch(1)
2026-09-21T03:23:51.432140Z DEBUG awase::journal: gji fsm transition seq=66 elapsed_ms=16323 trigger="EndComposition(candidate HIDE, epoch=FocusEpoch(1))" state_before="OnComposing(Warm)" state_after="OnWarm"
2026-09-21T03:23:51.842529Z DEBUG awase_windows::runtime::ime_refresh: Skipping observer/SSOT write: typing active (idle=406ms)
2026-09-21T03:23:52.343008Z DEBUG awase_windows::observer::ime_observer: IME snapshot: japanese=Some(true) ime_on=Some(true) romaji=Some(true) conv=Some("0x00000019") guard=false
2026-09-21T03:23:52.343101Z DEBUG awase::journal: ime event seq=67 elapsed_ms=17234 event_kind="ObserverReported"
2026-09-21T03:23:52.343137Z DEBUG awase::journal: ime event seq=68 elapsed_ms=17234 event_kind="InputModeObserved"
2026-09-21T03:23:52.845878Z DEBUG awase_windows::observer::ime_observer: IME snapshot: japanese=Some(true) ime_on=Some(true) romaji=Some(true) conv=Some("0x00000019") guard=false
2026-09-21T03:23:52.845969Z DEBUG awase::journal: ime event seq=69 elapsed_ms=17736 event_kind="ObserverReported"
2026-09-21T03:23:52.846008Z DEBUG awase::journal: ime event seq=70 elapsed_ms=17737 event_kind="InputModeObserved"
2026-09-21T03:23:53.252167Z DEBUG awase_windows::hook: [hook] IME-mode vk=0xF2 down self_injected=false injected=false scan=0x70 extra=0x5350494B since_actuation_us=Some(18056968)
2026-09-21T03:23:53.252297Z DEBUG awase::journal: hook ime-mode diagnostic seq=71 elapsed_ms=18143 vk_code=242 is_down=true self_injected=false injected=false scan=112
2026-09-21T03:23:53.252470Z DEBUG awase_windows::runtime::key_pipeline: [engine-input] vk=0xF2 KeyDown ts=18143176us delay=0ms state=Idle mods(c=false s=false a=false w=false) gas_ctrl=false phys_ctrl=false extra=0x5350494B pending_drain=0 gate_active=false l_thumb=None r_thumb=None [diag-ctx] ime_o
2026-09-21T03:23:53.252559Z DEBUG awase::journal: key input seq=72 elapsed_ms=18143 vk_code=242 is_down=true injected=false key_class="Passthrough" state_before="Idle" state_after="Idle" decision="PassThrough" physical="Allow" repeat_count=1 last_timestamp_us=18143176 last_elapsed_ms=0
2026-09-21T03:23:53.252636Z DEBUG awase_windows::runtime::key_pipeline: may_change_ime key passed through → IME refresh scheduled (20ms)
2026-09-21T03:23:53.252678Z  INFO awase_windows::runtime::key_pipeline: [mode-key-follow] mode key PassThrough(vk=0xF2): IME refresh scheduled (20ms)
2026-09-21T03:23:53.253511Z  INFO awase_windows::runtime::key_pipeline: [key-effect-predict] vk=0xF2 status=Pre open=None mode=Some(ObservedEisu)
2026-09-21T03:23:53.253587Z DEBUG awase::journal: ime event seq=73 elapsed_ms=18144 event_kind="KeyEffectPredicted"
2026-09-21T03:23:53.253649Z DEBUG awase::engine::engine: [diag-engine-active] ime_on=true なのに非活性: reason=Inactive(NotRomajiInput) romaji_capable=false japanese=true user_enabled=true was_active=true input_mode=ObservedEisu
2026-09-21T03:23:53.253697Z  INFO awase::engine::engine: Engine deactivated (ime=true, romaji=false, japanese=true, user=true, reason=Inactive(NotRomajiInput))
2026-09-21T03:23:53.255080Z DEBUG execute_from_hook: awase_windows::runtime::executor: [relay-passthrough] PassThrough idle: direct OS pass-through (vk=0xf2 down)
2026-09-21T03:23:53.255163Z DEBUG execute_one{generation=None}: awase_windows::runtime::executor: [reinject] vk=0xf2 down (queued passthrough now firing)
2026-09-21T03:23:53.255279Z DEBUG awase_windows::hook: [hook] IME-mode vk=0xF2 down self_injected=true injected=true scan=0x0 extra=0x4B45594D since_actuation_us=Some(18060092)
2026-09-21T03:23:53.256323Z DEBUG awase::journal: hook ime-mode diagnostic seq=74 elapsed_ms=18147 vk_code=242 is_down=true self_injected=true injected=true scan=0
2026-09-21T03:23:53.266757Z DEBUG awase_windows::tsf::gji_monitor: [gji-io] WRITE: w_ops=+2 w_KB=+0.0 (r_ops=+4 x_ops=+4 x_KB=+0.0)
2026-09-21T03:23:53.286162Z DEBUG awase_windows::runtime::ime_refresh: Explicit intent: bypassing typing-idle guard for IME verify (idle=47ms)
2026-09-21T03:23:53.286227Z DEBUG awase_windows::observer::ime_observer: IME snapshot: japanese=Some(true) ime_on=Some(true) romaji=None conv=Some("0x00000010") guard=false
2026-09-21T03:23:53.286326Z DEBUG awase::journal: ime event seq=75 elapsed_ms=18177 event_kind="ObserverReported"
2026-09-21T03:23:53.286393Z DEBUG awase::journal: ime event seq=76 elapsed_ms=18177 event_kind="ModeKeyPassedThrough"
2026-09-21T03:23:53.286412Z  INFO awase_windows::runtime::ime_refresh: [mode-key-follow] observation arrived after mode key pass: intents invalidated
2026-09-21T03:23:53.286523Z DEBUG awase::engine::engine: [diag-engine-active] ime_on=true なのに非活性: reason=Inactive(NotRomajiInput) romaji_capable=false japanese=true user_enabled=true was_active=false input_mode=ObservedEisu
2026-09-21T03:23:53.366131Z DEBUG awase_windows::runtime::ime_refresh: Explicit intent: bypassing typing-idle guard for IME verify (idle=125ms)
2026-09-21T03:23:53.366193Z DEBUG awase_windows::observer::ime_observer: IME snapshot: japanese=Some(true) ime_on=Some(true) romaji=None conv=Some("0x00000010") guard=false
2026-09-21T03:23:53.366311Z DEBUG awase::journal: ime event seq=77 elapsed_ms=18257 event_kind="ObserverReported"
2026-09-21T03:23:53.366358Z  INFO awase_windows::runtime::ime_refresh: [mode-key-follow] observation arrived after mode key pass: intents invalidated
2026-09-21T03:23:53.366584Z DEBUG awase::engine::engine: [diag-engine-active] ime_on=true なのに非活性: reason=Inactive(NotRomajiInput) romaji_capable=false japanese=true user_enabled=true was_active=false input_mode=ObservedEisu
2026-09-21T03:23:53.430095Z DEBUG awase_windows::runtime::ime_refresh: Explicit intent: bypassing typing-idle guard for IME verify (idle=188ms)
2026-09-21T03:23:53.430154Z DEBUG awase_windows::observer::ime_observer: IME snapshot: japanese=Some(true) ime_on=Some(true) romaji=None conv=Some("0x00000010") guard=false
2026-09-21T03:23:53.430290Z DEBUG awase::journal: ime event seq=78 elapsed_ms=18321 event_kind="ObserverReported"
2026-09-21T03:23:53.430331Z  INFO awase_windows::runtime::ime_refresh: [mode-key-follow] observation arrived after mode key pass: intents invalidated
2026-09-21T03:23:53.430401Z DEBUG awase::engine::engine: [diag-engine-active] ime_on=true なのに非活性: reason=Inactive(NotRomajiInput) romaji_capable=false japanese=true user_enabled=true was_active=false input_mode=ObservedEisu
2026-09-21T03:23:53.506421Z DEBUG awase_windows::runtime::ime_refresh: Explicit intent: bypassing typing-idle guard for IME verify (idle=266ms)
2026-09-21T03:23:53.506481Z DEBUG awase_windows::observer::ime_observer: IME snapshot: japanese=Some(true) ime_on=Some(true) romaji=None conv=Some("0x00000010") guard=false
2026-09-21T03:23:53.506573Z DEBUG awase::journal: ime event seq=79 elapsed_ms=18397 event_kind="ObserverReported"
2026-09-21T03:23:53.506614Z  INFO awase_windows::runtime::ime_refresh: [mode-key-follow] observation arrived after mode key pass: intents invalidated
2026-09-21T03:23:53.506793Z DEBUG awase::engine::engine: [diag-engine-active] ime_on=true なのに非活性: reason=Inactive(NotRomajiInput) romaji_capable=false japanese=true user_enabled=true was_active=false input_mode=ObservedEisu
2026-09-21T03:23:53.586075Z DEBUG awase_windows::runtime::ime_refresh: Skipping observer/SSOT write: typing active (idle=344ms)
2026-09-21T03:23:53.586161Z DEBUG awase::engine::engine: [diag-engine-active] ime_on=true なのに非活性: reason=Inactive(NotRomajiInput) romaji_capable=false japanese=true user_enabled=true was_active=false input_mode=ObservedEisu
2026-09-21T03:23:54.094600Z DEBUG awase_windows::observer::ime_observer: IME snapshot: japanese=Some(true) ime_on=Some(true) romaji=None conv=Some("0x00000010") guard=false
2026-09-21T03:23:54.094668Z DEBUG awase::journal: ime event seq=80 elapsed_ms=18985 event_kind="ObserverReported"
2026-09-21T03:23:54.094732Z DEBUG awase::engine::engine: [diag-engine-active] ime_on=true なのに非活性: reason=Inactive(NotRomajiInput) romaji_capable=false japanese=true user_enabled=true was_active=false input_mode=ObservedEisu
2026-09-21T03:23:54.593506Z DEBUG awase_windows::observer::ime_observer: IME snapshot: japanese=Some(true) ime_on=Some(true) romaji=None conv=Some("0x00000010") guard=false
2026-09-21T03:23:54.593638Z DEBUG awase::journal: ime event seq=81 elapsed_ms=19484 event_kind="ObserverReported"
2026-09-21T03:23:54.593719Z DEBUG awase::engine::engine: [diag-engine-active] ime_on=true なのに非活性: reason=Inactive(NotRomajiInput) romaji_capable=false japanese=true user_enabled=true was_active=false input_mode=ObservedEisu
2026-09-21T03:23:55.091646Z DEBUG awase_windows::observer::ime_observer: IME snapshot: japanese=Some(true) ime_on=Some(true) romaji=None conv=Some("0x00000010") guard=false
2026-09-21T03:23:55.091738Z DEBUG awase::journal: ime event seq=82 elapsed_ms=19982 event_kind="ObserverReported"
2026-09-21T03:23:55.091816Z DEBUG awase::engine::engine: [diag-engine-active] ime_on=true なのに非活性: reason=Inactive(NotRomajiInput) romaji_capable=false japanese=true user_enabled=true was_active=false input_mode=ObservedEisu
2026-09-21T03:23:55.182566Z DEBUG awase_windows::hook: [hook] IME-mode vk=0xF3 up self_injected=false injected=false scan=0x29 extra=0x5350494B since_actuation_us=Some(19987365)
2026-09-21T03:23:55.182680Z DEBUG awase::journal: hook ime-mode diagnostic seq=83 elapsed_ms=20073 vk_code=243 is_down=false self_injected=false injected=false scan=41
2026-09-21T03:23:55.182845Z DEBUG awase_windows::hook: [hook] IME-mode vk=0xF4 down self_injected=false injected=false scan=0x29 extra=0x5350494B since_actuation_us=Some(19987657)
2026-09-21T03:23:55.182868Z DEBUG awase_windows::runtime::key_pipeline: [engine-input] vk=0xF3 KeyUp ts=20073561us delay=0ms state=Idle mods(c=false s=false a=false w=false) gas_ctrl=false phys_ctrl=false extra=0x5350494B pending_drain=0 gate_active=false l_thumb=None r_thumb=None [diag-ctx] ime_on=
2026-09-21T03:23:55.182902Z DEBUG awase::engine::engine: [diag-engine-active] ime_on=true なのに非活性: reason=Inactive(NotRomajiInput) romaji_capable=false japanese=true user_enabled=true was_active=false input_mode=ObservedEisu
2026-09-21T03:23:55.182971Z DEBUG awase::journal: key input seq=84 elapsed_ms=20073 vk_code=243 is_down=false injected=false key_class="Passthrough" state_before="Idle" state_after="Idle" decision="PassThrough" physical="Allow" repeat_count=1 last_timestamp_us=20073561 last_elapsed_ms=0
2026-09-21T03:23:55.183046Z DEBUG execute_from_hook: awase_windows::runtime::executor: [relay-passthrough] PassThrough idle: direct OS pass-through (vk=0xf3 up)
2026-09-21T03:23:55.183096Z DEBUG awase::journal: hook ime-mode diagnostic seq=85 elapsed_ms=20074 vk_code=244 is_down=true self_injected=false injected=false scan=41
2026-09-21T03:23:55.183168Z DEBUG awase_windows::runtime::key_pipeline: [engine-input] vk=0xF4 KeyDown ts=20073771us delay=0ms state=Idle mods(c=false s=false a=false w=false) gas_ctrl=false phys_ctrl=false extra=0x5350494B pending_drain=0 gate_active=false l_thumb=None r_thumb=None [diag-ctx] ime_o
2026-09-21T03:23:55.183197Z DEBUG awase::engine::engine: [diag-engine-active] ime_on=true なのに非活性: reason=Inactive(NotRomajiInput) romaji_capable=false japanese=true user_enabled=true was_active=false input_mode=ObservedEisu
2026-09-21T03:23:55.183241Z DEBUG awase::journal: key input seq=86 elapsed_ms=20074 vk_code=244 is_down=true injected=false key_class="Passthrough" state_before="Idle" state_after="Idle" decision="PassThrough" physical="Allow" repeat_count=1 last_timestamp_us=20073771 last_elapsed_ms=0
2026-09-21T03:23:55.183297Z DEBUG awase_windows::runtime::key_pipeline: may_change_ime key passed through → IME refresh scheduled (20ms)
2026-09-21T03:23:55.183336Z  INFO awase_windows::runtime::key_pipeline: [mode-key-follow] mode key PassThrough(vk=0xF4): IME refresh scheduled (20ms)
2026-09-21T03:23:55.183828Z DEBUG awase_windows::runtime::key_pipeline: [key-effect-predict] vk=0xF4 status=Pre: no prediction
2026-09-21T03:23:55.183910Z DEBUG execute_from_hook: awase_windows::runtime::transport: [relay-defer] PassThrough deferred: pending effects, reinject(vk=0xf4 down)
2026-09-21T03:23:55.184029Z DEBUG execute_one{generation=None}: awase_windows::runtime::executor: [reinject] vk=0xf3 up (queued passthrough now firing)
2026-09-21T03:23:55.184087Z DEBUG execute_one{generation=None}: awase_windows::runtime::executor: [reinject] vk=0xf4 down (queued passthrough now firing)
2026-09-21T03:23:55.184226Z DEBUG awase_windows::hook: [hook] IME-mode vk=0xF4 down self_injected=true injected=true scan=0x0 extra=0x4B45594D since_actuation_us=Some(19989038)
2026-09-21T03:23:55.185625Z DEBUG awase::journal: hook ime-mode diagnostic seq=87 elapsed_ms=20076 vk_code=244 is_down=true self_injected=true injected=true scan=0
2026-09-21T03:23:55.197855Z DEBUG awase_windows::tsf::gji_monitor: [gji-io] WRITE: w_ops=+2 w_KB=+0.0 (r_ops=+4 x_ops=+4 x_KB=+0.0)
2026-09-21T03:23:55.216171Z DEBUG awase_windows::runtime::ime_refresh: Explicit intent: bypassing typing-idle guard for IME verify (idle=31ms)
2026-09-21T03:23:55.216228Z DEBUG awase_windows::observer::ime_observer: IME snapshot: japanese=Some(true) ime_on=Some(false) romaji=None conv=Some("0x00000010") guard=false
2026-09-21T03:23:55.216313Z DEBUG awase::journal: ime event seq=88 elapsed_ms=20107 event_kind="ObserverReported"
2026-09-21T03:23:55.216364Z DEBUG awase::journal: ime event seq=89 elapsed_ms=20107 event_kind="ModeKeyPassedThrough"
2026-09-21T03:23:55.216380Z  INFO awase_windows::runtime::ime_refresh: [mode-key-follow] observation arrived after mode key pass: intents invalidated
2026-09-21T03:23:55.278735Z DEBUG awase_windows::runtime::ime_refresh: Explicit intent: bypassing typing-idle guard for IME verify (idle=94ms)
2026-09-21T03:23:55.278794Z DEBUG awase_windows::observer::ime_observer: IME snapshot: japanese=Some(true) ime_on=Some(false) romaji=None conv=Some("0x00000010") guard=false
2026-09-21T03:23:55.278882Z DEBUG awase::journal: ime event seq=90 elapsed_ms=20169 event_kind="ObserverReported"
2026-09-21T03:23:55.278916Z  INFO awase_windows::runtime::ime_refresh: [mode-key-follow] observation arrived after mode key pass: intents invalidated
2026-09-21T03:23:55.346191Z DEBUG awase_windows::runtime::ime_refresh: Explicit intent: bypassing typing-idle guard for IME verify (idle=156ms)
2026-09-21T03:23:55.346262Z DEBUG awase_windows::observer::ime_observer: IME snapshot: japanese=Some(true) ime_on=Some(false) romaji=None conv=Some("0x00000010") guard=false
2026-09-21T03:23:55.346371Z DEBUG awase::journal: ime event seq=91 elapsed_ms=20237 event_kind="ObserverReported"
2026-09-21T03:23:55.346414Z  INFO awase_windows::runtime::ime_refresh: [mode-key-follow] observation arrived after mode key pass: intents invalidated
2026-09-21T03:23:55.403839Z DEBUG awase_windows::runtime::ime_refresh: Explicit intent: bypassing typing-idle guard for IME verify (idle=219ms)
2026-09-21T03:23:55.403894Z DEBUG awase_windows::observer::ime_observer: IME snapshot: japanese=Some(true) ime_on=Some(false) romaji=None conv=Some("0x00000010") guard=false
2026-09-21T03:23:55.403980Z DEBUG awase::journal: ime event seq=92 elapsed_ms=20294 event_kind="ObserverReported"
2026-09-21T03:23:55.404015Z  INFO awase_windows::runtime::ime_refresh: [mode-key-follow] observation arrived after mode key pass: intents invalidated
2026-09-21T03:23:55.470031Z DEBUG awase_windows::runtime::ime_refresh: Explicit intent: bypassing typing-idle guard for IME verify (idle=281ms)
2026-09-21T03:23:55.470133Z DEBUG awase_windows::observer::ime_observer: IME snapshot: japanese=Some(true) ime_on=Some(false) romaji=None conv=Some("0x00000010") guard=false
2026-09-21T03:23:55.470214Z DEBUG awase::journal: ime event seq=93 elapsed_ms=20361 event_kind="ObserverReported"
2026-09-21T03:23:55.470246Z  INFO awase_windows::runtime::ime_refresh: [mode-key-follow] observation arrived after mode key pass: intents invalidated
2026-09-21T03:23:55.529835Z DEBUG awase_windows::runtime::ime_refresh: Skipping observer/SSOT write: typing active (idle=344ms)
2026-09-21T03:23:56.028391Z DEBUG awase_windows::observer::ime_observer: IME snapshot: japanese=Some(true) ime_on=Some(false) romaji=None conv=Some("0x00000010") guard=false
2026-09-21T03:23:56.028440Z DEBUG awase::journal: ime event seq=94 elapsed_ms=20919 event_kind="ObserverReported"
2026-09-21T03:23:56.527935Z DEBUG awase_windows::observer::ime_observer: IME snapshot: japanese=Some(true) ime_on=Some(false) romaji=None conv=Some("0x00000010") guard=false
2026-09-21T03:23:56.528016Z DEBUG awase::journal: ime event seq=95 elapsed_ms=21419 event_kind="ObserverReported"
2026-09-21T03:23:57.032491Z DEBUG awase_windows::observer::ime_observer: IME snapshot: japanese=Some(true) ime_on=Some(false) romaji=None conv=Some("0x00000010") guard=false
2026-09-21T03:23:57.032604Z DEBUG awase::journal: ime event seq=96 elapsed_ms=21923 event_kind="ObserverReported"
2026-09-21T03:23:57.122556Z DEBUG awase_windows::hook: [hook] IME-mode vk=0xF0 up self_injected=false injected=false scan=0x70 extra=0x5350494B since_actuation_us=Some(21927341)
2026-09-21T03:23:57.122865Z DEBUG awase::journal: hook ime-mode diagnostic seq=97 elapsed_ms=22013 vk_code=240 is_down=false self_injected=false injected=false scan=112
2026-09-21T03:23:57.123209Z DEBUG awase_windows::runtime::key_pipeline: [engine-input] vk=0xF0 KeyUp ts=22013613us delay=0ms state=Idle mods(c=false s=false a=false w=false) gas_ctrl=false phys_ctrl=false extra=0x5350494B pending_drain=0 gate_active=false l_thumb=None r_thumb=None [diag-ctx] ime_on=
2026-09-21T03:23:57.123361Z DEBUG awase::journal: key input seq=98 elapsed_ms=22014 vk_code=240 is_down=false injected=false key_class="Passthrough" state_before="Idle" state_after="Idle" decision="PassThrough" physical="Allow" repeat_count=1 last_timestamp_us=22013613 last_elapsed_ms=0
2026-09-21T03:23:57.123520Z DEBUG execute_from_hook: awase_windows::runtime::executor: [relay-passthrough] PassThrough idle: direct OS pass-through (vk=0xf0 up)
2026-09-21T03:23:57.123616Z DEBUG awase_windows::hook: [hook] IME-mode vk=0xF2 down self_injected=false injected=false scan=0x70 extra=0x5350494B since_actuation_us=Some(21928429)
2026-09-21T03:23:57.123761Z DEBUG execute_one{generation=None}: awase_windows::runtime::executor: [reinject] vk=0xf0 up (queued passthrough now firing)
2026-09-21T03:23:57.123928Z DEBUG awase::journal: hook ime-mode diagnostic seq=99 elapsed_ms=22014 vk_code=242 is_down=true self_injected=false injected=false scan=112
2026-09-21T03:23:57.124257Z DEBUG awase_windows::runtime::key_pipeline: [engine-input] vk=0xF2 KeyDown ts=22014784us delay=0ms state=Idle mods(c=false s=false a=false w=false) gas_ctrl=false phys_ctrl=false extra=0x5350494B pending_drain=0 gate_active=false l_thumb=None r_thumb=None [diag-ctx] ime_o
2026-09-21T03:23:57.124371Z DEBUG awase::journal: key input seq=100 elapsed_ms=22015 vk_code=242 is_down=true injected=false key_class="Passthrough" state_before="Idle" state_after="Idle" decision="PassThrough" physical="Allow" repeat_count=1 last_timestamp_us=22014784 last_elapsed_ms=0
2026-09-21T03:23:57.124486Z DEBUG awase_windows::runtime::key_pipeline: may_change_ime key passed through → IME refresh scheduled (20ms)
2026-09-21T03:23:57.124558Z  INFO awase_windows::runtime::key_pipeline: [mode-key-follow] mode key PassThrough(vk=0xF2): IME refresh scheduled (20ms)
2026-09-21T03:23:57.125896Z DEBUG execute_from_hook: awase_windows::runtime::executor: [relay-passthrough] PassThrough idle: direct OS pass-through (vk=0xf2 down)
2026-09-21T03:23:57.126117Z DEBUG execute_one{generation=None}: awase_windows::runtime::executor: [reinject] vk=0xf2 down (queued passthrough now firing)
2026-09-21T03:23:57.126281Z DEBUG awase_windows::hook: [hook] IME-mode vk=0xF0 up self_injected=true injected=false scan=0x0 extra=0x4B45594D since_actuation_us=Some(21931093)
2026-09-21T03:23:57.127861Z DEBUG awase_windows::hook: [hook] IME-mode vk=0xF2 down self_injected=true injected=true scan=0x0 extra=0x4B45594D since_actuation_us=Some(21932665)
2026-09-21T03:23:57.129802Z DEBUG awase::journal: hook ime-mode diagnostic seq=101 elapsed_ms=22020 vk_code=240 is_down=false self_injected=true injected=false scan=0
2026-09-21T03:23:57.129910Z DEBUG awase::journal: hook ime-mode diagnostic seq=102 elapsed_ms=22020 vk_code=242 is_down=true self_injected=true injected=true scan=0
2026-09-21T03:23:57.157497Z DEBUG awase_windows::runtime::ime_refresh: Explicit intent: bypassing typing-idle guard for IME verify (idle=32ms)
2026-09-21T03:23:57.157562Z DEBUG awase_windows::observer::ime_observer: IME snapshot: japanese=Some(true) ime_on=Some(false) romaji=None conv=Some("0x00000010") guard=false
2026-09-21T03:23:57.157650Z DEBUG awase::journal: ime event seq=103 elapsed_ms=22048 event_kind="ObserverReported"
2026-09-21T03:23:57.157803Z DEBUG awase::journal: ime event seq=104 elapsed_ms=22048 event_kind="ModeKeyPassedThrough"
2026-09-21T03:23:57.157840Z  INFO awase_windows::runtime::ime_refresh: [mode-key-follow] observation arrived after mode key pass: intents invalidated
2026-09-21T03:23:57.217945Z DEBUG awase_windows::runtime::ime_refresh: Explicit intent: bypassing typing-idle guard for IME verify (idle=94ms)
2026-09-21T03:23:57.217992Z DEBUG awase_windows::observer::ime_observer: IME snapshot: japanese=Some(true) ime_on=Some(false) romaji=None conv=Some("0x00000010") guard=false
2026-09-21T03:23:57.218052Z DEBUG awase::journal: ime event seq=105 elapsed_ms=22109 event_kind="ObserverReported"
2026-09-21T03:23:57.218075Z  INFO awase_windows::runtime::ime_refresh: [mode-key-follow] observation arrived after mode key pass: intents invalidated
2026-09-21T03:23:57.281296Z DEBUG awase_windows::runtime::ime_refresh: Explicit intent: bypassing typing-idle guard for IME verify (idle=157ms)
2026-09-21T03:23:57.281366Z DEBUG awase_windows::observer::ime_observer: IME snapshot: japanese=Some(true) ime_on=Some(false) romaji=None conv=Some("0x00000010") guard=false
2026-09-21T03:23:57.281474Z DEBUG awase::journal: ime event seq=106 elapsed_ms=22172 event_kind="ObserverReported"
2026-09-21T03:23:57.281516Z  INFO awase_windows::runtime::ime_refresh: [mode-key-follow] observation arrived after mode key pass: intents invalidated
2026-09-21T03:23:57.341677Z DEBUG awase_windows::runtime::ime_refresh: Explicit intent: bypassing typing-idle guard for IME verify (idle=219ms)
2026-09-21T03:23:57.341737Z DEBUG awase_windows::observer::ime_observer: IME snapshot: japanese=Some(true) ime_on=Some(false) romaji=None conv=Some("0x00000010") guard=false
2026-09-21T03:23:57.341823Z DEBUG awase::journal: ime event seq=107 elapsed_ms=22232 event_kind="ObserverReported"
2026-09-21T03:23:57.341857Z  INFO awase_windows::runtime::ime_refresh: [mode-key-follow] observation arrived after mode key pass: intents invalidated
2026-09-21T03:23:57.403984Z DEBUG awase_windows::runtime::ime_refresh: Explicit intent: bypassing typing-idle guard for IME verify (idle=282ms)
2026-09-21T03:23:57.404042Z DEBUG awase_windows::observer::ime_observer: IME snapshot: japanese=Some(true) ime_on=Some(false) romaji=None conv=Some("0x00000010") guard=false
2026-09-21T03:23:57.404128Z DEBUG awase::journal: ime event seq=108 elapsed_ms=22295 event_kind="ObserverReported"
2026-09-21T03:23:57.404162Z  INFO awase_windows::runtime::ime_refresh: [mode-key-follow] observation arrived after mode key pass: intents invalidated
2026-09-21T03:23:57.467362Z DEBUG awase_windows::runtime::ime_refresh: Skipping observer/SSOT write: typing active (idle=344ms)
2026-09-21T03:23:57.968459Z DEBUG awase_windows::observer::ime_observer: IME snapshot: japanese=Some(true) ime_on=Some(false) romaji=None conv=Some("0x00000010") guard=false
2026-09-21T03:23:57.968536Z DEBUG awase::journal: ime event seq=109 elapsed_ms=22859 event_kind="ObserverReported"
2026-09-21T03:23:58.471650Z DEBUG awase_windows::observer::ime_observer: IME snapshot: japanese=Some(true) ime_on=Some(false) romaji=None conv=Some("0x00000010") guard=false
2026-09-21T03:23:58.471775Z DEBUG awase::journal: ime event seq=110 elapsed_ms=23362 event_kind="ObserverReported"
2026-09-21T03:23:58.973624Z DEBUG awase_windows::observer::ime_observer: IME snapshot: japanese=Some(true) ime_on=Some(false) romaji=None conv=Some("0x00000010") guard=false
2026-09-21T03:23:58.973739Z DEBUG awase::journal: ime event seq=111 elapsed_ms=23864 event_kind="ObserverReported"
2026-09-21T03:23:59.060942Z DEBUG awase_windows::runtime::key_pipeline: [engine-input] vk=0x0D KeyDown ts=23951533us delay=0ms state=Idle mods(c=false s=false a=false w=false) gas_ctrl=false phys_ctrl=false extra=0x5350494B pending_drain=0 gate_active=false l_thumb=None r_thumb=None [diag-ctx] ime_o
2026-09-21T03:23:59.061069Z DEBUG awase::journal: key input seq=112 elapsed_ms=23952 vk_code=13 is_down=true injected=false key_class="Passthrough" state_before="Idle" state_after="Idle" decision="PassThrough" physical="Allow" repeat_count=1 last_timestamp_us=23951533 last_elapsed_ms=0
2026-09-21T03:23:59.061200Z DEBUG execute_from_hook: awase_windows::runtime::executor: [relay-passthrough] PassThrough idle: direct OS pass-through (vk=0x0d down)
2026-09-21T03:23:59.061292Z DEBUG execute_one{generation=None}: awase_windows::runtime::executor: [reinject] vk=0x0d down (queued passthrough now firing)
2026-09-21T03:23:59.185310Z DEBUG awase_windows::runtime::key_pipeline: [engine-input] vk=0x0D KeyUp ts=24075793us delay=0ms state=Idle mods(c=false s=false a=false w=false) gas_ctrl=false phys_ctrl=false extra=0x5350494B pending_drain=0 gate_active=false l_thumb=None r_thumb=None [diag-ctx] ime_on=
2026-09-21T03:23:59.185402Z DEBUG awase::journal: key input seq=113 elapsed_ms=24076 vk_code=13 is_down=false injected=false key_class="Passthrough" state_before="Idle" state_after="Idle" decision="PassThrough" physical="Allow" repeat_count=1 last_timestamp_us=24075793 last_elapsed_ms=0
2026-09-21T03:23:59.185554Z DEBUG execute_from_hook: awase_windows::runtime::executor: [relay-passthrough] PassThrough idle: direct OS pass-through (vk=0x0d up)
2026-09-21T03:23:59.185617Z DEBUG execute_one{generation=None}: awase_windows::runtime::executor: [reinject] vk=0x0d up (queued passthrough now firing)
2026-09-21T03:23:59.484653Z DEBUG awase_windows::runtime::ime_refresh: Skipping observer/SSOT write: typing active (idle=297ms)
2026-09-21T03:23:59.988420Z DEBUG awase_windows::observer::ime_observer: IME snapshot: japanese=Some(true) ime_on=Some(false) romaji=None conv=Some("0x00000010") guard=false
2026-09-21T03:23:59.988494Z DEBUG awase::journal: ime event seq=114 elapsed_ms=24879 event_kind="ObserverReported"
2026-09-21T03:24:00.368399Z DEBUG awase_windows::tsf::gji_monitor: [gji-io] WRITE: w_ops=+1 w_KB=+0.0 (r_ops=+2 x_ops=+4 x_KB=+0.0)
2026-09-21T03:24:00.385554Z DEBUG awase_windows::tsf::gji_monitor: [gji-io] WRITE: w_ops=+1 w_KB=+0.0 (r_ops=+1 x_ops=+3 x_KB=+0.0)
2026-09-21T03:24:00.399436Z DEBUG awase_windows::tsf::gji_monitor: [gji-io] r_ops=+0 w_ops=+0 x_ops=+4 read_KB=+0.0 x_KB=+0.0
2026-09-21T03:24:00.430867Z DEBUG awase_windows::tsf::gji_monitor: [gji-io] WRITE: w_ops=+3 w_KB=+576.3 (r_ops=+0 x_ops=+17 x_KB=+0.0)
2026-09-21T03:24:00.446619Z DEBUG awase_windows::tsf::gji_monitor: [gji-io] r_ops=+0 w_ops=+0 x_ops=+74 read_KB=+0.0 x_KB=+0.0
2026-09-21T03:24:00.484947Z DEBUG awase_windows::observer::ime_observer: IME snapshot: japanese=Some(true) ime_on=Some(false) romaji=None conv=Some("0x00000010") guard=false
2026-09-21T03:24:00.485083Z DEBUG awase::journal: ime event seq=115 elapsed_ms=25376 event_kind="ObserverReported"
2026-09-21T03:24:00.979363Z DEBUG awase_windows::observer::ime_observer: IME snapshot: japanese=Some(true) ime_on=Some(false) romaji=None conv=Some("0x00000010") guard=false
2026-09-21T03:24:00.979456Z DEBUG awase::journal: ime event seq=116 elapsed_ms=25870 event_kind="ObserverReported"
2026-09-21T03:24:00.992468Z DEBUG awase_windows::runtime::key_pipeline: [engine-input] vk=0x1C KeyDown ts=25883164us delay=0ms state=Idle mods(c=false s=false a=false w=false) gas_ctrl=false phys_ctrl=false extra=0x5350494B pending_drain=0 gate_active=false l_thumb=None r_thumb=Some(25883152) [diag-
2026-09-21T03:24:00.992557Z DEBUG awase::journal: key input seq=117 elapsed_ms=25883 vk_code=28 is_down=true injected=false key_class="RightThumb" state_before="Idle" state_after="Idle" decision="PassThrough" physical="Allow" repeat_count=1 last_timestamp_us=25883164 last_elapsed_ms=0
2026-09-21T03:24:00.992635Z  INFO awase_windows::runtime::key_pipeline: [mode-key-follow] mode key PassThrough(vk=0x1C): IME refresh scheduled (20ms)
2026-09-21T03:24:00.993128Z DEBUG awase_windows::runtime::key_pipeline: [key-effect-predict] vk=0x1C status=Direct: no prediction
2026-09-21T03:24:00.993269Z DEBUG execute_one{generation=None}: awase_windows::runtime::executor: [reinject] vk=0x1c down (queued passthrough now firing)
2026-09-21T03:24:01.007987Z DEBUG awase_windows::tsf::gji_monitor: [gji-io] WRITE: w_ops=+2 w_KB=+0.0 (r_ops=+4 x_ops=+4 x_KB=+0.0)
2026-09-21T03:24:01.025802Z DEBUG awase_windows::runtime::ime_refresh: Explicit intent: bypassing typing-idle guard for IME verify (idle=32ms)
2026-09-21T03:24:01.025867Z DEBUG awase_windows::observer::ime_observer: IME snapshot: japanese=Some(true) ime_on=Some(true) romaji=None conv=Some("0x00000010") guard=false
2026-09-21T03:24:01.025963Z DEBUG awase::journal: ime event seq=118 elapsed_ms=25916 event_kind="ObserverReported"
2026-09-21T03:24:01.026023Z DEBUG awase::journal: ime event seq=119 elapsed_ms=25917 event_kind="ModeKeyPassedThrough"
2026-09-21T03:24:01.026040Z  INFO awase_windows::runtime::ime_refresh: [mode-key-follow] observation arrived after mode key pass: intents invalidated
2026-09-21T03:24:01.026121Z DEBUG awase::engine::engine: [diag-engine-active] ime_on=true なのに非活性: reason=Inactive(NotRomajiInput) romaji_capable=false japanese=true user_enabled=true was_active=false input_mode=ObservedEisu
2026-09-21T03:24:01.089610Z DEBUG awase_windows::runtime::ime_refresh: Explicit intent: bypassing typing-idle guard for IME verify (idle=94ms)
2026-09-21T03:24:01.089671Z DEBUG awase_windows::observer::ime_observer: IME snapshot: japanese=Some(true) ime_on=Some(true) romaji=None conv=Some("0x00000010") guard=false
2026-09-21T03:24:01.089764Z DEBUG awase::journal: ime event seq=120 elapsed_ms=25980 event_kind="ObserverReported"
2026-09-21T03:24:01.089800Z  INFO awase_windows::runtime::ime_refresh: [mode-key-follow] observation arrived after mode key pass: intents invalidated
2026-09-21T03:24:01.089873Z DEBUG awase::engine::engine: [diag-engine-active] ime_on=true なのに非活性: reason=Inactive(NotRomajiInput) romaji_capable=false japanese=true user_enabled=true was_active=false input_mode=ObservedEisu
2026-09-21T03:24:01.119384Z DEBUG awase_windows::runtime::key_pipeline: [engine-input] vk=0x1C KeyUp ts=26009814us delay=0ms state=Idle mods(c=false s=false a=false w=false) gas_ctrl=false phys_ctrl=false extra=0x5350494B pending_drain=0 gate_active=false l_thumb=None r_thumb=None [diag-ctx] ime_on=
2026-09-21T03:24:01.119479Z DEBUG awase::engine::engine: [diag-engine-active] ime_on=true なのに非活性: reason=Inactive(NotRomajiInput) romaji_capable=false japanese=true user_enabled=true was_active=false input_mode=ObservedEisu
2026-09-21T03:24:01.119610Z DEBUG awase::journal: key input seq=121 elapsed_ms=26010 vk_code=28 is_down=false injected=false key_class="RightThumb" state_before="Idle" state_after="Idle" decision="PassThrough" physical="Allow" repeat_count=1 last_timestamp_us=26009814 last_elapsed_ms=0
2026-09-21T03:24:01.119875Z DEBUG execute_one{generation=None}: awase_windows::runtime::executor: [reinject] vk=0x1c up (queued passthrough now firing)
2026-09-21T03:24:01.155251Z DEBUG awase_windows::runtime::ime_refresh: Explicit intent: bypassing typing-idle guard for IME verify (idle=32ms)
2026-09-21T03:24:01.155447Z DEBUG awase_windows::observer::ime_observer: IME snapshot: japanese=Some(true) ime_on=Some(true) romaji=None conv=Some("0x00000010") guard=false
2026-09-21T03:24:01.155575Z DEBUG awase::journal: ime event seq=122 elapsed_ms=26046 event_kind="ObserverReported"
2026-09-21T03:24:01.155625Z  INFO awase_windows::runtime::ime_refresh: [mode-key-follow] observation arrived after mode key pass: intents invalidated
2026-09-21T03:24:01.155724Z DEBUG awase::engine::engine: [diag-engine-active] ime_on=true なのに非活性: reason=Inactive(NotRomajiInput) romaji_capable=false japanese=true user_enabled=true was_active=false input_mode=ObservedEisu
2026-09-21T03:24:01.215954Z DEBUG awase_windows::runtime::ime_refresh: Explicit intent: bypassing typing-idle guard for IME verify (idle=94ms)
2026-09-21T03:24:01.216036Z DEBUG awase_windows::observer::ime_observer: IME snapshot: japanese=Some(true) ime_on=Some(true) romaji=None conv=Some("0x00000010") guard=false
2026-09-21T03:24:01.216174Z DEBUG awase::journal: ime event seq=123 elapsed_ms=26107 event_kind="ObserverReported"
2026-09-21T03:24:01.216233Z  INFO awase_windows::runtime::ime_refresh: [mode-key-follow] observation arrived after mode key pass: intents invalidated
2026-09-21T03:24:01.216343Z DEBUG awase::engine::engine: [diag-engine-active] ime_on=true なのに非活性: reason=Inactive(NotRomajiInput) romaji_capable=false japanese=true user_enabled=true was_active=false input_mode=ObservedEisu
2026-09-21T03:24:01.280800Z DEBUG awase_windows::runtime::ime_refresh: Explicit intent: bypassing typing-idle guard for IME verify (idle=157ms)
2026-09-21T03:24:01.280877Z DEBUG awase_windows::observer::ime_observer: IME snapshot: japanese=Some(true) ime_on=Some(true) romaji=None conv=Some("0x00000010") guard=false
2026-09-21T03:24:01.280992Z DEBUG awase::journal: ime event seq=124 elapsed_ms=26171 event_kind="ObserverReported"
2026-09-21T03:24:01.281037Z  INFO awase_windows::runtime::ime_refresh: [mode-key-follow] observation arrived after mode key pass: intents invalidated
2026-09-21T03:24:01.281132Z DEBUG awase::engine::engine: [diag-engine-active] ime_on=true なのに非活性: reason=Inactive(NotRomajiInput) romaji_capable=false japanese=true user_enabled=true was_active=false input_mode=ObservedEisu
2026-09-21T03:24:01.345262Z DEBUG awase_windows::runtime::ime_refresh: Skipping observer/SSOT write: typing active (idle=219ms)
2026-09-21T03:24:01.345404Z DEBUG awase::engine::engine: [diag-engine-active] ime_on=true なのに非活性: reason=Inactive(NotRomajiInput) romaji_capable=false japanese=true user_enabled=true was_active=false input_mode=ObservedEisu
2026-09-21T03:24:01.431655Z DEBUG awase_windows::tsf::gji_fsm: [gji-fsm] LongIdle timeout → OnCold(Long, NotStarted)
2026-09-21T03:24:01.431725Z DEBUG awase::journal: gji fsm transition seq=125 elapsed_ms=26322 trigger="LongIdleTimeout" state_before="OnWarm" state_after="OnCold(Long)"
2026-09-21T03:24:01.844808Z DEBUG awase_windows::observer::ime_observer: IME snapshot: japanese=Some(true) ime_on=Some(true) romaji=None conv=Some("0x00000010") guard=false
2026-09-21T03:24:01.844863Z DEBUG awase::journal: ime event seq=126 elapsed_ms=26735 event_kind="ObserverReported"
2026-09-21T03:24:01.844912Z DEBUG awase::engine::engine: [diag-engine-active] ime_on=true なのに非活性: reason=Inactive(NotRomajiInput) romaji_capable=false japanese=true user_enabled=true was_active=false input_mode=ObservedEisu
2026-09-21T03:24:02.346179Z DEBUG awase_windows::observer::ime_observer: IME snapshot: japanese=Some(true) ime_on=Some(true) romaji=None conv=Some("0x00000010") guard=false
2026-09-21T03:24:02.346292Z DEBUG awase::journal: ime event seq=127 elapsed_ms=27237 event_kind="ObserverReported"
2026-09-21T03:24:02.346383Z DEBUG awase::engine::engine: [diag-engine-active] ime_on=true なのに非活性: reason=Inactive(NotRomajiInput) romaji_capable=false japanese=true user_enabled=true was_active=false input_mode=ObservedEisu
2026-09-21T03:24:02.844392Z DEBUG awase_windows::observer::ime_observer: IME snapshot: japanese=Some(true) ime_on=Some(true) romaji=None conv=Some("0x00000010") guard=false
2026-09-21T03:24:02.844499Z DEBUG awase::journal: ime event seq=128 elapsed_ms=27735 event_kind="ObserverReported"
2026-09-21T03:24:02.844583Z DEBUG awase::engine::engine: [diag-engine-active] ime_on=true なのに非活性: reason=Inactive(NotRomajiInput) romaji_capable=false japanese=true user_enabled=true was_active=false input_mode=ObservedEisu
2026-09-21T03:24:02.933603Z DEBUG awase_windows::hook: [hook] IME-mode vk=0xF0 up self_injected=false injected=false scan=0x70 extra=0x5350494B since_actuation_us=Some(27738395)
2026-09-21T03:24:02.933778Z DEBUG awase::journal: hook ime-mode diagnostic seq=129 elapsed_ms=27824 vk_code=240 is_down=false self_injected=false injected=false scan=112
2026-09-21T03:24:02.933974Z DEBUG awase_windows::hook: [hook] IME-mode vk=0xF2 down self_injected=false injected=false scan=0x70 extra=0x5350494B since_actuation_us=Some(27738785)
2026-09-21T03:24:02.934075Z DEBUG awase_windows::runtime::key_pipeline: [engine-input] vk=0xF0 KeyUp ts=27824590us delay=0ms state=Idle mods(c=false s=false a=false w=false) gas_ctrl=false phys_ctrl=false extra=0x5350494B pending_drain=0 gate_active=false l_thumb=None r_thumb=None [diag-ctx] ime_on=
2026-09-21T03:24:02.934116Z DEBUG awase::engine::engine: [diag-engine-active] ime_on=true なのに非活性: reason=Inactive(NotRomajiInput) romaji_capable=false japanese=true user_enabled=true was_active=false input_mode=ObservedEisu
2026-09-21T03:24:02.934185Z DEBUG awase::journal: key input seq=130 elapsed_ms=27825 vk_code=240 is_down=false injected=false key_class="Passthrough" state_before="Idle" state_after="Idle" decision="PassThrough" physical="Allow" repeat_count=1 last_timestamp_us=27824590 last_elapsed_ms=0
2026-09-21T03:24:02.934339Z DEBUG execute_from_hook: awase_windows::runtime::executor: [relay-passthrough] PassThrough idle: direct OS pass-through (vk=0xf0 up)
2026-09-21T03:24:02.934401Z DEBUG awase::journal: hook ime-mode diagnostic seq=131 elapsed_ms=27825 vk_code=242 is_down=true self_injected=false injected=false scan=112
2026-09-21T03:24:02.934487Z DEBUG awase_windows::runtime::key_pipeline: [engine-input] vk=0xF2 KeyDown ts=27824907us delay=0ms state=Idle mods(c=false s=false a=false w=false) gas_ctrl=false phys_ctrl=false extra=0x5350494B pending_drain=0 gate_active=false l_thumb=None r_thumb=None [diag-ctx] ime_o
2026-09-21T03:24:02.934522Z DEBUG awase::engine::engine: [diag-engine-active] ime_on=true なのに非活性: reason=Inactive(NotRomajiInput) romaji_capable=false japanese=true user_enabled=true was_active=false input_mode=ObservedEisu
2026-09-21T03:24:02.934577Z DEBUG awase::journal: key input seq=132 elapsed_ms=27825 vk_code=242 is_down=true injected=false key_class="Passthrough" state_before="Idle" state_after="Idle" decision="PassThrough" physical="Allow" repeat_count=1 last_timestamp_us=27824907 last_elapsed_ms=0
2026-09-21T03:24:02.934645Z DEBUG awase_windows::runtime::key_pipeline: may_change_ime key passed through → IME refresh scheduled (20ms)
2026-09-21T03:24:02.934691Z  INFO awase_windows::runtime::key_pipeline: [mode-key-follow] mode key PassThrough(vk=0xF2): IME refresh scheduled (20ms)
2026-09-21T03:24:02.935462Z  INFO awase_windows::runtime::key_pipeline: [key-effect-predict] vk=0xF2 status=Pre open=None mode=Some(AssumedRomaji { reason: KeyEffectPrediction })
2026-09-21T03:24:02.935539Z DEBUG awase::journal: ime event seq=133 elapsed_ms=27826 event_kind="KeyEffectPredicted"
2026-09-21T03:24:02.935615Z  INFO awase::engine::engine: Engine activated (ime=true, romaji=true, japanese=true, user=true, reason=Active)
2026-09-21T03:24:02.935760Z DEBUG execute_from_loop:execute_one{generation=None}:dispatch_ime_set_open{open=true generation=None}: awase_windows::runtime::executor: [dispatch-ime] ImmCross async: optimistic applied_snapshot=true (suppress send_engine_state_ime_key)
2026-09-21T03:24:02.937110Z DEBUG execute_from_loop:execute_one{generation=None}: awase_windows::platform: [engine-state-key] suppressed (polling/focus-triggered, enabled=true)
2026-09-21T03:24:02.937229Z DEBUG awase_windows::tsf::probe: [composition] marked cold reason=F2NonTsf idle=13422ms → next VK/TSF output will send VK_DBE_HIRAGANA warmup
2026-09-21T03:24:02.937352Z DEBUG execute_from_hook: awase_windows::runtime::transport: [relay-defer] PassThrough deferred: pending effects, reinject(vk=0xf2 down)
2026-09-21T03:24:02.937403Z DEBUG awase::journal: gji fsm transition seq=134 elapsed_ms=27828 trigger="CompositionReset(gji_idle_ms=1922)" state_before="OnCold(Long)" state_after="OnCold(Short)"
2026-09-21T03:24:02.937465Z DEBUG execute_one{generation=None}: awase_windows::runtime::executor: [reinject] vk=0xf0 up (queued passthrough now firing)
2026-09-21T03:24:02.937527Z DEBUG execute_one{generation=None}: awase_windows::runtime::executor: [reinject] vk=0xf2 down (queued passthrough now firing)
2026-09-21T03:24:02.937795Z DEBUG awase_windows::hook: [hook] IME-mode vk=0xF0 up self_injected=true injected=false scan=0x0 extra=0x4B45594D since_actuation_us=Some(27742605)
2026-09-21T03:24:02.941854Z DEBUG awase_windows::hook: [hook] IME-mode vk=0xF2 down self_injected=true injected=true scan=0x0 extra=0x4B45594D since_actuation_us=Some(27746659)
2026-09-21T03:24:02.943225Z DEBUG awase::journal: hook ime-mode diagnostic seq=135 elapsed_ms=27834 vk_code=240 is_down=false self_injected=true injected=false scan=0
2026-09-21T03:24:02.943267Z DEBUG awase::journal: hook ime-mode diagnostic seq=136 elapsed_ms=27834 vk_code=242 is_down=true self_injected=true injected=true scan=0
2026-09-21T03:24:02.943577Z DEBUG run_open_chain_async: awase_windows::ime_controller: [warrant-shadow] chain=async open=true origin=EventOrigin { source: SelfActuated { strategy: "engine_decision_async" }, epoch: Generation(0) } warranted
2026-09-21T03:24:02.943669Z  INFO run_open_chain_async:imm_cross_write{open=true}: awase_windows::runtime::open_chain: [apply-ime] ImmCross async: open=true composition_active=false show_seq=0 change_seq=0 (issue #138診断)
2026-09-21T03:24:02.946505Z DEBUG awase_windows::shadow_send_trace: [shadow-send] channel=ImeControl cmd=0x0006 lparam=1 issue_us=27836995
2026-09-21T03:24:02.946500Z DEBUG awase_windows::tsf::gji_monitor: [gji-io] WRITE: w_ops=+2 w_KB=+0.0 (r_ops=+4 x_ops=+4 x_KB=+0.0)
2026-09-21T03:24:02.946522Z DEBUG awase_windows::ime: set_ime_open_for_target: hwnd=HWND(0x300836) ime_wnd=HWND(0x4092a) open=true success=true send_elapsed=0ms candidate_visible=false
2026-09-21T03:24:02.946873Z DEBUG run_open_chain_async:imm_cross_write{open=true}: awase_windows::ime: [imm-cross-actuate] hwnd=HWND(0x300836) open=Written conv=Some(Written)
2026-09-21T03:24:02.946925Z DEBUG run_open_chain_async:imm_cross_write{open=true}: awase_windows::runtime::open_chain: [apply-ime] ROMAN 補完結果: Written
2026-09-21T03:24:02.946984Z DEBUG run_open_chain_async: awase::journal: actuation decision seq=137 elapsed_ms=27837 site="DispatchImeSetOpen" caller="None" open=true chain_len=4 attempts_len=1 gate_profile="Standard" gate_kind="Gji" gate_shadow_known=true gate_shadow_on=true gate_input_mode="Assumed
2026-09-21T03:24:02.947747Z DEBUG on_ime_apply_complete{open=true outcome=AppliedWithoutSendInput generation=None reason=EngineDecision}: awase::journal: ime open applied seq=138 elapsed_ms=27838 open=true outcome="AppliedWithoutSendInput" reason="EngineDecision"
2026-09-21T03:24:02.947855Z DEBUG on_ime_apply_complete{open=true outcome=AppliedWithoutSendInput generation=None reason=EngineDecision}: awase_windows::tsf::ime_mode_fsm: [ime-mode] SetOpen(true) applied → Hiragana (belief, unconfirmed)
2026-09-21T03:24:02.947953Z DEBUG on_ime_apply_complete{open=true outcome=AppliedWithoutSendInput generation=None reason=EngineDecision}: awase_windows::platform: [composition] ImeEffect::SetOpen(true) → marking cold
2026-09-21T03:24:02.947980Z DEBUG on_ime_apply_complete{open=true outcome=AppliedWithoutSendInput generation=None reason=EngineDecision}: awase_windows::tsf::probe: [composition] marked cold reason=SetOpenTrue idle=13438ms → next VK/TSF output will send VK_DBE_HIRAGANA warmup
2026-09-21T03:24:02.948038Z DEBUG on_ime_apply_complete{open=true outcome=AppliedWithoutSendInput generation=None reason=EngineDecision}:gji_on_event{event=ImeOn { injection_mode: Unicode, gji_idle_ms: 0 }}: awase_windows::tsf::gji_fsm: [gji-fsm] ImeOn: already on (OnCold(Short)), ignored
2026-09-21T03:24:02.948163Z DEBUG awase::journal: gji fsm transition seq=139 elapsed_ms=27839 trigger="ImeOn(gji_idle_ms=0)" state_before="OnCold(Short)" state_after="OnCold(Short)"
2026-09-21T03:24:02.980713Z DEBUG awase_windows::runtime::ime_refresh: Explicit intent: bypassing typing-idle guard for IME verify (idle=47ms)
2026-09-21T03:24:02.980773Z DEBUG awase_windows::observer::ime_observer: IME snapshot: japanese=Some(true) ime_on=Some(true) romaji=Some(true) conv=Some("0x00000019") guard=false
2026-09-21T03:24:02.980865Z DEBUG awase::journal: ime event seq=140 elapsed_ms=27871 event_kind="ObserverReported"
2026-09-21T03:24:02.980904Z DEBUG reduce: awase_windows::state::ime_model: [key-effect-fence] axis=mode stale observation ignored: observed=ObservedRomaji predicted=AssumedRomaji { reason: KeyEffectPrediction } age_ms=47
2026-09-21T03:24:02.980943Z DEBUG awase::journal: ime event seq=141 elapsed_ms=27871 event_kind="InputModeObserved"
2026-09-21T03:24:02.980994Z DEBUG awase::journal: ime event seq=142 elapsed_ms=27871 event_kind="ModeKeyPassedThrough"
2026-09-21T03:24:02.981011Z  INFO awase_windows::runtime::ime_refresh: [mode-key-follow] observation arrived after mode key pass: intents invalidated
2026-09-21T03:24:03.044254Z DEBUG awase_windows::runtime::ime_refresh: Explicit intent: bypassing typing-idle guard for IME verify (idle=109ms)
2026-09-21T03:24:03.044313Z DEBUG awase_windows::observer::ime_observer: IME snapshot: japanese=Some(true) ime_on=Some(true) romaji=Some(true) conv=Some("0x00000019") guard=false
2026-09-21T03:24:03.044401Z DEBUG awase::journal: ime event seq=143 elapsed_ms=27935 event_kind="ObserverReported"
2026-09-21T03:24:03.044438Z DEBUG reduce: awase_windows::state::ime_model: [key-effect-confirmed] axis=mode value=ObservedRomaji
2026-09-21T03:24:03.044471Z DEBUG awase::journal: ime event seq=144 elapsed_ms=27935 event_kind="InputModeObserved"
2026-09-21T03:24:03.044500Z  INFO awase_windows::runtime::ime_refresh: [mode-key-follow] observation arrived after mode key pass: intents invalidated
2026-09-21T03:24:03.106516Z DEBUG awase_windows::runtime::ime_refresh: Explicit intent: bypassing typing-idle guard for IME verify (idle=172ms)
2026-09-21T03:24:03.106571Z DEBUG awase_windows::observer::ime_observer: IME snapshot: japanese=Some(true) ime_on=Some(true) romaji=Some(true) conv=Some("0x00000019") guard=false
2026-09-21T03:24:03.106652Z DEBUG awase::journal: ime event seq=145 elapsed_ms=27997 event_kind="ObserverReported"
2026-09-21T03:24:03.106687Z DEBUG awase::journal: ime event seq=146 elapsed_ms=27997 event_kind="InputModeObserved"
2026-09-21T03:24:03.106715Z  INFO awase_windows::runtime::ime_refresh: [mode-key-follow] observation arrived after mode key pass: intents invalidated
2026-09-21T03:24:03.170380Z DEBUG awase_windows::runtime::ime_refresh: Explicit intent: bypassing typing-idle guard for IME verify (idle=234ms)
2026-09-21T03:24:03.170434Z DEBUG awase_windows::observer::ime_observer: IME snapshot: japanese=Some(true) ime_on=Some(true) romaji=Some(true) conv=Some("0x00000019") guard=false
2026-09-21T03:24:03.170515Z DEBUG awase::journal: ime event seq=147 elapsed_ms=28061 event_kind="ObserverReported"
2026-09-21T03:24:03.170549Z DEBUG awase::journal: ime event seq=148 elapsed_ms=28061 event_kind="InputModeObserved"
2026-09-21T03:24:03.170575Z  INFO awase_windows::runtime::ime_refresh: [mode-key-follow] observation arrived after mode key pass: intents invalidated
2026-09-21T03:24:03.234287Z DEBUG awase_windows::runtime::ime_refresh: Explicit intent: bypassing typing-idle guard for IME verify (idle=297ms)
2026-09-21T03:24:03.234343Z DEBUG awase_windows::observer::ime_observer: IME snapshot: japanese=Some(true) ime_on=Some(true) romaji=Some(true) conv=Some("0x00000019") guard=false
2026-09-21T03:24:03.234430Z DEBUG awase::journal: ime event seq=149 elapsed_ms=28125 event_kind="ObserverReported"
2026-09-21T03:24:03.234465Z DEBUG awase::journal: ime event seq=150 elapsed_ms=28125 event_kind="InputModeObserved"
2026-09-21T03:24:03.234493Z  INFO awase_windows::runtime::ime_refresh: [mode-key-follow] observation arrived after mode key pass: intents invalidated
2026-09-21T03:24:03.296532Z DEBUG awase_windows::runtime::ime_refresh: Skipping observer/SSOT write: typing active (idle=359ms)
2026-09-21T03:24:03.798868Z DEBUG awase_windows::observer::ime_observer: IME snapshot: japanese=Some(true) ime_on=Some(true) romaji=Some(true) conv=Some("0x00000019") guard=false
2026-09-21T03:24:03.798955Z DEBUG awase::journal: ime event seq=151 elapsed_ms=28689 event_kind="ObserverReported"
2026-09-21T03:24:03.798991Z DEBUG awase::journal: ime event seq=152 elapsed_ms=28689 event_kind="InputModeObserved"
2026-09-21T03:24:04.300428Z DEBUG awase_windows::observer::ime_observer: IME snapshot: japanese=Some(true) ime_on=Some(true) romaji=Some(true) conv=Some("0x00000019") guard=false
2026-09-21T03:24:04.300510Z DEBUG awase::journal: ime event seq=153 elapsed_ms=29191 event_kind="ObserverReported"
2026-09-21T03:24:04.300544Z DEBUG awase::journal: ime event seq=154 elapsed_ms=29191 event_kind="InputModeObserved"
2026-09-21T03:24:04.800384Z DEBUG awase_windows::observer::ime_observer: IME snapshot: japanese=Some(true) ime_on=Some(true) romaji=Some(true) conv=Some("0x00000019") guard=false
2026-09-21T03:24:04.800460Z DEBUG awase::journal: ime event seq=155 elapsed_ms=29691 event_kind="ObserverReported"
2026-09-21T03:24:04.800491Z DEBUG awase::journal: ime event seq=156 elapsed_ms=29691 event_kind="InputModeObserved"
2026-09-21T03:24:04.876407Z DEBUG awase_windows::hook: [hook] IME-mode vk=0xF4 up self_injected=false injected=false scan=0x29 extra=0x5350494B since_actuation_us=Some(29681208)
2026-09-21T03:24:04.876518Z DEBUG awase::journal: hook ime-mode diagnostic seq=157 elapsed_ms=29767 vk_code=244 is_down=false self_injected=false injected=false scan=41
2026-09-21T03:24:04.876651Z DEBUG awase_windows::hook: [hook] IME-mode vk=0xF3 down self_injected=false injected=false scan=0x29 extra=0x5350494B since_actuation_us=Some(29681456)
2026-09-21T03:24:04.876688Z DEBUG awase_windows::runtime::key_pipeline: [engine-input] vk=0xF4 KeyUp ts=29767388us delay=0ms state=Idle mods(c=false s=false a=false w=false) gas_ctrl=false phys_ctrl=false extra=0x5350494B pending_drain=0 gate_active=false l_thumb=None r_thumb=None [diag-ctx] ime_on=
2026-09-21T03:24:04.876777Z DEBUG awase::journal: key input seq=158 elapsed_ms=29767 vk_code=244 is_down=false injected=false key_class="Passthrough" state_before="Idle" state_after="Idle" decision="PassThrough" physical="Allow" repeat_count=1 last_timestamp_us=29767388 last_elapsed_ms=0
2026-09-21T03:24:04.876831Z DEBUG execute_from_hook: awase_windows::runtime::transport: [relay-sym] PassThrough KeyUp vk=0xf4: KeyDown was deferred → force reinject for symmetry
2026-09-21T03:24:04.876895Z DEBUG awase::journal: hook ime-mode diagnostic seq=159 elapsed_ms=29767 vk_code=243 is_down=true self_injected=false injected=false scan=41
2026-09-21T03:24:04.876989Z DEBUG awase_windows::runtime::key_pipeline: [engine-input] vk=0xF3 KeyDown ts=29767601us delay=0ms state=Idle mods(c=false s=false a=false w=false) gas_ctrl=false phys_ctrl=false extra=0x5350494B pending_drain=0 gate_active=false l_thumb=None r_thumb=None [diag-ctx] ime_o
2026-09-21T03:24:04.877054Z DEBUG awase::journal: key input seq=160 elapsed_ms=29768 vk_code=243 is_down=true injected=false key_class="Passthrough" state_before="Idle" state_after="Idle" decision="PassThrough" physical="Allow" repeat_count=1 last_timestamp_us=29767601 last_elapsed_ms=0
2026-09-21T03:24:04.877118Z DEBUG awase_windows::runtime::key_pipeline: may_change_ime key passed through → IME refresh scheduled (20ms)
2026-09-21T03:24:04.877158Z  INFO awase_windows::runtime::key_pipeline: [mode-key-follow] mode key PassThrough(vk=0xF3): IME refresh scheduled (20ms)
2026-09-21T03:24:04.877631Z DEBUG awase_windows::runtime::key_pipeline: [key-effect-predict] vk=0xF3 status=Pre: no prediction
2026-09-21T03:24:04.877709Z DEBUG execute_from_hook: awase_windows::runtime::transport: [relay-defer] PassThrough deferred: pending effects, reinject(vk=0xf3 down)
2026-09-21T03:24:04.877796Z DEBUG execute_one{generation=None}: awase_windows::runtime::executor: [reinject] vk=0xf4 up (queued passthrough now firing)
2026-09-21T03:24:04.877872Z DEBUG execute_one{generation=None}: awase_windows::runtime::executor: [reinject] vk=0xf3 down (queued passthrough now firing)
2026-09-21T03:24:04.877999Z DEBUG awase_windows::hook: [hook] IME-mode vk=0xF4 up self_injected=true injected=true scan=0x0 extra=0x4B45594D since_actuation_us=Some(29682809)
2026-09-21T03:24:04.879723Z DEBUG awase_windows::hook: [hook] IME-mode vk=0xF3 up self_injected=true injected=false scan=0x0 extra=0x4B45594D since_actuation_us=Some(29684532)
2026-09-21T03:24:04.881130Z DEBUG awase_windows::hook: [hook] IME-mode vk=0xF4 down self_injected=true injected=true scan=0x0 extra=0x4B45594D since_actuation_us=Some(29685939)
2026-09-21T03:24:04.882623Z DEBUG awase::journal: hook ime-mode diagnostic seq=161 elapsed_ms=29773 vk_code=244 is_down=false self_injected=true injected=true scan=0
2026-09-21T03:24:04.882658Z DEBUG awase::journal: hook ime-mode diagnostic seq=162 elapsed_ms=29773 vk_code=243 is_down=false self_injected=true injected=false scan=0
2026-09-21T03:24:04.882681Z DEBUG awase::journal: hook ime-mode diagnostic seq=163 elapsed_ms=29773 vk_code=244 is_down=true self_injected=true injected=true scan=0
2026-09-21T03:24:04.891812Z DEBUG awase_windows::tsf::gji_monitor: [gji-io] WRITE: w_ops=+2 w_KB=+0.0 (r_ops=+4 x_ops=+4 x_KB=+0.0)
2026-09-21T03:24:04.910955Z DEBUG awase_windows::runtime::ime_refresh: Explicit intent: bypassing typing-idle guard for IME verify (idle=32ms)
2026-09-21T03:24:04.911017Z DEBUG awase_windows::observer::ime_observer: IME snapshot: japanese=Some(true) ime_on=Some(false) romaji=Some(true) conv=Some("0x00000019") guard=false
2026-09-21T03:24:04.911110Z DEBUG awase::journal: ime event seq=164 elapsed_ms=29802 event_kind="ObserverReported"
2026-09-21T03:24:04.911150Z DEBUG awase::journal: ime event seq=165 elapsed_ms=29802 event_kind="InputModeObserved"
2026-09-21T03:24:04.911200Z DEBUG awase::journal: ime event seq=166 elapsed_ms=29802 event_kind="ModeKeyPassedThrough"
2026-09-21T03:24:04.911217Z  INFO awase_windows::runtime::ime_refresh: [mode-key-follow] observation arrived after mode key pass: intents invalidated
2026-09-21T03:24:04.911329Z  INFO awase::engine::engine: Engine deactivated (ime=false, romaji=true, japanese=true, user=true, reason=Inactive(ImeOff))
2026-09-21T03:24:04.911503Z DEBUG execute_from_loop:execute_one{generation=None}:dispatch_ime_set_open{open=false generation=None}: awase_windows::runtime::executor: [dispatch-ime] ImmCross async: optimistic applied_snapshot=false (suppress send_engine_state_ime_key)
2026-09-21T03:24:04.912553Z DEBUG execute_from_loop:execute_one{generation=None}: awase_windows::platform: [engine-state-key] suppressed (polling/focus-triggered, enabled=false)
2026-09-21T03:24:04.914085Z DEBUG run_open_chain_async: awase_windows::ime_controller: [warrant-shadow] chain=async open=false origin=EventOrigin { source: SelfActuated { strategy: "engine_decision_async" }, epoch: Generation(0) } warranted
2026-09-21T03:24:04.914175Z  INFO run_open_chain_async:imm_cross_write{open=false}: awase_windows::runtime::open_chain: [apply-ime] ImmCross async: open=false composition_active=false show_seq=0 change_seq=0 (issue #138診断)
2026-09-21T03:24:04.915243Z DEBUG awase_windows::shadow_send_trace: [shadow-send] channel=ImeControl cmd=0x0006 lparam=0 issue_us=29806012
2026-09-21T03:24:04.915258Z DEBUG awase_windows::ime: set_ime_open_for_target: hwnd=HWND(0x300836) ime_wnd=HWND(0x4092a) open=false success=true send_elapsed=0ms candidate_visible=false
2026-09-21T03:24:04.915488Z DEBUG run_open_chain_async:imm_cross_write{open=false}: awase_windows::ime: [imm-cross-actuate] hwnd=HWND(0x300836) open=Written conv=None
2026-09-21T03:24:04.915566Z DEBUG run_open_chain_async: awase::journal: actuation decision seq=167 elapsed_ms=29806 site="DispatchImeSetOpen" caller="None" open=false chain_len=4 attempts_len=1 gate_profile="Standard" gate_kind="Gji" gate_shadow_known=true gate_shadow_on=true gate_input_mode="Observ
2026-09-21T03:24:04.915706Z DEBUG on_ime_apply_complete{open=false outcome=AppliedWithoutSendInput generation=None reason=EngineDecision}: awase::journal: ime open applied seq=168 elapsed_ms=29806 open=false outcome="AppliedWithoutSendInput" reason="EngineDecision"
2026-09-21T03:24:04.915771Z DEBUG on_ime_apply_complete{open=false outcome=AppliedWithoutSendInput generation=None reason=EngineDecision}: awase_windows::tsf::ime_mode_fsm: [ime-mode] SetOpen(false) applied → Off (belief, unconfirmed)
2026-09-21T03:24:04.915801Z DEBUG on_ime_apply_complete{open=false outcome=AppliedWithoutSendInput generation=None reason=EngineDecision}: awase_windows::platform: [composition] ImeEffect::SetOpen(false) → marking cold (prevent warm+TSF Enter leak)
2026-09-21T03:24:04.915822Z DEBUG on_ime_apply_complete{open=false outcome=AppliedWithoutSendInput generation=None reason=EngineDecision}: awase_windows::tsf::probe: [composition] marked cold reason=SetOpenFalse idle=15406ms → next VK/TSF output will send VK_DBE_HIRAGANA warmup
2026-09-21T03:24:04.915945Z DEBUG awase::journal: gji fsm transition seq=169 elapsed_ms=29806 trigger="ImeOff" state_before="OnCold(Short)" state_after="OffCold"
2026-09-21T03:24:04.960810Z DEBUG awase_windows::runtime::ime_refresh: Explicit intent: bypassing typing-idle guard for IME verify (idle=94ms)
2026-09-21T03:24:04.960865Z DEBUG awase_windows::observer::ime_observer: IME snapshot: japanese=Some(true) ime_on=Some(false) romaji=Some(true) conv=Some("0x00000019") guard=false
2026-09-21T03:24:04.960989Z DEBUG awase::journal: ime event seq=170 elapsed_ms=29851 event_kind="ObserverReported"
2026-09-21T03:24:04.961025Z DEBUG awase::journal: ime event seq=171 elapsed_ms=29852 event_kind="InputModeObserved"
2026-09-21T03:24:04.961144Z  INFO awase_windows::runtime::ime_refresh: [mode-key-follow] observation arrived after mode key pass: intents invalidated
2026-09-21T03:24:05.035735Z DEBUG awase_windows::runtime::ime_refresh: Explicit intent: bypassing typing-idle guard for IME verify (idle=157ms)
2026-09-21T03:24:05.035798Z DEBUG awase_windows::observer::ime_observer: IME snapshot: japanese=Some(true) ime_on=Some(false) romaji=Some(true) conv=Some("0x00000019") guard=false
2026-09-21T03:24:05.035877Z DEBUG awase::journal: ime event seq=172 elapsed_ms=29926 event_kind="ObserverReported"
2026-09-21T03:24:05.035911Z DEBUG awase::journal: ime event seq=173 elapsed_ms=29926 event_kind="InputModeObserved"
2026-09-21T03:24:05.035937Z  INFO awase_windows::runtime::ime_refresh: [mode-key-follow] observation arrived after mode key pass: intents invalidated
2026-09-21T03:24:05.114410Z DEBUG awase_windows::runtime::ime_refresh: Explicit intent: bypassing typing-idle guard for IME verify (idle=250ms)
2026-09-21T03:24:05.114463Z DEBUG awase_windows::observer::ime_observer: IME snapshot: japanese=Some(true) ime_on=Some(false) romaji=Some(true) conv=Some("0x00000019") guard=false
2026-09-21T03:24:05.114546Z DEBUG awase::journal: ime event seq=174 elapsed_ms=30005 event_kind="ObserverReported"
2026-09-21T03:24:05.114581Z DEBUG awase::journal: ime event seq=175 elapsed_ms=30005 event_kind="InputModeObserved"
2026-09-21T03:24:05.114607Z  INFO awase_windows::runtime::ime_refresh: [mode-key-follow] observation arrived after mode key pass: intents invalidated
2026-09-21T03:24:05.192532Z DEBUG awase_windows::runtime::ime_refresh: Skipping observer/SSOT write: typing active (idle=329ms)
2026-09-21T03:24:05.706859Z DEBUG awase_windows::observer::ime_observer: IME snapshot: japanese=Some(true) ime_on=Some(false) romaji=Some(true) conv=Some("0x00000019") guard=false
2026-09-21T03:24:05.706986Z DEBUG awase::journal: ime event seq=176 elapsed_ms=30597 event_kind="ObserverReported"
2026-09-21T03:24:05.707032Z DEBUG awase::journal: ime event seq=177 elapsed_ms=30598 event_kind="InputModeObserved"
2026-09-21T03:24:06.213623Z DEBUG awase_windows::observer::ime_observer: IME snapshot: japanese=Some(true) ime_on=Some(false) romaji=Some(true) conv=Some("0x00000019") guard=false
2026-09-21T03:24:06.213696Z DEBUG awase::journal: ime event seq=178 elapsed_ms=31104 event_kind="ObserverReported"
2026-09-21T03:24:06.213722Z DEBUG awase::journal: ime event seq=179 elapsed_ms=31104 event_kind="InputModeObserved"
2026-09-21T03:24:06.713197Z DEBUG awase_windows::observer::ime_observer: IME snapshot: japanese=Some(true) ime_on=Some(false) romaji=Some(true) conv=Some("0x00000019") guard=false
2026-09-21T03:24:06.713285Z DEBUG awase::journal: ime event seq=180 elapsed_ms=31604 event_kind="ObserverReported"
2026-09-21T03:24:06.713321Z DEBUG awase::journal: ime event seq=181 elapsed_ms=31604 event_kind="InputModeObserved"
2026-09-21T03:24:06.805627Z DEBUG awase_windows::hook: [hook] IME-mode vk=0xF0 up self_injected=false injected=false scan=0x70 extra=0x5350494B since_actuation_us=Some(31610418)
2026-09-21T03:24:06.805814Z DEBUG awase::journal: hook ime-mode diagnostic seq=182 elapsed_ms=31696 vk_code=240 is_down=false self_injected=false injected=false scan=112
2026-09-21T03:24:06.806029Z DEBUG awase_windows::runtime::key_pipeline: [engine-input] vk=0xF0 KeyUp ts=31696626us delay=0ms state=Idle mods(c=false s=false a=false w=false) gas_ctrl=false phys_ctrl=false extra=0x5350494B pending_drain=0 gate_active=false l_thumb=None r_thumb=None [diag-ctx] ime_on=
2026-09-21T03:24:06.806113Z DEBUG awase::journal: key input seq=183 elapsed_ms=31697 vk_code=240 is_down=false injected=false key_class="Passthrough" state_before="Idle" state_after="Idle" decision="PassThrough" physical="Allow" repeat_count=1 last_timestamp_us=31696626 last_elapsed_ms=0
2026-09-21T03:24:06.806202Z DEBUG execute_from_hook: awase_windows::runtime::executor: [relay-passthrough] PassThrough idle: direct OS pass-through (vk=0xf0 up)
2026-09-21T03:24:06.806264Z DEBUG execute_one{generation=None}: awase_windows::runtime::executor: [reinject] vk=0xf0 up (queued passthrough now firing)
2026-09-21T03:24:06.806461Z DEBUG awase_windows::hook: [hook] IME-mode vk=0xF2 down self_injected=false injected=false scan=0x70 extra=0x5350494B since_actuation_us=Some(31611275)
2026-09-21T03:24:06.806529Z DEBUG awase::journal: hook ime-mode diagnostic seq=184 elapsed_ms=31697 vk_code=242 is_down=true self_injected=false injected=false scan=112
2026-09-21T03:24:06.806692Z DEBUG awase_windows::runtime::key_pipeline: [engine-input] vk=0xF2 KeyDown ts=31697454us delay=0ms state=Idle mods(c=false s=false a=false w=false) gas_ctrl=false phys_ctrl=false extra=0x5350494B pending_drain=0 gate_active=false l_thumb=None r_thumb=None [diag-ctx] ime_o
2026-09-21T03:24:06.806763Z DEBUG awase::journal: key input seq=185 elapsed_ms=31697 vk_code=242 is_down=true injected=false key_class="Passthrough" state_before="Idle" state_after="Idle" decision="PassThrough" physical="Allow" repeat_count=1 last_timestamp_us=31697454 last_elapsed_ms=0
2026-09-21T03:24:06.807090Z DEBUG awase_windows::runtime::key_pipeline: may_change_ime key passed through → IME refresh scheduled (20ms)
2026-09-21T03:24:06.807113Z  INFO awase_windows::runtime::key_pipeline: [mode-key-follow] mode key PassThrough(vk=0xF2): IME refresh scheduled (20ms)
2026-09-21T03:24:06.807657Z DEBUG awase_windows::tsf::probe: [composition] marked cold reason=F2NonTsf idle=17297ms → next VK/TSF output will send VK_DBE_HIRAGANA warmup
2026-09-21T03:24:06.807770Z DEBUG execute_from_hook: awase_windows::runtime::executor: [relay-passthrough] PassThrough idle: direct OS pass-through (vk=0xf2 down)
2026-09-21T03:24:06.807812Z DEBUG awase::journal: gji fsm transition seq=186 elapsed_ms=31698 trigger="CompositionReset(gji_idle_ms=1922)" state_before="OffCold" state_after="OffCold"
2026-09-21T03:24:06.807866Z DEBUG execute_one{generation=None}: awase_windows::runtime::executor: [reinject] vk=0xf2 down (queued passthrough now firing)
2026-09-21T03:24:06.807987Z DEBUG awase_windows::hook: [hook] IME-mode vk=0xF0 up self_injected=true injected=false scan=0x0 extra=0x4B45594D since_actuation_us=Some(31612793)
2026-09-21T03:24:06.808581Z DEBUG awase_windows::hook: [hook] IME-mode vk=0xF2 down self_injected=true injected=true scan=0x0 extra=0x4B45594D since_actuation_us=Some(31613390)
2026-09-21T03:24:06.810187Z DEBUG awase::journal: hook ime-mode diagnostic seq=187 elapsed_ms=31701 vk_code=240 is_down=false self_injected=true injected=false scan=0
2026-09-21T03:24:06.810217Z DEBUG awase::journal: hook ime-mode diagnostic seq=188 elapsed_ms=31701 vk_code=242 is_down=true self_injected=true injected=true scan=0
2026-09-21T03:24:06.842457Z DEBUG awase_windows::runtime::ime_refresh: Explicit intent: bypassing typing-idle guard for IME verify (idle=31ms)
2026-09-21T03:24:06.842508Z DEBUG awase_windows::observer::ime_observer: IME snapshot: japanese=Some(true) ime_on=Some(false) romaji=Some(true) conv=Some("0x00000019") guard=false
2026-09-21T03:24:06.842577Z DEBUG awase::journal: ime event seq=189 elapsed_ms=31733 event_kind="ObserverReported"
2026-09-21T03:24:06.842600Z DEBUG awase::journal: ime event seq=190 elapsed_ms=31733 event_kind="InputModeObserved"
2026-09-21T03:24:06.842636Z DEBUG awase::journal: ime event seq=191 elapsed_ms=31733 event_kind="ModeKeyPassedThrough"
2026-09-21T03:24:06.842646Z  INFO awase_windows::runtime::ime_refresh: [mode-key-follow] observation arrived after mode key pass: intents invalidated
2026-09-21T03:24:06.908781Z DEBUG awase_windows::runtime::ime_refresh: Explicit intent: bypassing typing-idle guard for IME verify (idle=94ms)
2026-09-21T03:24:06.908839Z DEBUG awase_windows::observer::ime_observer: IME snapshot: japanese=Some(true) ime_on=Some(false) romaji=Some(true) conv=Some("0x00000019") guard=false
2026-09-21T03:24:06.908931Z DEBUG awase::journal: ime event seq=192 elapsed_ms=31799 event_kind="ObserverReported"
2026-09-21T03:24:06.908969Z DEBUG awase::journal: ime event seq=193 elapsed_ms=31799 event_kind="InputModeObserved"
2026-09-21T03:24:06.908999Z  INFO awase_windows::runtime::ime_refresh: [mode-key-follow] observation arrived after mode key pass: intents invalidated
2026-09-21T03:24:06.966136Z DEBUG awase_windows::runtime::ime_refresh: Explicit intent: bypassing typing-idle guard for IME verify (idle=156ms)
2026-09-21T03:24:06.966200Z DEBUG awase_windows::observer::ime_observer: IME snapshot: japanese=Some(true) ime_on=Some(false) romaji=Some(true) conv=Some("0x00000019") guard=false
2026-09-21T03:24:06.966296Z DEBUG awase::journal: ime event seq=194 elapsed_ms=31857 event_kind="ObserverReported"
2026-09-21T03:24:06.966336Z DEBUG awase::journal: ime event seq=195 elapsed_ms=31857 event_kind="InputModeObserved"
2026-09-21T03:24:06.966369Z  INFO awase_windows::runtime::ime_refresh: [mode-key-follow] observation arrived after mode key pass: intents invalidated
2026-09-21T03:24:07.029551Z DEBUG awase_windows::runtime::ime_refresh: Explicit intent: bypassing typing-idle guard for IME verify (idle=219ms)
2026-09-21T03:24:07.029607Z DEBUG awase_windows::observer::ime_observer: IME snapshot: japanese=Some(true) ime_on=Some(false) romaji=Some(true) conv=Some("0x00000019") guard=false
2026-09-21T03:24:07.029692Z DEBUG awase::journal: ime event seq=196 elapsed_ms=31920 event_kind="ObserverReported"
2026-09-21T03:24:07.029727Z DEBUG awase::journal: ime event seq=197 elapsed_ms=31920 event_kind="InputModeObserved"
2026-09-21T03:24:07.029766Z  INFO awase_windows::runtime::ime_refresh: [mode-key-follow] observation arrived after mode key pass: intents invalidated
2026-09-21T03:24:07.093496Z DEBUG awase_windows::runtime::ime_refresh: Explicit intent: bypassing typing-idle guard for IME verify (idle=281ms)
2026-09-21T03:24:07.093552Z DEBUG awase_windows::observer::ime_observer: IME snapshot: japanese=Some(true) ime_on=Some(false) romaji=Some(true) conv=Some("0x00000019") guard=false
2026-09-21T03:24:07.093636Z DEBUG awase::journal: ime event seq=198 elapsed_ms=31984 event_kind="ObserverReported"
2026-09-21T03:24:07.093672Z DEBUG awase::journal: ime event seq=199 elapsed_ms=31984 event_kind="InputModeObserved"
2026-09-21T03:24:07.093699Z  INFO awase_windows::runtime::ime_refresh: [mode-key-follow] observation arrived after mode key pass: intents invalidated
2026-09-21T03:24:07.158110Z DEBUG awase_windows::runtime::ime_refresh: Skipping observer/SSOT write: typing active (idle=344ms)
2026-09-21T03:24:07.662484Z DEBUG awase_windows::observer::ime_observer: IME snapshot: japanese=Some(true) ime_on=Some(false) romaji=Some(true) conv=Some("0x00000019") guard=false
2026-09-21T03:24:07.662547Z DEBUG awase::journal: ime event seq=200 elapsed_ms=32553 event_kind="ObserverReported"
2026-09-21T03:24:07.662568Z DEBUG awase::journal: ime event seq=201 elapsed_ms=32553 event_kind="InputModeObserved"
2026-09-21T03:24:08.176740Z DEBUG awase_windows::observer::ime_observer: IME snapshot: japanese=Some(true) ime_on=Some(false) romaji=Some(true) conv=Some("0x00000019") guard=false
2026-09-21T03:24:08.176821Z DEBUG awase::journal: ime event seq=202 elapsed_ms=33067 event_kind="ObserverReported"
2026-09-21T03:24:08.176860Z DEBUG awase::journal: ime event seq=203 elapsed_ms=33067 event_kind="InputModeObserved"
2026-09-21T03:24:08.719397Z DEBUG awase_windows::observer::ime_observer: IME snapshot: japanese=Some(true) ime_on=Some(false) romaji=Some(true) conv=Some("0x00000019") guard=false
2026-09-21T03:24:08.719498Z DEBUG awase::journal: ime event seq=204 elapsed_ms=33610 event_kind="ObserverReported"
2026-09-21T03:24:08.719539Z DEBUG awase::journal: ime event seq=205 elapsed_ms=33610 event_kind="InputModeObserved"
2026-09-21T03:24:08.752694Z DEBUG awase_windows::runtime::key_pipeline: [engine-input] vk=0x4B KeyDown ts=33643357us delay=0ms state=Idle mods(c=false s=false a=false w=false) gas_ctrl=false phys_ctrl=false extra=0x5350494B pending_drain=0 gate_active=false l_thumb=None r_thumb=None [diag-ctx] ime_o
2026-09-21T03:24:08.752789Z DEBUG awase::journal: key input seq=206 elapsed_ms=33643 vk_code=75 is_down=true injected=false key_class="Char" state_before="Idle" state_after="Idle" decision="PassThrough" physical="Allow" repeat_count=1 last_timestamp_us=33643357 last_elapsed_ms=0
2026-09-21T03:24:08.752926Z DEBUG execute_one{generation=None}: awase_windows::runtime::executor: [reinject] vk=0x4b down (queued passthrough now firing)
2026-09-21T03:24:08.879747Z DEBUG awase_windows::runtime::key_pipeline: [engine-input] vk=0x4B KeyUp ts=33770394us delay=0ms state=Idle mods(c=false s=false a=false w=false) gas_ctrl=false phys_ctrl=false extra=0x5350494B pending_drain=0 gate_active=false l_thumb=None r_thumb=None [diag-ctx] ime_on=
2026-09-21T03:24:08.879829Z DEBUG awase::journal: key input seq=207 elapsed_ms=33770 vk_code=75 is_down=false injected=false key_class="Char" state_before="Idle" state_after="Idle" decision="PassThrough" physical="Allow" repeat_count=1 last_timestamp_us=33770394 last_elapsed_ms=0
2026-09-21T03:24:08.879950Z DEBUG execute_one{generation=None}: awase_windows::runtime::executor: [reinject] vk=0x4b up (queued passthrough now firing)
2026-09-21T03:24:09.214929Z DEBUG awase_windows::runtime::ime_refresh: Skipping observer/SSOT write: typing active (idle=344ms)
2026-09-21T03:24:09.717870Z DEBUG awase_windows::observer::ime_observer: IME snapshot: japanese=Some(true) ime_on=Some(false) romaji=Some(true) conv=Some("0x00000019") guard=false
2026-09-21T03:24:09.717958Z DEBUG awase::journal: ime event seq=208 elapsed_ms=34608 event_kind="ObserverReported"
2026-09-21T03:24:09.717984Z DEBUG awase::journal: ime event seq=209 elapsed_ms=34608 event_kind="InputModeObserved"
2026-09-21T03:24:10.213364Z DEBUG awase_windows::observer::ime_observer: IME snapshot: japanese=Some(true) ime_on=Some(false) romaji=Some(true) conv=Some("0x00000019") guard=false
2026-09-21T03:24:10.213455Z DEBUG awase::journal: ime event seq=210 elapsed_ms=35104 event_kind="ObserverReported"
2026-09-21T03:24:10.213493Z DEBUG awase::journal: ime event seq=211 elapsed_ms=35104 event_kind="InputModeObserved"
2026-09-21T03:24:10.712051Z DEBUG awase_windows::runtime::key_pipeline: [engine-input] vk=0x1D KeyDown ts=35602469us delay=0ms state=Idle mods(c=false s=false a=false w=false) gas_ctrl=false phys_ctrl=false extra=0x5350494B pending_drain=0 gate_active=false l_thumb=Some(35602455) r_thumb=None [diag-
2026-09-21T03:24:10.712209Z DEBUG awase::journal: key input seq=212 elapsed_ms=35603 vk_code=29 is_down=true injected=false key_class="LeftThumb" state_before="Idle" state_after="Idle" decision="PassThrough" physical="Allow" repeat_count=1 last_timestamp_us=35602469 last_elapsed_ms=0
2026-09-21T03:24:10.712337Z  INFO awase_windows::runtime::key_pipeline: [mode-key-follow] mode key PassThrough(vk=0x1D): IME refresh scheduled (20ms)
2026-09-21T03:24:10.713474Z  INFO awase_windows::runtime::key_pipeline: [key-effect-predict] vk=0x1D status=Direct open=Some(true) mode=None
2026-09-21T03:24:10.713554Z DEBUG awase::journal: ime event seq=213 elapsed_ms=35604 event_kind="KeyEffectPredicted"
2026-09-21T03:24:10.713627Z  INFO awase::engine::engine: Engine activated (ime=true, romaji=true, japanese=true, user=true, reason=Active)
2026-09-21T03:24:10.713821Z DEBUG execute_from_loop:execute_one{generation=None}:dispatch_ime_set_open{open=true generation=None}: awase_windows::runtime::executor: [dispatch-ime] ImmCross async: optimistic applied_snapshot=true (suppress send_engine_state_ime_key)
2026-09-21T03:24:10.715641Z DEBUG execute_from_loop:execute_one{generation=None}: awase_windows::platform: [engine-state-key] suppressed (polling/focus-triggered, enabled=true)
2026-09-21T03:24:10.716139Z DEBUG execute_one{generation=None}: awase_windows::runtime::executor: [reinject] vk=0x1d down (queued passthrough now firing)
2026-09-21T03:24:10.719772Z  INFO run_open_chain_async: awase_windows::ime_controller: [warrant-shadow] chain=async open=true origin=EventOrigin { source: SelfActuated { strategy: "engine_decision_async" }, epoch: Generation(0) } would_have_blocked=true (A-1 shadow: 書き込みは止めない。A-2 で強制する際の判断材料)
2026-09-21T03:24:10.719836Z DEBUG run_open_chain_async: awase::journal: actuation decision seq=214 elapsed_ms=35610 site="DispatchImeSetOpen" caller="None" open=true chain_len=4 attempts_len=0 gate_profile="Standard" gate_kind="Gji" gate_shadow_known=true gate_shadow_on=false gate_input_mode="Observ
2026-09-21T03:24:10.720049Z DEBUG on_ime_apply_complete{open=true outcome=Unwarranted generation=None reason=EngineDecision}: awase::journal: ime open applied seq=215 elapsed_ms=35611 open=true outcome="Unwarranted" reason="EngineDecision"
2026-09-21T03:24:10.727755Z DEBUG awase_windows::runtime::ime_refresh: Explicit intent: bypassing typing-idle guard for IME verify (idle=16ms)
2026-09-21T03:24:10.727863Z DEBUG awase_windows::observer::ime_observer: IME snapshot: japanese=Some(true) ime_on=Some(true) romaji=Some(true) conv=Some("0x00000019") guard=false
2026-09-21T03:24:10.727971Z DEBUG reduce: awase_windows::state::ime_model: [key-effect-fence] axis=open stale observation ignored: observed=true predicted=true age_ms=16
2026-09-21T03:24:10.728019Z DEBUG awase::journal: ime event seq=216 elapsed_ms=35619 event_kind="ObserverReported"
2026-09-21T03:24:10.728076Z DEBUG awase::journal: ime event seq=217 elapsed_ms=35619 event_kind="InputModeObserved"
2026-09-21T03:24:10.728141Z DEBUG awase::journal: ime event seq=218 elapsed_ms=35619 event_kind="ModeKeyPassedThrough"
2026-09-21T03:24:10.728161Z  INFO awase_windows::runtime::ime_refresh: [mode-key-follow] observation arrived after mode key pass: intents invalidated
2026-09-21T03:24:10.728615Z DEBUG awase_windows::tsf::gji_monitor: [gji-io] WRITE: w_ops=+2 w_KB=+0.0 (r_ops=+4 x_ops=+4 x_KB=+0.0)
2026-09-21T03:24:10.793962Z DEBUG awase_windows::runtime::ime_refresh: Explicit intent: bypassing typing-idle guard for IME verify (idle=78ms)
2026-09-21T03:24:10.794029Z DEBUG awase_windows::observer::ime_observer: IME snapshot: japanese=Some(true) ime_on=Some(true) romaji=Some(true) conv=Some("0x00000019") guard=false
2026-09-21T03:24:10.794151Z DEBUG reduce: awase_windows::state::ime_model: [key-effect-fence] axis=open stale observation ignored: observed=true predicted=true age_ms=78
2026-09-21T03:24:10.794212Z DEBUG awase::journal: ime event seq=219 elapsed_ms=35685 event_kind="ObserverReported"
2026-09-21T03:24:10.794267Z DEBUG awase::journal: ime event seq=220 elapsed_ms=35685 event_kind="InputModeObserved"
2026-09-21T03:24:10.794311Z  INFO awase_windows::runtime::ime_refresh: [mode-key-follow] observation arrived after mode key pass: intents invalidated
2026-09-21T03:24:10.837185Z DEBUG awase_windows::runtime::key_pipeline: [engine-input] vk=0x1D KeyUp ts=35727564us delay=0ms state=Idle mods(c=false s=false a=false w=false) gas_ctrl=false phys_ctrl=false extra=0x5350494B pending_drain=0 gate_active=false l_thumb=None r_thumb=None [diag-ctx] ime_on=
2026-09-21T03:24:10.837408Z DEBUG awase::journal: key input seq=221 elapsed_ms=35728 vk_code=29 is_down=false injected=false key_class="LeftThumb" state_before="Idle" state_after="Idle" decision="PassThrough" physical="Allow" repeat_count=1 last_timestamp_us=35727564 last_elapsed_ms=0
2026-09-21T03:24:10.837699Z DEBUG execute_one{generation=None}: awase_windows::runtime::executor: [reinject] vk=0x1d up (queued passthrough now firing)
2026-09-21T03:24:10.872104Z DEBUG awase_windows::runtime::ime_refresh: Explicit intent: bypassing typing-idle guard for IME verify (idle=31ms)
2026-09-21T03:24:10.872167Z DEBUG awase_windows::observer::ime_observer: IME snapshot: japanese=Some(true) ime_on=Some(true) romaji=Some(true) conv=Some("0x00000019") guard=false
2026-09-21T03:24:10.872286Z DEBUG reduce: awase_windows::state::ime_model: [key-effect-confirmed] axis=open value=true
2026-09-21T03:24:10.872338Z DEBUG awase::journal: ime event seq=222 elapsed_ms=35763 event_kind="ObserverReported"
2026-09-21T03:24:10.872390Z DEBUG awase::journal: ime event seq=223 elapsed_ms=35763 event_kind="InputModeObserved"
2026-09-21T03:24:10.872428Z  INFO awase_windows::runtime::ime_refresh: [mode-key-follow] observation arrived after mode key pass: intents invalidated
2026-09-21T03:24:10.932955Z DEBUG awase_windows::runtime::ime_refresh: Explicit intent: bypassing typing-idle guard for IME verify (idle=94ms)
2026-09-21T03:24:10.933028Z DEBUG awase_windows::observer::ime_observer: IME snapshot: japanese=Some(true) ime_on=Some(true) romaji=Some(true) conv=Some("0x00000019") guard=false
2026-09-21T03:24:10.933136Z DEBUG awase::journal: ime event seq=224 elapsed_ms=35824 event_kind="ObserverReported"
2026-09-21T03:24:10.933180Z DEBUG awase::journal: ime event seq=225 elapsed_ms=35824 event_kind="InputModeObserved"
2026-09-21T03:24:10.933215Z  INFO awase_windows::runtime::ime_refresh: [mode-key-follow] observation arrived after mode key pass: intents invalidated
2026-09-21T03:24:10.994335Z DEBUG awase_windows::runtime::ime_refresh: Explicit intent: bypassing typing-idle guard for IME verify (idle=156ms)
2026-09-21T03:24:10.994393Z DEBUG awase_windows::observer::ime_observer: IME snapshot: japanese=Some(true) ime_on=Some(true) romaji=Some(true) conv=Some("0x00000019") guard=false
2026-09-21T03:24:10.994486Z DEBUG awase::journal: ime event seq=226 elapsed_ms=35885 event_kind="ObserverReported"
2026-09-21T03:24:10.994523Z DEBUG awase::journal: ime event seq=227 elapsed_ms=35885 event_kind="InputModeObserved"
2026-09-21T03:24:10.994553Z  INFO awase_windows::runtime::ime_refresh: [mode-key-follow] observation arrived after mode key pass: intents invalidated
2026-09-21T03:24:11.058049Z DEBUG awase_windows::runtime::ime_refresh: Skipping observer/SSOT write: typing active (idle=219ms)
2026-09-21T03:24:11.558300Z DEBUG awase_windows::observer::ime_observer: IME snapshot: japanese=Some(true) ime_on=Some(true) romaji=Some(true) conv=Some("0x00000019") guard=false
2026-09-21T03:24:11.558387Z DEBUG awase::journal: ime event seq=228 elapsed_ms=36449 event_kind="ObserverReported"
2026-09-21T03:24:11.558423Z DEBUG awase::journal: ime event seq=229 elapsed_ms=36449 event_kind="InputModeObserved"
2026-09-21T03:24:12.060718Z DEBUG awase_windows::observer::ime_observer: IME snapshot: japanese=Some(true) ime_on=Some(true) romaji=Some(true) conv=Some("0x00000019") guard=false
2026-09-21T03:24:12.061059Z DEBUG awase::journal: ime event seq=230 elapsed_ms=36952 event_kind="ObserverReported"
2026-09-21T03:24:12.061083Z DEBUG awase::journal: ime event seq=231 elapsed_ms=36952 event_kind="InputModeObserved"
2026-09-21T03:24:12.560762Z DEBUG awase_windows::observer::ime_observer: IME snapshot: japanese=Some(true) ime_on=Some(true) romaji=Some(true) conv=Some("0x00000019") guard=false
2026-09-21T03:24:12.560858Z DEBUG awase::journal: ime event seq=232 elapsed_ms=37451 event_kind="ObserverReported"
2026-09-21T03:24:12.560916Z DEBUG awase::journal: ime event seq=233 elapsed_ms=37451 event_kind="InputModeObserved"
2026-09-21T03:24:12.650488Z DEBUG awase_windows::hook: [hook] IME-mode vk=0xF2 down self_injected=false injected=false scan=0x70 extra=0x5350494B since_actuation_us=Some(37455268)
2026-09-21T03:24:12.650764Z DEBUG awase::journal: hook ime-mode diagnostic seq=234 elapsed_ms=37541 vk_code=242 is_down=true self_injected=false injected=false scan=112
2026-09-21T03:24:12.651148Z DEBUG awase_windows::runtime::key_pipeline: [engine-input] vk=0xF2 KeyDown ts=37541545us delay=0ms state=Idle mods(c=false s=false a=false w=false) gas_ctrl=false phys_ctrl=false extra=0x5350494B pending_drain=0 gate_active=false l_thumb=None r_thumb=None [diag-ctx] ime_o
2026-09-21T03:24:12.651319Z DEBUG awase::journal: key input seq=235 elapsed_ms=37542 vk_code=242 is_down=true injected=false key_class="Passthrough" state_before="Idle" state_after="Idle" decision="PassThrough" physical="Allow" repeat_count=1 last_timestamp_us=37541545 last_elapsed_ms=0
2026-09-21T03:24:12.651458Z DEBUG awase_windows::runtime::key_pipeline: may_change_ime key passed through → IME refresh scheduled (20ms)
2026-09-21T03:24:12.651541Z  INFO awase_windows::runtime::key_pipeline: [mode-key-follow] mode key PassThrough(vk=0xF2): IME refresh scheduled (20ms)
2026-09-21T03:24:12.652771Z  INFO awase_windows::runtime::key_pipeline: [key-effect-predict] vk=0xF2 status=Pre open=None mode=Some(ObservedEisu)
2026-09-21T03:24:12.652862Z DEBUG awase::journal: ime event seq=236 elapsed_ms=37543 event_kind="KeyEffectPredicted"
2026-09-21T03:24:12.652947Z DEBUG awase::engine::engine: [diag-engine-active] ime_on=true なのに非活性: reason=Inactive(NotRomajiInput) romaji_capable=false japanese=true user_enabled=true was_active=true input_mode=ObservedEisu
2026-09-21T03:24:12.653013Z  INFO awase::engine::engine: Engine deactivated (ime=true, romaji=false, japanese=true, user=true, reason=Inactive(NotRomajiInput))
2026-09-21T03:24:12.654858Z DEBUG awase_windows::tsf::probe: [composition] marked cold reason=F2NonTsf idle=23141ms → next VK/TSF output will send VK_DBE_HIRAGANA warmup
2026-09-21T03:24:12.655029Z DEBUG execute_from_hook: awase_windows::runtime::executor: [relay-passthrough] PassThrough idle: direct OS pass-through (vk=0xf2 down)
2026-09-21T03:24:12.655069Z DEBUG awase::journal: gji fsm transition seq=237 elapsed_ms=37545 trigger="CompositionReset(gji_idle_ms=1922)" state_before="OffCold" state_after="OffCold"
2026-09-21T03:24:12.655176Z DEBUG execute_one{generation=None}: awase_windows::runtime::executor: [reinject] vk=0xf2 down (queued passthrough now firing)
2026-09-21T03:24:12.655726Z DEBUG awase_windows::hook: [hook] IME-mode vk=0xF2 down self_injected=true injected=true scan=0x0 extra=0x4B45594D since_actuation_us=Some(37460534)
2026-09-21T03:24:12.657255Z DEBUG awase::journal: hook ime-mode diagnostic seq=238 elapsed_ms=37548 vk_code=242 is_down=true self_injected=true injected=true scan=0
2026-09-21T03:24:12.665424Z DEBUG awase_windows::tsf::gji_monitor: [gji-io] WRITE: w_ops=+2 w_KB=+0.0 (r_ops=+4 x_ops=+4 x_KB=+0.0)
2026-09-21T03:24:12.686885Z DEBUG awase_windows::runtime::ime_refresh: Explicit intent: bypassing typing-idle guard for IME verify (idle=31ms)
2026-09-21T03:24:12.686961Z DEBUG awase_windows::observer::ime_observer: IME snapshot: japanese=Some(true) ime_on=Some(true) romaji=None conv=Some("0x00000010") guard=false
2026-09-21T03:24:12.687141Z DEBUG awase::journal: ime event seq=239 elapsed_ms=37578 event_kind="ObserverReported"
2026-09-21T03:24:12.687214Z DEBUG awase::journal: ime event seq=240 elapsed_ms=37578 event_kind="ModeKeyPassedThrough"
2026-09-21T03:24:12.687234Z  INFO awase_windows::runtime::ime_refresh: [mode-key-follow] observation arrived after mode key pass: intents invalidated
2026-09-21T03:24:12.687323Z DEBUG awase::engine::engine: [diag-engine-active] ime_on=true なのに非活性: reason=Inactive(NotRomajiInput) romaji_capable=false japanese=true user_enabled=true was_active=false input_mode=ObservedEisu
2026-09-21T03:24:12.749011Z DEBUG awase_windows::runtime::ime_refresh: Explicit intent: bypassing typing-idle guard for IME verify (idle=93ms)
2026-09-21T03:24:12.749086Z DEBUG awase_windows::observer::ime_observer: IME snapshot: japanese=Some(true) ime_on=Some(true) romaji=None conv=Some("0x00000010") guard=false
2026-09-21T03:24:12.749199Z DEBUG awase::journal: ime event seq=241 elapsed_ms=37640 event_kind="ObserverReported"
2026-09-21T03:24:12.749247Z  INFO awase_windows::runtime::ime_refresh: [mode-key-follow] observation arrived after mode key pass: intents invalidated
2026-09-21T03:24:12.749331Z DEBUG awase::engine::engine: [diag-engine-active] ime_on=true なのに非活性: reason=Inactive(NotRomajiInput) romaji_capable=false japanese=true user_enabled=true was_active=false input_mode=ObservedEisu
2026-09-21T03:24:12.809543Z DEBUG awase_windows::runtime::ime_refresh: Explicit intent: bypassing typing-idle guard for IME verify (idle=156ms)
2026-09-21T03:24:12.809607Z DEBUG awase_windows::observer::ime_observer: IME snapshot: japanese=Some(true) ime_on=Some(true) romaji=None conv=Some("0x00000010") guard=false
2026-09-21T03:24:12.809703Z DEBUG awase::journal: ime event seq=242 elapsed_ms=37700 event_kind="ObserverReported"
2026-09-21T03:24:12.809740Z  INFO awase_windows::runtime::ime_refresh: [mode-key-follow] observation arrived after mode key pass: intents invalidated
2026-09-21T03:24:12.809816Z DEBUG awase::engine::engine: [diag-engine-active] ime_on=true なのに非活性: reason=Inactive(NotRomajiInput) romaji_capable=false japanese=true user_enabled=true was_active=false input_mode=ObservedEisu
2026-09-21T03:24:12.872482Z DEBUG awase_windows::runtime::ime_refresh: Explicit intent: bypassing typing-idle guard for IME verify (idle=218ms)
2026-09-21T03:24:12.872546Z DEBUG awase_windows::observer::ime_observer: IME snapshot: japanese=Some(true) ime_on=Some(true) romaji=None conv=Some("0x00000010") guard=false
2026-09-21T03:24:12.872643Z DEBUG awase::journal: ime event seq=243 elapsed_ms=37763 event_kind="ObserverReported"
2026-09-21T03:24:12.872681Z  INFO awase_windows::runtime::ime_refresh: [mode-key-follow] observation arrived after mode key pass: intents invalidated
2026-09-21T03:24:12.872758Z DEBUG awase::engine::engine: [diag-engine-active] ime_on=true なのに非活性: reason=Inactive(NotRomajiInput) romaji_capable=false japanese=true user_enabled=true was_active=false input_mode=ObservedEisu
2026-09-21T03:24:12.936069Z DEBUG awase_windows::runtime::ime_refresh: Explicit intent: bypassing typing-idle guard for IME verify (idle=281ms)
2026-09-21T03:24:12.936130Z DEBUG awase_windows::observer::ime_observer: IME snapshot: japanese=Some(true) ime_on=Some(true) romaji=None conv=Some("0x00000010") guard=false
2026-09-21T03:24:12.936206Z DEBUG awase::journal: ime event seq=244 elapsed_ms=37827 event_kind="ObserverReported"
2026-09-21T03:24:12.936234Z  INFO awase_windows::runtime::ime_refresh: [mode-key-follow] observation arrived after mode key pass: intents invalidated
2026-09-21T03:24:12.936293Z DEBUG awase::engine::engine: [diag-engine-active] ime_on=true なのに非活性: reason=Inactive(NotRomajiInput) romaji_capable=false japanese=true user_enabled=true was_active=false input_mode=ObservedEisu
2026-09-21T03:24:12.997942Z DEBUG awase_windows::runtime::ime_refresh: Skipping observer/SSOT write: typing active (idle=343ms)
2026-09-21T03:24:12.998032Z DEBUG awase::engine::engine: [diag-engine-active] ime_on=true なのに非活性: reason=Inactive(NotRomajiInput) romaji_capable=false japanese=true user_enabled=true was_active=false input_mode=ObservedEisu
2026-09-21T03:24:13.496835Z DEBUG awase_windows::observer::ime_observer: IME snapshot: japanese=Some(true) ime_on=Some(true) romaji=None conv=Some("0x00000010") guard=false
2026-09-21T03:24:13.496903Z DEBUG awase::journal: ime event seq=245 elapsed_ms=38387 event_kind="ObserverReported"
2026-09-21T03:24:13.496959Z DEBUG awase::engine::engine: [diag-engine-active] ime_on=true なのに非活性: reason=Inactive(NotRomajiInput) romaji_capable=false japanese=true user_enabled=true was_active=false input_mode=ObservedEisu
2026-09-21T03:24:13.996055Z DEBUG awase_windows::observer::ime_observer: IME snapshot: japanese=Some(true) ime_on=Some(true) romaji=None conv=Some("0x00000010") guard=false
2026-09-21T03:24:13.996143Z DEBUG awase::journal: ime event seq=246 elapsed_ms=38887 event_kind="ObserverReported"
2026-09-21T03:24:13.996214Z DEBUG awase::engine::engine: [diag-engine-active] ime_on=true なのに非活性: reason=Inactive(NotRomajiInput) romaji_capable=false japanese=true user_enabled=true was_active=false input_mode=ObservedEisu
2026-09-21T03:24:14.497248Z DEBUG awase_windows::observer::ime_observer: IME snapshot: japanese=Some(true) ime_on=Some(true) romaji=None conv=Some("0x00000010") guard=false
2026-09-21T03:24:14.497356Z DEBUG awase::journal: ime event seq=247 elapsed_ms=39388 event_kind="ObserverReported"
2026-09-21T03:24:14.497440Z DEBUG awase::engine::engine: [diag-engine-active] ime_on=true なのに非活性: reason=Inactive(NotRomajiInput) romaji_capable=false japanese=true user_enabled=true was_active=false input_mode=ObservedEisu
2026-09-21T03:24:14.586633Z DEBUG awase_windows::runtime::key_pipeline: [engine-input] vk=0x4B KeyDown ts=39477286us delay=0ms state=Idle mods(c=false s=false a=false w=false) gas_ctrl=false phys_ctrl=false extra=0x5350494B pending_drain=0 gate_active=false l_thumb=None r_thumb=None [diag-ctx] ime_o
2026-09-21T03:24:14.586683Z DEBUG awase::engine::engine: [diag-engine-active] ime_on=true なのに非活性: reason=Inactive(NotRomajiInput) romaji_capable=false japanese=true user_enabled=true was_active=false input_mode=ObservedEisu
2026-09-21T03:24:14.586752Z DEBUG awase::journal: key input seq=248 elapsed_ms=39477 vk_code=75 is_down=true injected=false key_class="Char" state_before="Idle" state_after="Idle" decision="PassThrough" physical="Allow" repeat_count=1 last_timestamp_us=39477286 last_elapsed_ms=0
2026-09-21T03:24:14.586888Z DEBUG execute_one{generation=None}: awase_windows::runtime::executor: [reinject] vk=0x4b down (queued passthrough now firing)
2026-09-21T03:24:14.596483Z  INFO awase_windows::tsf::win_event_obs: [gji-obs] candidate SHOW #2: last_gji_write=1922ms ago
2026-09-21T03:24:14.602022Z DEBUG awase_windows::tsf::gji_monitor: [gji-io] WRITE: w_ops=+2 w_KB=+0.4 (r_ops=+4 x_ops=+4 x_KB=+0.0)
2026-09-21T03:24:14.711824Z DEBUG awase_windows::runtime::key_pipeline: [engine-input] vk=0x4B KeyUp ts=39602511us delay=0ms state=Idle mods(c=false s=false a=false w=false) gas_ctrl=false phys_ctrl=false extra=0x5350494B pending_drain=0 gate_active=false l_thumb=None r_thumb=None [diag-ctx] ime_on=
2026-09-21T03:24:14.711866Z DEBUG awase::engine::engine: [diag-engine-active] ime_on=true なのに非活性: reason=Inactive(NotRomajiInput) romaji_capable=false japanese=true user_enabled=true was_active=false input_mode=ObservedEisu
2026-09-21T03:24:14.711927Z DEBUG awase::journal: key input seq=249 elapsed_ms=39602 vk_code=75 is_down=false injected=false key_class="Char" state_before="Idle" state_after="Idle" decision="PassThrough" physical="Allow" repeat_count=1 last_timestamp_us=39602511 last_elapsed_ms=0
2026-09-21T03:24:14.712086Z DEBUG execute_one{generation=None}: awase_windows::runtime::executor: [reinject] vk=0x4b up (queued passthrough now firing)
2026-09-21T03:24:14.713272Z DEBUG awase_windows::platform: [gji-fsm] StartComposition (candidate SHOW)
2026-09-21T03:24:14.713306Z  WARN gji_on_event{event=StartComposition}: awase_windows::tsf::gji_fsm: [gji-fsm] StartComposition while engine off — ignored
2026-09-21T03:24:14.713386Z DEBUG awase::journal: gji fsm transition seq=250 elapsed_ms=39604 trigger="StartComposition(candidate SHOW)" state_before="OffCold" state_after="OffCold"
2026-09-21T03:24:14.995458Z DEBUG awase_windows::runtime::ime_refresh: Skipping observer/SSOT write: typing active (idle=281ms)
2026-09-21T03:24:14.995524Z DEBUG awase::engine::engine: [diag-engine-active] ime_on=true なのに非活性: reason=Inactive(NotRomajiInput) romaji_capable=false japanese=true user_enabled=true was_active=false input_mode=ObservedEisu
2026-09-21T03:24:15.494448Z DEBUG awase_windows::observer::ime_observer: IME snapshot: japanese=Some(true) ime_on=Some(true) romaji=None conv=Some("0x00000010") guard=false
2026-09-21T03:24:15.494506Z DEBUG awase::journal: ime event seq=251 elapsed_ms=40385 event_kind="ObserverReported"
2026-09-21T03:24:15.494554Z DEBUG awase::engine::engine: [diag-engine-active] ime_on=true なのに非活性: reason=Inactive(NotRomajiInput) romaji_capable=false japanese=true user_enabled=true was_active=false input_mode=ObservedEisu
2026-09-21T03:24:15.996912Z DEBUG awase_windows::observer::ime_observer: IME snapshot: japanese=Some(true) ime_on=Some(true) romaji=None conv=Some("0x00000010") guard=false
2026-09-21T03:24:15.997025Z DEBUG awase::journal: ime event seq=252 elapsed_ms=40888 event_kind="ObserverReported"
2026-09-21T03:24:15.997113Z DEBUG awase::engine::engine: [diag-engine-active] ime_on=true なのに非活性: reason=Inactive(NotRomajiInput) romaji_capable=false japanese=true user_enabled=true was_active=false input_mode=ObservedEisu
2026-09-21T03:24:16.498091Z DEBUG awase_windows::observer::ime_observer: IME snapshot: japanese=Some(true) ime_on=Some(true) romaji=None conv=Some("0x00000010") guard=false
2026-09-21T03:24:16.498159Z DEBUG awase::journal: ime event seq=253 elapsed_ms=41389 event_kind="ObserverReported"
2026-09-21T03:24:16.498221Z DEBUG awase::engine::engine: [diag-engine-active] ime_on=true なのに非活性: reason=Inactive(NotRomajiInput) romaji_capable=false japanese=true user_enabled=true was_active=false input_mode=ObservedEisu
2026-09-21T03:24:16.527250Z DEBUG awase_windows::hook: [hook] IME-mode vk=0xF0 up self_injected=false injected=false scan=0x70 extra=0x5350494B since_actuation_us=Some(41332036)
2026-09-21T03:24:16.527480Z DEBUG awase::journal: hook ime-mode diagnostic seq=254 elapsed_ms=41418 vk_code=240 is_down=false self_injected=false injected=false scan=112
2026-09-21T03:24:16.527573Z DEBUG awase_windows::hook: [hook] IME-mode vk=0xF2 down self_injected=false injected=false scan=0x70 extra=0x5350494B since_actuation_us=Some(41332384)
2026-09-21T03:24:16.527859Z DEBUG awase_windows::runtime::key_pipeline: [engine-input] vk=0xF0 KeyUp ts=41418314us delay=0ms state=Idle mods(c=false s=false a=false w=false) gas_ctrl=false phys_ctrl=false extra=0x5350494B pending_drain=0 gate_active=false l_thumb=None r_thumb=None [diag-ctx] ime_on=
2026-09-21T03:24:16.527909Z DEBUG awase::engine::engine: [diag-engine-active] ime_on=true なのに非活性: reason=Inactive(NotRomajiInput) romaji_capable=false japanese=true user_enabled=true was_active=false input_mode=ObservedEisu
2026-09-21T03:24:16.527987Z DEBUG awase::journal: key input seq=255 elapsed_ms=41418 vk_code=240 is_down=false injected=false key_class="Passthrough" state_before="Idle" state_after="Idle" decision="PassThrough" physical="Allow" repeat_count=1 last_timestamp_us=41418314 last_elapsed_ms=0
2026-09-21T03:24:16.528081Z DEBUG execute_from_hook: awase_windows::runtime::executor: [relay-passthrough] PassThrough idle: direct OS pass-through (vk=0xf0 up)
2026-09-21T03:24:16.528155Z DEBUG awase::journal: hook ime-mode diagnostic seq=256 elapsed_ms=41419 vk_code=242 is_down=true self_injected=false injected=false scan=112
2026-09-21T03:24:16.528229Z DEBUG awase_windows::runtime::key_pipeline: [engine-input] vk=0xF2 KeyDown ts=41418595us delay=0ms state=Idle mods(c=false s=false a=false w=false) gas_ctrl=false phys_ctrl=false extra=0x5350494B pending_drain=0 gate_active=false l_thumb=None r_thumb=None [diag-ctx] ime_o
2026-09-21T03:24:16.528268Z DEBUG awase::engine::engine: [diag-engine-active] ime_on=true なのに非活性: reason=Inactive(NotRomajiInput) romaji_capable=false japanese=true user_enabled=true was_active=false input_mode=ObservedEisu
2026-09-21T03:24:16.528316Z DEBUG awase::journal: key input seq=257 elapsed_ms=41419 vk_code=242 is_down=true injected=false key_class="Passthrough" state_before="Idle" state_after="Idle" decision="PassThrough" physical="Allow" repeat_count=1 last_timestamp_us=41418595 last_elapsed_ms=0
2026-09-21T03:24:16.528388Z DEBUG awase_windows::runtime::key_pipeline: may_change_ime key passed through → IME refresh scheduled (20ms)
2026-09-21T03:24:16.528433Z  INFO awase_windows::runtime::key_pipeline: [mode-key-follow] mode key PassThrough(vk=0xF2): IME refresh scheduled (20ms)
2026-09-21T03:24:16.529342Z  INFO awase_windows::runtime::key_pipeline: [key-effect-predict] vk=0xF2 status=Pre open=None mode=Some(AssumedRomaji { reason: KeyEffectPrediction })
2026-09-21T03:24:16.529414Z DEBUG awase::journal: ime event seq=258 elapsed_ms=41420 event_kind="KeyEffectPredicted"
2026-09-21T03:24:16.529472Z  INFO awase::engine::engine: Engine activated (ime=true, romaji=true, japanese=true, user=true, reason=Active)
2026-09-21T03:24:16.529595Z DEBUG execute_from_loop:execute_one{generation=None}:dispatch_ime_set_open{open=true generation=None}: awase_windows::runtime::executor: [dispatch-ime] ImmCross async: optimistic applied_snapshot=true (suppress send_engine_state_ime_key)
2026-09-21T03:24:16.531124Z DEBUG execute_from_loop:execute_one{generation=None}: awase_windows::platform: [engine-state-key] suppressed (polling/focus-triggered, enabled=true)
2026-09-21T03:24:16.531246Z DEBUG awase_windows::tsf::probe: [composition] marked cold reason=F2NonTsf idle=27016ms → next VK/TSF output will send VK_DBE_HIRAGANA warmup
2026-09-21T03:24:16.531337Z DEBUG execute_from_hook: awase_windows::runtime::transport: [relay-defer] PassThrough deferred: pending effects, reinject(vk=0xf2 down)
2026-09-21T03:24:16.531383Z DEBUG awase::journal: gji fsm transition seq=259 elapsed_ms=41422 trigger="CompositionReset(gji_idle_ms=1922)" state_before="OffCold" state_after="OffCold"
2026-09-21T03:24:16.531433Z DEBUG execute_one{generation=None}: awase_windows::runtime::executor: [reinject] vk=0xf0 up (queued passthrough now firing)
2026-09-21T03:24:16.531470Z DEBUG execute_one{generation=None}: awase_windows::runtime::executor: [reinject] vk=0xf2 down (queued passthrough now firing)
2026-09-21T03:24:16.531813Z DEBUG awase_windows::hook: [hook] IME-mode vk=0xF0 up self_injected=true injected=false scan=0x0 extra=0x4B45594D since_actuation_us=Some(41336617)
2026-09-21T03:24:16.533446Z DEBUG awase_windows::hook: [hook] IME-mode vk=0xF2 down self_injected=true injected=true scan=0x0 extra=0x4B45594D since_actuation_us=Some(41338249)
2026-09-21T03:24:16.536435Z DEBUG awase::journal: hook ime-mode diagnostic seq=260 elapsed_ms=41427 vk_code=240 is_down=false self_injected=true injected=false scan=0
2026-09-21T03:24:16.536480Z DEBUG awase::journal: hook ime-mode diagnostic seq=261 elapsed_ms=41427 vk_code=242 is_down=true self_injected=true injected=true scan=0
2026-09-21T03:24:16.536579Z DEBUG run_open_chain_async: awase_windows::ime_controller: [warrant-shadow] chain=async open=true origin=EventOrigin { source: SelfActuated { strategy: "engine_decision_async" }, epoch: Generation(0) } warranted
2026-09-21T03:24:16.536668Z  INFO run_open_chain_async:imm_cross_write{open=true}: awase_windows::runtime::open_chain: [apply-ime] ImmCross async: open=true composition_active=false show_seq=0 change_seq=0 (issue #138診断)
2026-09-21T03:24:16.541690Z DEBUG awase_windows::tsf::gji_monitor: [gji-io] WRITE: w_ops=+2 w_KB=+0.7 (r_ops=+4 x_ops=+4 x_KB=+0.0)
2026-09-21T03:24:16.542064Z DEBUG awase_windows::shadow_send_trace: [shadow-send] channel=ImeControl cmd=0x0006 lparam=1 issue_us=41432774
2026-09-21T03:24:16.542082Z DEBUG awase_windows::ime: set_ime_open_for_target: hwnd=HWND(0x300836) ime_wnd=HWND(0x4092a) open=true success=true send_elapsed=0ms candidate_visible=true
2026-09-21T03:24:16.542292Z DEBUG run_open_chain_async:imm_cross_write{open=true}: awase_windows::ime: [imm-cross-actuate] hwnd=HWND(0x300836) open=Written conv=Some(Written)
2026-09-21T03:24:16.542351Z DEBUG run_open_chain_async:imm_cross_write{open=true}: awase_windows::runtime::open_chain: [apply-ime] ROMAN 補完結果: Written
2026-09-21T03:24:16.542448Z DEBUG run_open_chain_async: awase::journal: actuation decision seq=262 elapsed_ms=41433 site="DispatchImeSetOpen" caller="None" open=true chain_len=4 attempts_len=1 gate_profile="Standard" gate_kind="Gji" gate_shadow_known=true gate_shadow_on=false gate_input_mode="Assume
2026-09-21T03:24:16.542727Z DEBUG on_ime_apply_complete{open=true outcome=AppliedWithoutSendInput generation=None reason=EngineDecision}: awase::journal: ime open applied seq=263 elapsed_ms=41433 open=true outcome="AppliedWithoutSendInput" reason="EngineDecision"
2026-09-21T03:24:16.542813Z DEBUG on_ime_apply_complete{open=true outcome=AppliedWithoutSendInput generation=None reason=EngineDecision}: awase_windows::tsf::ime_mode_fsm: [ime-mode] SetOpen(true) applied → Hiragana (belief, unconfirmed)
2026-09-21T03:24:16.542841Z DEBUG on_ime_apply_complete{open=true outcome=AppliedWithoutSendInput generation=None reason=EngineDecision}: awase_windows::platform: [composition] ImeEffect::SetOpen(true) → marking cold
2026-09-21T03:24:16.542864Z DEBUG on_ime_apply_complete{open=true outcome=AppliedWithoutSendInput generation=None reason=EngineDecision}: awase_windows::tsf::probe: [composition] marked cold reason=SetOpenTrue idle=27031ms → next VK/TSF output will send VK_DBE_HIRAGANA warmup
2026-09-21T03:24:16.542915Z DEBUG on_ime_apply_complete{open=true outcome=AppliedWithoutSendInput generation=None reason=EngineDecision}:gji_on_event{event=ImeOn { injection_mode: Unicode, gji_idle_ms: 0 }}: awase_windows::tsf::gji_fsm: [gji-fsm] ImeOn gji_idle=0ms → Short
2026-09-21T03:24:16.542967Z DEBUG on_ime_apply_complete{open=true outcome=AppliedWithoutSendInput generation=None reason=EngineDecision}: awase_windows::platform: [gji-fsm] StartProbe probe_id=ProbeId(2) forces_f2=false long=false
2026-09-21T03:24:16.543149Z DEBUG awase::journal: gji fsm transition seq=264 elapsed_ms=41433 trigger="ImeOn(gji_idle_ms=0)" state_before="OffCold" state_after="OnCold(Short)"
2026-09-21T03:24:16.543172Z DEBUG awase::journal: tsf probe started seq=265 elapsed_ms=41433 source="GjiAction::StartProbe" cold_seq=0 probe_id=2 probe_id_present=true gji_state="OnCold(Short)" consecutive_at_start=0 pending_deferred_len=0
2026-09-21T03:24:16.543196Z DEBUG awase::journal: gji fsm transition seq=266 elapsed_ms=41434 trigger="WarmupComplete(unicode)" state_before="OnCold(Short)" state_after="OnWarm"
2026-09-21T03:24:16.543214Z DEBUG awase::journal: tsf probe completed seq=267 elapsed_ms=41434 outcome="UnicodeImmediate" cold_seq=18446744073709551615 cold_seq_present=false probe_id=2 probe_id_present=true duration_ms=0 tick_count=0 gji_state="OnWarm"
2026-09-21T03:24:16.579357Z DEBUG awase_windows::runtime::ime_refresh: Explicit intent: bypassing typing-idle guard for IME verify (idle=47ms)
2026-09-21T03:24:16.579433Z DEBUG awase_windows::observer::ime_observer: IME snapshot: japanese=Some(true) ime_on=Some(true) romaji=Some(true) conv=Some("0x00000019") guard=false
2026-09-21T03:24:16.579547Z DEBUG awase::journal: ime event seq=268 elapsed_ms=41470 event_kind="ObserverReported"
2026-09-21T03:24:16.579585Z DEBUG reduce: awase_windows::state::ime_model: [key-effect-fence] axis=mode stale observation ignored: observed=ObservedRomaji predicted=AssumedRomaji { reason: KeyEffectPrediction } age_ms=47
2026-09-21T03:24:16.579631Z DEBUG awase::journal: ime event seq=269 elapsed_ms=41470 event_kind="InputModeObserved"
2026-09-21T03:24:16.579691Z DEBUG awase::journal: ime event seq=270 elapsed_ms=41470 event_kind="ModeKeyPassedThrough"
2026-09-21T03:24:16.579712Z  INFO awase_windows::runtime::ime_refresh: [mode-key-follow] observation arrived after mode key pass: intents invalidated
2026-09-21T03:24:16.658534Z DEBUG awase_windows::runtime::ime_refresh: Explicit intent: bypassing typing-idle guard for IME verify (idle=125ms)
2026-09-21T03:24:16.658611Z DEBUG awase_windows::observer::ime_observer: IME snapshot: japanese=Some(true) ime_on=Some(true) romaji=Some(true) conv=Some("0x00000019") guard=false
2026-09-21T03:24:16.658726Z DEBUG awase::journal: ime event seq=271 elapsed_ms=41549 event_kind="ObserverReported"
2026-09-21T03:24:16.658768Z DEBUG reduce: awase_windows::state::ime_model: [key-effect-confirmed] axis=mode value=ObservedRomaji
2026-09-21T03:24:16.658810Z DEBUG awase::journal: ime event seq=272 elapsed_ms=41549 event_kind="InputModeObserved"
2026-09-21T03:24:16.658848Z  INFO awase_windows::runtime::ime_refresh: [mode-key-follow] observation arrived after mode key pass: intents invalidated
2026-09-21T03:24:16.719955Z DEBUG awase_windows::runtime::ime_refresh: Explicit intent: bypassing typing-idle guard for IME verify (idle=187ms)
2026-09-21T03:24:16.720015Z DEBUG awase_windows::observer::ime_observer: IME snapshot: japanese=Some(true) ime_on=Some(true) romaji=Some(true) conv=Some("0x00000019") guard=false
2026-09-21T03:24:16.720115Z DEBUG awase::journal: ime event seq=273 elapsed_ms=41611 event_kind="ObserverReported"
2026-09-21T03:24:16.720142Z DEBUG awase::journal: ime event seq=274 elapsed_ms=41611 event_kind="InputModeObserved"
2026-09-21T03:24:16.720164Z  INFO awase_windows::runtime::ime_refresh: [mode-key-follow] observation arrived after mode key pass: intents invalidated
2026-09-21T03:24:16.779975Z DEBUG awase_windows::runtime::ime_refresh: Explicit intent: bypassing typing-idle guard for IME verify (idle=250ms)
2026-09-21T03:24:16.780031Z DEBUG awase_windows::observer::ime_observer: IME snapshot: japanese=Some(true) ime_on=Some(true) romaji=Some(true) conv=Some("0x00000019") guard=false
2026-09-21T03:24:16.780117Z DEBUG awase::journal: ime event seq=275 elapsed_ms=41671 event_kind="ObserverReported"
2026-09-21T03:24:16.780153Z DEBUG awase::journal: ime event seq=276 elapsed_ms=41671 event_kind="InputModeObserved"
2026-09-21T03:24:16.780181Z  INFO awase_windows::runtime::ime_refresh: [mode-key-follow] observation arrived after mode key pass: intents invalidated
2026-09-21T03:24:16.841322Z DEBUG awase_windows::runtime::ime_refresh: Skipping observer/SSOT write: typing active (idle=312ms)
2026-09-21T03:24:17.346251Z DEBUG awase_windows::observer::ime_observer: IME snapshot: japanese=Some(true) ime_on=Some(true) romaji=Some(true) conv=Some("0x00000019") guard=false
2026-09-21T03:24:17.346325Z DEBUG awase::journal: ime event seq=277 elapsed_ms=42237 event_kind="ObserverReported"
2026-09-21T03:24:17.346350Z DEBUG awase::journal: ime event seq=278 elapsed_ms=42237 event_kind="InputModeObserved"
2026-09-21T03:24:17.849744Z DEBUG awase_windows::observer::ime_observer: IME snapshot: japanese=Some(true) ime_on=Some(true) romaji=Some(true) conv=Some("0x00000019") guard=false
2026-09-21T03:24:17.849817Z DEBUG awase::journal: ime event seq=279 elapsed_ms=42740 event_kind="ObserverReported"
2026-09-21T03:24:17.849843Z DEBUG awase::journal: ime event seq=280 elapsed_ms=42740 event_kind="InputModeObserved"
2026-09-21T03:24:18.363110Z DEBUG awase_windows::observer::ime_observer: IME snapshot: japanese=Some(true) ime_on=Some(true) romaji=Some(true) conv=Some("0x00000019") guard=false
2026-09-21T03:24:18.363196Z DEBUG awase::journal: ime event seq=281 elapsed_ms=43254 event_kind="ObserverReported"
2026-09-21T03:24:18.363231Z DEBUG awase::journal: ime event seq=282 elapsed_ms=43254 event_kind="InputModeObserved"
2026-09-21T03:24:18.473430Z DEBUG awase_windows::runtime::key_pipeline: [engine-input] vk=0x1B KeyDown ts=43363298us delay=0ms state=Idle mods(c=false s=false a=false w=false) gas_ctrl=false phys_ctrl=false extra=0x5350494B pending_drain=0 gate_active=false l_thumb=None r_thumb=None [diag-ctx] ime_o
2026-09-21T03:24:18.473568Z DEBUG awase::journal: key input seq=283 elapsed_ms=43364 vk_code=27 is_down=true injected=false key_class="Passthrough" state_before="Idle" state_after="Idle" decision="PassThrough" physical="Allow" repeat_count=1 last_timestamp_us=43363298 last_elapsed_ms=0
2026-09-21T03:24:18.473681Z DEBUG execute_from_hook: awase_windows::runtime::executor: [relay-passthrough] PassThrough idle: direct OS pass-through (vk=0x1b down)
2026-09-21T03:24:18.473789Z DEBUG execute_one{generation=None}: awase_windows::runtime::executor: [reinject] vk=0x1b down (queued passthrough now firing)
2026-09-21T03:24:18.480098Z  INFO awase_windows::tsf::win_event_obs: [gji-obs] candidate HIDE: last_gji_write=1938ms ago
2026-09-21T03:24:18.486270Z DEBUG awase_windows::tsf::gji_monitor: [gji-io] WRITE: w_ops=+2 w_KB=+0.4 (r_ops=+4 x_ops=+4 x_KB=+0.0)
2026-09-21T03:24:18.596106Z DEBUG awase_windows::runtime::key_pipeline: [engine-input] vk=0x1B KeyUp ts=43486719us delay=0ms state=Idle mods(c=false s=false a=false w=false) gas_ctrl=false phys_ctrl=false extra=0x5350494B pending_drain=0 gate_active=false l_thumb=None r_thumb=None [diag-ctx] ime_on=
2026-09-21T03:24:18.596222Z DEBUG awase::journal: key input seq=284 elapsed_ms=43487 vk_code=27 is_down=false injected=false key_class="Passthrough" state_before="Idle" state_after="Idle" decision="PassThrough" physical="Allow" repeat_count=1 last_timestamp_us=43486719 last_elapsed_ms=0
2026-09-21T03:24:18.596323Z DEBUG execute_from_hook: awase_windows::runtime::executor: [relay-passthrough] PassThrough idle: direct OS pass-through (vk=0x1b up)
2026-09-21T03:24:18.596437Z DEBUG execute_one{generation=None}: awase_windows::runtime::executor: [reinject] vk=0x1b up (queued passthrough now firing)
2026-09-21T03:24:18.864746Z DEBUG awase_windows::runtime::ime_refresh: Skipping observer/SSOT write: typing active (idle=281ms)
2026-09-21T03:24:19.384972Z DEBUG awase_windows::observer::ime_observer: IME snapshot: japanese=Some(true) ime_on=Some(true) romaji=Some(true) conv=Some("0x00000019") guard=false
2026-09-21T03:24:19.385050Z DEBUG awase::journal: ime event seq=285 elapsed_ms=44276 event_kind="ObserverReported"
2026-09-21T03:24:19.385079Z DEBUG awase::journal: ime event seq=286 elapsed_ms=44276 event_kind="InputModeObserved"
2026-09-21T03:24:19.889461Z DEBUG awase_windows::observer::ime_observer: IME snapshot: japanese=Some(true) ime_on=Some(true) romaji=Some(true) conv=Some("0x00000019") guard=false
2026-09-21T03:24:19.889602Z DEBUG awase::journal: ime event seq=287 elapsed_ms=44780 event_kind="ObserverReported"
2026-09-21T03:24:19.889631Z DEBUG awase::journal: ime event seq=288 elapsed_ms=44780 event_kind="InputModeObserved"
2026-09-21T03:24:20.388223Z DEBUG awase_windows::observer::ime_observer: IME snapshot: japanese=Some(true) ime_on=Some(true) romaji=Some(true) conv=Some("0x00000019") guard=false
2026-09-21T03:24:20.388313Z DEBUG awase::journal: ime event seq=289 elapsed_ms=45279 event_kind="ObserverReported"
2026-09-21T03:24:20.388351Z DEBUG awase::journal: ime event seq=290 elapsed_ms=45279 event_kind="InputModeObserved"
2026-09-21T03:24:20.400950Z DEBUG awase_windows::runtime::key_pipeline: [engine-input] vk=0x4B KeyDown ts=45291575us delay=0ms state=Idle mods(c=false s=false a=false w=false) gas_ctrl=false phys_ctrl=false extra=0x5350494B pending_drain=0 gate_active=false l_thumb=None r_thumb=None [diag-ctx] ime_o
2026-09-21T03:24:20.401069Z DEBUG awase::journal: key input seq=291 elapsed_ms=45292 vk_code=75 is_down=true injected=false key_class="Char" state_before="Idle" state_after="PendingChar(vk=0x4B)" decision="Consume" physical="Allow" repeat_count=1 last_timestamp_us=45291575 last_elapsed_ms=0
2026-09-21T03:24:20.510238Z DEBUG execute_from_loop:execute_one{generation=None}: awase_windows::output: send_keys: mode=Unicode actions=[Char('き')] prev_elapsed=31000ms
2026-09-21T03:24:20.510268Z DEBUG execute_from_loop:execute_one{generation=None}: awase_windows::tsf::probe: [mark-send] last_send_ms=53071562
2026-09-21T03:24:20.510289Z DEBUG execute_from_loop:execute_one{generation=None}: awase_windows::output:   → Char('き') via Unicode
2026-09-21T03:24:20.512236Z DEBUG execute_from_loop:execute_one{generation=None}: awase_windows::tsf::probe: [mark-send] last_send_ms=53071562
2026-09-21T03:24:20.515929Z  INFO awase_windows::tsf::win_event_obs: [gji-obs] candidate SHOW #3: last_gji_write=2031ms ago
2026-09-21T03:24:20.516838Z DEBUG awase_windows::tsf::gji_monitor: [gji-io] WRITE: w_ops=+2 w_KB=+0.3 (r_ops=+4 x_ops=+4 x_KB=+0.0)
2026-09-21T03:24:20.523553Z DEBUG awase_windows::runtime::key_pipeline: [engine-input] vk=0x4B KeyUp ts=45414178us delay=0ms state=Idle mods(c=false s=false a=false w=false) gas_ctrl=false phys_ctrl=false extra=0x5350494B pending_drain=0 gate_active=false l_thumb=None r_thumb=None [diag-ctx] ime_on=
2026-09-21T03:24:20.523665Z DEBUG awase::journal: key input seq=293 elapsed_ms=45414 vk_code=75 is_down=false injected=false key_class="Char" state_before="Idle" state_after="Idle" decision="Consume" physical="Allow" repeat_count=1 last_timestamp_us=45414178 last_elapsed_ms=0
2026-09-21T03:24:20.523917Z DEBUG execute_one{generation=None}: awase_windows::output: send_keys: mode=Unicode actions=[Suppress] prev_elapsed=16ms
2026-09-21T03:24:20.523952Z DEBUG execute_one{generation=None}: awase_windows::tsf::probe: [mark-send] last_send_ms=53071578
2026-09-21T03:24:20.523974Z DEBUG execute_one{generation=None}: awase_windows::output:   → Suppress
2026-09-21T03:24:20.523990Z DEBUG execute_one{generation=None}: awase_windows::tsf::probe: [mark-send] last_send_ms=53071578
2026-09-21T03:24:20.524045Z DEBUG execute_one{generation=None}: awase_windows::platform: [gji-fsm] StartComposition (candidate SHOW)
2026-09-21T03:24:20.524084Z DEBUG execute_one{generation=None}:gji_on_event{event=StartComposition}: awase_windows::tsf::gji_fsm: [gji-fsm] StartComposition: OnWarm → OnComposing(AlreadyWarm)
2026-09-21T03:24:20.524227Z DEBUG awase::journal: gji fsm transition seq=294 elapsed_ms=45415 trigger="StartComposition(candidate SHOW)" state_before="OnWarm" state_after="OnComposing(Warm)"
2026-09-21T03:24:20.891841Z DEBUG awase_windows::runtime::ime_refresh: Skipping observer/SSOT write: typing active (idle=359ms)
2026-09-21T03:24:21.391468Z DEBUG awase_windows::observer::ime_observer: IME snapshot: japanese=Some(true) ime_on=Some(true) romaji=Some(true) conv=Some("0x00000019") guard=false
2026-09-21T03:24:21.391542Z DEBUG awase::journal: ime event seq=295 elapsed_ms=46282 event_kind="ObserverReported"
2026-09-21T03:24:21.391568Z DEBUG awase::journal: ime event seq=296 elapsed_ms=46282 event_kind="InputModeObserved"
2026-09-21T03:24:21.886697Z DEBUG awase_windows::observer::ime_observer: IME snapshot: japanese=Some(true) ime_on=Some(true) romaji=Some(true) conv=Some("0x00000019") guard=false
2026-09-21T03:24:21.886784Z DEBUG awase::journal: ime event seq=297 elapsed_ms=46777 event_kind="ObserverReported"
2026-09-21T03:24:21.886819Z DEBUG awase::journal: ime event seq=298 elapsed_ms=46777 event_kind="InputModeObserved"
2026-09-21T03:24:22.339474Z DEBUG awase_windows::runtime::key_pipeline: [engine-input] vk=0x41 KeyDown ts=47230024us delay=0ms state=Idle mods(c=false s=false a=false w=false) gas_ctrl=false phys_ctrl=false extra=0x5350494B pending_drain=0 gate_active=false l_thumb=None r_thumb=None [diag-ctx] ime_o
2026-09-21T03:24:22.339636Z DEBUG awase::journal: key input seq=299 elapsed_ms=47230 vk_code=65 is_down=true injected=false key_class="Char" state_before="Idle" state_after="PendingChar(vk=0x41)" decision="Consume" physical="Allow" repeat_count=1 last_timestamp_us=47230024 last_elapsed_ms=0
2026-09-21T03:24:22.390825Z DEBUG awase_windows::runtime::ime_refresh: Skipping observer/SSOT write: typing active (idle=47ms)
2026-09-21T03:24:22.447614Z DEBUG execute_from_loop:execute_one{generation=None}: awase_windows::output: send_keys: mode=Unicode actions=[Char('う')] prev_elapsed=1922ms
2026-09-21T03:24:22.447645Z DEBUG execute_from_loop:execute_one{generation=None}: awase_windows::tsf::probe: [mark-send] last_send_ms=53073500
2026-09-21T03:24:22.447665Z DEBUG execute_from_loop:execute_one{generation=None}: awase_windows::output:   → Char('う') via Unicode
2026-09-21T03:24:22.453749Z DEBUG execute_from_loop:execute_one{generation=None}: awase_windows::tsf::probe: [mark-send] last_send_ms=53073500
2026-09-21T03:24:22.462975Z DEBUG awase_windows::tsf::gji_monitor: [gji-io] WRITE: w_ops=+2 w_KB=+0.5 (r_ops=+4 x_ops=+4 x_KB=+0.0)
2026-09-21T03:24:22.465960Z DEBUG awase_windows::runtime::key_pipeline: [engine-input] vk=0x41 KeyUp ts=47356623us delay=0ms state=Idle mods(c=false s=false a=false w=false) gas_ctrl=false phys_ctrl=false extra=0x5350494B pending_drain=0 gate_active=false l_thumb=None r_thumb=None [diag-ctx] ime_on=
2026-09-21T03:24:22.466051Z DEBUG awase::journal: key input seq=301 elapsed_ms=47357 vk_code=65 is_down=false injected=false key_class="Char" state_before="Idle" state_after="Idle" decision="Consume" physical="Allow" repeat_count=1 last_timestamp_us=47356623 last_elapsed_ms=0
2026-09-21T03:24:22.466156Z DEBUG execute_one{generation=None}: awase_windows::output: send_keys: mode=Unicode actions=[Suppress] prev_elapsed=15ms
2026-09-21T03:24:22.466179Z DEBUG execute_one{generation=None}: awase_windows::tsf::probe: [mark-send] last_send_ms=53073515
2026-09-21T03:24:22.466192Z DEBUG execute_one{generation=None}: awase_windows::output:   → Suppress
2026-09-21T03:24:22.466201Z DEBUG execute_one{generation=None}: awase_windows::tsf::probe: [mark-send] last_send_ms=53073515
2026-09-21T03:24:22.892579Z DEBUG awase_windows::runtime::ime_refresh: Skipping observer/SSOT write: typing active (idle=422ms)
2026-09-21T03:24:23.390212Z DEBUG awase_windows::observer::ime_observer: IME snapshot: japanese=Some(true) ime_on=Some(true) romaji=Some(true) conv=Some("0x00000019") guard=false
2026-09-21T03:24:23.390296Z DEBUG awase::journal: ime event seq=302 elapsed_ms=48281 event_kind="ObserverReported"
2026-09-21T03:24:23.390331Z DEBUG awase::journal: ime event seq=303 elapsed_ms=48281 event_kind="InputModeObserved"
2026-09-21T03:24:23.893608Z DEBUG awase_windows::observer::ime_observer: IME snapshot: japanese=Some(true) ime_on=Some(true) romaji=Some(true) conv=Some("0x00000019") guard=false
2026-09-21T03:24:23.893742Z DEBUG awase::journal: ime event seq=304 elapsed_ms=48784 event_kind="ObserverReported"
2026-09-21T03:24:23.893768Z DEBUG awase::journal: ime event seq=305 elapsed_ms=48784 event_kind="InputModeObserved"
2026-09-21T03:24:24.279404Z DEBUG awase_windows::hook: [hook] IME-mode vk=0xF4 up self_injected=false injected=false scan=0x29 extra=0x5350494B since_actuation_us=Some(49084195)
2026-09-21T03:24:24.279630Z DEBUG awase::journal: hook ime-mode diagnostic seq=306 elapsed_ms=49170 vk_code=244 is_down=false self_injected=false injected=false scan=41
2026-09-21T03:24:24.279769Z DEBUG awase_windows::hook: [hook] IME-mode vk=0xF3 down self_injected=false injected=false scan=0x29 extra=0x5350494B since_actuation_us=Some(49084579)
2026-09-21T03:24:24.279846Z DEBUG awase_windows::runtime::key_pipeline: [engine-input] vk=0xF4 KeyUp ts=49170420us delay=0ms state=Idle mods(c=false s=false a=false w=false) gas_ctrl=false phys_ctrl=false extra=0x5350494B pending_drain=0 gate_active=false l_thumb=None r_thumb=None [diag-ctx] ime_on=
2026-09-21T03:24:24.279959Z DEBUG awase::journal: key input seq=307 elapsed_ms=49170 vk_code=244 is_down=false injected=false key_class="Passthrough" state_before="Idle" state_after="Idle" decision="PassThrough" physical="Allow" repeat_count=1 last_timestamp_us=49170420 last_elapsed_ms=0
2026-09-21T03:24:24.280071Z DEBUG execute_from_hook: awase_windows::runtime::executor: [relay-passthrough] PassThrough idle: direct OS pass-through (vk=0xf4 up)
2026-09-21T03:24:24.280144Z DEBUG awase::journal: hook ime-mode diagnostic seq=308 elapsed_ms=49171 vk_code=243 is_down=true self_injected=false injected=false scan=41
2026-09-21T03:24:24.280245Z DEBUG awase_windows::runtime::key_pipeline: [engine-input] vk=0xF3 KeyDown ts=49170714us delay=0ms state=Idle mods(c=false s=false a=false w=false) gas_ctrl=false phys_ctrl=false extra=0x5350494B pending_drain=0 gate_active=false l_thumb=None r_thumb=None [diag-ctx] ime_o
2026-09-21T03:24:24.280333Z DEBUG awase::journal: key input seq=309 elapsed_ms=49171 vk_code=243 is_down=true injected=false key_class="Passthrough" state_before="Idle" state_after="Idle" decision="PassThrough" physical="Allow" repeat_count=1 last_timestamp_us=49170714 last_elapsed_ms=0
2026-09-21T03:24:24.280418Z DEBUG awase_windows::runtime::key_pipeline: may_change_ime key passed through → IME refresh scheduled (20ms)
2026-09-21T03:24:24.280473Z  INFO awase_windows::runtime::key_pipeline: [mode-key-follow] mode key PassThrough(vk=0xF3): IME refresh scheduled (20ms)
2026-09-21T03:24:24.281161Z DEBUG awase_windows::runtime::key_pipeline: [key-effect-predict] vk=0xF3 status=Pre: no prediction
2026-09-21T03:24:24.281263Z DEBUG execute_from_hook: awase_windows::runtime::transport: [relay-defer] PassThrough deferred: pending effects, reinject(vk=0xf3 down)
2026-09-21T03:24:24.281378Z DEBUG execute_one{generation=None}: awase_windows::runtime::executor: [reinject] vk=0xf4 up (queued passthrough now firing)
2026-09-21T03:24:24.281452Z DEBUG execute_one{generation=None}: awase_windows::runtime::executor: [reinject] vk=0xf3 down (queued passthrough now firing)
2026-09-21T03:24:24.281612Z DEBUG awase_windows::hook: [hook] IME-mode vk=0xF4 up self_injected=true injected=true scan=0x0 extra=0x4B45594D since_actuation_us=Some(49086421)
2026-09-21T03:24:24.283977Z DEBUG awase_windows::hook: [hook] IME-mode vk=0xF3 up self_injected=true injected=false scan=0x0 extra=0x4B45594D since_actuation_us=Some(49088774)
2026-09-21T03:24:24.285582Z DEBUG awase_windows::hook: [hook] IME-mode vk=0xF4 down self_injected=true injected=true scan=0x0 extra=0x4B45594D since_actuation_us=Some(49090390)
2026-09-21T03:24:24.287710Z DEBUG awase::journal: hook ime-mode diagnostic seq=310 elapsed_ms=49178 vk_code=244 is_down=false self_injected=true injected=true scan=0
2026-09-21T03:24:24.287752Z DEBUG awase::journal: hook ime-mode diagnostic seq=311 elapsed_ms=49178 vk_code=243 is_down=false self_injected=true injected=false scan=0
2026-09-21T03:24:24.287776Z DEBUG awase::journal: hook ime-mode diagnostic seq=312 elapsed_ms=49178 vk_code=244 is_down=true self_injected=true injected=true scan=0
2026-09-21T03:24:24.293578Z DEBUG awase_windows::tsf::gji_monitor: [gji-io] WRITE: w_ops=+2 w_KB=+0.3 (r_ops=+4 x_ops=+4 x_KB=+0.0)
2026-09-21T03:24:24.294177Z  INFO awase_windows::tsf::win_event_obs: [gji-obs] candidate HIDE: last_gji_write=0ms ago
2026-09-21T03:24:24.312819Z DEBUG awase_windows::runtime::ime_refresh: Explicit intent: bypassing typing-idle guard for IME verify (idle=31ms)
2026-09-21T03:24:24.312893Z DEBUG awase_windows::observer::ime_observer: IME snapshot: japanese=Some(true) ime_on=Some(false) romaji=Some(true) conv=Some("0x00000019") guard=false
2026-09-21T03:24:24.313009Z DEBUG awase::journal: ime event seq=313 elapsed_ms=49203 event_kind="ObserverReported"
2026-09-21T03:24:24.313057Z DEBUG awase::journal: ime event seq=314 elapsed_ms=49204 event_kind="InputModeObserved"
2026-09-21T03:24:24.313116Z DEBUG awase::journal: ime event seq=315 elapsed_ms=49204 event_kind="ModeKeyPassedThrough"
2026-09-21T03:24:24.313136Z  INFO awase_windows::runtime::ime_refresh: [mode-key-follow] observation arrived after mode key pass: intents invalidated
2026-09-21T03:24:24.313315Z  INFO awase::engine::engine: Engine deactivated (ime=false, romaji=true, japanese=true, user=true, reason=Inactive(ImeOff))
2026-09-21T03:24:24.313520Z DEBUG execute_from_loop:execute_one{generation=None}:dispatch_ime_set_open{open=false generation=None}: awase_windows::runtime::executor: [dispatch-ime] ImmCross async: optimistic applied_snapshot=false (suppress send_engine_state_ime_key)
2026-09-21T03:24:24.314856Z DEBUG execute_from_loop:execute_one{generation=None}: awase_windows::platform: [engine-state-key] suppressed (polling/focus-triggered, enabled=false)
2026-09-21T03:24:24.316264Z DEBUG run_open_chain_async: awase_windows::ime_controller: [warrant-shadow] chain=async open=false origin=EventOrigin { source: SelfActuated { strategy: "engine_decision_async" }, epoch: Generation(0) } warranted
2026-09-21T03:24:24.316354Z  INFO run_open_chain_async:imm_cross_write{open=false}: awase_windows::runtime::open_chain: [apply-ime] ImmCross async: open=false composition_active=false show_seq=0 change_seq=0 (issue #138診断)
2026-09-21T03:24:24.318182Z DEBUG awase_windows::shadow_send_trace: [shadow-send] channel=ImeControl cmd=0x0006 lparam=0 issue_us=49208803
2026-09-21T03:24:24.318199Z DEBUG awase_windows::ime: set_ime_open_for_target: hwnd=HWND(0x300836) ime_wnd=HWND(0x4092a) open=false success=true send_elapsed=0ms candidate_visible=false
2026-09-21T03:24:24.318560Z DEBUG run_open_chain_async:imm_cross_write{open=false}: awase_windows::ime: [imm-cross-actuate] hwnd=HWND(0x300836) open=Written conv=None
2026-09-21T03:24:24.318639Z DEBUG run_open_chain_async: awase::journal: actuation decision seq=316 elapsed_ms=49209 site="DispatchImeSetOpen" caller="None" open=false chain_len=4 attempts_len=1 gate_profile="Standard" gate_kind="Gji" gate_shadow_known=true gate_shadow_on=true gate_input_mode="Observ
2026-09-21T03:24:24.318795Z DEBUG on_ime_apply_complete{open=false outcome=AppliedWithoutSendInput generation=None reason=EngineDecision}: awase::journal: ime open applied seq=317 elapsed_ms=49209 open=false outcome="AppliedWithoutSendInput" reason="EngineDecision"
2026-09-21T03:24:24.318883Z DEBUG on_ime_apply_complete{open=false outcome=AppliedWithoutSendInput generation=None reason=EngineDecision}: awase_windows::tsf::ime_mode_fsm: [ime-mode] SetOpen(false) applied → Off (belief, unconfirmed)
2026-09-21T03:24:24.318910Z DEBUG on_ime_apply_complete{open=false outcome=AppliedWithoutSendInput generation=None reason=EngineDecision}: awase_windows::platform: [composition] ImeEffect::SetOpen(false) → marking cold (prevent warm+TSF Enter leak)
2026-09-21T03:24:24.318933Z DEBUG on_ime_apply_complete{open=false outcome=AppliedWithoutSendInput generation=None reason=EngineDecision}: awase_windows::tsf::probe: [composition] marked cold reason=SetOpenFalse idle=1860ms → next VK/TSF output will send VK_DBE_HIRAGANA warmup
2026-09-21T03:24:24.319066Z DEBUG awase::journal: gji fsm transition seq=318 elapsed_ms=49209 trigger="ImeOff" state_before="OnComposing(Warm)" state_after="OffCold"
2026-09-21T03:24:24.365957Z DEBUG awase_windows::runtime::ime_refresh: Explicit intent: bypassing typing-idle guard for IME verify (idle=93ms)
2026-09-21T03:24:24.366020Z DEBUG awase_windows::observer::ime_observer: IME snapshot: japanese=Some(true) ime_on=Some(false) romaji=Some(true) conv=Some("0x00000019") guard=false
2026-09-21T03:24:24.366116Z DEBUG awase::journal: ime event seq=319 elapsed_ms=49257 event_kind="ObserverReported"
2026-09-21T03:24:24.366156Z DEBUG awase::journal: ime event seq=320 elapsed_ms=49257 event_kind="InputModeObserved"
2026-09-21T03:24:24.366188Z  INFO awase_windows::runtime::ime_refresh: [mode-key-follow] observation arrived after mode key pass: intents invalidated
2026-09-21T03:24:24.439460Z DEBUG awase_windows::runtime::ime_refresh: Explicit intent: bypassing typing-idle guard for IME verify (idle=156ms)
2026-09-21T03:24:24.439539Z DEBUG awase_windows::observer::ime_observer: IME snapshot: japanese=Some(true) ime_on=Some(false) romaji=Some(true) conv=Some("0x00000019") guard=false
2026-09-21T03:24:24.439725Z DEBUG awase::journal: ime event seq=321 elapsed_ms=49330 event_kind="ObserverReported"
2026-09-21T03:24:24.439770Z DEBUG awase::journal: ime event seq=322 elapsed_ms=49330 event_kind="InputModeObserved"
2026-09-21T03:24:24.439810Z  INFO awase_windows::runtime::ime_refresh: [mode-key-follow] observation arrived after mode key pass: intents invalidated
2026-09-21T03:24:24.501533Z DEBUG awase_windows::runtime::ime_refresh: Explicit intent: bypassing typing-idle guard for IME verify (idle=218ms)
2026-09-21T03:24:24.501612Z DEBUG awase_windows::observer::ime_observer: IME snapshot: japanese=Some(true) ime_on=Some(false) romaji=Some(true) conv=Some("0x00000019") guard=false
2026-09-21T03:24:24.501674Z DEBUG awase::journal: ime event seq=323 elapsed_ms=49392 event_kind="ObserverReported"
2026-09-21T03:24:24.501695Z DEBUG awase::journal: ime event seq=324 elapsed_ms=49392 event_kind="InputModeObserved"
2026-09-21T03:24:24.501713Z  INFO awase_windows::runtime::ime_refresh: [mode-key-follow] observation arrived after mode key pass: intents invalidated
2026-09-21T03:24:24.564692Z DEBUG awase_windows::runtime::ime_refresh: Explicit intent: bypassing typing-idle guard for IME verify (idle=281ms)
2026-09-21T03:24:24.564744Z DEBUG awase_windows::observer::ime_observer: IME snapshot: japanese=Some(true) ime_on=Some(false) romaji=Some(true) conv=Some("0x00000019") guard=false
2026-09-21T03:24:24.564809Z DEBUG awase::journal: ime event seq=325 elapsed_ms=49455 event_kind="ObserverReported"
2026-09-21T03:24:24.564833Z DEBUG awase::journal: ime event seq=326 elapsed_ms=49455 event_kind="InputModeObserved"
2026-09-21T03:24:24.564852Z  INFO awase_windows::runtime::ime_refresh: [mode-key-follow] observation arrived after mode key pass: intents invalidated
2026-09-21T03:24:24.627194Z DEBUG awase_windows::runtime::ime_refresh: Skipping observer/SSOT write: typing active (idle=343ms)
2026-09-21T03:24:25.127713Z DEBUG awase_windows::observer::ime_observer: IME snapshot: japanese=Some(true) ime_on=Some(false) romaji=Some(true) conv=Some("0x00000019") guard=false
2026-09-21T03:24:25.127813Z DEBUG awase::journal: ime event seq=327 elapsed_ms=50018 event_kind="ObserverReported"
2026-09-21T03:24:25.127871Z DEBUG awase::journal: ime event seq=328 elapsed_ms=50018 event_kind="InputModeObserved"
2026-09-21T03:24:25.628033Z DEBUG awase_windows::observer::ime_observer: IME snapshot: japanese=Some(true) ime_on=Some(false) romaji=Some(true) conv=Some("0x00000019") guard=false
2026-09-21T03:24:25.628113Z DEBUG awase::journal: ime event seq=329 elapsed_ms=50519 event_kind="ObserverReported"
2026-09-21T03:24:25.628146Z DEBUG awase::journal: ime event seq=330 elapsed_ms=50519 event_kind="InputModeObserved"
2026-09-21T03:24:26.132957Z DEBUG awase_windows::observer::ime_observer: IME snapshot: japanese=Some(true) ime_on=Some(false) romaji=Some(true) conv=Some("0x00000019") guard=false
2026-09-21T03:24:26.133043Z DEBUG awase::journal: ime event seq=331 elapsed_ms=51024 event_kind="ObserverReported"
2026-09-21T03:24:26.133063Z DEBUG awase::journal: ime event seq=332 elapsed_ms=51024 event_kind="InputModeObserved"
2026-09-21T03:24:26.208864Z DEBUG awase_windows::runtime::key_pipeline: [engine-input] vk=0x41 KeyDown ts=51099515us delay=0ms state=Idle mods(c=false s=false a=false w=false) gas_ctrl=false phys_ctrl=false extra=0x5350494B pending_drain=0 gate_active=false l_thumb=None r_thumb=None [diag-ctx] ime_o
2026-09-21T03:24:26.208958Z DEBUG awase::journal: key input seq=333 elapsed_ms=51099 vk_code=65 is_down=true injected=false key_class="Char" state_before="Idle" state_after="Idle" decision="PassThrough" physical="Allow" repeat_count=1 last_timestamp_us=51099515 last_elapsed_ms=0
2026-09-21T03:24:26.209088Z DEBUG execute_one{generation=None}: awase_windows::runtime::executor: [reinject] vk=0x41 down (queued passthrough now firing)
2026-09-21T03:24:26.333884Z DEBUG awase_windows::runtime::key_pipeline: [engine-input] vk=0x41 KeyUp ts=51224572us delay=0ms state=Idle mods(c=false s=false a=false w=false) gas_ctrl=false phys_ctrl=false extra=0x5350494B pending_drain=0 gate_active=false l_thumb=None r_thumb=None [diag-ctx] ime_on=
2026-09-21T03:24:26.333968Z DEBUG awase::journal: key input seq=334 elapsed_ms=51224 vk_code=65 is_down=false injected=false key_class="Char" state_before="Idle" state_after="Idle" decision="PassThrough" physical="Allow" repeat_count=1 last_timestamp_us=51224572 last_elapsed_ms=0
2026-09-21T03:24:26.334089Z DEBUG execute_one{generation=None}: awase_windows::runtime::executor: [reinject] vk=0x41 up (queued passthrough now firing)
2026-09-21T03:24:26.638427Z DEBUG awase_windows::runtime::ime_refresh: Skipping observer/SSOT write: typing active (idle=297ms)
2026-09-21T03:24:27.139998Z DEBUG awase_windows::observer::ime_observer: IME snapshot: japanese=Some(true) ime_on=Some(false) romaji=Some(true) conv=Some("0x00000019") guard=false
2026-09-21T03:24:27.140090Z DEBUG awase::journal: ime event seq=335 elapsed_ms=52031 event_kind="ObserverReported"
2026-09-21T03:24:27.140128Z DEBUG awase::journal: ime event seq=336 elapsed_ms=52031 event_kind="InputModeObserved"
2026-09-21T03:24:27.635808Z DEBUG awase_windows::observer::ime_observer: IME snapshot: japanese=Some(true) ime_on=Some(false) romaji=Some(true) conv=Some("0x00000019") guard=false
2026-09-21T03:24:27.635906Z DEBUG awase::journal: ime event seq=337 elapsed_ms=52526 event_kind="ObserverReported"
2026-09-21T03:24:27.635946Z DEBUG awase::journal: ime event seq=338 elapsed_ms=52526 event_kind="InputModeObserved"
2026-09-21T03:24:28.141287Z DEBUG awase_windows::observer::ime_observer: IME snapshot: japanese=Some(true) ime_on=Some(false) romaji=Some(true) conv=Some("0x00000019") guard=false
2026-09-21T03:24:28.141412Z DEBUG awase::journal: ime event seq=339 elapsed_ms=53032 event_kind="ObserverReported"
2026-09-21T03:24:28.141464Z DEBUG awase::journal: ime event seq=340 elapsed_ms=53032 event_kind="InputModeObserved"
2026-09-21T03:24:28.151066Z DEBUG awase_windows::runtime::key_pipeline: [engine-input] vk=0x0D KeyDown ts=53041389us delay=0ms state=Idle mods(c=false s=false a=false w=false) gas_ctrl=false phys_ctrl=false extra=0x5350494B pending_drain=0 gate_active=false l_thumb=None r_thumb=None [diag-ctx] ime_o
2026-09-21T03:24:28.151247Z DEBUG awase::journal: key input seq=341 elapsed_ms=53042 vk_code=13 is_down=true injected=false key_class="Passthrough" state_before="Idle" state_after="Idle" decision="PassThrough" physical="Allow" repeat_count=1 last_timestamp_us=53041389 last_elapsed_ms=0
2026-09-21T03:24:28.151410Z DEBUG execute_from_hook: awase_windows::tsf::probe: [composition] marked cold reason=PassthroughConfirmKey idle=5688ms → next VK/TSF output will send VK_DBE_HIRAGANA warmup
2026-09-21T03:24:28.151447Z DEBUG execute_from_hook: awase_windows::tsf::probe: [mark-send] last_send_ms=53079203
2026-09-21T03:24:28.151573Z DEBUG execute_from_hook: awase_windows::platform: [composition-fsm] EmitWarmup (ConfirmKeyDown)
2026-09-21T03:24:28.151611Z DEBUG execute_from_hook: awase_windows::runtime::executor: [relay-passthrough] PassThrough idle: direct OS pass-through (vk=0x0d down)
2026-09-21T03:24:28.151656Z DEBUG awase::journal: gji fsm transition seq=342 elapsed_ms=53042 trigger="CompositionReset(gji_idle_ms=3860)" state_before="OffCold" state_after="OffCold"
2026-09-21T03:24:28.152038Z DEBUG awase_windows::runtime::executor: [reinject-guard] suspending drain for 50ms (vk=0x0d)
2026-09-21T03:24:28.213432Z DEBUG execute_one{generation=None}: awase_windows::runtime::executor: [reinject] vk=0x0d down (queued passthrough now firing)
2026-09-21T03:24:28.213566Z DEBUG execute_one{generation=None}: awase_windows::platform: [composition] reinject KeyDown vk=0x0d → marking cold + eager warmup
2026-09-21T03:24:28.213615Z DEBUG execute_one{generation=None}: awase_windows::tsf::probe: [composition] marked cold reason=ReinjectConfirmKey idle=62ms → next VK/TSF output will send VK_DBE_HIRAGANA warmup
2026-09-21T03:24:28.213664Z DEBUG execute_one{generation=None}: awase_windows::tsf::probe: [mark-send] last_send_ms=53079265
2026-09-21T03:24:28.218903Z DEBUG awase::journal: gji fsm transition seq=343 elapsed_ms=53104 trigger="CompositionReset(gji_idle_ms=3922)" state_before="OffCold" state_after="OffCold"
2026-09-21T03:24:28.276130Z DEBUG awase_windows::runtime::key_pipeline: [engine-input] vk=0x0D KeyUp ts=53166646us delay=0ms state=Idle mods(c=false s=false a=false w=false) gas_ctrl=false phys_ctrl=false extra=0x5350494B pending_drain=0 gate_active=false l_thumb=None r_thumb=None [diag-ctx] ime_on=
2026-09-21T03:24:28.276257Z DEBUG awase::journal: key input seq=344 elapsed_ms=53167 vk_code=13 is_down=false injected=false key_class="Passthrough" state_before="Idle" state_after="Idle" decision="PassThrough" physical="Allow" repeat_count=1 last_timestamp_us=53166646 last_elapsed_ms=0
2026-09-21T03:24:28.276416Z DEBUG execute_from_hook: awase_windows::runtime::executor: [relay-passthrough] PassThrough idle: direct OS pass-through (vk=0x0d up)
2026-09-21T03:24:28.276517Z DEBUG execute_one{generation=None}: awase_windows::runtime::executor: [reinject] vk=0x0d up (queued passthrough now firing)
2026-09-21T03:24:28.640164Z DEBUG awase_windows::runtime::ime_refresh: Skipping observer/SSOT write: typing active (idle=359ms)
2026-09-21T03:24:29.137480Z DEBUG awase_windows::observer::ime_observer: IME snapshot: japanese=Some(true) ime_on=Some(false) romaji=Some(true) conv=Some("0x00000019") guard=false
2026-09-21T03:24:29.137569Z DEBUG awase::journal: ime event seq=345 elapsed_ms=54028 event_kind="ObserverReported"
2026-09-21T03:24:29.137605Z DEBUG awase::journal: ime event seq=346 elapsed_ms=54028 event_kind="InputModeObserved"
2026-09-21T03:24:29.639572Z DEBUG awase_windows::observer::ime_observer: IME snapshot: japanese=Some(true) ime_on=Some(false) romaji=Some(true) conv=Some("0x00000019") guard=false
2026-09-21T03:24:29.639672Z DEBUG awase::journal: ime event seq=347 elapsed_ms=54530 event_kind="ObserverReported"
2026-09-21T03:24:29.639700Z DEBUG awase::journal: ime event seq=348 elapsed_ms=54530 event_kind="InputModeObserved"
2026-09-21T03:24:30.086862Z DEBUG awase_windows::hook: [hook] IME-mode vk=0xF0 up self_injected=false injected=false scan=0x70 extra=0x5350494B since_actuation_us=Some(54891654)
2026-09-21T03:24:30.087055Z DEBUG awase::journal: hook ime-mode diagnostic seq=349 elapsed_ms=54978 vk_code=240 is_down=false self_injected=false injected=false scan=112
2026-09-21T03:24:30.087238Z DEBUG awase_windows::runtime::key_pipeline: [engine-input] vk=0xF0 KeyUp ts=54977868us delay=0ms state=Idle mods(c=false s=false a=false w=false) gas_ctrl=false phys_ctrl=false extra=0x5350494B pending_drain=0 gate_active=false l_thumb=None r_thumb=None [diag-ctx] ime_on=
2026-09-21T03:24:30.087331Z DEBUG awase::journal: key input seq=350 elapsed_ms=54978 vk_code=240 is_down=false injected=false key_class="Passthrough" state_before="Idle" state_after="Idle" decision="PassThrough" physical="Allow" repeat_count=1 last_timestamp_us=54977868 last_elapsed_ms=0
2026-09-21T03:24:30.087450Z DEBUG execute_from_hook: awase_windows::runtime::executor: [relay-passthrough] PassThrough idle: direct OS pass-through (vk=0xf0 up)
2026-09-21T03:24:30.087619Z DEBUG execute_one{generation=None}: awase_windows::runtime::executor: [reinject] vk=0xf0 up (queued passthrough now firing)
2026-09-21T03:24:30.087890Z DEBUG awase_windows::hook: [hook] IME-mode vk=0xF2 down self_injected=false injected=false scan=0x70 extra=0x5350494B since_actuation_us=Some(54892704)
2026-09-21T03:24:30.087979Z DEBUG awase::journal: hook ime-mode diagnostic seq=351 elapsed_ms=54978 vk_code=242 is_down=true self_injected=false injected=false scan=112
2026-09-21T03:24:30.088081Z DEBUG awase_windows::runtime::key_pipeline: [engine-input] vk=0xF2 KeyDown ts=54978826us delay=0ms state=Idle mods(c=false s=false a=false w=false) gas_ctrl=false phys_ctrl=false extra=0x5350494B pending_drain=0 gate_active=false l_thumb=None r_thumb=None [diag-ctx] ime_o
2026-09-21T03:24:30.088160Z DEBUG awase::journal: key input seq=352 elapsed_ms=54979 vk_code=242 is_down=true injected=false key_class="Passthrough" state_before="Idle" state_after="Idle" decision="PassThrough" physical="Allow" repeat_count=1 last_timestamp_us=54978826 last_elapsed_ms=0
2026-09-21T03:24:30.088238Z DEBUG awase_windows::runtime::key_pipeline: may_change_ime key passed through → IME refresh scheduled (20ms)
2026-09-21T03:24:30.088291Z  INFO awase_windows::runtime::key_pipeline: [mode-key-follow] mode key PassThrough(vk=0xF2): IME refresh scheduled (20ms)
2026-09-21T03:24:30.089242Z DEBUG awase_windows::tsf::probe: [composition] marked cold reason=F2NonTsf idle=1875ms → next VK/TSF output will send VK_DBE_HIRAGANA warmup
2026-09-21T03:24:30.089425Z DEBUG execute_from_hook: awase_windows::runtime::executor: [relay-passthrough] PassThrough idle: direct OS pass-through (vk=0xf2 down)
2026-09-21T03:24:30.089462Z DEBUG awase::journal: gji fsm transition seq=353 elapsed_ms=54980 trigger="CompositionReset(gji_idle_ms=5797)" state_before="OffCold" state_after="OffCold"
2026-09-21T03:24:30.089559Z DEBUG execute_one{generation=None}: awase_windows::runtime::executor: [reinject] vk=0xf2 down (queued passthrough now firing)
2026-09-21T03:24:30.089727Z DEBUG awase_windows::hook: [hook] IME-mode vk=0xF0 up self_injected=true injected=false scan=0x0 extra=0x4B45594D since_actuation_us=Some(54894536)
2026-09-21T03:24:30.091388Z DEBUG awase_windows::hook: [hook] IME-mode vk=0xF2 down self_injected=true injected=true scan=0x0 extra=0x4B45594D since_actuation_us=Some(54896183)
2026-09-21T03:24:30.094145Z DEBUG awase::journal: hook ime-mode diagnostic seq=354 elapsed_ms=54985 vk_code=240 is_down=false self_injected=true injected=false scan=0
2026-09-21T03:24:30.094187Z DEBUG awase::journal: hook ime-mode diagnostic seq=355 elapsed_ms=54985 vk_code=242 is_down=true self_injected=true injected=true scan=0
2026-09-21T03:24:30.121220Z DEBUG awase_windows::runtime::ime_refresh: Explicit intent: bypassing typing-idle guard for IME verify (idle=31ms)
2026-09-21T03:24:30.121287Z DEBUG awase_windows::observer::ime_observer: IME snapshot: japanese=Some(true) ime_on=Some(false) romaji=Some(true) conv=Some("0x00000019") guard=false
2026-09-21T03:24:30.121388Z DEBUG awase::journal: ime event seq=356 elapsed_ms=55012 event_kind="ObserverReported"
2026-09-21T03:24:30.121433Z DEBUG awase::journal: ime event seq=357 elapsed_ms=55012 event_kind="InputModeObserved"
2026-09-21T03:24:30.121489Z DEBUG awase::journal: ime event seq=358 elapsed_ms=55012 event_kind="ModeKeyPassedThrough"
2026-09-21T03:24:30.121508Z  INFO awase_windows::runtime::ime_refresh: [mode-key-follow] observation arrived after mode key pass: intents invalidated
2026-09-21T03:24:30.184907Z DEBUG awase_windows::runtime::ime_refresh: Explicit intent: bypassing typing-idle guard for IME verify (idle=94ms)
2026-09-21T03:24:30.184967Z DEBUG awase_windows::observer::ime_observer: IME snapshot: japanese=Some(true) ime_on=Some(false) romaji=Some(true) conv=Some("0x00000019") guard=false
2026-09-21T03:24:30.185048Z DEBUG awase::journal: ime event seq=359 elapsed_ms=55076 event_kind="ObserverReported"
2026-09-21T03:24:30.185074Z DEBUG awase::journal: ime event seq=360 elapsed_ms=55076 event_kind="InputModeObserved"
2026-09-21T03:24:30.185094Z  INFO awase_windows::runtime::ime_refresh: [mode-key-follow] observation arrived after mode key pass: intents invalidated
2026-09-21T03:24:30.245101Z DEBUG awase_windows::runtime::ime_refresh: Explicit intent: bypassing typing-idle guard for IME verify (idle=156ms)
2026-09-21T03:24:30.245175Z DEBUG awase_windows::observer::ime_observer: IME snapshot: japanese=Some(true) ime_on=Some(false) romaji=Some(true) conv=Some("0x00000019") guard=false
2026-09-21T03:24:30.245289Z DEBUG awase::journal: ime event seq=361 elapsed_ms=55136 event_kind="ObserverReported"
2026-09-21T03:24:30.245337Z DEBUG awase::journal: ime event seq=362 elapsed_ms=55136 event_kind="InputModeObserved"
2026-09-21T03:24:30.245374Z  INFO awase_windows::runtime::ime_refresh: [mode-key-follow] observation arrived after mode key pass: intents invalidated
2026-09-21T03:24:30.320916Z DEBUG awase_windows::runtime::ime_refresh: Explicit intent: bypassing typing-idle guard for IME verify (idle=235ms)
2026-09-21T03:24:30.321002Z DEBUG awase_windows::observer::ime_observer: IME snapshot: japanese=Some(true) ime_on=Some(false) romaji=Some(true) conv=Some("0x00000019") guard=false
2026-09-21T03:24:30.321138Z DEBUG awase::journal: ime event seq=363 elapsed_ms=55212 event_kind="ObserverReported"
2026-09-21T03:24:30.321190Z DEBUG awase::journal: ime event seq=364 elapsed_ms=55212 event_kind="InputModeObserved"
2026-09-21T03:24:30.321236Z  INFO awase_windows::runtime::ime_refresh: [mode-key-follow] observation arrived after mode key pass: intents invalidated
2026-09-21T03:24:30.397991Z DEBUG awase_windows::runtime::ime_refresh: Skipping observer/SSOT write: typing active (idle=313ms)
2026-09-21T03:24:30.901551Z DEBUG awase_windows::observer::ime_observer: IME snapshot: japanese=Some(true) ime_on=Some(false) romaji=Some(true) conv=Some("0x00000019") guard=false
2026-09-21T03:24:30.901627Z DEBUG awase::journal: ime event seq=365 elapsed_ms=55792 event_kind="ObserverReported"
2026-09-21T03:24:30.901656Z DEBUG awase::journal: ime event seq=366 elapsed_ms=55792 event_kind="InputModeObserved"
2026-09-21T03:24:31.403351Z DEBUG awase_windows::observer::ime_observer: IME snapshot: japanese=Some(true) ime_on=Some(false) romaji=Some(true) conv=Some("0x00000019") guard=false
2026-09-21T03:24:31.403432Z DEBUG awase::journal: ime event seq=367 elapsed_ms=56294 event_kind="ObserverReported"
2026-09-21T03:24:31.403465Z DEBUG awase::journal: ime event seq=368 elapsed_ms=56294 event_kind="InputModeObserved"
2026-09-21T03:24:31.907275Z DEBUG awase_windows::observer::ime_observer: IME snapshot: japanese=Some(true) ime_on=Some(false) romaji=Some(true) conv=Some("0x00000019") guard=false
2026-09-21T03:24:31.907334Z DEBUG awase::journal: ime event seq=369 elapsed_ms=56798 event_kind="ObserverReported"
2026-09-21T03:24:31.907355Z DEBUG awase::journal: ime event seq=370 elapsed_ms=56798 event_kind="InputModeObserved"
2026-09-21T03:24:31.997464Z DEBUG awase_windows::runtime::key_pipeline: [engine-input] vk=0x41 KeyDown ts=56888107us delay=0ms state=Idle mods(c=false s=false a=false w=false) gas_ctrl=false phys_ctrl=false extra=0x5350494B pending_drain=0 gate_active=false l_thumb=None r_thumb=None [diag-ctx] ime_o
2026-09-21T03:24:31.997559Z DEBUG awase::journal: key input seq=371 elapsed_ms=56888 vk_code=65 is_down=true injected=false key_class="Char" state_before="Idle" state_after="Idle" decision="PassThrough" physical="Allow" repeat_count=1 last_timestamp_us=56888107 last_elapsed_ms=0
2026-09-21T03:24:31.997694Z DEBUG execute_one{generation=None}: awase_windows::runtime::executor: [reinject] vk=0x41 down (queued passthrough now firing)
2026-09-21T03:24:32.120987Z DEBUG awase_windows::runtime::key_pipeline: [engine-input] vk=0x41 KeyUp ts=57011690us delay=0ms state=Idle mods(c=false s=false a=false w=false) gas_ctrl=false phys_ctrl=false extra=0x5350494B pending_drain=0 gate_active=false l_thumb=None r_thumb=None [diag-ctx] ime_on=
2026-09-21T03:24:32.121054Z DEBUG awase::journal: key input seq=372 elapsed_ms=57012 vk_code=65 is_down=false injected=false key_class="Char" state_before="Idle" state_after="Idle" decision="PassThrough" physical="Allow" repeat_count=1 last_timestamp_us=57011690 last_elapsed_ms=0
2026-09-21T03:24:32.121148Z DEBUG execute_one{generation=None}: awase_windows::runtime::executor: [reinject] vk=0x41 up (queued passthrough now firing)
2026-09-21T03:24:32.406906Z DEBUG awase_windows::runtime::ime_refresh: Skipping observer/SSOT write: typing active (idle=282ms)
2026-09-21T03:24:32.906401Z DEBUG awase_windows::observer::ime_observer: IME snapshot: japanese=Some(true) ime_on=Some(false) romaji=Some(true) conv=Some("0x00000019") guard=false
2026-09-21T03:24:32.906473Z DEBUG awase::journal: ime event seq=373 elapsed_ms=57797 event_kind="ObserverReported"
2026-09-21T03:24:32.906499Z DEBUG awase::journal: ime event seq=374 elapsed_ms=57797 event_kind="InputModeObserved"
2026-09-21T03:24:33.402816Z DEBUG awase_windows::observer::ime_observer: IME snapshot: japanese=Some(true) ime_on=Some(false) romaji=Some(true) conv=Some("0x00000019") guard=false
2026-09-21T03:24:33.402909Z DEBUG awase::journal: ime event seq=375 elapsed_ms=58293 event_kind="ObserverReported"
2026-09-21T03:24:33.402948Z DEBUG awase::journal: ime event seq=376 elapsed_ms=58293 event_kind="InputModeObserved"
2026-09-21T03:24:33.903448Z DEBUG awase_windows::observer::ime_observer: IME snapshot: japanese=Some(true) ime_on=Some(false) romaji=Some(true) conv=Some("0x00000019") guard=false
2026-09-21T03:24:33.903542Z DEBUG awase::journal: ime event seq=377 elapsed_ms=58794 event_kind="ObserverReported"
2026-09-21T03:24:33.903562Z DEBUG awase::journal: ime event seq=378 elapsed_ms=58794 event_kind="InputModeObserved"
2026-09-21T03:24:33.932683Z DEBUG awase_windows::runtime::key_pipeline: [engine-input] vk=0x1D KeyDown ts=58823158us delay=0ms state=Idle mods(c=false s=false a=false w=false) gas_ctrl=false phys_ctrl=false extra=0x5350494B pending_drain=0 gate_active=false l_thumb=Some(58823138) r_thumb=None [diag-
2026-09-21T03:24:33.932869Z DEBUG awase::journal: key input seq=379 elapsed_ms=58823 vk_code=29 is_down=true injected=false key_class="LeftThumb" state_before="Idle" state_after="Idle" decision="PassThrough" physical="Allow" repeat_count=1 last_timestamp_us=58823158 last_elapsed_ms=0
2026-09-21T03:24:33.933032Z  INFO awase_windows::runtime::key_pipeline: [mode-key-follow] mode key PassThrough(vk=0x1D): IME refresh scheduled (20ms)
2026-09-21T03:24:33.934312Z  INFO awase_windows::runtime::key_pipeline: [key-effect-predict] vk=0x1D status=Direct open=Some(true) mode=None
2026-09-21T03:24:33.934404Z DEBUG awase::journal: ime event seq=380 elapsed_ms=58825 event_kind="KeyEffectPredicted"
2026-09-21T03:24:33.934485Z  INFO awase::engine::engine: Engine activated (ime=true, romaji=true, japanese=true, user=true, reason=Active)
2026-09-21T03:24:33.934695Z DEBUG execute_from_loop:execute_one{generation=None}:dispatch_ime_set_open{open=true generation=None}: awase_windows::runtime::executor: [dispatch-ime] ImmCross async: optimistic applied_snapshot=true (suppress send_engine_state_ime_key)
2026-09-21T03:24:33.936532Z DEBUG execute_from_loop:execute_one{generation=None}: awase_windows::platform: [engine-state-key] suppressed (polling/focus-triggered, enabled=true)
2026-09-21T03:24:33.937007Z DEBUG execute_one{generation=None}: awase_windows::runtime::executor: [reinject] vk=0x1d down (queued passthrough now firing)
2026-09-21T03:24:33.941758Z  INFO run_open_chain_async: awase_windows::ime_controller: [warrant-shadow] chain=async open=true origin=EventOrigin { source: SelfActuated { strategy: "engine_decision_async" }, epoch: Generation(0) } would_have_blocked=true (A-1 shadow: 書き込みは止めない。A-2 で強制する際の判断材料)
2026-09-21T03:24:33.941822Z DEBUG run_open_chain_async: awase::journal: actuation decision seq=381 elapsed_ms=58832 site="DispatchImeSetOpen" caller="None" open=true chain_len=4 attempts_len=0 gate_profile="Standard" gate_kind="Gji" gate_shadow_known=true gate_shadow_on=false gate_input_mode="Observ
2026-09-21T03:24:33.942013Z DEBUG on_ime_apply_complete{open=true outcome=Unwarranted generation=None reason=EngineDecision}: awase::journal: ime open applied seq=382 elapsed_ms=58833 open=true outcome="Unwarranted" reason="EngineDecision"
2026-09-21T03:24:33.946057Z DEBUG awase_windows::tsf::gji_monitor: [gji-io] WRITE: w_ops=+2 w_KB=+0.0 (r_ops=+4 x_ops=+4 x_KB=+0.0)
2026-09-21T03:24:33.965873Z DEBUG awase_windows::runtime::ime_refresh: Explicit intent: bypassing typing-idle guard for IME verify (idle=31ms)
2026-09-21T03:24:33.965926Z DEBUG awase_windows::observer::ime_observer: IME snapshot: japanese=Some(true) ime_on=Some(true) romaji=Some(true) conv=Some("0x00000019") guard=false
2026-09-21T03:24:33.966021Z DEBUG reduce: awase_windows::state::ime_model: [key-effect-fence] axis=open stale observation ignored: observed=true predicted=true age_ms=31
2026-09-21T03:24:33.966070Z DEBUG awase::journal: ime event seq=383 elapsed_ms=58857 event_kind="ObserverReported"
2026-09-21T03:24:33.966115Z DEBUG awase::journal: ime event seq=384 elapsed_ms=58857 event_kind="InputModeObserved"
2026-09-21T03:24:33.966174Z DEBUG awase::journal: ime event seq=385 elapsed_ms=58857 event_kind="ModeKeyPassedThrough"
2026-09-21T03:24:33.966194Z  INFO awase_windows::runtime::ime_refresh: [mode-key-follow] observation arrived after mode key pass: intents invalidated
2026-09-21T03:24:34.029695Z DEBUG awase_windows::runtime::ime_refresh: Explicit intent: bypassing typing-idle guard for IME verify (idle=94ms)
2026-09-21T03:24:34.029755Z DEBUG awase_windows::observer::ime_observer: IME snapshot: japanese=Some(true) ime_on=Some(true) romaji=Some(true) conv=Some("0x00000019") guard=false
2026-09-21T03:24:34.029862Z DEBUG reduce: awase_windows::state::ime_model: [key-effect-fence] axis=open stale observation ignored: observed=true predicted=true age_ms=94
2026-09-21T03:24:34.029917Z DEBUG awase::journal: ime event seq=386 elapsed_ms=58920 event_kind="ObserverReported"
2026-09-21T03:24:34.029967Z DEBUG awase::journal: ime event seq=387 elapsed_ms=58920 event_kind="InputModeObserved"
2026-09-21T03:24:34.030008Z  INFO awase_windows::runtime::ime_refresh: [mode-key-follow] observation arrived after mode key pass: intents invalidated
2026-09-21T03:24:34.056003Z DEBUG awase_windows::runtime::key_pipeline: [engine-input] vk=0x1D KeyUp ts=58946525us delay=0ms state=Idle mods(c=false s=false a=false w=false) gas_ctrl=false phys_ctrl=false extra=0x5350494B pending_drain=0 gate_active=false l_thumb=None r_thumb=None [diag-ctx] ime_on=
2026-09-21T03:24:34.056215Z DEBUG awase::journal: key input seq=388 elapsed_ms=58947 vk_code=29 is_down=false injected=false key_class="LeftThumb" state_before="Idle" state_after="Idle" decision="PassThrough" physical="Allow" repeat_count=1 last_timestamp_us=58946525 last_elapsed_ms=0
2026-09-21T03:24:34.056455Z DEBUG execute_one{generation=None}: awase_windows::runtime::executor: [reinject] vk=0x1d up (queued passthrough now firing)
2026-09-21T03:24:34.091202Z DEBUG awase_windows::runtime::ime_refresh: Explicit intent: bypassing typing-idle guard for IME verify (idle=31ms)
2026-09-21T03:24:34.091244Z DEBUG awase_windows::observer::ime_observer: IME snapshot: japanese=Some(true) ime_on=Some(true) romaji=Some(true) conv=Some("0x00000019") guard=false
2026-09-21T03:24:34.091312Z DEBUG reduce: awase_windows::state::ime_model: [key-effect-confirmed] axis=open value=true
2026-09-21T03:24:34.091346Z DEBUG awase::journal: ime event seq=389 elapsed_ms=58982 event_kind="ObserverReported"
2026-09-21T03:24:34.091380Z DEBUG awase::journal: ime event seq=390 elapsed_ms=58982 event_kind="InputModeObserved"
2026-09-21T03:24:34.091401Z  INFO awase_windows::runtime::ime_refresh: [mode-key-follow] observation arrived after mode key pass: intents invalidated
2026-09-21T03:24:34.151072Z DEBUG awase_windows::runtime::ime_refresh: Explicit intent: bypassing typing-idle guard for IME verify (idle=94ms)
2026-09-21T03:24:34.151133Z DEBUG awase_windows::observer::ime_observer: IME snapshot: japanese=Some(true) ime_on=Some(true) romaji=Some(true) conv=Some("0x00000019") guard=false
2026-09-21T03:24:34.151224Z DEBUG awase::journal: ime event seq=391 elapsed_ms=59042 event_kind="ObserverReported"
2026-09-21T03:24:34.151262Z DEBUG awase::journal: ime event seq=392 elapsed_ms=59042 event_kind="InputModeObserved"
2026-09-21T03:24:34.151292Z  INFO awase_windows::runtime::ime_refresh: [mode-key-follow] observation arrived after mode key pass: intents invalidated
2026-09-21T03:24:34.214225Z DEBUG awase_windows::runtime::ime_refresh: Explicit intent: bypassing typing-idle guard for IME verify (idle=156ms)
2026-09-21T03:24:34.214283Z DEBUG awase_windows::observer::ime_observer: IME snapshot: japanese=Some(true) ime_on=Some(true) romaji=Some(true) conv=Some("0x00000019") guard=false
2026-09-21T03:24:34.214368Z DEBUG awase::journal: ime event seq=393 elapsed_ms=59105 event_kind="ObserverReported"
2026-09-21T03:24:34.214403Z DEBUG awase::journal: ime event seq=394 elapsed_ms=59105 event_kind="InputModeObserved"
2026-09-21T03:24:34.214431Z  INFO awase_windows::runtime::ime_refresh: [mode-key-follow] observation arrived after mode key pass: intents invalidated
2026-09-21T03:24:34.278126Z DEBUG awase_windows::runtime::ime_refresh: Skipping observer/SSOT write: typing active (idle=219ms)
2026-09-21T03:24:34.782997Z DEBUG awase_windows::observer::ime_observer: IME snapshot: japanese=Some(true) ime_on=Some(true) romaji=Some(true) conv=Some("0x00000019") guard=false
2026-09-21T03:24:34.783068Z DEBUG awase::journal: ime event seq=395 elapsed_ms=59674 event_kind="ObserverReported"
2026-09-21T03:24:34.783093Z DEBUG awase::journal: ime event seq=396 elapsed_ms=59674 event_kind="InputModeObserved"
2026-09-21T03:24:35.287182Z DEBUG awase_windows::observer::ime_observer: IME snapshot: japanese=Some(true) ime_on=Some(true) romaji=Some(true) conv=Some("0x00000019") guard=false
2026-09-21T03:24:35.287295Z DEBUG awase::journal: ime event seq=397 elapsed_ms=60178 event_kind="ObserverReported"
2026-09-21T03:24:35.287342Z DEBUG awase::journal: ime event seq=398 elapsed_ms=60178 event_kind="InputModeObserved"
2026-09-21T03:24:35.798531Z DEBUG awase_windows::observer::ime_observer: IME snapshot: japanese=Some(true) ime_on=Some(true) romaji=Some(true) conv=Some("0x00000019") guard=false
2026-09-21T03:24:35.798611Z DEBUG awase::journal: ime event seq=399 elapsed_ms=60689 event_kind="ObserverReported"
2026-09-21T03:24:35.798648Z DEBUG awase::journal: ime event seq=400 elapsed_ms=60689 event_kind="InputModeObserved"
2026-09-21T03:24:35.875223Z DEBUG awase_windows::runtime::key_pipeline: [engine-input] vk=0x4B KeyDown ts=60765685us delay=0ms state=Idle mods(c=false s=false a=false w=false) gas_ctrl=false phys_ctrl=false extra=0x5350494B pending_drain=0 gate_active=false l_thumb=None r_thumb=None [diag-ctx] ime_o
2026-09-21T03:24:35.875427Z DEBUG awase::journal: key input seq=401 elapsed_ms=60766 vk_code=75 is_down=true injected=false key_class="Char" state_before="Idle" state_after="PendingChar(vk=0x4B)" decision="Consume" physical="Allow" repeat_count=1 last_timestamp_us=60765685 last_elapsed_ms=0
2026-09-21T03:24:35.983134Z DEBUG execute_from_loop:execute_one{generation=None}: awase_windows::output: send_keys: mode=Unicode actions=[Char('き')] prev_elapsed=7766ms
2026-09-21T03:24:35.983194Z DEBUG execute_from_loop:execute_one{generation=None}: awase_windows::tsf::probe: [mark-send] last_send_ms=53087031
2026-09-21T03:24:35.983224Z DEBUG execute_from_loop:execute_one{generation=None}: awase_windows::output:   → Char('き') via Unicode
2026-09-21T03:24:35.990342Z DEBUG execute_from_loop:execute_one{generation=None}: awase_windows::tsf::probe: [mark-send] last_send_ms=53087046
2026-09-21T03:24:35.994796Z  INFO awase_windows::tsf::win_event_obs: [gji-obs] candidate SHOW #4: last_gji_write=2046ms ago
2026-09-21T03:24:35.998389Z DEBUG awase_windows::tsf::gji_monitor: [gji-io] WRITE: w_ops=+2 w_KB=+0.3 (r_ops=+4 x_ops=+4 x_KB=+0.0)
2026-09-21T03:24:36.001777Z DEBUG awase_windows::runtime::key_pipeline: [engine-input] vk=0x4B KeyUp ts=60892482us delay=0ms state=Idle mods(c=false s=false a=false w=false) gas_ctrl=false phys_ctrl=false extra=0x5350494B pending_drain=0 gate_active=false l_thumb=None r_thumb=None [diag-ctx] ime_on=
2026-09-21T03:24:36.001865Z DEBUG awase::journal: key input seq=403 elapsed_ms=60892 vk_code=75 is_down=false injected=false key_class="Char" state_before="Idle" state_after="Idle" decision="Consume" physical="Allow" repeat_count=1 last_timestamp_us=60892482 last_elapsed_ms=0
2026-09-21T03:24:36.001964Z DEBUG execute_one{generation=None}: awase_windows::output: send_keys: mode=Unicode actions=[Suppress] prev_elapsed=0ms
2026-09-21T03:24:36.002034Z DEBUG execute_one{generation=None}: awase_windows::tsf::probe: [mark-send] last_send_ms=53087046
2026-09-21T03:24:36.002047Z DEBUG execute_one{generation=None}: awase_windows::output:   → Suppress
2026-09-21T03:24:36.002056Z DEBUG execute_one{generation=None}: awase_windows::tsf::probe: [mark-send] last_send_ms=53087046
2026-09-21T03:24:36.002088Z DEBUG execute_one{generation=None}: awase_windows::platform: [gji-fsm] StartComposition (candidate SHOW)
2026-09-21T03:24:36.002108Z  WARN execute_one{generation=None}:gji_on_event{event=StartComposition}: awase_windows::tsf::gji_fsm: [gji-fsm] StartComposition while engine off — ignored
2026-09-21T03:24:36.002176Z DEBUG awase::journal: gji fsm transition seq=404 elapsed_ms=60893 trigger="StartComposition(candidate SHOW)" state_before="OffCold" state_after="OffCold"
2026-09-21T03:24:36.300875Z DEBUG awase_windows::runtime::ime_refresh: Skipping observer/SSOT write: typing active (idle=297ms)
2026-09-21T03:24:36.799577Z DEBUG awase_windows::observer::ime_observer: IME snapshot: japanese=Some(true) ime_on=Some(true) romaji=Some(true) conv=Some("0x00000019") guard=false
2026-09-21T03:24:36.799642Z DEBUG awase::journal: ime event seq=405 elapsed_ms=61690 event_kind="ObserverReported"
2026-09-21T03:24:36.799667Z DEBUG awase::journal: ime event seq=406 elapsed_ms=61690 event_kind="InputModeObserved"
2026-09-21T03:24:37.301661Z DEBUG awase_windows::observer::ime_observer: IME snapshot: japanese=Some(true) ime_on=Some(true) romaji=Some(true) conv=Some("0x00000019") guard=false
2026-09-21T03:24:37.301783Z DEBUG awase::journal: ime event seq=407 elapsed_ms=62192 event_kind="ObserverReported"
2026-09-21T03:24:37.301835Z DEBUG awase::journal: ime event seq=408 elapsed_ms=62192 event_kind="InputModeObserved"
2026-09-21T03:24:37.810288Z DEBUG awase_windows::runtime::key_pipeline: [engine-input] vk=0x1D KeyDown ts=62700973us delay=0ms state=Idle mods(c=false s=false a=false w=false) gas_ctrl=false phys_ctrl=false extra=0x5350494B pending_drain=0 gate_active=false l_thumb=Some(62700962) r_thumb=None [diag-
2026-09-21T03:24:37.810403Z DEBUG awase::journal: key input seq=409 elapsed_ms=62701 vk_code=29 is_down=true injected=false key_class="LeftThumb" state_before="Idle" state_after="PendingThumb(vk=0x1D,left=true)" decision="Consume" physical="Allow" repeat_count=1 last_timestamp_us=62700973 last_elaps
2026-09-21T03:24:37.813452Z DEBUG awase_windows::runtime::ime_refresh: Skipping observer/SSOT write: typing active (idle=0ms)
2026-09-21T03:24:37.937150Z DEBUG awase_windows::runtime::key_pipeline: [engine-input] vk=0x1D KeyUp ts=62827836us delay=0ms state=Idle mods(c=false s=false a=false w=false) gas_ctrl=false phys_ctrl=false extra=0x5350494B pending_drain=0 gate_active=false l_thumb=None r_thumb=None [diag-ctx] ime_on=
2026-09-21T03:24:37.937313Z DEBUG awase::journal: key input seq=411 elapsed_ms=62828 vk_code=29 is_down=false injected=false key_class="LeftThumb" state_before="Idle" state_after="Idle" decision="Consume" physical="Allow" repeat_count=1 last_timestamp_us=62827836 last_elapsed_ms=0
2026-09-21T03:24:38.314120Z DEBUG awase_windows::runtime::ime_refresh: Skipping observer/SSOT write: typing active (idle=375ms)
2026-09-21T03:24:38.812676Z DEBUG awase_windows::observer::ime_observer: IME snapshot: japanese=Some(true) ime_on=Some(true) romaji=Some(true) conv=Some("0x00000019") guard=false
2026-09-21T03:24:38.812765Z DEBUG awase::journal: ime event seq=412 elapsed_ms=63703 event_kind="ObserverReported"
2026-09-21T03:24:38.812792Z DEBUG awase::journal: ime event seq=413 elapsed_ms=63703 event_kind="InputModeObserved"
2026-09-21T03:24:39.310194Z DEBUG awase_windows::observer::ime_observer: IME snapshot: japanese=Some(true) ime_on=Some(true) romaji=Some(true) conv=Some("0x00000019") guard=false
2026-09-21T03:24:39.310277Z DEBUG awase::journal: ime event seq=414 elapsed_ms=64201 event_kind="ObserverReported"
2026-09-21T03:24:39.310312Z DEBUG awase::journal: ime event seq=415 elapsed_ms=64201 event_kind="InputModeObserved"
2026-09-21T03:24:39.745153Z DEBUG awase_windows::runtime::key_pipeline: [engine-input] vk=0x1C KeyDown ts=64635666us delay=0ms state=Idle mods(c=false s=false a=false w=false) gas_ctrl=false phys_ctrl=false extra=0x5350494B pending_drain=0 gate_active=false l_thumb=None r_thumb=Some(64635648) [diag-
2026-09-21T03:24:39.745342Z DEBUG awase::journal: key input seq=416 elapsed_ms=64636 vk_code=28 is_down=true injected=false key_class="RightThumb" state_before="Idle" state_after="PendingThumb(vk=0x1C,left=false)" decision="Consume" physical="Allow" repeat_count=1 last_timestamp_us=64635666 last_ela
2026-09-21T03:24:39.810527Z DEBUG awase_windows::runtime::ime_refresh: Skipping observer/SSOT write: typing active (idle=63ms)
2026-09-21T03:24:39.869632Z DEBUG awase_windows::runtime::key_pipeline: [engine-input] vk=0x1C KeyUp ts=64760074us delay=0ms state=Idle mods(c=false s=false a=false w=false) gas_ctrl=false phys_ctrl=false extra=0x5350494B pending_drain=0 gate_active=false l_thumb=None r_thumb=None [diag-ctx] ime_on=
2026-09-21T03:24:39.869810Z DEBUG awase::journal: key input seq=418 elapsed_ms=64760 vk_code=28 is_down=false injected=false key_class="RightThumb" state_before="Idle" state_after="Idle" decision="Consume" physical="Allow" repeat_count=1 last_timestamp_us=64760074 last_elapsed_ms=0
2026-09-21T03:24:40.318004Z DEBUG awase_windows::runtime::ime_refresh: Skipping observer/SSOT write: typing active (idle=454ms)
2026-09-21T03:24:40.833987Z DEBUG awase_windows::observer::ime_observer: IME snapshot: japanese=Some(true) ime_on=Some(true) romaji=Some(true) conv=Some("0x00000019") guard=false
2026-09-21T03:24:40.834067Z DEBUG awase::journal: ime event seq=419 elapsed_ms=65725 event_kind="ObserverReported"
2026-09-21T03:24:40.834100Z DEBUG awase::journal: ime event seq=420 elapsed_ms=65725 event_kind="InputModeObserved"
2026-09-21T03:24:41.352712Z DEBUG awase_windows::observer::ime_observer: IME snapshot: japanese=Some(true) ime_on=Some(true) romaji=Some(true) conv=Some("0x00000019") guard=false
2026-09-21T03:24:41.352781Z DEBUG awase::journal: ime event seq=421 elapsed_ms=66243 event_kind="ObserverReported"
2026-09-21T03:24:41.352806Z DEBUG awase::journal: ime event seq=422 elapsed_ms=66243 event_kind="InputModeObserved"
2026-09-21T03:24:41.691411Z DEBUG awase_windows::runtime::key_pipeline: [engine-input] vk=0x1D KeyDown ts=66581893us delay=0ms state=Idle mods(c=false s=false a=false w=false) gas_ctrl=false phys_ctrl=false extra=0x5350494B pending_drain=0 gate_active=false l_thumb=Some(66581874) r_thumb=None [diag-
2026-09-21T03:24:41.691592Z DEBUG awase::journal: key input seq=423 elapsed_ms=66582 vk_code=29 is_down=true injected=false key_class="LeftThumb" state_before="Idle" state_after="PendingThumb(vk=0x1D,left=true)" decision="Consume" physical="Allow" repeat_count=1 last_timestamp_us=66581893 last_elaps
2026-09-21T03:24:41.815803Z DEBUG awase_windows::runtime::key_pipeline: [engine-input] vk=0x1D KeyUp ts=66706289us delay=0ms state=Idle mods(c=false s=false a=false w=false) gas_ctrl=false phys_ctrl=false extra=0x5350494B pending_drain=0 gate_active=false l_thumb=None r_thumb=None [diag-ctx] ime_on=
2026-09-21T03:24:41.815953Z DEBUG awase::journal: key input seq=425 elapsed_ms=66706 vk_code=29 is_down=false injected=false key_class="LeftThumb" state_before="Idle" state_after="Idle" decision="Consume" physical="Allow" repeat_count=1 last_timestamp_us=66706289 last_elapsed_ms=0
2026-09-21T03:24:41.867144Z DEBUG awase_windows::runtime::ime_refresh: Skipping observer/SSOT write: typing active (idle=62ms)
2026-09-21T03:24:42.383187Z DEBUG awase_windows::observer::ime_observer: IME snapshot: japanese=Some(true) ime_on=Some(true) romaji=Some(true) conv=Some("0x00000019") guard=false
2026-09-21T03:24:42.383260Z DEBUG awase::journal: ime event seq=426 elapsed_ms=67274 event_kind="ObserverReported"
2026-09-21T03:24:42.383282Z DEBUG awase::journal: ime event seq=427 elapsed_ms=67274 event_kind="InputModeObserved"
2026-09-21T03:24:42.901411Z DEBUG awase_windows::observer::ime_observer: IME snapshot: japanese=Some(true) ime_on=Some(true) romaji=Some(true) conv=Some("0x00000019") guard=false
2026-09-21T03:24:42.901493Z DEBUG awase::journal: ime event seq=428 elapsed_ms=67792 event_kind="ObserverReported"
2026-09-21T03:24:42.901528Z DEBUG awase::journal: ime event seq=429 elapsed_ms=67792 event_kind="InputModeObserved"
2026-09-21T03:24:43.413096Z DEBUG awase_windows::observer::ime_observer: IME snapshot: japanese=Some(true) ime_on=Some(true) romaji=Some(true) conv=Some("0x00000019") guard=false
2026-09-21T03:24:43.413158Z DEBUG awase::journal: ime event seq=430 elapsed_ms=68304 event_kind="ObserverReported"
2026-09-21T03:24:43.413179Z DEBUG awase::journal: ime event seq=431 elapsed_ms=68304 event_kind="InputModeObserved"
2026-09-21T03:24:43.646031Z DEBUG awase_windows::runtime::key_pipeline: [engine-input] vk=0x1B KeyDown ts=68536685us delay=0ms state=Idle mods(c=false s=false a=false w=false) gas_ctrl=false phys_ctrl=false extra=0x5350494B pending_drain=0 gate_active=false l_thumb=None r_thumb=None [diag-ctx] ime_o
2026-09-21T03:24:43.646132Z DEBUG awase::journal: key input seq=432 elapsed_ms=68537 vk_code=27 is_down=true injected=false key_class="Passthrough" state_before="Idle" state_after="Idle" decision="PassThrough" physical="Allow" repeat_count=1 last_timestamp_us=68536685 last_elapsed_ms=0
2026-09-21T03:24:43.646219Z DEBUG execute_from_hook: awase_windows::tsf::probe: [composition] marked cold reason=PassthroughConfirmKey idle=7657ms → next VK/TSF output will send VK_DBE_HIRAGANA warmup
2026-09-21T03:24:43.646242Z DEBUG execute_from_hook: awase_windows::tsf::probe: [mark-send] last_send_ms=53094703
2026-09-21T03:24:43.646294Z DEBUG execute_from_hook: awase_windows::platform: [composition-fsm] EmitWarmup (ConfirmKeyDown)
2026-09-21T03:24:43.646317Z DEBUG execute_from_hook: awase_windows::runtime::executor: [relay-passthrough] PassThrough idle: direct OS pass-through (vk=0x1b down)
2026-09-21T03:24:43.646398Z DEBUG awase::journal: gji fsm transition seq=433 elapsed_ms=68537 trigger="CompositionReset(gji_idle_ms=7657)" state_before="OffCold" state_after="OffCold"
2026-09-21T03:24:43.646448Z DEBUG awase_windows::runtime::executor: [reinject-guard] suspending drain for 50ms (vk=0x1b)
2026-09-21T03:24:43.710012Z DEBUG execute_one{generation=None}: awase_windows::runtime::executor: [reinject] vk=0x1b down (queued passthrough now firing)
2026-09-21T03:24:43.710052Z DEBUG execute_one{generation=None}: awase_windows::platform: [composition] reinject KeyDown vk=0x1b → marking cold + eager warmup
2026-09-21T03:24:43.710065Z DEBUG execute_one{generation=None}: awase_windows::tsf::probe: [composition] marked cold reason=ReinjectConfirmKey idle=62ms → next VK/TSF output will send VK_DBE_HIRAGANA warmup
2026-09-21T03:24:43.710077Z DEBUG execute_one{generation=None}: awase_windows::tsf::probe: [mark-send] last_send_ms=53094765
2026-09-21T03:24:43.711879Z DEBUG awase::journal: gji fsm transition seq=434 elapsed_ms=68601 trigger="CompositionReset(gji_idle_ms=7719)" state_before="OffCold" state_after="OffCold"
2026-09-21T03:24:43.714972Z  INFO awase_windows::tsf::win_event_obs: [gji-obs] candidate HIDE: last_gji_write=7719ms ago
2026-09-21T03:24:43.739907Z DEBUG awase_windows::tsf::gji_monitor: [gji-io] WRITE: w_ops=+2 w_KB=+0.3 (r_ops=+4 x_ops=+4 x_KB=+0.0)
2026-09-21T03:24:43.775710Z DEBUG awase_windows::runtime::key_pipeline: [engine-input] vk=0x1B KeyUp ts=68666160us delay=0ms state=Idle mods(c=false s=false a=false w=false) gas_ctrl=false phys_ctrl=false extra=0x5350494B pending_drain=0 gate_active=false l_thumb=None r_thumb=None [diag-ctx] ime_on=
2026-09-21T03:24:43.775842Z DEBUG awase::journal: key input seq=435 elapsed_ms=68666 vk_code=27 is_down=false injected=false key_class="Passthrough" state_before="Idle" state_after="Idle" decision="PassThrough" physical="Allow" repeat_count=1 last_timestamp_us=68666160 last_elapsed_ms=0
2026-09-21T03:24:43.775961Z DEBUG execute_from_hook: awase_windows::runtime::executor: [relay-passthrough] PassThrough idle: direct OS pass-through (vk=0x1b up)
2026-09-21T03:24:43.776365Z DEBUG execute_one{generation=None}: awase_windows::runtime::executor: [reinject] vk=0x1b up (queued passthrough now firing)
2026-09-21T03:24:43.917935Z DEBUG awase_windows::runtime::ime_refresh: Skipping observer/SSOT write: typing active (idle=140ms)
2026-09-21T03:24:44.415967Z DEBUG awase_windows::observer::ime_observer: IME snapshot: japanese=Some(true) ime_on=Some(true) romaji=Some(true) conv=Some("0x00000019") guard=false
2026-09-21T03:24:44.416048Z DEBUG awase::journal: ime event seq=436 elapsed_ms=69307 event_kind="ObserverReported"
2026-09-21T03:24:44.416080Z DEBUG awase::journal: ime event seq=437 elapsed_ms=69307 event_kind="InputModeObserved"
2026-09-21T03:24:44.922125Z DEBUG awase_windows::observer::ime_observer: IME snapshot: japanese=Some(true) ime_on=Some(true) romaji=Some(true) conv=Some("0x00000019") guard=false
2026-09-21T03:24:44.922200Z DEBUG awase::journal: ime event seq=438 elapsed_ms=69813 event_kind="ObserverReported"
2026-09-21T03:24:44.922276Z DEBUG awase::journal: ime event seq=439 elapsed_ms=69813 event_kind="InputModeObserved"
2026-09-21T03:24:45.424895Z DEBUG awase_windows::observer::ime_observer: IME snapshot: japanese=Some(true) ime_on=Some(true) romaji=Some(true) conv=Some("0x00000019") guard=false
2026-09-21T03:24:45.425002Z DEBUG awase::journal: ime event seq=440 elapsed_ms=70315 event_kind="ObserverReported"
2026-09-21T03:24:45.425030Z DEBUG awase::journal: ime event seq=441 elapsed_ms=70316 event_kind="InputModeObserved"
2026-09-21T03:24:45.591313Z DEBUG awase_windows::hook: [hook] IME-mode vk=0xF2 down self_injected=false injected=false scan=0x70 extra=0x5350494B since_actuation_us=Some(70396105)
2026-09-21T03:24:45.591534Z DEBUG awase::journal: hook ime-mode diagnostic seq=442 elapsed_ms=70482 vk_code=242 is_down=true self_injected=false injected=false scan=112
2026-09-21T03:24:45.591742Z DEBUG awase_windows::runtime::key_pipeline: [engine-input] vk=0xF2 KeyDown ts=70482332us delay=0ms state=Idle mods(c=false s=false a=false w=false) gas_ctrl=false phys_ctrl=false extra=0x5350494B pending_drain=0 gate_active=false l_thumb=None r_thumb=None [diag-ctx] ime_o
2026-09-21T03:24:45.591855Z DEBUG awase::journal: key input seq=443 elapsed_ms=70482 vk_code=242 is_down=true injected=false key_class="Passthrough" state_before="Idle" state_after="Idle" decision="PassThrough" physical="Allow" repeat_count=1 last_timestamp_us=70482332 last_elapsed_ms=0
2026-09-21T03:24:45.591940Z DEBUG awase_windows::runtime::key_pipeline: may_change_ime key passed through → IME refresh scheduled (20ms)
2026-09-21T03:24:45.591993Z  INFO awase_windows::runtime::key_pipeline: [mode-key-follow] mode key PassThrough(vk=0xF2): IME refresh scheduled (20ms)
2026-09-21T03:24:45.592886Z  INFO awase_windows::runtime::key_pipeline: [key-effect-predict] vk=0xF2 status=Pre open=None mode=Some(ObservedEisu)
2026-09-21T03:24:45.592956Z DEBUG awase::journal: ime event seq=444 elapsed_ms=70483 event_kind="KeyEffectPredicted"
2026-09-21T03:24:45.593021Z DEBUG awase::engine::engine: [diag-engine-active] ime_on=true なのに非活性: reason=Inactive(NotRomajiInput) romaji_capable=false japanese=true user_enabled=true was_active=true input_mode=ObservedEisu
2026-09-21T03:24:45.593077Z  INFO awase::engine::engine: Engine deactivated (ime=true, romaji=false, japanese=true, user=true, reason=Inactive(NotRomajiInput))
2026-09-21T03:24:45.594664Z DEBUG awase_windows::tsf::probe: [composition] marked cold reason=F2NonTsf idle=1875ms → next VK/TSF output will send VK_DBE_HIRAGANA warmup
2026-09-21T03:24:45.594807Z DEBUG execute_from_hook: awase_windows::runtime::executor: [relay-passthrough] PassThrough idle: direct OS pass-through (vk=0xf2 down)
2026-09-21T03:24:45.594838Z DEBUG awase::journal: gji fsm transition seq=445 elapsed_ms=70485 trigger="CompositionReset(gji_idle_ms=1844)" state_before="OffCold" state_after="OffCold"
2026-09-21T03:24:45.595016Z DEBUG execute_one{generation=None}: awase_windows::runtime::executor: [reinject] vk=0xf2 down (queued passthrough now firing)
2026-09-21T03:24:45.595201Z DEBUG awase_windows::hook: [hook] IME-mode vk=0xF2 down self_injected=true injected=true scan=0x0 extra=0x4B45594D since_actuation_us=Some(70400011)
2026-09-21T03:24:45.598658Z DEBUG awase::journal: hook ime-mode diagnostic seq=446 elapsed_ms=70489 vk_code=242 is_down=true self_injected=true injected=true scan=0
2026-09-21T03:24:45.606227Z DEBUG awase_windows::tsf::gji_monitor: [gji-io] WRITE: w_ops=+2 w_KB=+0.0 (r_ops=+4 x_ops=+4 x_KB=+0.0)
2026-09-21T03:24:45.627987Z DEBUG awase_windows::runtime::ime_refresh: Explicit intent: bypassing typing-idle guard for IME verify (idle=31ms)
2026-09-21T03:24:45.628067Z DEBUG awase_windows::observer::ime_observer: IME snapshot: japanese=Some(true) ime_on=Some(true) romaji=None conv=Some("0x00000010") guard=false
2026-09-21T03:24:45.628188Z DEBUG awase::journal: ime event seq=447 elapsed_ms=70519 event_kind="ObserverReported"
2026-09-21T03:24:45.628262Z DEBUG awase::journal: ime event seq=448 elapsed_ms=70519 event_kind="ModeKeyPassedThrough"
2026-09-21T03:24:45.628285Z  INFO awase_windows::runtime::ime_refresh: [mode-key-follow] observation arrived after mode key pass: intents invalidated
2026-09-21T03:24:45.628462Z DEBUG awase::engine::engine: [diag-engine-active] ime_on=true なのに非活性: reason=Inactive(NotRomajiInput) romaji_capable=false japanese=true user_enabled=true was_active=false input_mode=ObservedEisu
2026-09-21T03:24:45.689734Z DEBUG awase_windows::runtime::ime_refresh: Explicit intent: bypassing typing-idle guard for IME verify (idle=94ms)
2026-09-21T03:24:45.689797Z DEBUG awase_windows::observer::ime_observer: IME snapshot: japanese=Some(true) ime_on=Some(true) romaji=None conv=Some("0x00000010") guard=false
2026-09-21T03:24:45.689891Z DEBUG awase::journal: ime event seq=449 elapsed_ms=70580 event_kind="ObserverReported"
2026-09-21T03:24:45.689929Z  INFO awase_windows::runtime::ime_refresh: [mode-key-follow] observation arrived after mode key pass: intents invalidated
2026-09-21T03:24:45.690005Z DEBUG awase::engine::engine: [diag-engine-active] ime_on=true なのに非活性: reason=Inactive(NotRomajiInput) romaji_capable=false japanese=true user_enabled=true was_active=false input_mode=ObservedEisu
2026-09-21T03:24:45.752562Z DEBUG awase_windows::runtime::ime_refresh: Explicit intent: bypassing typing-idle guard for IME verify (idle=156ms)
2026-09-21T03:24:45.752617Z DEBUG awase_windows::observer::ime_observer: IME snapshot: japanese=Some(true) ime_on=Some(true) romaji=None conv=Some("0x00000010") guard=false
2026-09-21T03:24:45.752694Z DEBUG awase::journal: ime event seq=450 elapsed_ms=70643 event_kind="ObserverReported"
2026-09-21T03:24:45.752721Z  INFO awase_windows::runtime::ime_refresh: [mode-key-follow] observation arrived after mode key pass: intents invalidated
2026-09-21T03:24:45.752785Z DEBUG awase::engine::engine: [diag-engine-active] ime_on=true なのに非活性: reason=Inactive(NotRomajiInput) romaji_capable=false japanese=true user_enabled=true was_active=false input_mode=ObservedEisu
2026-09-21T03:24:45.812370Z DEBUG awase_windows::runtime::ime_refresh: Explicit intent: bypassing typing-idle guard for IME verify (idle=219ms)
2026-09-21T03:24:45.812429Z DEBUG awase_windows::observer::ime_observer: IME snapshot: japanese=Some(true) ime_on=Some(true) romaji=None conv=Some("0x00000010") guard=false
2026-09-21T03:24:45.812517Z DEBUG awase::journal: ime event seq=451 elapsed_ms=70703 event_kind="ObserverReported"
2026-09-21T03:24:45.812551Z  INFO awase_windows::runtime::ime_refresh: [mode-key-follow] observation arrived after mode key pass: intents invalidated
2026-09-21T03:24:45.812620Z DEBUG awase::engine::engine: [diag-engine-active] ime_on=true なのに非活性: reason=Inactive(NotRomajiInput) romaji_capable=false japanese=true user_enabled=true was_active=false input_mode=ObservedEisu
2026-09-21T03:24:45.874910Z DEBUG awase_windows::runtime::ime_refresh: Explicit intent: bypassing typing-idle guard for IME verify (idle=281ms)
2026-09-21T03:24:45.874968Z DEBUG awase_windows::observer::ime_observer: IME snapshot: japanese=Some(true) ime_on=Some(true) romaji=None conv=Some("0x00000010") guard=false
2026-09-21T03:24:45.875056Z DEBUG awase::journal: ime event seq=452 elapsed_ms=70766 event_kind="ObserverReported"
2026-09-21T03:24:45.875091Z  INFO awase_windows::runtime::ime_refresh: [mode-key-follow] observation arrived after mode key pass: intents invalidated
2026-09-21T03:24:45.875160Z DEBUG awase::engine::engine: [diag-engine-active] ime_on=true なのに非活性: reason=Inactive(NotRomajiInput) romaji_capable=false japanese=true user_enabled=true was_active=false input_mode=ObservedEisu
2026-09-21T03:24:45.937953Z DEBUG awase_windows::runtime::ime_refresh: Skipping observer/SSOT write: typing active (idle=344ms)
2026-09-21T03:24:45.938021Z DEBUG awase::engine::engine: [diag-engine-active] ime_on=true なのに非活性: reason=Inactive(NotRomajiInput) romaji_capable=false japanese=true user_enabled=true was_active=false input_mode=ObservedEisu
2026-09-21T03:24:46.440416Z DEBUG awase_windows::observer::ime_observer: IME snapshot: japanese=Some(true) ime_on=Some(true) romaji=None conv=Some("0x00000010") guard=false
2026-09-21T03:24:46.440494Z DEBUG awase::journal: ime event seq=453 elapsed_ms=71331 event_kind="ObserverReported"
2026-09-21T03:24:46.440564Z DEBUG awase::engine::engine: [diag-engine-active] ime_on=true なのに非活性: reason=Inactive(NotRomajiInput) romaji_capable=false japanese=true user_enabled=true was_active=false input_mode=ObservedEisu
2026-09-21T03:24:46.939052Z DEBUG awase_windows::observer::ime_observer: IME snapshot: japanese=Some(true) ime_on=Some(true) romaji=None conv=Some("0x00000010") guard=false
2026-09-21T03:24:46.939362Z DEBUG awase::journal: ime event seq=454 elapsed_ms=71830 event_kind="ObserverReported"
2026-09-21T03:24:46.939460Z DEBUG awase::engine::engine: [diag-engine-active] ime_on=true なのに非活性: reason=Inactive(NotRomajiInput) romaji_capable=false japanese=true user_enabled=true was_active=false input_mode=ObservedEisu
2026-09-21T03:24:47.435681Z DEBUG awase_windows::observer::ime_observer: IME snapshot: japanese=Some(true) ime_on=Some(true) romaji=None conv=Some("0x00000010") guard=false
2026-09-21T03:24:47.435766Z DEBUG awase::journal: ime event seq=455 elapsed_ms=72326 event_kind="ObserverReported"
2026-09-21T03:24:47.435831Z DEBUG awase::engine::engine: [diag-engine-active] ime_on=true なのに非活性: reason=Inactive(NotRomajiInput) romaji_capable=false japanese=true user_enabled=true was_active=false input_mode=ObservedEisu
2026-09-21T03:24:47.527181Z DEBUG awase_windows::runtime::key_pipeline: [engine-input] vk=0x4B KeyDown ts=72417819us delay=0ms state=Idle mods(c=false s=false a=false w=false) gas_ctrl=false phys_ctrl=false extra=0x5350494B pending_drain=0 gate_active=false l_thumb=None r_thumb=None [diag-ctx] ime_o
2026-09-21T03:24:47.527234Z DEBUG awase::engine::engine: [diag-engine-active] ime_on=true なのに非活性: reason=Inactive(NotRomajiInput) romaji_capable=false japanese=true user_enabled=true was_active=false input_mode=ObservedEisu
2026-09-21T03:24:47.527316Z DEBUG awase::journal: key input seq=456 elapsed_ms=72418 vk_code=75 is_down=true injected=false key_class="Char" state_before="Idle" state_after="Idle" decision="PassThrough" physical="Allow" repeat_count=1 last_timestamp_us=72417819 last_elapsed_ms=0
2026-09-21T03:24:47.527456Z DEBUG execute_one{generation=None}: awase_windows::runtime::executor: [reinject] vk=0x4b down (queued passthrough now firing)
2026-09-21T03:24:47.538460Z  INFO awase_windows::tsf::win_event_obs: [gji-obs] candidate SHOW #5: last_gji_write=1937ms ago
2026-09-21T03:24:47.541605Z DEBUG awase_windows::tsf::gji_monitor: [gji-io] WRITE: w_ops=+2 w_KB=+0.4 (r_ops=+4 x_ops=+4 x_KB=+0.0)
2026-09-21T03:24:47.652510Z DEBUG awase_windows::runtime::key_pipeline: [engine-input] vk=0x4B KeyUp ts=72543009us delay=0ms state=Idle mods(c=false s=false a=false w=false) gas_ctrl=false phys_ctrl=false extra=0x5350494B pending_drain=0 gate_active=false l_thumb=None r_thumb=None [diag-ctx] ime_on=
2026-09-21T03:24:47.652583Z DEBUG awase::engine::engine: [diag-engine-active] ime_on=true なのに非活性: reason=Inactive(NotRomajiInput) romaji_capable=false japanese=true user_enabled=true was_active=false input_mode=ObservedEisu
2026-09-21T03:24:47.652690Z DEBUG awase::journal: key input seq=457 elapsed_ms=72543 vk_code=75 is_down=false injected=false key_class="Char" state_before="Idle" state_after="Idle" decision="PassThrough" physical="Allow" repeat_count=1 last_timestamp_us=72543009 last_elapsed_ms=0
2026-09-21T03:24:47.652905Z DEBUG execute_one{generation=None}: awase_windows::runtime::executor: [reinject] vk=0x4b up (queued passthrough now firing)
2026-09-21T03:24:47.655937Z DEBUG awase_windows::platform: [gji-fsm] StartComposition (candidate SHOW)
2026-09-21T03:24:47.655982Z  WARN gji_on_event{event=StartComposition}: awase_windows::tsf::gji_fsm: [gji-fsm] StartComposition while engine off — ignored
2026-09-21T03:24:47.656123Z DEBUG awase::journal: gji fsm transition seq=458 elapsed_ms=72547 trigger="StartComposition(candidate SHOW)" state_before="OffCold" state_after="OffCold"
2026-09-21T03:24:47.938026Z DEBUG awase_windows::runtime::ime_refresh: Skipping observer/SSOT write: typing active (idle=281ms)
2026-09-21T03:24:47.938099Z DEBUG awase::engine::engine: [diag-engine-active] ime_on=true なのに非活性: reason=Inactive(NotRomajiInput) romaji_capable=false japanese=true user_enabled=true was_active=false input_mode=ObservedEisu
2026-09-21T03:24:48.440402Z DEBUG awase_windows::observer::ime_observer: IME snapshot: japanese=Some(true) ime_on=Some(true) romaji=None conv=Some("0x00000010") guard=false
2026-09-21T03:24:48.440463Z DEBUG awase::journal: ime event seq=459 elapsed_ms=73331 event_kind="ObserverReported"
2026-09-21T03:24:48.440539Z DEBUG awase::engine::engine: [diag-engine-active] ime_on=true なのに非活性: reason=Inactive(NotRomajiInput) romaji_capable=false japanese=true user_enabled=true was_active=false input_mode=ObservedEisu
2026-09-21T03:24:48.940910Z DEBUG awase_windows::observer::ime_observer: IME snapshot: japanese=Some(true) ime_on=Some(true) romaji=None conv=Some("0x00000010") guard=false
2026-09-21T03:24:48.940990Z DEBUG awase::journal: ime event seq=460 elapsed_ms=73831 event_kind="ObserverReported"
2026-09-21T03:24:48.941054Z DEBUG awase::engine::engine: [diag-engine-active] ime_on=true なのに非活性: reason=Inactive(NotRomajiInput) romaji_capable=false japanese=true user_enabled=true was_active=false input_mode=ObservedEisu
2026-09-21T03:24:49.443605Z DEBUG awase_windows::observer::ime_observer: IME snapshot: japanese=Some(true) ime_on=Some(true) romaji=None conv=Some("0x00000010") guard=false
2026-09-21T03:24:49.443711Z DEBUG awase::journal: ime event seq=461 elapsed_ms=74334 event_kind="ObserverReported"
2026-09-21T03:24:49.443800Z DEBUG awase::engine::engine: [diag-engine-active] ime_on=true なのに非活性: reason=Inactive(NotRomajiInput) romaji_capable=false japanese=true user_enabled=true was_active=false input_mode=ObservedEisu
2026-09-21T03:24:49.471524Z DEBUG awase_windows::runtime::key_pipeline: [engine-input] vk=0x41 KeyDown ts=74362189us delay=0ms state=Idle mods(c=false s=false a=false w=false) gas_ctrl=false phys_ctrl=false extra=0x5350494B pending_drain=0 gate_active=false l_thumb=None r_thumb=None [diag-ctx] ime_o
2026-09-21T03:24:49.471572Z DEBUG awase::engine::engine: [diag-engine-active] ime_on=true なのに非活性: reason=Inactive(NotRomajiInput) romaji_capable=false japanese=true user_enabled=true was_active=false input_mode=ObservedEisu
2026-09-21T03:24:49.471719Z DEBUG awase::journal: key input seq=462 elapsed_ms=74362 vk_code=65 is_down=true injected=false key_class="Char" state_before="Idle" state_after="Idle" decision="PassThrough" physical="Allow" repeat_count=1 last_timestamp_us=74362189 last_elapsed_ms=0
2026-09-21T03:24:49.471862Z DEBUG execute_one{generation=None}: awase_windows::runtime::executor: [reinject] vk=0x41 down (queued passthrough now firing)
2026-09-21T03:24:49.489842Z DEBUG awase_windows::tsf::gji_monitor: [gji-io] WRITE: w_ops=+2 w_KB=+0.7 (r_ops=+4 x_ops=+4 x_KB=+0.0)
2026-09-21T03:24:49.595812Z DEBUG awase_windows::runtime::key_pipeline: [engine-input] vk=0x41 KeyUp ts=74486442us delay=0ms state=Idle mods(c=false s=false a=false w=false) gas_ctrl=false phys_ctrl=false extra=0x5350494B pending_drain=0 gate_active=false l_thumb=None r_thumb=None [diag-ctx] ime_on=
2026-09-21T03:24:49.595858Z DEBUG awase::engine::engine: [diag-engine-active] ime_on=true なのに非活性: reason=Inactive(NotRomajiInput) romaji_capable=false japanese=true user_enabled=true was_active=false input_mode=ObservedEisu
2026-09-21T03:24:49.595923Z DEBUG awase::journal: key input seq=463 elapsed_ms=74486 vk_code=65 is_down=false injected=false key_class="Char" state_before="Idle" state_after="Idle" decision="PassThrough" physical="Allow" repeat_count=1 last_timestamp_us=74486442 last_elapsed_ms=0
2026-09-21T03:24:49.596054Z DEBUG execute_one{generation=None}: awase_windows::runtime::executor: [reinject] vk=0x41 up (queued passthrough now firing)
2026-09-21T03:24:49.961507Z DEBUG awase_windows::runtime::ime_refresh: Skipping observer/SSOT write: typing active (idle=375ms)
2026-09-21T03:24:49.961579Z DEBUG awase::engine::engine: [diag-engine-active] ime_on=true なのに非活性: reason=Inactive(NotRomajiInput) romaji_capable=false japanese=true user_enabled=true was_active=false input_mode=ObservedEisu
2026-09-21T03:24:50.462328Z DEBUG awase_windows::observer::ime_observer: IME snapshot: japanese=Some(true) ime_on=Some(true) romaji=None conv=Some("0x00000010") guard=false
2026-09-21T03:24:50.462423Z DEBUG awase::journal: ime event seq=464 elapsed_ms=75353 event_kind="ObserverReported"
2026-09-21T03:24:50.462499Z DEBUG awase::engine::engine: [diag-engine-active] ime_on=true なのに非活性: reason=Inactive(NotRomajiInput) romaji_capable=false japanese=true user_enabled=true was_active=false input_mode=ObservedEisu
2026-09-21T03:24:50.961982Z DEBUG awase_windows::observer::ime_observer: IME snapshot: japanese=Some(true) ime_on=Some(true) romaji=None conv=Some("0x00000010") guard=false
2026-09-21T03:24:50.962068Z DEBUG awase::journal: ime event seq=465 elapsed_ms=75853 event_kind="ObserverReported"
2026-09-21T03:24:50.962136Z DEBUG awase::engine::engine: [diag-engine-active] ime_on=true なのに非活性: reason=Inactive(NotRomajiInput) romaji_capable=false japanese=true user_enabled=true was_active=false input_mode=ObservedEisu
2026-09-21T03:24:51.399374Z DEBUG awase_windows::runtime::key_pipeline: [engine-input] vk=0x0D KeyDown ts=76289681us delay=0ms state=Idle mods(c=false s=false a=false w=false) gas_ctrl=false phys_ctrl=false extra=0x5350494B pending_drain=0 gate_active=false l_thumb=None r_thumb=None [diag-ctx] ime_o
2026-09-21T03:24:51.399471Z DEBUG awase::engine::engine: [diag-engine-active] ime_on=true なのに非活性: reason=Inactive(NotRomajiInput) romaji_capable=false japanese=true user_enabled=true was_active=false input_mode=ObservedEisu
2026-09-21T03:24:51.399596Z DEBUG awase::journal: key input seq=466 elapsed_ms=76290 vk_code=13 is_down=true injected=false key_class="Passthrough" state_before="Idle" state_after="Idle" decision="PassThrough" physical="Allow" repeat_count=1 last_timestamp_us=76289681 last_elapsed_ms=0
2026-09-21T03:24:51.399736Z DEBUG execute_from_hook: awase_windows::tsf::probe: [composition] marked cold reason=PassthroughConfirmKey idle=7688ms → next VK/TSF output will send VK_DBE_HIRAGANA warmup
2026-09-21T03:24:51.399767Z DEBUG execute_from_hook: awase_windows::tsf::probe: [mark-send] last_send_ms=53102453
2026-09-21T03:24:51.399844Z DEBUG execute_from_hook: awase_windows::platform: [composition-fsm] EmitWarmup (ConfirmKeyDown)
2026-09-21T03:24:51.399873Z DEBUG execute_from_hook: awase_windows::runtime::executor: [relay-passthrough] PassThrough idle: direct OS pass-through (vk=0x0d down)
2026-09-21T03:24:51.399910Z DEBUG awase::journal: gji fsm transition seq=467 elapsed_ms=76290 trigger="CompositionReset(gji_idle_ms=1907)" state_before="OffCold" state_after="OffCold"
2026-09-21T03:24:51.400014Z DEBUG awase_windows::runtime::executor: [reinject-guard] suspending drain for 50ms (vk=0x0d)
2026-09-21T03:24:51.460798Z DEBUG execute_one{generation=None}: awase_windows::runtime::executor: [reinject] vk=0x0d down (queued passthrough now firing)
2026-09-21T03:24:51.460857Z DEBUG execute_one{generation=None}: awase_windows::platform: [composition] reinject KeyDown vk=0x0d → marking cold + eager warmup
2026-09-21T03:24:51.460876Z DEBUG execute_one{generation=None}: awase_windows::tsf::probe: [composition] marked cold reason=ReinjectConfirmKey idle=62ms → next VK/TSF output will send VK_DBE_HIRAGANA warmup
2026-09-21T03:24:51.460895Z DEBUG execute_one{generation=None}: awase_windows::tsf::probe: [mark-send] last_send_ms=53102515
2026-09-21T03:24:51.463386Z DEBUG awase::journal: gji fsm transition seq=468 elapsed_ms=76351 trigger="CompositionReset(gji_idle_ms=1969)" state_before="OffCold" state_after="OffCold"
2026-09-21T03:24:51.468425Z  INFO awase_windows::tsf::win_event_obs: [gji-obs] candidate HIDE: last_gji_write=1969ms ago
2026-09-21T03:24:51.476200Z DEBUG awase_windows::tsf::gji_monitor: [gji-io] WRITE: w_ops=+2 w_KB=+0.4 (r_ops=+4 x_ops=+4 x_KB=+0.0)
2026-09-21T03:24:51.479336Z DEBUG awase_windows::runtime::ime_refresh: Skipping observer/SSOT write: typing active (idle=78ms)
2026-09-21T03:24:51.479542Z DEBUG awase::engine::engine: [diag-engine-active] ime_on=true なのに非活性: reason=Inactive(NotRomajiInput) romaji_capable=false japanese=true user_enabled=true was_active=false input_mode=ObservedEisu
2026-09-21T03:24:51.524304Z DEBUG awase_windows::runtime::key_pipeline: [engine-input] vk=0x0D KeyUp ts=76414940us delay=0ms state=Idle mods(c=false s=false a=false w=false) gas_ctrl=false phys_ctrl=false extra=0x5350494B pending_drain=0 gate_active=false l_thumb=None r_thumb=None [diag-ctx] ime_on=
2026-09-21T03:24:51.524359Z DEBUG awase::engine::engine: [diag-engine-active] ime_on=true なのに非活性: reason=Inactive(NotRomajiInput) romaji_capable=false japanese=true user_enabled=true was_active=false input_mode=ObservedEisu
2026-09-21T03:24:51.524439Z DEBUG awase::journal: key input seq=469 elapsed_ms=76415 vk_code=13 is_down=false injected=false key_class="Passthrough" state_before="Idle" state_after="Idle" decision="PassThrough" physical="Allow" repeat_count=1 last_timestamp_us=76414940 last_elapsed_ms=0
2026-09-21T03:24:51.524554Z DEBUG execute_from_hook: awase_windows::runtime::executor: [relay-passthrough] PassThrough idle: direct OS pass-through (vk=0x0d up)
2026-09-21T03:24:51.524636Z DEBUG execute_one{generation=None}: awase_windows::runtime::executor: [reinject] vk=0x0d up (queued passthrough now firing)
2026-09-21T03:24:51.979684Z DEBUG awase_windows::runtime::ime_refresh: Skipping observer/SSOT write: typing active (idle=453ms)
2026-09-21T03:24:51.979795Z DEBUG awase::engine::engine: [diag-engine-active] ime_on=true なのに非活性: reason=Inactive(NotRomajiInput) romaji_capable=false japanese=true user_enabled=true was_active=false input_mode=ObservedEisu
2026-09-21T03:24:52.481007Z DEBUG awase_windows::observer::ime_observer: IME snapshot: japanese=Some(true) ime_on=Some(true) romaji=None conv=Some("0x00000010") guard=false
2026-09-21T03:24:52.481089Z DEBUG awase::journal: ime event seq=470 elapsed_ms=77372 event_kind="ObserverReported"
2026-09-21T03:24:52.481155Z DEBUG awase::engine::engine: [diag-engine-active] ime_on=true なのに非活性: reason=Inactive(NotRomajiInput) romaji_capable=false japanese=true user_enabled=true was_active=false input_mode=ObservedEisu
2026-09-21T03:24:52.982101Z DEBUG awase_windows::observer::ime_observer: IME snapshot: japanese=Some(true) ime_on=Some(true) romaji=None conv=Some("0x00000010") guard=false
2026-09-21T03:24:52.982167Z DEBUG awase::journal: ime event seq=471 elapsed_ms=77873 event_kind="ObserverReported"
2026-09-21T03:24:52.982220Z DEBUG awase::engine::engine: [diag-engine-active] ime_on=true なのに非活性: reason=Inactive(NotRomajiInput) romaji_capable=false japanese=true user_enabled=true was_active=false input_mode=ObservedEisu
2026-09-21T03:24:53.338376Z DEBUG awase_windows::hook: [hook] IME-mode vk=0xF0 up self_injected=false injected=false scan=0x70 extra=0x5350494B since_actuation_us=Some(78143171)
2026-09-21T03:24:53.338609Z DEBUG awase::journal: hook ime-mode diagnostic seq=472 elapsed_ms=78229 vk_code=240 is_down=false self_injected=false injected=false scan=112
2026-09-21T03:24:53.338816Z DEBUG awase_windows::runtime::key_pipeline: [engine-input] vk=0xF0 KeyUp ts=78229418us delay=0ms state=Idle mods(c=false s=false a=false w=false) gas_ctrl=false phys_ctrl=false extra=0x5350494B pending_drain=0 gate_active=false l_thumb=None r_thumb=None [diag-ctx] ime_on=
2026-09-21T03:24:53.338861Z DEBUG awase::engine::engine: [diag-engine-active] ime_on=true なのに非活性: reason=Inactive(NotRomajiInput) romaji_capable=false japanese=true user_enabled=true was_active=false input_mode=ObservedEisu
2026-09-21T03:24:53.338941Z DEBUG awase::journal: key input seq=473 elapsed_ms=78229 vk_code=240 is_down=false injected=false key_class="Passthrough" state_before="Idle" state_after="Idle" decision="PassThrough" physical="Allow" repeat_count=1 last_timestamp_us=78229418 last_elapsed_ms=0
2026-09-21T03:24:53.339046Z DEBUG execute_from_hook: awase_windows::runtime::executor: [relay-passthrough] PassThrough idle: direct OS pass-through (vk=0xf0 up)
2026-09-21T03:24:53.339137Z DEBUG execute_one{generation=None}: awase_windows::runtime::executor: [reinject] vk=0xf0 up (queued passthrough now firing)
2026-09-21T03:24:53.339399Z DEBUG awase_windows::hook: [hook] IME-mode vk=0xF2 down self_injected=false injected=false scan=0x70 extra=0x5350494B since_actuation_us=Some(78144213)
2026-09-21T03:24:53.339483Z DEBUG awase::journal: hook ime-mode diagnostic seq=474 elapsed_ms=78230 vk_code=242 is_down=true self_injected=false injected=false scan=112
2026-09-21T03:24:53.339582Z DEBUG awase_windows::runtime::key_pipeline: [engine-input] vk=0xF2 KeyDown ts=78230329us delay=0ms state=Idle mods(c=false s=false a=false w=false) gas_ctrl=false phys_ctrl=false extra=0x5350494B pending_drain=0 gate_active=false l_thumb=None r_thumb=None [diag-ctx] ime_o
2026-09-21T03:24:53.339622Z DEBUG awase::engine::engine: [diag-engine-active] ime_on=true なのに非活性: reason=Inactive(NotRomajiInput) romaji_capable=false japanese=true user_enabled=true was_active=false input_mode=ObservedEisu
2026-09-21T03:24:53.339683Z DEBUG awase::journal: key input seq=475 elapsed_ms=78230 vk_code=242 is_down=true injected=false key_class="Passthrough" state_before="Idle" state_after="Idle" decision="PassThrough" physical="Allow" repeat_count=1 last_timestamp_us=78230329 last_elapsed_ms=0
2026-09-21T03:24:53.339765Z DEBUG awase_windows::runtime::key_pipeline: may_change_ime key passed through → IME refresh scheduled (20ms)
2026-09-21T03:24:53.339816Z  INFO awase_windows::runtime::key_pipeline: [mode-key-follow] mode key PassThrough(vk=0xF2): IME refresh scheduled (20ms)
2026-09-21T03:24:53.340751Z  INFO awase_windows::runtime::key_pipeline: [key-effect-predict] vk=0xF2 status=Pre open=None mode=Some(AssumedRomaji { reason: KeyEffectPrediction })
2026-09-21T03:24:53.340829Z DEBUG awase::journal: ime event seq=476 elapsed_ms=78231 event_kind="KeyEffectPredicted"
2026-09-21T03:24:53.340892Z  INFO awase::engine::engine: Engine activated (ime=true, romaji=true, japanese=true, user=true, reason=Active)
2026-09-21T03:24:53.341039Z DEBUG execute_from_loop:execute_one{generation=None}:dispatch_ime_set_open{open=true generation=None}: awase_windows::runtime::executor: [dispatch-ime] ImmCross async: optimistic applied_snapshot=true (suppress send_engine_state_ime_key)
2026-09-21T03:24:53.342460Z DEBUG execute_from_loop:execute_one{generation=None}: awase_windows::platform: [engine-state-key] suppressed (polling/focus-triggered, enabled=true)
2026-09-21T03:24:53.342686Z DEBUG awase_windows::tsf::probe: [composition] marked cold reason=F2NonTsf idle=1875ms → next VK/TSF output will send VK_DBE_HIRAGANA warmup
2026-09-21T03:24:53.342805Z DEBUG execute_from_hook: awase_windows::runtime::executor: [relay-passthrough] PassThrough idle: direct OS pass-through (vk=0xf2 down)
2026-09-21T03:24:53.342836Z DEBUG awase::journal: gji fsm transition seq=477 elapsed_ms=78233 trigger="CompositionReset(gji_idle_ms=1859)" state_before="OffCold" state_after="OffCold"
2026-09-21T03:24:53.343134Z DEBUG execute_one{generation=None}: awase_windows::runtime::executor: [reinject] vk=0xf2 down (queued passthrough now firing)
2026-09-21T03:24:53.343561Z DEBUG awase_windows::hook: [hook] IME-mode vk=0xF0 up self_injected=true injected=false scan=0x0 extra=0x4B45594D since_actuation_us=Some(78148368)
2026-09-21T03:24:53.345825Z DEBUG awase_windows::hook: [hook] IME-mode vk=0xF2 down self_injected=true injected=true scan=0x0 extra=0x4B45594D since_actuation_us=Some(78150622)
2026-09-21T03:24:53.348944Z DEBUG awase::journal: hook ime-mode diagnostic seq=478 elapsed_ms=78239 vk_code=240 is_down=false self_injected=true injected=false scan=0
2026-09-21T03:24:53.348993Z DEBUG awase::journal: hook ime-mode diagnostic seq=479 elapsed_ms=78239 vk_code=242 is_down=true self_injected=true injected=true scan=0
2026-09-21T03:24:53.349178Z DEBUG run_open_chain_async: awase_windows::ime_controller: [warrant-shadow] chain=async open=true origin=EventOrigin { source: SelfActuated { strategy: "engine_decision_async" }, epoch: Generation(0) } warranted
2026-09-21T03:24:53.349262Z  INFO run_open_chain_async:imm_cross_write{open=true}: awase_windows::runtime::open_chain: [apply-ime] ImmCross async: open=true composition_active=false show_seq=0 change_seq=0 (issue #138診断)
2026-09-21T03:24:53.353223Z DEBUG awase_windows::tsf::gji_monitor: [gji-io] WRITE: w_ops=+2 w_KB=+0.0 (r_ops=+4 x_ops=+4 x_KB=+0.0)
2026-09-21T03:24:53.353919Z DEBUG awase_windows::shadow_send_trace: [shadow-send] channel=ImeControl cmd=0x0006 lparam=1 issue_us=78244284
2026-09-21T03:24:53.353936Z DEBUG awase_windows::ime: set_ime_open_for_target: hwnd=HWND(0x300836) ime_wnd=HWND(0x4092a) open=true success=true send_elapsed=0ms candidate_visible=false
2026-09-21T03:24:53.354317Z DEBUG run_open_chain_async:imm_cross_write{open=true}: awase_windows::ime: [imm-cross-actuate] hwnd=HWND(0x300836) open=Written conv=Some(Written)
2026-09-21T03:24:53.354366Z DEBUG run_open_chain_async:imm_cross_write{open=true}: awase_windows::runtime::open_chain: [apply-ime] ROMAN 補完結果: Written
2026-09-21T03:24:53.354425Z DEBUG run_open_chain_async: awase::journal: actuation decision seq=480 elapsed_ms=78245 site="DispatchImeSetOpen" caller="None" open=true chain_len=4 attempts_len=1 gate_profile="Standard" gate_kind="Gji" gate_shadow_known=true gate_shadow_on=false gate_input_mode="Assume
2026-09-21T03:24:53.354703Z DEBUG on_ime_apply_complete{open=true outcome=AppliedWithoutSendInput generation=None reason=EngineDecision}: awase::journal: ime open applied seq=481 elapsed_ms=78245 open=true outcome="AppliedWithoutSendInput" reason="EngineDecision"
2026-09-21T03:24:53.354788Z DEBUG on_ime_apply_complete{open=true outcome=AppliedWithoutSendInput generation=None reason=EngineDecision}: awase_windows::tsf::ime_mode_fsm: [ime-mode] SetOpen(true) applied → Hiragana (belief, unconfirmed)
2026-09-21T03:24:53.354816Z DEBUG on_ime_apply_complete{open=true outcome=AppliedWithoutSendInput generation=None reason=EngineDecision}: awase_windows::platform: [composition] ImeEffect::SetOpen(true) → marking cold
2026-09-21T03:24:53.354840Z DEBUG on_ime_apply_complete{open=true outcome=AppliedWithoutSendInput generation=None reason=EngineDecision}: awase_windows::tsf::probe: [composition] marked cold reason=SetOpenTrue idle=1891ms → next VK/TSF output will send VK_DBE_HIRAGANA warmup
2026-09-21T03:24:53.354890Z DEBUG on_ime_apply_complete{open=true outcome=AppliedWithoutSendInput generation=None reason=EngineDecision}:gji_on_event{event=ImeOn { injection_mode: Unicode, gji_idle_ms: 0 }}: awase_windows::tsf::gji_fsm: [gji-fsm] ImeOn gji_idle=0ms → Short
2026-09-21T03:24:53.354940Z DEBUG on_ime_apply_complete{open=true outcome=AppliedWithoutSendInput generation=None reason=EngineDecision}: awase_windows::platform: [gji-fsm] StartProbe probe_id=ProbeId(3) forces_f2=false long=false
2026-09-21T03:24:53.355149Z DEBUG awase::journal: gji fsm transition seq=482 elapsed_ms=78245 trigger="ImeOn(gji_idle_ms=0)" state_before="OffCold" state_after="OnCold(Short)"
2026-09-21T03:24:53.355172Z DEBUG awase::journal: tsf probe started seq=483 elapsed_ms=78245 source="GjiAction::StartProbe" cold_seq=0 probe_id=3 probe_id_present=true gji_state="OnCold(Short)" consecutive_at_start=0 pending_deferred_len=0
2026-09-21T03:24:53.355196Z DEBUG awase::journal: gji fsm transition seq=484 elapsed_ms=78245 trigger="WarmupComplete(unicode)" state_before="OnCold(Short)" state_after="OnWarm"
2026-09-21T03:24:53.355339Z DEBUG awase::journal: tsf probe completed seq=485 elapsed_ms=78245 outcome="UnicodeImmediate" cold_seq=18446744073709551615 cold_seq_present=false probe_id=3 probe_id_present=true duration_ms=0 tick_count=0 gji_state="OnWarm"
2026-09-21T03:24:53.391085Z DEBUG awase_windows::runtime::ime_refresh: Explicit intent: bypassing typing-idle guard for IME verify (idle=47ms)
2026-09-21T03:24:53.391146Z DEBUG awase_windows::observer::ime_observer: IME snapshot: japanese=Some(true) ime_on=Some(true) romaji=Some(true) conv=Some("0x00000019") guard=false
2026-09-21T03:24:53.391225Z DEBUG awase::journal: ime event seq=486 elapsed_ms=78282 event_kind="ObserverReported"
2026-09-21T03:24:53.391252Z DEBUG reduce: awase_windows::state::ime_model: [key-effect-fence] axis=mode stale observation ignored: observed=ObservedRomaji predicted=AssumedRomaji { reason: KeyEffectPrediction } age_ms=47
2026-09-21T03:24:53.391288Z DEBUG awase::journal: ime event seq=487 elapsed_ms=78282 event_kind="InputModeObserved"
2026-09-21T03:24:53.391323Z DEBUG awase::journal: ime event seq=488 elapsed_ms=78282 event_kind="ModeKeyPassedThrough"
2026-09-21T03:24:53.391335Z  INFO awase_windows::runtime::ime_refresh: [mode-key-follow] observation arrived after mode key pass: intents invalidated
2026-09-21T03:24:53.452650Z DEBUG awase_windows::runtime::ime_refresh: Explicit intent: bypassing typing-idle guard for IME verify (idle=110ms)
2026-09-21T03:24:53.452706Z DEBUG awase_windows::observer::ime_observer: IME snapshot: japanese=Some(true) ime_on=Some(true) romaji=Some(true) conv=Some("0x00000019") guard=false
2026-09-21T03:24:53.452784Z DEBUG awase::journal: ime event seq=489 elapsed_ms=78343 event_kind="ObserverReported"
2026-09-21T03:24:53.452814Z DEBUG reduce: awase_windows::state::ime_model: [key-effect-confirmed] axis=mode value=ObservedRomaji
2026-09-21T03:24:53.452897Z DEBUG awase::journal: ime event seq=490 elapsed_ms=78343 event_kind="InputModeObserved"
2026-09-21T03:24:53.452928Z  INFO awase_windows::runtime::ime_refresh: [mode-key-follow] observation arrived after mode key pass: intents invalidated
2026-09-21T03:24:53.514875Z DEBUG awase_windows::runtime::ime_refresh: Explicit intent: bypassing typing-idle guard for IME verify (idle=172ms)
2026-09-21T03:24:53.514929Z DEBUG awase_windows::observer::ime_observer: IME snapshot: japanese=Some(true) ime_on=Some(true) romaji=Some(true) conv=Some("0x00000019") guard=false
2026-09-21T03:24:53.514994Z DEBUG awase::journal: ime event seq=491 elapsed_ms=78405 event_kind="ObserverReported"
2026-09-21T03:24:53.515016Z DEBUG awase::journal: ime event seq=492 elapsed_ms=78406 event_kind="InputModeObserved"
2026-09-21T03:24:53.515033Z  INFO awase_windows::runtime::ime_refresh: [mode-key-follow] observation arrived after mode key pass: intents invalidated
2026-09-21T03:24:53.577461Z DEBUG awase_windows::runtime::ime_refresh: Explicit intent: bypassing typing-idle guard for IME verify (idle=235ms)
2026-09-21T03:24:53.577511Z DEBUG awase_windows::observer::ime_observer: IME snapshot: japanese=Some(true) ime_on=Some(true) romaji=Some(true) conv=Some("0x00000019") guard=false
2026-09-21T03:24:53.577605Z DEBUG awase::journal: ime event seq=493 elapsed_ms=78468 event_kind="ObserverReported"
2026-09-21T03:24:53.577629Z DEBUG awase::journal: ime event seq=494 elapsed_ms=78468 event_kind="InputModeObserved"
2026-09-21T03:24:53.577650Z  INFO awase_windows::runtime::ime_refresh: [mode-key-follow] observation arrived after mode key pass: intents invalidated
2026-09-21T03:24:53.638890Z DEBUG awase_windows::runtime::ime_refresh: Explicit intent: bypassing typing-idle guard for IME verify (idle=297ms)
2026-09-21T03:24:53.638951Z DEBUG awase_windows::observer::ime_observer: IME snapshot: japanese=Some(true) ime_on=Some(true) romaji=Some(true) conv=Some("0x00000019") guard=false
2026-09-21T03:24:53.639042Z DEBUG awase::journal: ime event seq=495 elapsed_ms=78530 event_kind="ObserverReported"
2026-09-21T03:24:53.639079Z DEBUG awase::journal: ime event seq=496 elapsed_ms=78530 event_kind="InputModeObserved"
2026-09-21T03:24:53.639109Z  INFO awase_windows::runtime::ime_refresh: [mode-key-follow] observation arrived after mode key pass: intents invalidated
2026-09-21T03:24:53.704015Z DEBUG awase_windows::runtime::ime_refresh: Skipping observer/SSOT write: typing active (idle=360ms)
2026-09-21T03:24:54.207650Z DEBUG awase_windows::observer::ime_observer: IME snapshot: japanese=Some(true) ime_on=Some(true) romaji=Some(true) conv=Some("0x00000019") guard=false
2026-09-21T03:24:54.207785Z DEBUG awase::journal: ime event seq=497 elapsed_ms=79098 event_kind="ObserverReported"
2026-09-21T03:24:54.207834Z DEBUG awase::journal: ime event seq=498 elapsed_ms=79098 event_kind="InputModeObserved"
2026-09-21T03:24:54.720261Z DEBUG awase_windows::observer::ime_observer: IME snapshot: japanese=Some(true) ime_on=Some(true) romaji=Some(true) conv=Some("0x00000019") guard=false
2026-09-21T03:24:54.720877Z DEBUG awase::journal: ime event seq=499 elapsed_ms=79611 event_kind="ObserverReported"
2026-09-21T03:24:54.720929Z DEBUG awase::journal: ime event seq=500 elapsed_ms=79611 event_kind="InputModeObserved"
2026-09-21T03:24:55.245849Z DEBUG awase_windows::observer::ime_observer: IME snapshot: japanese=Some(true) ime_on=Some(true) romaji=Some(true) conv=Some("0x00000019") guard=false
2026-09-21T03:24:55.245945Z DEBUG awase::journal: ime event seq=501 elapsed_ms=80136 event_kind="ObserverReported"
2026-09-21T03:24:55.245985Z DEBUG awase::journal: ime event seq=502 elapsed_ms=80136 event_kind="InputModeObserved"
2026-09-21T03:24:55.280927Z DEBUG awase_windows::hook: [hook] IME-mode vk=0xF2 down self_injected=false injected=false scan=0x70 extra=0x5350494B since_actuation_us=Some(80085722)
2026-09-21T03:24:55.281060Z DEBUG awase::journal: hook ime-mode diagnostic seq=503 elapsed_ms=80172 vk_code=242 is_down=true self_injected=false injected=false scan=112
2026-09-21T03:24:55.281251Z DEBUG awase_windows::runtime::key_pipeline: [engine-input] vk=0xF2 KeyDown ts=80171894us delay=0ms state=Idle mods(c=false s=false a=false w=false) gas_ctrl=false phys_ctrl=false extra=0x5350494B pending_drain=0 gate_active=false l_thumb=None r_thumb=None [diag-ctx] ime_o
2026-09-21T03:24:55.281339Z DEBUG awase::journal: key input seq=504 elapsed_ms=80172 vk_code=242 is_down=true injected=false key_class="Passthrough" state_before="Idle" state_after="Idle" decision="PassThrough" physical="Allow" repeat_count=1 last_timestamp_us=80171894 last_elapsed_ms=0
2026-09-21T03:24:55.281405Z DEBUG awase_windows::runtime::key_pipeline: may_change_ime key passed through → IME refresh scheduled (20ms)
2026-09-21T03:24:55.281445Z  INFO awase_windows::runtime::key_pipeline: [mode-key-follow] mode key PassThrough(vk=0xF2): IME refresh scheduled (20ms)
2026-09-21T03:24:55.282148Z  INFO awase_windows::runtime::key_pipeline: [key-effect-predict] vk=0xF2 status=Pre open=None mode=Some(ObservedEisu)
2026-09-21T03:24:55.282209Z DEBUG awase::journal: ime event seq=505 elapsed_ms=80173 event_kind="KeyEffectPredicted"
2026-09-21T03:24:55.282259Z DEBUG awase::engine::engine: [diag-engine-active] ime_on=true なのに非活性: reason=Inactive(NotRomajiInput) romaji_capable=false japanese=true user_enabled=true was_active=true input_mode=ObservedEisu
2026-09-21T03:24:55.282299Z  INFO awase::engine::engine: Engine deactivated (ime=true, romaji=false, japanese=true, user=true, reason=Inactive(NotRomajiInput))
2026-09-21T03:24:55.283656Z DEBUG execute_from_hook: awase_windows::runtime::executor: [relay-passthrough] PassThrough idle: direct OS pass-through (vk=0xf2 down)
2026-09-21T03:24:55.283740Z DEBUG execute_one{generation=None}: awase_windows::runtime::executor: [reinject] vk=0xf2 down (queued passthrough now firing)
2026-09-21T03:24:55.283899Z DEBUG awase_windows::hook: [hook] IME-mode vk=0xF2 down self_injected=true injected=true scan=0x0 extra=0x4B45594D since_actuation_us=Some(80088709)
2026-09-21T03:24:55.286727Z DEBUG awase::journal: hook ime-mode diagnostic seq=506 elapsed_ms=80177 vk_code=242 is_down=true self_injected=true injected=true scan=0
2026-09-21T03:24:55.296162Z DEBUG awase_windows::tsf::gji_monitor: [gji-io] WRITE: w_ops=+2 w_KB=+0.0 (r_ops=+4 x_ops=+4 x_KB=+0.0)
2026-09-21T03:24:55.315860Z DEBUG awase_windows::runtime::ime_refresh: Explicit intent: bypassing typing-idle guard for IME verify (idle=31ms)
2026-09-21T03:24:55.315918Z DEBUG awase_windows::observer::ime_observer: IME snapshot: japanese=Some(true) ime_on=Some(true) romaji=None conv=Some("0x00000010") guard=false
2026-09-21T03:24:55.316006Z DEBUG awase::journal: ime event seq=507 elapsed_ms=80206 event_kind="ObserverReported"
2026-09-21T03:24:55.316074Z DEBUG awase::journal: ime event seq=508 elapsed_ms=80207 event_kind="ModeKeyPassedThrough"
2026-09-21T03:24:55.316093Z  INFO awase_windows::runtime::ime_refresh: [mode-key-follow] observation arrived after mode key pass: intents invalidated
2026-09-21T03:24:55.316880Z DEBUG awase::engine::engine: [diag-engine-active] ime_on=true なのに非活性: reason=Inactive(NotRomajiInput) romaji_capable=false japanese=true user_enabled=true was_active=false input_mode=ObservedEisu
2026-09-21T03:24:55.378201Z DEBUG awase_windows::runtime::ime_refresh: Explicit intent: bypassing typing-idle guard for IME verify (idle=93ms)
2026-09-21T03:24:55.378260Z DEBUG awase_windows::observer::ime_observer: IME snapshot: japanese=Some(true) ime_on=Some(true) romaji=None conv=Some("0x00000010") guard=false
2026-09-21T03:24:55.378348Z DEBUG awase::journal: ime event seq=509 elapsed_ms=80269 event_kind="ObserverReported"
2026-09-21T03:24:55.378381Z  INFO awase_windows::runtime::ime_refresh: [mode-key-follow] observation arrived after mode key pass: intents invalidated
2026-09-21T03:24:55.378449Z DEBUG awase::engine::engine: [diag-engine-active] ime_on=true なのに非活性: reason=Inactive(NotRomajiInput) romaji_capable=false japanese=true user_enabled=true was_active=false input_mode=ObservedEisu
2026-09-21T03:24:55.441295Z DEBUG awase_windows::runtime::ime_refresh: Explicit intent: bypassing typing-idle guard for IME verify (idle=156ms)
2026-09-21T03:24:55.441348Z DEBUG awase_windows::observer::ime_observer: IME snapshot: japanese=Some(true) ime_on=Some(true) romaji=None conv=Some("0x00000010") guard=false
2026-09-21T03:24:55.441422Z DEBUG awase::journal: ime event seq=510 elapsed_ms=80332 event_kind="ObserverReported"
2026-09-21T03:24:55.441449Z  INFO awase_windows::runtime::ime_refresh: [mode-key-follow] observation arrived after mode key pass: intents invalidated
2026-09-21T03:24:55.441509Z DEBUG awase::engine::engine: [diag-engine-active] ime_on=true なのに非活性: reason=Inactive(NotRomajiInput) romaji_capable=false japanese=true user_enabled=true was_active=false input_mode=ObservedEisu
2026-09-21T03:24:55.505082Z DEBUG awase_windows::runtime::ime_refresh: Explicit intent: bypassing typing-idle guard for IME verify (idle=218ms)
2026-09-21T03:24:55.505266Z DEBUG awase_windows::observer::ime_observer: IME snapshot: japanese=Some(true) ime_on=Some(true) romaji=None conv=Some("0x00000010") guard=false
2026-09-21T03:24:55.505477Z DEBUG awase::journal: ime event seq=511 elapsed_ms=80396 event_kind="ObserverReported"
2026-09-21T03:24:55.505724Z  INFO awase_windows::runtime::ime_refresh: [mode-key-follow] observation arrived after mode key pass: intents invalidated
2026-09-21T03:24:55.505892Z DEBUG awase::engine::engine: [diag-engine-active] ime_on=true なのに非活性: reason=Inactive(NotRomajiInput) romaji_capable=false japanese=true user_enabled=true was_active=false input_mode=ObservedEisu
2026-09-21T03:24:55.581904Z DEBUG awase_windows::runtime::ime_refresh: Explicit intent: bypassing typing-idle guard for IME verify (idle=297ms)
2026-09-21T03:24:55.581965Z DEBUG awase_windows::observer::ime_observer: IME snapshot: japanese=Some(true) ime_on=Some(true) romaji=None conv=Some("0x00000010") guard=false
2026-09-21T03:24:55.582055Z DEBUG awase::journal: ime event seq=512 elapsed_ms=80473 event_kind="ObserverReported"
2026-09-21T03:24:55.582089Z  INFO awase_windows::runtime::ime_refresh: [mode-key-follow] observation arrived after mode key pass: intents invalidated
2026-09-21T03:24:55.582158Z DEBUG awase::engine::engine: [diag-engine-active] ime_on=true なのに非活性: reason=Inactive(NotRomajiInput) romaji_capable=false japanese=true user_enabled=true was_active=false input_mode=ObservedEisu
2026-09-21T03:24:55.647749Z DEBUG awase_windows::runtime::ime_refresh: Skipping observer/SSOT write: typing active (idle=375ms)
2026-09-21T03:24:55.647840Z DEBUG awase::engine::engine: [diag-engine-active] ime_on=true なのに非活性: reason=Inactive(NotRomajiInput) romaji_capable=false japanese=true user_enabled=true was_active=false input_mode=ObservedEisu
2026-09-21T03:24:56.164217Z DEBUG awase_windows::observer::ime_observer: IME snapshot: japanese=Some(true) ime_on=Some(true) romaji=None conv=Some("0x00000010") guard=false
2026-09-21T03:24:56.164284Z DEBUG awase::journal: ime event seq=513 elapsed_ms=81055 event_kind="ObserverReported"
2026-09-21T03:24:56.164341Z DEBUG awase::engine::engine: [diag-engine-active] ime_on=true なのに非活性: reason=Inactive(NotRomajiInput) romaji_capable=false japanese=true user_enabled=true was_active=false input_mode=ObservedEisu
2026-09-21T03:24:56.680046Z DEBUG awase_windows::observer::ime_observer: IME snapshot: japanese=Some(true) ime_on=Some(true) romaji=None conv=Some("0x00000010") guard=false
2026-09-21T03:24:56.680137Z DEBUG awase::journal: ime event seq=514 elapsed_ms=81571 event_kind="ObserverReported"
2026-09-21T03:24:56.680209Z DEBUG awase::engine::engine: [diag-engine-active] ime_on=true なのに非活性: reason=Inactive(NotRomajiInput) romaji_capable=false japanese=true user_enabled=true was_active=false input_mode=ObservedEisu
2026-09-21T03:24:57.183050Z DEBUG awase_windows::observer::ime_observer: IME snapshot: japanese=Some(true) ime_on=Some(true) romaji=None conv=Some("0x00000010") guard=false
2026-09-21T03:24:57.183132Z DEBUG awase::journal: ime event seq=515 elapsed_ms=82074 event_kind="ObserverReported"
2026-09-21T03:24:57.183206Z DEBUG awase::engine::engine: [diag-engine-active] ime_on=true なのに非活性: reason=Inactive(NotRomajiInput) romaji_capable=false japanese=true user_enabled=true was_active=false input_mode=ObservedEisu
2026-09-21T03:24:57.192851Z DEBUG awase_windows::hook: [hook] IME-mode vk=0xF0 up self_injected=false injected=false scan=0x70 extra=0x5350494B since_actuation_us=Some(81997640)
2026-09-21T03:24:57.193036Z DEBUG awase::journal: hook ime-mode diagnostic seq=516 elapsed_ms=82084 vk_code=240 is_down=false self_injected=false injected=false scan=112
2026-09-21T03:24:57.193211Z DEBUG awase_windows::hook: [hook] IME-mode vk=0xF2 down self_injected=false injected=false scan=0x70 extra=0x5350494B since_actuation_us=Some(81998021)
2026-09-21T03:24:57.193366Z DEBUG awase_windows::runtime::key_pipeline: [engine-input] vk=0xF0 KeyUp ts=82083898us delay=0ms state=Idle mods(c=false s=false a=false w=false) gas_ctrl=false phys_ctrl=false extra=0x5350494B pending_drain=0 gate_active=false l_thumb=None r_thumb=None [diag-ctx] ime_on=
2026-09-21T03:24:57.193423Z DEBUG awase::engine::engine: [diag-engine-active] ime_on=true なのに非活性: reason=Inactive(NotRomajiInput) romaji_capable=false japanese=true user_enabled=true was_active=false input_mode=ObservedEisu
2026-09-21T03:24:57.193501Z DEBUG awase::journal: key input seq=517 elapsed_ms=82084 vk_code=240 is_down=false injected=false key_class="Passthrough" state_before="Idle" state_after="Idle" decision="PassThrough" physical="Allow" repeat_count=1 last_timestamp_us=82083898 last_elapsed_ms=0
2026-09-21T03:24:57.193600Z DEBUG execute_from_hook: awase_windows::runtime::executor: [relay-passthrough] PassThrough idle: direct OS pass-through (vk=0xf0 up)
2026-09-21T03:24:57.193727Z DEBUG awase::journal: hook ime-mode diagnostic seq=518 elapsed_ms=82084 vk_code=242 is_down=true self_injected=false injected=false scan=112
2026-09-21T03:24:57.193822Z DEBUG awase_windows::runtime::key_pipeline: [engine-input] vk=0xF2 KeyDown ts=82084147us delay=0ms state=Idle mods(c=false s=false a=false w=false) gas_ctrl=false phys_ctrl=false extra=0x5350494B pending_drain=0 gate_active=false l_thumb=None r_thumb=None [diag-ctx] ime_o
2026-09-21T03:24:57.193864Z DEBUG awase::engine::engine: [diag-engine-active] ime_on=true なのに非活性: reason=Inactive(NotRomajiInput) romaji_capable=false japanese=true user_enabled=true was_active=false input_mode=ObservedEisu
2026-09-21T03:24:57.193918Z DEBUG awase::journal: key input seq=519 elapsed_ms=82084 vk_code=242 is_down=true injected=false key_class="Passthrough" state_before="Idle" state_after="Idle" decision="PassThrough" physical="Allow" repeat_count=1 last_timestamp_us=82084147 last_elapsed_ms=0
2026-09-21T03:24:57.193991Z DEBUG awase_windows::runtime::key_pipeline: may_change_ime key passed through → IME refresh scheduled (20ms)
2026-09-21T03:24:57.194034Z  INFO awase_windows::runtime::key_pipeline: [mode-key-follow] mode key PassThrough(vk=0xF2): IME refresh scheduled (20ms)
2026-09-21T03:24:57.194996Z  INFO awase_windows::runtime::key_pipeline: [key-effect-predict] vk=0xF2 status=Pre open=None mode=Some(AssumedRomaji { reason: KeyEffectPrediction })
2026-09-21T03:24:57.195079Z DEBUG awase::journal: ime event seq=520 elapsed_ms=82086 event_kind="KeyEffectPredicted"
2026-09-21T03:24:57.195141Z  INFO awase::engine::engine: Engine activated (ime=true, romaji=true, japanese=true, user=true, reason=Active)
2026-09-21T03:24:57.195377Z DEBUG execute_from_loop:execute_one{generation=None}:dispatch_ime_set_open{open=true generation=None}: awase_windows::runtime::executor: [dispatch-ime] ImmCross async: optimistic applied_snapshot=true (suppress send_engine_state_ime_key)
2026-09-21T03:24:57.196933Z DEBUG execute_from_loop:execute_one{generation=None}: awase_windows::platform: [engine-state-key] suppressed (polling/focus-triggered, enabled=true)
2026-09-21T03:24:57.197111Z DEBUG execute_from_hook: awase_windows::runtime::transport: [relay-defer] PassThrough deferred: pending effects, reinject(vk=0xf2 down)
2026-09-21T03:24:57.197190Z DEBUG execute_one{generation=None}: awase_windows::runtime::executor: [reinject] vk=0xf0 up (queued passthrough now firing)
2026-09-21T03:24:57.197227Z DEBUG execute_one{generation=None}: awase_windows::runtime::executor: [reinject] vk=0xf2 down (queued passthrough now firing)
2026-09-21T03:24:57.197587Z DEBUG awase_windows::hook: [hook] IME-mode vk=0xF0 up self_injected=true injected=false scan=0x0 extra=0x4B45594D since_actuation_us=Some(82002387)
2026-09-21T03:24:57.199493Z DEBUG awase_windows::hook: [hook] IME-mode vk=0xF2 down self_injected=true injected=true scan=0x0 extra=0x4B45594D since_actuation_us=Some(82004174)
2026-09-21T03:24:57.202710Z DEBUG awase::journal: hook ime-mode diagnostic seq=521 elapsed_ms=82093 vk_code=240 is_down=false self_injected=true injected=false scan=0
2026-09-21T03:24:57.202775Z DEBUG awase::journal: hook ime-mode diagnostic seq=522 elapsed_ms=82093 vk_code=242 is_down=true self_injected=true injected=true scan=0
2026-09-21T03:24:57.202886Z DEBUG run_open_chain_async: awase_windows::ime_controller: [warrant-shadow] chain=async open=true origin=EventOrigin { source: SelfActuated { strategy: "engine_decision_async" }, epoch: Generation(0) } warranted
2026-09-21T03:24:57.202941Z  INFO run_open_chain_async:imm_cross_write{open=true}: awase_windows::runtime::open_chain: [apply-ime] ImmCross async: open=true composition_active=false show_seq=0 change_seq=0 (issue #138診断)
2026-09-21T03:24:57.207009Z DEBUG awase_windows::shadow_send_trace: [shadow-send] channel=ImeControl cmd=0x0006 lparam=1 issue_us=82097466
2026-09-21T03:24:57.207022Z DEBUG awase_windows::ime: set_ime_open_for_target: hwnd=HWND(0x300836) ime_wnd=HWND(0x4092a) open=true success=true send_elapsed=0ms candidate_visible=false
2026-09-21T03:24:57.207353Z DEBUG run_open_chain_async:imm_cross_write{open=true}: awase_windows::ime: [imm-cross-actuate] hwnd=HWND(0x300836) open=Written conv=Some(Written)
2026-09-21T03:24:57.207406Z DEBUG run_open_chain_async:imm_cross_write{open=true}: awase_windows::runtime::open_chain: [apply-ime] ROMAN 補完結果: Written
2026-09-21T03:24:57.207495Z DEBUG run_open_chain_async: awase::journal: actuation decision seq=523 elapsed_ms=82098 site="DispatchImeSetOpen" caller="None" open=true chain_len=4 attempts_len=1 gate_profile="Standard" gate_kind="Gji" gate_shadow_known=true gate_shadow_on=true gate_input_mode="Assumed
2026-09-21T03:24:57.207653Z DEBUG on_ime_apply_complete{open=true outcome=AppliedWithoutSendInput generation=None reason=EngineDecision}: awase::journal: ime open applied seq=524 elapsed_ms=82098 open=true outcome="AppliedWithoutSendInput" reason="EngineDecision"
2026-09-21T03:24:57.207703Z DEBUG on_ime_apply_complete{open=true outcome=AppliedWithoutSendInput generation=None reason=EngineDecision}: awase_windows::tsf::ime_mode_fsm: [ime-mode] SetOpen(true) applied → Hiragana (belief, unconfirmed)
2026-09-21T03:24:57.207711Z DEBUG awase_windows::tsf::gji_monitor: [gji-io] WRITE: w_ops=+2 w_KB=+0.0 (r_ops=+4 x_ops=+4 x_KB=+0.0)
2026-09-21T03:24:57.207721Z DEBUG on_ime_apply_complete{open=true outcome=AppliedWithoutSendInput generation=None reason=EngineDecision}: awase_windows::platform: [composition] ImeEffect::SetOpen(true) → marking cold
2026-09-21T03:24:57.207734Z DEBUG on_ime_apply_complete{open=true outcome=AppliedWithoutSendInput generation=None reason=EngineDecision}: awase_windows::tsf::probe: [composition] marked cold reason=SetOpenTrue idle=5735ms → next VK/TSF output will send VK_DBE_HIRAGANA warmup
2026-09-21T03:24:57.207763Z DEBUG on_ime_apply_complete{open=true outcome=AppliedWithoutSendInput generation=None reason=EngineDecision}:gji_on_event{event=ImeOn { injection_mode: Unicode, gji_idle_ms: 0 }}: awase_windows::tsf::gji_fsm: [gji-fsm] ImeOn: already on (OnWarm), ignored
2026-09-21T03:24:57.207830Z DEBUG awase::journal: gji fsm transition seq=525 elapsed_ms=82098 trigger="ImeOn(gji_idle_ms=0)" state_before="OnWarm" state_after="OnWarm"
2026-09-21T03:24:57.228444Z DEBUG awase_windows::runtime::ime_refresh: Explicit intent: bypassing typing-idle guard for IME verify (idle=31ms)
2026-09-21T03:24:57.228525Z DEBUG awase_windows::observer::ime_observer: IME snapshot: japanese=Some(true) ime_on=Some(true) romaji=Some(true) conv=Some("0x00000019") guard=false
2026-09-21T03:24:57.228648Z DEBUG awase::journal: ime event seq=526 elapsed_ms=82119 event_kind="ObserverReported"
2026-09-21T03:24:57.228692Z DEBUG reduce: awase_windows::state::ime_model: [key-effect-fence] axis=mode stale observation ignored: observed=ObservedRomaji predicted=AssumedRomaji { reason: KeyEffectPrediction } age_ms=31
2026-09-21T03:24:57.228742Z DEBUG awase::journal: ime event seq=527 elapsed_ms=82119 event_kind="InputModeObserved"
2026-09-21T03:24:57.228810Z DEBUG awase::journal: ime event seq=528 elapsed_ms=82119 event_kind="ModeKeyPassedThrough"
2026-09-21T03:24:57.228834Z  INFO awase_windows::runtime::ime_refresh: [mode-key-follow] observation arrived after mode key pass: intents invalidated
2026-09-21T03:24:57.291710Z DEBUG awase_windows::runtime::ime_refresh: Explicit intent: bypassing typing-idle guard for IME verify (idle=93ms)
2026-09-21T03:24:57.291791Z DEBUG awase_windows::observer::ime_observer: IME snapshot: japanese=Some(true) ime_on=Some(true) romaji=Some(true) conv=Some("0x00000019") guard=false
2026-09-21T03:24:57.291938Z DEBUG awase::journal: ime event seq=529 elapsed_ms=82182 event_kind="ObserverReported"
2026-09-21T03:24:57.291982Z DEBUG reduce: awase_windows::state::ime_model: [key-effect-fence] axis=mode stale observation ignored: observed=ObservedRomaji predicted=AssumedRomaji { reason: KeyEffectPrediction } age_ms=93
2026-09-21T03:24:57.292031Z DEBUG awase::journal: ime event seq=530 elapsed_ms=82183 event_kind="InputModeObserved"
2026-09-21T03:24:57.292086Z  INFO awase_windows::runtime::ime_refresh: [mode-key-follow] observation arrived after mode key pass: intents invalidated
2026-09-21T03:24:57.357592Z DEBUG awase_windows::runtime::ime_refresh: Explicit intent: bypassing typing-idle guard for IME verify (idle=156ms)
2026-09-21T03:24:57.357667Z DEBUG awase_windows::observer::ime_observer: IME snapshot: japanese=Some(true) ime_on=Some(true) romaji=Some(true) conv=Some("0x00000019") guard=false
2026-09-21T03:24:57.357781Z DEBUG awase::journal: ime event seq=531 elapsed_ms=82248 event_kind="ObserverReported"
2026-09-21T03:24:57.357821Z DEBUG reduce: awase_windows::state::ime_model: [key-effect-confirmed] axis=mode value=ObservedRomaji
2026-09-21T03:24:57.357864Z DEBUG awase::journal: ime event seq=532 elapsed_ms=82248 event_kind="InputModeObserved"
2026-09-21T03:24:57.357905Z  INFO awase_windows::runtime::ime_refresh: [mode-key-follow] observation arrived after mode key pass: intents invalidated
2026-09-21T03:24:57.414461Z DEBUG awase_windows::runtime::ime_refresh: Explicit intent: bypassing typing-idle guard for IME verify (idle=218ms)
2026-09-21T03:24:57.414520Z DEBUG awase_windows::observer::ime_observer: IME snapshot: japanese=Some(true) ime_on=Some(true) romaji=Some(true) conv=Some("0x00000019") guard=false
2026-09-21T03:24:57.414611Z DEBUG awase::journal: ime event seq=533 elapsed_ms=82305 event_kind="ObserverReported"
2026-09-21T03:24:57.414647Z DEBUG awase::journal: ime event seq=534 elapsed_ms=82305 event_kind="InputModeObserved"
2026-09-21T03:24:57.414677Z  INFO awase_windows::runtime::ime_refresh: [mode-key-follow] observation arrived after mode key pass: intents invalidated
2026-09-21T03:24:57.477686Z DEBUG awase_windows::runtime::ime_refresh: Explicit intent: bypassing typing-idle guard for IME verify (idle=281ms)
2026-09-21T03:24:57.477745Z DEBUG awase_windows::observer::ime_observer: IME snapshot: japanese=Some(true) ime_on=Some(true) romaji=Some(true) conv=Some("0x00000019") guard=false
2026-09-21T03:24:57.477834Z DEBUG awase::journal: ime event seq=535 elapsed_ms=82368 event_kind="ObserverReported"
2026-09-21T03:24:57.477871Z DEBUG awase::journal: ime event seq=536 elapsed_ms=82368 event_kind="InputModeObserved"
2026-09-21T03:24:57.477899Z  INFO awase_windows::runtime::ime_refresh: [mode-key-follow] observation arrived after mode key pass: intents invalidated
2026-09-21T03:24:57.539900Z DEBUG awase_windows::runtime::ime_refresh: Skipping observer/SSOT write: typing active (idle=343ms)
2026-09-21T03:24:58.045832Z DEBUG awase_windows::observer::ime_observer: IME snapshot: japanese=Some(true) ime_on=Some(true) romaji=Some(true) conv=Some("0x00000019") guard=false
2026-09-21T03:24:58.045899Z DEBUG awase::journal: ime event seq=537 elapsed_ms=82936 event_kind="ObserverReported"
2026-09-21T03:24:58.045927Z DEBUG awase::journal: ime event seq=538 elapsed_ms=82936 event_kind="InputModeObserved"
2026-09-21T03:24:58.545366Z DEBUG awase_windows::observer::ime_observer: IME snapshot: japanese=Some(true) ime_on=Some(true) romaji=Some(true) conv=Some("0x00000019") guard=false
2026-09-21T03:24:58.545433Z DEBUG awase::journal: ime event seq=539 elapsed_ms=83436 event_kind="ObserverReported"
2026-09-21T03:24:58.545457Z DEBUG awase::journal: ime event seq=540 elapsed_ms=83436 event_kind="InputModeObserved"
2026-09-21T03:24:59.047131Z DEBUG awase_windows::observer::ime_observer: IME snapshot: japanese=Some(true) ime_on=Some(true) romaji=Some(true) conv=Some("0x00000019") guard=false
2026-09-21T03:24:59.047211Z DEBUG awase::journal: ime event seq=541 elapsed_ms=83938 event_kind="ObserverReported"
2026-09-21T03:24:59.047244Z DEBUG awase::journal: ime event seq=542 elapsed_ms=83938 event_kind="InputModeObserved"
2026-09-21T03:24:59.138861Z DEBUG awase_windows::runtime::key_pipeline: [engine-input] vk=0x4B KeyDown ts=84029299us delay=0ms state=Idle mods(c=false s=false a=false w=false) gas_ctrl=false phys_ctrl=false extra=0x5350494B pending_drain=0 gate_active=false l_thumb=None r_thumb=None [diag-ctx] ime_o
2026-09-21T03:24:59.139026Z DEBUG awase::journal: key input seq=543 elapsed_ms=84030 vk_code=75 is_down=true injected=false key_class="Char" state_before="Idle" state_after="PendingChar(vk=0x4B)" decision="Consume" physical="Allow" repeat_count=1 last_timestamp_us=84029299 last_elapsed_ms=0
2026-09-21T03:24:59.248682Z DEBUG execute_from_loop:execute_one{generation=None}: awase_windows::output: send_keys: mode=Unicode actions=[Char('き')] prev_elapsed=7781ms
2026-09-21T03:24:59.248733Z DEBUG execute_from_loop:execute_one{generation=None}: awase_windows::tsf::probe: [mark-send] last_send_ms=53110296
2026-09-21T03:24:59.248775Z DEBUG execute_from_loop:execute_one{generation=None}: awase_windows::output:   → Char('き') via Unicode
2026-09-21T03:24:59.255190Z DEBUG execute_from_loop:execute_one{generation=None}: awase_windows::tsf::probe: [mark-send] last_send_ms=53110312
2026-09-21T03:24:59.260976Z  INFO awase_windows::tsf::win_event_obs: [gji-obs] candidate SHOW #6: last_gji_write=2062ms ago
2026-09-21T03:24:59.262957Z DEBUG awase_windows::tsf::gji_monitor: [gji-io] WRITE: w_ops=+2 w_KB=+0.3 (r_ops=+4 x_ops=+4 x_KB=+0.0)
2026-09-21T03:24:59.268668Z DEBUG awase_windows::runtime::key_pipeline: [engine-input] vk=0x4B KeyUp ts=84159329us delay=0ms state=Idle mods(c=false s=false a=false w=false) gas_ctrl=false phys_ctrl=false extra=0x5350494B pending_drain=0 gate_active=false l_thumb=None r_thumb=None [diag-ctx] ime_on=
2026-09-21T03:24:59.268798Z DEBUG awase::journal: key input seq=545 elapsed_ms=84159 vk_code=75 is_down=false injected=false key_class="Char" state_before="Idle" state_after="Idle" decision="Consume" physical="Allow" repeat_count=1 last_timestamp_us=84159329 last_elapsed_ms=0
2026-09-21T03:24:59.268895Z DEBUG execute_one{generation=None}: awase_windows::output: send_keys: mode=Unicode actions=[Suppress] prev_elapsed=0ms
2026-09-21T03:24:59.268918Z DEBUG execute_one{generation=None}: awase_windows::tsf::probe: [mark-send] last_send_ms=53110312
2026-09-21T03:24:59.268930Z DEBUG execute_one{generation=None}: awase_windows::output:   → Suppress
2026-09-21T03:24:59.268938Z DEBUG execute_one{generation=None}: awase_windows::tsf::probe: [mark-send] last_send_ms=53110312
2026-09-21T03:24:59.268970Z DEBUG execute_one{generation=None}: awase_windows::platform: [gji-fsm] StartComposition (candidate SHOW)
2026-09-21T03:24:59.268989Z DEBUG execute_one{generation=None}:gji_on_event{event=StartComposition}: awase_windows::tsf::gji_fsm: [gji-fsm] StartComposition: OnWarm → OnComposing(AlreadyWarm)
2026-09-21T03:24:59.269111Z DEBUG awase::journal: gji fsm transition seq=546 elapsed_ms=84159 trigger="StartComposition(candidate SHOW)" state_before="OnWarm" state_after="OnComposing(Warm)"
2026-09-21T03:24:59.550414Z DEBUG awase_windows::runtime::ime_refresh: Skipping observer/SSOT write: typing active (idle=281ms)
2026-09-21T03:25:00.049311Z DEBUG awase_windows::observer::ime_observer: IME snapshot: japanese=Some(true) ime_on=Some(true) romaji=Some(true) conv=Some("0x00000019") guard=false
2026-09-21T03:25:00.049418Z DEBUG awase::journal: ime event seq=547 elapsed_ms=84940 event_kind="ObserverReported"
2026-09-21T03:25:00.049463Z DEBUG awase::journal: ime event seq=548 elapsed_ms=84940 event_kind="InputModeObserved"
2026-09-21T03:25:00.547510Z DEBUG awase_windows::observer::ime_observer: IME snapshot: japanese=Some(true) ime_on=Some(true) romaji=Some(true) conv=Some("0x00000019") guard=false
2026-09-21T03:25:00.547566Z DEBUG awase::journal: ime event seq=549 elapsed_ms=85438 event_kind="ObserverReported"
2026-09-21T03:25:00.547589Z DEBUG awase::journal: ime event seq=550 elapsed_ms=85438 event_kind="InputModeObserved"
2026-09-21T03:25:01.047776Z DEBUG awase_windows::observer::ime_observer: IME snapshot: japanese=Some(true) ime_on=Some(true) romaji=Some(true) conv=Some("0x00000019") guard=false
2026-09-21T03:25:01.047883Z DEBUG awase::journal: ime event seq=551 elapsed_ms=85938 event_kind="ObserverReported"
2026-09-21T03:25:01.047923Z DEBUG awase::journal: ime event seq=552 elapsed_ms=85938 event_kind="InputModeObserved"
2026-09-21T03:25:01.074842Z DEBUG awase_windows::runtime::key_pipeline: [engine-input] vk=0x41 KeyDown ts=85965514us delay=0ms state=Idle mods(c=false s=false a=false w=false) gas_ctrl=false phys_ctrl=false extra=0x5350494B pending_drain=0 gate_active=false l_thumb=None r_thumb=None [diag-ctx] ime_o
2026-09-21T03:25:01.074953Z DEBUG awase::journal: key input seq=553 elapsed_ms=85965 vk_code=65 is_down=true injected=false key_class="Char" state_before="Idle" state_after="PendingChar(vk=0x41)" decision="Consume" physical="Allow" repeat_count=1 last_timestamp_us=85965514 last_elapsed_ms=0
2026-09-21T03:25:01.183197Z DEBUG execute_from_loop:execute_one{generation=None}: awase_windows::output: send_keys: mode=Unicode actions=[Char('う')] prev_elapsed=1922ms
2026-09-21T03:25:01.183226Z DEBUG execute_from_loop:execute_one{generation=None}: awase_windows::tsf::probe: [mark-send] last_send_ms=53112234
2026-09-21T03:25:01.183246Z DEBUG execute_from_loop:execute_one{generation=None}: awase_windows::output:   → Char('う') via Unicode
2026-09-21T03:25:01.185230Z DEBUG execute_from_loop:execute_one{generation=None}: awase_windows::tsf::probe: [mark-send] last_send_ms=53112234
2026-09-21T03:25:01.198968Z DEBUG awase_windows::tsf::gji_monitor: [gji-io] WRITE: w_ops=+2 w_KB=+0.5 (r_ops=+4 x_ops=+4 x_KB=+0.0)
2026-09-21T03:25:01.201229Z DEBUG awase_windows::runtime::key_pipeline: [engine-input] vk=0x41 KeyUp ts=86091868us delay=0ms state=Idle mods(c=false s=false a=false w=false) gas_ctrl=false phys_ctrl=false extra=0x5350494B pending_drain=0 gate_active=false l_thumb=None r_thumb=None [diag-ctx] ime_on=
2026-09-21T03:25:01.201337Z DEBUG awase::journal: key input seq=555 elapsed_ms=86092 vk_code=65 is_down=false injected=false key_class="Char" state_before="Idle" state_after="Idle" decision="Consume" physical="Allow" repeat_count=1 last_timestamp_us=86091868 last_elapsed_ms=0
2026-09-21T03:25:01.201489Z DEBUG execute_one{generation=None}: awase_windows::output: send_keys: mode=Unicode actions=[Suppress] prev_elapsed=16ms
2026-09-21T03:25:01.201523Z DEBUG execute_one{generation=None}: awase_windows::tsf::probe: [mark-send] last_send_ms=53112250
2026-09-21T03:25:01.201543Z DEBUG execute_one{generation=None}: awase_windows::output:   → Suppress
2026-09-21T03:25:01.201560Z DEBUG execute_one{generation=None}: awase_windows::tsf::probe: [mark-send] last_send_ms=53112250
2026-09-21T03:25:01.545670Z DEBUG awase_windows::runtime::ime_refresh: Skipping observer/SSOT write: typing active (idle=343ms)
2026-09-21T03:25:02.044525Z DEBUG awase_windows::observer::ime_observer: IME snapshot: japanese=Some(true) ime_on=Some(true) romaji=Some(true) conv=Some("0x00000019") guard=false
2026-09-21T03:25:02.044613Z DEBUG awase::journal: ime event seq=556 elapsed_ms=86935 event_kind="ObserverReported"
2026-09-21T03:25:02.044651Z DEBUG awase::journal: ime event seq=557 elapsed_ms=86935 event_kind="InputModeObserved"
2026-09-21T03:25:02.543969Z DEBUG awase_windows::observer::ime_observer: IME snapshot: japanese=Some(true) ime_on=Some(true) romaji=Some(true) conv=Some("0x00000019") guard=false
2026-09-21T03:25:02.544041Z DEBUG awase::journal: ime event seq=558 elapsed_ms=87435 event_kind="ObserverReported"
2026-09-21T03:25:02.544068Z DEBUG awase::journal: ime event seq=559 elapsed_ms=87435 event_kind="InputModeObserved"
2026-09-21T03:25:03.009688Z DEBUG awase_windows::runtime::key_pipeline: [engine-input] vk=0x1B KeyDown ts=87900192us delay=0ms state=Idle mods(c=false s=false a=false w=false) gas_ctrl=false phys_ctrl=false extra=0x5350494B pending_drain=0 gate_active=false l_thumb=None r_thumb=None [diag-ctx] ime_o
2026-09-21T03:25:03.009858Z DEBUG awase::journal: key input seq=560 elapsed_ms=87900 vk_code=27 is_down=true injected=false key_class="Passthrough" state_before="Idle" state_after="Idle" decision="PassThrough" physical="Allow" repeat_count=1 last_timestamp_us=87900192 last_elapsed_ms=0
2026-09-21T03:25:03.010007Z DEBUG execute_from_hook: awase_windows::runtime::executor: [relay-passthrough] PassThrough idle: direct OS pass-through (vk=0x1b down)
2026-09-21T03:25:03.010121Z DEBUG execute_one{generation=None}: awase_windows::runtime::executor: [reinject] vk=0x1b down (queued passthrough now firing)
2026-09-21T03:25:03.016964Z  INFO awase_windows::tsf::win_event_obs: [gji-obs] candidate HIDE: last_gji_write=1812ms ago
2026-09-21T03:25:03.023719Z DEBUG awase_windows::tsf::gji_monitor: [gji-io] WRITE: w_ops=+2 w_KB=+0.3 (r_ops=+4 x_ops=+4 x_KB=+0.0)
2026-09-21T03:25:03.046052Z DEBUG awase_windows::runtime::ime_refresh: Skipping observer/SSOT write: typing active (idle=31ms)
2026-09-21T03:25:03.135176Z DEBUG awase_windows::runtime::key_pipeline: [engine-input] vk=0x1B KeyUp ts=88025819us delay=0ms state=Idle mods(c=false s=false a=false w=false) gas_ctrl=false phys_ctrl=false extra=0x5350494B pending_drain=0 gate_active=false l_thumb=None r_thumb=None [diag-ctx] ime_on=
2026-09-21T03:25:03.135308Z DEBUG awase::journal: key input seq=561 elapsed_ms=88026 vk_code=27 is_down=false injected=false key_class="Passthrough" state_before="Idle" state_after="Idle" decision="PassThrough" physical="Allow" repeat_count=1 last_timestamp_us=88025819 last_elapsed_ms=0
2026-09-21T03:25:03.135410Z DEBUG execute_from_hook: awase_windows::runtime::executor: [relay-passthrough] PassThrough idle: direct OS pass-through (vk=0x1b up)
2026-09-21T03:25:03.135560Z DEBUG execute_one{generation=None}: awase_windows::runtime::executor: [reinject] vk=0x1b up (queued passthrough now firing)
2026-09-21T03:25:03.137740Z DEBUG awase_windows::platform: [gji-fsm] EndComposition (candidate HIDE) epoch=FocusEpoch(3)
2026-09-21T03:25:03.137820Z DEBUG awase::journal: gji fsm transition seq=562 elapsed_ms=88028 trigger="EndComposition(candidate HIDE, epoch=FocusEpoch(3))" state_before="OnComposing(Warm)" state_after="OnWarm"
2026-09-21T03:25:03.546505Z DEBUG awase_windows::runtime::ime_refresh: Skipping observer/SSOT write: typing active (idle=406ms)
2026-09-21T03:25:04.044392Z DEBUG awase_windows::observer::ime_observer: IME snapshot: japanese=Some(true) ime_on=Some(true) romaji=Some(true) conv=Some("0x00000019") guard=false
2026-09-21T03:25:04.044483Z DEBUG awase::journal: ime event seq=563 elapsed_ms=88935 event_kind="ObserverReported"
2026-09-21T03:25:04.044522Z DEBUG awase::journal: ime event seq=564 elapsed_ms=88935 event_kind="InputModeObserved"
2026-09-21T03:25:04.546857Z DEBUG awase_windows::observer::ime_observer: IME snapshot: japanese=Some(true) ime_on=Some(true) romaji=Some(true) conv=Some("0x00000019") guard=false
2026-09-21T03:25:04.546931Z DEBUG awase::journal: ime event seq=565 elapsed_ms=89437 event_kind="ObserverReported"
2026-09-21T03:25:04.546959Z DEBUG awase::journal: ime event seq=566 elapsed_ms=89437 event_kind="InputModeObserved"
2026-09-21T03:25:04.953314Z DEBUG awase_windows::runtime::key_pipeline: [engine-input] vk=0x4B KeyDown ts=89843905us delay=0ms state=Idle mods(c=false s=false a=false w=false) gas_ctrl=false phys_ctrl=false extra=0x5350494B pending_drain=0 gate_active=false l_thumb=None r_thumb=None [diag-ctx] ime_o
2026-09-21T03:25:04.953470Z DEBUG awase::journal: key input seq=567 elapsed_ms=89844 vk_code=75 is_down=true injected=false key_class="Char" state_before="Idle" state_after="PendingChar(vk=0x4B)" decision="Consume" physical="Allow" repeat_count=1 last_timestamp_us=89843905 last_elapsed_ms=0
2026-09-21T03:25:05.051704Z DEBUG awase_windows::runtime::ime_refresh: Skipping observer/SSOT write: typing active (idle=109ms)
2026-09-21T03:25:05.052522Z DEBUG execute_from_loop:execute_one{generation=None}: awase_windows::output: send_keys: mode=Unicode actions=[Char('き')] prev_elapsed=3859ms
2026-09-21T03:25:05.052546Z DEBUG execute_from_loop:execute_one{generation=None}: awase_windows::tsf::probe: [mark-send] last_send_ms=53116109
2026-09-21T03:25:05.052562Z DEBUG execute_from_loop:execute_one{generation=None}: awase_windows::output:   → Char('き') via Unicode
2026-09-21T03:25:05.057102Z DEBUG execute_from_loop:execute_one{generation=None}: awase_windows::tsf::probe: [mark-send] last_send_ms=53116109
2026-09-21T03:25:05.060370Z  INFO awase_windows::tsf::win_event_obs: [gji-obs] candidate SHOW #7: last_gji_write=2031ms ago
2026-09-21T03:25:05.061466Z DEBUG awase_windows::tsf::gji_monitor: [gji-io] WRITE: w_ops=+2 w_KB=+0.3 (r_ops=+4 x_ops=+4 x_KB=+0.0)
2026-09-21T03:25:05.139599Z DEBUG awase_windows::runtime::key_pipeline: [engine-input] vk=0x4B KeyUp ts=90030289us delay=0ms state=Idle mods(c=false s=false a=false w=false) gas_ctrl=false phys_ctrl=false extra=0x5350494B pending_drain=0 gate_active=false l_thumb=None r_thumb=None [diag-ctx] ime_on=
2026-09-21T03:25:05.139740Z DEBUG awase::journal: key input seq=569 elapsed_ms=90030 vk_code=75 is_down=false injected=false key_class="Char" state_before="Idle" state_after="Idle" decision="Consume" physical="Allow" repeat_count=1 last_timestamp_us=90030289 last_elapsed_ms=0
2026-09-21T03:25:05.139880Z DEBUG execute_one{generation=None}: awase_windows::output: send_keys: mode=Unicode actions=[Suppress] prev_elapsed=78ms
2026-09-21T03:25:05.139953Z DEBUG execute_one{generation=None}: awase_windows::tsf::probe: [mark-send] last_send_ms=53116187
2026-09-21T03:25:05.139974Z DEBUG execute_one{generation=None}: awase_windows::output:   → Suppress
2026-09-21T03:25:05.139990Z DEBUG execute_one{generation=None}: awase_windows::tsf::probe: [mark-send] last_send_ms=53116187
2026-09-21T03:25:05.140039Z DEBUG execute_one{generation=None}: awase_windows::platform: [gji-fsm] StartComposition (candidate SHOW)
2026-09-21T03:25:05.140075Z DEBUG execute_one{generation=None}:gji_on_event{event=StartComposition}: awase_windows::tsf::gji_fsm: [gji-fsm] StartComposition: OnWarm → OnComposing(AlreadyWarm)
2026-09-21T03:25:05.140220Z DEBUG awase::journal: gji fsm transition seq=570 elapsed_ms=90031 trigger="StartComposition(candidate SHOW)" state_before="OnWarm" state_after="OnComposing(Warm)"
2026-09-21T03:25:05.561662Z DEBUG awase_windows::runtime::ime_refresh: Skipping observer/SSOT write: typing active (idle=422ms)
2026-09-21T03:25:06.062411Z DEBUG awase_windows::observer::ime_observer: IME snapshot: japanese=Some(true) ime_on=Some(true) romaji=Some(true) conv=Some("0x00000019") guard=false
2026-09-21T03:25:06.062494Z DEBUG awase::journal: ime event seq=571 elapsed_ms=90953 event_kind="ObserverReported"
2026-09-21T03:25:06.062539Z DEBUG awase::journal: ime event seq=572 elapsed_ms=90953 event_kind="InputModeObserved"
2026-09-21T03:25:06.562774Z DEBUG awase_windows::observer::ime_observer: IME snapshot: japanese=Some(true) ime_on=Some(true) romaji=Some(true) conv=Some("0x00000019") guard=false
2026-09-21T03:25:06.562857Z DEBUG awase::journal: ime event seq=573 elapsed_ms=91453 event_kind="ObserverReported"
2026-09-21T03:25:06.562902Z DEBUG awase::journal: ime event seq=574 elapsed_ms=91453 event_kind="InputModeObserved"
2026-09-21T03:25:06.886325Z DEBUG awase_windows::hook: [hook] IME-mode vk=0xF2 down self_injected=false injected=false scan=0x70 extra=0x5350494B since_actuation_us=Some(91691123)
2026-09-21T03:25:06.886462Z DEBUG awase::journal: hook ime-mode diagnostic seq=575 elapsed_ms=91777 vk_code=242 is_down=true self_injected=false injected=false scan=112
2026-09-21T03:25:06.886670Z DEBUG awase_windows::runtime::key_pipeline: [engine-input] vk=0xF2 KeyDown ts=91777336us delay=0ms state=Idle mods(c=false s=false a=false w=false) gas_ctrl=false phys_ctrl=false extra=0x5350494B pending_drain=0 gate_active=false l_thumb=None r_thumb=None [diag-ctx] ime_o
2026-09-21T03:25:06.886763Z DEBUG awase::journal: key input seq=576 elapsed_ms=91777 vk_code=242 is_down=true injected=false key_class="Passthrough" state_before="Idle" state_after="Idle" decision="PassThrough" physical="Allow" repeat_count=1 last_timestamp_us=91777336 last_elapsed_ms=0
2026-09-21T03:25:06.886832Z DEBUG awase_windows::runtime::key_pipeline: may_change_ime key passed through → IME refresh scheduled (20ms)
2026-09-21T03:25:06.886874Z  INFO awase_windows::runtime::key_pipeline: [mode-key-follow] mode key PassThrough(vk=0xF2): IME refresh scheduled (20ms)
2026-09-21T03:25:06.887490Z  INFO awase_windows::runtime::key_pipeline: [key-effect-predict] vk=0xF2 status=Pre open=None mode=Some(ObservedEisu)
2026-09-21T03:25:06.887594Z DEBUG awase::journal: ime event seq=577 elapsed_ms=91778 event_kind="KeyEffectPredicted"
2026-09-21T03:25:06.887652Z DEBUG awase::engine::engine: [diag-engine-active] ime_on=true なのに非活性: reason=Inactive(NotRomajiInput) romaji_capable=false japanese=true user_enabled=true was_active=true input_mode=ObservedEisu
2026-09-21T03:25:06.887694Z  INFO awase::engine::engine: Engine deactivated (ime=true, romaji=false, japanese=true, user=true, reason=Inactive(NotRomajiInput))
2026-09-21T03:25:06.890332Z DEBUG execute_from_hook: awase_windows::runtime::executor: [relay-passthrough] PassThrough idle: direct OS pass-through (vk=0xf2 down)
2026-09-21T03:25:06.890425Z DEBUG execute_one{generation=None}: awase_windows::runtime::executor: [reinject] vk=0xf2 down (queued passthrough now firing)
2026-09-21T03:25:06.890563Z DEBUG awase_windows::hook: [hook] IME-mode vk=0xF2 down self_injected=true injected=true scan=0x0 extra=0x4B45594D since_actuation_us=Some(91695373)
2026-09-21T03:25:06.891858Z DEBUG awase::journal: hook ime-mode diagnostic seq=578 elapsed_ms=91782 vk_code=242 is_down=true self_injected=true injected=true scan=0
2026-09-21T03:25:06.901615Z DEBUG awase_windows::tsf::gji_monitor: [gji-io] WRITE: w_ops=+2 w_KB=+0.5 (r_ops=+4 x_ops=+4 x_KB=+0.0)
2026-09-21T03:25:06.919561Z DEBUG awase_windows::runtime::ime_refresh: Explicit intent: bypassing typing-idle guard for IME verify (idle=31ms)
2026-09-21T03:25:06.919618Z DEBUG awase_windows::observer::ime_observer: IME snapshot: japanese=Some(true) ime_on=Some(true) romaji=None conv=Some("0x00000010") guard=false
2026-09-21T03:25:06.919707Z DEBUG awase::journal: ime event seq=579 elapsed_ms=91810 event_kind="ObserverReported"
2026-09-21T03:25:06.919761Z DEBUG awase::journal: ime event seq=580 elapsed_ms=91810 event_kind="ModeKeyPassedThrough"
2026-09-21T03:25:06.919778Z  INFO awase_windows::runtime::ime_refresh: [mode-key-follow] observation arrived after mode key pass: intents invalidated
2026-09-21T03:25:06.919843Z DEBUG awase::engine::engine: [diag-engine-active] ime_on=true なのに非活性: reason=Inactive(NotRomajiInput) romaji_capable=false japanese=true user_enabled=true was_active=false input_mode=ObservedEisu
2026-09-21T03:25:06.982053Z DEBUG awase_windows::runtime::ime_refresh: Explicit intent: bypassing typing-idle guard for IME verify (idle=94ms)
2026-09-21T03:25:06.982110Z DEBUG awase_windows::observer::ime_observer: IME snapshot: japanese=Some(true) ime_on=Some(true) romaji=None conv=Some("0x00000010") guard=false
2026-09-21T03:25:06.982202Z DEBUG awase::journal: ime event seq=581 elapsed_ms=91873 event_kind="ObserverReported"
2026-09-21T03:25:06.982239Z  INFO awase_windows::runtime::ime_refresh: [mode-key-follow] observation arrived after mode key pass: intents invalidated
2026-09-21T03:25:06.982307Z DEBUG awase::engine::engine: [diag-engine-active] ime_on=true なのに非活性: reason=Inactive(NotRomajiInput) romaji_capable=false japanese=true user_enabled=true was_active=false input_mode=ObservedEisu
2026-09-21T03:25:07.045615Z DEBUG awase_windows::runtime::ime_refresh: Explicit intent: bypassing typing-idle guard for IME verify (idle=156ms)
2026-09-21T03:25:07.045669Z DEBUG awase_windows::observer::ime_observer: IME snapshot: japanese=Some(true) ime_on=Some(true) romaji=None conv=Some("0x00000010") guard=false
2026-09-21T03:25:07.045794Z DEBUG awase::journal: ime event seq=582 elapsed_ms=91936 event_kind="ObserverReported"
2026-09-21T03:25:07.045830Z  INFO awase_windows::runtime::ime_refresh: [mode-key-follow] observation arrived after mode key pass: intents invalidated
2026-09-21T03:25:07.045898Z DEBUG awase::engine::engine: [diag-engine-active] ime_on=true なのに非活性: reason=Inactive(NotRomajiInput) romaji_capable=false japanese=true user_enabled=true was_active=false input_mode=ObservedEisu
2026-09-21T03:25:07.107571Z DEBUG awase_windows::runtime::ime_refresh: Explicit intent: bypassing typing-idle guard for IME verify (idle=219ms)
2026-09-21T03:25:07.107627Z DEBUG awase_windows::observer::ime_observer: IME snapshot: japanese=Some(true) ime_on=Some(true) romaji=None conv=Some("0x00000010") guard=false
2026-09-21T03:25:07.107712Z DEBUG awase::journal: ime event seq=583 elapsed_ms=91998 event_kind="ObserverReported"
2026-09-21T03:25:07.107746Z  INFO awase_windows::runtime::ime_refresh: [mode-key-follow] observation arrived after mode key pass: intents invalidated
2026-09-21T03:25:07.107814Z DEBUG awase::engine::engine: [diag-engine-active] ime_on=true なのに非活性: reason=Inactive(NotRomajiInput) romaji_capable=false japanese=true user_enabled=true was_active=false input_mode=ObservedEisu
2026-09-21T03:25:07.169839Z DEBUG awase_windows::runtime::ime_refresh: Explicit intent: bypassing typing-idle guard for IME verify (idle=281ms)
2026-09-21T03:25:07.169894Z DEBUG awase_windows::observer::ime_observer: IME snapshot: japanese=Some(true) ime_on=Some(true) romaji=None conv=Some("0x00000010") guard=false
2026-09-21T03:25:07.169981Z DEBUG awase::journal: ime event seq=584 elapsed_ms=92060 event_kind="ObserverReported"
2026-09-21T03:25:07.170015Z  INFO awase_windows::runtime::ime_refresh: [mode-key-follow] observation arrived after mode key pass: intents invalidated
2026-09-21T03:25:07.170081Z DEBUG awase::engine::engine: [diag-engine-active] ime_on=true なのに非活性: reason=Inactive(NotRomajiInput) romaji_capable=false japanese=true user_enabled=true was_active=false input_mode=ObservedEisu
2026-09-21T03:25:07.234255Z DEBUG awase_windows::runtime::ime_refresh: Skipping observer/SSOT write: typing active (idle=344ms)
2026-09-21T03:25:07.234326Z DEBUG awase::engine::engine: [diag-engine-active] ime_on=true なのに非活性: reason=Inactive(NotRomajiInput) romaji_capable=false japanese=true user_enabled=true was_active=false input_mode=ObservedEisu
2026-09-21T03:25:07.739712Z DEBUG awase_windows::observer::ime_observer: IME snapshot: japanese=Some(true) ime_on=Some(true) romaji=None conv=Some("0x00000010") guard=false
2026-09-21T03:25:07.739834Z DEBUG awase::journal: ime event seq=585 elapsed_ms=92630 event_kind="ObserverReported"
2026-09-21T03:25:07.739901Z DEBUG awase::engine::engine: [diag-engine-active] ime_on=true なのに非活性: reason=Inactive(NotRomajiInput) romaji_capable=false japanese=true user_enabled=true was_active=false input_mode=ObservedEisu
2026-09-21T03:25:08.241743Z DEBUG awase_windows::observer::ime_observer: IME snapshot: japanese=Some(true) ime_on=Some(true) romaji=None conv=Some("0x00000010") guard=false
2026-09-21T03:25:08.241825Z DEBUG awase::journal: ime event seq=586 elapsed_ms=93132 event_kind="ObserverReported"
2026-09-21T03:25:08.241891Z DEBUG awase::engine::engine: [diag-engine-active] ime_on=true なのに非活性: reason=Inactive(NotRomajiInput) romaji_capable=false japanese=true user_enabled=true was_active=false input_mode=ObservedEisu
2026-09-21T03:25:08.746485Z DEBUG awase_windows::observer::ime_observer: IME snapshot: japanese=Some(true) ime_on=Some(true) romaji=None conv=Some("0x00000010") guard=false
2026-09-21T03:25:08.746567Z DEBUG awase::journal: ime event seq=587 elapsed_ms=93637 event_kind="ObserverReported"
2026-09-21T03:25:08.746632Z DEBUG awase::engine::engine: [diag-engine-active] ime_on=true なのに非活性: reason=Inactive(NotRomajiInput) romaji_capable=false japanese=true user_enabled=true was_active=false input_mode=ObservedEisu
2026-09-21T03:25:08.791099Z DEBUG awase_windows::runtime::key_pipeline: [engine-input] vk=0x1D KeyDown ts=93681766us delay=0ms state=Idle mods(c=false s=false a=false w=false) gas_ctrl=false phys_ctrl=false extra=0x5350494B pending_drain=0 gate_active=false l_thumb=Some(93681757) r_thumb=None [diag-
2026-09-21T03:25:08.791146Z DEBUG awase::engine::engine: [diag-engine-active] ime_on=true なのに非活性: reason=Inactive(NotRomajiInput) romaji_capable=false japanese=true user_enabled=true was_active=false input_mode=ObservedEisu
2026-09-21T03:25:08.791208Z DEBUG awase::journal: key input seq=588 elapsed_ms=93682 vk_code=29 is_down=true injected=false key_class="LeftThumb" state_before="Idle" state_after="Idle" decision="PassThrough" physical="Allow" repeat_count=1 last_timestamp_us=93681766 last_elapsed_ms=0
2026-09-21T03:25:08.791284Z  INFO awase_windows::runtime::key_pipeline: [mode-key-follow] mode key PassThrough(vk=0x1D): IME refresh scheduled (20ms)
2026-09-21T03:25:08.791957Z  INFO awase_windows::runtime::key_pipeline: [key-effect-predict] vk=0x1D status=Pre open=Some(false) mode=None
2026-09-21T03:25:08.792018Z DEBUG awase::journal: ime event seq=589 elapsed_ms=93683 event_kind="KeyEffectPredicted"
2026-09-21T03:25:08.792188Z DEBUG execute_one{generation=None}: awase_windows::runtime::executor: [reinject] vk=0x1d down (queued passthrough now firing)
2026-09-21T03:25:08.806535Z DEBUG awase_windows::tsf::gji_monitor: [gji-io] WRITE: w_ops=+2 w_KB=+0.5 (r_ops=+4 x_ops=+4 x_KB=+0.0)
2026-09-21T03:25:08.824488Z DEBUG awase_windows::runtime::ime_refresh: Explicit intent: bypassing typing-idle guard for IME verify (idle=32ms)
2026-09-21T03:25:08.824575Z  INFO awase_windows::observer::ime_observer: IME input method changed: kana → romaji (focused_class=Some("Edit"))
2026-09-21T03:25:08.824595Z DEBUG awase_windows::observer::ime_observer: IME snapshot: japanese=Some(true) ime_on=Some(true) romaji=Some(true) conv=Some("0x00000019") guard=false
2026-09-21T03:25:08.824680Z DEBUG reduce: awase_windows::state::ime_model: [key-effect-fence] axis=open stale observation ignored: observed=true predicted=false age_ms=32
2026-09-21T03:25:08.824722Z DEBUG awase::journal: ime event seq=590 elapsed_ms=93715 event_kind="ObserverReported"
2026-09-21T03:25:08.824755Z DEBUG reduce: awase_windows::state::ime_model: [key-effect-fence] axis=mode stale observation ignored: observed=ObservedRomaji predicted=ObservedEisu age_ms=32
2026-09-21T03:25:08.824787Z DEBUG awase::journal: ime event seq=591 elapsed_ms=93715 event_kind="InputModeObserved"
2026-09-21T03:25:08.824840Z DEBUG awase::journal: ime event seq=592 elapsed_ms=93715 event_kind="ModeKeyPassedThrough"
2026-09-21T03:25:08.824866Z  INFO awase_windows::runtime::ime_refresh: [mode-key-follow] observation arrived after mode key pass: intents invalidated
2026-09-21T03:25:08.887149Z DEBUG awase_windows::runtime::ime_refresh: Explicit intent: bypassing typing-idle guard for IME verify (idle=94ms)
2026-09-21T03:25:08.887191Z  INFO awase_windows::observer::ime_observer: IME input method changed: kana → romaji (focused_class=Some("Edit"))
2026-09-21T03:25:08.887211Z DEBUG awase_windows::observer::ime_observer: IME snapshot: japanese=Some(true) ime_on=Some(true) romaji=Some(true) conv=Some("0x00000019") guard=false
2026-09-21T03:25:08.887296Z DEBUG reduce: awase_windows::state::ime_model: [key-effect-fence] axis=open stale observation ignored: observed=true predicted=false age_ms=94
2026-09-21T03:25:08.887338Z DEBUG awase::journal: ime event seq=593 elapsed_ms=93778 event_kind="ObserverReported"
2026-09-21T03:25:08.887372Z DEBUG reduce: awase_windows::state::ime_model: [key-effect-fence] axis=mode stale observation ignored: observed=ObservedRomaji predicted=ObservedEisu age_ms=94
2026-09-21T03:25:08.887404Z DEBUG awase::journal: ime event seq=594 elapsed_ms=93778 event_kind="InputModeObserved"
2026-09-21T03:25:08.887436Z  INFO awase_windows::runtime::ime_refresh: [mode-key-follow] observation arrived after mode key pass: intents invalidated
2026-09-21T03:25:08.915530Z DEBUG awase_windows::runtime::key_pipeline: [engine-input] vk=0x1D KeyUp ts=93806181us delay=0ms state=Idle mods(c=false s=false a=false w=false) gas_ctrl=false phys_ctrl=false extra=0x5350494B pending_drain=0 gate_active=false l_thumb=None r_thumb=None [diag-ctx] ime_on=
2026-09-21T03:25:08.915626Z DEBUG awase::journal: key input seq=595 elapsed_ms=93806 vk_code=29 is_down=false injected=false key_class="LeftThumb" state_before="Idle" state_after="Idle" decision="PassThrough" physical="Allow" repeat_count=1 last_timestamp_us=93806181 last_elapsed_ms=0
2026-09-21T03:25:08.915770Z DEBUG execute_one{generation=None}: awase_windows::runtime::executor: [reinject] vk=0x1d up (queued passthrough now firing)
2026-09-21T03:25:08.949588Z DEBUG awase_windows::runtime::ime_refresh: Explicit intent: bypassing typing-idle guard for IME verify (idle=32ms)
2026-09-21T03:25:08.949625Z  INFO awase_windows::observer::ime_observer: IME input method changed: kana → romaji (focused_class=Some("Edit"))
2026-09-21T03:25:08.949643Z DEBUG awase_windows::observer::ime_observer: IME snapshot: japanese=Some(true) ime_on=Some(true) romaji=Some(true) conv=Some("0x00000019") guard=false
2026-09-21T03:25:08.949722Z  INFO reduce: awase_windows::state::ime_model: [key-effect-miss] axis=open predicted=false observed=true
2026-09-21T03:25:08.949758Z DEBUG awase::journal: ime event seq=596 elapsed_ms=93840 event_kind="ObserverReported"
2026-09-21T03:25:08.949804Z  INFO reduce: awase_windows::state::ime_model: [key-effect-miss] axis=mode predicted=ObservedEisu observed=ObservedRomaji
2026-09-21T03:25:08.949839Z DEBUG awase::journal: ime event seq=597 elapsed_ms=93840 event_kind="InputModeObserved"
2026-09-21T03:25:08.949872Z  INFO awase_windows::runtime::ime_refresh: [mode-key-follow] observation arrived after mode key pass: intents invalidated
2026-09-21T03:25:08.950043Z  INFO awase::engine::engine: Engine activated (ime=true, romaji=true, japanese=true, user=true, reason=Active)
2026-09-21T03:25:08.950180Z DEBUG execute_from_loop:execute_one{generation=None}:dispatch_ime_set_open{open=true generation=None}: awase_windows::runtime::executor: [dispatch-ime] ImmCross async: optimistic applied_snapshot=true (suppress send_engine_state_ime_key)
2026-09-21T03:25:08.951199Z DEBUG execute_from_loop:execute_one{generation=None}: awase_windows::platform: [engine-state-key] suppressed (polling/focus-triggered, enabled=true)
2026-09-21T03:25:08.952639Z DEBUG run_open_chain_async: awase_windows::ime_controller: [warrant-shadow] chain=async open=true origin=EventOrigin { source: SelfActuated { strategy: "engine_decision_async" }, epoch: Generation(0) } warranted
2026-09-21T03:25:08.952728Z  INFO run_open_chain_async:imm_cross_write{open=true}: awase_windows::runtime::open_chain: [apply-ime] ImmCross async: open=true composition_active=false show_seq=0 change_seq=0 (issue #138診断)
2026-09-21T03:25:08.954169Z DEBUG awase_windows::shadow_send_trace: [shadow-send] channel=ImeControl cmd=0x0006 lparam=1 issue_us=93844871
2026-09-21T03:25:08.954183Z DEBUG awase_windows::ime: set_ime_open_for_target: hwnd=HWND(0x300836) ime_wnd=HWND(0x4092a) open=true success=true send_elapsed=0ms candidate_visible=true
2026-09-21T03:25:08.954564Z DEBUG run_open_chain_async:imm_cross_write{open=true}: awase_windows::ime: [imm-cross-actuate] hwnd=HWND(0x300836) open=Written conv=Some(Written)
2026-09-21T03:25:08.954605Z DEBUG run_open_chain_async:imm_cross_write{open=true}: awase_windows::runtime::open_chain: [apply-ime] ROMAN 補完結果: Written
2026-09-21T03:25:08.954653Z DEBUG run_open_chain_async: awase::journal: actuation decision seq=598 elapsed_ms=93845 site="DispatchImeSetOpen" caller="None" open=true chain_len=4 attempts_len=1 gate_profile="Standard" gate_kind="Gji" gate_shadow_known=true gate_shadow_on=true gate_input_mode="Observe
2026-09-21T03:25:08.954821Z DEBUG on_ime_apply_complete{open=true outcome=AppliedWithoutSendInput generation=None reason=EngineDecision}: awase::journal: ime open applied seq=599 elapsed_ms=93845 open=true outcome="AppliedWithoutSendInput" reason="EngineDecision"
2026-09-21T03:25:08.954935Z DEBUG on_ime_apply_complete{open=true outcome=AppliedWithoutSendInput generation=None reason=EngineDecision}: awase_windows::tsf::ime_mode_fsm: [ime-mode] SetOpen(true) applied → Hiragana (belief, unconfirmed)
2026-09-21T03:25:08.954961Z DEBUG on_ime_apply_complete{open=true outcome=AppliedWithoutSendInput generation=None reason=EngineDecision}: awase_windows::platform: [composition] ImeEffect::SetOpen(true) → marking cold
2026-09-21T03:25:08.954981Z DEBUG on_ime_apply_complete{open=true outcome=AppliedWithoutSendInput generation=None reason=EngineDecision}: awase_windows::tsf::probe: [composition] marked cold reason=SetOpenTrue idle=3813ms → next VK/TSF output will send VK_DBE_HIRAGANA warmup
2026-09-21T03:25:08.955026Z DEBUG on_ime_apply_complete{open=true outcome=AppliedWithoutSendInput generation=None reason=EngineDecision}:gji_on_event{event=ImeOn { injection_mode: Unicode, gji_idle_ms: 141 }}: awase_windows::tsf::gji_fsm: [gji-fsm] ImeOn: already on (OnComposing(Warm)), ignored
2026-09-21T03:25:08.955124Z DEBUG awase::journal: gji fsm transition seq=600 elapsed_ms=93846 trigger="ImeOn(gji_idle_ms=141)" state_before="OnComposing(Warm)" state_after="OnComposing(Warm)"
2026-09-21T03:25:08.981524Z DEBUG awase_windows::runtime::ime_refresh: Explicit intent: bypassing typing-idle guard for IME verify (idle=63ms)
2026-09-21T03:25:08.981585Z DEBUG awase_windows::observer::ime_observer: IME snapshot: japanese=Some(true) ime_on=Some(true) romaji=Some(true) conv=Some("0x00000019") guard=false
2026-09-21T03:25:08.981680Z DEBUG awase::journal: ime event seq=601 elapsed_ms=93872 event_kind="ObserverReported"
2026-09-21T03:25:08.981721Z DEBUG awase::journal: ime event seq=602 elapsed_ms=93872 event_kind="InputModeObserved"
2026-09-21T03:25:08.981753Z  INFO awase_windows::runtime::ime_refresh: [mode-key-follow] observation arrived after mode key pass: intents invalidated
2026-09-21T03:25:09.045550Z DEBUG awase_windows::runtime::ime_refresh: Explicit intent: bypassing typing-idle guard for IME verify (idle=125ms)
2026-09-21T03:25:09.045609Z DEBUG awase_windows::observer::ime_observer: IME snapshot: japanese=Some(true) ime_on=Some(true) romaji=Some(true) conv=Some("0x00000019") guard=false
2026-09-21T03:25:09.045699Z DEBUG awase::journal: ime event seq=603 elapsed_ms=93936 event_kind="ObserverReported"
2026-09-21T03:25:09.045735Z DEBUG awase::journal: ime event seq=604 elapsed_ms=93936 event_kind="InputModeObserved"
2026-09-21T03:25:09.045764Z  INFO awase_windows::runtime::ime_refresh: [mode-key-follow] observation arrived after mode key pass: intents invalidated
2026-09-21T03:25:09.107716Z DEBUG awase_windows::runtime::ime_refresh: Skipping observer/SSOT write: typing active (idle=188ms)
2026-09-21T03:25:09.608065Z DEBUG awase_windows::observer::ime_observer: IME snapshot: japanese=Some(true) ime_on=Some(true) romaji=Some(true) conv=Some("0x00000019") guard=false
2026-09-21T03:25:09.608155Z DEBUG awase::journal: ime event seq=605 elapsed_ms=94499 event_kind="ObserverReported"
2026-09-21T03:25:09.608191Z DEBUG awase::journal: ime event seq=606 elapsed_ms=94499 event_kind="InputModeObserved"
2026-09-21T03:25:10.108502Z DEBUG awase_windows::observer::ime_observer: IME snapshot: japanese=Some(true) ime_on=Some(true) romaji=Some(true) conv=Some("0x00000019") guard=false
2026-09-21T03:25:10.108540Z DEBUG awase::journal: ime event seq=607 elapsed_ms=94999 event_kind="ObserverReported"
2026-09-21T03:25:10.108554Z DEBUG awase::journal: ime event seq=608 elapsed_ms=94999 event_kind="InputModeObserved"
2026-09-21T03:25:10.609049Z DEBUG awase_windows::observer::ime_observer: IME snapshot: japanese=Some(true) ime_on=Some(true) romaji=Some(true) conv=Some("0x00000019") guard=false
2026-09-21T03:25:10.609167Z DEBUG awase::journal: ime event seq=609 elapsed_ms=95500 event_kind="ObserverReported"
2026-09-21T03:25:10.609212Z DEBUG awase::journal: ime event seq=610 elapsed_ms=95500 event_kind="InputModeObserved"
2026-09-21T03:25:10.733940Z DEBUG awase_windows::runtime::key_pipeline: [engine-input] vk=0x41 KeyDown ts=95624534us delay=0ms state=Idle mods(c=false s=false a=false w=false) gas_ctrl=false phys_ctrl=false extra=0x5350494B pending_drain=0 gate_active=false l_thumb=None r_thumb=None [diag-ctx] ime_o
2026-09-21T03:25:10.734095Z DEBUG awase::journal: key input seq=611 elapsed_ms=95625 vk_code=65 is_down=true injected=false key_class="Char" state_before="Idle" state_after="PendingChar(vk=0x41)" decision="Consume" physical="Allow" repeat_count=1 last_timestamp_us=95624534 last_elapsed_ms=0
2026-09-21T03:25:10.844528Z DEBUG execute_from_loop:execute_one{generation=None}: awase_windows::output: send_keys: mode=Unicode actions=[Char('う')] prev_elapsed=5703ms
2026-09-21T03:25:10.844546Z DEBUG execute_from_loop:execute_one{generation=None}: awase_windows::tsf::probe: [mark-send] last_send_ms=53121890
2026-09-21T03:25:10.844558Z DEBUG execute_from_loop:execute_one{generation=None}: awase_windows::output:   → Char('う') via Unicode
2026-09-21T03:25:10.846938Z DEBUG execute_from_loop:execute_one{generation=None}: awase_windows::tsf::probe: [mark-send] last_send_ms=53121890
2026-09-21T03:25:10.848149Z DEBUG awase_windows::tsf::gji_monitor: [gji-io] WRITE: w_ops=+2 w_KB=+0.5 (r_ops=+4 x_ops=+4 x_KB=+0.0)
2026-09-21T03:25:10.861844Z DEBUG awase_windows::runtime::key_pipeline: [engine-input] vk=0x41 KeyUp ts=95752544us delay=0ms state=Idle mods(c=false s=false a=false w=false) gas_ctrl=false phys_ctrl=false extra=0x5350494B pending_drain=0 gate_active=false l_thumb=None r_thumb=None [diag-ctx] ime_on=
2026-09-21T03:25:10.861904Z DEBUG awase::journal: key input seq=613 elapsed_ms=95752 vk_code=65 is_down=false injected=false key_class="Char" state_before="Idle" state_after="Idle" decision="Consume" physical="Allow" repeat_count=1 last_timestamp_us=95752544 last_elapsed_ms=0
2026-09-21T03:25:10.861971Z DEBUG execute_one{generation=None}: awase_windows::output: send_keys: mode=Unicode actions=[Suppress] prev_elapsed=16ms
2026-09-21T03:25:10.861986Z DEBUG execute_one{generation=None}: awase_windows::tsf::probe: [mark-send] last_send_ms=53121906
2026-09-21T03:25:10.861993Z DEBUG execute_one{generation=None}: awase_windows::output:   → Suppress
2026-09-21T03:25:10.861999Z DEBUG execute_one{generation=None}: awase_windows::tsf::probe: [mark-send] last_send_ms=53121906
2026-09-21T03:25:11.115570Z DEBUG awase_windows::runtime::ime_refresh: Skipping observer/SSOT write: typing active (idle=265ms)
2026-09-21T03:25:11.620448Z DEBUG awase_windows::observer::ime_observer: IME snapshot: japanese=Some(true) ime_on=Some(true) romaji=Some(true) conv=Some("0x00000019") guard=false
2026-09-21T03:25:11.620526Z DEBUG awase::journal: ime event seq=614 elapsed_ms=96511 event_kind="ObserverReported"
2026-09-21T03:25:11.620559Z DEBUG awase::journal: ime event seq=615 elapsed_ms=96511 event_kind="InputModeObserved"
2026-09-21T03:25:12.124796Z DEBUG awase_windows::observer::ime_observer: IME snapshot: japanese=Some(true) ime_on=Some(true) romaji=Some(true) conv=Some("0x00000019") guard=false
2026-09-21T03:25:12.124838Z DEBUG awase::journal: ime event seq=616 elapsed_ms=97015 event_kind="ObserverReported"
2026-09-21T03:25:12.124853Z DEBUG awase::journal: ime event seq=617 elapsed_ms=97015 event_kind="InputModeObserved"
2026-09-21T03:25:12.645859Z DEBUG awase_windows::observer::ime_observer: IME snapshot: japanese=Some(true) ime_on=Some(true) romaji=Some(true) conv=Some("0x00000019") guard=false
2026-09-21T03:25:12.645943Z DEBUG awase::journal: ime event seq=618 elapsed_ms=97536 event_kind="ObserverReported"
2026-09-21T03:25:12.645979Z DEBUG awase::journal: ime event seq=619 elapsed_ms=97536 event_kind="InputModeObserved"
2026-09-21T03:25:12.677071Z DEBUG awase_windows::runtime::key_pipeline: [engine-input] vk=0x0D KeyDown ts=97567752us delay=0ms state=Idle mods(c=false s=false a=false w=false) gas_ctrl=false phys_ctrl=false extra=0x5350494B pending_drain=0 gate_active=false l_thumb=None r_thumb=None [diag-ctx] ime_o
2026-09-21T03:25:12.677167Z DEBUG awase::journal: key input seq=620 elapsed_ms=97568 vk_code=13 is_down=true injected=false key_class="Passthrough" state_before="Idle" state_after="Idle" decision="PassThrough" physical="Allow" repeat_count=1 last_timestamp_us=97567752 last_elapsed_ms=0
2026-09-21T03:25:12.677256Z DEBUG execute_from_hook: awase_windows::runtime::executor: [relay-passthrough] PassThrough idle: direct OS pass-through (vk=0x0d down)
2026-09-21T03:25:12.677325Z DEBUG execute_one{generation=None}: awase_windows::runtime::executor: [reinject] vk=0x0d down (queued passthrough now firing)
2026-09-21T03:25:12.680560Z  INFO awase_windows::tsf::win_event_obs: [gji-obs] candidate HIDE: last_gji_write=1844ms ago
2026-09-21T03:25:12.691690Z DEBUG awase_windows::tsf::gji_monitor: [gji-io] WRITE: w_ops=+2 w_KB=+0.3 (r_ops=+4 x_ops=+4 x_KB=+0.0)
2026-09-21T03:25:12.817992Z DEBUG awase_windows::runtime::key_pipeline: [engine-input] vk=0x0D KeyUp ts=97708597us delay=0ms state=Idle mods(c=false s=false a=false w=false) gas_ctrl=false phys_ctrl=false extra=0x5350494B pending_drain=0 gate_active=false l_thumb=None r_thumb=None [diag-ctx] ime_on=
2026-09-21T03:25:12.818056Z DEBUG awase::journal: key input seq=621 elapsed_ms=97709 vk_code=13 is_down=false injected=false key_class="Passthrough" state_before="Idle" state_after="Idle" decision="PassThrough" physical="Allow" repeat_count=1 last_timestamp_us=97708597 last_elapsed_ms=0
2026-09-21T03:25:12.818112Z DEBUG execute_from_hook: awase_windows::runtime::executor: [relay-passthrough] PassThrough idle: direct OS pass-through (vk=0x0d up)
2026-09-21T03:25:12.818148Z DEBUG execute_one{generation=None}: awase_windows::runtime::executor: [reinject] vk=0x0d up (queued passthrough now firing)
2026-09-21T03:25:12.820177Z DEBUG awase_windows::platform: [gji-fsm] EndComposition (candidate HIDE) epoch=FocusEpoch(4)
2026-09-21T03:25:12.820640Z DEBUG awase::journal: gji fsm transition seq=622 elapsed_ms=97711 trigger="EndComposition(candidate HIDE, epoch=FocusEpoch(4))" state_before="OnComposing(Warm)" state_after="OnWarm"
2026-09-21T03:25:13.150814Z DEBUG awase_windows::runtime::ime_refresh: Skipping observer/SSOT write: typing active (idle=328ms)
2026-09-21T03:25:13.657101Z DEBUG awase_windows::observer::ime_observer: IME snapshot: japanese=Some(true) ime_on=Some(true) romaji=Some(true) conv=Some("0x00000019") guard=false
2026-09-21T03:25:13.657182Z DEBUG awase::journal: ime event seq=623 elapsed_ms=98548 event_kind="ObserverReported"
2026-09-21T03:25:13.657216Z DEBUG awase::journal: ime event seq=624 elapsed_ms=98548 event_kind="InputModeObserved"
2026-09-21T03:25:14.158319Z DEBUG awase_windows::observer::ime_observer: IME snapshot: japanese=Some(true) ime_on=Some(true) romaji=Some(true) conv=Some("0x00000019") guard=false
2026-09-21T03:25:14.158356Z DEBUG awase::journal: ime event seq=625 elapsed_ms=99049 event_kind="ObserverReported"
2026-09-21T03:25:14.158370Z DEBUG awase::journal: ime event seq=626 elapsed_ms=99049 event_kind="InputModeObserved"
2026-09-21T03:25:14.629915Z DEBUG awase_windows::runtime::key_pipeline: [engine-input] vk=0x4B KeyDown ts=99520571us delay=0ms state=Idle mods(c=false s=false a=false w=false) gas_ctrl=false phys_ctrl=false extra=0x5350494B pending_drain=0 gate_active=false l_thumb=None r_thumb=None [diag-ctx] ime_o
2026-09-21T03:25:14.630019Z DEBUG awase::journal: key input seq=627 elapsed_ms=99521 vk_code=75 is_down=true injected=false key_class="Char" state_before="Idle" state_after="PendingChar(vk=0x4B)" decision="Consume" physical="Allow" repeat_count=1 last_timestamp_us=99520571 last_elapsed_ms=0
2026-09-21T03:25:14.663228Z DEBUG awase_windows::runtime::ime_refresh: Skipping observer/SSOT write: typing active (idle=47ms)
2026-09-21T03:25:14.740205Z DEBUG execute_from_loop:execute_one{generation=None}: awase_windows::output: send_keys: mode=Unicode actions=[Char('き')] prev_elapsed=3890ms
2026-09-21T03:25:14.740240Z DEBUG execute_from_loop:execute_one{generation=None}: awase_windows::tsf::probe: [mark-send] last_send_ms=53125796
2026-09-21T03:25:14.740264Z DEBUG execute_from_loop:execute_one{generation=None}: awase_windows::output:   → Char('き') via Unicode
2026-09-21T03:25:14.744129Z DEBUG execute_from_loop:execute_one{generation=None}: awase_windows::tsf::probe: [mark-send] last_send_ms=53125796
2026-09-21T03:25:14.747897Z  INFO awase_windows::tsf::win_event_obs: [gji-obs] candidate SHOW #8: last_gji_write=2062ms ago
2026-09-21T03:25:14.756140Z DEBUG awase_windows::tsf::gji_monitor: [gji-io] WRITE: w_ops=+2 w_KB=+0.3 (r_ops=+4 x_ops=+4 x_KB=+0.0)
2026-09-21T03:25:14.803087Z DEBUG awase_windows::runtime::key_pipeline: [engine-input] vk=0x4B KeyUp ts=99693636us delay=0ms state=Idle mods(c=false s=false a=false w=false) gas_ctrl=false phys_ctrl=false extra=0x5350494B pending_drain=0 gate_active=false l_thumb=None r_thumb=None [diag-ctx] ime_on=
2026-09-21T03:25:14.803182Z DEBUG awase::journal: key input seq=629 elapsed_ms=99694 vk_code=75 is_down=false injected=false key_class="Char" state_before="Idle" state_after="Idle" decision="Consume" physical="Allow" repeat_count=1 last_timestamp_us=99693636 last_elapsed_ms=0
2026-09-21T03:25:14.803370Z DEBUG execute_one{generation=None}: awase_windows::output: send_keys: mode=Unicode actions=[Suppress] prev_elapsed=63ms
2026-09-21T03:25:14.803400Z DEBUG execute_one{generation=None}: awase_windows::tsf::probe: [mark-send] last_send_ms=53125859
2026-09-21T03:25:14.803418Z DEBUG execute_one{generation=None}: awase_windows::output:   → Suppress
2026-09-21T03:25:14.803433Z DEBUG execute_one{generation=None}: awase_windows::tsf::probe: [mark-send] last_send_ms=53125859
2026-09-21T03:25:14.803482Z DEBUG execute_one{generation=None}: awase_windows::platform: [gji-fsm] StartComposition (candidate SHOW)
2026-09-21T03:25:14.803515Z DEBUG execute_one{generation=None}:gji_on_event{event=StartComposition}: awase_windows::tsf::gji_fsm: [gji-fsm] StartComposition: OnWarm → OnComposing(AlreadyWarm)
2026-09-21T03:25:14.803644Z DEBUG awase::journal: gji fsm transition seq=630 elapsed_ms=99694 trigger="StartComposition(candidate SHOW)" state_before="OnWarm" state_after="OnComposing(Warm)"
2026-09-21T03:25:15.168469Z DEBUG awase_windows::runtime::ime_refresh: Skipping observer/SSOT write: typing active (idle=359ms)
2026-09-21T03:25:15.668048Z DEBUG awase_windows::observer::ime_observer: IME snapshot: japanese=Some(true) ime_on=Some(true) romaji=Some(true) conv=Some("0x00000019") guard=false
2026-09-21T03:25:15.668084Z DEBUG awase::journal: ime event seq=631 elapsed_ms=100559 event_kind="ObserverReported"
2026-09-21T03:25:15.668097Z DEBUG awase::journal: ime event seq=632 elapsed_ms=100559 event_kind="InputModeObserved"
2026-09-21T03:25:16.174999Z DEBUG awase_windows::observer::ime_observer: IME snapshot: japanese=Some(true) ime_on=Some(true) romaji=Some(true) conv=Some("0x00000019") guard=false
2026-09-21T03:25:16.175095Z DEBUG awase::journal: ime event seq=633 elapsed_ms=101066 event_kind="ObserverReported"
2026-09-21T03:25:16.175135Z DEBUG awase::journal: ime event seq=634 elapsed_ms=101066 event_kind="InputModeObserved"
2026-09-21T03:25:16.567545Z DEBUG awase_windows::runtime::key_pipeline: [engine-input] vk=0x41 KeyDown ts=101458208us delay=0ms state=Idle mods(c=false s=false a=false w=false) gas_ctrl=false phys_ctrl=false extra=0x5350494B pending_drain=0 gate_active=false l_thumb=None r_thumb=None [diag-ctx] ime_
2026-09-21T03:25:16.567647Z DEBUG awase::journal: key input seq=635 elapsed_ms=101458 vk_code=65 is_down=true injected=false key_class="Char" state_before="Idle" state_after="PendingChar(vk=0x41)" decision="Consume" physical="Allow" repeat_count=1 last_timestamp_us=101458208 last_elapsed_ms=0
2026-09-21T03:25:16.663559Z DEBUG awase_windows::runtime::ime_refresh: Skipping observer/SSOT write: typing active (idle=93ms)
2026-09-21T03:25:16.677543Z DEBUG execute_from_loop:execute_one{generation=None}: awase_windows::output: send_keys: mode=Unicode actions=[Char('う')] prev_elapsed=1875ms
2026-09-21T03:25:16.677571Z DEBUG execute_from_loop:execute_one{generation=None}: awase_windows::tsf::probe: [mark-send] last_send_ms=53127734
2026-09-21T03:25:16.677590Z DEBUG execute_from_loop:execute_one{generation=None}: awase_windows::output:   → Char('う') via Unicode
2026-09-21T03:25:16.680665Z DEBUG execute_from_loop:execute_one{generation=None}: awase_windows::tsf::probe: [mark-send] last_send_ms=53127734
2026-09-21T03:25:16.693373Z DEBUG awase_windows::tsf::gji_monitor: [gji-io] WRITE: w_ops=+2 w_KB=+0.5 (r_ops=+4 x_ops=+4 x_KB=+0.0)
2026-09-21T03:25:16.695677Z DEBUG awase_windows::runtime::key_pipeline: [engine-input] vk=0x41 KeyUp ts=101586359us delay=0ms state=Idle mods(c=false s=false a=false w=false) gas_ctrl=false phys_ctrl=false extra=0x5350494B pending_drain=0 gate_active=false l_thumb=None r_thumb=None [diag-ctx] ime_on
2026-09-21T03:25:16.695769Z DEBUG awase::journal: key input seq=637 elapsed_ms=101586 vk_code=65 is_down=false injected=false key_class="Char" state_before="Idle" state_after="Idle" decision="Consume" physical="Allow" repeat_count=1 last_timestamp_us=101586359 last_elapsed_ms=0
2026-09-21T03:25:16.695902Z DEBUG execute_one{generation=None}: awase_windows::output: send_keys: mode=Unicode actions=[Suppress] prev_elapsed=16ms
2026-09-21T03:25:16.695931Z DEBUG execute_one{generation=None}: awase_windows::tsf::probe: [mark-send] last_send_ms=53127750
2026-09-21T03:25:16.695949Z DEBUG execute_one{generation=None}: awase_windows::output:   → Suppress
2026-09-21T03:25:16.695964Z DEBUG execute_one{generation=None}: awase_windows::tsf::probe: [mark-send] last_send_ms=53127750
2026-09-21T03:25:17.164651Z DEBUG awase_windows::runtime::ime_refresh: Skipping observer/SSOT write: typing active (idle=468ms)
2026-09-21T03:25:17.670159Z DEBUG awase_windows::observer::ime_observer: IME snapshot: japanese=Some(true) ime_on=Some(true) romaji=Some(true) conv=Some("0x00000019") guard=false
2026-09-21T03:25:17.670241Z DEBUG awase::journal: ime event seq=638 elapsed_ms=102561 event_kind="ObserverReported"
2026-09-21T03:25:17.670275Z DEBUG awase::journal: ime event seq=639 elapsed_ms=102561 event_kind="InputModeObserved"
2026-09-21T03:25:18.174755Z DEBUG awase_windows::observer::ime_observer: IME snapshot: japanese=Some(true) ime_on=Some(true) romaji=Some(true) conv=Some("0x00000019") guard=false
2026-09-21T03:25:18.174886Z DEBUG awase::journal: ime event seq=640 elapsed_ms=103065 event_kind="ObserverReported"
2026-09-21T03:25:18.174924Z DEBUG awase::journal: ime event seq=641 elapsed_ms=103065 event_kind="InputModeObserved"
2026-09-21T03:25:18.505850Z DEBUG awase_windows::runtime::key_pipeline: [engine-input] vk=0x1B KeyDown ts=103396529us delay=0ms state=Idle mods(c=false s=false a=false w=false) gas_ctrl=false phys_ctrl=false extra=0x5350494B pending_drain=0 gate_active=false l_thumb=None r_thumb=None [diag-ctx] ime_
2026-09-21T03:25:18.505946Z DEBUG awase::journal: key input seq=642 elapsed_ms=103396 vk_code=27 is_down=true injected=false key_class="Passthrough" state_before="Idle" state_after="Idle" decision="PassThrough" physical="Allow" repeat_count=1 last_timestamp_us=103396529 last_elapsed_ms=0
2026-09-21T03:25:18.506053Z DEBUG execute_from_hook: awase_windows::runtime::executor: [relay-passthrough] PassThrough idle: direct OS pass-through (vk=0x1b down)
2026-09-21T03:25:18.506126Z DEBUG execute_one{generation=None}: awase_windows::runtime::executor: [reinject] vk=0x1b down (queued passthrough now firing)
2026-09-21T03:25:18.509465Z  INFO awase_windows::tsf::win_event_obs: [gji-obs] candidate HIDE: last_gji_write=1812ms ago
2026-09-21T03:25:18.521211Z DEBUG awase_windows::tsf::gji_monitor: [gji-io] WRITE: w_ops=+2 w_KB=+0.3 (r_ops=+4 x_ops=+4 x_KB=+0.0)
2026-09-21T03:25:18.631693Z DEBUG awase_windows::runtime::key_pipeline: [engine-input] vk=0x1B KeyUp ts=103522407us delay=0ms state=Idle mods(c=false s=false a=false w=false) gas_ctrl=false phys_ctrl=false extra=0x5350494B pending_drain=0 gate_active=false l_thumb=None r_thumb=None [diag-ctx] ime_on
2026-09-21T03:25:18.631778Z DEBUG awase::journal: key input seq=643 elapsed_ms=103522 vk_code=27 is_down=false injected=false key_class="Passthrough" state_before="Idle" state_after="Idle" decision="PassThrough" physical="Allow" repeat_count=1 last_timestamp_us=103522407 last_elapsed_ms=0
2026-09-21T03:25:18.631861Z DEBUG execute_from_hook: awase_windows::runtime::executor: [relay-passthrough] PassThrough idle: direct OS pass-through (vk=0x1b up)
2026-09-21T03:25:18.631918Z DEBUG execute_one{generation=None}: awase_windows::runtime::executor: [reinject] vk=0x1b up (queued passthrough now firing)
2026-09-21T03:25:18.632778Z DEBUG awase_windows::platform: [gji-fsm] EndComposition (candidate HIDE) epoch=FocusEpoch(5)
2026-09-21T03:25:18.632888Z DEBUG awase::journal: gji fsm transition seq=644 elapsed_ms=103523 trigger="EndComposition(candidate HIDE, epoch=FocusEpoch(5))" state_before="OnComposing(Warm)" state_after="OnWarm"
2026-09-21T03:25:18.665929Z DEBUG awase_windows::runtime::ime_refresh: Skipping observer/SSOT write: typing active (idle=31ms)
2026-09-21T03:25:19.168269Z DEBUG awase_windows::observer::ime_observer: IME snapshot: japanese=Some(true) ime_on=Some(true) romaji=Some(true) conv=Some("0x00000019") guard=false
2026-09-21T03:25:19.168309Z DEBUG awase::journal: ime event seq=645 elapsed_ms=104059 event_kind="ObserverReported"
2026-09-21T03:25:19.168323Z DEBUG awase::journal: ime event seq=646 elapsed_ms=104059 event_kind="InputModeObserved"
2026-09-21T03:25:19.672816Z DEBUG awase_windows::observer::ime_observer: IME snapshot: japanese=Some(true) ime_on=Some(true) romaji=Some(true) conv=Some("0x00000019") guard=false
2026-09-21T03:25:19.672897Z DEBUG awase::journal: ime event seq=647 elapsed_ms=104563 event_kind="ObserverReported"
2026-09-21T03:25:19.672931Z DEBUG awase::journal: ime event seq=648 elapsed_ms=104563 event_kind="InputModeObserved"
2026-09-21T03:25:20.177310Z DEBUG awase_windows::observer::ime_observer: IME snapshot: japanese=Some(true) ime_on=Some(true) romaji=Some(true) conv=Some("0x00000019") guard=false
2026-09-21T03:25:20.177394Z DEBUG awase::journal: ime event seq=649 elapsed_ms=105068 event_kind="ObserverReported"
2026-09-21T03:25:20.177429Z DEBUG awase::journal: ime event seq=650 elapsed_ms=105068 event_kind="InputModeObserved"
2026-09-21T03:25:20.443712Z DEBUG awase_windows::hook: [hook] IME-mode vk=0xF2 down self_injected=false injected=false scan=0x70 extra=0x5350494B since_actuation_us=Some(105248513)
2026-09-21T03:25:20.443855Z DEBUG awase::journal: hook ime-mode diagnostic seq=651 elapsed_ms=105334 vk_code=242 is_down=true self_injected=false injected=false scan=112
2026-09-21T03:25:20.444054Z DEBUG awase_windows::runtime::key_pipeline: [engine-input] vk=0xF2 KeyDown ts=105334681us delay=0ms state=Idle mods(c=false s=false a=false w=false) gas_ctrl=false phys_ctrl=false extra=0x5350494B pending_drain=0 gate_active=false l_thumb=None r_thumb=None [diag-ctx] ime_
2026-09-21T03:25:20.444135Z DEBUG awase::journal: key input seq=652 elapsed_ms=105335 vk_code=242 is_down=true injected=false key_class="Passthrough" state_before="Idle" state_after="Idle" decision="PassThrough" physical="Allow" repeat_count=1 last_timestamp_us=105334681 last_elapsed_ms=0
2026-09-21T03:25:20.444198Z DEBUG awase_windows::runtime::key_pipeline: may_change_ime key passed through → IME refresh scheduled (20ms)
2026-09-21T03:25:20.444237Z  INFO awase_windows::runtime::key_pipeline: [mode-key-follow] mode key PassThrough(vk=0xF2): IME refresh scheduled (20ms)
2026-09-21T03:25:20.444873Z  INFO awase_windows::runtime::key_pipeline: [key-effect-predict] vk=0xF2 status=Pre open=None mode=Some(ObservedEisu)
2026-09-21T03:25:20.444931Z DEBUG awase::journal: ime event seq=653 elapsed_ms=105335 event_kind="KeyEffectPredicted"
2026-09-21T03:25:20.444979Z DEBUG awase::engine::engine: [diag-engine-active] ime_on=true なのに非活性: reason=Inactive(NotRomajiInput) romaji_capable=false japanese=true user_enabled=true was_active=true input_mode=ObservedEisu
2026-09-21T03:25:20.445018Z  INFO awase::engine::engine: Engine deactivated (ime=true, romaji=false, japanese=true, user=true, reason=Inactive(NotRomajiInput))
2026-09-21T03:25:20.446418Z DEBUG execute_from_hook: awase_windows::runtime::executor: [relay-passthrough] PassThrough idle: direct OS pass-through (vk=0xf2 down)
2026-09-21T03:25:20.446493Z DEBUG execute_one{generation=None}: awase_windows::runtime::executor: [reinject] vk=0xf2 down (queued passthrough now firing)
2026-09-21T03:25:20.446622Z DEBUG awase_windows::hook: [hook] IME-mode vk=0xF2 down self_injected=true injected=true scan=0x0 extra=0x4B45594D since_actuation_us=Some(105251433)
2026-09-21T03:25:20.448213Z DEBUG awase::journal: hook ime-mode diagnostic seq=654 elapsed_ms=105339 vk_code=242 is_down=true self_injected=true injected=true scan=0
2026-09-21T03:25:20.459278Z DEBUG awase_windows::tsf::gji_monitor: [gji-io] WRITE: w_ops=+2 w_KB=+0.0 (r_ops=+4 x_ops=+4 x_KB=+0.0)
2026-09-21T03:25:20.476587Z DEBUG awase_windows::runtime::ime_refresh: Explicit intent: bypassing typing-idle guard for IME verify (idle=31ms)
2026-09-21T03:25:20.476639Z DEBUG awase_windows::observer::ime_observer: IME snapshot: japanese=Some(true) ime_on=Some(true) romaji=None conv=Some("0x00000010") guard=false
2026-09-21T03:25:20.476759Z DEBUG awase::journal: ime event seq=655 elapsed_ms=105367 event_kind="ObserverReported"
2026-09-21T03:25:20.476819Z DEBUG awase::journal: ime event seq=656 elapsed_ms=105367 event_kind="ModeKeyPassedThrough"
2026-09-21T03:25:20.476837Z  INFO awase_windows::runtime::ime_refresh: [mode-key-follow] observation arrived after mode key pass: intents invalidated
2026-09-21T03:25:20.476903Z DEBUG awase::engine::engine: [diag-engine-active] ime_on=true なのに非活性: reason=Inactive(NotRomajiInput) romaji_capable=false japanese=true user_enabled=true was_active=false input_mode=ObservedEisu
2026-09-21T03:25:20.539067Z DEBUG awase_windows::runtime::ime_refresh: Explicit intent: bypassing typing-idle guard for IME verify (idle=93ms)
2026-09-21T03:25:20.539124Z DEBUG awase_windows::observer::ime_observer: IME snapshot: japanese=Some(true) ime_on=Some(true) romaji=None conv=Some("0x00000010") guard=false
2026-09-21T03:25:20.539214Z DEBUG awase::journal: ime event seq=657 elapsed_ms=105430 event_kind="ObserverReported"
2026-09-21T03:25:20.539247Z  INFO awase_windows::runtime::ime_refresh: [mode-key-follow] observation arrived after mode key pass: intents invalidated
2026-09-21T03:25:20.539312Z DEBUG awase::engine::engine: [diag-engine-active] ime_on=true なのに非活性: reason=Inactive(NotRomajiInput) romaji_capable=false japanese=true user_enabled=true was_active=false input_mode=ObservedEisu
2026-09-21T03:25:20.601921Z DEBUG awase_windows::runtime::ime_refresh: Explicit intent: bypassing typing-idle guard for IME verify (idle=156ms)
2026-09-21T03:25:20.601973Z DEBUG awase_windows::observer::ime_observer: IME snapshot: japanese=Some(true) ime_on=Some(true) romaji=None conv=Some("0x00000010") guard=false
2026-09-21T03:25:20.602051Z DEBUG awase::journal: ime event seq=658 elapsed_ms=105493 event_kind="ObserverReported"
2026-09-21T03:25:20.602091Z  INFO awase_windows::runtime::ime_refresh: [mode-key-follow] observation arrived after mode key pass: intents invalidated
2026-09-21T03:25:20.602155Z DEBUG awase::engine::engine: [diag-engine-active] ime_on=true なのに非活性: reason=Inactive(NotRomajiInput) romaji_capable=false japanese=true user_enabled=true was_active=false input_mode=ObservedEisu
2026-09-21T03:25:20.665015Z DEBUG awase_windows::runtime::ime_refresh: Explicit intent: bypassing typing-idle guard for IME verify (idle=218ms)
2026-09-21T03:25:20.665046Z DEBUG awase_windows::observer::ime_observer: IME snapshot: japanese=Some(true) ime_on=Some(true) romaji=None conv=Some("0x00000010") guard=false
2026-09-21T03:25:20.665082Z DEBUG awase::journal: ime event seq=659 elapsed_ms=105556 event_kind="ObserverReported"
2026-09-21T03:25:20.665096Z  INFO awase_windows::runtime::ime_refresh: [mode-key-follow] observation arrived after mode key pass: intents invalidated
2026-09-21T03:25:20.665129Z DEBUG awase::engine::engine: [diag-engine-active] ime_on=true なのに非活性: reason=Inactive(NotRomajiInput) romaji_capable=false japanese=true user_enabled=true was_active=false input_mode=ObservedEisu
2026-09-21T03:25:20.729006Z DEBUG awase_windows::runtime::ime_refresh: Explicit intent: bypassing typing-idle guard for IME verify (idle=281ms)
2026-09-21T03:25:20.729045Z DEBUG awase_windows::observer::ime_observer: IME snapshot: japanese=Some(true) ime_on=Some(true) romaji=None conv=Some("0x00000010") guard=false
2026-09-21T03:25:20.729095Z DEBUG awase::journal: ime event seq=660 elapsed_ms=105620 event_kind="ObserverReported"
2026-09-21T03:25:20.729114Z  INFO awase_windows::runtime::ime_refresh: [mode-key-follow] observation arrived after mode key pass: intents invalidated
2026-09-21T03:25:20.729156Z DEBUG awase::engine::engine: [diag-engine-active] ime_on=true なのに非活性: reason=Inactive(NotRomajiInput) romaji_capable=false japanese=true user_enabled=true was_active=false input_mode=ObservedEisu
2026-09-21T03:25:20.791946Z DEBUG awase_windows::runtime::ime_refresh: Skipping observer/SSOT write: typing active (idle=343ms)
2026-09-21T03:25:20.791985Z DEBUG awase::engine::engine: [diag-engine-active] ime_on=true なのに非活性: reason=Inactive(NotRomajiInput) romaji_capable=false japanese=true user_enabled=true was_active=false input_mode=ObservedEisu
2026-09-21T03:25:21.298057Z DEBUG awase_windows::observer::ime_observer: IME snapshot: japanese=Some(true) ime_on=Some(true) romaji=None conv=Some("0x00000010") guard=false
2026-09-21T03:25:21.298091Z DEBUG awase::journal: ime event seq=661 elapsed_ms=106189 event_kind="ObserverReported"
2026-09-21T03:25:21.298123Z DEBUG awase::engine::engine: [diag-engine-active] ime_on=true なのに非活性: reason=Inactive(NotRomajiInput) romaji_capable=false japanese=true user_enabled=true was_active=false input_mode=ObservedEisu
2026-09-21T03:25:21.803742Z DEBUG awase_windows::observer::ime_observer: IME snapshot: japanese=Some(true) ime_on=Some(true) romaji=None conv=Some("0x00000010") guard=false
2026-09-21T03:25:21.803835Z DEBUG awase::journal: ime event seq=662 elapsed_ms=106694 event_kind="ObserverReported"
2026-09-21T03:25:21.803907Z DEBUG awase::engine::engine: [diag-engine-active] ime_on=true なのに非活性: reason=Inactive(NotRomajiInput) romaji_capable=false japanese=true user_enabled=true was_active=false input_mode=ObservedEisu
2026-09-21T03:25:22.318876Z DEBUG awase_windows::observer::ime_observer: IME snapshot: japanese=Some(true) ime_on=Some(true) romaji=None conv=Some("0x00000010") guard=false
2026-09-21T03:25:22.318964Z DEBUG awase::journal: ime event seq=663 elapsed_ms=107209 event_kind="ObserverReported"
2026-09-21T03:25:22.319188Z DEBUG awase::engine::engine: [diag-engine-active] ime_on=true なのに非活性: reason=Inactive(NotRomajiInput) romaji_capable=false japanese=true user_enabled=true was_active=false input_mode=ObservedEisu
2026-09-21T03:25:22.393124Z DEBUG awase_windows::hook: [hook] IME-mode vk=0xF0 up self_injected=false injected=false scan=0x70 extra=0x5350494B since_actuation_us=Some(107197924)
2026-09-21T03:25:22.393280Z DEBUG awase_windows::hook: [hook] IME-mode vk=0xF2 down self_injected=false injected=false scan=0x70 extra=0x5350494B since_actuation_us=Some(107198093)
2026-09-21T03:25:22.393281Z DEBUG awase::journal: hook ime-mode diagnostic seq=664 elapsed_ms=107284 vk_code=240 is_down=false self_injected=false injected=false scan=112
2026-09-21T03:25:22.393439Z DEBUG awase_windows::runtime::key_pipeline: [engine-input] vk=0xF0 KeyUp ts=107284093us delay=0ms state=Idle mods(c=false s=false a=false w=false) gas_ctrl=false phys_ctrl=false extra=0x5350494B pending_drain=0 gate_active=false l_thumb=None r_thumb=None [diag-ctx] ime_on
2026-09-21T03:25:22.393472Z DEBUG awase::engine::engine: [diag-engine-active] ime_on=true なのに非活性: reason=Inactive(NotRomajiInput) romaji_capable=false japanese=true user_enabled=true was_active=false input_mode=ObservedEisu
2026-09-21T03:25:22.393532Z DEBUG awase::journal: key input seq=665 elapsed_ms=107284 vk_code=240 is_down=false injected=false key_class="Passthrough" state_before="Idle" state_after="Idle" decision="PassThrough" physical="Allow" repeat_count=1 last_timestamp_us=107284093 last_elapsed_ms=0
2026-09-21T03:25:22.393608Z DEBUG execute_from_hook: awase_windows::runtime::executor: [relay-passthrough] PassThrough idle: direct OS pass-through (vk=0xf0 up)
2026-09-21T03:25:22.393690Z DEBUG awase_windows::runtime::key_pipeline: [engine-input] vk=0xF2 KeyDown ts=107284201us delay=0ms state=Idle mods(c=false s=false a=false w=false) gas_ctrl=false phys_ctrl=false extra=0x5350494B pending_drain=0 gate_active=false l_thumb=None r_thumb=None [diag-ctx] ime_
2026-09-21T03:25:22.393721Z DEBUG awase::engine::engine: [diag-engine-active] ime_on=true なのに非活性: reason=Inactive(NotRomajiInput) romaji_capable=false japanese=true user_enabled=true was_active=false input_mode=ObservedEisu
2026-09-21T03:25:22.393767Z DEBUG awase::journal: key input seq=666 elapsed_ms=107284 vk_code=242 is_down=true injected=false key_class="Passthrough" state_before="Idle" state_after="Idle" decision="PassThrough" physical="Allow" repeat_count=1 last_timestamp_us=107284201 last_elapsed_ms=0
2026-09-21T03:25:22.393825Z DEBUG awase_windows::runtime::key_pipeline: may_change_ime key passed through → IME refresh scheduled (20ms)
2026-09-21T03:25:22.393865Z  INFO awase_windows::runtime::key_pipeline: [mode-key-follow] mode key PassThrough(vk=0xF2): IME refresh scheduled (20ms)
2026-09-21T03:25:22.394545Z  INFO awase_windows::runtime::key_pipeline: [key-effect-predict] vk=0xF2 status=Pre open=None mode=Some(AssumedRomaji { reason: KeyEffectPrediction })
2026-09-21T03:25:22.394629Z DEBUG awase::journal: ime event seq=667 elapsed_ms=107285 event_kind="KeyEffectPredicted"
2026-09-21T03:25:22.394713Z  INFO awase::engine::engine: Engine activated (ime=true, romaji=true, japanese=true, user=true, reason=Active)
2026-09-21T03:25:22.394846Z DEBUG execute_from_loop:execute_one{generation=None}:dispatch_ime_set_open{open=true generation=None}: awase_windows::runtime::executor: [dispatch-ime] ImmCross async: optimistic applied_snapshot=true (suppress send_engine_state_ime_key)
2026-09-21T03:25:22.396214Z DEBUG execute_from_loop:execute_one{generation=None}: awase_windows::platform: [engine-state-key] suppressed (polling/focus-triggered, enabled=true)
2026-09-21T03:25:22.396367Z DEBUG execute_from_hook: awase_windows::runtime::transport: [relay-defer] PassThrough deferred: pending effects, reinject(vk=0xf2 down)
2026-09-21T03:25:22.396437Z DEBUG awase::journal: hook ime-mode diagnostic seq=668 elapsed_ms=107287 vk_code=242 is_down=true self_injected=false injected=false scan=112
2026-09-21T03:25:22.396489Z DEBUG execute_one{generation=None}: awase_windows::runtime::executor: [reinject] vk=0xf0 up (queued passthrough now firing)
2026-09-21T03:25:22.396544Z DEBUG execute_one{generation=None}: awase_windows::runtime::executor: [reinject] vk=0xf2 down (queued passthrough now firing)
2026-09-21T03:25:22.396798Z DEBUG awase_windows::hook: [hook] IME-mode vk=0xF0 up self_injected=true injected=false scan=0x0 extra=0x4B45594D since_actuation_us=Some(107201604)
2026-09-21T03:25:22.398516Z DEBUG awase_windows::hook: [hook] IME-mode vk=0xF2 down self_injected=true injected=true scan=0x0 extra=0x4B45594D since_actuation_us=Some(107203324)
2026-09-21T03:25:22.399863Z DEBUG awase::journal: hook ime-mode diagnostic seq=669 elapsed_ms=107290 vk_code=240 is_down=false self_injected=true injected=false scan=0
2026-09-21T03:25:22.399900Z DEBUG awase::journal: hook ime-mode diagnostic seq=670 elapsed_ms=107290 vk_code=242 is_down=true self_injected=true injected=true scan=0
2026-09-21T03:25:22.400082Z DEBUG run_open_chain_async: awase_windows::ime_controller: [warrant-shadow] chain=async open=true origin=EventOrigin { source: SelfActuated { strategy: "engine_decision_async" }, epoch: Generation(0) } warranted
2026-09-21T03:25:22.400201Z  INFO run_open_chain_async:imm_cross_write{open=true}: awase_windows::runtime::open_chain: [apply-ime] ImmCross async: open=true composition_active=false show_seq=0 change_seq=0 (issue #138診断)
2026-09-21T03:25:22.402785Z DEBUG awase_windows::shadow_send_trace: [shadow-send] channel=ImeControl cmd=0x0006 lparam=1 issue_us=107293314
2026-09-21T03:25:22.402800Z DEBUG awase_windows::ime: set_ime_open_for_target: hwnd=HWND(0x300836) ime_wnd=HWND(0x4092a) open=true success=true send_elapsed=0ms candidate_visible=false
2026-09-21T03:25:22.403431Z DEBUG run_open_chain_async:imm_cross_write{open=true}: awase_windows::ime: [imm-cross-actuate] hwnd=HWND(0x300836) open=Written conv=Some(Written)
2026-09-21T03:25:22.403473Z DEBUG run_open_chain_async:imm_cross_write{open=true}: awase_windows::runtime::open_chain: [apply-ime] ROMAN 補完結果: Written
2026-09-21T03:25:22.403525Z DEBUG run_open_chain_async: awase::journal: actuation decision seq=671 elapsed_ms=107294 site="DispatchImeSetOpen" caller="None" open=true chain_len=4 attempts_len=1 gate_profile="Standard" gate_kind="Gji" gate_shadow_known=true gate_shadow_on=true gate_input_mode="Assume
2026-09-21T03:25:22.403693Z DEBUG on_ime_apply_complete{open=true outcome=AppliedWithoutSendInput generation=None reason=EngineDecision}: awase::journal: ime open applied seq=672 elapsed_ms=107294 open=true outcome="AppliedWithoutSendInput" reason="EngineDecision"
2026-09-21T03:25:22.403764Z DEBUG on_ime_apply_complete{open=true outcome=AppliedWithoutSendInput generation=None reason=EngineDecision}: awase_windows::tsf::ime_mode_fsm: [ime-mode] SetOpen(true) applied → Hiragana (belief, unconfirmed)
2026-09-21T03:25:22.403788Z DEBUG on_ime_apply_complete{open=true outcome=AppliedWithoutSendInput generation=None reason=EngineDecision}: awase_windows::platform: [composition] ImeEffect::SetOpen(true) → marking cold
2026-09-21T03:25:22.403807Z DEBUG on_ime_apply_complete{open=true outcome=AppliedWithoutSendInput generation=None reason=EngineDecision}: awase_windows::tsf::probe: [composition] marked cold reason=SetOpenTrue idle=5703ms → next VK/TSF output will send VK_DBE_HIRAGANA warmup
2026-09-21T03:25:22.403850Z DEBUG on_ime_apply_complete{open=true outcome=AppliedWithoutSendInput generation=None reason=EngineDecision}:gji_on_event{event=ImeOn { injection_mode: Unicode, gji_idle_ms: 1938 }}: awase_windows::tsf::gji_fsm: [gji-fsm] ImeOn: already on (OnWarm), ignored
2026-09-21T03:25:22.403967Z DEBUG awase::journal: gji fsm transition seq=673 elapsed_ms=107294 trigger="ImeOn(gji_idle_ms=1938)" state_before="OnWarm" state_after="OnWarm"
2026-09-21T03:25:22.408303Z DEBUG awase_windows::tsf::gji_monitor: [gji-io] WRITE: w_ops=+2 w_KB=+0.0 (r_ops=+4 x_ops=+4 x_KB=+0.0)
2026-09-21T03:25:22.441955Z DEBUG awase_windows::runtime::ime_refresh: Explicit intent: bypassing typing-idle guard for IME verify (idle=47ms)
2026-09-21T03:25:22.442018Z DEBUG awase_windows::observer::ime_observer: IME snapshot: japanese=Some(true) ime_on=Some(true) romaji=Some(true) conv=Some("0x00000019") guard=false
2026-09-21T03:25:22.442114Z DEBUG awase::journal: ime event seq=674 elapsed_ms=107333 event_kind="ObserverReported"
2026-09-21T03:25:22.442148Z DEBUG reduce: awase_windows::state::ime_model: [key-effect-fence] axis=mode stale observation ignored: observed=ObservedRomaji predicted=AssumedRomaji { reason: KeyEffectPrediction } age_ms=47
2026-09-21T03:25:22.442188Z DEBUG awase::journal: ime event seq=675 elapsed_ms=107333 event_kind="InputModeObserved"
2026-09-21T03:25:22.442241Z DEBUG awase::journal: ime event seq=676 elapsed_ms=107333 event_kind="ModeKeyPassedThrough"
2026-09-21T03:25:22.442258Z  INFO awase_windows::runtime::ime_refresh: [mode-key-follow] observation arrived after mode key pass: intents invalidated
2026-09-21T03:25:22.505902Z DEBUG awase_windows::runtime::ime_refresh: Explicit intent: bypassing typing-idle guard for IME verify (idle=125ms)
2026-09-21T03:25:22.505961Z DEBUG awase_windows::observer::ime_observer: IME snapshot: japanese=Some(true) ime_on=Some(true) romaji=Some(true) conv=Some("0x00000019") guard=false
2026-09-21T03:25:22.506093Z DEBUG awase::journal: ime event seq=677 elapsed_ms=107397 event_kind="ObserverReported"
2026-09-21T03:25:22.506126Z DEBUG reduce: awase_windows::state::ime_model: [key-effect-confirmed] axis=mode value=ObservedRomaji
2026-09-21T03:25:22.506159Z DEBUG awase::journal: ime event seq=678 elapsed_ms=107397 event_kind="InputModeObserved"
2026-09-21T03:25:22.506196Z  INFO awase_windows::runtime::ime_refresh: [mode-key-follow] observation arrived after mode key pass: intents invalidated
2026-09-21T03:25:22.570721Z DEBUG awase_windows::runtime::ime_refresh: Explicit intent: bypassing typing-idle guard for IME verify (idle=188ms)
2026-09-21T03:25:22.570780Z DEBUG awase_windows::observer::ime_observer: IME snapshot: japanese=Some(true) ime_on=Some(true) romaji=Some(true) conv=Some("0x00000019") guard=false
2026-09-21T03:25:22.570872Z DEBUG awase::journal: ime event seq=679 elapsed_ms=107461 event_kind="ObserverReported"
2026-09-21T03:25:22.570910Z DEBUG awase::journal: ime event seq=680 elapsed_ms=107461 event_kind="InputModeObserved"
2026-09-21T03:25:22.570952Z  INFO awase_windows::runtime::ime_refresh: [mode-key-follow] observation arrived after mode key pass: intents invalidated
2026-09-21T03:25:22.633996Z DEBUG awase_windows::runtime::ime_refresh: Explicit intent: bypassing typing-idle guard for IME verify (idle=250ms)
2026-09-21T03:25:22.634057Z DEBUG awase_windows::observer::ime_observer: IME snapshot: japanese=Some(true) ime_on=Some(true) romaji=Some(true) conv=Some("0x00000019") guard=false
2026-09-21T03:25:22.634153Z DEBUG awase::journal: ime event seq=681 elapsed_ms=107525 event_kind="ObserverReported"
2026-09-21T03:25:22.634192Z DEBUG awase::journal: ime event seq=682 elapsed_ms=107525 event_kind="InputModeObserved"
2026-09-21T03:25:22.634224Z  INFO awase_windows::runtime::ime_refresh: [mode-key-follow] observation arrived after mode key pass: intents invalidated
2026-09-21T03:25:22.699819Z DEBUG awase_windows::runtime::ime_refresh: Skipping observer/SSOT write: typing active (idle=313ms)
2026-09-21T03:25:23.202593Z DEBUG awase_windows::observer::ime_observer: IME snapshot: japanese=Some(true) ime_on=Some(true) romaji=Some(true) conv=Some("0x00000019") guard=false
2026-09-21T03:25:23.202735Z DEBUG awase::journal: ime event seq=683 elapsed_ms=108093 event_kind="ObserverReported"
2026-09-21T03:25:23.202774Z DEBUG awase::journal: ime event seq=684 elapsed_ms=108093 event_kind="InputModeObserved"
2026-09-21T03:25:23.701467Z DEBUG awase_windows::observer::ime_observer: IME snapshot: japanese=Some(true) ime_on=Some(true) romaji=Some(true) conv=Some("0x00000019") guard=false
2026-09-21T03:25:23.701533Z DEBUG awase::journal: ime event seq=685 elapsed_ms=108592 event_kind="ObserverReported"
2026-09-21T03:25:23.701556Z DEBUG awase::journal: ime event seq=686 elapsed_ms=108592 event_kind="InputModeObserved"
2026-09-21T03:25:24.202542Z DEBUG awase_windows::observer::ime_observer: IME snapshot: japanese=Some(true) ime_on=Some(true) romaji=Some(true) conv=Some("0x00000019") guard=false
2026-09-21T03:25:24.202611Z DEBUG awase::journal: ime event seq=687 elapsed_ms=109093 event_kind="ObserverReported"
2026-09-21T03:25:24.202634Z DEBUG awase::journal: ime event seq=688 elapsed_ms=109093 event_kind="InputModeObserved"
2026-09-21T03:25:24.323791Z DEBUG awase_windows::runtime::key_pipeline: [engine-input] vk=0x1D KeyDown ts=109214219us delay=0ms state=Idle mods(c=false s=false a=false w=false) gas_ctrl=false phys_ctrl=false extra=0x5350494B pending_drain=0 gate_active=false l_thumb=Some(109214194) r_thumb=None [dia
2026-09-21T03:25:24.324003Z DEBUG awase::journal: key input seq=689 elapsed_ms=109214 vk_code=29 is_down=true injected=false key_class="LeftThumb" state_before="Idle" state_after="PendingThumb(vk=0x1D,left=true)" decision="Consume" physical="Allow" repeat_count=1 last_timestamp_us=109214219 last_ela
2026-09-21T03:25:24.446446Z DEBUG awase_windows::runtime::key_pipeline: [engine-input] vk=0x1D KeyUp ts=109336945us delay=0ms state=Idle mods(c=false s=false a=false w=false) gas_ctrl=false phys_ctrl=false extra=0x5350494B pending_drain=0 gate_active=false l_thumb=None r_thumb=None [diag-ctx] ime_on
2026-09-21T03:25:24.446670Z DEBUG awase::journal: key input seq=691 elapsed_ms=109337 vk_code=29 is_down=false injected=false key_class="LeftThumb" state_before="Idle" state_after="Idle" decision="Consume" physical="Allow" repeat_count=1 last_timestamp_us=109336945 last_elapsed_ms=0
2026-09-21T03:25:24.697457Z DEBUG awase_windows::runtime::ime_refresh: Skipping observer/SSOT write: typing active (idle=250ms)
2026-09-21T03:25:25.199914Z DEBUG awase_windows::observer::ime_observer: IME snapshot: japanese=Some(true) ime_on=Some(true) romaji=Some(true) conv=Some("0x00000019") guard=false
2026-09-21T03:25:25.199994Z DEBUG awase::journal: ime event seq=692 elapsed_ms=110090 event_kind="ObserverReported"
2026-09-21T03:25:25.200019Z DEBUG awase::journal: ime event seq=693 elapsed_ms=110091 event_kind="InputModeObserved"
2026-09-21T03:25:25.702420Z DEBUG awase_windows::observer::ime_observer: IME snapshot: japanese=Some(true) ime_on=Some(true) romaji=Some(true) conv=Some("0x00000019") guard=false
2026-09-21T03:25:25.702533Z DEBUG awase::journal: ime event seq=694 elapsed_ms=110593 event_kind="ObserverReported"
2026-09-21T03:25:25.702581Z DEBUG awase::journal: ime event seq=695 elapsed_ms=110593 event_kind="InputModeObserved"
2026-09-21T03:25:26.197132Z DEBUG awase_windows::observer::ime_observer: IME snapshot: japanese=Some(true) ime_on=Some(true) romaji=Some(true) conv=Some("0x00000019") guard=false
2026-09-21T03:25:26.197230Z DEBUG awase::journal: ime event seq=696 elapsed_ms=111088 event_kind="ObserverReported"
2026-09-21T03:25:26.197271Z DEBUG awase::journal: ime event seq=697 elapsed_ms=111088 event_kind="InputModeObserved"
2026-09-21T03:25:26.226578Z DEBUG awase_windows::runtime::key_pipeline: [engine-input] vk=0x4B KeyDown ts=111117236us delay=0ms state=Idle mods(c=false s=false a=false w=false) gas_ctrl=false phys_ctrl=false extra=0x5350494B pending_drain=0 gate_active=false l_thumb=None r_thumb=None [diag-ctx] ime_
2026-09-21T03:25:26.226681Z DEBUG awase::journal: key input seq=698 elapsed_ms=111117 vk_code=75 is_down=true injected=false key_class="Char" state_before="Idle" state_after="PendingChar(vk=0x4B)" decision="Consume" physical="Allow" repeat_count=1 last_timestamp_us=111117236 last_elapsed_ms=0
2026-09-21T03:25:26.335256Z DEBUG execute_from_loop:execute_one{generation=None}: awase_windows::output: send_keys: mode=Unicode actions=[Char('き')] prev_elapsed=9640ms
2026-09-21T03:25:26.335303Z DEBUG execute_from_loop:execute_one{generation=None}: awase_windows::tsf::probe: [mark-send] last_send_ms=53137390
2026-09-21T03:25:26.335334Z DEBUG execute_from_loop:execute_one{generation=None}: awase_windows::output:   → Char('き') via Unicode
2026-09-21T03:25:26.341315Z DEBUG execute_from_loop:execute_one{generation=None}: awase_windows::tsf::probe: [mark-send] last_send_ms=53137390
2026-09-21T03:25:26.347053Z  INFO awase_windows::tsf::win_event_obs: [gji-obs] candidate SHOW #9: last_gji_write=3937ms ago
2026-09-21T03:25:26.350513Z DEBUG awase_windows::tsf::gji_monitor: [gji-io] WRITE: w_ops=+2 w_KB=+0.3 (r_ops=+4 x_ops=+4 x_KB=+0.0)
2026-09-21T03:25:26.357132Z DEBUG awase_windows::runtime::key_pipeline: [engine-input] vk=0x4B KeyUp ts=111247752us delay=0ms state=Idle mods(c=false s=false a=false w=false) gas_ctrl=false phys_ctrl=false extra=0x5350494B pending_drain=0 gate_active=false l_thumb=None r_thumb=None [diag-ctx] ime_on
2026-09-21T03:25:26.357508Z DEBUG awase::journal: key input seq=700 elapsed_ms=111248 vk_code=75 is_down=false injected=false key_class="Char" state_before="Idle" state_after="Idle" decision="Consume" physical="Allow" repeat_count=1 last_timestamp_us=111247752 last_elapsed_ms=0
2026-09-21T03:25:26.358426Z DEBUG execute_one{generation=None}: awase_windows::output: send_keys: mode=Unicode actions=[Suppress] prev_elapsed=16ms
2026-09-21T03:25:26.358468Z DEBUG execute_one{generation=None}: awase_windows::tsf::probe: [mark-send] last_send_ms=53137406
2026-09-21T03:25:26.358490Z DEBUG execute_one{generation=None}: awase_windows::output:   → Suppress
2026-09-21T03:25:26.358508Z DEBUG execute_one{generation=None}: awase_windows::tsf::probe: [mark-send] last_send_ms=53137406
2026-09-21T03:25:26.358758Z DEBUG execute_one{generation=None}: awase_windows::platform: [gji-fsm] StartComposition (candidate SHOW)
2026-09-21T03:25:26.358810Z DEBUG execute_one{generation=None}:gji_on_event{event=StartComposition}: awase_windows::tsf::gji_fsm: [gji-fsm] StartComposition: OnWarm → OnComposing(AlreadyWarm)
2026-09-21T03:25:26.358996Z DEBUG awase::journal: gji fsm transition seq=701 elapsed_ms=111249 trigger="StartComposition(candidate SHOW)" state_before="OnWarm" state_after="OnComposing(Warm)"
2026-09-21T03:25:26.699291Z DEBUG awase_windows::runtime::ime_refresh: Skipping observer/SSOT write: typing active (idle=344ms)
2026-09-21T03:25:27.201382Z DEBUG awase_windows::observer::ime_observer: IME snapshot: japanese=Some(true) ime_on=Some(true) romaji=Some(true) conv=Some("0x00000019") guard=false
2026-09-21T03:25:27.201471Z DEBUG awase::journal: ime event seq=702 elapsed_ms=112092 event_kind="ObserverReported"
2026-09-21T03:25:27.201505Z DEBUG awase::journal: ime event seq=703 elapsed_ms=112092 event_kind="InputModeObserved"
2026-09-21T03:25:27.702674Z DEBUG awase_windows::observer::ime_observer: IME snapshot: japanese=Some(true) ime_on=Some(true) romaji=Some(true) conv=Some("0x00000019") guard=false
2026-09-21T03:25:27.702749Z DEBUG awase::journal: ime event seq=704 elapsed_ms=112593 event_kind="ObserverReported"
2026-09-21T03:25:27.702773Z DEBUG awase::journal: ime event seq=705 elapsed_ms=112593 event_kind="InputModeObserved"
2026-09-21T03:25:28.167518Z DEBUG awase_windows::hook: [hook] IME-mode vk=0xF2 down self_injected=false injected=false scan=0x70 extra=0x5350494B since_actuation_us=Some(112972319)
2026-09-21T03:25:28.167683Z DEBUG awase::journal: hook ime-mode diagnostic seq=706 elapsed_ms=113058 vk_code=242 is_down=true self_injected=false injected=false scan=112
2026-09-21T03:25:28.167843Z DEBUG awase_windows::runtime::key_pipeline: [engine-input] vk=0xF2 KeyDown ts=113058503us delay=0ms state=Idle mods(c=false s=false a=false w=false) gas_ctrl=false phys_ctrl=false extra=0x5350494B pending_drain=0 gate_active=false l_thumb=None r_thumb=None [diag-ctx] ime_
2026-09-21T03:25:28.167928Z DEBUG awase::journal: key input seq=707 elapsed_ms=113058 vk_code=242 is_down=true injected=false key_class="Passthrough" state_before="Idle" state_after="Idle" decision="PassThrough" physical="Allow" repeat_count=1 last_timestamp_us=113058503 last_elapsed_ms=0
2026-09-21T03:25:28.167993Z DEBUG awase_windows::runtime::key_pipeline: may_change_ime key passed through → IME refresh scheduled (20ms)
2026-09-21T03:25:28.168089Z  INFO awase_windows::runtime::key_pipeline: [mode-key-follow] mode key PassThrough(vk=0xF2): IME refresh scheduled (20ms)
2026-09-21T03:25:28.168764Z  INFO awase_windows::runtime::key_pipeline: [key-effect-predict] vk=0xF2 status=Pre open=None mode=Some(ObservedEisu)
2026-09-21T03:25:28.168826Z DEBUG awase::journal: ime event seq=708 elapsed_ms=113059 event_kind="KeyEffectPredicted"
2026-09-21T03:25:28.168877Z DEBUG awase::engine::engine: [diag-engine-active] ime_on=true なのに非活性: reason=Inactive(NotRomajiInput) romaji_capable=false japanese=true user_enabled=true was_active=true input_mode=ObservedEisu
2026-09-21T03:25:28.168919Z  INFO awase::engine::engine: Engine deactivated (ime=true, romaji=false, japanese=true, user=true, reason=Inactive(NotRomajiInput))
2026-09-21T03:25:28.170303Z DEBUG execute_from_hook: awase_windows::runtime::executor: [relay-passthrough] PassThrough idle: direct OS pass-through (vk=0xf2 down)
2026-09-21T03:25:28.170382Z DEBUG execute_one{generation=None}: awase_windows::runtime::executor: [reinject] vk=0xf2 down (queued passthrough now firing)
2026-09-21T03:25:28.170511Z DEBUG awase_windows::hook: [hook] IME-mode vk=0xF2 down self_injected=true injected=true scan=0x0 extra=0x4B45594D since_actuation_us=Some(112975322)
2026-09-21T03:25:28.171997Z DEBUG awase::journal: hook ime-mode diagnostic seq=709 elapsed_ms=113062 vk_code=242 is_down=true self_injected=true injected=true scan=0
2026-09-21T03:25:28.182826Z DEBUG awase_windows::tsf::gji_monitor: [gji-io] WRITE: w_ops=+2 w_KB=+0.5 (r_ops=+4 x_ops=+4 x_KB=+0.0)
2026-09-21T03:25:28.201616Z DEBUG awase_windows::runtime::ime_refresh: Explicit intent: bypassing typing-idle guard for IME verify (idle=32ms)
2026-09-21T03:25:28.201677Z DEBUG awase_windows::observer::ime_observer: IME snapshot: japanese=Some(true) ime_on=Some(true) romaji=None conv=Some("0x00000010") guard=false
2026-09-21T03:25:28.201770Z DEBUG awase::journal: ime event seq=710 elapsed_ms=113092 event_kind="ObserverReported"
2026-09-21T03:25:28.201826Z DEBUG awase::journal: ime event seq=711 elapsed_ms=113092 event_kind="ModeKeyPassedThrough"
2026-09-21T03:25:28.201844Z  INFO awase_windows::runtime::ime_refresh: [mode-key-follow] observation arrived after mode key pass: intents invalidated
2026-09-21T03:25:28.201915Z DEBUG awase::engine::engine: [diag-engine-active] ime_on=true なのに非活性: reason=Inactive(NotRomajiInput) romaji_capable=false japanese=true user_enabled=true was_active=false input_mode=ObservedEisu
2026-09-21T03:25:28.265378Z DEBUG awase_windows::runtime::ime_refresh: Explicit intent: bypassing typing-idle guard for IME verify (idle=94ms)
2026-09-21T03:25:28.265438Z DEBUG awase_windows::observer::ime_observer: IME snapshot: japanese=Some(true) ime_on=Some(true) romaji=None conv=Some("0x00000010") guard=false
2026-09-21T03:25:28.265530Z DEBUG awase::journal: ime event seq=712 elapsed_ms=113156 event_kind="ObserverReported"
2026-09-21T03:25:28.265566Z  INFO awase_windows::runtime::ime_refresh: [mode-key-follow] observation arrived after mode key pass: intents invalidated
2026-09-21T03:25:28.265639Z DEBUG awase::engine::engine: [diag-engine-active] ime_on=true なのに非活性: reason=Inactive(NotRomajiInput) romaji_capable=false japanese=true user_enabled=true was_active=false input_mode=ObservedEisu
2026-09-21T03:25:28.328279Z DEBUG awase_windows::runtime::ime_refresh: Explicit intent: bypassing typing-idle guard for IME verify (idle=157ms)
2026-09-21T03:25:28.328336Z DEBUG awase_windows::observer::ime_observer: IME snapshot: japanese=Some(true) ime_on=Some(true) romaji=None conv=Some("0x00000010") guard=false
2026-09-21T03:25:28.328470Z DEBUG awase::journal: ime event seq=713 elapsed_ms=113219 event_kind="ObserverReported"
2026-09-21T03:25:28.328506Z  INFO awase_windows::runtime::ime_refresh: [mode-key-follow] observation arrived after mode key pass: intents invalidated
2026-09-21T03:25:28.328578Z DEBUG awase::engine::engine: [diag-engine-active] ime_on=true なのに非活性: reason=Inactive(NotRomajiInput) romaji_capable=false japanese=true user_enabled=true was_active=false input_mode=ObservedEisu
2026-09-21T03:25:28.394453Z DEBUG awase_windows::runtime::ime_refresh: Explicit intent: bypassing typing-idle guard for IME verify (idle=219ms)
2026-09-21T03:25:28.394510Z DEBUG awase_windows::observer::ime_observer: IME snapshot: japanese=Some(true) ime_on=Some(true) romaji=None conv=Some("0x00000010") guard=false
2026-09-21T03:25:28.394586Z DEBUG awase::journal: ime event seq=714 elapsed_ms=113285 event_kind="ObserverReported"
2026-09-21T03:25:28.394614Z  INFO awase_windows::runtime::ime_refresh: [mode-key-follow] observation arrived after mode key pass: intents invalidated
2026-09-21T03:25:28.394675Z DEBUG awase::engine::engine: [diag-engine-active] ime_on=true なのに非活性: reason=Inactive(NotRomajiInput) romaji_capable=false japanese=true user_enabled=true was_active=false input_mode=ObservedEisu
2026-09-21T03:25:28.456438Z DEBUG awase_windows::runtime::ime_refresh: Explicit intent: bypassing typing-idle guard for IME verify (idle=282ms)
2026-09-21T03:25:28.456525Z DEBUG awase_windows::observer::ime_observer: IME snapshot: japanese=Some(true) ime_on=Some(true) romaji=None conv=Some("0x00000010") guard=false
2026-09-21T03:25:28.456647Z DEBUG awase::journal: ime event seq=715 elapsed_ms=113347 event_kind="ObserverReported"
2026-09-21T03:25:28.456694Z  INFO awase_windows::runtime::ime_refresh: [mode-key-follow] observation arrived after mode key pass: intents invalidated
2026-09-21T03:25:28.456789Z DEBUG awase::engine::engine: [diag-engine-active] ime_on=true なのに非活性: reason=Inactive(NotRomajiInput) romaji_capable=false japanese=true user_enabled=true was_active=false input_mode=ObservedEisu
2026-09-21T03:25:28.518609Z DEBUG awase_windows::runtime::ime_refresh: Skipping observer/SSOT write: typing active (idle=344ms)
2026-09-21T03:25:28.518705Z DEBUG awase::engine::engine: [diag-engine-active] ime_on=true なのに非活性: reason=Inactive(NotRomajiInput) romaji_capable=false japanese=true user_enabled=true was_active=false input_mode=ObservedEisu
2026-09-21T03:25:29.018956Z DEBUG awase_windows::observer::ime_observer: IME snapshot: japanese=Some(true) ime_on=Some(true) romaji=None conv=Some("0x00000010") guard=false
2026-09-21T03:25:29.019043Z DEBUG awase::journal: ime event seq=716 elapsed_ms=113910 event_kind="ObserverReported"
2026-09-21T03:25:29.019110Z DEBUG awase::engine::engine: [diag-engine-active] ime_on=true なのに非活性: reason=Inactive(NotRomajiInput) romaji_capable=false japanese=true user_enabled=true was_active=false input_mode=ObservedEisu
2026-09-21T03:25:29.523250Z DEBUG awase_windows::observer::ime_observer: IME snapshot: japanese=Some(true) ime_on=Some(true) romaji=None conv=Some("0x00000010") guard=false
2026-09-21T03:25:29.523373Z DEBUG awase::journal: ime event seq=717 elapsed_ms=114414 event_kind="ObserverReported"
2026-09-21T03:25:29.523463Z DEBUG awase::engine::engine: [diag-engine-active] ime_on=true なのに非活性: reason=Inactive(NotRomajiInput) romaji_capable=false japanese=true user_enabled=true was_active=false input_mode=ObservedEisu
2026-09-21T03:25:30.040636Z DEBUG awase_windows::observer::ime_observer: IME snapshot: japanese=Some(true) ime_on=Some(true) romaji=None conv=Some("0x00000010") guard=false
2026-09-21T03:25:30.040715Z DEBUG awase::journal: ime event seq=718 elapsed_ms=114931 event_kind="ObserverReported"
2026-09-21T03:25:30.040787Z DEBUG awase::engine::engine: [diag-engine-active] ime_on=true なのに非活性: reason=Inactive(NotRomajiInput) romaji_capable=false japanese=true user_enabled=true was_active=false input_mode=ObservedEisu
2026-09-21T03:25:30.111700Z DEBUG awase_windows::runtime::key_pipeline: [engine-input] vk=0x41 KeyDown ts=115002378us delay=0ms state=Idle mods(c=false s=false a=false w=false) gas_ctrl=false phys_ctrl=false extra=0x5350494B pending_drain=0 gate_active=false l_thumb=None r_thumb=None [diag-ctx] ime_
2026-09-21T03:25:30.111755Z DEBUG awase::engine::engine: [diag-engine-active] ime_on=true なのに非活性: reason=Inactive(NotRomajiInput) romaji_capable=false japanese=true user_enabled=true was_active=false input_mode=ObservedEisu
2026-09-21T03:25:30.111819Z DEBUG awase::journal: key input seq=719 elapsed_ms=115002 vk_code=65 is_down=true injected=false key_class="Char" state_before="Idle" state_after="Idle" decision="PassThrough" physical="Allow" repeat_count=1 last_timestamp_us=115002378 last_elapsed_ms=0
2026-09-21T03:25:30.111924Z DEBUG execute_one{generation=None}: awase_windows::runtime::executor: [reinject] vk=0x41 down (queued passthrough now firing)
2026-09-21T03:25:30.126853Z DEBUG awase_windows::tsf::gji_monitor: [gji-io] WRITE: w_ops=+2 w_KB=+0.6 (r_ops=+4 x_ops=+4 x_KB=+0.0)
2026-09-21T03:25:30.236357Z DEBUG awase_windows::runtime::key_pipeline: [engine-input] vk=0x41 KeyUp ts=115126830us delay=0ms state=Idle mods(c=false s=false a=false w=false) gas_ctrl=false phys_ctrl=false extra=0x5350494B pending_drain=0 gate_active=false l_thumb=None r_thumb=None [diag-ctx] ime_on
2026-09-21T03:25:30.236450Z DEBUG awase::engine::engine: [diag-engine-active] ime_on=true なのに非活性: reason=Inactive(NotRomajiInput) romaji_capable=false japanese=true user_enabled=true was_active=false input_mode=ObservedEisu
2026-09-21T03:25:30.236579Z DEBUG awase::journal: key input seq=720 elapsed_ms=115127 vk_code=65 is_down=false injected=false key_class="Char" state_before="Idle" state_after="Idle" decision="PassThrough" physical="Allow" repeat_count=1 last_timestamp_us=115126830 last_elapsed_ms=0
2026-09-21T03:25:30.236841Z DEBUG execute_one{generation=None}: awase_windows::runtime::executor: [reinject] vk=0x41 up (queued passthrough now firing)
2026-09-21T03:25:30.551205Z DEBUG awase_windows::runtime::ime_refresh: Skipping observer/SSOT write: typing active (idle=312ms)
2026-09-21T03:25:30.551264Z DEBUG awase::engine::engine: [diag-engine-active] ime_on=true なのに非活性: reason=Inactive(NotRomajiInput) romaji_capable=false japanese=true user_enabled=true was_active=false input_mode=ObservedEisu
2026-09-21T03:25:31.050720Z DEBUG awase_windows::observer::ime_observer: IME snapshot: japanese=Some(true) ime_on=Some(true) romaji=None conv=Some("0x00000010") guard=false
2026-09-21T03:25:31.050807Z DEBUG awase::journal: ime event seq=721 elapsed_ms=115941 event_kind="ObserverReported"
2026-09-21T03:25:31.050877Z DEBUG awase::engine::engine: [diag-engine-active] ime_on=true なのに非活性: reason=Inactive(NotRomajiInput) romaji_capable=false japanese=true user_enabled=true was_active=false input_mode=ObservedEisu
2026-09-21T03:25:31.556562Z DEBUG awase_windows::observer::ime_observer: IME snapshot: japanese=Some(true) ime_on=Some(true) romaji=None conv=Some("0x00000010") guard=false
2026-09-21T03:25:31.556642Z DEBUG awase::journal: ime event seq=722 elapsed_ms=116447 event_kind="ObserverReported"
2026-09-21T03:25:31.556724Z DEBUG awase::engine::engine: [diag-engine-active] ime_on=true なのに非活性: reason=Inactive(NotRomajiInput) romaji_capable=false japanese=true user_enabled=true was_active=false input_mode=ObservedEisu
2026-09-21T03:25:32.055107Z DEBUG awase_windows::runtime::key_pipeline: [engine-input] vk=0x1D KeyDown ts=116945689us delay=0ms state=Idle mods(c=false s=false a=false w=false) gas_ctrl=false phys_ctrl=false extra=0x5350494B pending_drain=0 gate_active=false l_thumb=Some(116945674) r_thumb=None [dia
2026-09-21T03:25:32.055181Z DEBUG awase::engine::engine: [diag-engine-active] ime_on=true なのに非活性: reason=Inactive(NotRomajiInput) romaji_capable=false japanese=true user_enabled=true was_active=false input_mode=ObservedEisu
2026-09-21T03:25:32.055278Z DEBUG awase::journal: key input seq=723 elapsed_ms=116946 vk_code=29 is_down=true injected=false key_class="LeftThumb" state_before="Idle" state_after="Idle" decision="PassThrough" physical="Allow" repeat_count=1 last_timestamp_us=116945689 last_elapsed_ms=0
2026-09-21T03:25:32.055403Z  INFO awase_windows::runtime::key_pipeline: [mode-key-follow] mode key PassThrough(vk=0x1D): IME refresh scheduled (20ms)
2026-09-21T03:25:32.056429Z  INFO awase_windows::runtime::key_pipeline: [key-effect-predict] vk=0x1D status=Pre open=Some(false) mode=None
2026-09-21T03:25:32.056530Z DEBUG awase::journal: ime event seq=724 elapsed_ms=116947 event_kind="KeyEffectPredicted"
2026-09-21T03:25:32.056992Z DEBUG execute_one{generation=None}: awase_windows::runtime::executor: [reinject] vk=0x1d down (queued passthrough now firing)
2026-09-21T03:25:32.062135Z DEBUG awase_windows::runtime::ime_refresh: Explicit intent: bypassing typing-idle guard for IME verify (idle=0ms)
2026-09-21T03:25:32.062164Z  INFO awase_windows::observer::ime_observer: IME input method changed: kana → romaji (focused_class=Some("Edit"))
2026-09-21T03:25:32.062210Z DEBUG awase_windows::observer::ime_observer: IME snapshot: japanese=Some(true) ime_on=Some(true) romaji=Some(true) conv=Some("0x00000019") guard=false
2026-09-21T03:25:32.062266Z DEBUG reduce: awase_windows::state::ime_model: [key-effect-fence] axis=open stale observation ignored: observed=true predicted=false age_ms=0
2026-09-21T03:25:32.062295Z DEBUG awase::journal: ime event seq=725 elapsed_ms=116953 event_kind="ObserverReported"
2026-09-21T03:25:32.062314Z DEBUG reduce: awase_windows::state::ime_model: [key-effect-fence] axis=mode stale observation ignored: observed=ObservedRomaji predicted=ObservedEisu age_ms=0
2026-09-21T03:25:32.062331Z DEBUG awase::journal: ime event seq=726 elapsed_ms=116953 event_kind="InputModeObserved"
2026-09-21T03:25:32.062360Z DEBUG awase::journal: ime event seq=727 elapsed_ms=116953 event_kind="ModeKeyPassedThrough"
2026-09-21T03:25:32.062370Z  INFO awase_windows::runtime::ime_refresh: [mode-key-follow] observation arrived after mode key pass: intents invalidated
2026-09-21T03:25:32.068993Z DEBUG awase_windows::tsf::gji_monitor: [gji-io] WRITE: w_ops=+2 w_KB=+0.7 (r_ops=+4 x_ops=+4 x_KB=+0.0)
2026-09-21T03:25:32.121755Z DEBUG awase_windows::runtime::ime_refresh: Explicit intent: bypassing typing-idle guard for IME verify (idle=62ms)
2026-09-21T03:25:32.121799Z  INFO awase_windows::observer::ime_observer: IME input method changed: kana → romaji (focused_class=Some("Edit"))
2026-09-21T03:25:32.121819Z DEBUG awase_windows::observer::ime_observer: IME snapshot: japanese=Some(true) ime_on=Some(true) romaji=Some(true) conv=Some("0x00000019") guard=false
2026-09-21T03:25:32.121903Z DEBUG reduce: awase_windows::state::ime_model: [key-effect-fence] axis=open stale observation ignored: observed=true predicted=false age_ms=62
2026-09-21T03:25:32.121947Z DEBUG awase::journal: ime event seq=728 elapsed_ms=117012 event_kind="ObserverReported"
2026-09-21T03:25:32.121980Z DEBUG reduce: awase_windows::state::ime_model: [key-effect-fence] axis=mode stale observation ignored: observed=ObservedRomaji predicted=ObservedEisu age_ms=62
2026-09-21T03:25:32.122012Z DEBUG awase::journal: ime event seq=729 elapsed_ms=117012 event_kind="InputModeObserved"
2026-09-21T03:25:32.122043Z  INFO awase_windows::runtime::ime_refresh: [mode-key-follow] observation arrived after mode key pass: intents invalidated
2026-09-21T03:25:32.179047Z DEBUG awase_windows::runtime::key_pipeline: [engine-input] vk=0x1D KeyUp ts=117069655us delay=0ms state=Idle mods(c=false s=false a=false w=false) gas_ctrl=false phys_ctrl=false extra=0x5350494B pending_drain=0 gate_active=false l_thumb=None r_thumb=None [diag-ctx] ime_on
2026-09-21T03:25:32.179202Z DEBUG awase::journal: key input seq=730 elapsed_ms=117070 vk_code=29 is_down=false injected=false key_class="LeftThumb" state_before="Idle" state_after="Idle" decision="PassThrough" physical="Allow" repeat_count=1 last_timestamp_us=117069655 last_elapsed_ms=0
2026-09-21T03:25:32.179430Z DEBUG execute_one{generation=None}: awase_windows::runtime::executor: [reinject] vk=0x1d up (queued passthrough now firing)
2026-09-21T03:25:32.185712Z DEBUG awase_windows::runtime::ime_refresh: Explicit intent: bypassing typing-idle guard for IME verify (idle=0ms)
2026-09-21T03:25:32.185742Z  INFO awase_windows::observer::ime_observer: IME input method changed: kana → romaji (focused_class=Some("Edit"))
2026-09-21T03:25:32.185756Z DEBUG awase_windows::observer::ime_observer: IME snapshot: japanese=Some(true) ime_on=Some(true) romaji=Some(true) conv=Some("0x00000019") guard=false
2026-09-21T03:25:32.185852Z  INFO reduce: awase_windows::state::ime_model: [key-effect-miss] axis=open predicted=false observed=true
2026-09-21T03:25:32.185880Z DEBUG awase::journal: ime event seq=731 elapsed_ms=117076 event_kind="ObserverReported"
2026-09-21T03:25:32.185899Z  INFO reduce: awase_windows::state::ime_model: [key-effect-miss] axis=mode predicted=ObservedEisu observed=ObservedRomaji
2026-09-21T03:25:32.185913Z DEBUG awase::journal: ime event seq=732 elapsed_ms=117076 event_kind="InputModeObserved"
2026-09-21T03:25:32.185931Z  INFO awase_windows::runtime::ime_refresh: [mode-key-follow] observation arrived after mode key pass: intents invalidated
2026-09-21T03:25:32.185993Z  INFO awase::engine::engine: Engine activated (ime=true, romaji=true, japanese=true, user=true, reason=Active)
2026-09-21T03:25:32.186072Z DEBUG execute_from_loop:execute_one{generation=None}:dispatch_ime_set_open{open=true generation=None}: awase_windows::runtime::executor: [dispatch-ime] ImmCross async: optimistic applied_snapshot=true (suppress send_engine_state_ime_key)
2026-09-21T03:25:32.187165Z DEBUG execute_from_loop:execute_one{generation=None}: awase_windows::platform: [engine-state-key] suppressed (polling/focus-triggered, enabled=true)
2026-09-21T03:25:32.189256Z DEBUG run_open_chain_async: awase_windows::ime_controller: [warrant-shadow] chain=async open=true origin=EventOrigin { source: SelfActuated { strategy: "engine_decision_async" }, epoch: Generation(0) } warranted
2026-09-21T03:25:32.189342Z  INFO run_open_chain_async:imm_cross_write{open=true}: awase_windows::runtime::open_chain: [apply-ime] ImmCross async: open=true composition_active=false show_seq=0 change_seq=0 (issue #138診断)
2026-09-21T03:25:32.190813Z DEBUG awase_windows::shadow_send_trace: [shadow-send] channel=ImeControl cmd=0x0006 lparam=1 issue_us=117081484
2026-09-21T03:25:32.190825Z DEBUG awase_windows::ime: set_ime_open_for_target: hwnd=HWND(0x300836) ime_wnd=HWND(0x4092a) open=true success=true send_elapsed=0ms candidate_visible=true
2026-09-21T03:25:32.190958Z DEBUG run_open_chain_async:imm_cross_write{open=true}: awase_windows::ime: [imm-cross-actuate] hwnd=HWND(0x300836) open=Written conv=Some(Written)
2026-09-21T03:25:32.191023Z DEBUG run_open_chain_async:imm_cross_write{open=true}: awase_windows::runtime::open_chain: [apply-ime] ROMAN 補完結果: Written
2026-09-21T03:25:32.191069Z DEBUG run_open_chain_async: awase::journal: actuation decision seq=733 elapsed_ms=117082 site="DispatchImeSetOpen" caller="None" open=true chain_len=4 attempts_len=1 gate_profile="Standard" gate_kind="Gji" gate_shadow_known=true gate_shadow_on=true gate_input_mode="Observ
2026-09-21T03:25:32.191245Z DEBUG on_ime_apply_complete{open=true outcome=AppliedWithoutSendInput generation=None reason=EngineDecision}: awase::journal: ime open applied seq=734 elapsed_ms=117082 open=true outcome="AppliedWithoutSendInput" reason="EngineDecision"
2026-09-21T03:25:32.191307Z DEBUG on_ime_apply_complete{open=true outcome=AppliedWithoutSendInput generation=None reason=EngineDecision}: awase_windows::tsf::ime_mode_fsm: [ime-mode] SetOpen(true) applied → Hiragana (belief, unconfirmed)
2026-09-21T03:25:32.191324Z DEBUG on_ime_apply_complete{open=true outcome=AppliedWithoutSendInput generation=None reason=EngineDecision}: awase_windows::platform: [composition] ImeEffect::SetOpen(true) → marking cold
2026-09-21T03:25:32.191336Z DEBUG on_ime_apply_complete{open=true outcome=AppliedWithoutSendInput generation=None reason=EngineDecision}: awase_windows::tsf::probe: [composition] marked cold reason=SetOpenTrue idle=5828ms → next VK/TSF output will send VK_DBE_HIRAGANA warmup
2026-09-21T03:25:32.191368Z DEBUG on_ime_apply_complete{open=true outcome=AppliedWithoutSendInput generation=None reason=EngineDecision}:gji_on_event{event=ImeOn { injection_mode: Unicode, gji_idle_ms: 109 }}: awase_windows::tsf::gji_fsm: [gji-fsm] ImeOn: already on (OnComposing(Warm)), ignored
2026-09-21T03:25:32.191442Z DEBUG awase::journal: gji fsm transition seq=735 elapsed_ms=117082 trigger="ImeOn(gji_idle_ms=109)" state_before="OnComposing(Warm)" state_after="OnComposing(Warm)"
2026-09-21T03:25:32.212906Z DEBUG awase_windows::runtime::ime_refresh: Explicit intent: bypassing typing-idle guard for IME verify (idle=31ms)
2026-09-21T03:25:32.212973Z DEBUG awase_windows::observer::ime_observer: IME snapshot: japanese=Some(true) ime_on=Some(true) romaji=Some(true) conv=Some("0x00000019") guard=false
2026-09-21T03:25:32.213074Z DEBUG awase::journal: ime event seq=736 elapsed_ms=117104 event_kind="ObserverReported"
2026-09-21T03:25:32.213116Z DEBUG awase::journal: ime event seq=737 elapsed_ms=117104 event_kind="InputModeObserved"
2026-09-21T03:25:32.213149Z  INFO awase_windows::runtime::ime_refresh: [mode-key-follow] observation arrived after mode key pass: intents invalidated
2026-09-21T03:25:32.276931Z DEBUG awase_windows::runtime::ime_refresh: Explicit intent: bypassing typing-idle guard for IME verify (idle=94ms)
2026-09-21T03:25:32.277006Z DEBUG awase_windows::observer::ime_observer: IME snapshot: japanese=Some(true) ime_on=Some(true) romaji=Some(true) conv=Some("0x00000019") guard=false
2026-09-21T03:25:32.277120Z DEBUG awase::journal: ime event seq=738 elapsed_ms=117168 event_kind="ObserverReported"
2026-09-21T03:25:32.277168Z DEBUG awase::journal: ime event seq=739 elapsed_ms=117168 event_kind="InputModeObserved"
2026-09-21T03:25:32.277205Z  INFO awase_windows::runtime::ime_refresh: [mode-key-follow] observation arrived after mode key pass: intents invalidated
2026-09-21T03:25:32.341222Z DEBUG awase_windows::runtime::ime_refresh: Explicit intent: bypassing typing-idle guard for IME verify (idle=156ms)
2026-09-21T03:25:32.341303Z DEBUG awase_windows::observer::ime_observer: IME snapshot: japanese=Some(true) ime_on=Some(true) romaji=Some(true) conv=Some("0x00000019") guard=false
2026-09-21T03:25:32.341425Z DEBUG awase::journal: ime event seq=740 elapsed_ms=117232 event_kind="ObserverReported"
2026-09-21T03:25:32.341495Z DEBUG awase::journal: ime event seq=741 elapsed_ms=117232 event_kind="InputModeObserved"
2026-09-21T03:25:32.341541Z  INFO awase_windows::runtime::ime_refresh: [mode-key-follow] observation arrived after mode key pass: intents invalidated
2026-09-21T03:25:32.401765Z DEBUG awase_windows::runtime::ime_refresh: Skipping observer/SSOT write: typing active (idle=219ms)
2026-09-21T03:25:32.907443Z DEBUG awase_windows::observer::ime_observer: IME snapshot: japanese=Some(true) ime_on=Some(true) romaji=Some(true) conv=Some("0x00000019") guard=false
2026-09-21T03:25:32.907548Z DEBUG awase::journal: ime event seq=742 elapsed_ms=117798 event_kind="ObserverReported"
2026-09-21T03:25:32.907594Z DEBUG awase::journal: ime event seq=743 elapsed_ms=117798 event_kind="InputModeObserved"
2026-09-21T03:25:33.406696Z DEBUG awase_windows::observer::ime_observer: IME snapshot: japanese=Some(true) ime_on=Some(true) romaji=Some(true) conv=Some("0x00000019") guard=false
2026-09-21T03:25:33.406778Z DEBUG awase::journal: ime event seq=744 elapsed_ms=118297 event_kind="ObserverReported"
2026-09-21T03:25:33.406812Z DEBUG awase::journal: ime event seq=745 elapsed_ms=118297 event_kind="InputModeObserved"
2026-09-21T03:25:33.908650Z DEBUG awase_windows::observer::ime_observer: IME snapshot: japanese=Some(true) ime_on=Some(true) romaji=Some(true) conv=Some("0x00000019") guard=false
2026-09-21T03:25:33.908713Z DEBUG awase::journal: ime event seq=746 elapsed_ms=118799 event_kind="ObserverReported"
2026-09-21T03:25:33.908735Z DEBUG awase::journal: ime event seq=747 elapsed_ms=118799 event_kind="InputModeObserved"
2026-09-21T03:25:33.998010Z DEBUG awase_windows::runtime::key_pipeline: [engine-input] vk=0x0D KeyDown ts=118888687us delay=0ms state=Idle mods(c=false s=false a=false w=false) gas_ctrl=false phys_ctrl=false extra=0x5350494B pending_drain=0 gate_active=false l_thumb=None r_thumb=None [diag-ctx] ime_
2026-09-21T03:25:33.998107Z DEBUG awase::journal: key input seq=748 elapsed_ms=118889 vk_code=13 is_down=true injected=false key_class="Passthrough" state_before="Idle" state_after="Idle" decision="PassThrough" physical="Allow" repeat_count=1 last_timestamp_us=118888687 last_elapsed_ms=0
2026-09-21T03:25:33.998194Z DEBUG execute_from_hook: awase_windows::runtime::executor: [relay-passthrough] PassThrough idle: direct OS pass-through (vk=0x0d down)
2026-09-21T03:25:33.998264Z DEBUG execute_one{generation=None}: awase_windows::runtime::executor: [reinject] vk=0x0d down (queued passthrough now firing)
2026-09-21T03:25:34.002910Z  INFO awase_windows::tsf::win_event_obs: [gji-obs] candidate HIDE: last_gji_write=1921ms ago
2026-09-21T03:25:34.013334Z DEBUG awase_windows::tsf::gji_monitor: [gji-io] WRITE: w_ops=+2 w_KB=+0.4 (r_ops=+4 x_ops=+4 x_KB=+0.0)
2026-09-21T03:25:34.124743Z DEBUG awase_windows::runtime::key_pipeline: [engine-input] vk=0x0D KeyUp ts=119015423us delay=0ms state=Idle mods(c=false s=false a=false w=false) gas_ctrl=false phys_ctrl=false extra=0x5350494B pending_drain=0 gate_active=false l_thumb=None r_thumb=None [diag-ctx] ime_on
2026-09-21T03:25:34.124909Z DEBUG awase::journal: key input seq=749 elapsed_ms=119015 vk_code=13 is_down=false injected=false key_class="Passthrough" state_before="Idle" state_after="Idle" decision="PassThrough" physical="Allow" repeat_count=1 last_timestamp_us=119015423 last_elapsed_ms=0
2026-09-21T03:25:34.125001Z DEBUG execute_from_hook: awase_windows::runtime::executor: [relay-passthrough] PassThrough idle: direct OS pass-through (vk=0x0d up)
2026-09-21T03:25:34.125067Z DEBUG execute_one{generation=None}: awase_windows::runtime::executor: [reinject] vk=0x0d up (queued passthrough now firing)
2026-09-21T03:25:34.126798Z DEBUG awase_windows::platform: [gji-fsm] EndComposition (candidate HIDE) epoch=FocusEpoch(6)
2026-09-21T03:25:34.127012Z DEBUG awase::journal: gji fsm transition seq=750 elapsed_ms=119017 trigger="EndComposition(candidate HIDE, epoch=FocusEpoch(6))" state_before="OnComposing(Warm)" state_after="OnWarm"
2026-09-21T03:25:34.409459Z DEBUG awase_windows::runtime::ime_refresh: Skipping observer/SSOT write: typing active (idle=282ms)
2026-09-21T03:25:34.908311Z DEBUG awase_windows::observer::ime_observer: IME snapshot: japanese=Some(true) ime_on=Some(true) romaji=Some(true) conv=Some("0x00000019") guard=false
2026-09-21T03:25:34.908369Z DEBUG awase::journal: ime event seq=751 elapsed_ms=119799 event_kind="ObserverReported"
2026-09-21T03:25:34.908389Z DEBUG awase::journal: ime event seq=752 elapsed_ms=119799 event_kind="InputModeObserved"
2026-09-21T03:25:35.409012Z DEBUG awase_windows::observer::ime_observer: IME snapshot: japanese=Some(true) ime_on=Some(true) romaji=Some(true) conv=Some("0x00000019") guard=false
2026-09-21T03:25:35.409118Z DEBUG awase::journal: ime event seq=753 elapsed_ms=120300 event_kind="ObserverReported"
2026-09-21T03:25:35.409163Z DEBUG awase::journal: ime event seq=754 elapsed_ms=120300 event_kind="InputModeObserved"
2026-09-21T03:25:35.906653Z DEBUG awase_windows::observer::ime_observer: IME snapshot: japanese=Some(true) ime_on=Some(true) romaji=Some(true) conv=Some("0x00000019") guard=false
2026-09-21T03:25:35.906715Z DEBUG awase::journal: ime event seq=755 elapsed_ms=120797 event_kind="ObserverReported"
2026-09-21T03:25:35.906772Z DEBUG awase::journal: ime event seq=756 elapsed_ms=120797 event_kind="InputModeObserved"
2026-09-21T03:25:35.934847Z DEBUG awase_windows::hook: [hook] IME-mode vk=0xF4 up self_injected=false injected=false scan=0x29 extra=0x5350494B since_actuation_us=Some(120739630)
2026-09-21T03:25:35.935103Z DEBUG awase::journal: hook ime-mode diagnostic seq=757 elapsed_ms=120826 vk_code=244 is_down=false self_injected=false injected=false scan=41
2026-09-21T03:25:35.935203Z DEBUG awase_windows::hook: [hook] IME-mode vk=0xF3 down self_injected=false injected=false scan=0x29 extra=0x5350494B since_actuation_us=Some(120740006)
2026-09-21T03:25:35.935517Z DEBUG awase_windows::runtime::key_pipeline: [engine-input] vk=0xF4 KeyUp ts=120825938us delay=0ms state=Idle mods(c=false s=false a=false w=false) gas_ctrl=false phys_ctrl=false extra=0x5350494B pending_drain=0 gate_active=false l_thumb=None r_thumb=None [diag-ctx] ime_on
2026-09-21T03:25:35.935680Z DEBUG awase::journal: key input seq=758 elapsed_ms=120826 vk_code=244 is_down=false injected=false key_class="Passthrough" state_before="Idle" state_after="Idle" decision="PassThrough" physical="Allow" repeat_count=1 last_timestamp_us=120825938 last_elapsed_ms=0
2026-09-21T03:25:35.935856Z DEBUG execute_from_hook: awase_windows::runtime::executor: [relay-passthrough] PassThrough idle: direct OS pass-through (vk=0xf4 up)
2026-09-21T03:25:35.935965Z DEBUG awase::journal: hook ime-mode diagnostic seq=759 elapsed_ms=120826 vk_code=243 is_down=true self_injected=false injected=false scan=41
2026-09-21T03:25:35.936084Z DEBUG awase_windows::runtime::key_pipeline: [engine-input] vk=0xF3 KeyDown ts=120826148us delay=0ms state=Idle mods(c=false s=false a=false w=false) gas_ctrl=false phys_ctrl=false extra=0x5350494B pending_drain=0 gate_active=false l_thumb=None r_thumb=None [diag-ctx] ime_
2026-09-21T03:25:35.936284Z DEBUG awase::journal: key input seq=760 elapsed_ms=120827 vk_code=243 is_down=true injected=false key_class="Passthrough" state_before="Idle" state_after="Idle" decision="PassThrough" physical="Allow" repeat_count=1 last_timestamp_us=120826148 last_elapsed_ms=0
2026-09-21T03:25:35.936381Z DEBUG awase_windows::runtime::key_pipeline: may_change_ime key passed through → IME refresh scheduled (20ms)
2026-09-21T03:25:35.936439Z  INFO awase_windows::runtime::key_pipeline: [mode-key-follow] mode key PassThrough(vk=0xF3): IME refresh scheduled (20ms)
2026-09-21T03:25:35.937394Z DEBUG awase_windows::runtime::key_pipeline: [key-effect-predict] vk=0xF3 status=Pre: no prediction
2026-09-21T03:25:35.937523Z DEBUG execute_from_hook: awase_windows::runtime::transport: [relay-defer] PassThrough deferred: pending effects, reinject(vk=0xf3 down)
2026-09-21T03:25:35.937652Z DEBUG execute_one{generation=None}: awase_windows::runtime::executor: [reinject] vk=0xf4 up (queued passthrough now firing)
2026-09-21T03:25:35.937712Z DEBUG execute_one{generation=None}: awase_windows::runtime::executor: [reinject] vk=0xf3 down (queued passthrough now firing)
2026-09-21T03:25:35.938273Z DEBUG awase_windows::hook: [hook] IME-mode vk=0xF4 up self_injected=true injected=true scan=0x0 extra=0x4B45594D since_actuation_us=Some(120743079)
2026-09-21T03:25:35.940136Z DEBUG awase_windows::hook: [hook] IME-mode vk=0xF3 up self_injected=true injected=false scan=0x0 extra=0x4B45594D since_actuation_us=Some(120744933)
2026-09-21T03:25:35.942363Z DEBUG awase_windows::hook: [hook] IME-mode vk=0xF4 down self_injected=true injected=true scan=0x0 extra=0x4B45594D since_actuation_us=Some(120747159)
2026-09-21T03:25:35.943893Z DEBUG awase::journal: hook ime-mode diagnostic seq=761 elapsed_ms=120834 vk_code=244 is_down=false self_injected=true injected=true scan=0
2026-09-21T03:25:35.943914Z DEBUG awase::journal: hook ime-mode diagnostic seq=762 elapsed_ms=120834 vk_code=243 is_down=false self_injected=true injected=false scan=0
2026-09-21T03:25:35.943928Z DEBUG awase::journal: hook ime-mode diagnostic seq=763 elapsed_ms=120834 vk_code=244 is_down=true self_injected=true injected=true scan=0
2026-09-21T03:25:35.949426Z DEBUG awase_windows::tsf::gji_monitor: [gji-io] WRITE: w_ops=+2 w_KB=+0.0 (r_ops=+4 x_ops=+4 x_KB=+0.0)
2026-09-21T03:25:35.970864Z DEBUG awase_windows::runtime::ime_refresh: Explicit intent: bypassing typing-idle guard for IME verify (idle=31ms)
2026-09-21T03:25:35.970926Z DEBUG awase_windows::observer::ime_observer: IME snapshot: japanese=Some(true) ime_on=Some(false) romaji=Some(true) conv=Some("0x00000019") guard=false
2026-09-21T03:25:35.971009Z DEBUG awase::journal: ime event seq=764 elapsed_ms=120861 event_kind="ObserverReported"
2026-09-21T03:25:35.971124Z DEBUG awase::journal: ime event seq=765 elapsed_ms=120862 event_kind="InputModeObserved"
2026-09-21T03:25:35.971176Z DEBUG awase::journal: ime event seq=766 elapsed_ms=120862 event_kind="ModeKeyPassedThrough"
2026-09-21T03:25:35.971188Z  INFO awase_windows::runtime::ime_refresh: [mode-key-follow] observation arrived after mode key pass: intents invalidated
2026-09-21T03:25:35.971302Z  INFO awase::engine::engine: Engine deactivated (ime=false, romaji=true, japanese=true, user=true, reason=Inactive(ImeOff))
2026-09-21T03:25:35.971445Z DEBUG execute_from_loop:execute_one{generation=None}:dispatch_ime_set_open{open=false generation=None}: awase_windows::runtime::executor: [dispatch-ime] ImmCross async: optimistic applied_snapshot=false (suppress send_engine_state_ime_key)
2026-09-21T03:25:35.973361Z DEBUG execute_from_loop:execute_one{generation=None}: awase_windows::platform: [engine-state-key] suppressed (polling/focus-triggered, enabled=false)
2026-09-21T03:25:35.975399Z DEBUG run_open_chain_async: awase_windows::ime_controller: [warrant-shadow] chain=async open=false origin=EventOrigin { source: SelfActuated { strategy: "engine_decision_async" }, epoch: Generation(0) } warranted
2026-09-21T03:25:35.975463Z  INFO run_open_chain_async:imm_cross_write{open=false}: awase_windows::runtime::open_chain: [apply-ime] ImmCross async: open=false composition_active=false show_seq=0 change_seq=0 (issue #138診断)
2026-09-21T03:25:35.977856Z DEBUG awase_windows::shadow_send_trace: [shadow-send] channel=ImeControl cmd=0x0006 lparam=0 issue_us=120868457
2026-09-21T03:25:35.977868Z DEBUG awase_windows::ime: set_ime_open_for_target: hwnd=HWND(0x300836) ime_wnd=HWND(0x4092a) open=false success=true send_elapsed=0ms candidate_visible=false
2026-09-21T03:25:35.978010Z DEBUG run_open_chain_async:imm_cross_write{open=false}: awase_windows::ime: [imm-cross-actuate] hwnd=HWND(0x300836) open=Written conv=None
2026-09-21T03:25:35.978072Z DEBUG run_open_chain_async: awase::journal: actuation decision seq=767 elapsed_ms=120869 site="DispatchImeSetOpen" caller="None" open=false chain_len=4 attempts_len=1 gate_profile="Standard" gate_kind="Gji" gate_shadow_known=true gate_shadow_on=true gate_input_mode="Obser
2026-09-21T03:25:35.978260Z DEBUG on_ime_apply_complete{open=false outcome=AppliedWithoutSendInput generation=None reason=EngineDecision}: awase::journal: ime open applied seq=768 elapsed_ms=120869 open=false outcome="AppliedWithoutSendInput" reason="EngineDecision"
2026-09-21T03:25:35.978325Z DEBUG on_ime_apply_complete{open=false outcome=AppliedWithoutSendInput generation=None reason=EngineDecision}: awase_windows::tsf::ime_mode_fsm: [ime-mode] SetOpen(false) applied → Off (belief, unconfirmed)
2026-09-21T03:25:35.978342Z DEBUG on_ime_apply_complete{open=false outcome=AppliedWithoutSendInput generation=None reason=EngineDecision}: awase_windows::platform: [composition] ImeEffect::SetOpen(false) → marking cold (prevent warm+TSF Enter leak)
2026-09-21T03:25:35.978357Z DEBUG on_ime_apply_complete{open=false outcome=AppliedWithoutSendInput generation=None reason=EngineDecision}: awase_windows::tsf::probe: [composition] marked cold reason=SetOpenFalse idle=9625ms → next VK/TSF output will send VK_DBE_HIRAGANA warmup
2026-09-21T03:25:35.978461Z DEBUG awase::journal: gji fsm transition seq=769 elapsed_ms=120869 trigger="ImeOff" state_before="OnWarm" state_after="OffCold"
2026-09-21T03:25:36.018058Z DEBUG awase_windows::runtime::ime_refresh: Explicit intent: bypassing typing-idle guard for IME verify (idle=78ms)
2026-09-21T03:25:36.018134Z DEBUG awase_windows::observer::ime_observer: IME snapshot: japanese=Some(true) ime_on=Some(false) romaji=Some(true) conv=Some("0x00000019") guard=false
2026-09-21T03:25:36.018222Z DEBUG awase::journal: ime event seq=770 elapsed_ms=120909 event_kind="ObserverReported"
2026-09-21T03:25:36.018244Z DEBUG awase::journal: ime event seq=771 elapsed_ms=120909 event_kind="InputModeObserved"
2026-09-21T03:25:36.018271Z  INFO awase_windows::runtime::ime_refresh: [mode-key-follow] observation arrived after mode key pass: intents invalidated
2026-09-21T03:25:36.079189Z DEBUG awase_windows::runtime::ime_refresh: Explicit intent: bypassing typing-idle guard for IME verify (idle=141ms)
2026-09-21T03:25:36.079241Z DEBUG awase_windows::observer::ime_observer: IME snapshot: japanese=Some(true) ime_on=Some(false) romaji=Some(true) conv=Some("0x00000019") guard=false
2026-09-21T03:25:36.079309Z DEBUG awase::journal: ime event seq=772 elapsed_ms=120970 event_kind="ObserverReported"
2026-09-21T03:25:36.079332Z DEBUG awase::journal: ime event seq=773 elapsed_ms=120970 event_kind="InputModeObserved"
2026-09-21T03:25:36.079376Z  INFO awase_windows::runtime::ime_refresh: [mode-key-follow] observation arrived after mode key pass: intents invalidated
2026-09-21T03:25:36.143654Z DEBUG awase_windows::runtime::ime_refresh: Explicit intent: bypassing typing-idle guard for IME verify (idle=203ms)
2026-09-21T03:25:36.143730Z DEBUG awase_windows::observer::ime_observer: IME snapshot: japanese=Some(true) ime_on=Some(false) romaji=Some(true) conv=Some("0x00000019") guard=false
2026-09-21T03:25:36.143905Z DEBUG awase::journal: ime event seq=774 elapsed_ms=121034 event_kind="ObserverReported"
2026-09-21T03:25:36.143955Z DEBUG awase::journal: ime event seq=775 elapsed_ms=121034 event_kind="InputModeObserved"
2026-09-21T03:25:36.143994Z  INFO awase_windows::runtime::ime_refresh: [mode-key-follow] observation arrived after mode key pass: intents invalidated
2026-09-21T03:25:36.205344Z DEBUG awase_windows::runtime::ime_refresh: Explicit intent: bypassing typing-idle guard for IME verify (idle=266ms)
2026-09-21T03:25:36.205403Z DEBUG awase_windows::observer::ime_observer: IME snapshot: japanese=Some(true) ime_on=Some(false) romaji=Some(true) conv=Some("0x00000019") guard=false
2026-09-21T03:25:36.205490Z DEBUG awase::journal: ime event seq=776 elapsed_ms=121096 event_kind="ObserverReported"
2026-09-21T03:25:36.205526Z DEBUG awase::journal: ime event seq=777 elapsed_ms=121096 event_kind="InputModeObserved"
2026-09-21T03:25:36.205555Z  INFO awase_windows::runtime::ime_refresh: [mode-key-follow] observation arrived after mode key pass: intents invalidated
2026-09-21T03:25:36.266429Z DEBUG awase_windows::runtime::ime_refresh: Skipping observer/SSOT write: typing active (idle=328ms)
2026-09-21T03:25:36.769930Z DEBUG awase_windows::observer::ime_observer: IME snapshot: japanese=Some(true) ime_on=Some(false) romaji=Some(true) conv=Some("0x00000019") guard=false
2026-09-21T03:25:36.770036Z DEBUG awase::journal: ime event seq=778 elapsed_ms=121661 event_kind="ObserverReported"
2026-09-21T03:25:36.770081Z DEBUG awase::journal: ime event seq=779 elapsed_ms=121661 event_kind="InputModeObserved"
2026-09-21T03:25:37.272392Z DEBUG awase_windows::observer::ime_observer: IME snapshot: japanese=Some(true) ime_on=Some(false) romaji=Some(true) conv=Some("0x00000019") guard=false
2026-09-21T03:25:37.272490Z DEBUG awase::journal: ime event seq=780 elapsed_ms=122163 event_kind="ObserverReported"
2026-09-21T03:25:37.272522Z DEBUG awase::journal: ime event seq=781 elapsed_ms=122163 event_kind="InputModeObserved"
2026-09-21T03:25:37.788273Z DEBUG awase_windows::observer::ime_observer: IME snapshot: japanese=Some(true) ime_on=Some(false) romaji=Some(true) conv=Some("0x00000019") guard=false
2026-09-21T03:25:37.788358Z DEBUG awase::journal: ime event seq=782 elapsed_ms=122679 event_kind="ObserverReported"
2026-09-21T03:25:37.788394Z DEBUG awase::journal: ime event seq=783 elapsed_ms=122679 event_kind="InputModeObserved"
2026-09-21T03:25:37.880210Z DEBUG awase_windows::runtime::key_pipeline: [engine-input] vk=0x1B KeyDown ts=122769638us delay=1ms state=Idle mods(c=false s=false a=false w=false) gas_ctrl=false phys_ctrl=false extra=0x5350494B pending_drain=0 gate_active=false l_thumb=None r_thumb=None [diag-ctx] ime_
2026-09-21T03:25:37.880313Z DEBUG awase::journal: key input seq=784 elapsed_ms=122771 vk_code=27 is_down=true injected=false key_class="Passthrough" state_before="Idle" state_after="Idle" decision="PassThrough" physical="Allow" repeat_count=1 last_timestamp_us=122769638 last_elapsed_ms=0
2026-09-21T03:25:37.880472Z DEBUG execute_from_hook: awase_windows::tsf::probe: [composition] marked cold reason=PassthroughConfirmKey idle=11531ms → next VK/TSF output will send VK_DBE_HIRAGANA warmup
2026-09-21T03:25:37.880493Z DEBUG execute_from_hook: awase_windows::tsf::probe: [mark-send] last_send_ms=53148937
2026-09-21T03:25:37.880546Z DEBUG execute_from_hook: awase_windows::platform: [composition-fsm] EmitWarmup (ConfirmKeyDown)
2026-09-21T03:25:37.880565Z DEBUG execute_from_hook: awase_windows::runtime::executor: [relay-passthrough] PassThrough idle: direct OS pass-through (vk=0x1b down)
2026-09-21T03:25:37.880588Z DEBUG awase::journal: gji fsm transition seq=785 elapsed_ms=122771 trigger="CompositionReset(gji_idle_ms=1937)" state_before="OffCold" state_after="OffCold"
2026-09-21T03:25:37.880653Z DEBUG awase_windows::runtime::executor: [reinject-guard] suspending drain for 50ms (vk=0x1b)
2026-09-21T03:25:37.956489Z DEBUG execute_one{generation=None}: awase_windows::runtime::executor: [reinject] vk=0x1b down (queued passthrough now firing)
2026-09-21T03:25:37.956558Z DEBUG execute_one{generation=None}: awase_windows::platform: [composition] reinject KeyDown vk=0x1b → marking cold + eager warmup
2026-09-21T03:25:37.956576Z DEBUG execute_one{generation=None}: awase_windows::tsf::probe: [composition] marked cold reason=ReinjectConfirmKey idle=63ms → next VK/TSF output will send VK_DBE_HIRAGANA warmup
2026-09-21T03:25:37.956594Z DEBUG execute_one{generation=None}: awase_windows::tsf::probe: [mark-send] last_send_ms=53149000
2026-09-21T03:25:37.959257Z DEBUG awase::journal: gji fsm transition seq=786 elapsed_ms=122847 trigger="CompositionReset(gji_idle_ms=2000)" state_before="OffCold" state_after="OffCold"
2026-09-21T03:25:38.004237Z DEBUG awase_windows::runtime::key_pipeline: [engine-input] vk=0x1B KeyUp ts=122894646us delay=0ms state=Idle mods(c=false s=false a=false w=false) gas_ctrl=false phys_ctrl=false extra=0x5350494B pending_drain=0 gate_active=false l_thumb=None r_thumb=None [diag-ctx] ime_on
2026-09-21T03:25:38.004383Z DEBUG awase::journal: key input seq=787 elapsed_ms=122895 vk_code=27 is_down=false injected=false key_class="Passthrough" state_before="Idle" state_after="Idle" decision="PassThrough" physical="Allow" repeat_count=1 last_timestamp_us=122894646 last_elapsed_ms=0
2026-09-21T03:25:38.004569Z DEBUG execute_from_hook: awase_windows::runtime::transport: [relay-defer] PassThrough deferred: output in-flight (46ms ago), reinject(vk=0x1b up)
2026-09-21T03:25:38.004683Z DEBUG execute_one{generation=None}: awase_windows::runtime::executor: [reinject] vk=0x1b up (queued passthrough now firing)
2026-09-21T03:25:38.305065Z DEBUG awase_windows::runtime::ime_refresh: Skipping observer/SSOT write: typing active (idle=313ms)
2026-09-21T03:25:38.805357Z DEBUG awase_windows::observer::ime_observer: IME snapshot: japanese=Some(true) ime_on=Some(false) romaji=Some(true) conv=Some("0x00000019") guard=false
2026-09-21T03:25:38.805468Z DEBUG awase::journal: ime event seq=788 elapsed_ms=123696 event_kind="ObserverReported"
2026-09-21T03:25:38.805514Z DEBUG awase::journal: ime event seq=789 elapsed_ms=123696 event_kind="InputModeObserved"
2026-09-21T03:25:39.305108Z DEBUG awase_windows::observer::ime_observer: IME snapshot: japanese=Some(true) ime_on=Some(false) romaji=Some(true) conv=Some("0x00000019") guard=false
2026-09-21T03:25:39.305194Z DEBUG awase::journal: ime event seq=790 elapsed_ms=124196 event_kind="ObserverReported"
2026-09-21T03:25:39.305230Z DEBUG awase::journal: ime event seq=791 elapsed_ms=124196 event_kind="InputModeObserved"
2026-09-21T03:25:39.819761Z DEBUG awase_windows::observer::ime_observer: IME snapshot: japanese=Some(true) ime_on=Some(false) romaji=Some(true) conv=Some("0x00000019") guard=false
2026-09-21T03:25:39.819822Z DEBUG awase::journal: ime event seq=792 elapsed_ms=124710 event_kind="ObserverReported"
2026-09-21T03:25:39.819844Z DEBUG awase::journal: ime event seq=793 elapsed_ms=124710 event_kind="InputModeObserved"
2026-09-21T03:25:39.820424Z DEBUG awase_windows::runtime::key_pipeline: [engine-input] vk=0x0D KeyDown ts=124711197us delay=0ms state=Idle mods(c=false s=false a=false w=false) gas_ctrl=false phys_ctrl=false extra=0x5350494B pending_drain=0 gate_active=false l_thumb=None r_thumb=None [diag-ctx] ime_
2026-09-21T03:25:39.821248Z DEBUG awase::journal: key input seq=794 elapsed_ms=124712 vk_code=13 is_down=true injected=false key_class="Passthrough" state_before="Idle" state_after="Idle" decision="PassThrough" physical="Allow" repeat_count=1 last_timestamp_us=124711197 last_elapsed_ms=0
2026-09-21T03:25:39.821332Z DEBUG execute_from_hook: awase_windows::tsf::probe: [composition] marked cold reason=PassthroughConfirmKey idle=1875ms → next VK/TSF output will send VK_DBE_HIRAGANA warmup
2026-09-21T03:25:39.821348Z DEBUG execute_from_hook: awase_windows::tsf::probe: [mark-send] last_send_ms=53150875
2026-09-21T03:25:39.821385Z DEBUG execute_from_hook: awase_windows::platform: [composition-fsm] EmitWarmup (ConfirmKeyDown)
2026-09-21T03:25:39.821399Z DEBUG execute_from_hook: awase_windows::runtime::executor: [relay-passthrough] PassThrough idle: direct OS pass-through (vk=0x0d down)
2026-09-21T03:25:39.821416Z DEBUG awase::journal: gji fsm transition seq=795 elapsed_ms=124712 trigger="CompositionReset(gji_idle_ms=3875)" state_before="OffCold" state_after="OffCold"
2026-09-21T03:25:39.821578Z DEBUG awase_windows::runtime::executor: [reinject-guard] suspending drain for 50ms (vk=0x0d)
2026-09-21T03:25:39.893237Z DEBUG execute_one{generation=None}: awase_windows::runtime::executor: [reinject] vk=0x0d down (queued passthrough now firing)
2026-09-21T03:25:39.893290Z DEBUG execute_one{generation=None}: awase_windows::platform: [composition] reinject KeyDown vk=0x0d → marking cold + eager warmup
2026-09-21T03:25:39.893311Z DEBUG execute_one{generation=None}: awase_windows::tsf::probe: [composition] marked cold reason=ReinjectConfirmKey idle=62ms → next VK/TSF output will send VK_DBE_HIRAGANA warmup
2026-09-21T03:25:39.893332Z DEBUG execute_one{generation=None}: awase_windows::tsf::probe: [mark-send] last_send_ms=53150937
2026-09-21T03:25:39.895804Z DEBUG awase::journal: gji fsm transition seq=796 elapsed_ms=124784 trigger="CompositionReset(gji_idle_ms=3937)" state_before="OffCold" state_after="OffCold"
2026-09-21T03:25:39.955362Z DEBUG awase_windows::runtime::key_pipeline: [engine-input] vk=0x0D KeyUp ts=124846038us delay=0ms state=Idle mods(c=false s=false a=false w=false) gas_ctrl=false phys_ctrl=false extra=0x5350494B pending_drain=0 gate_active=false l_thumb=None r_thumb=None [diag-ctx] ime_on
2026-09-21T03:25:39.955457Z DEBUG awase::journal: key input seq=797 elapsed_ms=124846 vk_code=13 is_down=false injected=false key_class="Passthrough" state_before="Idle" state_after="Idle" decision="PassThrough" physical="Allow" repeat_count=1 last_timestamp_us=124846038 last_elapsed_ms=0
2026-09-21T03:25:39.955558Z DEBUG execute_from_hook: awase_windows::runtime::executor: [relay-passthrough] PassThrough idle: direct OS pass-through (vk=0x0d up)
2026-09-21T03:25:39.955628Z DEBUG execute_one{generation=None}: awase_windows::runtime::executor: [reinject] vk=0x0d up (queued passthrough now firing)
2026-09-21T03:25:40.339326Z DEBUG awase_windows::runtime::ime_refresh: Skipping observer/SSOT write: typing active (idle=390ms)
2026-09-21T03:25:40.848342Z DEBUG awase_windows::observer::ime_observer: IME snapshot: japanese=Some(true) ime_on=Some(false) romaji=Some(true) conv=Some("0x00000019") guard=false
2026-09-21T03:25:40.848399Z DEBUG awase::journal: ime event seq=798 elapsed_ms=125739 event_kind="ObserverReported"
2026-09-21T03:25:40.848420Z DEBUG awase::journal: ime event seq=799 elapsed_ms=125739 event_kind="InputModeObserved"
2026-09-21T03:25:41.345949Z DEBUG awase_windows::observer::ime_observer: IME snapshot: japanese=Some(true) ime_on=Some(false) romaji=Some(true) conv=Some("0x00000019") guard=false
2026-09-21T03:25:41.346034Z DEBUG awase::journal: ime event seq=800 elapsed_ms=126237 event_kind="ObserverReported"
2026-09-21T03:25:41.346070Z DEBUG awase::journal: ime event seq=801 elapsed_ms=126237 event_kind="InputModeObserved"
2026-09-21T03:25:41.766915Z DEBUG awase_windows::runtime::key_pipeline: [engine-input] vk=0x1C KeyDown ts=126657329us delay=0ms state=Idle mods(c=false s=false a=false w=false) gas_ctrl=false phys_ctrl=false extra=0x5350494B pending_drain=0 gate_active=false l_thumb=None r_thumb=Some(126657304) [dia
2026-09-21T03:25:41.767114Z DEBUG awase::journal: key input seq=802 elapsed_ms=126658 vk_code=28 is_down=true injected=false key_class="RightThumb" state_before="Idle" state_after="Idle" decision="PassThrough" physical="Allow" repeat_count=1 last_timestamp_us=126657329 last_elapsed_ms=0
2026-09-21T03:25:41.767295Z  INFO awase_windows::runtime::key_pipeline: [mode-key-follow] mode key PassThrough(vk=0x1C): IME refresh scheduled (20ms)
2026-09-21T03:25:41.768354Z DEBUG awase_windows::runtime::key_pipeline: [key-effect-predict] vk=0x1C status=Direct: no prediction
2026-09-21T03:25:41.768711Z DEBUG execute_one{generation=None}: awase_windows::runtime::executor: [reinject] vk=0x1c down (queued passthrough now firing)
2026-09-21T03:25:41.780714Z DEBUG awase_windows::tsf::gji_monitor: [gji-io] WRITE: w_ops=+2 w_KB=+0.0 (r_ops=+4 x_ops=+4 x_KB=+0.0)
2026-09-21T03:25:41.800740Z DEBUG awase_windows::runtime::ime_refresh: Explicit intent: bypassing typing-idle guard for IME verify (idle=31ms)
2026-09-21T03:25:41.800811Z DEBUG awase_windows::observer::ime_observer: IME snapshot: japanese=Some(true) ime_on=Some(true) romaji=Some(true) conv=Some("0x00000019") guard=false
2026-09-21T03:25:41.800918Z DEBUG awase::journal: ime event seq=803 elapsed_ms=126691 event_kind="ObserverReported"
2026-09-21T03:25:41.800964Z DEBUG awase::journal: ime event seq=804 elapsed_ms=126691 event_kind="InputModeObserved"
2026-09-21T03:25:41.801022Z DEBUG awase::journal: ime event seq=805 elapsed_ms=126692 event_kind="ModeKeyPassedThrough"
2026-09-21T03:25:41.801054Z  INFO awase_windows::runtime::ime_refresh: [mode-key-follow] observation arrived after mode key pass: intents invalidated
2026-09-21T03:25:41.801148Z  INFO awase::engine::engine: Engine activated (ime=true, romaji=true, japanese=true, user=true, reason=Active)
2026-09-21T03:25:41.801302Z DEBUG execute_from_loop:execute_one{generation=None}:dispatch_ime_set_open{open=true generation=None}: awase_windows::runtime::executor: [dispatch-ime] ImmCross async: optimistic applied_snapshot=true (suppress send_engine_state_ime_key)
2026-09-21T03:25:41.803059Z DEBUG execute_from_loop:execute_one{generation=None}: awase_windows::platform: [engine-state-key] suppressed (polling/focus-triggered, enabled=true)
2026-09-21T03:25:41.805054Z DEBUG run_open_chain_async: awase_windows::ime_controller: [warrant-shadow] chain=async open=true origin=EventOrigin { source: SelfActuated { strategy: "engine_decision_async" }, epoch: Generation(0) } warranted
2026-09-21T03:25:41.805146Z  INFO run_open_chain_async:imm_cross_write{open=true}: awase_windows::runtime::open_chain: [apply-ime] ImmCross async: open=true composition_active=false show_seq=0 change_seq=0 (issue #138診断)
2026-09-21T03:25:41.807732Z DEBUG awase_windows::shadow_send_trace: [shadow-send] channel=ImeControl cmd=0x0006 lparam=1 issue_us=126698346
2026-09-21T03:25:41.807752Z DEBUG awase_windows::ime: set_ime_open_for_target: hwnd=HWND(0x300836) ime_wnd=HWND(0x4092a) open=true success=true send_elapsed=0ms candidate_visible=false
2026-09-21T03:25:41.808323Z DEBUG run_open_chain_async:imm_cross_write{open=true}: awase_windows::ime: [imm-cross-actuate] hwnd=HWND(0x300836) open=Written conv=Some(Written)
2026-09-21T03:25:41.808383Z DEBUG run_open_chain_async:imm_cross_write{open=true}: awase_windows::runtime::open_chain: [apply-ime] ROMAN 補完結果: Written
2026-09-21T03:25:41.808456Z DEBUG run_open_chain_async: awase::journal: actuation decision seq=806 elapsed_ms=126699 site="DispatchImeSetOpen" caller="None" open=true chain_len=4 attempts_len=1 gate_profile="Standard" gate_kind="Gji" gate_shadow_known=true gate_shadow_on=false gate_input_mode="Obser
2026-09-21T03:25:41.808672Z DEBUG on_ime_apply_complete{open=true outcome=AppliedWithoutSendInput generation=None reason=EngineDecision}: awase::journal: ime open applied seq=807 elapsed_ms=126699 open=true outcome="AppliedWithoutSendInput" reason="EngineDecision"
2026-09-21T03:25:41.808770Z DEBUG on_ime_apply_complete{open=true outcome=AppliedWithoutSendInput generation=None reason=EngineDecision}: awase_windows::tsf::ime_mode_fsm: [ime-mode] SetOpen(true) applied → Hiragana (belief, unconfirmed)
2026-09-21T03:25:41.808804Z DEBUG on_ime_apply_complete{open=true outcome=AppliedWithoutSendInput generation=None reason=EngineDecision}: awase_windows::platform: [composition] ImeEffect::SetOpen(true) → marking cold
2026-09-21T03:25:41.808831Z DEBUG on_ime_apply_complete{open=true outcome=AppliedWithoutSendInput generation=None reason=EngineDecision}: awase_windows::tsf::probe: [composition] marked cold reason=SetOpenTrue idle=1922ms → next VK/TSF output will send VK_DBE_HIRAGANA warmup
2026-09-21T03:25:41.808890Z DEBUG on_ime_apply_complete{open=true outcome=AppliedWithoutSendInput generation=None reason=EngineDecision}:gji_on_event{event=ImeOn { injection_mode: Unicode, gji_idle_ms: 31 }}: awase_windows::tsf::gji_fsm: [gji-fsm] ImeOn gji_idle=31ms → Short
2026-09-21T03:25:41.808950Z DEBUG on_ime_apply_complete{open=true outcome=AppliedWithoutSendInput generation=None reason=EngineDecision}: awase_windows::platform: [gji-fsm] StartProbe probe_id=ProbeId(4) forces_f2=false long=false
2026-09-21T03:25:41.809348Z DEBUG awase::journal: gji fsm transition seq=808 elapsed_ms=126699 trigger="ImeOn(gji_idle_ms=31)" state_before="OffCold" state_after="OnCold(Short)"
2026-09-21T03:25:41.809376Z DEBUG awase::journal: tsf probe started seq=809 elapsed_ms=126699 source="GjiAction::StartProbe" cold_seq=0 probe_id=4 probe_id_present=true gji_state="OnCold(Short)" consecutive_at_start=0 pending_deferred_len=0
2026-09-21T03:25:41.809405Z DEBUG awase::journal: gji fsm transition seq=810 elapsed_ms=126700 trigger="WarmupComplete(unicode)" state_before="OnCold(Short)" state_after="OnWarm"
2026-09-21T03:25:41.809426Z DEBUG awase::journal: tsf probe completed seq=811 elapsed_ms=126700 outcome="UnicodeImmediate" cold_seq=18446744073709551615 cold_seq_present=false probe_id=4 probe_id_present=true duration_ms=0 tick_count=0 gji_state="OnWarm"
2026-09-21T03:25:41.854008Z DEBUG awase_windows::runtime::ime_refresh: Explicit intent: bypassing typing-idle guard for IME verify (idle=94ms)
2026-09-21T03:25:41.854091Z DEBUG awase_windows::observer::ime_observer: IME snapshot: japanese=Some(true) ime_on=Some(true) romaji=Some(true) conv=Some("0x00000019") guard=false
2026-09-21T03:25:41.854206Z DEBUG awase::journal: ime event seq=812 elapsed_ms=126745 event_kind="ObserverReported"
2026-09-21T03:25:41.854250Z DEBUG awase::journal: ime event seq=813 elapsed_ms=126745 event_kind="InputModeObserved"
2026-09-21T03:25:41.854288Z  INFO awase_windows::runtime::ime_refresh: [mode-key-follow] observation arrived after mode key pass: intents invalidated
2026-09-21T03:25:41.890660Z DEBUG awase_windows::runtime::key_pipeline: [engine-input] vk=0x1C KeyUp ts=126781231us delay=0ms state=Idle mods(c=false s=false a=false w=false) gas_ctrl=false phys_ctrl=false extra=0x5350494B pending_drain=0 gate_active=false l_thumb=None r_thumb=None [diag-ctx] ime_on
2026-09-21T03:25:41.890821Z DEBUG awase::journal: key input seq=814 elapsed_ms=126781 vk_code=28 is_down=false injected=false key_class="RightThumb" state_before="Idle" state_after="Idle" decision="PassThrough" physical="Allow" repeat_count=1 last_timestamp_us=126781231 last_elapsed_ms=0
2026-09-21T03:25:41.891058Z DEBUG execute_one{generation=None}: awase_windows::runtime::executor: [reinject] vk=0x1c up (queued passthrough now firing)
2026-09-21T03:25:41.927615Z DEBUG awase_windows::runtime::ime_refresh: Explicit intent: bypassing typing-idle guard for IME verify (idle=47ms)
2026-09-21T03:25:41.927691Z DEBUG awase_windows::observer::ime_observer: IME snapshot: japanese=Some(true) ime_on=Some(true) romaji=Some(true) conv=Some("0x00000019") guard=false
2026-09-21T03:25:41.927807Z DEBUG awase::journal: ime event seq=815 elapsed_ms=126818 event_kind="ObserverReported"
2026-09-21T03:25:41.927856Z DEBUG awase::journal: ime event seq=816 elapsed_ms=126818 event_kind="InputModeObserved"
2026-09-21T03:25:41.927894Z  INFO awase_windows::runtime::ime_refresh: [mode-key-follow] observation arrived after mode key pass: intents invalidated
2026-09-21T03:25:42.005293Z DEBUG awase_windows::runtime::ime_refresh: Explicit intent: bypassing typing-idle guard for IME verify (idle=125ms)
2026-09-21T03:25:42.005366Z DEBUG awase_windows::observer::ime_observer: IME snapshot: japanese=Some(true) ime_on=Some(true) romaji=Some(true) conv=Some("0x00000019") guard=false
2026-09-21T03:25:42.005500Z DEBUG awase::journal: ime event seq=817 elapsed_ms=126896 event_kind="ObserverReported"
2026-09-21T03:25:42.005529Z DEBUG awase::journal: ime event seq=818 elapsed_ms=126896 event_kind="InputModeObserved"
2026-09-21T03:25:42.005553Z  INFO awase_windows::runtime::ime_refresh: [mode-key-follow] observation arrived after mode key pass: intents invalidated
2026-09-21T03:25:42.082124Z DEBUG awase_windows::runtime::ime_refresh: Skipping observer/SSOT write: typing active (idle=188ms)
2026-09-21T03:25:42.575200Z DEBUG awase_windows::observer::ime_observer: IME snapshot: japanese=Some(true) ime_on=Some(true) romaji=Some(true) conv=Some("0x00000019") guard=false
2026-09-21T03:25:42.575314Z DEBUG awase::journal: ime event seq=819 elapsed_ms=127466 event_kind="ObserverReported"
2026-09-21T03:25:42.575363Z DEBUG awase::journal: ime event seq=820 elapsed_ms=127466 event_kind="InputModeObserved"
2026-09-21T03:25:43.088329Z DEBUG awase_windows::observer::ime_observer: IME snapshot: japanese=Some(true) ime_on=Some(true) romaji=Some(true) conv=Some("0x00000019") guard=false
2026-09-21T03:25:43.088432Z DEBUG awase::journal: ime event seq=821 elapsed_ms=127979 event_kind="ObserverReported"
2026-09-21T03:25:43.088474Z DEBUG awase::journal: ime event seq=822 elapsed_ms=127979 event_kind="InputModeObserved"
2026-09-21T03:25:43.587879Z DEBUG awase_windows::observer::ime_observer: IME snapshot: japanese=Some(true) ime_on=Some(true) romaji=Some(true) conv=Some("0x00000019") guard=false
2026-09-21T03:25:43.587986Z DEBUG awase::journal: ime event seq=823 elapsed_ms=128478 event_kind="ObserverReported"
2026-09-21T03:25:43.588022Z DEBUG awase::journal: ime event seq=824 elapsed_ms=128479 event_kind="InputModeObserved"
2026-09-21T03:25:43.697075Z DEBUG awase_windows::runtime::key_pipeline: [engine-input] vk=0x0D KeyDown ts=128587753us delay=0ms state=Idle mods(c=false s=false a=false w=false) gas_ctrl=false phys_ctrl=false extra=0x5350494B pending_drain=0 gate_active=false l_thumb=None r_thumb=None [diag-ctx] ime_
2026-09-21T03:25:43.697221Z DEBUG awase::journal: key input seq=825 elapsed_ms=128588 vk_code=13 is_down=true injected=false key_class="Passthrough" state_before="Idle" state_after="Idle" decision="PassThrough" physical="Allow" repeat_count=1 last_timestamp_us=128587753 last_elapsed_ms=0
2026-09-21T03:25:43.697308Z DEBUG execute_from_hook: awase_windows::runtime::executor: [relay-passthrough] PassThrough idle: direct OS pass-through (vk=0x0d down)
2026-09-21T03:25:43.697373Z DEBUG execute_one{generation=None}: awase_windows::runtime::executor: [reinject] vk=0x0d down (queued passthrough now firing)
2026-09-21T03:25:43.711911Z DEBUG awase_windows::tsf::gji_monitor: [gji-io] WRITE: w_ops=+1 w_KB=+0.0 (r_ops=+2 x_ops=+2 x_KB=+0.0)
2026-09-21T03:25:43.821360Z DEBUG awase_windows::runtime::key_pipeline: [engine-input] vk=0x0D KeyUp ts=128711803us delay=0ms state=Idle mods(c=false s=false a=false w=false) gas_ctrl=false phys_ctrl=false extra=0x5350494B pending_drain=0 gate_active=false l_thumb=None r_thumb=None [diag-ctx] ime_on
2026-09-21T03:25:43.821464Z DEBUG awase::journal: key input seq=826 elapsed_ms=128712 vk_code=13 is_down=false injected=false key_class="Passthrough" state_before="Idle" state_after="Idle" decision="PassThrough" physical="Allow" repeat_count=1 last_timestamp_us=128711803 last_elapsed_ms=0
2026-09-21T03:25:43.821563Z DEBUG execute_from_hook: awase_windows::runtime::executor: [relay-passthrough] PassThrough idle: direct OS pass-through (vk=0x0d up)
2026-09-21T03:25:43.821635Z DEBUG execute_one{generation=None}: awase_windows::runtime::executor: [reinject] vk=0x0d up (queued passthrough now firing)
2026-09-21T03:25:44.093716Z DEBUG awase_windows::runtime::ime_refresh: Skipping observer/SSOT write: typing active (idle=265ms)
2026-09-21T03:25:44.591940Z DEBUG awase_windows::observer::ime_observer: IME snapshot: japanese=Some(true) ime_on=Some(true) romaji=Some(true) conv=Some("0x00000019") guard=false
2026-09-21T03:25:44.592014Z DEBUG awase::journal: ime event seq=827 elapsed_ms=129482 event_kind="ObserverReported"
2026-09-21T03:25:44.592041Z DEBUG awase::journal: ime event seq=828 elapsed_ms=129483 event_kind="InputModeObserved"
2026-09-21T03:25:45.089592Z DEBUG awase_windows::observer::ime_observer: IME snapshot: japanese=Some(true) ime_on=Some(true) romaji=Some(true) conv=Some("0x00000019") guard=false
2026-09-21T03:25:45.089682Z DEBUG awase::journal: ime event seq=829 elapsed_ms=129980 event_kind="ObserverReported"
2026-09-21T03:25:45.089719Z DEBUG awase::journal: ime event seq=830 elapsed_ms=129980 event_kind="InputModeObserved"
2026-09-21T03:25:45.588531Z DEBUG awase_windows::observer::ime_observer: IME snapshot: japanese=Some(true) ime_on=Some(true) romaji=Some(true) conv=Some("0x00000019") guard=false
2026-09-21T03:25:45.588629Z DEBUG awase::journal: ime event seq=831 elapsed_ms=130479 event_kind="ObserverReported"
2026-09-21T03:25:45.588670Z DEBUG awase::journal: ime event seq=832 elapsed_ms=130479 event_kind="InputModeObserved"
2026-09-21T03:25:45.632445Z DEBUG awase_windows::runtime::key_pipeline: [engine-input] vk=0x4B KeyDown ts=130522954us delay=0ms state=Idle mods(c=false s=false a=false w=false) gas_ctrl=false phys_ctrl=false extra=0x5350494B pending_drain=0 gate_active=false l_thumb=None r_thumb=None [diag-ctx] ime_
2026-09-21T03:25:45.632588Z DEBUG awase::journal: key input seq=833 elapsed_ms=130523 vk_code=75 is_down=true injected=false key_class="Char" state_before="Idle" state_after="PendingChar(vk=0x4B)" decision="Consume" physical="Allow" repeat_count=1 last_timestamp_us=130522954 last_elapsed_ms=0
2026-09-21T03:25:45.740016Z DEBUG execute_from_loop:execute_one{generation=None}: awase_windows::output: send_keys: mode=Unicode actions=[Char('き')] prev_elapsed=5859ms
2026-09-21T03:25:45.740048Z DEBUG execute_from_loop:execute_one{generation=None}: awase_windows::tsf::probe: [mark-send] last_send_ms=53156796
2026-09-21T03:25:45.740069Z DEBUG execute_from_loop:execute_one{generation=None}: awase_windows::output:   → Char('き') via Unicode
2026-09-21T03:25:45.743289Z DEBUG execute_from_loop:execute_one{generation=None}: awase_windows::tsf::probe: [mark-send] last_send_ms=53156796
2026-09-21T03:25:45.745761Z  INFO awase_windows::tsf::win_event_obs: [gji-obs] candidate SHOW #10: last_gji_write=2031ms ago
2026-09-21T03:25:45.757280Z DEBUG awase_windows::runtime::key_pipeline: [engine-input] vk=0x4B KeyUp ts=130647907us delay=0ms state=Idle mods(c=false s=false a=false w=false) gas_ctrl=false phys_ctrl=false extra=0x5350494B pending_drain=0 gate_active=false l_thumb=None r_thumb=None [diag-ctx] ime_on
2026-09-21T03:25:45.757398Z DEBUG awase::journal: key input seq=835 elapsed_ms=130648 vk_code=75 is_down=false injected=false key_class="Char" state_before="Idle" state_after="Idle" decision="Consume" physical="Allow" repeat_count=1 last_timestamp_us=130647907 last_elapsed_ms=0
2026-09-21T03:25:45.757607Z DEBUG execute_one{generation=None}: awase_windows::output: send_keys: mode=Unicode actions=[Suppress] prev_elapsed=16ms
2026-09-21T03:25:45.757645Z DEBUG execute_one{generation=None}: awase_windows::tsf::probe: [mark-send] last_send_ms=53156812
2026-09-21T03:25:45.757667Z DEBUG execute_one{generation=None}: awase_windows::output:   → Suppress
2026-09-21T03:25:45.757685Z DEBUG execute_one{generation=None}: awase_windows::tsf::probe: [mark-send] last_send_ms=53156812
2026-09-21T03:25:45.757744Z DEBUG execute_one{generation=None}: awase_windows::platform: [gji-fsm] StartComposition (candidate SHOW)
2026-09-21T03:25:45.757786Z DEBUG execute_one{generation=None}:gji_on_event{event=StartComposition}: awase_windows::tsf::gji_fsm: [gji-fsm] StartComposition: OnWarm → OnComposing(AlreadyWarm)
2026-09-21T03:25:45.757939Z DEBUG awase::journal: gji fsm transition seq=836 elapsed_ms=130648 trigger="StartComposition(candidate SHOW)" state_before="OnWarm" state_after="OnComposing(Warm)"
2026-09-21T03:25:45.758330Z DEBUG awase_windows::tsf::gji_monitor: [gji-io] WRITE: w_ops=+2 w_KB=+0.3 (r_ops=+4 x_ops=+4 x_KB=+0.0)
2026-09-21T03:25:46.089355Z DEBUG awase_windows::runtime::ime_refresh: Skipping observer/SSOT write: typing active (idle=328ms)
2026-09-21T03:25:46.586579Z DEBUG awase_windows::observer::ime_observer: IME snapshot: japanese=Some(true) ime_on=Some(true) romaji=Some(true) conv=Some("0x00000019") guard=false
2026-09-21T03:25:46.586659Z DEBUG awase::journal: ime event seq=837 elapsed_ms=131477 event_kind="ObserverReported"
2026-09-21T03:25:46.586693Z DEBUG awase::journal: ime event seq=838 elapsed_ms=131477 event_kind="InputModeObserved"
2026-09-21T03:25:47.089346Z DEBUG awase_windows::observer::ime_observer: IME snapshot: japanese=Some(true) ime_on=Some(true) romaji=Some(true) conv=Some("0x00000019") guard=false
2026-09-21T03:25:47.089413Z DEBUG awase::journal: ime event seq=839 elapsed_ms=131980 event_kind="ObserverReported"
2026-09-21T03:25:47.089437Z DEBUG awase::journal: ime event seq=840 elapsed_ms=131980 event_kind="InputModeObserved"
2026-09-21T03:25:47.574781Z DEBUG awase_windows::runtime::key_pipeline: [engine-input] vk=0x41 KeyDown ts=132465379us delay=0ms state=Idle mods(c=false s=false a=false w=false) gas_ctrl=false phys_ctrl=false extra=0x5350494B pending_drain=0 gate_active=false l_thumb=None r_thumb=None [diag-ctx] ime_
2026-09-21T03:25:47.574950Z DEBUG awase::journal: key input seq=841 elapsed_ms=132465 vk_code=65 is_down=true injected=false key_class="Char" state_before="Idle" state_after="PendingChar(vk=0x41)" decision="Consume" physical="Allow" repeat_count=1 last_timestamp_us=132465379 last_elapsed_ms=0
2026-09-21T03:25:47.593723Z DEBUG awase_windows::runtime::ime_refresh: Skipping observer/SSOT write: typing active (idle=15ms)
2026-09-21T03:25:47.683951Z DEBUG execute_from_loop:execute_one{generation=None}: awase_windows::output: send_keys: mode=Unicode actions=[Char('う')] prev_elapsed=1922ms
2026-09-21T03:25:47.684001Z DEBUG execute_from_loop:execute_one{generation=None}: awase_windows::tsf::probe: [mark-send] last_send_ms=53158734
2026-09-21T03:25:47.684031Z DEBUG execute_from_loop:execute_one{generation=None}: awase_windows::output:   → Char('う') via Unicode
2026-09-21T03:25:47.689711Z DEBUG execute_from_loop:execute_one{generation=None}: awase_windows::tsf::probe: [mark-send] last_send_ms=53158734
2026-09-21T03:25:47.698276Z DEBUG awase_windows::tsf::gji_monitor: [gji-io] WRITE: w_ops=+2 w_KB=+0.5 (r_ops=+4 x_ops=+4 x_KB=+0.0)
2026-09-21T03:25:47.701389Z DEBUG awase_windows::runtime::key_pipeline: [engine-input] vk=0x41 KeyUp ts=132592039us delay=0ms state=Idle mods(c=false s=false a=false w=false) gas_ctrl=false phys_ctrl=false extra=0x5350494B pending_drain=0 gate_active=false l_thumb=None r_thumb=None [diag-ctx] ime_on
2026-09-21T03:25:47.701479Z DEBUG awase::journal: key input seq=843 elapsed_ms=132592 vk_code=65 is_down=false injected=false key_class="Char" state_before="Idle" state_after="Idle" decision="Consume" physical="Allow" repeat_count=1 last_timestamp_us=132592039 last_elapsed_ms=0
2026-09-21T03:25:47.701585Z DEBUG execute_one{generation=None}: awase_windows::output: send_keys: mode=Unicode actions=[Suppress] prev_elapsed=16ms
2026-09-21T03:25:47.701609Z DEBUG execute_one{generation=None}: awase_windows::tsf::probe: [mark-send] last_send_ms=53158750
2026-09-21T03:25:47.701622Z DEBUG execute_one{generation=None}: awase_windows::output:   → Suppress
2026-09-21T03:25:47.701631Z DEBUG execute_one{generation=None}: awase_windows::tsf::probe: [mark-send] last_send_ms=53158750
2026-09-21T03:25:48.093899Z DEBUG awase_windows::runtime::ime_refresh: Skipping observer/SSOT write: typing active (idle=390ms)
2026-09-21T03:25:48.597340Z DEBUG awase_windows::observer::ime_observer: IME snapshot: japanese=Some(true) ime_on=Some(true) romaji=Some(true) conv=Some("0x00000019") guard=false
2026-09-21T03:25:48.597433Z DEBUG awase::journal: ime event seq=844 elapsed_ms=133488 event_kind="ObserverReported"
2026-09-21T03:25:48.597472Z DEBUG awase::journal: ime event seq=845 elapsed_ms=133488 event_kind="InputModeObserved"
2026-09-21T03:25:49.097119Z DEBUG awase_windows::observer::ime_observer: IME snapshot: japanese=Some(true) ime_on=Some(true) romaji=Some(true) conv=Some("0x00000019") guard=false
2026-09-21T03:25:49.097188Z DEBUG awase::journal: ime event seq=846 elapsed_ms=133988 event_kind="ObserverReported"
2026-09-21T03:25:49.097210Z DEBUG awase::journal: ime event seq=847 elapsed_ms=133988 event_kind="InputModeObserved"
2026-09-21T03:25:49.516794Z DEBUG awase_windows::runtime::key_pipeline: [engine-input] vk=0x1B KeyDown ts=134407459us delay=0ms state=Idle mods(c=false s=false a=false w=false) gas_ctrl=false phys_ctrl=false extra=0x5350494B pending_drain=0 gate_active=false l_thumb=None r_thumb=None [diag-ctx] ime_
2026-09-21T03:25:49.516907Z DEBUG awase::journal: key input seq=848 elapsed_ms=134407 vk_code=27 is_down=true injected=false key_class="Passthrough" state_before="Idle" state_after="Idle" decision="PassThrough" physical="Allow" repeat_count=1 last_timestamp_us=134407459 last_elapsed_ms=0
2026-09-21T03:25:49.516993Z DEBUG execute_from_hook: awase_windows::runtime::executor: [relay-passthrough] PassThrough idle: direct OS pass-through (vk=0x1b down)
2026-09-21T03:25:49.517059Z DEBUG execute_one{generation=None}: awase_windows::runtime::executor: [reinject] vk=0x1b down (queued passthrough now firing)
2026-09-21T03:25:49.522261Z  INFO awase_windows::tsf::win_event_obs: [gji-obs] candidate HIDE: last_gji_write=1828ms ago
2026-09-21T03:25:49.531845Z DEBUG awase_windows::tsf::gji_monitor: [gji-io] WRITE: w_ops=+2 w_KB=+0.3 (r_ops=+4 x_ops=+4 x_KB=+0.0)
2026-09-21T03:25:49.589539Z DEBUG awase_windows::runtime::ime_refresh: Skipping observer/SSOT write: typing active (idle=78ms)
2026-09-21T03:25:49.642625Z DEBUG awase_windows::runtime::key_pipeline: [engine-input] vk=0x1B KeyUp ts=134533201us delay=0ms state=Idle mods(c=false s=false a=false w=false) gas_ctrl=false phys_ctrl=false extra=0x5350494B pending_drain=0 gate_active=false l_thumb=None r_thumb=None [diag-ctx] ime_on
2026-09-21T03:25:49.642738Z DEBUG awase::journal: key input seq=849 elapsed_ms=134533 vk_code=27 is_down=false injected=false key_class="Passthrough" state_before="Idle" state_after="Idle" decision="PassThrough" physical="Allow" repeat_count=1 last_timestamp_us=134533201 last_elapsed_ms=0
2026-09-21T03:25:49.642840Z DEBUG execute_from_hook: awase_windows::runtime::executor: [relay-passthrough] PassThrough idle: direct OS pass-through (vk=0x1b up)
2026-09-21T03:25:49.642908Z DEBUG execute_one{generation=None}: awase_windows::runtime::executor: [reinject] vk=0x1b up (queued passthrough now firing)
2026-09-21T03:25:49.645626Z DEBUG awase_windows::platform: [gji-fsm] EndComposition (candidate HIDE) epoch=FocusEpoch(7)
2026-09-21T03:25:49.645765Z DEBUG awase::journal: gji fsm transition seq=850 elapsed_ms=134536 trigger="EndComposition(candidate HIDE, epoch=FocusEpoch(7))" state_before="OnComposing(Warm)" state_after="OnWarm"
2026-09-21T03:25:50.099059Z DEBUG awase_windows::runtime::ime_refresh: Skipping observer/SSOT write: typing active (idle=469ms)
2026-09-21T03:25:50.616859Z DEBUG awase_windows::observer::ime_observer: IME snapshot: japanese=Some(true) ime_on=Some(true) romaji=Some(true) conv=Some("0x00000019") guard=false
2026-09-21T03:25:50.616940Z DEBUG awase::journal: ime event seq=851 elapsed_ms=135507 event_kind="ObserverReported"
2026-09-21T03:25:50.616967Z DEBUG awase::journal: ime event seq=852 elapsed_ms=135507 event_kind="InputModeObserved"
2026-09-21T03:25:51.132907Z DEBUG awase_windows::observer::ime_observer: IME snapshot: japanese=Some(true) ime_on=Some(true) romaji=Some(true) conv=Some("0x00000019") guard=false
2026-09-21T03:25:51.132988Z DEBUG awase::journal: ime event seq=853 elapsed_ms=136023 event_kind="ObserverReported"
2026-09-21T03:25:51.133018Z DEBUG awase::journal: ime event seq=854 elapsed_ms=136023 event_kind="InputModeObserved"
2026-09-21T03:25:51.455327Z DEBUG awase_windows::runtime::key_pipeline: [engine-input] vk=0x1B KeyDown ts=136345684us delay=0ms state=Idle mods(c=false s=false a=false w=false) gas_ctrl=false phys_ctrl=false extra=0x5350494B pending_drain=0 gate_active=false l_thumb=None r_thumb=None [diag-ctx] ime_
2026-09-21T03:25:51.455561Z DEBUG awase::journal: key input seq=855 elapsed_ms=136346 vk_code=27 is_down=true injected=false key_class="Passthrough" state_before="Idle" state_after="Idle" decision="PassThrough" physical="Allow" repeat_count=1 last_timestamp_us=136345684 last_elapsed_ms=0
2026-09-21T03:25:51.455888Z DEBUG execute_from_hook: awase_windows::runtime::executor: [relay-passthrough] PassThrough idle: direct OS pass-through (vk=0x1b down)
2026-09-21T03:25:51.456065Z DEBUG execute_one{generation=None}: awase_windows::runtime::executor: [reinject] vk=0x1b down (queued passthrough now firing)
2026-09-21T03:25:51.470592Z DEBUG awase_windows::tsf::gji_monitor: [gji-io] WRITE: w_ops=+1 w_KB=+0.0 (r_ops=+2 x_ops=+2 x_KB=+0.0)
2026-09-21T03:25:51.579986Z DEBUG awase_windows::runtime::key_pipeline: [engine-input] vk=0x1B KeyUp ts=136470574us delay=0ms state=Idle mods(c=false s=false a=false w=false) gas_ctrl=false phys_ctrl=false extra=0x5350494B pending_drain=0 gate_active=false l_thumb=None r_thumb=None [diag-ctx] ime_on
2026-09-21T03:25:51.580084Z DEBUG awase::journal: key input seq=856 elapsed_ms=136471 vk_code=27 is_down=false injected=false key_class="Passthrough" state_before="Idle" state_after="Idle" decision="PassThrough" physical="Allow" repeat_count=1 last_timestamp_us=136470574 last_elapsed_ms=0
2026-09-21T03:25:51.580176Z DEBUG execute_from_hook: awase_windows::runtime::executor: [relay-passthrough] PassThrough idle: direct OS pass-through (vk=0x1b up)
2026-09-21T03:25:51.580261Z DEBUG execute_one{generation=None}: awase_windows::runtime::executor: [reinject] vk=0x1b up (queued passthrough now firing)
2026-09-21T03:25:51.644819Z DEBUG awase_windows::runtime::ime_refresh: Skipping observer/SSOT write: typing active (idle=62ms)
2026-09-21T03:25:52.148247Z DEBUG awase_windows::observer::ime_observer: IME snapshot: japanese=Some(true) ime_on=Some(true) romaji=Some(true) conv=Some("0x00000019") guard=false
2026-09-21T03:25:52.148349Z DEBUG awase::journal: ime event seq=857 elapsed_ms=137039 event_kind="ObserverReported"
2026-09-21T03:25:52.148392Z DEBUG awase::journal: ime event seq=858 elapsed_ms=137039 event_kind="InputModeObserved"
2026-09-21T03:25:52.665435Z DEBUG awase_windows::observer::ime_observer: IME snapshot: japanese=Some(true) ime_on=Some(true) romaji=Some(true) conv=Some("0x00000019") guard=false
2026-09-21T03:25:52.665542Z DEBUG awase::journal: ime event seq=859 elapsed_ms=137556 event_kind="ObserverReported"
2026-09-21T03:25:52.665606Z DEBUG awase::journal: ime event seq=860 elapsed_ms=137556 event_kind="InputModeObserved"
2026-09-21T03:25:53.165383Z DEBUG awase_windows::observer::ime_observer: IME snapshot: japanese=Some(true) ime_on=Some(true) romaji=Some(true) conv=Some("0x00000019") guard=false
2026-09-21T03:25:53.165488Z DEBUG awase::journal: ime event seq=861 elapsed_ms=138056 event_kind="ObserverReported"
2026-09-21T03:25:53.165525Z DEBUG awase::journal: ime event seq=862 elapsed_ms=138056 event_kind="InputModeObserved"
2026-09-21T03:25:53.382035Z DEBUG awase_windows::hook: [hook] IME-mode vk=0xF4 up self_injected=false injected=false scan=0x29 extra=0x5350494B since_actuation_us=Some(138186825)
2026-09-21T03:25:53.382226Z DEBUG awase::journal: hook ime-mode diagnostic seq=863 elapsed_ms=138273 vk_code=244 is_down=false self_injected=false injected=false scan=41
2026-09-21T03:25:53.382464Z DEBUG awase_windows::hook: [hook] IME-mode vk=0xF3 down self_injected=false injected=false scan=0x29 extra=0x5350494B since_actuation_us=Some(138187273)
2026-09-21T03:25:53.382532Z DEBUG awase_windows::runtime::key_pipeline: [engine-input] vk=0xF4 KeyUp ts=138273096us delay=0ms state=Idle mods(c=false s=false a=false w=false) gas_ctrl=false phys_ctrl=false extra=0x5350494B pending_drain=0 gate_active=false l_thumb=None r_thumb=None [diag-ctx] ime_on
2026-09-21T03:25:53.382670Z DEBUG awase::journal: key input seq=864 elapsed_ms=138273 vk_code=244 is_down=false injected=false key_class="Passthrough" state_before="Idle" state_after="Idle" decision="PassThrough" physical="Allow" repeat_count=1 last_timestamp_us=138273096 last_elapsed_ms=0
2026-09-21T03:25:53.382838Z DEBUG execute_from_hook: awase_windows::runtime::executor: [relay-passthrough] PassThrough idle: direct OS pass-through (vk=0xf4 up)
2026-09-21T03:25:53.382934Z DEBUG awase::journal: hook ime-mode diagnostic seq=865 elapsed_ms=138273 vk_code=243 is_down=true self_injected=false injected=false scan=41
2026-09-21T03:25:53.383066Z DEBUG awase_windows::runtime::key_pipeline: [engine-input] vk=0xF3 KeyDown ts=138273418us delay=0ms state=Idle mods(c=false s=false a=false w=false) gas_ctrl=false phys_ctrl=false extra=0x5350494B pending_drain=0 gate_active=false l_thumb=None r_thumb=None [diag-ctx] ime_
2026-09-21T03:25:53.383170Z DEBUG awase::journal: key input seq=866 elapsed_ms=138274 vk_code=243 is_down=true injected=false key_class="Passthrough" state_before="Idle" state_after="Idle" decision="PassThrough" physical="Allow" repeat_count=1 last_timestamp_us=138273418 last_elapsed_ms=0
2026-09-21T03:25:53.383269Z DEBUG awase_windows::runtime::key_pipeline: may_change_ime key passed through → IME refresh scheduled (20ms)
2026-09-21T03:25:53.383330Z  INFO awase_windows::runtime::key_pipeline: [mode-key-follow] mode key PassThrough(vk=0xF3): IME refresh scheduled (20ms)
2026-09-21T03:25:53.384129Z DEBUG awase_windows::runtime::key_pipeline: [key-effect-predict] vk=0xF3 status=Pre: no prediction
2026-09-21T03:25:53.384235Z DEBUG execute_from_hook: awase_windows::runtime::transport: [relay-defer] PassThrough deferred: pending effects, reinject(vk=0xf3 down)
2026-09-21T03:25:53.384354Z DEBUG execute_one{generation=None}: awase_windows::runtime::executor: [reinject] vk=0xf4 up (queued passthrough now firing)
2026-09-21T03:25:53.384436Z DEBUG execute_one{generation=None}: awase_windows::runtime::executor: [reinject] vk=0xf3 down (queued passthrough now firing)
2026-09-21T03:25:53.384593Z DEBUG awase_windows::hook: [hook] IME-mode vk=0xF4 up self_injected=true injected=true scan=0x0 extra=0x4B45594D since_actuation_us=Some(138189406)
2026-09-21T03:25:53.387074Z DEBUG awase_windows::hook: [hook] IME-mode vk=0xF3 up self_injected=true injected=false scan=0x0 extra=0x4B45594D since_actuation_us=Some(138191875)
2026-09-21T03:25:53.389327Z DEBUG awase_windows::hook: [hook] IME-mode vk=0xF4 down self_injected=true injected=true scan=0x0 extra=0x4B45594D since_actuation_us=Some(138194123)
2026-09-21T03:25:53.390809Z DEBUG awase::journal: hook ime-mode diagnostic seq=867 elapsed_ms=138281 vk_code=244 is_down=false self_injected=true injected=true scan=0
2026-09-21T03:25:53.390846Z DEBUG awase::journal: hook ime-mode diagnostic seq=868 elapsed_ms=138281 vk_code=243 is_down=false self_injected=true injected=false scan=0
2026-09-21T03:25:53.390878Z DEBUG awase::journal: hook ime-mode diagnostic seq=869 elapsed_ms=138281 vk_code=244 is_down=true self_injected=true injected=true scan=0
2026-09-21T03:25:53.396514Z DEBUG awase_windows::tsf::gji_monitor: [gji-io] WRITE: w_ops=+2 w_KB=+0.0 (r_ops=+4 x_ops=+4 x_KB=+0.0)
2026-09-21T03:25:53.417867Z DEBUG awase_windows::runtime::ime_refresh: Explicit intent: bypassing typing-idle guard for IME verify (idle=31ms)
2026-09-21T03:25:53.417943Z DEBUG awase_windows::observer::ime_observer: IME snapshot: japanese=Some(true) ime_on=Some(false) romaji=Some(true) conv=Some("0x00000019") guard=false
2026-09-21T03:25:53.418055Z DEBUG awase::journal: ime event seq=870 elapsed_ms=138309 event_kind="ObserverReported"
2026-09-21T03:25:53.418101Z DEBUG awase::journal: ime event seq=871 elapsed_ms=138309 event_kind="InputModeObserved"
2026-09-21T03:25:53.418160Z DEBUG awase::journal: ime event seq=872 elapsed_ms=138309 event_kind="ModeKeyPassedThrough"
2026-09-21T03:25:53.418372Z  INFO awase_windows::runtime::ime_refresh: [mode-key-follow] observation arrived after mode key pass: intents invalidated
2026-09-21T03:25:53.418504Z  INFO awase::engine::engine: Engine deactivated (ime=false, romaji=true, japanese=true, user=true, reason=Inactive(ImeOff))
2026-09-21T03:25:53.418716Z DEBUG execute_from_loop:execute_one{generation=None}:dispatch_ime_set_open{open=false generation=None}: awase_windows::runtime::executor: [dispatch-ime] ImmCross async: optimistic applied_snapshot=false (suppress send_engine_state_ime_key)
2026-09-21T03:25:53.420332Z DEBUG execute_from_loop:execute_one{generation=None}: awase_windows::platform: [engine-state-key] suppressed (polling/focus-triggered, enabled=false)
2026-09-21T03:25:53.421857Z DEBUG run_open_chain_async: awase_windows::ime_controller: [warrant-shadow] chain=async open=false origin=EventOrigin { source: SelfActuated { strategy: "engine_decision_async" }, epoch: Generation(0) } warranted
2026-09-21T03:25:53.421975Z  INFO run_open_chain_async:imm_cross_write{open=false}: awase_windows::runtime::open_chain: [apply-ime] ImmCross async: open=false composition_active=false show_seq=0 change_seq=0 (issue #138診断)
2026-09-21T03:25:53.425112Z DEBUG awase_windows::shadow_send_trace: [shadow-send] channel=ImeControl cmd=0x0006 lparam=0 issue_us=138315549
2026-09-21T03:25:53.425133Z DEBUG awase_windows::ime: set_ime_open_for_target: hwnd=HWND(0x300836) ime_wnd=HWND(0x4092a) open=false success=true send_elapsed=0ms candidate_visible=false
2026-09-21T03:25:53.425297Z DEBUG run_open_chain_async:imm_cross_write{open=false}: awase_windows::ime: [imm-cross-actuate] hwnd=HWND(0x300836) open=Written conv=None
2026-09-21T03:25:53.425393Z DEBUG run_open_chain_async: awase::journal: actuation decision seq=873 elapsed_ms=138316 site="DispatchImeSetOpen" caller="None" open=false chain_len=4 attempts_len=1 gate_profile="Standard" gate_kind="Gji" gate_shadow_known=true gate_shadow_on=true gate_input_mode="Obser
2026-09-21T03:25:53.425735Z DEBUG on_ime_apply_complete{open=false outcome=AppliedWithoutSendInput generation=None reason=EngineDecision}: awase::journal: ime open applied seq=874 elapsed_ms=138316 open=false outcome="AppliedWithoutSendInput" reason="EngineDecision"
2026-09-21T03:25:53.425835Z DEBUG on_ime_apply_complete{open=false outcome=AppliedWithoutSendInput generation=None reason=EngineDecision}: awase_windows::tsf::ime_mode_fsm: [ime-mode] SetOpen(false) applied → Off (belief, unconfirmed)
2026-09-21T03:25:53.425866Z DEBUG on_ime_apply_complete{open=false outcome=AppliedWithoutSendInput generation=None reason=EngineDecision}: awase_windows::platform: [composition] ImeEffect::SetOpen(false) → marking cold (prevent warm+TSF Enter leak)
2026-09-21T03:25:53.425893Z DEBUG on_ime_apply_complete{open=false outcome=AppliedWithoutSendInput generation=None reason=EngineDecision}: awase_windows::tsf::probe: [composition] marked cold reason=SetOpenFalse idle=5718ms → next VK/TSF output will send VK_DBE_HIRAGANA warmup
2026-09-21T03:25:53.426081Z DEBUG awase::journal: gji fsm transition seq=875 elapsed_ms=138316 trigger="ImeOff" state_before="OnWarm" state_after="OffCold"
2026-09-21T03:25:53.454063Z DEBUG awase_windows::runtime::ime_refresh: Explicit intent: bypassing typing-idle guard for IME verify (idle=63ms)
2026-09-21T03:25:53.454128Z DEBUG awase_windows::observer::ime_observer: IME snapshot: japanese=Some(true) ime_on=Some(false) romaji=Some(true) conv=Some("0x00000019") guard=false
2026-09-21T03:25:53.454295Z DEBUG awase::journal: ime event seq=876 elapsed_ms=138345 event_kind="ObserverReported"
2026-09-21T03:25:53.454339Z DEBUG awase::journal: ime event seq=877 elapsed_ms=138345 event_kind="InputModeObserved"
2026-09-21T03:25:53.454377Z  INFO awase_windows::runtime::ime_refresh: [mode-key-follow] observation arrived after mode key pass: intents invalidated
2026-09-21T03:25:53.512036Z DEBUG awase_windows::runtime::ime_refresh: Explicit intent: bypassing typing-idle guard for IME verify (idle=125ms)
2026-09-21T03:25:53.512157Z DEBUG awase_windows::observer::ime_observer: IME snapshot: japanese=Some(true) ime_on=Some(false) romaji=Some(true) conv=Some("0x00000019") guard=false
2026-09-21T03:25:53.512262Z DEBUG awase::journal: ime event seq=878 elapsed_ms=138403 event_kind="ObserverReported"
2026-09-21T03:25:53.512320Z DEBUG awase::journal: ime event seq=879 elapsed_ms=138403 event_kind="InputModeObserved"
2026-09-21T03:25:53.512359Z  INFO awase_windows::runtime::ime_refresh: [mode-key-follow] observation arrived after mode key pass: intents invalidated
2026-09-21T03:25:53.577156Z DEBUG awase_windows::runtime::ime_refresh: Explicit intent: bypassing typing-idle guard for IME verify (idle=188ms)
2026-09-21T03:25:53.577210Z DEBUG awase_windows::observer::ime_observer: IME snapshot: japanese=Some(true) ime_on=Some(false) romaji=Some(true) conv=Some("0x00000019") guard=false
2026-09-21T03:25:53.577280Z DEBUG awase::journal: ime event seq=880 elapsed_ms=138468 event_kind="ObserverReported"
2026-09-21T03:25:53.577306Z DEBUG awase::journal: ime event seq=881 elapsed_ms=138468 event_kind="InputModeObserved"
2026-09-21T03:25:53.577326Z  INFO awase_windows::runtime::ime_refresh: [mode-key-follow] observation arrived after mode key pass: intents invalidated
2026-09-21T03:25:53.637835Z DEBUG awase_windows::runtime::ime_refresh: Explicit intent: bypassing typing-idle guard for IME verify (idle=250ms)
2026-09-21T03:25:53.637915Z DEBUG awase_windows::observer::ime_observer: IME snapshot: japanese=Some(true) ime_on=Some(false) romaji=Some(true) conv=Some("0x00000019") guard=false
2026-09-21T03:25:53.638040Z DEBUG awase::journal: ime event seq=882 elapsed_ms=138529 event_kind="ObserverReported"
2026-09-21T03:25:53.638092Z DEBUG awase::journal: ime event seq=883 elapsed_ms=138529 event_kind="InputModeObserved"
2026-09-21T03:25:53.638133Z  INFO awase_windows::runtime::ime_refresh: [mode-key-follow] observation arrived after mode key pass: intents invalidated
2026-09-21T03:25:53.698236Z DEBUG awase_windows::runtime::ime_refresh: Skipping observer/SSOT write: typing active (idle=313ms)
2026-09-21T03:25:54.201847Z DEBUG awase_windows::observer::ime_observer: IME snapshot: japanese=Some(true) ime_on=Some(false) romaji=Some(true) conv=Some("0x00000019") guard=false
2026-09-21T03:25:54.202007Z DEBUG awase::journal: ime event seq=884 elapsed_ms=139092 event_kind="ObserverReported"
2026-09-21T03:25:54.202049Z DEBUG awase::journal: ime event seq=885 elapsed_ms=139093 event_kind="InputModeObserved"
2026-09-21T03:25:54.702552Z DEBUG awase_windows::observer::ime_observer: IME snapshot: japanese=Some(true) ime_on=Some(false) romaji=Some(true) conv=Some("0x00000019") guard=false
2026-09-21T03:25:54.702678Z DEBUG awase::journal: ime event seq=886 elapsed_ms=139593 event_kind="ObserverReported"
2026-09-21T03:25:54.702729Z DEBUG awase::journal: ime event seq=887 elapsed_ms=139593 event_kind="InputModeObserved"
2026-09-21T03:25:55.203696Z DEBUG awase_windows::observer::ime_observer: IME snapshot: japanese=Some(true) ime_on=Some(false) romaji=Some(true) conv=Some("0x00000019") guard=false
2026-09-21T03:25:55.203788Z DEBUG awase::journal: ime event seq=888 elapsed_ms=140094 event_kind="ObserverReported"
2026-09-21T03:25:55.203826Z DEBUG awase::journal: ime event seq=889 elapsed_ms=140094 event_kind="InputModeObserved"
2026-09-21T03:25:55.326102Z DEBUG awase_windows::runtime::key_pipeline: [engine-input] vk=0x1D KeyDown ts=140216770us delay=0ms state=Idle mods(c=false s=false a=false w=false) gas_ctrl=false phys_ctrl=false extra=0x5350494B pending_drain=0 gate_active=false l_thumb=Some(140216760) r_thumb=None [dia
2026-09-21T03:25:55.326192Z DEBUG awase::journal: key input seq=890 elapsed_ms=140217 vk_code=29 is_down=true injected=false key_class="LeftThumb" state_before="Idle" state_after="Idle" decision="PassThrough" physical="Allow" repeat_count=1 last_timestamp_us=140216770 last_elapsed_ms=0
2026-09-21T03:25:55.326272Z  INFO awase_windows::runtime::key_pipeline: [mode-key-follow] mode key PassThrough(vk=0x1D): IME refresh scheduled (20ms)
2026-09-21T03:25:55.326929Z  INFO awase_windows::runtime::key_pipeline: [key-effect-predict] vk=0x1D status=Direct open=Some(true) mode=None
2026-09-21T03:25:55.326988Z DEBUG awase::journal: ime event seq=891 elapsed_ms=140217 event_kind="KeyEffectPredicted"
2026-09-21T03:25:55.327035Z  INFO awase::engine::engine: Engine activated (ime=true, romaji=true, japanese=true, user=true, reason=Active)
2026-09-21T03:25:55.327159Z DEBUG execute_from_loop:execute_one{generation=None}:dispatch_ime_set_open{open=true generation=None}: awase_windows::runtime::executor: [dispatch-ime] ImmCross async: optimistic applied_snapshot=true (suppress send_engine_state_ime_key)
2026-09-21T03:25:55.328396Z DEBUG execute_from_loop:execute_one{generation=None}: awase_windows::platform: [engine-state-key] suppressed (polling/focus-triggered, enabled=true)
2026-09-21T03:25:55.328739Z DEBUG execute_one{generation=None}: awase_windows::runtime::executor: [reinject] vk=0x1d down (queued passthrough now firing)
2026-09-21T03:25:55.331606Z  INFO run_open_chain_async: awase_windows::ime_controller: [warrant-shadow] chain=async open=true origin=EventOrigin { source: SelfActuated { strategy: "engine_decision_async" }, epoch: Generation(0) } would_have_blocked=true (A-1 shadow: 書き込みは止めない。A-2 で強制する際の判断材料)
2026-09-21T03:25:55.331664Z DEBUG run_open_chain_async: awase::journal: actuation decision seq=892 elapsed_ms=140222 site="DispatchImeSetOpen" caller="None" open=true chain_len=4 attempts_len=0 gate_profile="Standard" gate_kind="Gji" gate_shadow_known=true gate_shadow_on=false gate_input_mode="Obser
2026-09-21T03:25:55.331897Z DEBUG on_ime_apply_complete{open=true outcome=Unwarranted generation=None reason=EngineDecision}: awase::journal: ime open applied seq=893 elapsed_ms=140222 open=true outcome="Unwarranted" reason="EngineDecision"
2026-09-21T03:25:55.340815Z DEBUG awase_windows::tsf::gji_monitor: [gji-io] WRITE: w_ops=+2 w_KB=+0.0 (r_ops=+4 x_ops=+4 x_KB=+0.0)
2026-09-21T03:25:55.359795Z DEBUG awase_windows::runtime::ime_refresh: Explicit intent: bypassing typing-idle guard for IME verify (idle=31ms)
2026-09-21T03:25:55.359842Z DEBUG awase_windows::observer::ime_observer: IME snapshot: japanese=Some(true) ime_on=Some(true) romaji=Some(true) conv=Some("0x00000019") guard=false
2026-09-21T03:25:55.359927Z DEBUG reduce: awase_windows::state::ime_model: [key-effect-fence] axis=open stale observation ignored: observed=true predicted=true age_ms=31
2026-09-21T03:25:55.359971Z DEBUG awase::journal: ime event seq=894 elapsed_ms=140250 event_kind="ObserverReported"
2026-09-21T03:25:55.360011Z DEBUG awase::journal: ime event seq=895 elapsed_ms=140250 event_kind="InputModeObserved"
2026-09-21T03:25:55.360080Z DEBUG awase::journal: ime event seq=896 elapsed_ms=140251 event_kind="ModeKeyPassedThrough"
2026-09-21T03:25:55.360100Z  INFO awase_windows::runtime::ime_refresh: [mode-key-follow] observation arrived after mode key pass: intents invalidated
2026-09-21T03:25:55.424050Z DEBUG awase_windows::runtime::ime_refresh: Explicit intent: bypassing typing-idle guard for IME verify (idle=93ms)
2026-09-21T03:25:55.424104Z DEBUG awase_windows::observer::ime_observer: IME snapshot: japanese=Some(true) ime_on=Some(true) romaji=Some(true) conv=Some("0x00000019") guard=false
2026-09-21T03:25:55.424199Z DEBUG reduce: awase_windows::state::ime_model: [key-effect-fence] axis=open stale observation ignored: observed=true predicted=true age_ms=93
2026-09-21T03:25:55.424248Z DEBUG awase::journal: ime event seq=897 elapsed_ms=140315 event_kind="ObserverReported"
2026-09-21T03:25:55.424293Z DEBUG awase::journal: ime event seq=898 elapsed_ms=140315 event_kind="InputModeObserved"
2026-09-21T03:25:55.424329Z  INFO awase_windows::runtime::ime_refresh: [mode-key-follow] observation arrived after mode key pass: intents invalidated
2026-09-21T03:25:55.452580Z DEBUG awase_windows::runtime::key_pipeline: [engine-input] vk=0x1D KeyUp ts=140343024us delay=0ms state=Idle mods(c=false s=false a=false w=false) gas_ctrl=false phys_ctrl=false extra=0x5350494B pending_drain=0 gate_active=false l_thumb=None r_thumb=None [diag-ctx] ime_on
2026-09-21T03:25:55.452786Z DEBUG awase::journal: key input seq=899 elapsed_ms=140343 vk_code=29 is_down=false injected=false key_class="LeftThumb" state_before="Idle" state_after="Idle" decision="PassThrough" physical="Allow" repeat_count=1 last_timestamp_us=140343024 last_elapsed_ms=0
2026-09-21T03:25:55.453062Z DEBUG execute_one{generation=None}: awase_windows::runtime::executor: [reinject] vk=0x1d up (queued passthrough now firing)
2026-09-21T03:25:55.489581Z DEBUG awase_windows::runtime::ime_refresh: Explicit intent: bypassing typing-idle guard for IME verify (idle=46ms)
2026-09-21T03:25:55.489638Z DEBUG awase_windows::observer::ime_observer: IME snapshot: japanese=Some(true) ime_on=Some(true) romaji=Some(true) conv=Some("0x00000019") guard=false
2026-09-21T03:25:55.489824Z DEBUG reduce: awase_windows::state::ime_model: [key-effect-confirmed] axis=open value=true
2026-09-21T03:25:55.489873Z DEBUG awase::journal: ime event seq=900 elapsed_ms=140380 event_kind="ObserverReported"
2026-09-21T03:25:55.489921Z DEBUG awase::journal: ime event seq=901 elapsed_ms=140380 event_kind="InputModeObserved"
2026-09-21T03:25:55.489961Z  INFO awase_windows::runtime::ime_refresh: [mode-key-follow] observation arrived after mode key pass: intents invalidated
2026-09-21T03:25:55.563433Z DEBUG awase_windows::runtime::ime_refresh: Explicit intent: bypassing typing-idle guard for IME verify (idle=109ms)
2026-09-21T03:25:55.563493Z DEBUG awase_windows::observer::ime_observer: IME snapshot: japanese=Some(true) ime_on=Some(true) romaji=Some(true) conv=Some("0x00000019") guard=false
2026-09-21T03:25:55.563585Z DEBUG awase::journal: ime event seq=902 elapsed_ms=140454 event_kind="ObserverReported"
2026-09-21T03:25:55.563624Z DEBUG awase::journal: ime event seq=903 elapsed_ms=140454 event_kind="InputModeObserved"
2026-09-21T03:25:55.563653Z  INFO awase_windows::runtime::ime_refresh: [mode-key-follow] observation arrived after mode key pass: intents invalidated
2026-09-21T03:25:55.624921Z DEBUG awase_windows::runtime::ime_refresh: Explicit intent: bypassing typing-idle guard for IME verify (idle=171ms)
2026-09-21T03:25:55.624972Z DEBUG awase_windows::observer::ime_observer: IME snapshot: japanese=Some(true) ime_on=Some(true) romaji=Some(true) conv=Some("0x00000019") guard=false
2026-09-21T03:25:55.625045Z DEBUG awase::journal: ime event seq=904 elapsed_ms=140516 event_kind="ObserverReported"
2026-09-21T03:25:55.625068Z DEBUG awase::journal: ime event seq=905 elapsed_ms=140516 event_kind="InputModeObserved"
2026-09-21T03:25:55.625085Z  INFO awase_windows::runtime::ime_refresh: [mode-key-follow] observation arrived after mode key pass: intents invalidated
2026-09-21T03:25:55.688242Z DEBUG awase_windows::runtime::ime_refresh: Skipping observer/SSOT write: typing active (idle=234ms)
2026-09-21T03:25:56.190702Z DEBUG awase_windows::observer::ime_observer: IME snapshot: japanese=Some(true) ime_on=Some(true) romaji=Some(true) conv=Some("0x00000019") guard=false
2026-09-21T03:25:56.190837Z DEBUG awase::journal: ime event seq=906 elapsed_ms=141081 event_kind="ObserverReported"
2026-09-21T03:25:56.190877Z DEBUG awase::journal: ime event seq=907 elapsed_ms=141081 event_kind="InputModeObserved"
2026-09-21T03:25:56.689591Z DEBUG awase_windows::observer::ime_observer: IME snapshot: japanese=Some(true) ime_on=Some(true) romaji=Some(true) conv=Some("0x00000019") guard=false
2026-09-21T03:25:56.689678Z DEBUG awase::journal: ime event seq=908 elapsed_ms=141580 event_kind="ObserverReported"
2026-09-21T03:25:56.689715Z DEBUG awase::journal: ime event seq=909 elapsed_ms=141580 event_kind="InputModeObserved"
2026-09-21T03:25:57.190880Z DEBUG awase_windows::observer::ime_observer: IME snapshot: japanese=Some(true) ime_on=Some(true) romaji=Some(true) conv=Some("0x00000019") guard=false
2026-09-21T03:25:57.190961Z DEBUG awase::journal: ime event seq=910 elapsed_ms=142081 event_kind="ObserverReported"
2026-09-21T03:25:57.190997Z DEBUG awase::journal: ime event seq=911 elapsed_ms=142081 event_kind="InputModeObserved"
2026-09-21T03:25:57.262799Z DEBUG awase_windows::hook: [hook] IME-mode vk=0xF2 down self_injected=false injected=false scan=0x70 extra=0x5350494B since_actuation_us=Some(142067594)
2026-09-21T03:25:57.263012Z DEBUG awase::journal: hook ime-mode diagnostic seq=912 elapsed_ms=142153 vk_code=242 is_down=true self_injected=false injected=false scan=112
2026-09-21T03:25:57.263275Z DEBUG awase_windows::runtime::key_pipeline: [engine-input] vk=0xF2 KeyDown ts=142153810us delay=0ms state=Idle mods(c=false s=false a=false w=false) gas_ctrl=false phys_ctrl=false extra=0x5350494B pending_drain=0 gate_active=false l_thumb=None r_thumb=None [diag-ctx] ime_
2026-09-21T03:25:57.263396Z DEBUG awase::journal: key input seq=913 elapsed_ms=142154 vk_code=242 is_down=true injected=false key_class="Passthrough" state_before="Idle" state_after="Idle" decision="PassThrough" physical="Allow" repeat_count=1 last_timestamp_us=142153810 last_elapsed_ms=0
2026-09-21T03:25:57.263492Z DEBUG awase_windows::runtime::key_pipeline: may_change_ime key passed through → IME refresh scheduled (20ms)
2026-09-21T03:25:57.263551Z  INFO awase_windows::runtime::key_pipeline: [mode-key-follow] mode key PassThrough(vk=0xF2): IME refresh scheduled (20ms)
2026-09-21T03:25:57.264510Z  INFO awase_windows::runtime::key_pipeline: [key-effect-predict] vk=0xF2 status=Pre open=None mode=Some(ObservedEisu)
2026-09-21T03:25:57.264588Z DEBUG awase::journal: ime event seq=914 elapsed_ms=142155 event_kind="KeyEffectPredicted"
2026-09-21T03:25:57.264658Z DEBUG awase::engine::engine: [diag-engine-active] ime_on=true なのに非活性: reason=Inactive(NotRomajiInput) romaji_capable=false japanese=true user_enabled=true was_active=true input_mode=ObservedEisu
2026-09-21T03:25:57.264712Z  INFO awase::engine::engine: Engine deactivated (ime=true, romaji=false, japanese=true, user=true, reason=Inactive(NotRomajiInput))
2026-09-21T03:25:57.266422Z DEBUG awase_windows::tsf::probe: [composition] marked cold reason=F2NonTsf idle=9562ms → next VK/TSF output will send VK_DBE_HIRAGANA warmup
2026-09-21T03:25:57.266573Z DEBUG execute_from_hook: awase_windows::runtime::executor: [relay-passthrough] PassThrough idle: direct OS pass-through (vk=0xf2 down)
2026-09-21T03:25:57.266607Z DEBUG awase::journal: gji fsm transition seq=915 elapsed_ms=142157 trigger="CompositionReset(gji_idle_ms=1922)" state_before="OffCold" state_after="OffCold"
2026-09-21T03:25:57.266701Z DEBUG execute_one{generation=None}: awase_windows::runtime::executor: [reinject] vk=0xf2 down (queued passthrough now firing)
2026-09-21T03:25:57.266924Z DEBUG awase_windows::hook: [hook] IME-mode vk=0xF2 down self_injected=true injected=true scan=0x0 extra=0x4B45594D since_actuation_us=Some(142071733)
2026-09-21T03:25:57.270435Z DEBUG awase::journal: hook ime-mode diagnostic seq=916 elapsed_ms=142161 vk_code=242 is_down=true self_injected=true injected=true scan=0
2026-09-21T03:25:57.279313Z DEBUG awase_windows::tsf::gji_monitor: [gji-io] WRITE: w_ops=+2 w_KB=+0.0 (r_ops=+4 x_ops=+4 x_KB=+0.0)
2026-09-21T03:25:57.299764Z DEBUG awase_windows::runtime::ime_refresh: Explicit intent: bypassing typing-idle guard for IME verify (idle=31ms)
2026-09-21T03:25:57.299843Z DEBUG awase_windows::observer::ime_observer: IME snapshot: japanese=Some(true) ime_on=Some(true) romaji=None conv=Some("0x00000010") guard=false
2026-09-21T03:25:57.299964Z DEBUG awase::journal: ime event seq=917 elapsed_ms=142190 event_kind="ObserverReported"
2026-09-21T03:25:57.300039Z DEBUG awase::journal: ime event seq=918 elapsed_ms=142191 event_kind="ModeKeyPassedThrough"
2026-09-21T03:25:57.300063Z  INFO awase_windows::runtime::ime_refresh: [mode-key-follow] observation arrived after mode key pass: intents invalidated
2026-09-21T03:25:57.300157Z DEBUG awase::engine::engine: [diag-engine-active] ime_on=true なのに非活性: reason=Inactive(NotRomajiInput) romaji_capable=false japanese=true user_enabled=true was_active=false input_mode=ObservedEisu
2026-09-21T03:25:57.374484Z DEBUG awase_windows::runtime::ime_refresh: Explicit intent: bypassing typing-idle guard for IME verify (idle=109ms)
2026-09-21T03:25:57.374545Z DEBUG awase_windows::observer::ime_observer: IME snapshot: japanese=Some(true) ime_on=Some(true) romaji=None conv=Some("0x00000010") guard=false
2026-09-21T03:25:57.374639Z DEBUG awase::journal: ime event seq=919 elapsed_ms=142265 event_kind="ObserverReported"
2026-09-21T03:25:57.374675Z  INFO awase_windows::runtime::ime_refresh: [mode-key-follow] observation arrived after mode key pass: intents invalidated
2026-09-21T03:25:57.374749Z DEBUG awase::engine::engine: [diag-engine-active] ime_on=true なのに非活性: reason=Inactive(NotRomajiInput) romaji_capable=false japanese=true user_enabled=true was_active=false input_mode=ObservedEisu
2026-09-21T03:25:57.436711Z DEBUG awase_windows::runtime::ime_refresh: Explicit intent: bypassing typing-idle guard for IME verify (idle=172ms)
2026-09-21T03:25:57.436766Z DEBUG awase_windows::observer::ime_observer: IME snapshot: japanese=Some(true) ime_on=Some(true) romaji=None conv=Some("0x00000010") guard=false
2026-09-21T03:25:57.436850Z DEBUG awase::journal: ime event seq=920 elapsed_ms=142327 event_kind="ObserverReported"
2026-09-21T03:25:57.436883Z  INFO awase_windows::runtime::ime_refresh: [mode-key-follow] observation arrived after mode key pass: intents invalidated
2026-09-21T03:25:57.436947Z DEBUG awase::engine::engine: [diag-engine-active] ime_on=true なのに非活性: reason=Inactive(NotRomajiInput) romaji_capable=false japanese=true user_enabled=true was_active=false input_mode=ObservedEisu
2026-09-21T03:25:57.499708Z DEBUG awase_windows::runtime::ime_refresh: Explicit intent: bypassing typing-idle guard for IME verify (idle=234ms)
2026-09-21T03:25:57.499808Z DEBUG awase_windows::observer::ime_observer: IME snapshot: japanese=Some(true) ime_on=Some(true) romaji=None conv=Some("0x00000010") guard=false
2026-09-21T03:25:57.499895Z DEBUG awase::journal: ime event seq=921 elapsed_ms=142390 event_kind="ObserverReported"
2026-09-21T03:25:57.499928Z  INFO awase_windows::runtime::ime_refresh: [mode-key-follow] observation arrived after mode key pass: intents invalidated
2026-09-21T03:25:57.499993Z DEBUG awase::engine::engine: [diag-engine-active] ime_on=true なのに非活性: reason=Inactive(NotRomajiInput) romaji_capable=false japanese=true user_enabled=true was_active=false input_mode=ObservedEisu
2026-09-21T03:25:57.561775Z DEBUG awase_windows::runtime::ime_refresh: Explicit intent: bypassing typing-idle guard for IME verify (idle=297ms)
2026-09-21T03:25:57.561815Z DEBUG awase_windows::observer::ime_observer: IME snapshot: japanese=Some(true) ime_on=Some(true) romaji=None conv=Some("0x00000010") guard=false
2026-09-21T03:25:57.561863Z DEBUG awase::journal: ime event seq=922 elapsed_ms=142452 event_kind="ObserverReported"
2026-09-21T03:25:57.561902Z  INFO awase_windows::runtime::ime_refresh: [mode-key-follow] observation arrived after mode key pass: intents invalidated
2026-09-21T03:25:57.561951Z DEBUG awase::engine::engine: [diag-engine-active] ime_on=true なのに非活性: reason=Inactive(NotRomajiInput) romaji_capable=false japanese=true user_enabled=true was_active=false input_mode=ObservedEisu
2026-09-21T03:25:57.626144Z DEBUG awase_windows::runtime::ime_refresh: Skipping observer/SSOT write: typing active (idle=359ms)
2026-09-21T03:25:57.626207Z DEBUG awase::engine::engine: [diag-engine-active] ime_on=true なのに非活性: reason=Inactive(NotRomajiInput) romaji_capable=false japanese=true user_enabled=true was_active=false input_mode=ObservedEisu
2026-09-21T03:25:58.124692Z DEBUG awase_windows::observer::ime_observer: IME snapshot: japanese=Some(true) ime_on=Some(true) romaji=None conv=Some("0x00000010") guard=false
2026-09-21T03:25:58.124785Z DEBUG awase::journal: ime event seq=923 elapsed_ms=143015 event_kind="ObserverReported"
2026-09-21T03:25:58.124859Z DEBUG awase::engine::engine: [diag-engine-active] ime_on=true なのに非活性: reason=Inactive(NotRomajiInput) romaji_capable=false japanese=true user_enabled=true was_active=false input_mode=ObservedEisu
2026-09-21T03:25:58.627351Z DEBUG awase_windows::observer::ime_observer: IME snapshot: japanese=Some(true) ime_on=Some(true) romaji=None conv=Some("0x00000010") guard=false
2026-09-21T03:25:58.627420Z DEBUG awase::journal: ime event seq=924 elapsed_ms=143518 event_kind="ObserverReported"
2026-09-21T03:25:58.627478Z DEBUG awase::engine::engine: [diag-engine-active] ime_on=true なのに非活性: reason=Inactive(NotRomajiInput) romaji_capable=false japanese=true user_enabled=true was_active=false input_mode=ObservedEisu
2026-09-21T03:25:59.131731Z DEBUG awase_windows::observer::ime_observer: IME snapshot: japanese=Some(true) ime_on=Some(true) romaji=None conv=Some("0x00000010") guard=false
2026-09-21T03:25:59.131799Z DEBUG awase::journal: ime event seq=925 elapsed_ms=144022 event_kind="ObserverReported"
2026-09-21T03:25:59.131858Z DEBUG awase::engine::engine: [diag-engine-active] ime_on=true なのに非活性: reason=Inactive(NotRomajiInput) romaji_capable=false japanese=true user_enabled=true was_active=false input_mode=ObservedEisu
2026-09-21T03:25:59.206022Z DEBUG awase_windows::runtime::key_pipeline: [engine-input] vk=0x1B KeyDown ts=144096638us delay=0ms state=Idle mods(c=false s=false a=false w=false) gas_ctrl=false phys_ctrl=false extra=0x5350494B pending_drain=0 gate_active=false l_thumb=None r_thumb=None [diag-ctx] ime_
2026-09-21T03:25:59.206089Z DEBUG awase::engine::engine: [diag-engine-active] ime_on=true なのに非活性: reason=Inactive(NotRomajiInput) romaji_capable=false japanese=true user_enabled=true was_active=false input_mode=ObservedEisu
2026-09-21T03:25:59.206180Z DEBUG awase::journal: key input seq=926 elapsed_ms=144097 vk_code=27 is_down=true injected=false key_class="Passthrough" state_before="Idle" state_after="Idle" decision="PassThrough" physical="Allow" repeat_count=1 last_timestamp_us=144096638 last_elapsed_ms=0
2026-09-21T03:25:59.206307Z DEBUG execute_from_hook: awase_windows::tsf::probe: [composition] marked cold reason=PassthroughConfirmKey idle=11500ms → next VK/TSF output will send VK_DBE_HIRAGANA warmup
2026-09-21T03:25:59.206340Z DEBUG execute_from_hook: awase_windows::tsf::probe: [mark-send] last_send_ms=53170250
2026-09-21T03:25:59.206417Z DEBUG execute_from_hook: awase_windows::platform: [composition-fsm] EmitWarmup (ConfirmKeyDown)
2026-09-21T03:25:59.206449Z DEBUG execute_from_hook: awase_windows::runtime::executor: [relay-passthrough] PassThrough idle: direct OS pass-through (vk=0x1b down)
2026-09-21T03:25:59.206488Z DEBUG awase::journal: gji fsm transition seq=927 elapsed_ms=144097 trigger="CompositionReset(gji_idle_ms=1922)" state_before="OffCold" state_after="OffCold"
2026-09-21T03:25:59.206553Z DEBUG awase_windows::runtime::executor: [reinject-guard] suspending drain for 50ms (vk=0x1b)
2026-09-21T03:25:59.268017Z DEBUG execute_one{generation=None}: awase_windows::runtime::executor: [reinject] vk=0x1b down (queued passthrough now firing)
2026-09-21T03:25:59.268073Z DEBUG execute_one{generation=None}: awase_windows::platform: [composition] reinject KeyDown vk=0x1b → marking cold + eager warmup
2026-09-21T03:25:59.268096Z DEBUG execute_one{generation=None}: awase_windows::tsf::probe: [composition] marked cold reason=ReinjectConfirmKey idle=62ms → next VK/TSF output will send VK_DBE_HIRAGANA warmup
2026-09-21T03:25:59.268120Z DEBUG execute_one{generation=None}: awase_windows::tsf::probe: [mark-send] last_send_ms=53170312
2026-09-21T03:25:59.269934Z DEBUG awase::journal: gji fsm transition seq=928 elapsed_ms=144159 trigger="CompositionReset(gji_idle_ms=1984)" state_before="OffCold" state_after="OffCold"
2026-09-21T03:25:59.283659Z DEBUG awase_windows::tsf::gji_monitor: [gji-io] WRITE: w_ops=+1 w_KB=+0.0 (r_ops=+2 x_ops=+2 x_KB=+0.0)
2026-09-21T03:25:59.331398Z DEBUG awase_windows::runtime::key_pipeline: [engine-input] vk=0x1B KeyUp ts=144221823us delay=0ms state=Idle mods(c=false s=false a=false w=false) gas_ctrl=false phys_ctrl=false extra=0x5350494B pending_drain=0 gate_active=false l_thumb=None r_thumb=None [diag-ctx] ime_on
2026-09-21T03:25:59.331495Z DEBUG awase::engine::engine: [diag-engine-active] ime_on=true なのに非活性: reason=Inactive(NotRomajiInput) romaji_capable=false japanese=true user_enabled=true was_active=false input_mode=ObservedEisu
2026-09-21T03:25:59.331635Z DEBUG awase::journal: key input seq=929 elapsed_ms=144222 vk_code=27 is_down=false injected=false key_class="Passthrough" state_before="Idle" state_after="Idle" decision="PassThrough" physical="Allow" repeat_count=1 last_timestamp_us=144221823 last_elapsed_ms=0
2026-09-21T03:25:59.331826Z DEBUG execute_from_hook: awase_windows::runtime::executor: [relay-passthrough] PassThrough idle: direct OS pass-through (vk=0x1b up)
2026-09-21T03:25:59.331963Z DEBUG execute_one{generation=None}: awase_windows::runtime::executor: [reinject] vk=0x1b up (queued passthrough now firing)
2026-09-21T03:25:59.650005Z DEBUG awase_windows::runtime::ime_refresh: Skipping observer/SSOT write: typing active (idle=328ms)
2026-09-21T03:25:59.650077Z DEBUG awase::engine::engine: [diag-engine-active] ime_on=true なのに非活性: reason=Inactive(NotRomajiInput) romaji_capable=false japanese=true user_enabled=true was_active=false input_mode=ObservedEisu
2026-09-21T03:26:00.161064Z DEBUG awase_windows::observer::ime_observer: IME snapshot: japanese=Some(true) ime_on=Some(true) romaji=None conv=Some("0x00000010") guard=false
2026-09-21T03:26:00.161137Z DEBUG awase::journal: ime event seq=930 elapsed_ms=145052 event_kind="ObserverReported"
2026-09-21T03:26:00.161197Z DEBUG awase::engine::engine: [diag-engine-active] ime_on=true なのに非活性: reason=Inactive(NotRomajiInput) romaji_capable=false japanese=true user_enabled=true was_active=false input_mode=ObservedEisu
2026-09-21T03:26:00.679120Z DEBUG awase_windows::observer::ime_observer: IME snapshot: japanese=Some(true) ime_on=Some(true) romaji=None conv=Some("0x00000010") guard=false
2026-09-21T03:26:00.679184Z DEBUG awase::journal: ime event seq=931 elapsed_ms=145570 event_kind="ObserverReported"
2026-09-21T03:26:00.679293Z DEBUG awase::engine::engine: [diag-engine-active] ime_on=true なのに非活性: reason=Inactive(NotRomajiInput) romaji_capable=false japanese=true user_enabled=true was_active=false input_mode=ObservedEisu
2026-09-21T03:26:01.143774Z DEBUG awase_windows::hook: [hook] IME-mode vk=0xF0 up self_injected=false injected=false scan=0x70 extra=0x5350494B since_actuation_us=Some(145948574)
2026-09-21T03:26:01.143887Z DEBUG awase::journal: hook ime-mode diagnostic seq=932 elapsed_ms=146034 vk_code=240 is_down=false self_injected=false injected=false scan=112
2026-09-21T03:26:01.144053Z DEBUG awase_windows::runtime::key_pipeline: [engine-input] vk=0xF0 KeyUp ts=146034766us delay=0ms state=Idle mods(c=false s=false a=false w=false) gas_ctrl=false phys_ctrl=false extra=0x5350494B pending_drain=0 gate_active=false l_thumb=None r_thumb=None [diag-ctx] ime_on
2026-09-21T03:26:01.144069Z DEBUG awase_windows::hook: [hook] IME-mode vk=0xF2 down self_injected=false injected=false scan=0x70 extra=0x5350494B since_actuation_us=Some(145948881)
2026-09-21T03:26:01.144086Z DEBUG awase::engine::engine: [diag-engine-active] ime_on=true なのに非活性: reason=Inactive(NotRomajiInput) romaji_capable=false japanese=true user_enabled=true was_active=false input_mode=ObservedEisu
2026-09-21T03:26:01.144145Z DEBUG awase::journal: key input seq=933 elapsed_ms=146035 vk_code=240 is_down=false injected=false key_class="Passthrough" state_before="Idle" state_after="Idle" decision="PassThrough" physical="Allow" repeat_count=1 last_timestamp_us=146034766 last_elapsed_ms=0
2026-09-21T03:26:01.144221Z DEBUG execute_from_hook: awase_windows::runtime::executor: [relay-passthrough] PassThrough idle: direct OS pass-through (vk=0xf0 up)
2026-09-21T03:26:01.144293Z DEBUG awase::journal: hook ime-mode diagnostic seq=934 elapsed_ms=146035 vk_code=242 is_down=true self_injected=false injected=false scan=112
2026-09-21T03:26:01.144373Z DEBUG awase_windows::runtime::key_pipeline: [engine-input] vk=0xF2 KeyDown ts=146035008us delay=0ms state=Idle mods(c=false s=false a=false w=false) gas_ctrl=false phys_ctrl=false extra=0x5350494B pending_drain=0 gate_active=false l_thumb=None r_thumb=None [diag-ctx] ime_
2026-09-21T03:26:01.144456Z DEBUG awase::engine::engine: [diag-engine-active] ime_on=true なのに非活性: reason=Inactive(NotRomajiInput) romaji_capable=false japanese=true user_enabled=true was_active=false input_mode=ObservedEisu
2026-09-21T03:26:01.144507Z DEBUG awase::journal: key input seq=935 elapsed_ms=146035 vk_code=242 is_down=true injected=false key_class="Passthrough" state_before="Idle" state_after="Idle" decision="PassThrough" physical="Allow" repeat_count=1 last_timestamp_us=146035008 last_elapsed_ms=0
2026-09-21T03:26:01.144578Z DEBUG awase_windows::runtime::key_pipeline: may_change_ime key passed through → IME refresh scheduled (20ms)
2026-09-21T03:26:01.144616Z  INFO awase_windows::runtime::key_pipeline: [mode-key-follow] mode key PassThrough(vk=0xF2): IME refresh scheduled (20ms)
2026-09-21T03:26:01.145267Z  INFO awase_windows::runtime::key_pipeline: [key-effect-predict] vk=0xF2 status=Pre open=None mode=Some(AssumedRomaji { reason: KeyEffectPrediction })
2026-09-21T03:26:01.145325Z DEBUG awase::journal: ime event seq=936 elapsed_ms=146036 event_kind="KeyEffectPredicted"
2026-09-21T03:26:01.145371Z  INFO awase::engine::engine: Engine activated (ime=true, romaji=true, japanese=true, user=true, reason=Active)
2026-09-21T03:26:01.145486Z DEBUG execute_from_loop:execute_one{generation=None}:dispatch_ime_set_open{open=true generation=None}: awase_windows::runtime::executor: [dispatch-ime] ImmCross async: optimistic applied_snapshot=true (suppress send_engine_state_ime_key)
2026-09-21T03:26:01.146927Z DEBUG execute_from_loop:execute_one{generation=None}: awase_windows::platform: [engine-state-key] suppressed (polling/focus-triggered, enabled=true)
2026-09-21T03:26:01.147036Z DEBUG awase_windows::tsf::probe: [composition] marked cold reason=F2NonTsf idle=1891ms → next VK/TSF output will send VK_DBE_HIRAGANA warmup
2026-09-21T03:26:01.147139Z DEBUG execute_from_hook: awase_windows::runtime::transport: [relay-defer] PassThrough deferred: pending effects, reinject(vk=0xf2 down)
2026-09-21T03:26:01.147187Z DEBUG awase::journal: gji fsm transition seq=937 elapsed_ms=146038 trigger="CompositionReset(gji_idle_ms=1875)" state_before="OffCold" state_after="OffCold"
2026-09-21T03:26:01.147243Z DEBUG execute_one{generation=None}: awase_windows::runtime::executor: [reinject] vk=0xf0 up (queued passthrough now firing)
2026-09-21T03:26:01.147299Z DEBUG execute_one{generation=None}: awase_windows::runtime::executor: [reinject] vk=0xf2 down (queued passthrough now firing)
2026-09-21T03:26:01.147564Z DEBUG awase_windows::hook: [hook] IME-mode vk=0xF0 up self_injected=true injected=false scan=0x0 extra=0x4B45594D since_actuation_us=Some(145952375)
2026-09-21T03:26:01.150965Z DEBUG awase_windows::hook: [hook] IME-mode vk=0xF2 down self_injected=true injected=true scan=0x0 extra=0x4B45594D since_actuation_us=Some(145955770)
2026-09-21T03:26:01.151878Z DEBUG awase::journal: hook ime-mode diagnostic seq=938 elapsed_ms=146042 vk_code=240 is_down=false self_injected=true injected=false scan=0
2026-09-21T03:26:01.151924Z DEBUG awase::journal: hook ime-mode diagnostic seq=939 elapsed_ms=146042 vk_code=242 is_down=true self_injected=true injected=true scan=0
2026-09-21T03:26:01.152117Z DEBUG run_open_chain_async: awase_windows::ime_controller: [warrant-shadow] chain=async open=true origin=EventOrigin { source: SelfActuated { strategy: "engine_decision_async" }, epoch: Generation(0) } warranted
2026-09-21T03:26:01.152200Z  INFO run_open_chain_async:imm_cross_write{open=true}: awase_windows::runtime::open_chain: [apply-ime] ImmCross async: open=true composition_active=false show_seq=0 change_seq=0 (issue #138診断)
2026-09-21T03:26:01.154643Z DEBUG awase_windows::shadow_send_trace: [shadow-send] channel=ImeControl cmd=0x0006 lparam=1 issue_us=146045309
2026-09-21T03:26:01.154661Z DEBUG awase_windows::ime: set_ime_open_for_target: hwnd=HWND(0x300836) ime_wnd=HWND(0x4092a) open=true success=true send_elapsed=0ms candidate_visible=false
2026-09-21T03:26:01.155069Z DEBUG run_open_chain_async:imm_cross_write{open=true}: awase_windows::ime: [imm-cross-actuate] hwnd=HWND(0x300836) open=Written conv=Some(Written)
2026-09-21T03:26:01.155195Z DEBUG run_open_chain_async:imm_cross_write{open=true}: awase_windows::runtime::open_chain: [apply-ime] ROMAN 補完結果: Written
2026-09-21T03:26:01.155496Z DEBUG run_open_chain_async: awase::journal: actuation decision seq=940 elapsed_ms=146046 site="DispatchImeSetOpen" caller="None" open=true chain_len=4 attempts_len=1 gate_profile="Standard" gate_kind="Gji" gate_shadow_known=true gate_shadow_on=false gate_input_mode="Assum
2026-09-21T03:26:01.156342Z DEBUG on_ime_apply_complete{open=true outcome=AppliedWithoutSendInput generation=None reason=EngineDecision}: awase::journal: ime open applied seq=941 elapsed_ms=146047 open=true outcome="AppliedWithoutSendInput" reason="EngineDecision"
2026-09-21T03:26:01.157199Z DEBUG on_ime_apply_complete{open=true outcome=AppliedWithoutSendInput generation=None reason=EngineDecision}: awase_windows::tsf::ime_mode_fsm: [ime-mode] SetOpen(true) applied → Hiragana (belief, unconfirmed)
2026-09-21T03:26:01.157244Z DEBUG on_ime_apply_complete{open=true outcome=AppliedWithoutSendInput generation=None reason=EngineDecision}: awase_windows::platform: [composition] ImeEffect::SetOpen(true) → marking cold
2026-09-21T03:26:01.157269Z DEBUG on_ime_apply_complete{open=true outcome=AppliedWithoutSendInput generation=None reason=EngineDecision}: awase_windows::tsf::probe: [composition] marked cold reason=SetOpenTrue idle=1891ms → next VK/TSF output will send VK_DBE_HIRAGANA warmup
2026-09-21T03:26:01.157329Z DEBUG on_ime_apply_complete{open=true outcome=AppliedWithoutSendInput generation=None reason=EngineDecision}:gji_on_event{event=ImeOn { injection_mode: Unicode, gji_idle_ms: 1875 }}: awase_windows::tsf::gji_fsm: [gji-fsm] ImeOn gji_idle=1875ms → Short
2026-09-21T03:26:01.157385Z DEBUG on_ime_apply_complete{open=true outcome=AppliedWithoutSendInput generation=None reason=EngineDecision}: awase_windows::platform: [gji-fsm] StartProbe probe_id=ProbeId(5) forces_f2=false long=false
2026-09-21T03:26:01.157651Z DEBUG awase::journal: gji fsm transition seq=942 elapsed_ms=146048 trigger="ImeOn(gji_idle_ms=1875)" state_before="OffCold" state_after="OnCold(Short)"
2026-09-21T03:26:01.157697Z DEBUG awase::journal: tsf probe started seq=943 elapsed_ms=146048 source="GjiAction::StartProbe" cold_seq=0 probe_id=5 probe_id_present=true gji_state="OnCold(Short)" consecutive_at_start=0 pending_deferred_len=0
2026-09-21T03:26:01.157721Z DEBUG awase::journal: gji fsm transition seq=944 elapsed_ms=146048 trigger="WarmupComplete(unicode)" state_before="OnCold(Short)" state_after="OnWarm"
2026-09-21T03:26:01.157748Z DEBUG awase::journal: tsf probe completed seq=945 elapsed_ms=146048 outcome="UnicodeImmediate" cold_seq=18446744073709551615 cold_seq_present=false probe_id=5 probe_id_present=true duration_ms=0 tick_count=0 gji_state="OnWarm"
2026-09-21T03:26:01.158757Z DEBUG awase_windows::tsf::gji_monitor: [gji-io] WRITE: w_ops=+2 w_KB=+0.0 (r_ops=+4 x_ops=+4 x_KB=+0.0)
2026-09-21T03:26:01.195501Z DEBUG awase_windows::runtime::ime_refresh: Explicit intent: bypassing typing-idle guard for IME verify (idle=63ms)
2026-09-21T03:26:01.195573Z DEBUG awase_windows::observer::ime_observer: IME snapshot: japanese=Some(true) ime_on=Some(true) romaji=Some(true) conv=Some("0x00000019") guard=false
2026-09-21T03:26:01.195681Z DEBUG awase::journal: ime event seq=946 elapsed_ms=146086 event_kind="ObserverReported"
2026-09-21T03:26:01.195719Z DEBUG reduce: awase_windows::state::ime_model: [key-effect-fence] axis=mode stale observation ignored: observed=ObservedRomaji predicted=AssumedRomaji { reason: KeyEffectPrediction } age_ms=63
2026-09-21T03:26:01.195765Z DEBUG awase::journal: ime event seq=947 elapsed_ms=146086 event_kind="InputModeObserved"
2026-09-21T03:26:01.195825Z DEBUG awase::journal: ime event seq=948 elapsed_ms=146086 event_kind="ModeKeyPassedThrough"
2026-09-21T03:26:01.195845Z  INFO awase_windows::runtime::ime_refresh: [mode-key-follow] observation arrived after mode key pass: intents invalidated
2026-09-21T03:26:01.273318Z DEBUG awase_windows::runtime::ime_refresh: Explicit intent: bypassing typing-idle guard for IME verify (idle=141ms)
2026-09-21T03:26:01.273385Z DEBUG awase_windows::observer::ime_observer: IME snapshot: japanese=Some(true) ime_on=Some(true) romaji=Some(true) conv=Some("0x00000019") guard=false
2026-09-21T03:26:01.273487Z DEBUG awase::journal: ime event seq=949 elapsed_ms=146164 event_kind="ObserverReported"
2026-09-21T03:26:01.273523Z DEBUG reduce: awase_windows::state::ime_model: [key-effect-confirmed] axis=mode value=ObservedRomaji
2026-09-21T03:26:01.273560Z DEBUG awase::journal: ime event seq=950 elapsed_ms=146164 event_kind="InputModeObserved"
2026-09-21T03:26:01.273593Z  INFO awase_windows::runtime::ime_refresh: [mode-key-follow] observation arrived after mode key pass: intents invalidated
2026-09-21T03:26:01.350456Z DEBUG awase_windows::runtime::ime_refresh: Explicit intent: bypassing typing-idle guard for IME verify (idle=219ms)
2026-09-21T03:26:01.350524Z DEBUG awase_windows::observer::ime_observer: IME snapshot: japanese=Some(true) ime_on=Some(true) romaji=Some(true) conv=Some("0x00000019") guard=false
2026-09-21T03:26:01.350627Z DEBUG awase::journal: ime event seq=951 elapsed_ms=146241 event_kind="ObserverReported"
2026-09-21T03:26:01.350737Z DEBUG awase::journal: ime event seq=952 elapsed_ms=146241 event_kind="InputModeObserved"
2026-09-21T03:26:01.350772Z  INFO awase_windows::runtime::ime_refresh: [mode-key-follow] observation arrived after mode key pass: intents invalidated
2026-09-21T03:26:01.429705Z DEBUG awase_windows::runtime::ime_refresh: Explicit intent: bypassing typing-idle guard for IME verify (idle=297ms)
2026-09-21T03:26:01.429777Z DEBUG awase_windows::observer::ime_observer: IME snapshot: japanese=Some(true) ime_on=Some(true) romaji=Some(true) conv=Some("0x00000019") guard=false
2026-09-21T03:26:01.429883Z DEBUG awase::journal: ime event seq=953 elapsed_ms=146320 event_kind="ObserverReported"
2026-09-21T03:26:01.429928Z DEBUG awase::journal: ime event seq=954 elapsed_ms=146320 event_kind="InputModeObserved"
2026-09-21T03:26:01.429963Z  INFO awase_windows::runtime::ime_refresh: [mode-key-follow] observation arrived after mode key pass: intents invalidated
2026-09-21T03:26:01.506664Z DEBUG awase_windows::runtime::ime_refresh: Skipping observer/SSOT write: typing active (idle=375ms)
2026-09-21T03:26:02.026923Z DEBUG awase_windows::observer::ime_observer: IME snapshot: japanese=Some(true) ime_on=Some(true) romaji=Some(true) conv=Some("0x00000019") guard=false
2026-09-21T03:26:02.026998Z DEBUG awase::journal: ime event seq=955 elapsed_ms=146917 event_kind="ObserverReported"
2026-09-21T03:26:02.027025Z DEBUG awase::journal: ime event seq=956 elapsed_ms=146918 event_kind="InputModeObserved"
2026-09-21T03:26:02.538904Z DEBUG awase_windows::observer::ime_observer: IME snapshot: japanese=Some(true) ime_on=Some(true) romaji=Some(true) conv=Some("0x00000019") guard=false
2026-09-21T03:26:02.538984Z DEBUG awase::journal: ime event seq=957 elapsed_ms=147429 event_kind="ObserverReported"
2026-09-21T03:26:02.539018Z DEBUG awase::journal: ime event seq=958 elapsed_ms=147429 event_kind="InputModeObserved"
2026-09-21T03:26:03.039699Z DEBUG awase_windows::observer::ime_observer: IME snapshot: japanese=Some(true) ime_on=Some(true) romaji=Some(true) conv=Some("0x00000019") guard=false
2026-09-21T03:26:03.039788Z DEBUG awase::journal: ime event seq=959 elapsed_ms=147930 event_kind="ObserverReported"
2026-09-21T03:26:03.039835Z DEBUG awase::journal: ime event seq=960 elapsed_ms=147930 event_kind="InputModeObserved"
2026-09-21T03:26:03.069064Z DEBUG awase_windows::runtime::key_pipeline: [engine-input] vk=0x41 KeyDown ts=147959754us delay=0ms state=Idle mods(c=false s=false a=false w=false) gas_ctrl=false phys_ctrl=false extra=0x5350494B pending_drain=0 gate_active=false l_thumb=None r_thumb=None [diag-ctx] ime_
2026-09-21T03:26:03.069162Z DEBUG awase::journal: key input seq=961 elapsed_ms=147960 vk_code=65 is_down=true injected=false key_class="Char" state_before="Idle" state_after="PendingChar(vk=0x41)" decision="Consume" physical="Allow" repeat_count=1 last_timestamp_us=147959754 last_elapsed_ms=0
2026-09-21T03:26:03.192410Z DEBUG execute_from_loop:execute_one{generation=None}: awase_windows::output: send_keys: mode=Unicode actions=[Char('う')] prev_elapsed=3938ms
2026-09-21T03:26:03.192440Z DEBUG execute_from_loop:execute_one{generation=None}: awase_windows::tsf::probe: [mark-send] last_send_ms=53174250
2026-09-21T03:26:03.192460Z DEBUG execute_from_loop:execute_one{generation=None}: awase_windows::output:   → Char('う') via Unicode
2026-09-21T03:26:03.195484Z DEBUG execute_from_loop:execute_one{generation=None}: awase_windows::tsf::probe: [mark-send] last_send_ms=53174250
2026-09-21T03:26:03.195686Z DEBUG awase_windows::runtime::key_pipeline: [engine-input] vk=0x41 KeyUp ts=148083417us delay=3ms state=Idle mods(c=false s=false a=false w=false) gas_ctrl=false phys_ctrl=false extra=0x5350494B pending_drain=0 gate_active=false l_thumb=None r_thumb=None [diag-ctx] ime_on
2026-09-21T03:26:03.195768Z DEBUG awase::journal: key input seq=963 elapsed_ms=148086 vk_code=65 is_down=false injected=false key_class="Char" state_before="Idle" state_after="Idle" decision="Consume" physical="Allow" repeat_count=1 last_timestamp_us=148083417 last_elapsed_ms=0
2026-09-21T03:26:03.195953Z DEBUG execute_one{generation=None}: awase_windows::output: send_keys: mode=Unicode actions=[Suppress] prev_elapsed=0ms
2026-09-21T03:26:03.195978Z DEBUG execute_one{generation=None}: awase_windows::tsf::probe: [mark-send] last_send_ms=53174250
2026-09-21T03:26:03.195996Z DEBUG execute_one{generation=None}: awase_windows::output:   → Suppress
2026-09-21T03:26:03.196011Z DEBUG execute_one{generation=None}: awase_windows::tsf::probe: [mark-send] last_send_ms=53174250
2026-09-21T03:26:03.200683Z  INFO awase_windows::tsf::win_event_obs: [gji-obs] candidate SHOW #11: last_gji_write=2047ms ago
2026-09-21T03:26:03.207972Z DEBUG awase_windows::tsf::gji_monitor: [gji-io] WRITE: w_ops=+2 w_KB=+0.3 (r_ops=+4 x_ops=+4 x_KB=+0.0)
2026-09-21T03:26:03.557904Z DEBUG awase_windows::runtime::ime_refresh: Skipping observer/SSOT write: typing active (idle=359ms)
2026-09-21T03:26:04.066891Z DEBUG awase_windows::observer::ime_observer: IME snapshot: japanese=Some(true) ime_on=Some(true) romaji=Some(true) conv=Some("0x00000019") guard=false
2026-09-21T03:26:04.067022Z DEBUG awase::journal: ime event seq=964 elapsed_ms=148957 event_kind="ObserverReported"
2026-09-21T03:26:04.067058Z DEBUG awase::journal: ime event seq=965 elapsed_ms=148958 event_kind="InputModeObserved"
2026-09-21T03:26:04.569740Z DEBUG awase_windows::observer::ime_observer: IME snapshot: japanese=Some(true) ime_on=Some(true) romaji=Some(true) conv=Some("0x00000019") guard=false
2026-09-21T03:26:04.569822Z DEBUG awase::journal: ime event seq=966 elapsed_ms=149460 event_kind="ObserverReported"
2026-09-21T03:26:04.569850Z DEBUG awase::journal: ime event seq=967 elapsed_ms=149460 event_kind="InputModeObserved"
2026-09-21T03:26:05.018267Z DEBUG awase_windows::runtime::key_pipeline: [engine-input] vk=0x1C KeyDown ts=149908728us delay=0ms state=Idle mods(c=false s=false a=false w=false) gas_ctrl=false phys_ctrl=false extra=0x5350494B pending_drain=0 gate_active=false l_thumb=None r_thumb=Some(149908704) [dia
2026-09-21T03:26:05.018477Z DEBUG awase::journal: key input seq=968 elapsed_ms=149909 vk_code=28 is_down=true injected=false key_class="RightThumb" state_before="Idle" state_after="PendingThumb(vk=0x1C,left=false)" decision="Consume" physical="Allow" repeat_count=1 last_timestamp_us=149908728 last_e
2026-09-21T03:26:05.083488Z DEBUG awase_windows::runtime::ime_refresh: Skipping observer/SSOT write: typing active (idle=78ms)
2026-09-21T03:26:05.143492Z DEBUG awase_windows::runtime::key_pipeline: [engine-input] vk=0x1C KeyUp ts=150034053us delay=0ms state=Idle mods(c=false s=false a=false w=false) gas_ctrl=false phys_ctrl=false extra=0x5350494B pending_drain=0 gate_active=false l_thumb=None r_thumb=None [diag-ctx] ime_on
2026-09-21T03:26:05.143617Z DEBUG awase::journal: key input seq=970 elapsed_ms=150034 vk_code=28 is_down=false injected=false key_class="RightThumb" state_before="Idle" state_after="Idle" decision="Consume" physical="Allow" repeat_count=1 last_timestamp_us=150034053 last_elapsed_ms=0
2026-09-21T03:26:05.602222Z DEBUG awase_windows::runtime::ime_refresh: Skipping observer/SSOT write: typing active (idle=469ms)
2026-09-21T03:26:06.113799Z DEBUG awase_windows::observer::ime_observer: IME snapshot: japanese=Some(true) ime_on=Some(true) romaji=Some(true) conv=Some("0x00000019") guard=false
2026-09-21T03:26:06.113890Z DEBUG awase::journal: ime event seq=971 elapsed_ms=151004 event_kind="ObserverReported"
2026-09-21T03:26:06.113928Z DEBUG awase::journal: ime event seq=972 elapsed_ms=151004 event_kind="InputModeObserved"
2026-09-21T03:26:06.617219Z DEBUG awase_windows::observer::ime_observer: IME snapshot: japanese=Some(true) ime_on=Some(true) romaji=Some(true) conv=Some("0x00000019") guard=false
2026-09-21T03:26:06.617308Z DEBUG awase::journal: ime event seq=973 elapsed_ms=151508 event_kind="ObserverReported"
2026-09-21T03:26:06.617338Z DEBUG awase::journal: ime event seq=974 elapsed_ms=151508 event_kind="InputModeObserved"
2026-09-21T03:26:06.955161Z DEBUG awase_windows::runtime::key_pipeline: [engine-input] vk=0x4B KeyDown ts=151845758us delay=0ms state=Idle mods(c=false s=false a=false w=false) gas_ctrl=false phys_ctrl=false extra=0x5350494B pending_drain=0 gate_active=false l_thumb=None r_thumb=None [diag-ctx] ime_
2026-09-21T03:26:06.955265Z DEBUG awase::journal: key input seq=975 elapsed_ms=151846 vk_code=75 is_down=true injected=false key_class="Char" state_before="Idle" state_after="PendingChar(vk=0x4B)" decision="Consume" physical="Allow" repeat_count=1 last_timestamp_us=151845758 last_elapsed_ms=0
2026-09-21T03:26:07.066357Z DEBUG execute_from_loop:execute_one{generation=None}: awase_windows::output: send_keys: mode=Unicode actions=[Char('き')] prev_elapsed=3859ms
2026-09-21T03:26:07.066473Z DEBUG execute_from_loop:execute_one{generation=None}: awase_windows::tsf::probe: [mark-send] last_send_ms=53178109
2026-09-21T03:26:07.066511Z DEBUG execute_from_loop:execute_one{generation=None}: awase_windows::output:   → Char('き') via Unicode
2026-09-21T03:26:07.074676Z DEBUG execute_from_loop:execute_one{generation=None}: awase_windows::tsf::probe: [mark-send] last_send_ms=53178125
2026-09-21T03:26:07.074834Z DEBUG execute_from_loop:execute_one{generation=None}: awase_windows::platform: [gji-fsm] StartComposition (candidate SHOW)
2026-09-21T03:26:07.074917Z DEBUG execute_from_loop:execute_one{generation=None}:gji_on_event{event=StartComposition}: awase_windows::tsf::gji_fsm: [gji-fsm] StartComposition: OnWarm → OnComposing(AlreadyWarm)
2026-09-21T03:26:07.075094Z DEBUG awase_windows::runtime::key_pipeline: [engine-input] vk=0x4B KeyUp ts=151965519us delay=0ms state=Idle mods(c=false s=false a=false w=false) gas_ctrl=false phys_ctrl=false extra=0x5350494B pending_drain=0 gate_active=false l_thumb=None r_thumb=None [diag-ctx] ime_on
2026-09-21T03:26:07.075163Z DEBUG awase::journal: key input seq=978 elapsed_ms=151966 vk_code=75 is_down=false injected=false key_class="Char" state_before="Idle" state_after="Idle" decision="Consume" physical="Allow" repeat_count=1 last_timestamp_us=151965519 last_elapsed_ms=0
2026-09-21T03:26:07.075241Z DEBUG awase::journal: gji fsm transition seq=977 elapsed_ms=151965 trigger="StartComposition(candidate SHOW)" state_before="OnWarm" state_after="OnComposing(Warm)"
2026-09-21T03:26:07.075315Z DEBUG execute_one{generation=None}: awase_windows::output: send_keys: mode=Unicode actions=[Suppress] prev_elapsed=0ms
2026-09-21T03:26:07.075331Z DEBUG execute_one{generation=None}: awase_windows::tsf::probe: [mark-send] last_send_ms=53178125
2026-09-21T03:26:07.075343Z DEBUG execute_one{generation=None}: awase_windows::output:   → Suppress
2026-09-21T03:26:07.075352Z DEBUG execute_one{generation=None}: awase_windows::tsf::probe: [mark-send] last_send_ms=53178125
2026-09-21T03:26:07.081095Z DEBUG awase_windows::tsf::gji_monitor: [gji-io] WRITE: w_ops=+2 w_KB=+0.6 (r_ops=+4 x_ops=+4 x_KB=+0.0)
2026-09-21T03:26:07.132700Z DEBUG awase_windows::runtime::ime_refresh: Skipping observer/SSOT write: typing active (idle=62ms)
2026-09-21T03:26:07.633401Z DEBUG awase_windows::observer::ime_observer: IME snapshot: japanese=Some(true) ime_on=Some(true) romaji=Some(true) conv=Some("0x00000019") guard=false
2026-09-21T03:26:07.633482Z DEBUG awase::journal: ime event seq=979 elapsed_ms=152524 event_kind="ObserverReported"
2026-09-21T03:26:07.633516Z DEBUG awase::journal: ime event seq=980 elapsed_ms=152524 event_kind="InputModeObserved"
2026-09-21T03:26:08.136774Z DEBUG awase_windows::observer::ime_observer: IME snapshot: japanese=Some(true) ime_on=Some(true) romaji=Some(true) conv=Some("0x00000019") guard=false
2026-09-21T03:26:08.136849Z DEBUG awase::journal: ime event seq=981 elapsed_ms=153027 event_kind="ObserverReported"
2026-09-21T03:26:08.136876Z DEBUG awase::journal: ime event seq=982 elapsed_ms=153027 event_kind="InputModeObserved"
2026-09-21T03:26:08.635028Z DEBUG awase_windows::observer::ime_observer: IME snapshot: japanese=Some(true) ime_on=Some(true) romaji=Some(true) conv=Some("0x00000019") guard=false
2026-09-21T03:26:08.635090Z DEBUG awase::journal: ime event seq=983 elapsed_ms=153526 event_kind="ObserverReported"
2026-09-21T03:26:08.635113Z DEBUG awase::journal: ime event seq=984 elapsed_ms=153526 event_kind="InputModeObserved"
2026-09-21T03:26:08.882554Z DEBUG awase_windows::runtime::key_pipeline: [engine-input] vk=0x1B KeyDown ts=153772979us delay=0ms state=Idle mods(c=false s=false a=false w=false) gas_ctrl=false phys_ctrl=false extra=0x5350494B pending_drain=0 gate_active=false l_thumb=None r_thumb=None [diag-ctx] ime_
2026-09-21T03:26:08.882759Z DEBUG awase::journal: key input seq=985 elapsed_ms=153773 vk_code=27 is_down=true injected=false key_class="Passthrough" state_before="Idle" state_after="Idle" decision="PassThrough" physical="Allow" repeat_count=1 last_timestamp_us=153772979 last_elapsed_ms=0
2026-09-21T03:26:08.882931Z DEBUG execute_from_hook: awase_windows::runtime::executor: [relay-passthrough] PassThrough idle: direct OS pass-through (vk=0x1b down)
2026-09-21T03:26:08.883072Z DEBUG execute_one{generation=None}: awase_windows::runtime::executor: [reinject] vk=0x1b down (queued passthrough now firing)
2026-09-21T03:26:08.889418Z  INFO awase_windows::tsf::win_event_obs: [gji-obs] candidate HIDE: last_gji_write=1812ms ago
2026-09-21T03:26:08.896775Z DEBUG awase_windows::tsf::gji_monitor: [gji-io] WRITE: w_ops=+2 w_KB=+0.3 (r_ops=+4 x_ops=+4 x_KB=+0.0)
2026-09-21T03:26:09.006072Z DEBUG awase_windows::runtime::key_pipeline: [engine-input] vk=0x1B KeyUp ts=153896758us delay=0ms state=Idle mods(c=false s=false a=false w=false) gas_ctrl=false phys_ctrl=false extra=0x5350494B pending_drain=0 gate_active=false l_thumb=None r_thumb=None [diag-ctx] ime_on
2026-09-21T03:26:09.006244Z DEBUG awase::journal: key input seq=986 elapsed_ms=153897 vk_code=27 is_down=false injected=false key_class="Passthrough" state_before="Idle" state_after="Idle" decision="PassThrough" physical="Allow" repeat_count=1 last_timestamp_us=153896758 last_elapsed_ms=0
2026-09-21T03:26:09.006342Z DEBUG execute_from_hook: awase_windows::runtime::executor: [relay-passthrough] PassThrough idle: direct OS pass-through (vk=0x1b up)
2026-09-21T03:26:09.006410Z DEBUG execute_one{generation=None}: awase_windows::runtime::executor: [reinject] vk=0x1b up (queued passthrough now firing)
2026-09-21T03:26:09.007997Z DEBUG awase_windows::platform: [gji-fsm] EndComposition (candidate HIDE) epoch=FocusEpoch(8)
2026-09-21T03:26:09.008093Z DEBUG awase::journal: gji fsm transition seq=987 elapsed_ms=153899 trigger="EndComposition(candidate HIDE, epoch=FocusEpoch(8))" state_before="OnComposing(Warm)" state_after="OnWarm"
2026-09-21T03:26:09.133330Z DEBUG awase_windows::runtime::ime_refresh: Skipping observer/SSOT write: typing active (idle=125ms)
2026-09-21T03:26:09.650127Z DEBUG awase_windows::observer::ime_observer: IME snapshot: japanese=Some(true) ime_on=Some(true) romaji=Some(true) conv=Some("0x00000019") guard=false
2026-09-21T03:26:09.650205Z DEBUG awase::journal: ime event seq=988 elapsed_ms=154541 event_kind="ObserverReported"
2026-09-21T03:26:09.650231Z DEBUG awase::journal: ime event seq=989 elapsed_ms=154541 event_kind="InputModeObserved"
2026-09-21T03:26:10.166144Z DEBUG awase_windows::observer::ime_observer: IME snapshot: japanese=Some(true) ime_on=Some(true) romaji=Some(true) conv=Some("0x00000019") guard=false
2026-09-21T03:26:10.166229Z DEBUG awase::journal: ime event seq=990 elapsed_ms=155057 event_kind="ObserverReported"
2026-09-21T03:26:10.166258Z DEBUG awase::journal: ime event seq=991 elapsed_ms=155057 event_kind="InputModeObserved"
2026-09-21T03:26:10.667524Z DEBUG awase_windows::observer::ime_observer: IME snapshot: japanese=Some(true) ime_on=Some(true) romaji=Some(true) conv=Some("0x00000019") guard=false
2026-09-21T03:26:10.667652Z DEBUG awase::journal: ime event seq=992 elapsed_ms=155558 event_kind="ObserverReported"
2026-09-21T03:26:10.667680Z DEBUG awase::journal: ime event seq=993 elapsed_ms=155558 event_kind="InputModeObserved"
2026-09-21T03:26:10.820931Z DEBUG awase_windows::runtime::key_pipeline: [engine-input] vk=0x4B KeyDown ts=155711480us delay=0ms state=Idle mods(c=false s=false a=false w=false) gas_ctrl=false phys_ctrl=false extra=0x5350494B pending_drain=0 gate_active=false l_thumb=None r_thumb=None [diag-ctx] ime_
2026-09-21T03:26:10.821099Z DEBUG awase::journal: key input seq=994 elapsed_ms=155712 vk_code=75 is_down=true injected=false key_class="Char" state_before="Idle" state_after="PendingChar(vk=0x4B)" decision="Consume" physical="Allow" repeat_count=1 last_timestamp_us=155711480 last_elapsed_ms=0
2026-09-21T03:26:10.928974Z DEBUG execute_from_loop:execute_one{generation=None}: awase_windows::output: send_keys: mode=Unicode actions=[Char('き')] prev_elapsed=3859ms
2026-09-21T03:26:10.929001Z DEBUG execute_from_loop:execute_one{generation=None}: awase_windows::tsf::probe: [mark-send] last_send_ms=53181984
2026-09-21T03:26:10.929019Z DEBUG execute_from_loop:execute_one{generation=None}: awase_windows::output:   → Char('き') via Unicode
2026-09-21T03:26:10.932832Z DEBUG execute_from_loop:execute_one{generation=None}: awase_windows::tsf::probe: [mark-send] last_send_ms=53181984
2026-09-21T03:26:10.937287Z  INFO awase_windows::tsf::win_event_obs: [gji-obs] candidate SHOW #12: last_gji_write=2031ms ago
2026-09-21T03:26:10.944111Z DEBUG awase_windows::tsf::gji_monitor: [gji-io] WRITE: w_ops=+2 w_KB=+0.3 (r_ops=+4 x_ops=+4 x_KB=+0.0)
2026-09-21T03:26:10.945492Z DEBUG awase_windows::runtime::key_pipeline: [engine-input] vk=0x4B KeyUp ts=155836204us delay=0ms state=Idle mods(c=false s=false a=false w=false) gas_ctrl=false phys_ctrl=false extra=0x5350494B pending_drain=0 gate_active=false l_thumb=None r_thumb=None [diag-ctx] ime_on
2026-09-21T03:26:10.945577Z DEBUG awase::journal: key input seq=996 elapsed_ms=155836 vk_code=75 is_down=false injected=false key_class="Char" state_before="Idle" state_after="Idle" decision="Consume" physical="Allow" repeat_count=1 last_timestamp_us=155836204 last_elapsed_ms=0
2026-09-21T03:26:10.945676Z DEBUG execute_one{generation=None}: awase_windows::output: send_keys: mode=Unicode actions=[Suppress] prev_elapsed=16ms
2026-09-21T03:26:10.945699Z DEBUG execute_one{generation=None}: awase_windows::tsf::probe: [mark-send] last_send_ms=53182000
2026-09-21T03:26:10.945711Z DEBUG execute_one{generation=None}: awase_windows::output:   → Suppress
2026-09-21T03:26:10.945721Z DEBUG execute_one{generation=None}: awase_windows::tsf::probe: [mark-send] last_send_ms=53182000
2026-09-21T03:26:10.945752Z DEBUG execute_one{generation=None}: awase_windows::platform: [gji-fsm] StartComposition (candidate SHOW)
2026-09-21T03:26:10.945774Z DEBUG execute_one{generation=None}:gji_on_event{event=StartComposition}: awase_windows::tsf::gji_fsm: [gji-fsm] StartComposition: OnWarm → OnComposing(AlreadyWarm)
2026-09-21T03:26:10.945892Z DEBUG awase::journal: gji fsm transition seq=997 elapsed_ms=155836 trigger="StartComposition(candidate SHOW)" state_before="OnWarm" state_after="OnComposing(Warm)"
2026-09-21T03:26:11.167877Z DEBUG awase_windows::runtime::ime_refresh: Skipping observer/SSOT write: typing active (idle=218ms)
2026-09-21T03:26:11.669337Z DEBUG awase_windows::observer::ime_observer: IME snapshot: japanese=Some(true) ime_on=Some(true) romaji=Some(true) conv=Some("0x00000019") guard=false
2026-09-21T03:26:11.669458Z DEBUG awase::journal: ime event seq=998 elapsed_ms=156560 event_kind="ObserverReported"
2026-09-21T03:26:11.669567Z DEBUG awase::journal: ime event seq=999 elapsed_ms=156560 event_kind="InputModeObserved"
2026-09-21T03:26:12.168883Z DEBUG awase_windows::observer::ime_observer: IME snapshot: japanese=Some(true) ime_on=Some(true) romaji=Some(true) conv=Some("0x00000019") guard=false
2026-09-21T03:26:12.168999Z DEBUG awase::journal: ime event seq=1000 elapsed_ms=157059 event_kind="ObserverReported"
2026-09-21T03:26:12.169025Z DEBUG awase::journal: ime event seq=1001 elapsed_ms=157060 event_kind="InputModeObserved"
2026-09-21T03:26:12.669385Z DEBUG awase_windows::observer::ime_observer: IME snapshot: japanese=Some(true) ime_on=Some(true) romaji=Some(true) conv=Some("0x00000019") guard=false
2026-09-21T03:26:12.669478Z DEBUG awase::journal: ime event seq=1002 elapsed_ms=157560 event_kind="ObserverReported"
2026-09-21T03:26:12.669517Z DEBUG awase::journal: ime event seq=1003 elapsed_ms=157560 event_kind="InputModeObserved"
2026-09-21T03:26:12.761012Z DEBUG awase_windows::runtime::key_pipeline: [engine-input] vk=0x1C KeyDown ts=157651655us delay=0ms state=Idle mods(c=false s=false a=false w=false) gas_ctrl=false phys_ctrl=false extra=0x5350494B pending_drain=0 gate_active=false l_thumb=None r_thumb=Some(157651645) [dia
2026-09-21T03:26:12.761119Z DEBUG awase::journal: key input seq=1004 elapsed_ms=157652 vk_code=28 is_down=true injected=false key_class="RightThumb" state_before="Idle" state_after="PendingThumb(vk=0x1C,left=false)" decision="Consume" physical="Allow" repeat_count=1 last_timestamp_us=157651655 last_
2026-09-21T03:26:12.888235Z DEBUG awase_windows::runtime::key_pipeline: [engine-input] vk=0x1C KeyUp ts=157778708us delay=0ms state=Idle mods(c=false s=false a=false w=false) gas_ctrl=false phys_ctrl=false extra=0x5350494B pending_drain=0 gate_active=false l_thumb=None r_thumb=None [diag-ctx] ime_on
2026-09-21T03:26:12.888336Z DEBUG awase::journal: key input seq=1006 elapsed_ms=157779 vk_code=28 is_down=false injected=false key_class="RightThumb" state_before="Idle" state_after="Idle" decision="Consume" physical="Allow" repeat_count=1 last_timestamp_us=157778708 last_elapsed_ms=0
2026-09-21T03:26:13.173999Z DEBUG awase_windows::runtime::ime_refresh: Skipping observer/SSOT write: typing active (idle=281ms)
2026-09-21T03:26:13.674500Z DEBUG awase_windows::observer::ime_observer: IME snapshot: japanese=Some(true) ime_on=Some(true) romaji=Some(true) conv=Some("0x00000019") guard=false
2026-09-21T03:26:13.674561Z DEBUG awase::journal: ime event seq=1007 elapsed_ms=158565 event_kind="ObserverReported"
2026-09-21T03:26:13.674582Z DEBUG awase::journal: ime event seq=1008 elapsed_ms=158565 event_kind="InputModeObserved"
2026-09-21T03:26:14.173539Z DEBUG awase_windows::observer::ime_observer: IME snapshot: japanese=Some(true) ime_on=Some(true) romaji=Some(true) conv=Some("0x00000019") guard=false
2026-09-21T03:26:14.173623Z DEBUG awase::journal: ime event seq=1009 elapsed_ms=159064 event_kind="ObserverReported"
2026-09-21T03:26:14.173670Z DEBUG awase::journal: ime event seq=1010 elapsed_ms=159064 event_kind="InputModeObserved"
2026-09-21T03:26:14.676944Z DEBUG awase_windows::observer::ime_observer: IME snapshot: japanese=Some(true) ime_on=Some(true) romaji=Some(true) conv=Some("0x00000019") guard=false
2026-09-21T03:26:14.677014Z DEBUG awase::journal: ime event seq=1011 elapsed_ms=159567 event_kind="ObserverReported"
2026-09-21T03:26:14.677037Z DEBUG awase::journal: ime event seq=1012 elapsed_ms=159568 event_kind="InputModeObserved"
2026-09-21T03:26:14.704763Z DEBUG awase_windows::runtime::key_pipeline: [engine-input] vk=0x0D KeyDown ts=159595422us delay=0ms state=Idle mods(c=false s=false a=false w=false) gas_ctrl=false phys_ctrl=false extra=0x5350494B pending_drain=0 gate_active=false l_thumb=None r_thumb=None [diag-ctx] ime_
2026-09-21T03:26:14.704890Z DEBUG awase::journal: key input seq=1013 elapsed_ms=159595 vk_code=13 is_down=true injected=false key_class="Passthrough" state_before="Idle" state_after="Idle" decision="PassThrough" physical="Allow" repeat_count=1 last_timestamp_us=159595422 last_elapsed_ms=0
2026-09-21T03:26:14.704993Z DEBUG execute_from_hook: awase_windows::runtime::executor: [relay-passthrough] PassThrough idle: direct OS pass-through (vk=0x0d down)
2026-09-21T03:26:14.705071Z DEBUG execute_one{generation=None}: awase_windows::runtime::executor: [reinject] vk=0x0d down (queued passthrough now firing)
2026-09-21T03:26:14.711234Z  INFO awase_windows::tsf::win_event_obs: [gji-obs] candidate HIDE: last_gji_write=3765ms ago
2026-09-21T03:26:14.720243Z DEBUG awase_windows::tsf::gji_monitor: [gji-io] WRITE: w_ops=+2 w_KB=+0.3 (r_ops=+4 x_ops=+4 x_KB=+0.0)
2026-09-21T03:26:14.830930Z DEBUG awase_windows::runtime::key_pipeline: [engine-input] vk=0x0D KeyUp ts=159721614us delay=0ms state=Idle mods(c=false s=false a=false w=false) gas_ctrl=false phys_ctrl=false extra=0x5350494B pending_drain=0 gate_active=false l_thumb=None r_thumb=None [diag-ctx] ime_on
2026-09-21T03:26:14.831023Z DEBUG awase::journal: key input seq=1014 elapsed_ms=159721 vk_code=13 is_down=false injected=false key_class="Passthrough" state_before="Idle" state_after="Idle" decision="PassThrough" physical="Allow" repeat_count=1 last_timestamp_us=159721614 last_elapsed_ms=0
2026-09-21T03:26:14.831127Z DEBUG execute_from_hook: awase_windows::runtime::executor: [relay-passthrough] PassThrough idle: direct OS pass-through (vk=0x0d up)
2026-09-21T03:26:14.831195Z DEBUG execute_one{generation=None}: awase_windows::runtime::executor: [reinject] vk=0x0d up (queued passthrough now firing)
2026-09-21T03:26:14.832817Z DEBUG awase_windows::platform: [gji-fsm] EndComposition (candidate HIDE) epoch=FocusEpoch(9)
2026-09-21T03:26:14.832936Z DEBUG awase::journal: gji fsm transition seq=1015 elapsed_ms=159723 trigger="EndComposition(candidate HIDE, epoch=FocusEpoch(9))" state_before="OnComposing(Warm)" state_after="OnWarm"
2026-09-21T03:26:15.167122Z DEBUG awase_windows::runtime::ime_refresh: Skipping observer/SSOT write: typing active (idle=343ms)
2026-09-21T03:26:15.664197Z DEBUG awase_windows::observer::ime_observer: IME snapshot: japanese=Some(true) ime_on=Some(true) romaji=Some(true) conv=Some("0x00000019") guard=false
2026-09-21T03:26:15.664277Z DEBUG awase::journal: ime event seq=1016 elapsed_ms=160555 event_kind="ObserverReported"
2026-09-21T03:26:15.664310Z DEBUG awase::journal: ime event seq=1017 elapsed_ms=160555 event_kind="InputModeObserved"
2026-09-21T03:26:16.168041Z DEBUG awase_windows::observer::ime_observer: IME snapshot: japanese=Some(true) ime_on=Some(true) romaji=Some(true) conv=Some("0x00000019") guard=false
2026-09-21T03:26:16.168121Z DEBUG awase::journal: ime event seq=1018 elapsed_ms=161059 event_kind="ObserverReported"
2026-09-21T03:26:16.168150Z DEBUG awase::journal: ime event seq=1019 elapsed_ms=161059 event_kind="InputModeObserved"
2026-09-21T03:26:16.663384Z DEBUG awase_windows::runtime::key_pipeline: [engine-input] vk=0x1B KeyDown ts=161554014us delay=0ms state=Idle mods(c=false s=false a=false w=false) gas_ctrl=false phys_ctrl=false extra=0x5350494B pending_drain=0 gate_active=false l_thumb=None r_thumb=None [diag-ctx] ime_
2026-09-21T03:26:16.663517Z DEBUG awase::journal: key input seq=1020 elapsed_ms=161554 vk_code=27 is_down=true injected=false key_class="Passthrough" state_before="Idle" state_after="Idle" decision="PassThrough" physical="Allow" repeat_count=1 last_timestamp_us=161554014 last_elapsed_ms=0
2026-09-21T03:26:16.663646Z DEBUG execute_from_hook: awase_windows::runtime::executor: [relay-passthrough] PassThrough idle: direct OS pass-through (vk=0x1b down)
2026-09-21T03:26:16.663752Z DEBUG execute_one{generation=None}: awase_windows::runtime::executor: [reinject] vk=0x1b down (queued passthrough now firing)
2026-09-21T03:26:16.669535Z DEBUG awase_windows::runtime::ime_refresh: Skipping observer/SSOT write: typing active (idle=0ms)
2026-09-21T03:26:16.677905Z DEBUG awase_windows::tsf::gji_monitor: [gji-io] WRITE: w_ops=+1 w_KB=+0.0 (r_ops=+2 x_ops=+2 x_KB=+0.0)
2026-09-21T03:26:16.788056Z DEBUG awase_windows::runtime::key_pipeline: [engine-input] vk=0x1B KeyUp ts=161678149us delay=0ms state=Idle mods(c=false s=false a=false w=false) gas_ctrl=false phys_ctrl=false extra=0x5350494B pending_drain=0 gate_active=false l_thumb=None r_thumb=None [diag-ctx] ime_on
2026-09-21T03:26:16.788193Z DEBUG awase::journal: key input seq=1021 elapsed_ms=161679 vk_code=27 is_down=false injected=false key_class="Passthrough" state_before="Idle" state_after="Idle" decision="PassThrough" physical="Allow" repeat_count=1 last_timestamp_us=161678149 last_elapsed_ms=0
2026-09-21T03:26:16.788301Z DEBUG execute_from_hook: awase_windows::runtime::executor: [relay-passthrough] PassThrough idle: direct OS pass-through (vk=0x1b up)
2026-09-21T03:26:16.788392Z DEBUG execute_one{generation=None}: awase_windows::runtime::executor: [reinject] vk=0x1b up (queued passthrough now firing)
2026-09-21T03:26:17.166372Z DEBUG awase_windows::runtime::ime_refresh: Skipping observer/SSOT write: typing active (idle=375ms)
2026-09-21T03:26:17.672549Z DEBUG awase_windows::observer::ime_observer: IME snapshot: japanese=Some(true) ime_on=Some(true) romaji=Some(true) conv=Some("0x00000019") guard=false
2026-09-21T03:26:17.672663Z DEBUG awase::journal: ime event seq=1022 elapsed_ms=162563 event_kind="ObserverReported"
2026-09-21T03:26:17.672712Z DEBUG awase::journal: ime event seq=1023 elapsed_ms=162563 event_kind="InputModeObserved"
2026-09-21T03:26:18.169140Z DEBUG awase_windows::observer::ime_observer: IME snapshot: japanese=Some(true) ime_on=Some(true) romaji=Some(true) conv=Some("0x00000019") guard=false
2026-09-21T03:26:18.169232Z DEBUG awase::journal: ime event seq=1024 elapsed_ms=163060 event_kind="ObserverReported"
2026-09-21T03:26:18.169270Z DEBUG awase::journal: ime event seq=1025 elapsed_ms=163060 event_kind="InputModeObserved"
2026-09-21T03:26:18.605776Z DEBUG awase_windows::runtime::key_pipeline: [engine-input] vk=0x41 KeyDown ts=163496458us delay=0ms state=Idle mods(c=false s=false a=false w=false) gas_ctrl=false phys_ctrl=false extra=0x5350494B pending_drain=0 gate_active=false l_thumb=None r_thumb=None [diag-ctx] ime_
2026-09-21T03:26:18.605884Z DEBUG awase::journal: key input seq=1026 elapsed_ms=163496 vk_code=65 is_down=true injected=false key_class="Char" state_before="Idle" state_after="PendingChar(vk=0x41)" decision="Consume" physical="Allow" repeat_count=1 last_timestamp_us=163496458 last_elapsed_ms=0
2026-09-21T03:26:18.673999Z DEBUG awase_windows::runtime::ime_refresh: Skipping observer/SSOT write: typing active (idle=62ms)
2026-09-21T03:26:18.715988Z DEBUG execute_from_loop:execute_one{generation=None}: awase_windows::output: send_keys: mode=Unicode actions=[Char('う')] prev_elapsed=7765ms
2026-09-21T03:26:18.716051Z DEBUG execute_from_loop:execute_one{generation=None}: awase_windows::tsf::probe: [mark-send] last_send_ms=53189765
2026-09-21T03:26:18.716094Z DEBUG execute_from_loop:execute_one{generation=None}: awase_windows::output:   → Char('う') via Unicode
2026-09-21T03:26:18.719489Z DEBUG execute_from_loop:execute_one{generation=None}: awase_windows::tsf::probe: [mark-send] last_send_ms=53189765
2026-09-21T03:26:18.726403Z  INFO awase_windows::tsf::win_event_obs: [gji-obs] candidate SHOW #13: last_gji_write=2047ms ago
2026-09-21T03:26:18.739304Z DEBUG awase_windows::runtime::key_pipeline: [engine-input] vk=0x41 KeyUp ts=163629929us delay=0ms state=Idle mods(c=false s=false a=false w=false) gas_ctrl=false phys_ctrl=false extra=0x5350494B pending_drain=0 gate_active=false l_thumb=None r_thumb=None [diag-ctx] ime_on
2026-09-21T03:26:18.739428Z DEBUG awase::journal: key input seq=1028 elapsed_ms=163630 vk_code=65 is_down=false injected=false key_class="Char" state_before="Idle" state_after="Idle" decision="Consume" physical="Allow" repeat_count=1 last_timestamp_us=163629929 last_elapsed_ms=0
2026-09-21T03:26:18.740242Z DEBUG execute_one{generation=None}: awase_windows::output: send_keys: mode=Unicode actions=[Suppress] prev_elapsed=31ms
2026-09-21T03:26:18.740289Z DEBUG execute_one{generation=None}: awase_windows::tsf::probe: [mark-send] last_send_ms=53189796
2026-09-21T03:26:18.740312Z DEBUG execute_one{generation=None}: awase_windows::output:   → Suppress
2026-09-21T03:26:18.740332Z DEBUG execute_one{generation=None}: awase_windows::tsf::probe: [mark-send] last_send_ms=53189796
2026-09-21T03:26:18.740395Z DEBUG execute_one{generation=None}: awase_windows::platform: [gji-fsm] StartComposition (candidate SHOW)
2026-09-21T03:26:18.740485Z DEBUG execute_one{generation=None}:gji_on_event{event=StartComposition}: awase_windows::tsf::gji_fsm: [gji-fsm] StartComposition: OnWarm → OnComposing(AlreadyWarm)
2026-09-21T03:26:18.740732Z DEBUG awase::journal: gji fsm transition seq=1029 elapsed_ms=163631 trigger="StartComposition(candidate SHOW)" state_before="OnWarm" state_after="OnComposing(Warm)"
2026-09-21T03:26:18.743331Z DEBUG awase_windows::tsf::gji_monitor: [gji-io] WRITE: w_ops=+2 w_KB=+0.3 (r_ops=+4 x_ops=+4 x_KB=+0.0)
2026-09-21T03:26:19.171593Z DEBUG awase_windows::runtime::ime_refresh: Skipping observer/SSOT write: typing active (idle=422ms)
2026-09-21T03:26:19.672754Z DEBUG awase_windows::observer::ime_observer: IME snapshot: japanese=Some(true) ime_on=Some(true) romaji=Some(true) conv=Some("0x00000019") guard=false
2026-09-21T03:26:19.672819Z DEBUG awase::journal: ime event seq=1030 elapsed_ms=164563 event_kind="ObserverReported"
2026-09-21T03:26:19.672841Z DEBUG awase::journal: ime event seq=1031 elapsed_ms=164563 event_kind="InputModeObserved"
2026-09-21T03:26:20.176243Z DEBUG awase_windows::observer::ime_observer: IME snapshot: japanese=Some(true) ime_on=Some(true) romaji=Some(true) conv=Some("0x00000019") guard=false
2026-09-21T03:26:20.176349Z DEBUG awase::journal: ime event seq=1032 elapsed_ms=165067 event_kind="ObserverReported"
2026-09-21T03:26:20.176411Z DEBUG awase::journal: ime event seq=1033 elapsed_ms=165067 event_kind="InputModeObserved"
2026-09-21T03:26:20.542309Z DEBUG awase_windows::runtime::key_pipeline: [engine-input] vk=0x1C KeyDown ts=165432885us delay=0ms state=Idle mods(c=false s=false a=false w=false) gas_ctrl=false phys_ctrl=false extra=0x5350494B pending_drain=0 gate_active=false l_thumb=None r_thumb=Some(165432868) [dia
2026-09-21T03:26:20.542467Z DEBUG awase::journal: key input seq=1034 elapsed_ms=165433 vk_code=28 is_down=true injected=false key_class="RightThumb" state_before="Idle" state_after="PendingThumb(vk=0x1C,left=false)" decision="Consume" physical="Allow" repeat_count=1 last_timestamp_us=165432885 last_
2026-09-21T03:26:20.665680Z DEBUG awase_windows::runtime::key_pipeline: [engine-input] vk=0x1C KeyUp ts=165556381us delay=0ms state=Idle mods(c=false s=false a=false w=false) gas_ctrl=false phys_ctrl=false extra=0x5350494B pending_drain=0 gate_active=false l_thumb=None r_thumb=None [diag-ctx] ime_on
2026-09-21T03:26:20.665764Z DEBUG awase::journal: key input seq=1036 elapsed_ms=165556 vk_code=28 is_down=false injected=false key_class="RightThumb" state_before="Idle" state_after="Idle" decision="Consume" physical="Allow" repeat_count=1 last_timestamp_us=165556381 last_elapsed_ms=0
2026-09-21T03:26:20.684230Z DEBUG awase_windows::runtime::ime_refresh: Skipping observer/SSOT write: typing active (idle=16ms)
2026-09-21T03:26:21.184440Z DEBUG awase_windows::observer::ime_observer: IME snapshot: japanese=Some(true) ime_on=Some(true) romaji=Some(true) conv=Some("0x00000019") guard=false
2026-09-21T03:26:21.184508Z DEBUG awase::journal: ime event seq=1037 elapsed_ms=166075 event_kind="ObserverReported"
2026-09-21T03:26:21.184532Z DEBUG awase::journal: ime event seq=1038 elapsed_ms=166075 event_kind="InputModeObserved"
2026-09-21T03:26:21.687452Z DEBUG awase_windows::observer::ime_observer: IME snapshot: japanese=Some(true) ime_on=Some(true) romaji=Some(true) conv=Some("0x00000019") guard=false
2026-09-21T03:26:21.687580Z DEBUG awase::journal: ime event seq=1039 elapsed_ms=166578 event_kind="ObserverReported"
2026-09-21T03:26:21.687609Z DEBUG awase::journal: ime event seq=1040 elapsed_ms=166578 event_kind="InputModeObserved"
2026-09-21T03:26:22.182417Z DEBUG awase_windows::observer::ime_observer: IME snapshot: japanese=Some(true) ime_on=Some(true) romaji=Some(true) conv=Some("0x00000019") guard=false
2026-09-21T03:26:22.182501Z DEBUG awase::journal: ime event seq=1041 elapsed_ms=167073 event_kind="ObserverReported"
2026-09-21T03:26:22.182536Z DEBUG awase::journal: ime event seq=1042 elapsed_ms=167073 event_kind="InputModeObserved"
2026-09-21T03:26:22.477518Z DEBUG awase_windows::hook: [hook] IME-mode vk=0xF4 up self_injected=false injected=false scan=0x29 extra=0x5350494B since_actuation_us=Some(167282310)
2026-09-21T03:26:22.477785Z DEBUG awase::journal: hook ime-mode diagnostic seq=1043 elapsed_ms=167368 vk_code=244 is_down=false self_injected=false injected=false scan=41
2026-09-21T03:26:22.477867Z DEBUG awase_windows::hook: [hook] IME-mode vk=0xF3 down self_injected=false injected=false scan=0x29 extra=0x5350494B since_actuation_us=Some(167282677)
2026-09-21T03:26:22.478062Z DEBUG awase_windows::runtime::key_pipeline: [engine-input] vk=0xF4 KeyUp ts=167368634us delay=0ms state=Idle mods(c=false s=false a=false w=false) gas_ctrl=false phys_ctrl=false extra=0x5350494B pending_drain=0 gate_active=false l_thumb=None r_thumb=None [diag-ctx] ime_on
2026-09-21T03:26:22.478226Z DEBUG awase::journal: key input seq=1044 elapsed_ms=167369 vk_code=244 is_down=false injected=false key_class="Passthrough" state_before="Idle" state_after="Idle" decision="PassThrough" physical="Allow" repeat_count=1 last_timestamp_us=167368634 last_elapsed_ms=0
2026-09-21T03:26:22.478331Z DEBUG execute_from_hook: awase_windows::runtime::executor: [relay-passthrough] PassThrough idle: direct OS pass-through (vk=0xf4 up)
2026-09-21T03:26:22.478413Z DEBUG awase::journal: hook ime-mode diagnostic seq=1045 elapsed_ms=167369 vk_code=243 is_down=true self_injected=false injected=false scan=41
2026-09-21T03:26:22.478495Z DEBUG awase_windows::runtime::key_pipeline: [engine-input] vk=0xF3 KeyDown ts=167368810us delay=0ms state=Idle mods(c=false s=false a=false w=false) gas_ctrl=false phys_ctrl=false extra=0x5350494B pending_drain=0 gate_active=false l_thumb=None r_thumb=None [diag-ctx] ime_
2026-09-21T03:26:22.478567Z DEBUG awase::journal: key input seq=1046 elapsed_ms=167369 vk_code=243 is_down=true injected=false key_class="Passthrough" state_before="Idle" state_after="Idle" decision="PassThrough" physical="Allow" repeat_count=1 last_timestamp_us=167368810 last_elapsed_ms=0
2026-09-21T03:26:22.478686Z DEBUG awase_windows::runtime::key_pipeline: may_change_ime key passed through → IME refresh scheduled (20ms)
2026-09-21T03:26:22.478740Z  INFO awase_windows::runtime::key_pipeline: [mode-key-follow] mode key PassThrough(vk=0xF3): IME refresh scheduled (20ms)
2026-09-21T03:26:22.479523Z DEBUG awase_windows::runtime::key_pipeline: [key-effect-predict] vk=0xF3 status=Pre: no prediction
2026-09-21T03:26:22.479618Z DEBUG execute_from_hook: awase_windows::runtime::transport: [relay-defer] PassThrough deferred: pending effects, reinject(vk=0xf3 down)
2026-09-21T03:26:22.479725Z DEBUG execute_one{generation=None}: awase_windows::runtime::executor: [reinject] vk=0xf4 up (queued passthrough now firing)
2026-09-21T03:26:22.479776Z DEBUG execute_one{generation=None}: awase_windows::runtime::executor: [reinject] vk=0xf3 down (queued passthrough now firing)
2026-09-21T03:26:22.479935Z DEBUG awase_windows::hook: [hook] IME-mode vk=0xF4 up self_injected=true injected=true scan=0x0 extra=0x4B45594D since_actuation_us=Some(167284739)
2026-09-21T03:26:22.481181Z DEBUG awase_windows::hook: [hook] IME-mode vk=0xF3 up self_injected=true injected=false scan=0x0 extra=0x4B45594D since_actuation_us=Some(167285982)
2026-09-21T03:26:22.483136Z DEBUG awase_windows::hook: [hook] IME-mode vk=0xF4 down self_injected=true injected=true scan=0x0 extra=0x4B45594D since_actuation_us=Some(167287937)
2026-09-21T03:26:22.484670Z DEBUG awase::journal: hook ime-mode diagnostic seq=1047 elapsed_ms=167375 vk_code=244 is_down=false self_injected=true injected=true scan=0
2026-09-21T03:26:22.484714Z DEBUG awase::journal: hook ime-mode diagnostic seq=1048 elapsed_ms=167375 vk_code=243 is_down=false self_injected=true injected=false scan=0
2026-09-21T03:26:22.484730Z DEBUG awase::journal: hook ime-mode diagnostic seq=1049 elapsed_ms=167375 vk_code=244 is_down=true self_injected=true injected=true scan=0
2026-09-21T03:26:22.491542Z  INFO awase_windows::tsf::win_event_obs: [gji-obs] candidate HIDE: last_gji_write=3750ms ago
2026-09-21T03:26:22.493326Z DEBUG awase_windows::tsf::gji_monitor: [gji-io] WRITE: w_ops=+2 w_KB=+0.3 (r_ops=+4 x_ops=+4 x_KB=+0.0)
2026-09-21T03:26:22.511351Z DEBUG awase_windows::runtime::ime_refresh: Explicit intent: bypassing typing-idle guard for IME verify (idle=31ms)
2026-09-21T03:26:22.511398Z DEBUG awase_windows::observer::ime_observer: IME snapshot: japanese=Some(true) ime_on=Some(false) romaji=Some(true) conv=Some("0x00000019") guard=false
2026-09-21T03:26:22.511459Z DEBUG awase::journal: ime event seq=1050 elapsed_ms=167402 event_kind="ObserverReported"
2026-09-21T03:26:22.511481Z DEBUG awase::journal: ime event seq=1051 elapsed_ms=167402 event_kind="InputModeObserved"
2026-09-21T03:26:22.511507Z DEBUG awase::journal: ime event seq=1052 elapsed_ms=167402 event_kind="ModeKeyPassedThrough"
2026-09-21T03:26:22.511516Z  INFO awase_windows::runtime::ime_refresh: [mode-key-follow] observation arrived after mode key pass: intents invalidated
2026-09-21T03:26:22.511594Z  INFO awase::engine::engine: Engine deactivated (ime=false, romaji=true, japanese=true, user=true, reason=Inactive(ImeOff))
2026-09-21T03:26:22.511699Z DEBUG execute_from_loop:execute_one{generation=None}:dispatch_ime_set_open{open=false generation=None}: awase_windows::runtime::executor: [dispatch-ime] ImmCross async: optimistic applied_snapshot=false (suppress send_engine_state_ime_key)
2026-09-21T03:26:22.512886Z DEBUG execute_from_loop:execute_one{generation=None}: awase_windows::platform: [engine-state-key] suppressed (polling/focus-triggered, enabled=false)
2026-09-21T03:26:22.514396Z DEBUG run_open_chain_async: awase_windows::ime_controller: [warrant-shadow] chain=async open=false origin=EventOrigin { source: SelfActuated { strategy: "engine_decision_async" }, epoch: Generation(0) } warranted
2026-09-21T03:26:22.514491Z  INFO run_open_chain_async:imm_cross_write{open=false}: awase_windows::runtime::open_chain: [apply-ime] ImmCross async: open=false composition_active=false show_seq=0 change_seq=0 (issue #138診断)
2026-09-21T03:26:22.516289Z DEBUG awase_windows::shadow_send_trace: [shadow-send] channel=ImeControl cmd=0x0006 lparam=0 issue_us=167406973
2026-09-21T03:26:22.516301Z DEBUG awase_windows::ime: set_ime_open_for_target: hwnd=HWND(0x300836) ime_wnd=HWND(0x4092a) open=false success=true send_elapsed=0ms candidate_visible=false
2026-09-21T03:26:22.516556Z DEBUG run_open_chain_async:imm_cross_write{open=false}: awase_windows::ime: [imm-cross-actuate] hwnd=HWND(0x300836) open=Written conv=None
2026-09-21T03:26:22.516647Z DEBUG run_open_chain_async: awase::journal: actuation decision seq=1053 elapsed_ms=167407 site="DispatchImeSetOpen" caller="None" open=false chain_len=4 attempts_len=1 gate_profile="Standard" gate_kind="Gji" gate_shadow_known=true gate_shadow_on=true gate_input_mode="Obse
2026-09-21T03:26:22.516756Z DEBUG on_ime_apply_complete{open=false outcome=AppliedWithoutSendInput generation=None reason=EngineDecision}: awase::journal: ime open applied seq=1054 elapsed_ms=167407 open=false outcome="AppliedWithoutSendInput" reason="EngineDecision"
2026-09-21T03:26:22.516804Z DEBUG on_ime_apply_complete{open=false outcome=AppliedWithoutSendInput generation=None reason=EngineDecision}: awase_windows::tsf::ime_mode_fsm: [ime-mode] SetOpen(false) applied → Off (belief, unconfirmed)
2026-09-21T03:26:22.516820Z DEBUG on_ime_apply_complete{open=false outcome=AppliedWithoutSendInput generation=None reason=EngineDecision}: awase_windows::platform: [composition] ImeEffect::SetOpen(false) → marking cold (prevent warm+TSF Enter leak)
2026-09-21T03:26:22.516834Z DEBUG on_ime_apply_complete{open=false outcome=AppliedWithoutSendInput generation=None reason=EngineDecision}: awase_windows::tsf::probe: [composition] marked cold reason=SetOpenFalse idle=3766ms → next VK/TSF output will send VK_DBE_HIRAGANA warmup
2026-09-21T03:26:22.516909Z DEBUG awase::journal: gji fsm transition seq=1055 elapsed_ms=167407 trigger="ImeOff" state_before="OnComposing(Warm)" state_after="OffCold"
2026-09-21T03:26:22.549659Z DEBUG awase_windows::runtime::ime_refresh: Explicit intent: bypassing typing-idle guard for IME verify (idle=62ms)
2026-09-21T03:26:22.549710Z DEBUG awase_windows::observer::ime_observer: IME snapshot: japanese=Some(true) ime_on=Some(false) romaji=Some(true) conv=Some("0x00000019") guard=false
2026-09-21T03:26:22.549776Z DEBUG awase::journal: ime event seq=1056 elapsed_ms=167440 event_kind="ObserverReported"
2026-09-21T03:26:22.549834Z DEBUG awase::journal: ime event seq=1057 elapsed_ms=167440 event_kind="InputModeObserved"
2026-09-21T03:26:22.549853Z  INFO awase_windows::runtime::ime_refresh: [mode-key-follow] observation arrived after mode key pass: intents invalidated
2026-09-21T03:26:22.611931Z DEBUG awase_windows::runtime::ime_refresh: Explicit intent: bypassing typing-idle guard for IME verify (idle=125ms)
2026-09-21T03:26:22.611996Z DEBUG awase_windows::observer::ime_observer: IME snapshot: japanese=Some(true) ime_on=Some(false) romaji=Some(true) conv=Some("0x00000019") guard=false
2026-09-21T03:26:22.612099Z DEBUG awase::journal: ime event seq=1058 elapsed_ms=167503 event_kind="ObserverReported"
2026-09-21T03:26:22.612140Z DEBUG awase::journal: ime event seq=1059 elapsed_ms=167503 event_kind="InputModeObserved"
2026-09-21T03:26:22.612188Z  INFO awase_windows::runtime::ime_refresh: [mode-key-follow] observation arrived after mode key pass: intents invalidated
2026-09-21T03:26:22.669775Z DEBUG awase_windows::runtime::ime_refresh: Explicit intent: bypassing typing-idle guard for IME verify (idle=187ms)
2026-09-21T03:26:22.669843Z DEBUG awase_windows::observer::ime_observer: IME snapshot: japanese=Some(true) ime_on=Some(false) romaji=Some(true) conv=Some("0x00000019") guard=false
2026-09-21T03:26:22.669946Z DEBUG awase::journal: ime event seq=1060 elapsed_ms=167560 event_kind="ObserverReported"
2026-09-21T03:26:22.669990Z DEBUG awase::journal: ime event seq=1061 elapsed_ms=167560 event_kind="InputModeObserved"
2026-09-21T03:26:22.670023Z  INFO awase_windows::runtime::ime_refresh: [mode-key-follow] observation arrived after mode key pass: intents invalidated
2026-09-21T03:26:22.730869Z DEBUG awase_windows::runtime::ime_refresh: Explicit intent: bypassing typing-idle guard for IME verify (idle=250ms)
2026-09-21T03:26:22.730927Z DEBUG awase_windows::observer::ime_observer: IME snapshot: japanese=Some(true) ime_on=Some(false) romaji=Some(true) conv=Some("0x00000019") guard=false
2026-09-21T03:26:22.730997Z DEBUG awase::journal: ime event seq=1062 elapsed_ms=167621 event_kind="ObserverReported"
2026-09-21T03:26:22.731021Z DEBUG awase::journal: ime event seq=1063 elapsed_ms=167621 event_kind="InputModeObserved"
2026-09-21T03:26:22.731040Z  INFO awase_windows::runtime::ime_refresh: [mode-key-follow] observation arrived after mode key pass: intents invalidated
2026-09-21T03:26:22.794661Z DEBUG awase_windows::runtime::ime_refresh: Skipping observer/SSOT write: typing active (idle=312ms)
2026-09-21T03:26:23.294226Z DEBUG awase_windows::observer::ime_observer: IME snapshot: japanese=Some(true) ime_on=Some(false) romaji=Some(true) conv=Some("0x00000019") guard=false
2026-09-21T03:26:23.294332Z DEBUG awase::journal: ime event seq=1064 elapsed_ms=168185 event_kind="ObserverReported"
2026-09-21T03:26:23.294359Z DEBUG awase::journal: ime event seq=1065 elapsed_ms=168185 event_kind="InputModeObserved"
2026-09-21T03:26:23.795542Z DEBUG awase_windows::observer::ime_observer: IME snapshot: japanese=Some(true) ime_on=Some(false) romaji=Some(true) conv=Some("0x00000019") guard=false
2026-09-21T03:26:23.795641Z DEBUG awase::journal: ime event seq=1066 elapsed_ms=168686 event_kind="ObserverReported"
2026-09-21T03:26:23.795683Z DEBUG awase::journal: ime event seq=1067 elapsed_ms=168686 event_kind="InputModeObserved"
2026-09-21T03:26:24.293989Z DEBUG awase_windows::observer::ime_observer: IME snapshot: japanese=Some(true) ime_on=Some(false) romaji=Some(true) conv=Some("0x00000019") guard=false
2026-09-21T03:26:24.294082Z DEBUG awase::journal: ime event seq=1068 elapsed_ms=169185 event_kind="ObserverReported"
2026-09-21T03:26:24.294120Z DEBUG awase::journal: ime event seq=1069 elapsed_ms=169185 event_kind="InputModeObserved"
2026-09-21T03:26:24.417865Z DEBUG awase_windows::runtime::key_pipeline: [engine-input] vk=0x1B KeyDown ts=169308442us delay=0ms state=Idle mods(c=false s=false a=false w=false) gas_ctrl=false phys_ctrl=false extra=0x5350494B pending_drain=0 gate_active=false l_thumb=None r_thumb=None [diag-ctx] ime_
2026-09-21T03:26:24.417984Z DEBUG awase::journal: key input seq=1070 elapsed_ms=169308 vk_code=27 is_down=true injected=false key_class="Passthrough" state_before="Idle" state_after="Idle" decision="PassThrough" physical="Allow" repeat_count=1 last_timestamp_us=169308442 last_elapsed_ms=0
2026-09-21T03:26:24.418100Z DEBUG execute_from_hook: awase_windows::tsf::probe: [composition] marked cold reason=PassthroughConfirmKey idle=5672ms → next VK/TSF output will send VK_DBE_HIRAGANA warmup
2026-09-21T03:26:24.418121Z DEBUG execute_from_hook: awase_windows::tsf::probe: [mark-send] last_send_ms=53195468
2026-09-21T03:26:24.418174Z DEBUG execute_from_hook: awase_windows::platform: [composition-fsm] EmitWarmup (ConfirmKeyDown)
2026-09-21T03:26:24.418194Z DEBUG execute_from_hook: awase_windows::runtime::executor: [relay-passthrough] PassThrough idle: direct OS pass-through (vk=0x1b down)
2026-09-21T03:26:24.418219Z DEBUG awase::journal: gji fsm transition seq=1071 elapsed_ms=169309 trigger="CompositionReset(gji_idle_ms=1922)" state_before="OffCold" state_after="OffCold"
2026-09-21T03:26:24.418267Z DEBUG awase_windows::runtime::executor: [reinject-guard] suspending drain for 50ms (vk=0x1b)
2026-09-21T03:26:24.481429Z DEBUG execute_one{generation=None}: awase_windows::runtime::executor: [reinject] vk=0x1b down (queued passthrough now firing)
2026-09-21T03:26:24.481570Z DEBUG execute_one{generation=None}: awase_windows::platform: [composition] reinject KeyDown vk=0x1b → marking cold + eager warmup
2026-09-21T03:26:24.481594Z DEBUG execute_one{generation=None}: awase_windows::tsf::probe: [composition] marked cold reason=ReinjectConfirmKey idle=63ms → next VK/TSF output will send VK_DBE_HIRAGANA warmup
2026-09-21T03:26:24.481615Z DEBUG execute_one{generation=None}: awase_windows::tsf::probe: [mark-send] last_send_ms=53195531
2026-09-21T03:26:24.483956Z DEBUG awase::journal: gji fsm transition seq=1072 elapsed_ms=169372 trigger="CompositionReset(gji_idle_ms=1985)" state_before="OffCold" state_after="OffCold"
2026-09-21T03:26:24.549222Z DEBUG awase_windows::runtime::key_pipeline: [engine-input] vk=0x1B KeyUp ts=169439727us delay=0ms state=Idle mods(c=false s=false a=false w=false) gas_ctrl=false phys_ctrl=false extra=0x5350494B pending_drain=0 gate_active=false l_thumb=None r_thumb=None [diag-ctx] ime_on
2026-09-21T03:26:24.549366Z DEBUG awase::journal: key input seq=1073 elapsed_ms=169440 vk_code=27 is_down=false injected=false key_class="Passthrough" state_before="Idle" state_after="Idle" decision="PassThrough" physical="Allow" repeat_count=1 last_timestamp_us=169439727 last_elapsed_ms=0
2026-09-21T03:26:24.549515Z DEBUG execute_from_hook: awase_windows::runtime::executor: [relay-passthrough] PassThrough idle: direct OS pass-through (vk=0x1b up)
2026-09-21T03:26:24.549621Z DEBUG execute_one{generation=None}: awase_windows::runtime::executor: [reinject] vk=0x1b up (queued passthrough now firing)
2026-09-21T03:26:24.800480Z DEBUG awase_windows::runtime::ime_refresh: Skipping observer/SSOT write: typing active (idle=250ms)
2026-09-21T03:26:25.300381Z DEBUG awase_windows::observer::ime_observer: IME snapshot: japanese=Some(true) ime_on=Some(false) romaji=Some(true) conv=Some("0x00000019") guard=false
2026-09-21T03:26:25.300457Z DEBUG awase::journal: ime event seq=1074 elapsed_ms=170191 event_kind="ObserverReported"
2026-09-21T03:26:25.300483Z DEBUG awase::journal: ime event seq=1075 elapsed_ms=170191 event_kind="InputModeObserved"
2026-09-21T03:26:25.798403Z DEBUG awase_windows::observer::ime_observer: IME snapshot: japanese=Some(true) ime_on=Some(false) romaji=Some(true) conv=Some("0x00000019") guard=false
2026-09-21T03:26:25.798494Z DEBUG awase::journal: ime event seq=1076 elapsed_ms=170689 event_kind="ObserverReported"
2026-09-21T03:26:25.798532Z DEBUG awase::journal: ime event seq=1077 elapsed_ms=170689 event_kind="InputModeObserved"
2026-09-21T03:26:26.301672Z DEBUG awase_windows::observer::ime_observer: IME snapshot: japanese=Some(true) ime_on=Some(false) romaji=Some(true) conv=Some("0x00000019") guard=false
2026-09-21T03:26:26.301747Z DEBUG awase::journal: ime event seq=1078 elapsed_ms=171192 event_kind="ObserverReported"
2026-09-21T03:26:26.301779Z DEBUG awase::journal: ime event seq=1079 elapsed_ms=171192 event_kind="InputModeObserved"
2026-09-21T03:26:26.357859Z DEBUG awase_windows::hook: [hook] IME-mode vk=0xF0 up self_injected=false injected=false scan=0x70 extra=0x5350494B since_actuation_us=Some(171162655)
2026-09-21T03:26:26.358058Z DEBUG awase::journal: hook ime-mode diagnostic seq=1080 elapsed_ms=171249 vk_code=240 is_down=false self_injected=false injected=false scan=112
2026-09-21T03:26:26.358172Z DEBUG awase_windows::hook: [hook] IME-mode vk=0xF2 down self_injected=false injected=false scan=0x70 extra=0x5350494B since_actuation_us=Some(171162984)
2026-09-21T03:26:26.358286Z DEBUG awase_windows::runtime::key_pipeline: [engine-input] vk=0xF0 KeyUp ts=171248867us delay=0ms state=Idle mods(c=false s=false a=false w=false) gas_ctrl=false phys_ctrl=false extra=0x5350494B pending_drain=0 gate_active=false l_thumb=None r_thumb=None [diag-ctx] ime_on
2026-09-21T03:26:26.358385Z DEBUG awase::journal: key input seq=1081 elapsed_ms=171249 vk_code=240 is_down=false injected=false key_class="Passthrough" state_before="Idle" state_after="Idle" decision="PassThrough" physical="Allow" repeat_count=1 last_timestamp_us=171248867 last_elapsed_ms=0
2026-09-21T03:26:26.358488Z DEBUG execute_from_hook: awase_windows::runtime::executor: [relay-passthrough] PassThrough idle: direct OS pass-through (vk=0xf0 up)
2026-09-21T03:26:26.358581Z DEBUG awase::journal: hook ime-mode diagnostic seq=1082 elapsed_ms=171249 vk_code=242 is_down=true self_injected=false injected=false scan=112
2026-09-21T03:26:26.358685Z DEBUG awase_windows::runtime::key_pipeline: [engine-input] vk=0xF2 KeyDown ts=171249105us delay=0ms state=Idle mods(c=false s=false a=false w=false) gas_ctrl=false phys_ctrl=false extra=0x5350494B pending_drain=0 gate_active=false l_thumb=None r_thumb=None [diag-ctx] ime_
2026-09-21T03:26:26.358763Z DEBUG awase::journal: key input seq=1083 elapsed_ms=171249 vk_code=242 is_down=true injected=false key_class="Passthrough" state_before="Idle" state_after="Idle" decision="PassThrough" physical="Allow" repeat_count=1 last_timestamp_us=171249105 last_elapsed_ms=0
2026-09-21T03:26:26.358839Z DEBUG awase_windows::runtime::key_pipeline: may_change_ime key passed through → IME refresh scheduled (20ms)
2026-09-21T03:26:26.358889Z  INFO awase_windows::runtime::key_pipeline: [mode-key-follow] mode key PassThrough(vk=0xF2): IME refresh scheduled (20ms)
2026-09-21T03:26:26.359757Z DEBUG awase_windows::tsf::probe: [composition] marked cold reason=F2NonTsf idle=1875ms → next VK/TSF output will send VK_DBE_HIRAGANA warmup
2026-09-21T03:26:26.359906Z DEBUG execute_from_hook: awase_windows::runtime::transport: [relay-defer] PassThrough deferred: pending effects, reinject(vk=0xf2 down)
2026-09-21T03:26:26.359964Z DEBUG awase::journal: gji fsm transition seq=1084 elapsed_ms=171250 trigger="CompositionReset(gji_idle_ms=3860)" state_before="OffCold" state_after="OffCold"
2026-09-21T03:26:26.360028Z DEBUG execute_one{generation=None}: awase_windows::runtime::executor: [reinject] vk=0xf0 up (queued passthrough now firing)
2026-09-21T03:26:26.360096Z DEBUG execute_one{generation=None}: awase_windows::runtime::executor: [reinject] vk=0xf2 down (queued passthrough now firing)
2026-09-21T03:26:26.360266Z DEBUG awase_windows::hook: [hook] IME-mode vk=0xF0 up self_injected=true injected=false scan=0x0 extra=0x4B45594D since_actuation_us=Some(171165075)
2026-09-21T03:26:26.361608Z DEBUG awase_windows::hook: [hook] IME-mode vk=0xF2 down self_injected=true injected=true scan=0x0 extra=0x4B45594D since_actuation_us=Some(171166414)
2026-09-21T03:26:26.363920Z DEBUG awase::journal: hook ime-mode diagnostic seq=1085 elapsed_ms=171254 vk_code=240 is_down=false self_injected=true injected=false scan=0
2026-09-21T03:26:26.363963Z DEBUG awase::journal: hook ime-mode diagnostic seq=1086 elapsed_ms=171254 vk_code=242 is_down=true self_injected=true injected=true scan=0
2026-09-21T03:26:26.392481Z DEBUG awase_windows::runtime::ime_refresh: Explicit intent: bypassing typing-idle guard for IME verify (idle=31ms)
2026-09-21T03:26:26.392543Z DEBUG awase_windows::observer::ime_observer: IME snapshot: japanese=Some(true) ime_on=Some(false) romaji=Some(true) conv=Some("0x00000019") guard=false
2026-09-21T03:26:26.392640Z DEBUG awase::journal: ime event seq=1087 elapsed_ms=171283 event_kind="ObserverReported"
2026-09-21T03:26:26.392680Z DEBUG awase::journal: ime event seq=1088 elapsed_ms=171283 event_kind="InputModeObserved"
2026-09-21T03:26:26.392731Z DEBUG awase::journal: ime event seq=1089 elapsed_ms=171283 event_kind="ModeKeyPassedThrough"
2026-09-21T03:26:26.392875Z  INFO awase_windows::runtime::ime_refresh: [mode-key-follow] observation arrived after mode key pass: intents invalidated
2026-09-21T03:26:26.457153Z DEBUG awase_windows::runtime::ime_refresh: Explicit intent: bypassing typing-idle guard for IME verify (idle=94ms)
2026-09-21T03:26:26.457239Z DEBUG awase_windows::observer::ime_observer: IME snapshot: japanese=Some(true) ime_on=Some(false) romaji=Some(true) conv=Some("0x00000019") guard=false
2026-09-21T03:26:26.457364Z DEBUG awase::journal: ime event seq=1090 elapsed_ms=171348 event_kind="ObserverReported"
2026-09-21T03:26:26.457415Z DEBUG awase::journal: ime event seq=1091 elapsed_ms=171348 event_kind="InputModeObserved"
2026-09-21T03:26:26.457456Z  INFO awase_windows::runtime::ime_refresh: [mode-key-follow] observation arrived after mode key pass: intents invalidated
2026-09-21T03:26:26.515576Z DEBUG awase_windows::runtime::ime_refresh: Explicit intent: bypassing typing-idle guard for IME verify (idle=156ms)
2026-09-21T03:26:26.515633Z DEBUG awase_windows::observer::ime_observer: IME snapshot: japanese=Some(true) ime_on=Some(false) romaji=Some(true) conv=Some("0x00000019") guard=false
2026-09-21T03:26:26.515720Z DEBUG awase::journal: ime event seq=1092 elapsed_ms=171406 event_kind="ObserverReported"
2026-09-21T03:26:26.515756Z DEBUG awase::journal: ime event seq=1093 elapsed_ms=171406 event_kind="InputModeObserved"
2026-09-21T03:26:26.515783Z  INFO awase_windows::runtime::ime_refresh: [mode-key-follow] observation arrived after mode key pass: intents invalidated
2026-09-21T03:26:26.578467Z DEBUG awase_windows::runtime::ime_refresh: Explicit intent: bypassing typing-idle guard for IME verify (idle=219ms)
2026-09-21T03:26:26.578528Z DEBUG awase_windows::observer::ime_observer: IME snapshot: japanese=Some(true) ime_on=Some(false) romaji=Some(true) conv=Some("0x00000019") guard=false
2026-09-21T03:26:26.578616Z DEBUG awase::journal: ime event seq=1094 elapsed_ms=171469 event_kind="ObserverReported"
2026-09-21T03:26:26.578653Z DEBUG awase::journal: ime event seq=1095 elapsed_ms=171469 event_kind="InputModeObserved"
2026-09-21T03:26:26.578681Z  INFO awase_windows::runtime::ime_refresh: [mode-key-follow] observation arrived after mode key pass: intents invalidated
2026-09-21T03:26:26.642582Z DEBUG awase_windows::runtime::ime_refresh: Explicit intent: bypassing typing-idle guard for IME verify (idle=281ms)
2026-09-21T03:26:26.642775Z DEBUG awase_windows::observer::ime_observer: IME snapshot: japanese=Some(true) ime_on=Some(false) romaji=Some(true) conv=Some("0x00000019") guard=false
2026-09-21T03:26:26.642912Z DEBUG awase::journal: ime event seq=1096 elapsed_ms=171533 event_kind="ObserverReported"
2026-09-21T03:26:26.642955Z DEBUG awase::journal: ime event seq=1097 elapsed_ms=171533 event_kind="InputModeObserved"
2026-09-21T03:26:26.642993Z  INFO awase_windows::runtime::ime_refresh: [mode-key-follow] observation arrived after mode key pass: intents invalidated
2026-09-21T03:26:26.705263Z DEBUG awase_windows::runtime::ime_refresh: Skipping observer/SSOT write: typing active (idle=344ms)
2026-09-21T03:26:27.202557Z DEBUG awase_windows::observer::ime_observer: IME snapshot: japanese=Some(true) ime_on=Some(false) romaji=Some(true) conv=Some("0x00000019") guard=false
2026-09-21T03:26:27.202650Z DEBUG awase::journal: ime event seq=1098 elapsed_ms=172093 event_kind="ObserverReported"
2026-09-21T03:26:27.202688Z DEBUG awase::journal: ime event seq=1099 elapsed_ms=172093 event_kind="InputModeObserved"
2026-09-21T03:26:27.705205Z DEBUG awase_windows::observer::ime_observer: IME snapshot: japanese=Some(true) ime_on=Some(false) romaji=Some(true) conv=Some("0x00000019") guard=false
2026-09-21T03:26:27.705277Z DEBUG awase::journal: ime event seq=1100 elapsed_ms=172596 event_kind="ObserverReported"
2026-09-21T03:26:27.705302Z DEBUG awase::journal: ime event seq=1101 elapsed_ms=172596 event_kind="InputModeObserved"
2026-09-21T03:26:28.204917Z DEBUG awase_windows::observer::ime_observer: IME snapshot: japanese=Some(true) ime_on=Some(false) romaji=Some(true) conv=Some("0x00000019") guard=false
2026-09-21T03:26:28.205025Z DEBUG awase::journal: ime event seq=1102 elapsed_ms=173095 event_kind="ObserverReported"
2026-09-21T03:26:28.205070Z DEBUG awase::journal: ime event seq=1103 elapsed_ms=173096 event_kind="InputModeObserved"
2026-09-21T03:26:28.295325Z DEBUG awase_windows::hook: [hook] IME-mode vk=0xF2 down self_injected=false injected=false scan=0x70 extra=0x5350494B since_actuation_us=Some(173100114)
2026-09-21T03:26:28.295580Z DEBUG awase::journal: hook ime-mode diagnostic seq=1104 elapsed_ms=173186 vk_code=242 is_down=true self_injected=false injected=false scan=112
2026-09-21T03:26:28.295865Z DEBUG awase_windows::runtime::key_pipeline: [engine-input] vk=0xF2 KeyDown ts=173186366us delay=0ms state=Idle mods(c=false s=false a=false w=false) gas_ctrl=false phys_ctrl=false extra=0x5350494B pending_drain=0 gate_active=false l_thumb=None r_thumb=None [diag-ctx] ime_
2026-09-21T03:26:28.296001Z DEBUG awase::journal: key input seq=1105 elapsed_ms=173186 vk_code=242 is_down=true injected=false key_class="Passthrough" state_before="Idle" state_after="Idle" decision="PassThrough" physical="Allow" repeat_count=1 last_timestamp_us=173186366 last_elapsed_ms=0
2026-09-21T03:26:28.296113Z DEBUG awase_windows::runtime::key_pipeline: may_change_ime key passed through → IME refresh scheduled (20ms)
2026-09-21T03:26:28.296183Z  INFO awase_windows::runtime::key_pipeline: [mode-key-follow] mode key PassThrough(vk=0xF2): IME refresh scheduled (20ms)
2026-09-21T03:26:28.297374Z DEBUG awase_windows::tsf::probe: [composition] marked cold reason=F2NonTsf idle=3812ms → next VK/TSF output will send VK_DBE_HIRAGANA warmup
2026-09-21T03:26:28.297577Z DEBUG execute_from_hook: awase_windows::runtime::executor: [relay-passthrough] PassThrough idle: direct OS pass-through (vk=0xf2 down)
2026-09-21T03:26:28.297622Z DEBUG awase::journal: gji fsm transition seq=1106 elapsed_ms=173188 trigger="CompositionReset(gji_idle_ms=5797)" state_before="OffCold" state_after="OffCold"
2026-09-21T03:26:28.297746Z DEBUG execute_one{generation=None}: awase_windows::runtime::executor: [reinject] vk=0xf2 down (queued passthrough now firing)
2026-09-21T03:26:28.298006Z DEBUG awase_windows::hook: [hook] IME-mode vk=0xF2 down self_injected=true injected=true scan=0x0 extra=0x4B45594D since_actuation_us=Some(173102811)
2026-09-21T03:26:28.300217Z DEBUG awase::journal: hook ime-mode diagnostic seq=1107 elapsed_ms=173191 vk_code=242 is_down=true self_injected=true injected=true scan=0
2026-09-21T03:26:28.329807Z DEBUG awase_windows::runtime::ime_refresh: Explicit intent: bypassing typing-idle guard for IME verify (idle=32ms)
2026-09-21T03:26:28.329874Z DEBUG awase_windows::observer::ime_observer: IME snapshot: japanese=Some(true) ime_on=Some(false) romaji=Some(true) conv=Some("0x00000019") guard=false
2026-09-21T03:26:28.329975Z DEBUG awase::journal: ime event seq=1108 elapsed_ms=173220 event_kind="ObserverReported"
2026-09-21T03:26:28.330020Z DEBUG awase::journal: ime event seq=1109 elapsed_ms=173220 event_kind="InputModeObserved"
2026-09-21T03:26:28.330072Z DEBUG awase::journal: ime event seq=1110 elapsed_ms=173221 event_kind="ModeKeyPassedThrough"
2026-09-21T03:26:28.330090Z  INFO awase_windows::runtime::ime_refresh: [mode-key-follow] observation arrived after mode key pass: intents invalidated
2026-09-21T03:26:28.394136Z DEBUG awase_windows::runtime::ime_refresh: Explicit intent: bypassing typing-idle guard for IME verify (idle=94ms)
2026-09-21T03:26:28.394228Z DEBUG awase_windows::observer::ime_observer: IME snapshot: japanese=Some(true) ime_on=Some(false) romaji=Some(true) conv=Some("0x00000019") guard=false
2026-09-21T03:26:28.394344Z DEBUG awase::journal: ime event seq=1111 elapsed_ms=173285 event_kind="ObserverReported"
2026-09-21T03:26:28.394393Z DEBUG awase::journal: ime event seq=1112 elapsed_ms=173285 event_kind="InputModeObserved"
2026-09-21T03:26:28.394431Z  INFO awase_windows::runtime::ime_refresh: [mode-key-follow] observation arrived after mode key pass: intents invalidated
2026-09-21T03:26:28.459579Z DEBUG awase_windows::runtime::ime_refresh: Explicit intent: bypassing typing-idle guard for IME verify (idle=172ms)
2026-09-21T03:26:28.459659Z DEBUG awase_windows::observer::ime_observer: IME snapshot: japanese=Some(true) ime_on=Some(false) romaji=Some(true) conv=Some("0x00000019") guard=false
2026-09-21T03:26:28.459783Z DEBUG awase::journal: ime event seq=1113 elapsed_ms=173350 event_kind="ObserverReported"
2026-09-21T03:26:28.459834Z DEBUG awase::journal: ime event seq=1114 elapsed_ms=173350 event_kind="InputModeObserved"
2026-09-21T03:26:28.459874Z  INFO awase_windows::runtime::ime_refresh: [mode-key-follow] observation arrived after mode key pass: intents invalidated
2026-09-21T03:26:28.533693Z DEBUG awase_windows::runtime::ime_refresh: Explicit intent: bypassing typing-idle guard for IME verify (idle=235ms)
2026-09-21T03:26:28.533756Z DEBUG awase_windows::observer::ime_observer: IME snapshot: japanese=Some(true) ime_on=Some(false) romaji=Some(true) conv=Some("0x00000019") guard=false
2026-09-21T03:26:28.533853Z DEBUG awase::journal: ime event seq=1115 elapsed_ms=173424 event_kind="ObserverReported"
2026-09-21T03:26:28.533894Z DEBUG awase::journal: ime event seq=1116 elapsed_ms=173424 event_kind="InputModeObserved"
2026-09-21T03:26:28.533926Z  INFO awase_windows::runtime::ime_refresh: [mode-key-follow] observation arrived after mode key pass: intents invalidated
2026-09-21T03:26:28.599110Z DEBUG awase_windows::runtime::ime_refresh: Skipping observer/SSOT write: typing active (idle=313ms)
2026-09-21T03:26:29.114299Z DEBUG awase_windows::observer::ime_observer: IME snapshot: japanese=Some(true) ime_on=Some(false) romaji=Some(true) conv=Some("0x00000019") guard=false
2026-09-21T03:26:29.114384Z DEBUG awase::journal: ime event seq=1117 elapsed_ms=174005 event_kind="ObserverReported"
2026-09-21T03:26:29.114411Z DEBUG awase::journal: ime event seq=1118 elapsed_ms=174005 event_kind="InputModeObserved"
2026-09-21T03:26:29.628063Z DEBUG awase_windows::observer::ime_observer: IME snapshot: japanese=Some(true) ime_on=Some(false) romaji=Some(true) conv=Some("0x00000019") guard=false
2026-09-21T03:26:29.628149Z DEBUG awase::journal: ime event seq=1119 elapsed_ms=174519 event_kind="ObserverReported"
2026-09-21T03:26:29.628179Z DEBUG awase::journal: ime event seq=1120 elapsed_ms=174519 event_kind="InputModeObserved"
2026-09-21T03:26:30.125536Z DEBUG awase_windows::observer::ime_observer: IME snapshot: japanese=Some(true) ime_on=Some(false) romaji=Some(true) conv=Some("0x00000019") guard=false
2026-09-21T03:26:30.125621Z DEBUG awase::journal: ime event seq=1121 elapsed_ms=175016 event_kind="ObserverReported"
2026-09-21T03:26:30.125656Z DEBUG awase::journal: ime event seq=1122 elapsed_ms=175016 event_kind="InputModeObserved"
2026-09-21T03:26:30.234994Z DEBUG awase_windows::runtime::key_pipeline: [engine-input] vk=0x1C KeyDown ts=175125598us delay=0ms state=Idle mods(c=false s=false a=false w=false) gas_ctrl=false phys_ctrl=false extra=0x5350494B pending_drain=0 gate_active=false l_thumb=None r_thumb=Some(175125586) [dia
2026-09-21T03:26:30.235103Z DEBUG awase::journal: key input seq=1123 elapsed_ms=175126 vk_code=28 is_down=true injected=false key_class="RightThumb" state_before="Idle" state_after="Idle" decision="PassThrough" physical="Allow" repeat_count=1 last_timestamp_us=175125598 last_elapsed_ms=0
2026-09-21T03:26:30.235191Z  INFO awase_windows::runtime::key_pipeline: [mode-key-follow] mode key PassThrough(vk=0x1C): IME refresh scheduled (20ms)
2026-09-21T03:26:30.235705Z DEBUG awase_windows::runtime::key_pipeline: [key-effect-predict] vk=0x1C status=Direct: no prediction
2026-09-21T03:26:30.235831Z DEBUG execute_one{generation=None}: awase_windows::runtime::executor: [reinject] vk=0x1c down (queued passthrough now firing)
2026-09-21T03:26:30.251531Z DEBUG awase_windows::tsf::gji_monitor: [gji-io] WRITE: w_ops=+2 w_KB=+0.0 (r_ops=+4 x_ops=+4 x_KB=+0.0)
2026-09-21T03:26:30.272394Z DEBUG awase_windows::runtime::ime_refresh: Explicit intent: bypassing typing-idle guard for IME verify (idle=47ms)
2026-09-21T03:26:30.272470Z DEBUG awase_windows::observer::ime_observer: IME snapshot: japanese=Some(true) ime_on=Some(true) romaji=Some(true) conv=Some("0x00000019") guard=false
2026-09-21T03:26:30.272585Z DEBUG awase::journal: ime event seq=1124 elapsed_ms=175163 event_kind="ObserverReported"
2026-09-21T03:26:30.272633Z DEBUG awase::journal: ime event seq=1125 elapsed_ms=175163 event_kind="InputModeObserved"
2026-09-21T03:26:30.272696Z DEBUG awase::journal: ime event seq=1126 elapsed_ms=175163 event_kind="ModeKeyPassedThrough"
2026-09-21T03:26:30.272718Z  INFO awase_windows::runtime::ime_refresh: [mode-key-follow] observation arrived after mode key pass: intents invalidated
2026-09-21T03:26:30.272824Z  INFO awase::engine::engine: Engine activated (ime=true, romaji=true, japanese=true, user=true, reason=Active)
2026-09-21T03:26:30.272996Z DEBUG execute_from_loop:execute_one{generation=None}:dispatch_ime_set_open{open=true generation=None}: awase_windows::runtime::executor: [dispatch-ime] ImmCross async: optimistic applied_snapshot=true (suppress send_engine_state_ime_key)
2026-09-21T03:26:30.274682Z DEBUG execute_from_loop:execute_one{generation=None}: awase_windows::platform: [engine-state-key] suppressed (polling/focus-triggered, enabled=true)
2026-09-21T03:26:30.277672Z DEBUG run_open_chain_async: awase_windows::ime_controller: [warrant-shadow] chain=async open=true origin=EventOrigin { source: SelfActuated { strategy: "engine_decision_async" }, epoch: Generation(0) } warranted
2026-09-21T03:26:30.277827Z  INFO run_open_chain_async:imm_cross_write{open=true}: awase_windows::runtime::open_chain: [apply-ime] ImmCross async: open=true composition_active=false show_seq=0 change_seq=0 (issue #138診断)
2026-09-21T03:26:30.279803Z DEBUG awase_windows::shadow_send_trace: [shadow-send] channel=ImeControl cmd=0x0006 lparam=1 issue_us=175170260
2026-09-21T03:26:30.279822Z DEBUG awase_windows::ime: set_ime_open_for_target: hwnd=HWND(0x300836) ime_wnd=HWND(0x4092a) open=true success=true send_elapsed=0ms candidate_visible=false
2026-09-21T03:26:30.280437Z DEBUG run_open_chain_async:imm_cross_write{open=true}: awase_windows::ime: [imm-cross-actuate] hwnd=HWND(0x300836) open=Written conv=Some(Written)
2026-09-21T03:26:30.280483Z DEBUG run_open_chain_async:imm_cross_write{open=true}: awase_windows::runtime::open_chain: [apply-ime] ROMAN 補完結果: Written
2026-09-21T03:26:30.280541Z DEBUG run_open_chain_async: awase::journal: actuation decision seq=1127 elapsed_ms=175171 site="DispatchImeSetOpen" caller="None" open=true chain_len=4 attempts_len=1 gate_profile="Standard" gate_kind="Gji" gate_shadow_known=true gate_shadow_on=false gate_input_mode="Obse
2026-09-21T03:26:30.280702Z DEBUG on_ime_apply_complete{open=true outcome=AppliedWithoutSendInput generation=None reason=EngineDecision}: awase::journal: ime open applied seq=1128 elapsed_ms=175171 open=true outcome="AppliedWithoutSendInput" reason="EngineDecision"
2026-09-21T03:26:30.280778Z DEBUG on_ime_apply_complete{open=true outcome=AppliedWithoutSendInput generation=None reason=EngineDecision}: awase_windows::tsf::ime_mode_fsm: [ime-mode] SetOpen(true) applied → Hiragana (belief, unconfirmed)
2026-09-21T03:26:30.280807Z DEBUG on_ime_apply_complete{open=true outcome=AppliedWithoutSendInput generation=None reason=EngineDecision}: awase_windows::platform: [composition] ImeEffect::SetOpen(true) → marking cold
2026-09-21T03:26:30.280829Z DEBUG on_ime_apply_complete{open=true outcome=AppliedWithoutSendInput generation=None reason=EngineDecision}: awase_windows::tsf::probe: [composition] marked cold reason=SetOpenTrue idle=5797ms → next VK/TSF output will send VK_DBE_HIRAGANA warmup
2026-09-21T03:26:30.280879Z DEBUG on_ime_apply_complete{open=true outcome=AppliedWithoutSendInput generation=None reason=EngineDecision}:gji_on_event{event=ImeOn { injection_mode: Unicode, gji_idle_ms: 32 }}: awase_windows::tsf::gji_fsm: [gji-fsm] ImeOn gji_idle=32ms → Short
2026-09-21T03:26:30.280928Z DEBUG on_ime_apply_complete{open=true outcome=AppliedWithoutSendInput generation=None reason=EngineDecision}: awase_windows::platform: [gji-fsm] StartProbe probe_id=ProbeId(6) forces_f2=false long=false
2026-09-21T03:26:30.281107Z DEBUG awase::journal: gji fsm transition seq=1129 elapsed_ms=175171 trigger="ImeOn(gji_idle_ms=32)" state_before="OffCold" state_after="OnCold(Short)"
2026-09-21T03:26:30.281130Z DEBUG awase::journal: tsf probe started seq=1130 elapsed_ms=175171 source="GjiAction::StartProbe" cold_seq=0 probe_id=6 probe_id_present=true gji_state="OnCold(Short)" consecutive_at_start=0 pending_deferred_len=0
2026-09-21T03:26:30.281153Z DEBUG awase::journal: gji fsm transition seq=1131 elapsed_ms=175171 trigger="WarmupComplete(unicode)" state_before="OnCold(Short)" state_after="OnWarm"
2026-09-21T03:26:30.281171Z DEBUG awase::journal: tsf probe completed seq=1132 elapsed_ms=175171 outcome="UnicodeImmediate" cold_seq=18446744073709551615 cold_seq_present=false probe_id=6 probe_id_present=true duration_ms=0 tick_count=0 gji_state="OnWarm"
2026-09-21T03:26:30.308991Z DEBUG awase_windows::runtime::ime_refresh: Explicit intent: bypassing typing-idle guard for IME verify (idle=78ms)
2026-09-21T03:26:30.309038Z DEBUG awase_windows::observer::ime_observer: IME snapshot: japanese=Some(true) ime_on=Some(true) romaji=Some(true) conv=Some("0x00000019") guard=false
2026-09-21T03:26:30.309098Z DEBUG awase::journal: ime event seq=1133 elapsed_ms=175200 event_kind="ObserverReported"
2026-09-21T03:26:30.309120Z DEBUG awase::journal: ime event seq=1134 elapsed_ms=175200 event_kind="InputModeObserved"
2026-09-21T03:26:30.309136Z  INFO awase_windows::runtime::ime_refresh: [mode-key-follow] observation arrived after mode key pass: intents invalidated
2026-09-21T03:26:30.361559Z DEBUG awase_windows::runtime::key_pipeline: [engine-input] vk=0x1C KeyUp ts=175251993us delay=0ms state=Idle mods(c=false s=false a=false w=false) gas_ctrl=false phys_ctrl=false extra=0x5350494B pending_drain=0 gate_active=false l_thumb=None r_thumb=None [diag-ctx] ime_on
2026-09-21T03:26:30.361740Z DEBUG awase::journal: key input seq=1135 elapsed_ms=175252 vk_code=28 is_down=false injected=false key_class="RightThumb" state_before="Idle" state_after="Idle" decision="PassThrough" physical="Allow" repeat_count=1 last_timestamp_us=175251993 last_elapsed_ms=0
2026-09-21T03:26:30.362069Z DEBUG execute_one{generation=None}: awase_windows::runtime::executor: [reinject] vk=0x1c up (queued passthrough now firing)
2026-09-21T03:26:30.370671Z DEBUG awase_windows::runtime::ime_refresh: Explicit intent: bypassing typing-idle guard for IME verify (idle=15ms)
2026-09-21T03:26:30.370736Z DEBUG awase_windows::observer::ime_observer: IME snapshot: japanese=Some(true) ime_on=Some(true) romaji=Some(true) conv=Some("0x00000019") guard=false
2026-09-21T03:26:30.370838Z DEBUG awase::journal: ime event seq=1136 elapsed_ms=175261 event_kind="ObserverReported"
2026-09-21T03:26:30.370880Z DEBUG awase::journal: ime event seq=1137 elapsed_ms=175261 event_kind="InputModeObserved"
2026-09-21T03:26:30.370912Z  INFO awase_windows::runtime::ime_refresh: [mode-key-follow] observation arrived after mode key pass: intents invalidated
2026-09-21T03:26:30.444869Z DEBUG awase_windows::runtime::ime_refresh: Explicit intent: bypassing typing-idle guard for IME verify (idle=94ms)
2026-09-21T03:26:30.444959Z DEBUG awase_windows::observer::ime_observer: IME snapshot: japanese=Some(true) ime_on=Some(true) romaji=Some(true) conv=Some("0x00000019") guard=false
2026-09-21T03:26:30.445041Z DEBUG awase::journal: ime event seq=1138 elapsed_ms=175336 event_kind="ObserverReported"
2026-09-21T03:26:30.445068Z DEBUG awase::journal: ime event seq=1139 elapsed_ms=175336 event_kind="InputModeObserved"
2026-09-21T03:26:30.445092Z  INFO awase_windows::runtime::ime_refresh: [mode-key-follow] observation arrived after mode key pass: intents invalidated
2026-09-21T03:26:30.520340Z DEBUG awase_windows::runtime::ime_refresh: Explicit intent: bypassing typing-idle guard for IME verify (idle=172ms)
2026-09-21T03:26:30.520404Z DEBUG awase_windows::observer::ime_observer: IME snapshot: japanese=Some(true) ime_on=Some(true) romaji=Some(true) conv=Some("0x00000019") guard=false
2026-09-21T03:26:30.520501Z DEBUG awase::journal: ime event seq=1140 elapsed_ms=175411 event_kind="ObserverReported"
2026-09-21T03:26:30.520555Z DEBUG awase::journal: ime event seq=1141 elapsed_ms=175411 event_kind="InputModeObserved"
2026-09-21T03:26:30.520592Z  INFO awase_windows::runtime::ime_refresh: [mode-key-follow] observation arrived after mode key pass: intents invalidated
2026-09-21T03:26:30.602432Z DEBUG awase_windows::runtime::ime_refresh: Skipping observer/SSOT write: typing active (idle=250ms)
2026-09-21T03:26:31.116059Z DEBUG awase_windows::observer::ime_observer: IME snapshot: japanese=Some(true) ime_on=Some(true) romaji=Some(true) conv=Some("0x00000019") guard=false
2026-09-21T03:26:31.116118Z DEBUG awase::journal: ime event seq=1142 elapsed_ms=176007 event_kind="ObserverReported"
2026-09-21T03:26:31.116144Z DEBUG awase::journal: ime event seq=1143 elapsed_ms=176007 event_kind="InputModeObserved"
2026-09-21T03:26:31.631376Z DEBUG awase_windows::observer::ime_observer: IME snapshot: japanese=Some(true) ime_on=Some(true) romaji=Some(true) conv=Some("0x00000019") guard=false
2026-09-21T03:26:31.631436Z DEBUG awase::journal: ime event seq=1144 elapsed_ms=176522 event_kind="ObserverReported"
2026-09-21T03:26:31.631457Z DEBUG awase::journal: ime event seq=1145 elapsed_ms=176522 event_kind="InputModeObserved"
2026-09-21T03:26:32.147419Z DEBUG awase_windows::observer::ime_observer: IME snapshot: japanese=Some(true) ime_on=Some(true) romaji=Some(true) conv=Some("0x00000019") guard=false
2026-09-21T03:26:32.147516Z DEBUG awase::journal: ime event seq=1146 elapsed_ms=177038 event_kind="ObserverReported"
2026-09-21T03:26:32.147558Z DEBUG awase::journal: ime event seq=1147 elapsed_ms=177038 event_kind="InputModeObserved"
2026-09-21T03:26:32.190530Z DEBUG awase_windows::runtime::key_pipeline: [engine-input] vk=0x1D KeyDown ts=177081182us delay=0ms state=Idle mods(c=false s=false a=false w=false) gas_ctrl=false phys_ctrl=false extra=0x5350494B pending_drain=0 gate_active=false l_thumb=Some(177081171) r_thumb=None [dia
2026-09-21T03:26:32.190633Z DEBUG awase::journal: key input seq=1148 elapsed_ms=177081 vk_code=29 is_down=true injected=false key_class="LeftThumb" state_before="Idle" state_after="PendingThumb(vk=0x1D,left=true)" decision="Consume" physical="Allow" repeat_count=1 last_timestamp_us=177081182 last_el
2026-09-21T03:26:32.365914Z DEBUG awase_windows::runtime::key_pipeline: [engine-input] vk=0x1D KeyUp ts=177256549us delay=0ms state=Idle mods(c=false s=false a=false w=false) gas_ctrl=false phys_ctrl=false extra=0x5350494B pending_drain=0 gate_active=false l_thumb=None r_thumb=None [diag-ctx] ime_on
2026-09-21T03:26:32.366031Z DEBUG awase::journal: key input seq=1150 elapsed_ms=177257 vk_code=29 is_down=false injected=false key_class="LeftThumb" state_before="Idle" state_after="Idle" decision="Consume" physical="Allow" repeat_count=1 last_timestamp_us=177256549 last_elapsed_ms=0
2026-09-21T03:26:32.666087Z DEBUG awase_windows::runtime::ime_refresh: Skipping observer/SSOT write: typing active (idle=297ms)
2026-09-21T03:26:33.180581Z DEBUG awase_windows::observer::ime_observer: IME snapshot: japanese=Some(true) ime_on=Some(true) romaji=Some(true) conv=Some("0x00000019") guard=false
2026-09-21T03:26:33.180654Z DEBUG awase::journal: ime event seq=1151 elapsed_ms=178071 event_kind="ObserverReported"
2026-09-21T03:26:33.180678Z DEBUG awase::journal: ime event seq=1152 elapsed_ms=178071 event_kind="InputModeObserved"
2026-09-21T03:26:33.694542Z DEBUG awase_windows::observer::ime_observer: IME snapshot: japanese=Some(true) ime_on=Some(true) romaji=Some(true) conv=Some("0x00000019") guard=false
2026-09-21T03:26:33.694626Z DEBUG awase::journal: ime event seq=1153 elapsed_ms=178585 event_kind="ObserverReported"
2026-09-21T03:26:33.694661Z DEBUG awase::journal: ime event seq=1154 elapsed_ms=178585 event_kind="InputModeObserved"
2026-09-21T03:26:34.129616Z DEBUG awase_windows::hook: [hook] IME-mode vk=0xF4 up self_injected=false injected=false scan=0x29 extra=0x5350494B since_actuation_us=Some(178934411)
2026-09-21T03:26:34.129781Z DEBUG awase::journal: hook ime-mode diagnostic seq=1155 elapsed_ms=179020 vk_code=244 is_down=false self_injected=false injected=false scan=41
2026-09-21T03:26:34.130084Z DEBUG awase_windows::runtime::key_pipeline: [engine-input] vk=0xF4 KeyUp ts=179020606us delay=0ms state=Idle mods(c=false s=false a=false w=false) gas_ctrl=false phys_ctrl=false extra=0x5350494B pending_drain=0 gate_active=false l_thumb=None r_thumb=None [diag-ctx] ime_on
2026-09-21T03:26:34.130190Z DEBUG awase::journal: key input seq=1156 elapsed_ms=179021 vk_code=244 is_down=false injected=false key_class="Passthrough" state_before="Idle" state_after="Idle" decision="PassThrough" physical="Allow" repeat_count=1 last_timestamp_us=179020606 last_elapsed_ms=0
2026-09-21T03:26:34.130289Z DEBUG execute_from_hook: awase_windows::runtime::executor: [relay-passthrough] PassThrough idle: direct OS pass-through (vk=0xf4 up)
2026-09-21T03:26:34.130378Z DEBUG execute_one{generation=None}: awase_windows::runtime::executor: [reinject] vk=0xf4 up (queued passthrough now firing)
2026-09-21T03:26:34.130523Z DEBUG awase_windows::hook: [hook] IME-mode vk=0xF3 down self_injected=false injected=false scan=0x29 extra=0x5350494B since_actuation_us=Some(178935336)
2026-09-21T03:26:34.130588Z DEBUG awase_windows::hook: [hook] IME-mode vk=0xF4 up self_injected=true injected=true scan=0x0 extra=0x4B45594D since_actuation_us=Some(178935403)
2026-09-21T03:26:34.132623Z DEBUG awase::journal: hook ime-mode diagnostic seq=1157 elapsed_ms=179023 vk_code=243 is_down=true self_injected=false injected=false scan=41
2026-09-21T03:26:34.132667Z DEBUG awase::journal: hook ime-mode diagnostic seq=1158 elapsed_ms=179023 vk_code=244 is_down=false self_injected=true injected=true scan=0
2026-09-21T03:26:34.132911Z DEBUG awase_windows::runtime::key_pipeline: [engine-input] vk=0xF3 KeyDown ts=179021450us delay=2ms state=Idle mods(c=false s=false a=false w=false) gas_ctrl=false phys_ctrl=false extra=0x5350494B pending_drain=0 gate_active=false l_thumb=None r_thumb=None [diag-ctx] ime_
2026-09-21T03:26:34.133003Z DEBUG awase::journal: key input seq=1159 elapsed_ms=179023 vk_code=243 is_down=true injected=false key_class="Passthrough" state_before="Idle" state_after="Idle" decision="PassThrough" physical="Allow" repeat_count=1 last_timestamp_us=179021450 last_elapsed_ms=0
2026-09-21T03:26:34.133276Z DEBUG awase_windows::runtime::key_pipeline: may_change_ime key passed through → IME refresh scheduled (20ms)
2026-09-21T03:26:34.133566Z  INFO awase_windows::runtime::key_pipeline: [mode-key-follow] mode key PassThrough(vk=0xF3): IME refresh scheduled (20ms)
2026-09-21T03:26:34.134129Z DEBUG awase_windows::runtime::key_pipeline: [key-effect-predict] vk=0xF3 status=Pre: no prediction
2026-09-21T03:26:34.134218Z DEBUG execute_from_hook: awase_windows::runtime::executor: [relay-passthrough] PassThrough idle: direct OS pass-through (vk=0xf3 down)
2026-09-21T03:26:34.134382Z DEBUG execute_one{generation=None}: awase_windows::runtime::executor: [reinject] vk=0xf3 down (queued passthrough now firing)
2026-09-21T03:26:34.134504Z DEBUG awase_windows::hook: [hook] IME-mode vk=0xF3 up self_injected=true injected=false scan=0x0 extra=0x4B45594D since_actuation_us=Some(178939317)
2026-09-21T03:26:34.136061Z DEBUG awase_windows::hook: [hook] IME-mode vk=0xF4 down self_injected=true injected=true scan=0x0 extra=0x4B45594D since_actuation_us=Some(178940867)
2026-09-21T03:26:34.137801Z DEBUG awase::journal: hook ime-mode diagnostic seq=1160 elapsed_ms=179028 vk_code=243 is_down=false self_injected=true injected=false scan=0
2026-09-21T03:26:34.137827Z DEBUG awase::journal: hook ime-mode diagnostic seq=1161 elapsed_ms=179028 vk_code=244 is_down=true self_injected=true injected=true scan=0
2026-09-21T03:26:34.145233Z DEBUG awase_windows::tsf::gji_monitor: [gji-io] WRITE: w_ops=+2 w_KB=+0.0 (r_ops=+4 x_ops=+4 x_KB=+0.0)
2026-09-21T03:26:34.165339Z DEBUG awase_windows::runtime::ime_refresh: Explicit intent: bypassing typing-idle guard for IME verify (idle=31ms)
2026-09-21T03:26:34.165402Z DEBUG awase_windows::observer::ime_observer: IME snapshot: japanese=Some(true) ime_on=Some(false) romaji=Some(true) conv=Some("0x00000019") guard=false
2026-09-21T03:26:34.165499Z DEBUG awase::journal: ime event seq=1162 elapsed_ms=179056 event_kind="ObserverReported"
2026-09-21T03:26:34.165539Z DEBUG awase::journal: ime event seq=1163 elapsed_ms=179056 event_kind="InputModeObserved"
2026-09-21T03:26:34.165591Z DEBUG awase::journal: ime event seq=1164 elapsed_ms=179056 event_kind="ModeKeyPassedThrough"
2026-09-21T03:26:34.165620Z  INFO awase_windows::runtime::ime_refresh: [mode-key-follow] observation arrived after mode key pass: intents invalidated
2026-09-21T03:26:34.165731Z  INFO awase::engine::engine: Engine deactivated (ime=false, romaji=true, japanese=true, user=true, reason=Inactive(ImeOff))
2026-09-21T03:26:34.165917Z DEBUG execute_from_loop:execute_one{generation=None}:dispatch_ime_set_open{open=false generation=None}: awase_windows::runtime::executor: [dispatch-ime] ImmCross async: optimistic applied_snapshot=false (suppress send_engine_state_ime_key)
2026-09-21T03:26:34.167448Z DEBUG execute_from_loop:execute_one{generation=None}: awase_windows::platform: [engine-state-key] suppressed (polling/focus-triggered, enabled=false)
2026-09-21T03:26:34.168782Z DEBUG run_open_chain_async: awase_windows::ime_controller: [warrant-shadow] chain=async open=false origin=EventOrigin { source: SelfActuated { strategy: "engine_decision_async" }, epoch: Generation(0) } warranted
2026-09-21T03:26:34.168869Z  INFO run_open_chain_async:imm_cross_write{open=false}: awase_windows::runtime::open_chain: [apply-ime] ImmCross async: open=false composition_active=false show_seq=0 change_seq=0 (issue #138診断)
2026-09-21T03:26:34.171835Z DEBUG awase_windows::shadow_send_trace: [shadow-send] channel=ImeControl cmd=0x0006 lparam=0 issue_us=179062522
2026-09-21T03:26:34.171852Z DEBUG awase_windows::ime: set_ime_open_for_target: hwnd=HWND(0x300836) ime_wnd=HWND(0x4092a) open=false success=true send_elapsed=0ms candidate_visible=false
2026-09-21T03:26:34.171983Z DEBUG run_open_chain_async:imm_cross_write{open=false}: awase_windows::ime: [imm-cross-actuate] hwnd=HWND(0x300836) open=Written conv=None
2026-09-21T03:26:34.172071Z DEBUG run_open_chain_async: awase::journal: actuation decision seq=1165 elapsed_ms=179063 site="DispatchImeSetOpen" caller="None" open=false chain_len=4 attempts_len=1 gate_profile="Standard" gate_kind="Gji" gate_shadow_known=true gate_shadow_on=true gate_input_mode="Obse
2026-09-21T03:26:34.172443Z DEBUG on_ime_apply_complete{open=false outcome=AppliedWithoutSendInput generation=None reason=EngineDecision}: awase::journal: ime open applied seq=1166 elapsed_ms=179063 open=false outcome="AppliedWithoutSendInput" reason="EngineDecision"
2026-09-21T03:26:34.172525Z DEBUG on_ime_apply_complete{open=false outcome=AppliedWithoutSendInput generation=None reason=EngineDecision}: awase_windows::tsf::ime_mode_fsm: [ime-mode] SetOpen(false) applied → Off (belief, unconfirmed)
2026-09-21T03:26:34.172551Z DEBUG on_ime_apply_complete{open=false outcome=AppliedWithoutSendInput generation=None reason=EngineDecision}: awase_windows::platform: [composition] ImeEffect::SetOpen(false) → marking cold (prevent warm+TSF Enter leak)
2026-09-21T03:26:34.172624Z DEBUG on_ime_apply_complete{open=false outcome=AppliedWithoutSendInput generation=None reason=EngineDecision}: awase_windows::tsf::probe: [composition] marked cold reason=SetOpenFalse idle=9687ms → next VK/TSF output will send VK_DBE_HIRAGANA warmup
2026-09-21T03:26:34.172792Z DEBUG awase::journal: gji fsm transition seq=1167 elapsed_ms=179063 trigger="ImeOff" state_before="OnWarm" state_after="OffCold"
2026-09-21T03:26:34.214414Z DEBUG awase_windows::runtime::ime_refresh: Explicit intent: bypassing typing-idle guard for IME verify (idle=78ms)
2026-09-21T03:26:34.214459Z DEBUG awase_windows::observer::ime_observer: IME snapshot: japanese=Some(true) ime_on=Some(false) romaji=Some(true) conv=Some("0x00000019") guard=false
2026-09-21T03:26:34.214517Z DEBUG awase::journal: ime event seq=1168 elapsed_ms=179105 event_kind="ObserverReported"
2026-09-21T03:26:34.214537Z DEBUG awase::journal: ime event seq=1169 elapsed_ms=179105 event_kind="InputModeObserved"
2026-09-21T03:26:34.214608Z  INFO awase_windows::runtime::ime_refresh: [mode-key-follow] observation arrived after mode key pass: intents invalidated
2026-09-21T03:26:34.292173Z DEBUG awase_windows::runtime::ime_refresh: Explicit intent: bypassing typing-idle guard for IME verify (idle=156ms)
2026-09-21T03:26:34.292239Z DEBUG awase_windows::observer::ime_observer: IME snapshot: japanese=Some(true) ime_on=Some(false) romaji=Some(true) conv=Some("0x00000019") guard=false
2026-09-21T03:26:34.292324Z DEBUG awase::journal: ime event seq=1170 elapsed_ms=179183 event_kind="ObserverReported"
2026-09-21T03:26:34.292350Z DEBUG awase::journal: ime event seq=1171 elapsed_ms=179183 event_kind="InputModeObserved"
2026-09-21T03:26:34.292372Z  INFO awase_windows::runtime::ime_refresh: [mode-key-follow] observation arrived after mode key pass: intents invalidated
2026-09-21T03:26:34.366354Z DEBUG awase_windows::runtime::ime_refresh: Explicit intent: bypassing typing-idle guard for IME verify (idle=234ms)
2026-09-21T03:26:34.366415Z DEBUG awase_windows::observer::ime_observer: IME snapshot: japanese=Some(true) ime_on=Some(false) romaji=Some(true) conv=Some("0x00000019") guard=false
2026-09-21T03:26:34.366507Z DEBUG awase::journal: ime event seq=1172 elapsed_ms=179257 event_kind="ObserverReported"
2026-09-21T03:26:34.366545Z DEBUG awase::journal: ime event seq=1173 elapsed_ms=179257 event_kind="InputModeObserved"
2026-09-21T03:26:34.366576Z  INFO awase_windows::runtime::ime_refresh: [mode-key-follow] observation arrived after mode key pass: intents invalidated
2026-09-21T03:26:34.444114Z DEBUG awase_windows::runtime::ime_refresh: Skipping observer/SSOT write: typing active (idle=313ms)
2026-09-21T03:26:34.961578Z DEBUG awase_windows::observer::ime_observer: IME snapshot: japanese=Some(true) ime_on=Some(false) romaji=Some(true) conv=Some("0x00000019") guard=false
2026-09-21T03:26:34.961649Z DEBUG awase::journal: ime event seq=1174 elapsed_ms=179852 event_kind="ObserverReported"
2026-09-21T03:26:34.961674Z DEBUG awase::journal: ime event seq=1175 elapsed_ms=179852 event_kind="InputModeObserved"
2026-09-21T03:26:35.463223Z DEBUG awase_windows::observer::ime_observer: IME snapshot: japanese=Some(true) ime_on=Some(false) romaji=Some(true) conv=Some("0x00000019") guard=false
2026-09-21T03:26:35.463281Z DEBUG awase::journal: ime event seq=1176 elapsed_ms=180354 event_kind="ObserverReported"
2026-09-21T03:26:35.463303Z DEBUG awase::journal: ime event seq=1177 elapsed_ms=180354 event_kind="InputModeObserved"
2026-09-21T03:26:35.962982Z DEBUG awase_windows::observer::ime_observer: IME snapshot: japanese=Some(true) ime_on=Some(false) romaji=Some(true) conv=Some("0x00000019") guard=false
2026-09-21T03:26:35.963076Z DEBUG awase::journal: ime event seq=1178 elapsed_ms=180854 event_kind="ObserverReported"
2026-09-21T03:26:35.963116Z DEBUG awase::journal: ime event seq=1179 elapsed_ms=180854 event_kind="InputModeObserved"
2026-09-21T03:26:36.023908Z DEBUG awase_windows::runtime::key_pipeline: [engine-input] vk=0x1D KeyDown ts=180914500us delay=0ms state=Idle mods(c=false s=false a=false w=false) gas_ctrl=false phys_ctrl=false extra=0x5350494B pending_drain=0 gate_active=false l_thumb=Some(180914487) r_thumb=None [dia
2026-09-21T03:26:36.024024Z DEBUG awase::journal: key input seq=1180 elapsed_ms=180914 vk_code=29 is_down=true injected=false key_class="LeftThumb" state_before="Idle" state_after="Idle" decision="PassThrough" physical="Allow" repeat_count=1 last_timestamp_us=180914500 last_elapsed_ms=0
2026-09-21T03:26:36.024127Z  INFO awase_windows::runtime::key_pipeline: [mode-key-follow] mode key PassThrough(vk=0x1D): IME refresh scheduled (20ms)
2026-09-21T03:26:36.025007Z  INFO awase_windows::runtime::key_pipeline: [key-effect-predict] vk=0x1D status=Direct open=Some(true) mode=None
2026-09-21T03:26:36.025111Z DEBUG awase::journal: ime event seq=1181 elapsed_ms=180916 event_kind="KeyEffectPredicted"
2026-09-21T03:26:36.025164Z  INFO awase::engine::engine: Engine activated (ime=true, romaji=true, japanese=true, user=true, reason=Active)
2026-09-21T03:26:36.025332Z DEBUG execute_from_loop:execute_one{generation=None}:dispatch_ime_set_open{open=true generation=None}: awase_windows::runtime::executor: [dispatch-ime] ImmCross async: optimistic applied_snapshot=true (suppress send_engine_state_ime_key)
2026-09-21T03:26:36.026752Z DEBUG execute_from_loop:execute_one{generation=None}: awase_windows::platform: [engine-state-key] suppressed (polling/focus-triggered, enabled=true)
2026-09-21T03:26:36.027154Z DEBUG execute_one{generation=None}: awase_windows::runtime::executor: [reinject] vk=0x1d down (queued passthrough now firing)
2026-09-21T03:26:36.031037Z  INFO run_open_chain_async: awase_windows::ime_controller: [warrant-shadow] chain=async open=true origin=EventOrigin { source: SelfActuated { strategy: "engine_decision_async" }, epoch: Generation(0) } would_have_blocked=true (A-1 shadow: 書き込みは止めない。A-2 で強制する際の判断材料)
2026-09-21T03:26:36.031335Z DEBUG run_open_chain_async: awase::journal: actuation decision seq=1182 elapsed_ms=180922 site="DispatchImeSetOpen" caller="None" open=true chain_len=4 attempts_len=0 gate_profile="Standard" gate_kind="Gji" gate_shadow_known=true gate_shadow_on=false gate_input_mode="Obse
2026-09-21T03:26:36.031452Z DEBUG on_ime_apply_complete{open=true outcome=Unwarranted generation=None reason=EngineDecision}: awase::journal: ime open applied seq=1183 elapsed_ms=180922 open=true outcome="Unwarranted" reason="EngineDecision"
2026-09-21T03:26:36.038520Z DEBUG awase_windows::tsf::gji_monitor: [gji-io] WRITE: w_ops=+2 w_KB=+0.0 (r_ops=+4 x_ops=+4 x_KB=+0.0)
2026-09-21T03:26:36.059031Z DEBUG awase_windows::runtime::ime_refresh: Explicit intent: bypassing typing-idle guard for IME verify (idle=31ms)
2026-09-21T03:26:36.059068Z DEBUG awase_windows::observer::ime_observer: IME snapshot: japanese=Some(true) ime_on=Some(true) romaji=Some(true) conv=Some("0x00000019") guard=false
2026-09-21T03:26:36.059130Z DEBUG reduce: awase_windows::state::ime_model: [key-effect-fence] axis=open stale observation ignored: observed=true predicted=true age_ms=31
2026-09-21T03:26:36.059161Z DEBUG awase::journal: ime event seq=1184 elapsed_ms=180950 event_kind="ObserverReported"
2026-09-21T03:26:36.059216Z DEBUG awase::journal: ime event seq=1185 elapsed_ms=180950 event_kind="InputModeObserved"
2026-09-21T03:26:36.059255Z DEBUG awase::journal: ime event seq=1186 elapsed_ms=180950 event_kind="ModeKeyPassedThrough"
2026-09-21T03:26:36.059265Z  INFO awase_windows::runtime::ime_refresh: [mode-key-follow] observation arrived after mode key pass: intents invalidated
2026-09-21T03:26:36.122170Z DEBUG awase_windows::runtime::ime_refresh: Explicit intent: bypassing typing-idle guard for IME verify (idle=93ms)
2026-09-21T03:26:36.122220Z DEBUG awase_windows::observer::ime_observer: IME snapshot: japanese=Some(true) ime_on=Some(true) romaji=Some(true) conv=Some("0x00000019") guard=false
2026-09-21T03:26:36.122310Z DEBUG reduce: awase_windows::state::ime_model: [key-effect-fence] axis=open stale observation ignored: observed=true predicted=true age_ms=93
2026-09-21T03:26:36.122357Z DEBUG awase::journal: ime event seq=1187 elapsed_ms=181013 event_kind="ObserverReported"
2026-09-21T03:26:36.122399Z DEBUG awase::journal: ime event seq=1188 elapsed_ms=181013 event_kind="InputModeObserved"
2026-09-21T03:26:36.122431Z  INFO awase_windows::runtime::ime_refresh: [mode-key-follow] observation arrived after mode key pass: intents invalidated
2026-09-21T03:26:36.149975Z DEBUG awase_windows::runtime::key_pipeline: [engine-input] vk=0x1D KeyUp ts=181040587us delay=0ms state=Idle mods(c=false s=false a=false w=false) gas_ctrl=false phys_ctrl=false extra=0x5350494B pending_drain=0 gate_active=false l_thumb=None r_thumb=None [diag-ctx] ime_on
2026-09-21T03:26:36.150108Z DEBUG awase::journal: key input seq=1189 elapsed_ms=181041 vk_code=29 is_down=false injected=false key_class="LeftThumb" state_before="Idle" state_after="Idle" decision="PassThrough" physical="Allow" repeat_count=1 last_timestamp_us=181040587 last_elapsed_ms=0
2026-09-21T03:26:36.150378Z DEBUG execute_one{generation=None}: awase_windows::runtime::executor: [reinject] vk=0x1d up (queued passthrough now firing)
2026-09-21T03:26:36.185679Z DEBUG awase_windows::runtime::ime_refresh: Explicit intent: bypassing typing-idle guard for IME verify (idle=31ms)
2026-09-21T03:26:36.185732Z DEBUG awase_windows::observer::ime_observer: IME snapshot: japanese=Some(true) ime_on=Some(true) romaji=Some(true) conv=Some("0x00000019") guard=false
2026-09-21T03:26:36.185829Z DEBUG reduce: awase_windows::state::ime_model: [key-effect-confirmed] axis=open value=true
2026-09-21T03:26:36.185876Z DEBUG awase::journal: ime event seq=1190 elapsed_ms=181076 event_kind="ObserverReported"
2026-09-21T03:26:36.185922Z DEBUG awase::journal: ime event seq=1191 elapsed_ms=181076 event_kind="InputModeObserved"
2026-09-21T03:26:36.185958Z  INFO awase_windows::runtime::ime_refresh: [mode-key-follow] observation arrived after mode key pass: intents invalidated
2026-09-21T03:26:36.248852Z DEBUG awase_windows::runtime::ime_refresh: Explicit intent: bypassing typing-idle guard for IME verify (idle=93ms)
2026-09-21T03:26:36.248931Z DEBUG awase_windows::observer::ime_observer: IME snapshot: japanese=Some(true) ime_on=Some(true) romaji=Some(true) conv=Some("0x00000019") guard=false
2026-09-21T03:26:36.249055Z DEBUG awase::journal: ime event seq=1192 elapsed_ms=181140 event_kind="ObserverReported"
2026-09-21T03:26:36.249105Z DEBUG awase::journal: ime event seq=1193 elapsed_ms=181140 event_kind="InputModeObserved"
2026-09-21T03:26:36.249142Z  INFO awase_windows::runtime::ime_refresh: [mode-key-follow] observation arrived after mode key pass: intents invalidated
2026-09-21T03:26:36.310739Z DEBUG awase_windows::runtime::ime_refresh: Explicit intent: bypassing typing-idle guard for IME verify (idle=156ms)
2026-09-21T03:26:36.310800Z DEBUG awase_windows::observer::ime_observer: IME snapshot: japanese=Some(true) ime_on=Some(true) romaji=Some(true) conv=Some("0x00000019") guard=false
2026-09-21T03:26:36.310883Z DEBUG awase::journal: ime event seq=1194 elapsed_ms=181201 event_kind="ObserverReported"
2026-09-21T03:26:36.310921Z DEBUG awase::journal: ime event seq=1195 elapsed_ms=181201 event_kind="InputModeObserved"
2026-09-21T03:26:36.310944Z  INFO awase_windows::runtime::ime_refresh: [mode-key-follow] observation arrived after mode key pass: intents invalidated
2026-09-21T03:26:36.374767Z DEBUG awase_windows::runtime::ime_refresh: Skipping observer/SSOT write: typing active (idle=218ms)
2026-09-21T03:26:36.871996Z DEBUG awase_windows::observer::ime_observer: IME snapshot: japanese=Some(true) ime_on=Some(true) romaji=Some(true) conv=Some("0x00000019") guard=false
2026-09-21T03:26:36.872066Z DEBUG awase::journal: ime event seq=1196 elapsed_ms=181763 event_kind="ObserverReported"
2026-09-21T03:26:36.872088Z DEBUG awase::journal: ime event seq=1197 elapsed_ms=181763 event_kind="InputModeObserved"
2026-09-21T03:26:37.373871Z DEBUG awase_windows::observer::ime_observer: IME snapshot: japanese=Some(true) ime_on=Some(true) romaji=Some(true) conv=Some("0x00000019") guard=false
2026-09-21T03:26:37.373939Z DEBUG awase::journal: ime event seq=1198 elapsed_ms=182264 event_kind="ObserverReported"
2026-09-21T03:26:37.373971Z DEBUG awase::journal: ime event seq=1199 elapsed_ms=182264 event_kind="InputModeObserved"
2026-09-21T03:26:37.873403Z DEBUG awase_windows::observer::ime_observer: IME snapshot: japanese=Some(true) ime_on=Some(true) romaji=Some(true) conv=Some("0x00000019") guard=false
2026-09-21T03:26:37.873498Z DEBUG awase::journal: ime event seq=1200 elapsed_ms=182764 event_kind="ObserverReported"
2026-09-21T03:26:37.873536Z DEBUG awase::journal: ime event seq=1201 elapsed_ms=182764 event_kind="InputModeObserved"
2026-09-21T03:26:37.967111Z DEBUG awase_windows::runtime::key_pipeline: [engine-input] vk=0x0D KeyDown ts=182857694us delay=0ms state=Idle mods(c=false s=false a=false w=false) gas_ctrl=false phys_ctrl=false extra=0x5350494B pending_drain=0 gate_active=false l_thumb=None r_thumb=None [diag-ctx] ime_
2026-09-21T03:26:37.967208Z DEBUG awase::journal: key input seq=1202 elapsed_ms=182858 vk_code=13 is_down=true injected=false key_class="Passthrough" state_before="Idle" state_after="Idle" decision="PassThrough" physical="Allow" repeat_count=1 last_timestamp_us=182857694 last_elapsed_ms=0
2026-09-21T03:26:37.967289Z DEBUG execute_from_hook: awase_windows::tsf::probe: [composition] marked cold reason=PassthroughConfirmKey idle=13484ms → next VK/TSF output will send VK_DBE_HIRAGANA warmup
2026-09-21T03:26:37.967309Z DEBUG execute_from_hook: awase_windows::tsf::probe: [mark-send] last_send_ms=53209015
2026-09-21T03:26:37.967358Z DEBUG execute_from_hook: awase_windows::platform: [composition-fsm] EmitWarmup (ConfirmKeyDown)
2026-09-21T03:26:37.967379Z DEBUG execute_from_hook: awase_windows::runtime::executor: [relay-passthrough] PassThrough idle: direct OS pass-through (vk=0x0d down)
2026-09-21T03:26:37.967404Z DEBUG awase::journal: gji fsm transition seq=1203 elapsed_ms=182858 trigger="CompositionReset(gji_idle_ms=1922)" state_before="OffCold" state_after="OffCold"
2026-09-21T03:26:37.967445Z DEBUG awase_windows::runtime::executor: [reinject-guard] suspending drain for 50ms (vk=0x0d)
2026-09-21T03:26:38.029127Z DEBUG execute_one{generation=None}: awase_windows::runtime::executor: [reinject] vk=0x0d down (queued passthrough now firing)
2026-09-21T03:26:38.029178Z DEBUG execute_one{generation=None}: awase_windows::platform: [composition] reinject KeyDown vk=0x0d → marking cold + eager warmup
2026-09-21T03:26:38.029198Z DEBUG execute_one{generation=None}: awase_windows::tsf::probe: [composition] marked cold reason=ReinjectConfirmKey idle=63ms → next VK/TSF output will send VK_DBE_HIRAGANA warmup
2026-09-21T03:26:38.029218Z DEBUG execute_one{generation=None}: awase_windows::tsf::probe: [mark-send] last_send_ms=53209078
2026-09-21T03:26:38.032165Z DEBUG awase::journal: gji fsm transition seq=1204 elapsed_ms=182920 trigger="CompositionReset(gji_idle_ms=1985)" state_before="OffCold" state_after="OffCold"
2026-09-21T03:26:38.044423Z DEBUG awase_windows::tsf::gji_monitor: [gji-io] WRITE: w_ops=+1 w_KB=+0.0 (r_ops=+2 x_ops=+2 x_KB=+0.0)
2026-09-21T03:26:38.097320Z DEBUG awase_windows::runtime::key_pipeline: [engine-input] vk=0x0D KeyUp ts=182987931us delay=0ms state=Idle mods(c=false s=false a=false w=false) gas_ctrl=false phys_ctrl=false extra=0x5350494B pending_drain=0 gate_active=false l_thumb=None r_thumb=None [diag-ctx] ime_on
2026-09-21T03:26:38.097431Z DEBUG awase::journal: key input seq=1205 elapsed_ms=182988 vk_code=13 is_down=false injected=false key_class="Passthrough" state_before="Idle" state_after="Idle" decision="PassThrough" physical="Allow" repeat_count=1 last_timestamp_us=182987931 last_elapsed_ms=0
2026-09-21T03:26:38.097537Z DEBUG execute_from_hook: awase_windows::runtime::executor: [relay-passthrough] PassThrough idle: direct OS pass-through (vk=0x0d up)
2026-09-21T03:26:38.097848Z DEBUG execute_one{generation=None}: awase_windows::runtime::executor: [reinject] vk=0x0d up (queued passthrough now firing)
2026-09-21T03:26:38.378646Z DEBUG awase_windows::runtime::ime_refresh: Skipping observer/SSOT write: typing active (idle=281ms)
2026-09-21T03:26:38.879043Z DEBUG awase_windows::observer::ime_observer: IME snapshot: japanese=Some(true) ime_on=Some(true) romaji=Some(true) conv=Some("0x00000019") guard=false
2026-09-21T03:26:38.879140Z DEBUG awase::journal: ime event seq=1206 elapsed_ms=183770 event_kind="ObserverReported"
2026-09-21T03:26:38.879180Z DEBUG awase::journal: ime event seq=1207 elapsed_ms=183770 event_kind="InputModeObserved"
2026-09-21T03:26:39.376781Z DEBUG awase_windows::observer::ime_observer: IME snapshot: japanese=Some(true) ime_on=Some(true) romaji=Some(true) conv=Some("0x00000019") guard=false
2026-09-21T03:26:39.376869Z DEBUG awase::journal: ime event seq=1208 elapsed_ms=184267 event_kind="ObserverReported"
2026-09-21T03:26:39.376905Z DEBUG awase::journal: ime event seq=1209 elapsed_ms=184267 event_kind="InputModeObserved"
2026-09-21T03:26:39.877506Z DEBUG awase_windows::observer::ime_observer: IME snapshot: japanese=Some(true) ime_on=Some(true) romaji=Some(true) conv=Some("0x00000019") guard=false
2026-09-21T03:26:39.877607Z DEBUG awase::journal: ime event seq=1210 elapsed_ms=184768 event_kind="ObserverReported"
2026-09-21T03:26:39.877650Z DEBUG awase::journal: ime event seq=1211 elapsed_ms=184768 event_kind="InputModeObserved"
2026-09-21T03:26:39.905006Z DEBUG awase_windows::runtime::key_pipeline: [engine-input] vk=0x0D KeyDown ts=184795581us delay=0ms state=Idle mods(c=false s=false a=false w=false) gas_ctrl=false phys_ctrl=false extra=0x5350494B pending_drain=0 gate_active=false l_thumb=None r_thumb=None [diag-ctx] ime_
2026-09-21T03:26:39.905136Z DEBUG awase::journal: key input seq=1212 elapsed_ms=184796 vk_code=13 is_down=true injected=false key_class="Passthrough" state_before="Idle" state_after="Idle" decision="PassThrough" physical="Allow" repeat_count=1 last_timestamp_us=184795581 last_elapsed_ms=0
2026-09-21T03:26:39.905229Z DEBUG execute_from_hook: awase_windows::tsf::probe: [composition] marked cold reason=PassthroughConfirmKey idle=1875ms → next VK/TSF output will send VK_DBE_HIRAGANA warmup
2026-09-21T03:26:39.905249Z DEBUG execute_from_hook: awase_windows::tsf::probe: [mark-send] last_send_ms=53210953
2026-09-21T03:26:39.905296Z DEBUG execute_from_hook: awase_windows::platform: [composition-fsm] EmitWarmup (ConfirmKeyDown)
2026-09-21T03:26:39.905314Z DEBUG execute_from_hook: awase_windows::runtime::executor: [relay-passthrough] PassThrough idle: direct OS pass-through (vk=0x0d down)
2026-09-21T03:26:39.905341Z DEBUG awase::journal: gji fsm transition seq=1213 elapsed_ms=184796 trigger="CompositionReset(gji_idle_ms=1860)" state_before="OffCold" state_after="OffCold"
2026-09-21T03:26:39.905403Z DEBUG awase_windows::runtime::executor: [reinject-guard] suspending drain for 50ms (vk=0x0d)
2026-09-21T03:26:39.968582Z DEBUG execute_one{generation=None}: awase_windows::runtime::executor: [reinject] vk=0x0d down (queued passthrough now firing)
2026-09-21T03:26:39.968675Z DEBUG execute_one{generation=None}: awase_windows::platform: [composition] reinject KeyDown vk=0x0d → marking cold + eager warmup
2026-09-21T03:26:39.968712Z DEBUG execute_one{generation=None}: awase_windows::tsf::probe: [composition] marked cold reason=ReinjectConfirmKey idle=62ms → next VK/TSF output will send VK_DBE_HIRAGANA warmup
2026-09-21T03:26:39.968749Z DEBUG execute_one{generation=None}: awase_windows::tsf::probe: [mark-send] last_send_ms=53211015
2026-09-21T03:26:39.971703Z DEBUG awase::journal: gji fsm transition seq=1214 elapsed_ms=184859 trigger="CompositionReset(gji_idle_ms=1922)" state_before="OffCold" state_after="OffCold"
2026-09-21T03:26:39.983034Z DEBUG awase_windows::tsf::gji_monitor: [gji-io] WRITE: w_ops=+1 w_KB=+0.0 (r_ops=+2 x_ops=+2 x_KB=+0.0)
2026-09-21T03:26:40.030341Z DEBUG awase_windows::runtime::key_pipeline: [engine-input] vk=0x0D KeyUp ts=184920826us delay=0ms state=Idle mods(c=false s=false a=false w=false) gas_ctrl=false phys_ctrl=false extra=0x5350494B pending_drain=0 gate_active=false l_thumb=None r_thumb=None [diag-ctx] ime_on
2026-09-21T03:26:40.030511Z DEBUG awase::journal: key input seq=1215 elapsed_ms=184921 vk_code=13 is_down=false injected=false key_class="Passthrough" state_before="Idle" state_after="Idle" decision="PassThrough" physical="Allow" repeat_count=1 last_timestamp_us=184920826 last_elapsed_ms=0
2026-09-21T03:26:40.030672Z DEBUG execute_from_hook: awase_windows::runtime::executor: [relay-passthrough] PassThrough idle: direct OS pass-through (vk=0x0d up)
2026-09-21T03:26:40.030799Z DEBUG execute_one{generation=None}: awase_windows::runtime::executor: [reinject] vk=0x0d up (queued passthrough now firing)
2026-09-21T03:26:40.384231Z DEBUG awase_windows::runtime::ime_refresh: Skipping observer/SSOT write: typing active (idle=359ms)
2026-09-21T03:26:40.884386Z DEBUG awase_windows::observer::ime_observer: IME snapshot: japanese=Some(true) ime_on=Some(true) romaji=Some(true) conv=Some("0x00000019") guard=false
2026-09-21T03:26:40.884470Z DEBUG awase::journal: ime event seq=1216 elapsed_ms=185775 event_kind="ObserverReported"
2026-09-21T03:26:40.884505Z DEBUG awase::journal: ime event seq=1217 elapsed_ms=185775 event_kind="InputModeObserved"
2026-09-21T03:26:41.402171Z DEBUG awase_windows::observer::ime_observer: IME snapshot: japanese=Some(true) ime_on=Some(true) romaji=Some(true) conv=Some("0x00000019") guard=false
2026-09-21T03:26:41.402238Z DEBUG awase::journal: ime event seq=1218 elapsed_ms=186293 event_kind="ObserverReported"
2026-09-21T03:26:41.402262Z DEBUG awase::journal: ime event seq=1219 elapsed_ms=186293 event_kind="InputModeObserved"
2026-09-21T03:26:41.837683Z DEBUG awase_windows::runtime::key_pipeline: [engine-input] vk=0x1D KeyDown ts=186728125us delay=0ms state=Idle mods(c=false s=false a=false w=false) gas_ctrl=false phys_ctrl=false extra=0x5350494B pending_drain=0 gate_active=false l_thumb=Some(186728101) r_thumb=None [dia
2026-09-21T03:26:41.837895Z DEBUG awase::journal: key input seq=1220 elapsed_ms=186728 vk_code=29 is_down=true injected=false key_class="LeftThumb" state_before="Idle" state_after="PendingThumb(vk=0x1D,left=true)" decision="Consume" physical="Allow" repeat_count=1 last_timestamp_us=186728125 last_el
2026-09-21T03:26:41.904524Z DEBUG awase_windows::runtime::ime_refresh: Skipping observer/SSOT write: typing active (idle=63ms)
2026-09-21T03:26:41.962140Z DEBUG awase_windows::runtime::key_pipeline: [engine-input] vk=0x1D KeyUp ts=186852775us delay=0ms state=Idle mods(c=false s=false a=false w=false) gas_ctrl=false phys_ctrl=false extra=0x5350494B pending_drain=0 gate_active=false l_thumb=None r_thumb=None [diag-ctx] ime_on
2026-09-21T03:26:41.962298Z DEBUG awase::journal: key input seq=1222 elapsed_ms=186853 vk_code=29 is_down=false injected=false key_class="LeftThumb" state_before="Idle" state_after="Idle" decision="Consume" physical="Allow" repeat_count=1 last_timestamp_us=186852775 last_elapsed_ms=0
2026-09-21T03:26:42.406667Z DEBUG awase_windows::runtime::ime_refresh: Skipping observer/SSOT write: typing active (idle=438ms)
2026-09-21T03:26:42.908705Z DEBUG awase_windows::observer::ime_observer: IME snapshot: japanese=Some(true) ime_on=Some(true) romaji=Some(true) conv=Some("0x00000019") guard=false
2026-09-21T03:26:42.908782Z DEBUG awase::journal: ime event seq=1223 elapsed_ms=187799 event_kind="ObserverReported"
2026-09-21T03:26:42.908807Z DEBUG awase::journal: ime event seq=1224 elapsed_ms=187799 event_kind="InputModeObserved"
2026-09-21T03:26:43.407292Z DEBUG awase_windows::observer::ime_observer: IME snapshot: japanese=Some(true) ime_on=Some(true) romaji=Some(true) conv=Some("0x00000019") guard=false
2026-09-21T03:26:43.407368Z DEBUG awase::journal: ime event seq=1225 elapsed_ms=188298 event_kind="ObserverReported"
2026-09-21T03:26:43.407395Z DEBUG awase::journal: ime event seq=1226 elapsed_ms=188298 event_kind="InputModeObserved"
2026-09-21T03:26:43.775509Z DEBUG awase_windows::runtime::key_pipeline: [engine-input] vk=0x1B KeyDown ts=188666118us delay=0ms state=Idle mods(c=false s=false a=false w=false) gas_ctrl=false phys_ctrl=false extra=0x5350494B pending_drain=0 gate_active=false l_thumb=None r_thumb=None [diag-ctx] ime_
2026-09-21T03:26:43.775600Z DEBUG awase::journal: key input seq=1227 elapsed_ms=188666 vk_code=27 is_down=true injected=false key_class="Passthrough" state_before="Idle" state_after="Idle" decision="PassThrough" physical="Allow" repeat_count=1 last_timestamp_us=188666118 last_elapsed_ms=0
2026-09-21T03:26:43.775682Z DEBUG execute_from_hook: awase_windows::tsf::probe: [composition] marked cold reason=PassthroughConfirmKey idle=3813ms → next VK/TSF output will send VK_DBE_HIRAGANA warmup
2026-09-21T03:26:43.775702Z DEBUG execute_from_hook: awase_windows::tsf::probe: [mark-send] last_send_ms=53214828
2026-09-21T03:26:43.775751Z DEBUG execute_from_hook: awase_windows::platform: [composition-fsm] EmitWarmup (ConfirmKeyDown)
2026-09-21T03:26:43.775771Z DEBUG execute_from_hook: awase_windows::runtime::executor: [relay-passthrough] PassThrough idle: direct OS pass-through (vk=0x1b down)
2026-09-21T03:26:43.775796Z DEBUG awase::journal: gji fsm transition seq=1228 elapsed_ms=188666 trigger="CompositionReset(gji_idle_ms=3797)" state_before="OffCold" state_after="OffCold"
2026-09-21T03:26:43.775838Z DEBUG awase_windows::runtime::executor: [reinject-guard] suspending drain for 50ms (vk=0x1b)
2026-09-21T03:26:43.838805Z DEBUG execute_one{generation=None}: awase_windows::runtime::executor: [reinject] vk=0x1b down (queued passthrough now firing)
2026-09-21T03:26:43.838853Z DEBUG execute_one{generation=None}: awase_windows::platform: [composition] reinject KeyDown vk=0x1b → marking cold + eager warmup
2026-09-21T03:26:43.838872Z DEBUG execute_one{generation=None}: awase_windows::tsf::probe: [composition] marked cold reason=ReinjectConfirmKey idle=62ms → next VK/TSF output will send VK_DBE_HIRAGANA warmup
2026-09-21T03:26:43.838892Z DEBUG execute_one{generation=None}: awase_windows::tsf::probe: [mark-send] last_send_ms=53214890
2026-09-21T03:26:43.841166Z DEBUG awase::journal: gji fsm transition seq=1229 elapsed_ms=188729 trigger="CompositionReset(gji_idle_ms=3859)" state_before="OffCold" state_after="OffCold"
2026-09-21T03:26:43.854170Z DEBUG awase_windows::tsf::gji_monitor: [gji-io] WRITE: w_ops=+1 w_KB=+0.0 (r_ops=+2 x_ops=+2 x_KB=+0.0)
2026-09-21T03:26:43.901864Z DEBUG awase_windows::runtime::key_pipeline: [engine-input] vk=0x1B KeyUp ts=188792486us delay=0ms state=Idle mods(c=false s=false a=false w=false) gas_ctrl=false phys_ctrl=false extra=0x5350494B pending_drain=0 gate_active=false l_thumb=None r_thumb=None [diag-ctx] ime_on
2026-09-21T03:26:43.902000Z DEBUG awase::journal: key input seq=1230 elapsed_ms=188792 vk_code=27 is_down=false injected=false key_class="Passthrough" state_before="Idle" state_after="Idle" decision="PassThrough" physical="Allow" repeat_count=1 last_timestamp_us=188792486 last_elapsed_ms=0
2026-09-21T03:26:43.902170Z DEBUG execute_from_hook: awase_windows::runtime::executor: [relay-passthrough] PassThrough idle: direct OS pass-through (vk=0x1b up)
2026-09-21T03:26:43.902289Z DEBUG execute_one{generation=None}: awase_windows::runtime::executor: [reinject] vk=0x1b up (queued passthrough now firing)
2026-09-21T03:26:43.908685Z DEBUG awase_windows::runtime::ime_refresh: Skipping observer/SSOT write: typing active (idle=0ms)
2026-09-21T03:26:44.404931Z DEBUG awase_windows::observer::ime_observer: IME snapshot: japanese=Some(true) ime_on=Some(true) romaji=Some(true) conv=Some("0x00000019") guard=false
2026-09-21T03:26:44.405029Z DEBUG awase::journal: ime event seq=1231 elapsed_ms=189295 event_kind="ObserverReported"
2026-09-21T03:26:44.405071Z DEBUG awase::journal: ime event seq=1232 elapsed_ms=189296 event_kind="InputModeObserved"
2026-09-21T03:26:44.907881Z DEBUG awase_windows::observer::ime_observer: IME snapshot: japanese=Some(true) ime_on=Some(true) romaji=Some(true) conv=Some("0x00000019") guard=false
2026-09-21T03:26:44.907956Z DEBUG awase::journal: ime event seq=1233 elapsed_ms=189798 event_kind="ObserverReported"
2026-09-21T03:26:44.907983Z DEBUG awase::journal: ime event seq=1234 elapsed_ms=189798 event_kind="InputModeObserved"
2026-09-21T03:26:45.402455Z DEBUG awase_windows::observer::ime_observer: IME snapshot: japanese=Some(true) ime_on=Some(true) romaji=Some(true) conv=Some("0x00000019") guard=false
2026-09-21T03:26:45.402544Z DEBUG awase::journal: ime event seq=1235 elapsed_ms=190293 event_kind="ObserverReported"
2026-09-21T03:26:45.402580Z DEBUG awase::journal: ime event seq=1236 elapsed_ms=190293 event_kind="InputModeObserved"
2026-09-21T03:26:45.714446Z DEBUG awase_windows::runtime::key_pipeline: [engine-input] vk=0x0D KeyDown ts=190605002us delay=0ms state=Idle mods(c=false s=false a=false w=false) gas_ctrl=false phys_ctrl=false extra=0x5350494B pending_drain=0 gate_active=false l_thumb=None r_thumb=None [diag-ctx] ime_
2026-09-21T03:26:45.714586Z DEBUG awase::journal: key input seq=1237 elapsed_ms=190605 vk_code=13 is_down=true injected=false key_class="Passthrough" state_before="Idle" state_after="Idle" decision="PassThrough" physical="Allow" repeat_count=1 last_timestamp_us=190605002 last_elapsed_ms=0
2026-09-21T03:26:45.714829Z DEBUG execute_from_hook: awase_windows::tsf::probe: [composition] marked cold reason=PassthroughConfirmKey idle=1875ms → next VK/TSF output will send VK_DBE_HIRAGANA warmup
2026-09-21T03:26:45.714869Z DEBUG execute_from_hook: awase_windows::tsf::probe: [mark-send] last_send_ms=53216765
2026-09-21T03:26:45.714956Z DEBUG execute_from_hook: awase_windows::platform: [composition-fsm] EmitWarmup (ConfirmKeyDown)
2026-09-21T03:26:45.714989Z DEBUG execute_from_hook: awase_windows::runtime::executor: [relay-passthrough] PassThrough idle: direct OS pass-through (vk=0x0d down)
2026-09-21T03:26:45.715030Z DEBUG awase::journal: gji fsm transition seq=1238 elapsed_ms=190605 trigger="CompositionReset(gji_idle_ms=1859)" state_before="OffCold" state_after="OffCold"
2026-09-21T03:26:45.715103Z DEBUG awase_windows::runtime::executor: [reinject-guard] suspending drain for 50ms (vk=0x0d)
2026-09-21T03:26:45.774430Z DEBUG execute_one{generation=None}: awase_windows::runtime::executor: [reinject] vk=0x0d down (queued passthrough now firing)
2026-09-21T03:26:45.774485Z DEBUG execute_one{generation=None}: awase_windows::platform: [composition] reinject KeyDown vk=0x0d → marking cold + eager warmup
2026-09-21T03:26:45.774508Z DEBUG execute_one{generation=None}: awase_windows::tsf::probe: [composition] marked cold reason=ReinjectConfirmKey idle=63ms → next VK/TSF output will send VK_DBE_HIRAGANA warmup
2026-09-21T03:26:45.774531Z DEBUG execute_one{generation=None}: awase_windows::tsf::probe: [mark-send] last_send_ms=53216828
2026-09-21T03:26:45.777415Z DEBUG awase::journal: gji fsm transition seq=1239 elapsed_ms=190665 trigger="CompositionReset(gji_idle_ms=1922)" state_before="OffCold" state_after="OffCold"
2026-09-21T03:26:45.790084Z DEBUG awase_windows::tsf::gji_monitor: [gji-io] WRITE: w_ops=+1 w_KB=+0.0 (r_ops=+2 x_ops=+2 x_KB=+0.0)
2026-09-21T03:26:45.837317Z DEBUG awase_windows::runtime::key_pipeline: [engine-input] vk=0x0D KeyUp ts=190727835us delay=0ms state=Idle mods(c=false s=false a=false w=false) gas_ctrl=false phys_ctrl=false extra=0x5350494B pending_drain=0 gate_active=false l_thumb=None r_thumb=None [diag-ctx] ime_on
2026-09-21T03:26:45.837427Z DEBUG awase::journal: key input seq=1240 elapsed_ms=190728 vk_code=13 is_down=false injected=false key_class="Passthrough" state_before="Idle" state_after="Idle" decision="PassThrough" physical="Allow" repeat_count=1 last_timestamp_us=190727835 last_elapsed_ms=0
2026-09-21T03:26:45.837545Z DEBUG execute_from_hook: awase_windows::runtime::executor: [relay-passthrough] PassThrough idle: direct OS pass-through (vk=0x0d up)
2026-09-21T03:26:45.837623Z DEBUG execute_one{generation=None}: awase_windows::runtime::executor: [reinject] vk=0x0d up (queued passthrough now firing)
2026-09-21T03:26:45.901893Z DEBUG awase_windows::runtime::ime_refresh: Skipping observer/SSOT write: typing active (idle=63ms)
2026-09-21T03:26:46.406534Z DEBUG awase_windows::observer::ime_observer: IME snapshot: japanese=Some(true) ime_on=Some(true) romaji=Some(true) conv=Some("0x00000019") guard=false
2026-09-21T03:26:46.406604Z DEBUG awase::journal: ime event seq=1241 elapsed_ms=191297 event_kind="ObserverReported"
2026-09-21T03:26:46.406628Z DEBUG awase::journal: ime event seq=1242 elapsed_ms=191297 event_kind="InputModeObserved"
2026-09-21T03:26:46.906607Z DEBUG awase_windows::observer::ime_observer: IME snapshot: japanese=Some(true) ime_on=Some(true) romaji=Some(true) conv=Some("0x00000019") guard=false
2026-09-21T03:26:46.906767Z DEBUG awase::journal: ime event seq=1243 elapsed_ms=191797 event_kind="ObserverReported"
2026-09-21T03:26:46.906811Z DEBUG awase::journal: ime event seq=1244 elapsed_ms=191797 event_kind="InputModeObserved"
2026-09-21T03:26:47.402281Z DEBUG awase_windows::observer::ime_observer: IME snapshot: japanese=Some(true) ime_on=Some(true) romaji=Some(true) conv=Some("0x00000019") guard=false
2026-09-21T03:26:47.402378Z DEBUG awase::journal: ime event seq=1245 elapsed_ms=192293 event_kind="ObserverReported"
2026-09-21T03:26:47.402419Z DEBUG awase::journal: ime event seq=1246 elapsed_ms=192293 event_kind="InputModeObserved"
2026-09-21T03:26:47.649811Z DEBUG awase_windows::runtime::key_pipeline: [engine-input] vk=0x1C KeyDown ts=192540212us delay=0ms state=Idle mods(c=false s=false a=false w=false) gas_ctrl=false phys_ctrl=false extra=0x5350494B pending_drain=0 gate_active=false l_thumb=None r_thumb=Some(192540184) [dia
2026-09-21T03:26:47.650049Z DEBUG awase::journal: key input seq=1247 elapsed_ms=192541 vk_code=28 is_down=true injected=false key_class="RightThumb" state_before="Idle" state_after="PendingThumb(vk=0x1C,left=false)" decision="Consume" physical="Allow" repeat_count=1 last_timestamp_us=192540212 last_
2026-09-21T03:26:47.771463Z DEBUG awase_windows::runtime::key_pipeline: [engine-input] vk=0x1C KeyUp ts=192662113us delay=0ms state=Idle mods(c=false s=false a=false w=false) gas_ctrl=false phys_ctrl=false extra=0x5350494B pending_drain=0 gate_active=false l_thumb=None r_thumb=None [diag-ctx] ime_on
2026-09-21T03:26:47.771615Z DEBUG awase::journal: key input seq=1249 elapsed_ms=192662 vk_code=28 is_down=false injected=false key_class="RightThumb" state_before="Idle" state_after="Idle" decision="Consume" physical="Allow" repeat_count=1 last_timestamp_us=192662113 last_elapsed_ms=0
2026-09-21T03:26:47.900525Z DEBUG awase_windows::runtime::ime_refresh: Skipping observer/SSOT write: typing active (idle=125ms)
2026-09-21T03:26:48.402119Z DEBUG awase_windows::observer::ime_observer: IME snapshot: japanese=Some(true) ime_on=Some(true) romaji=Some(true) conv=Some("0x00000019") guard=false
2026-09-21T03:26:48.402179Z DEBUG awase::journal: ime event seq=1250 elapsed_ms=193293 event_kind="ObserverReported"
2026-09-21T03:26:48.402205Z DEBUG awase::journal: ime event seq=1251 elapsed_ms=193293 event_kind="InputModeObserved"
2026-09-21T03:26:48.902617Z DEBUG awase_windows::observer::ime_observer: IME snapshot: japanese=Some(true) ime_on=Some(true) romaji=Some(true) conv=Some("0x00000019") guard=false
2026-09-21T03:26:48.902701Z DEBUG awase::journal: ime event seq=1252 elapsed_ms=193793 event_kind="ObserverReported"
2026-09-21T03:26:48.902736Z DEBUG awase::journal: ime event seq=1253 elapsed_ms=193793 event_kind="InputModeObserved"
2026-09-21T03:26:49.406033Z DEBUG awase_windows::observer::ime_observer: IME snapshot: japanese=Some(true) ime_on=Some(true) romaji=Some(true) conv=Some("0x00000019") guard=false
2026-09-21T03:26:49.406146Z DEBUG awase::journal: ime event seq=1254 elapsed_ms=194297 event_kind="ObserverReported"
2026-09-21T03:26:49.406172Z DEBUG awase::journal: ime event seq=1255 elapsed_ms=194297 event_kind="InputModeObserved"
2026-09-21T03:26:49.587485Z DEBUG awase_windows::hook: [hook] IME-mode vk=0xF2 down self_injected=false injected=false scan=0x70 extra=0x5350494B since_actuation_us=Some(194392285)
2026-09-21T03:26:49.587602Z DEBUG awase::journal: hook ime-mode diagnostic seq=1256 elapsed_ms=194478 vk_code=242 is_down=true self_injected=false injected=false scan=112
2026-09-21T03:26:49.587764Z DEBUG awase_windows::runtime::key_pipeline: [engine-input] vk=0xF2 KeyDown ts=194478477us delay=0ms state=Idle mods(c=false s=false a=false w=false) gas_ctrl=false phys_ctrl=false extra=0x5350494B pending_drain=0 gate_active=false l_thumb=None r_thumb=None [diag-ctx] ime_
2026-09-21T03:26:49.587849Z DEBUG awase::journal: key input seq=1257 elapsed_ms=194478 vk_code=242 is_down=true injected=false key_class="Passthrough" state_before="Idle" state_after="Idle" decision="PassThrough" physical="Allow" repeat_count=1 last_timestamp_us=194478477 last_elapsed_ms=0
2026-09-21T03:26:49.587913Z DEBUG awase_windows::runtime::key_pipeline: may_change_ime key passed through → IME refresh scheduled (20ms)
2026-09-21T03:26:49.587951Z  INFO awase_windows::runtime::key_pipeline: [mode-key-follow] mode key PassThrough(vk=0xF2): IME refresh scheduled (20ms)
2026-09-21T03:26:49.588657Z  INFO awase_windows::runtime::key_pipeline: [key-effect-predict] vk=0xF2 status=Pre open=None mode=Some(ObservedEisu)
2026-09-21T03:26:49.588722Z DEBUG awase::journal: ime event seq=1258 elapsed_ms=194479 event_kind="KeyEffectPredicted"
2026-09-21T03:26:49.588773Z DEBUG awase::engine::engine: [diag-engine-active] ime_on=true なのに非活性: reason=Inactive(NotRomajiInput) romaji_capable=false japanese=true user_enabled=true was_active=true input_mode=ObservedEisu
2026-09-21T03:26:49.588814Z  INFO awase::engine::engine: Engine deactivated (ime=true, romaji=false, japanese=true, user=true, reason=Inactive(NotRomajiInput))
2026-09-21T03:26:49.590257Z DEBUG awase_windows::tsf::probe: [composition] marked cold reason=F2NonTsf idle=3812ms → next VK/TSF output will send VK_DBE_HIRAGANA warmup
2026-09-21T03:26:49.590379Z DEBUG execute_from_hook: awase_windows::runtime::executor: [relay-passthrough] PassThrough idle: direct OS pass-through (vk=0xf2 down)
2026-09-21T03:26:49.590407Z DEBUG awase::journal: gji fsm transition seq=1259 elapsed_ms=194481 trigger="CompositionReset(gji_idle_ms=3797)" state_before="OffCold" state_after="OffCold"
2026-09-21T03:26:49.590479Z DEBUG execute_one{generation=None}: awase_windows::runtime::executor: [reinject] vk=0xf2 down (queued passthrough now firing)
2026-09-21T03:26:49.590654Z DEBUG awase_windows::hook: [hook] IME-mode vk=0xF2 down self_injected=true injected=true scan=0x0 extra=0x4B45594D since_actuation_us=Some(194395465)
2026-09-21T03:26:49.592846Z DEBUG awase::journal: hook ime-mode diagnostic seq=1260 elapsed_ms=194483 vk_code=242 is_down=true self_injected=true injected=true scan=0
2026-09-21T03:26:49.603111Z DEBUG awase_windows::tsf::gji_monitor: [gji-io] WRITE: w_ops=+2 w_KB=+0.0 (r_ops=+4 x_ops=+4 x_KB=+0.0)
2026-09-21T03:26:49.621366Z DEBUG awase_windows::runtime::ime_refresh: Explicit intent: bypassing typing-idle guard for IME verify (idle=31ms)
2026-09-21T03:26:49.621426Z DEBUG awase_windows::observer::ime_observer: IME snapshot: japanese=Some(true) ime_on=Some(true) romaji=None conv=Some("0x00000010") guard=false
2026-09-21T03:26:49.621517Z DEBUG awase::journal: ime event seq=1261 elapsed_ms=194512 event_kind="ObserverReported"
2026-09-21T03:26:49.621571Z DEBUG awase::journal: ime event seq=1262 elapsed_ms=194512 event_kind="ModeKeyPassedThrough"
2026-09-21T03:26:49.621588Z  INFO awase_windows::runtime::ime_refresh: [mode-key-follow] observation arrived after mode key pass: intents invalidated
2026-09-21T03:26:49.621657Z DEBUG awase::engine::engine: [diag-engine-active] ime_on=true なのに非活性: reason=Inactive(NotRomajiInput) romaji_capable=false japanese=true user_enabled=true was_active=false input_mode=ObservedEisu
2026-09-21T03:26:49.687028Z DEBUG awase_windows::runtime::ime_refresh: Explicit intent: bypassing typing-idle guard for IME verify (idle=94ms)
2026-09-21T03:26:49.687105Z DEBUG awase_windows::observer::ime_observer: IME snapshot: japanese=Some(true) ime_on=Some(true) romaji=None conv=Some("0x00000010") guard=false
2026-09-21T03:26:49.687241Z DEBUG awase::journal: ime event seq=1263 elapsed_ms=194578 event_kind="ObserverReported"
2026-09-21T03:26:49.687294Z  INFO awase_windows::runtime::ime_refresh: [mode-key-follow] observation arrived after mode key pass: intents invalidated
2026-09-21T03:26:49.687392Z DEBUG awase::engine::engine: [diag-engine-active] ime_on=true なのに非活性: reason=Inactive(NotRomajiInput) romaji_capable=false japanese=true user_enabled=true was_active=false input_mode=ObservedEisu
2026-09-21T03:26:49.745120Z DEBUG awase_windows::runtime::ime_refresh: Explicit intent: bypassing typing-idle guard for IME verify (idle=156ms)
2026-09-21T03:26:49.745183Z DEBUG awase_windows::observer::ime_observer: IME snapshot: japanese=Some(true) ime_on=Some(true) romaji=None conv=Some("0x00000010") guard=false
2026-09-21T03:26:49.745282Z DEBUG awase::journal: ime event seq=1264 elapsed_ms=194636 event_kind="ObserverReported"
2026-09-21T03:26:49.745319Z  INFO awase_windows::runtime::ime_refresh: [mode-key-follow] observation arrived after mode key pass: intents invalidated
2026-09-21T03:26:49.745396Z DEBUG awase::engine::engine: [diag-engine-active] ime_on=true なのに非活性: reason=Inactive(NotRomajiInput) romaji_capable=false japanese=true user_enabled=true was_active=false input_mode=ObservedEisu
2026-09-21T03:26:49.807309Z DEBUG awase_windows::runtime::ime_refresh: Explicit intent: bypassing typing-idle guard for IME verify (idle=219ms)
2026-09-21T03:26:49.807374Z DEBUG awase_windows::observer::ime_observer: IME snapshot: japanese=Some(true) ime_on=Some(true) romaji=None conv=Some("0x00000010") guard=false
2026-09-21T03:26:49.807471Z DEBUG awase::journal: ime event seq=1265 elapsed_ms=194698 event_kind="ObserverReported"
2026-09-21T03:26:49.807509Z  INFO awase_windows::runtime::ime_refresh: [mode-key-follow] observation arrived after mode key pass: intents invalidated
2026-09-21T03:26:49.807992Z DEBUG awase::engine::engine: [diag-engine-active] ime_on=true なのに非活性: reason=Inactive(NotRomajiInput) romaji_capable=false japanese=true user_enabled=true was_active=false input_mode=ObservedEisu
2026-09-21T03:26:49.870044Z DEBUG awase_windows::runtime::ime_refresh: Explicit intent: bypassing typing-idle guard for IME verify (idle=281ms)
2026-09-21T03:26:49.870102Z DEBUG awase_windows::observer::ime_observer: IME snapshot: japanese=Some(true) ime_on=Some(true) romaji=None conv=Some("0x00000010") guard=false
2026-09-21T03:26:49.870196Z DEBUG awase::journal: ime event seq=1266 elapsed_ms=194761 event_kind="ObserverReported"
2026-09-21T03:26:49.870233Z  INFO awase_windows::runtime::ime_refresh: [mode-key-follow] observation arrived after mode key pass: intents invalidated
2026-09-21T03:26:49.870303Z DEBUG awase::engine::engine: [diag-engine-active] ime_on=true なのに非活性: reason=Inactive(NotRomajiInput) romaji_capable=false japanese=true user_enabled=true was_active=false input_mode=ObservedEisu
2026-09-21T03:26:49.931799Z DEBUG awase_windows::runtime::ime_refresh: Skipping observer/SSOT write: typing active (idle=344ms)
2026-09-21T03:26:49.931886Z DEBUG awase::engine::engine: [diag-engine-active] ime_on=true なのに非活性: reason=Inactive(NotRomajiInput) romaji_capable=false japanese=true user_enabled=true was_active=false input_mode=ObservedEisu
2026-09-21T03:26:50.432125Z DEBUG awase_windows::observer::ime_observer: IME snapshot: japanese=Some(true) ime_on=Some(true) romaji=None conv=Some("0x00000010") guard=false
2026-09-21T03:26:50.432201Z DEBUG awase::journal: ime event seq=1267 elapsed_ms=195323 event_kind="ObserverReported"
2026-09-21T03:26:50.432264Z DEBUG awase::engine::engine: [diag-engine-active] ime_on=true なのに非活性: reason=Inactive(NotRomajiInput) romaji_capable=false japanese=true user_enabled=true was_active=false input_mode=ObservedEisu
2026-09-21T03:26:50.935678Z DEBUG awase_windows::observer::ime_observer: IME snapshot: japanese=Some(true) ime_on=Some(true) romaji=None conv=Some("0x00000010") guard=false
2026-09-21T03:26:50.935772Z DEBUG awase::journal: ime event seq=1268 elapsed_ms=195826 event_kind="ObserverReported"
2026-09-21T03:26:50.935906Z DEBUG awase::engine::engine: [diag-engine-active] ime_on=true なのに非活性: reason=Inactive(NotRomajiInput) romaji_capable=false japanese=true user_enabled=true was_active=false input_mode=ObservedEisu
2026-09-21T03:26:51.439970Z DEBUG awase_windows::observer::ime_observer: IME snapshot: japanese=Some(true) ime_on=Some(true) romaji=None conv=Some("0x00000010") guard=false
2026-09-21T03:26:51.440049Z DEBUG awase::journal: ime event seq=1269 elapsed_ms=196331 event_kind="ObserverReported"
2026-09-21T03:26:51.440113Z DEBUG awase::engine::engine: [diag-engine-active] ime_on=true なのに非活性: reason=Inactive(NotRomajiInput) romaji_capable=false japanese=true user_enabled=true was_active=false input_mode=ObservedEisu
2026-09-21T03:26:51.534656Z DEBUG awase_windows::runtime::key_pipeline: [engine-input] vk=0x41 KeyDown ts=196425211us delay=0ms state=Idle mods(c=false s=false a=false w=false) gas_ctrl=false phys_ctrl=false extra=0x5350494B pending_drain=0 gate_active=false l_thumb=None r_thumb=None [diag-ctx] ime_
2026-09-21T03:26:51.534717Z DEBUG awase::engine::engine: [diag-engine-active] ime_on=true なのに非活性: reason=Inactive(NotRomajiInput) romaji_capable=false japanese=true user_enabled=true was_active=false input_mode=ObservedEisu
2026-09-21T03:26:51.534803Z DEBUG awase::journal: key input seq=1270 elapsed_ms=196425 vk_code=65 is_down=true injected=false key_class="Char" state_before="Idle" state_after="Idle" decision="PassThrough" physical="Allow" repeat_count=1 last_timestamp_us=196425211 last_elapsed_ms=0
2026-09-21T03:26:51.534941Z DEBUG execute_one{generation=None}: awase_windows::runtime::executor: [reinject] vk=0x41 down (queued passthrough now firing)
2026-09-21T03:26:51.543446Z  INFO awase_windows::tsf::win_event_obs: [gji-obs] candidate SHOW #14: last_gji_write=1937ms ago
2026-09-21T03:26:51.549309Z DEBUG awase_windows::tsf::gji_monitor: [gji-io] WRITE: w_ops=+2 w_KB=+0.3 (r_ops=+4 x_ops=+4 x_KB=+0.0)
2026-09-21T03:26:51.720921Z DEBUG awase_windows::runtime::key_pipeline: [engine-input] vk=0x41 KeyUp ts=196611610us delay=0ms state=Idle mods(c=false s=false a=false w=false) gas_ctrl=false phys_ctrl=false extra=0x5350494B pending_drain=0 gate_active=false l_thumb=None r_thumb=None [diag-ctx] ime_on
2026-09-21T03:26:51.720958Z DEBUG awase::engine::engine: [diag-engine-active] ime_on=true なのに非活性: reason=Inactive(NotRomajiInput) romaji_capable=false japanese=true user_enabled=true was_active=false input_mode=ObservedEisu
2026-09-21T03:26:51.721005Z DEBUG awase::journal: key input seq=1271 elapsed_ms=196611 vk_code=65 is_down=false injected=false key_class="Char" state_before="Idle" state_after="Idle" decision="PassThrough" physical="Allow" repeat_count=1 last_timestamp_us=196611610 last_elapsed_ms=0
2026-09-21T03:26:51.721193Z DEBUG execute_one{generation=None}: awase_windows::runtime::executor: [reinject] vk=0x41 up (queued passthrough now firing)
2026-09-21T03:26:51.722509Z DEBUG awase_windows::platform: [gji-fsm] StartComposition (candidate SHOW)
2026-09-21T03:26:51.722538Z  WARN gji_on_event{event=StartComposition}: awase_windows::tsf::gji_fsm: [gji-fsm] StartComposition while engine off — ignored
2026-09-21T03:26:51.722638Z DEBUG awase::journal: gji fsm transition seq=1272 elapsed_ms=196613 trigger="StartComposition(candidate SHOW)" state_before="OffCold" state_after="OffCold"
2026-09-21T03:26:51.943050Z DEBUG awase_windows::runtime::ime_refresh: Skipping observer/SSOT write: typing active (idle=235ms)
2026-09-21T03:26:51.943123Z DEBUG awase::engine::engine: [diag-engine-active] ime_on=true なのに非活性: reason=Inactive(NotRomajiInput) romaji_capable=false japanese=true user_enabled=true was_active=false input_mode=ObservedEisu
2026-09-21T03:26:52.446184Z DEBUG awase_windows::observer::ime_observer: IME snapshot: japanese=Some(true) ime_on=Some(true) romaji=None conv=Some("0x00000010") guard=false
2026-09-21T03:26:52.446265Z DEBUG awase::journal: ime event seq=1273 elapsed_ms=197337 event_kind="ObserverReported"
2026-09-21T03:26:52.446329Z DEBUG awase::engine::engine: [diag-engine-active] ime_on=true なのに非活性: reason=Inactive(NotRomajiInput) romaji_capable=false japanese=true user_enabled=true was_active=false input_mode=ObservedEisu
2026-09-21T03:26:52.945941Z DEBUG awase_windows::observer::ime_observer: IME snapshot: japanese=Some(true) ime_on=Some(true) romaji=None conv=Some("0x00000010") guard=false
2026-09-21T03:26:52.946034Z DEBUG awase::journal: ime event seq=1274 elapsed_ms=197837 event_kind="ObserverReported"
2026-09-21T03:26:52.946109Z DEBUG awase::engine::engine: [diag-engine-active] ime_on=true なのに非活性: reason=Inactive(NotRomajiInput) romaji_capable=false japanese=true user_enabled=true was_active=false input_mode=ObservedEisu
2026-09-21T03:26:53.449637Z DEBUG awase_windows::observer::ime_observer: IME snapshot: japanese=Some(true) ime_on=Some(true) romaji=None conv=Some("0x00000010") guard=false
2026-09-21T03:26:53.449723Z DEBUG awase::journal: ime event seq=1275 elapsed_ms=198340 event_kind="ObserverReported"
2026-09-21T03:26:53.449790Z DEBUG awase::engine::engine: [diag-engine-active] ime_on=true なのに非活性: reason=Inactive(NotRomajiInput) romaji_capable=false japanese=true user_enabled=true was_active=false input_mode=ObservedEisu
2026-09-21T03:26:53.462658Z DEBUG awase_windows::runtime::key_pipeline: [engine-input] vk=0x4B KeyDown ts=198353391us delay=0ms state=Idle mods(c=false s=false a=false w=false) gas_ctrl=false phys_ctrl=false extra=0x5350494B pending_drain=0 gate_active=false l_thumb=None r_thumb=None [diag-ctx] ime_
2026-09-21T03:26:53.462695Z DEBUG awase::engine::engine: [diag-engine-active] ime_on=true なのに非活性: reason=Inactive(NotRomajiInput) romaji_capable=false japanese=true user_enabled=true was_active=false input_mode=ObservedEisu
2026-09-21T03:26:53.462799Z DEBUG awase::journal: key input seq=1276 elapsed_ms=198353 vk_code=75 is_down=true injected=false key_class="Char" state_before="Idle" state_after="Idle" decision="PassThrough" physical="Allow" repeat_count=1 last_timestamp_us=198353391 last_elapsed_ms=0
2026-09-21T03:26:53.462941Z DEBUG execute_one{generation=None}: awase_windows::runtime::executor: [reinject] vk=0x4b down (queued passthrough now firing)
2026-09-21T03:26:53.478047Z DEBUG awase_windows::tsf::gji_monitor: [gji-io] WRITE: w_ops=+2 w_KB=+0.5 (r_ops=+4 x_ops=+4 x_KB=+0.0)
2026-09-21T03:26:53.589704Z DEBUG awase_windows::runtime::key_pipeline: [engine-input] vk=0x4B KeyUp ts=198480369us delay=0ms state=Idle mods(c=false s=false a=false w=false) gas_ctrl=false phys_ctrl=false extra=0x5350494B pending_drain=0 gate_active=false l_thumb=None r_thumb=None [diag-ctx] ime_on
2026-09-21T03:26:53.589748Z DEBUG awase::engine::engine: [diag-engine-active] ime_on=true なのに非活性: reason=Inactive(NotRomajiInput) romaji_capable=false japanese=true user_enabled=true was_active=false input_mode=ObservedEisu
2026-09-21T03:26:53.589814Z DEBUG awase::journal: key input seq=1277 elapsed_ms=198480 vk_code=75 is_down=false injected=false key_class="Char" state_before="Idle" state_after="Idle" decision="PassThrough" physical="Allow" repeat_count=1 last_timestamp_us=198480369 last_elapsed_ms=0
2026-09-21T03:26:53.589947Z DEBUG execute_one{generation=None}: awase_windows::runtime::executor: [reinject] vk=0x4b up (queued passthrough now firing)
2026-09-21T03:26:53.955951Z DEBUG awase_windows::runtime::ime_refresh: Skipping observer/SSOT write: typing active (idle=360ms)
2026-09-21T03:26:53.956023Z DEBUG awase::engine::engine: [diag-engine-active] ime_on=true なのに非活性: reason=Inactive(NotRomajiInput) romaji_capable=false japanese=true user_enabled=true was_active=false input_mode=ObservedEisu
2026-09-21T03:26:54.444933Z DEBUG awase_windows::observer::ime_observer: IME snapshot: japanese=Some(true) ime_on=Some(true) romaji=None conv=Some("0x00000010") guard=false
2026-09-21T03:26:54.445016Z DEBUG awase::journal: ime event seq=1278 elapsed_ms=199335 event_kind="ObserverReported"
2026-09-21T03:26:54.445081Z DEBUG awase::engine::engine: [diag-engine-active] ime_on=true なのに非活性: reason=Inactive(NotRomajiInput) romaji_capable=false japanese=true user_enabled=true was_active=false input_mode=ObservedEisu
2026-09-21T03:26:54.948400Z DEBUG awase_windows::observer::ime_observer: IME snapshot: japanese=Some(true) ime_on=Some(true) romaji=None conv=Some("0x00000010") guard=false
2026-09-21T03:26:54.948486Z DEBUG awase::journal: ime event seq=1279 elapsed_ms=199839 event_kind="ObserverReported"
2026-09-21T03:26:54.948552Z DEBUG awase::engine::engine: [diag-engine-active] ime_on=true なのに非活性: reason=Inactive(NotRomajiInput) romaji_capable=false japanese=true user_enabled=true was_active=false input_mode=ObservedEisu
2026-09-21T03:26:55.400602Z DEBUG awase_windows::hook: [hook] IME-mode vk=0xF3 up self_injected=false injected=false scan=0x29 extra=0x5350494B since_actuation_us=Some(200205387)
2026-09-21T03:26:55.400818Z DEBUG awase::journal: hook ime-mode diagnostic seq=1280 elapsed_ms=200291 vk_code=243 is_down=false self_injected=false injected=false scan=41
2026-09-21T03:26:55.400931Z DEBUG awase_windows::hook: [hook] IME-mode vk=0xF4 down self_injected=false injected=false scan=0x29 extra=0x5350494B since_actuation_us=Some(200205742)
2026-09-21T03:26:55.401183Z DEBUG awase_windows::runtime::key_pipeline: [engine-input] vk=0xF3 KeyUp ts=200291665us delay=0ms state=Idle mods(c=false s=false a=false w=false) gas_ctrl=false phys_ctrl=false extra=0x5350494B pending_drain=0 gate_active=false l_thumb=None r_thumb=None [diag-ctx] ime_on
2026-09-21T03:26:55.401243Z DEBUG awase::engine::engine: [diag-engine-active] ime_on=true なのに非活性: reason=Inactive(NotRomajiInput) romaji_capable=false japanese=true user_enabled=true was_active=false input_mode=ObservedEisu
2026-09-21T03:26:55.401335Z DEBUG awase::journal: key input seq=1281 elapsed_ms=200292 vk_code=243 is_down=false injected=false key_class="Passthrough" state_before="Idle" state_after="Idle" decision="PassThrough" physical="Allow" repeat_count=1 last_timestamp_us=200291665 last_elapsed_ms=0
2026-09-21T03:26:55.401403Z DEBUG execute_from_hook: awase_windows::runtime::transport: [relay-sym] PassThrough KeyUp vk=0xf3: KeyDown was deferred → force reinject for symmetry
2026-09-21T03:26:55.401508Z DEBUG awase::journal: hook ime-mode diagnostic seq=1282 elapsed_ms=200292 vk_code=244 is_down=true self_injected=false injected=false scan=41
2026-09-21T03:26:55.401593Z DEBUG awase_windows::runtime::key_pipeline: [engine-input] vk=0xF4 KeyDown ts=200291864us delay=0ms state=Idle mods(c=false s=false a=false w=false) gas_ctrl=false phys_ctrl=false extra=0x5350494B pending_drain=0 gate_active=false l_thumb=None r_thumb=None [diag-ctx] ime_
2026-09-21T03:26:55.401675Z DEBUG awase::engine::engine: [diag-engine-active] ime_on=true なのに非活性: reason=Inactive(NotRomajiInput) romaji_capable=false japanese=true user_enabled=true was_active=false input_mode=ObservedEisu
2026-09-21T03:26:55.401746Z DEBUG awase::journal: key input seq=1283 elapsed_ms=200292 vk_code=244 is_down=true injected=false key_class="Passthrough" state_before="Idle" state_after="Idle" decision="PassThrough" physical="Allow" repeat_count=1 last_timestamp_us=200291864 last_elapsed_ms=0
2026-09-21T03:26:55.401824Z DEBUG awase_windows::runtime::key_pipeline: may_change_ime key passed through → IME refresh scheduled (20ms)
2026-09-21T03:26:55.401869Z  INFO awase_windows::runtime::key_pipeline: [mode-key-follow] mode key PassThrough(vk=0xF4): IME refresh scheduled (20ms)
2026-09-21T03:26:55.403051Z DEBUG awase_windows::runtime::key_pipeline: [key-effect-predict] vk=0xF4 status=Pre: no prediction
2026-09-21T03:26:55.403186Z DEBUG execute_from_hook: awase_windows::runtime::transport: [relay-defer] PassThrough deferred: pending effects, reinject(vk=0xf4 down)
2026-09-21T03:26:55.403321Z DEBUG execute_one{generation=None}: awase_windows::runtime::executor: [reinject] vk=0xf3 up (queued passthrough now firing)
2026-09-21T03:26:55.403374Z DEBUG execute_one{generation=None}: awase_windows::runtime::executor: [reinject] vk=0xf4 down (queued passthrough now firing)
2026-09-21T03:26:55.403583Z DEBUG awase_windows::hook: [hook] IME-mode vk=0xF4 down self_injected=true injected=true scan=0x0 extra=0x4B45594D since_actuation_us=Some(200208371)
2026-09-21T03:26:55.405868Z DEBUG awase::journal: hook ime-mode diagnostic seq=1284 elapsed_ms=200296 vk_code=244 is_down=true self_injected=true injected=true scan=0
2026-09-21T03:26:55.414905Z  INFO awase_windows::tsf::win_event_obs: [gji-obs] candidate HIDE: last_gji_write=1937ms ago
2026-09-21T03:26:55.415611Z DEBUG awase_windows::tsf::gji_monitor: [gji-io] WRITE: w_ops=+2 w_KB=+0.2 (r_ops=+4 x_ops=+4 x_KB=+0.0)
2026-09-21T03:26:55.436528Z DEBUG awase_windows::runtime::ime_refresh: Explicit intent: bypassing typing-idle guard for IME verify (idle=31ms)
2026-09-21T03:26:55.436590Z DEBUG awase_windows::observer::ime_observer: IME snapshot: japanese=Some(true) ime_on=Some(false) romaji=None conv=Some("0x00000010") guard=false
2026-09-21T03:26:55.436669Z DEBUG awase::journal: ime event seq=1285 elapsed_ms=200327 event_kind="ObserverReported"
2026-09-21T03:26:55.436710Z DEBUG awase::journal: ime event seq=1286 elapsed_ms=200327 event_kind="ModeKeyPassedThrough"
2026-09-21T03:26:55.436722Z  INFO awase_windows::runtime::ime_refresh: [mode-key-follow] observation arrived after mode key pass: intents invalidated
2026-09-21T03:26:55.497085Z DEBUG awase_windows::runtime::ime_refresh: Explicit intent: bypassing typing-idle guard for IME verify (idle=93ms)
2026-09-21T03:26:55.497197Z DEBUG awase_windows::observer::ime_observer: IME snapshot: japanese=Some(true) ime_on=Some(false) romaji=None conv=Some("0x00000010") guard=false
2026-09-21T03:26:55.497301Z DEBUG awase::journal: ime event seq=1287 elapsed_ms=200388 event_kind="ObserverReported"
2026-09-21T03:26:55.497339Z  INFO awase_windows::runtime::ime_refresh: [mode-key-follow] observation arrived after mode key pass: intents invalidated
2026-09-21T03:26:55.559489Z DEBUG awase_windows::runtime::ime_refresh: Explicit intent: bypassing typing-idle guard for IME verify (idle=156ms)
2026-09-21T03:26:55.559553Z DEBUG awase_windows::observer::ime_observer: IME snapshot: japanese=Some(true) ime_on=Some(false) romaji=None conv=Some("0x00000010") guard=false
2026-09-21T03:26:55.559652Z DEBUG awase::journal: ime event seq=1288 elapsed_ms=200450 event_kind="ObserverReported"
2026-09-21T03:26:55.559689Z  INFO awase_windows::runtime::ime_refresh: [mode-key-follow] observation arrived after mode key pass: intents invalidated
2026-09-21T03:26:55.622765Z DEBUG awase_windows::runtime::ime_refresh: Explicit intent: bypassing typing-idle guard for IME verify (idle=218ms)
2026-09-21T03:26:55.622826Z DEBUG awase_windows::observer::ime_observer: IME snapshot: japanese=Some(true) ime_on=Some(false) romaji=None conv=Some("0x00000010") guard=false
2026-09-21T03:26:55.622929Z DEBUG awase::journal: ime event seq=1289 elapsed_ms=200513 event_kind="ObserverReported"
2026-09-21T03:26:55.622967Z  INFO awase_windows::runtime::ime_refresh: [mode-key-follow] observation arrived after mode key pass: intents invalidated
2026-09-21T03:26:55.685616Z DEBUG awase_windows::runtime::ime_refresh: Explicit intent: bypassing typing-idle guard for IME verify (idle=281ms)
2026-09-21T03:26:55.685682Z DEBUG awase_windows::observer::ime_observer: IME snapshot: japanese=Some(true) ime_on=Some(false) romaji=None conv=Some("0x00000010") guard=false
2026-09-21T03:26:55.685784Z DEBUG awase::journal: ime event seq=1290 elapsed_ms=200576 event_kind="ObserverReported"
2026-09-21T03:26:55.685822Z  INFO awase_windows::runtime::ime_refresh: [mode-key-follow] observation arrived after mode key pass: intents invalidated
2026-09-21T03:26:55.747170Z DEBUG awase_windows::runtime::ime_refresh: Skipping observer/SSOT write: typing active (idle=343ms)
2026-09-21T03:26:56.252430Z DEBUG awase_windows::observer::ime_observer: IME snapshot: japanese=Some(true) ime_on=Some(false) romaji=None conv=Some("0x00000010") guard=false
2026-09-21T03:26:56.252510Z DEBUG awase::journal: ime event seq=1291 elapsed_ms=201143 event_kind="ObserverReported"
2026-09-21T03:26:56.755733Z DEBUG awase_windows::observer::ime_observer: IME snapshot: japanese=Some(true) ime_on=Some(false) romaji=None conv=Some("0x00000010") guard=false
2026-09-21T03:26:56.755848Z DEBUG awase::journal: ime event seq=1292 elapsed_ms=201646 event_kind="ObserverReported"
2026-09-21T03:26:57.267611Z DEBUG awase_windows::observer::ime_observer: IME snapshot: japanese=Some(true) ime_on=Some(false) romaji=None conv=Some("0x00000010") guard=false
2026-09-21T03:26:57.267694Z DEBUG awase::journal: ime event seq=1293 elapsed_ms=202158 event_kind="ObserverReported"
2026-09-21T03:26:57.347378Z DEBUG awase_windows::runtime::key_pipeline: [engine-input] vk=0x1D KeyDown ts=202234932us delay=3ms state=Idle mods(c=false s=false a=false w=false) gas_ctrl=false phys_ctrl=false extra=0x5350494B pending_drain=0 gate_active=false l_thumb=Some(202234914) r_thumb=None [dia
2026-09-21T03:26:57.347567Z DEBUG awase::journal: key input seq=1294 elapsed_ms=202238 vk_code=29 is_down=true injected=false key_class="LeftThumb" state_before="Idle" state_after="Idle" decision="PassThrough" physical="Allow" repeat_count=1 last_timestamp_us=202234932 last_elapsed_ms=0
2026-09-21T03:26:57.347757Z  INFO awase_windows::runtime::key_pipeline: [mode-key-follow] mode key PassThrough(vk=0x1D): IME refresh scheduled (20ms)
2026-09-21T03:26:57.348823Z  INFO awase_windows::runtime::key_pipeline: [key-effect-predict] vk=0x1D status=Direct open=Some(true) mode=None
2026-09-21T03:26:57.349012Z DEBUG awase::journal: ime event seq=1295 elapsed_ms=202239 event_kind="KeyEffectPredicted"
2026-09-21T03:26:57.349090Z DEBUG awase::engine::engine: [diag-engine-active] ime_on=true なのに非活性: reason=Inactive(NotRomajiInput) romaji_capable=false japanese=true user_enabled=true was_active=false input_mode=ObservedEisu
2026-09-21T03:26:57.349311Z DEBUG execute_one{generation=None}: awase_windows::runtime::executor: [reinject] vk=0x1d down (queued passthrough now firing)
2026-09-21T03:26:57.359129Z DEBUG awase_windows::tsf::gji_monitor: [gji-io] WRITE: w_ops=+2 w_KB=+0.0 (r_ops=+4 x_ops=+4 x_KB=+0.0)
2026-09-21T03:26:57.376591Z DEBUG awase_windows::runtime::ime_refresh: Explicit intent: bypassing typing-idle guard for IME verify (idle=31ms)
2026-09-21T03:26:57.376651Z DEBUG awase_windows::observer::ime_observer: IME snapshot: japanese=Some(true) ime_on=Some(true) romaji=None conv=Some("0x00000010") guard=false
2026-09-21T03:26:57.376772Z DEBUG reduce: awase_windows::state::ime_model: [key-effect-fence] axis=open stale observation ignored: observed=true predicted=true age_ms=15
2026-09-21T03:26:57.376826Z DEBUG awase::journal: ime event seq=1296 elapsed_ms=202267 event_kind="ObserverReported"
2026-09-21T03:26:57.376910Z DEBUG awase::journal: ime event seq=1297 elapsed_ms=202267 event_kind="ModeKeyPassedThrough"
2026-09-21T03:26:57.376933Z  INFO awase_windows::runtime::ime_refresh: [mode-key-follow] observation arrived after mode key pass: intents invalidated
2026-09-21T03:26:57.377028Z DEBUG awase::engine::engine: [diag-engine-active] ime_on=true なのに非活性: reason=Inactive(NotRomajiInput) romaji_capable=false japanese=true user_enabled=true was_active=false input_mode=ObservedEisu
2026-09-21T03:26:57.439648Z DEBUG awase_windows::runtime::ime_refresh: Explicit intent: bypassing typing-idle guard for IME verify (idle=94ms)
2026-09-21T03:26:57.439699Z DEBUG awase_windows::observer::ime_observer: IME snapshot: japanese=Some(true) ime_on=Some(true) romaji=None conv=Some("0x00000010") guard=false
2026-09-21T03:26:57.439792Z DEBUG reduce: awase_windows::state::ime_model: [key-effect-fence] axis=open stale observation ignored: observed=true predicted=true age_ms=78
2026-09-21T03:26:57.439839Z DEBUG awase::journal: ime event seq=1298 elapsed_ms=202330 event_kind="ObserverReported"
2026-09-21T03:26:57.439877Z  INFO awase_windows::runtime::ime_refresh: [mode-key-follow] observation arrived after mode key pass: intents invalidated
2026-09-21T03:26:57.439953Z DEBUG awase::engine::engine: [diag-engine-active] ime_on=true なのに非活性: reason=Inactive(NotRomajiInput) romaji_capable=false japanese=true user_enabled=true was_active=false input_mode=ObservedEisu
2026-09-21T03:26:57.467959Z DEBUG awase_windows::runtime::key_pipeline: [engine-input] vk=0x1D KeyUp ts=202358600us delay=0ms state=Idle mods(c=false s=false a=false w=false) gas_ctrl=false phys_ctrl=false extra=0x5350494B pending_drain=0 gate_active=false l_thumb=None r_thumb=None [diag-ctx] ime_on
2026-09-21T03:26:57.468008Z DEBUG awase::engine::engine: [diag-engine-active] ime_on=true なのに非活性: reason=Inactive(NotRomajiInput) romaji_capable=false japanese=true user_enabled=true was_active=false input_mode=ObservedEisu
2026-09-21T03:26:57.468079Z DEBUG awase::journal: key input seq=1299 elapsed_ms=202359 vk_code=29 is_down=false injected=false key_class="LeftThumb" state_before="Idle" state_after="Idle" decision="PassThrough" physical="Allow" repeat_count=1 last_timestamp_us=202358600 last_elapsed_ms=0
2026-09-21T03:26:57.468226Z DEBUG execute_one{generation=None}: awase_windows::runtime::executor: [reinject] vk=0x1d up (queued passthrough now firing)
2026-09-21T03:26:57.501799Z DEBUG awase_windows::runtime::ime_refresh: Explicit intent: bypassing typing-idle guard for IME verify (idle=31ms)
2026-09-21T03:26:57.501846Z DEBUG awase_windows::observer::ime_observer: IME snapshot: japanese=Some(true) ime_on=Some(true) romaji=None conv=Some("0x00000010") guard=false
2026-09-21T03:26:57.501982Z DEBUG reduce: awase_windows::state::ime_model: [key-effect-confirmed] axis=open value=true
2026-09-21T03:26:57.502024Z DEBUG awase::journal: ime event seq=1300 elapsed_ms=202392 event_kind="ObserverReported"
2026-09-21T03:26:57.502062Z  INFO awase_windows::runtime::ime_refresh: [mode-key-follow] observation arrived after mode key pass: intents invalidated
2026-09-21T03:26:57.502146Z DEBUG awase::engine::engine: [diag-engine-active] ime_on=true なのに非活性: reason=Inactive(NotRomajiInput) romaji_capable=false japanese=true user_enabled=true was_active=false input_mode=ObservedEisu
2026-09-21T03:26:57.565171Z DEBUG awase_windows::runtime::ime_refresh: Explicit intent: bypassing typing-idle guard for IME verify (idle=94ms)
2026-09-21T03:26:57.565229Z DEBUG awase_windows::observer::ime_observer: IME snapshot: japanese=Some(true) ime_on=Some(true) romaji=None conv=Some("0x00000010") guard=false
2026-09-21T03:26:57.565318Z DEBUG awase::journal: ime event seq=1301 elapsed_ms=202456 event_kind="ObserverReported"
2026-09-21T03:26:57.565351Z  INFO awase_windows::runtime::ime_refresh: [mode-key-follow] observation arrived after mode key pass: intents invalidated
2026-09-21T03:26:57.565420Z DEBUG awase::engine::engine: [diag-engine-active] ime_on=true なのに非活性: reason=Inactive(NotRomajiInput) romaji_capable=false japanese=true user_enabled=true was_active=false input_mode=ObservedEisu
2026-09-21T03:26:57.629160Z DEBUG awase_windows::runtime::ime_refresh: Explicit intent: bypassing typing-idle guard for IME verify (idle=156ms)
2026-09-21T03:26:57.629226Z DEBUG awase_windows::observer::ime_observer: IME snapshot: japanese=Some(true) ime_on=Some(true) romaji=None conv=Some("0x00000010") guard=false
2026-09-21T03:26:57.629330Z DEBUG awase::journal: ime event seq=1302 elapsed_ms=202520 event_kind="ObserverReported"
2026-09-21T03:26:57.629370Z  INFO awase_windows::runtime::ime_refresh: [mode-key-follow] observation arrived after mode key pass: intents invalidated
2026-09-21T03:26:57.629450Z DEBUG awase::engine::engine: [diag-engine-active] ime_on=true なのに非活性: reason=Inactive(NotRomajiInput) romaji_capable=false japanese=true user_enabled=true was_active=false input_mode=ObservedEisu
2026-09-21T03:26:57.693870Z DEBUG awase_windows::runtime::ime_refresh: Skipping observer/SSOT write: typing active (idle=235ms)
2026-09-21T03:26:57.693961Z DEBUG awase::engine::engine: [diag-engine-active] ime_on=true なのに非活性: reason=Inactive(NotRomajiInput) romaji_capable=false japanese=true user_enabled=true was_active=false input_mode=ObservedEisu
2026-09-21T03:26:58.208921Z DEBUG awase_windows::observer::ime_observer: IME snapshot: japanese=Some(true) ime_on=Some(true) romaji=None conv=Some("0x00000010") guard=false
2026-09-21T03:26:58.208998Z DEBUG awase::journal: ime event seq=1303 elapsed_ms=203099 event_kind="ObserverReported"
2026-09-21T03:26:58.209063Z DEBUG awase::engine::engine: [diag-engine-active] ime_on=true なのに非活性: reason=Inactive(NotRomajiInput) romaji_capable=false japanese=true user_enabled=true was_active=false input_mode=ObservedEisu
2026-09-21T03:26:58.722754Z DEBUG awase_windows::observer::ime_observer: IME snapshot: japanese=Some(true) ime_on=Some(true) romaji=None conv=Some("0x00000010") guard=false
2026-09-21T03:26:58.722840Z DEBUG awase::journal: ime event seq=1304 elapsed_ms=203613 event_kind="ObserverReported"
2026-09-21T03:26:58.722906Z DEBUG awase::engine::engine: [diag-engine-active] ime_on=true なのに非活性: reason=Inactive(NotRomajiInput) romaji_capable=false japanese=true user_enabled=true was_active=false input_mode=ObservedEisu
2026-09-21T03:26:59.224367Z DEBUG awase_windows::observer::ime_observer: IME snapshot: japanese=Some(true) ime_on=Some(true) romaji=None conv=Some("0x00000010") guard=false
2026-09-21T03:26:59.224487Z DEBUG awase::journal: ime event seq=1305 elapsed_ms=204115 event_kind="ObserverReported"
2026-09-21T03:26:59.224578Z DEBUG awase::engine::engine: [diag-engine-active] ime_on=true なのに非活性: reason=Inactive(NotRomajiInput) romaji_capable=false japanese=true user_enabled=true was_active=false input_mode=ObservedEisu
2026-09-21T03:26:59.741660Z DEBUG awase_windows::observer::ime_observer: IME snapshot: japanese=Some(true) ime_on=Some(true) romaji=None conv=Some("0x00000010") guard=false
2026-09-21T03:26:59.741776Z DEBUG awase::journal: ime event seq=1306 elapsed_ms=204632 event_kind="ObserverReported"
2026-09-21T03:26:59.741867Z DEBUG awase::engine::engine: [diag-engine-active] ime_on=true なのに非活性: reason=Inactive(NotRomajiInput) romaji_capable=false japanese=true user_enabled=true was_active=false input_mode=ObservedEisu
2026-09-21T03:27:00.245767Z DEBUG awase_windows::observer::ime_observer: IME snapshot: japanese=Some(true) ime_on=Some(true) romaji=None conv=Some("0x00000010") guard=false
2026-09-21T03:27:00.245837Z DEBUG awase::journal: ime event seq=1307 elapsed_ms=205136 event_kind="ObserverReported"
2026-09-21T03:27:00.245893Z DEBUG awase::engine::engine: [diag-engine-active] ime_on=true なのに非活性: reason=Inactive(NotRomajiInput) romaji_capable=false japanese=true user_enabled=true was_active=false input_mode=ObservedEisu
2026-09-21T03:27:00.489300Z DEBUG awase_windows::tsf::gji_monitor: [gji-io] WRITE: w_ops=+2 w_KB=+0.0 (r_ops=+3 x_ops=+11 x_KB=+0.0)
2026-09-21T03:27:00.521831Z DEBUG awase_windows::tsf::gji_monitor: [gji-io] WRITE: w_ops=+3 w_KB=+576.3 (r_ops=+0 x_ops=+83 x_KB=+0.0)
2026-09-21T03:27:00.741263Z DEBUG awase_windows::runtime: [focus-sync] hwnd=0x2A02F8 class="HwndWrapper[pushbullet_client.exe;;94662a1e-13a2-4b0b-bd32-53ed4716af73]" app_kind=Win32 hint=Default → mode=Unicode
2026-09-21T03:27:00.741344Z DEBUG awase_windows::tsf::tsf_gate: [tsf-gate] focus change → PendingWarmup (held cleared)
2026-09-21T03:27:00.754078Z DEBUG awase_windows::tsf::gji_monitor: [gji-io] WRITE: w_ops=+1 w_KB=+0.0 (r_ops=+2 x_ops=+2 x_KB=+0.0)
2026-09-21T03:27:00.779567Z DEBUG apply_focus_probe_result: awase_windows::runtime::focus_tracking: Focus kind changed: TextInput → Undetermined (reason=Undetermined)
2026-09-21T03:27:00.779781Z DEBUG apply_focus_probe_result: awase::journal: focus transition seq=1308 elapsed_ms=205670 changed_process=true changed_window=true changed_app_kind=false changed_focus_kind=true dwell_ms=195828 profile="ImmCross"
2026-09-21T03:27:00.780058Z  INFO apply_focus_probe_result: awase_windows::runtime::focus_tracking: FocusChange [22816→2116] HwndWrapper[pushbullet_client.exe;;94662a1e-13a2-4b0b-bd32-53ed4716af73]: stale ime_on=true intent=None mode=ObservedEisu japanese=true
2026-09-21T03:27:00.780100Z DEBUG apply_focus_probe_result: awase_windows::tsf::probe: [composition] focus changed → marked cold
2026-09-21T03:27:00.780126Z DEBUG apply_focus_probe_result: awase_windows::runtime: [keymap] active rules recomputed: 0 rule(s) for process="pushbullet_client.exe"
2026-09-21T03:27:00.780147Z DEBUG apply_focus_probe_result: awase_windows::runtime::focus_tracking: [keymap] active rules updated on focus change: 0 rule(s) (hwnd=HWND(0x2a02f8) kind=Undetermined focus_epoch=3)
2026-09-21T03:27:00.780188Z DEBUG apply_focus_probe_result:reduce: awase_windows::state::ime_model: [explicit-intent] cleared (focus change)
2026-09-21T03:27:00.780222Z DEBUG apply_focus_probe_result: awase::journal: ime event seq=1309 elapsed_ms=205671 event_kind="FocusChanged"
2026-09-21T03:27:00.780285Z DEBUG apply_focus_probe_result: awase_windows::runtime::focus_tracking: [focus] Imm32Unavailable hard pre-sync applied=true (prevent spurious VK_KANJI on first character key)
2026-09-21T03:27:00.780329Z DEBUG apply_focus_probe_result:gji_on_event{event=ImeOn { injection_mode: Unicode, gji_idle_ms: 32 }}: awase_windows::tsf::gji_fsm: [gji-fsm] ImeOn gji_idle=32ms → Short
2026-09-21T03:27:00.780375Z DEBUG apply_focus_probe_result: awase_windows::platform: [gji-fsm] StartProbe probe_id=ProbeId(7) forces_f2=false long=false
2026-09-21T03:27:00.780706Z DEBUG apply_focus_probe_result: awase::journal: gji fsm transition seq=1310 elapsed_ms=205671 trigger="ImeOn(gji_idle_ms=32)" state_before="OffCold" state_after="OnCold(Short)"
2026-09-21T03:27:00.780735Z DEBUG apply_focus_probe_result: awase::journal: tsf probe started seq=1311 elapsed_ms=205671 source="GjiAction::StartProbe" cold_seq=0 probe_id=7 probe_id_present=true gji_state="OnCold(Short)" consecutive_at_start=0 pending_deferred_len=0
2026-09-21T03:27:00.780762Z DEBUG apply_focus_probe_result: awase::journal: gji fsm transition seq=1312 elapsed_ms=205671 trigger="WarmupComplete(unicode)" state_before="OnCold(Short)" state_after="OnWarm"
2026-09-21T03:27:00.780783Z DEBUG apply_focus_probe_result: awase::journal: tsf probe completed seq=1313 elapsed_ms=205671 outcome="UnicodeImmediate" cold_seq=18446744073709551615 cold_seq_present=false probe_id=7 probe_id_present=true duration_ms=0 tick_count=0 gji_state="OnWarm"
2026-09-21T03:27:00.781344Z DEBUG awase::engine::engine: [diag-engine-active] ime_on=true なのに非活性: reason=Inactive(NotRomajiInput) romaji_capable=false japanese=true user_enabled=true was_active=false input_mode=ObservedEisu
2026-09-21T03:27:00.781509Z  INFO awase_windows::observer::ime_observer: IME input method changed: ObservedEisu → AssumedRomaji (conv=0x00000009, GJI/ImmCross stale recovery)
2026-09-21T03:27:00.781531Z DEBUG awase_windows::observer::ime_observer: IME snapshot: japanese=Some(true) ime_on=Some(false) romaji=None conv=Some("0x00000009") guard=false
2026-09-21T03:27:00.781706Z DEBUG awase::journal: ime event seq=1314 elapsed_ms=205672 event_kind="ObserverReported"
2026-09-21T03:27:00.781771Z DEBUG awase::journal: ime event seq=1315 elapsed_ms=205672 event_kind="InputModeObserved"
2026-09-21T03:27:00.781809Z  INFO awase_windows::runtime::ime_refresh: ObserverPoll +0ms since focus: ime_on true → false(intent=None) mode ObservedEisu → AssumedRomaji { reason: AppKindExcluded }
2026-09-21T03:27:00.784285Z DEBUG awase_windows::ime_diagnostic: [ime-diag] label=focus_changed t=53231828 hwnd=0x0 pid=0 tid=2072 class="" hkl=04110411 lang=0411 imm_bridge=true imc_open=- imc_conv=- shadow_on=false shadow_romaji=false shadow_jp=false inject=Unknown dt_focus_ms=- dt_activity_ms=-
2026-09-21T03:27:00.784330Z DEBUG awase_windows::runtime::ime_refresh: [composition] focus change → marking cold
2026-09-21T03:27:00.784366Z DEBUG awase_windows::tsf::probe: [composition] marked cold reason=FocusChange idle=15000ms → next VK/TSF output will send VK_DBE_HIRAGANA warmup
2026-09-21T03:27:00.784437Z DEBUG gji_on_event{event=FocusChange { injection_mode: Unicode, gji_idle_ms: 32 }}: awase_windows::tsf::gji_fsm: [gji-fsm] FocusChange gji_idle=32ms → Short
2026-09-21T03:27:00.784619Z DEBUG awase_windows::platform: [gji-fsm] StartProbe probe_id=ProbeId(8) forces_f2=false long=false
2026-09-21T03:27:00.784952Z DEBUG awase_windows::tsf::ime_mode_fsm: [ime-mode] FocusChange → Unknown
2026-09-21T03:27:00.785048Z DEBUG awase::journal: gji fsm transition seq=1316 elapsed_ms=205675 trigger="FocusChange(gji_idle_ms=32)" state_before="OnWarm" state_after="OnCold(Short)"
2026-09-21T03:27:00.785084Z DEBUG awase::journal: tsf probe started seq=1317 elapsed_ms=205675 source="GjiAction::StartProbe" cold_seq=0 probe_id=8 probe_id_present=true gji_state="OnCold(Short)" consecutive_at_start=0 pending_deferred_len=0
2026-09-21T03:27:00.785110Z DEBUG awase::journal: gji fsm transition seq=1318 elapsed_ms=205675 trigger="WarmupComplete(unicode)" state_before="OnCold(Short)" state_after="OnWarm"
2026-09-21T03:27:00.785131Z DEBUG awase::journal: tsf probe completed seq=1319 elapsed_ms=205675 outcome="UnicodeImmediate" cold_seq=18446744073709551615 cold_seq_present=false probe_id=8 probe_id_present=true duration_ms=0 tick_count=0 gji_state="OnWarm"
2026-09-21T03:27:00.785174Z DEBUG awase_windows::runtime::ime_refresh: [composition] FocusChange: send_eager_tsf_warmup called (ime_on via warmup_ime_on())
2026-09-21T03:27:00.785198Z DEBUG awase_windows::ime_controller: [warrant-shadow] chain=set_ime_open open=false origin=EventOrigin { source: SelfActuated { strategy: "focus_change_enforce_off" }, epoch: Generation(0) } warranted
2026-09-21T03:27:00.785349Z DEBUG awase_windows::runtime::ime_refresh: [composition] FocusChange: set_ime_open(false) sent=true (applied_open OFF → enforce IME OFF on new window; ADR-090 A-2: sent=false means warrant was refused, no write happened)
2026-09-21T03:27:00.791280Z DEBUG awase_windows::ime: [idle-conv-check-diag] focused_hwnd=HWND(0x2a02f8) ime_wnd=Some(HWND(0x402ee))
2026-09-21T03:27:00.792886Z DEBUG set_ime_open_cross_process{open=false}: awase_windows::shadow_send_trace: [shadow-send] channel=ImeControl cmd=0x0006 lparam=0 issue_us=205682944
2026-09-21T03:27:00.792911Z DEBUG set_ime_open_cross_process{open=false}: awase_windows::ime: set_ime_open_for_target: hwnd=HWND(0x2a02f8) ime_wnd=HWND(0x402ee) open=false success=true send_elapsed=0ms candidate_visible=false
2026-09-21T03:27:00.792953Z DEBUG awase_windows::platform: [ime-mode] FocusProbe: checkpoint3でGJI actuationとの交錯を検知 → hint更新をabandon
2026-09-21T03:27:00.794264Z DEBUG awase::journal: ime event seq=1320 elapsed_ms=205685 event_kind="ObserverReported"
2026-09-21T03:27:00.794294Z DEBUG awase_windows::runtime::focus_tracking: [ImmCrossProbe/focus] child-hwnd IME=false → High confidence 観測記録
2026-09-21T03:27:01.294137Z DEBUG awase_windows::observer::ime_observer: IME snapshot: japanese=Some(true) ime_on=Some(false) romaji=None conv=Some("0x00000009") guard=false
2026-09-21T03:27:01.294223Z DEBUG awase::journal: ime event seq=1321 elapsed_ms=206185 event_kind="ObserverReported"
2026-09-21T03:27:01.294389Z  WARN ir_apply_drift_correction: awase_windows::runtime::ime_refresh: [drift] correction: observed=false ≠ desired=true for 512ms → set_ime_open(true) (source=ImmCrossProbe confidence=High)
2026-09-21T03:27:01.294435Z DEBUG ir_apply_drift_correction: awase::journal: ime actuation seq=1322 elapsed_ms=206185 target_open=true attempts=0 policy="Read" action="Send"
2026-09-21T03:27:01.294483Z DEBUG ir_apply_drift_correction: awase::journal: ime event seq=1323 elapsed_ms=206185 event_kind="DriftDetected"
2026-09-21T03:27:01.294537Z  INFO ir_apply_drift_correction: awase_windows::ime_controller: [warrant-shadow] chain=set_ime_open open=true origin=EventOrigin { source: SelfActuated { strategy: "drift_correction_read" }, epoch: Generation(0) } would_have_blocked=true (A-1 shadow: 書き込みは止めない。A-2 で強制する際の
2026-09-21T03:27:01.797148Z DEBUG awase_windows::observer::ime_observer: IME snapshot: japanese=Some(true) ime_on=Some(false) romaji=None conv=Some("0x00000009") guard=false
2026-09-21T03:27:01.797216Z DEBUG awase::journal: ime event seq=1324 elapsed_ms=206688 event_kind="ObserverReported"
2026-09-21T03:27:01.797301Z  WARN ir_apply_drift_correction: awase_windows::runtime::ime_refresh: [drift] correction: observed=false ≠ desired=true for 1015ms → set_ime_open(true) (source=ImmCrossProbe confidence=High)
2026-09-21T03:27:01.797356Z DEBUG ir_apply_drift_correction: awase::journal: ime actuation seq=1325 elapsed_ms=206688 target_open=true attempts=1 policy="Read" action="Send"
2026-09-21T03:27:01.797383Z DEBUG ir_apply_drift_correction: awase::journal: ime event seq=1326 elapsed_ms=206688 event_kind="DriftDetected"
2026-09-21T03:27:01.797418Z  INFO ir_apply_drift_correction: awase_windows::ime_controller: [warrant-shadow] chain=set_ime_open open=true origin=EventOrigin { source: SelfActuated { strategy: "drift_correction_read" }, epoch: Generation(1) } would_have_blocked=true (A-1 shadow: 書き込みは止めない。A-2 で強制する際の
2026-09-21T03:27:02.301537Z DEBUG awase_windows::observer::ime_observer: IME snapshot: japanese=Some(true) ime_on=Some(false) romaji=None conv=Some("0x00000009") guard=false
2026-09-21T03:27:02.301622Z DEBUG awase::journal: ime event seq=1327 elapsed_ms=207192 event_kind="ObserverReported"
2026-09-21T03:27:02.816150Z DEBUG awase_windows::observer::ime_observer: IME snapshot: japanese=Some(true) ime_on=Some(false) romaji=None conv=Some("0x00000009") guard=false
2026-09-21T03:27:02.816212Z DEBUG awase::journal: ime event seq=1328 elapsed_ms=207707 event_kind="ObserverReported"
2026-09-21T03:27:03.315128Z DEBUG awase_windows::observer::ime_observer: IME snapshot: japanese=Some(true) ime_on=Some(false) romaji=None conv=Some("0x00000009") guard=false
2026-09-21T03:27:03.315201Z DEBUG awase::journal: ime event seq=1329 elapsed_ms=208206 event_kind="ObserverReported"
2026-09-21T03:27:03.815377Z DEBUG awase_windows::observer::ime_observer: IME snapshot: japanese=Some(true) ime_on=Some(false) romaji=None conv=Some("0x00000009") guard=false
2026-09-21T03:27:03.815462Z DEBUG awase::journal: ime event seq=1330 elapsed_ms=208706 event_kind="ObserverReported"
2026-09-21T03:27:04.316847Z DEBUG awase_windows::observer::ime_observer: IME snapshot: japanese=Some(true) ime_on=Some(false) romaji=None conv=Some("0x00000009") guard=false
2026-09-21T03:27:04.316911Z DEBUG awase::journal: ime event seq=1331 elapsed_ms=209207 event_kind="ObserverReported"
2026-09-21T03:27:04.822156Z DEBUG awase_windows::observer::ime_observer: IME snapshot: japanese=Some(true) ime_on=Some(false) romaji=None conv=Some("0x00000009") guard=false
2026-09-21T03:27:04.822218Z DEBUG awase::journal: ime event seq=1332 elapsed_ms=209713 event_kind="ObserverReported"
2026-09-21T03:27:05.183973Z  WARN awase_windows::runtime::message_handlers: Hook watchdog: no activity for 7719ms (OS全体の最終入力は7719ms前、OSも無操作のため単なるアイドルの可能性が高い)
2026-09-21T03:27:05.333390Z DEBUG awase_windows::observer::ime_observer: IME snapshot: japanese=Some(true) ime_on=Some(false) romaji=None conv=Some("0x00000009") guard=false
2026-09-21T03:27:05.333446Z DEBUG awase::journal: ime event seq=1333 elapsed_ms=210224 event_kind="ObserverReported"
2026-09-21T03:27:05.852021Z DEBUG awase_windows::observer::ime_observer: IME snapshot: japanese=Some(true) ime_on=Some(false) romaji=None conv=Some("0x00000009") guard=false
2026-09-21T03:27:05.852127Z DEBUG awase::journal: ime event seq=1334 elapsed_ms=210743 event_kind="ObserverReported"
2026-09-21T03:27:06.371164Z DEBUG awase_windows::observer::ime_observer: IME snapshot: japanese=Some(true) ime_on=Some(false) romaji=None conv=Some("0x00000009") guard=false
2026-09-21T03:27:06.371226Z DEBUG awase::journal: ime event seq=1335 elapsed_ms=211262 event_kind="ObserverReported"
2026-09-21T03:27:06.883039Z DEBUG awase_windows::observer::ime_observer: IME snapshot: japanese=Some(true) ime_on=Some(false) romaji=None conv=Some("0x00000009") guard=false
2026-09-21T03:27:06.883105Z DEBUG awase::journal: ime event seq=1336 elapsed_ms=211774 event_kind="ObserverReported"
2026-09-21T03:27:07.406065Z DEBUG awase_windows::observer::ime_observer: IME snapshot: japanese=Some(true) ime_on=Some(false) romaji=None conv=Some("0x00000009") guard=false
2026-09-21T03:27:07.406150Z DEBUG awase::journal: ime event seq=1337 elapsed_ms=212297 event_kind="ObserverReported"
2026-09-21T03:27:07.916792Z DEBUG awase_windows::observer::ime_observer: IME snapshot: japanese=Some(true) ime_on=Some(false) romaji=None conv=Some("0x00000009") guard=false
2026-09-21T03:27:07.916859Z DEBUG awase::journal: ime event seq=1338 elapsed_ms=212807 event_kind="ObserverReported"
2026-09-21T03:27:08.190702Z  WARN awase_windows::runtime::message_handlers: Hook watchdog: no activity for 10719ms (OS全体の最終入力は10719ms前、OSも無操作のため単なるアイドルの可能性が高い)
2026-09-21T03:27:08.436643Z DEBUG awase_windows::observer::ime_observer: IME snapshot: japanese=Some(true) ime_on=Some(false) romaji=None conv=Some("0x00000009") guard=false
2026-09-21T03:27:08.436709Z DEBUG awase::journal: ime event seq=1339 elapsed_ms=213327 event_kind="ObserverReported"
2026-09-21T03:27:08.946299Z DEBUG awase_windows::observer::ime_observer: IME snapshot: japanese=Some(true) ime_on=Some(false) romaji=None conv=Some("0x00000009") guard=false
2026-09-21T03:27:08.946389Z DEBUG awase::journal: ime event seq=1340 elapsed_ms=213837 event_kind="ObserverReported"
2026-09-21T03:27:09.458297Z DEBUG awase_windows::observer::ime_observer: IME snapshot: japanese=Some(true) ime_on=Some(false) romaji=None conv=Some("0x00000009") guard=false
2026-09-21T03:27:09.458363Z DEBUG awase::journal: ime event seq=1341 elapsed_ms=214349 event_kind="ObserverReported"
2026-09-21T03:27:09.975759Z DEBUG awase_windows::observer::ime_observer: IME snapshot: japanese=Some(true) ime_on=Some(false) romaji=None conv=Some("0x00000009") guard=false
2026-09-21T03:27:09.975824Z DEBUG awase::journal: ime event seq=1342 elapsed_ms=214866 event_kind="ObserverReported"
2026-09-21T03:27:10.492888Z DEBUG awase_windows::observer::ime_observer: IME snapshot: japanese=Some(true) ime_on=Some(false) romaji=None conv=Some("0x00000009") guard=false
2026-09-21T03:27:10.492949Z DEBUG awase::journal: ime event seq=1343 elapsed_ms=215383 event_kind="ObserverReported"
2026-09-21T03:27:10.780443Z DEBUG awase_windows::tsf::gji_fsm: [gji-fsm] LongIdle timeout → OnCold(Long, NotStarted)
2026-09-21T03:27:10.780494Z DEBUG awase::journal: gji fsm transition seq=1344 elapsed_ms=215671 trigger="LongIdleTimeout" state_before="OnWarm" state_after="OnCold(Long)"
2026-09-21T03:27:11.006324Z DEBUG awase_windows::observer::ime_observer: IME snapshot: japanese=Some(true) ime_on=Some(false) romaji=None conv=Some("0x00000009") guard=false
2026-09-21T03:27:11.006412Z DEBUG awase::journal: ime event seq=1345 elapsed_ms=215897 event_kind="ObserverReported"
2026-09-21T03:27:11.187233Z  WARN awase_windows::runtime::message_handlers: Hook watchdog: no activity for 13719ms (OS全体の最終入力は13719ms前、OSも無操作のため単なるアイドルの可能性が高い)
2026-09-21T03:27:11.524337Z DEBUG awase_windows::observer::ime_observer: IME snapshot: japanese=Some(true) ime_on=Some(false) romaji=None conv=Some("0x00000009") guard=false
2026-09-21T03:27:11.524425Z DEBUG awase::journal: ime event seq=1346 elapsed_ms=216415 event_kind="ObserverReported"
2026-09-21T03:27:12.039785Z DEBUG awase_windows::observer::ime_observer: IME snapshot: japanese=Some(true) ime_on=Some(false) romaji=None conv=Some("0x00000009") guard=false
2026-09-21T03:27:12.039853Z DEBUG awase::journal: ime event seq=1347 elapsed_ms=216930 event_kind="ObserverReported"
2026-09-21T03:27:12.559394Z DEBUG awase_windows::observer::ime_observer: IME snapshot: japanese=Some(true) ime_on=Some(false) romaji=None conv=Some("0x00000009") guard=false
2026-09-21T03:27:12.559532Z DEBUG awase::journal: ime event seq=1348 elapsed_ms=217450 event_kind="ObserverReported"
2026-09-21T03:27:13.076867Z DEBUG awase_windows::observer::ime_observer: IME snapshot: japanese=Some(true) ime_on=Some(false) romaji=None conv=Some("0x00000009") guard=false
2026-09-21T03:27:13.076936Z DEBUG awase::journal: ime event seq=1349 elapsed_ms=217967 event_kind="ObserverReported"
2026-09-21T03:27:13.589087Z DEBUG awase_windows::observer::ime_observer: IME snapshot: japanese=Some(true) ime_on=Some(false) romaji=None conv=Some("0x00000009") guard=false
2026-09-21T03:27:13.589193Z DEBUG awase::journal: ime event seq=1350 elapsed_ms=218480 event_kind="ObserverReported"
2026-09-21T03:27:14.109065Z DEBUG awase_windows::observer::ime_observer: IME snapshot: japanese=Some(true) ime_on=Some(false) romaji=None conv=Some("0x00000009") guard=false
2026-09-21T03:27:14.109189Z DEBUG awase::journal: ime event seq=1351 elapsed_ms=219000 event_kind="ObserverReported"
2026-09-21T03:27:14.188838Z  WARN awase_windows::runtime::message_handlers: Hook watchdog: no activity for 16719ms (OS全体の最終入力は16719ms前、OSも無操作のため単なるアイドルの可能性が高い)
2026-09-21T03:27:14.621639Z DEBUG awase_windows::observer::ime_observer: IME snapshot: japanese=Some(true) ime_on=Some(false) romaji=None conv=Some("0x00000009") guard=false
2026-09-21T03:27:14.621746Z DEBUG awase::journal: ime event seq=1352 elapsed_ms=219512 event_kind="ObserverReported"
2026-09-21T03:27:15.124194Z DEBUG awase_windows::observer::ime_observer: IME snapshot: japanese=Some(true) ime_on=Some(false) romaji=None conv=Some("0x00000009") guard=false
2026-09-21T03:27:15.124295Z DEBUG awase::journal: ime event seq=1353 elapsed_ms=220015 event_kind="ObserverReported"
2026-09-21T03:27:15.629493Z DEBUG awase_windows::observer::ime_observer: IME snapshot: japanese=Some(true) ime_on=Some(false) romaji=None conv=Some("0x00000009") guard=false
2026-09-21T03:27:15.629558Z DEBUG awase::journal: ime event seq=1354 elapsed_ms=220520 event_kind="ObserverReported"
2026-09-21T03:27:16.145212Z DEBUG awase_windows::observer::ime_observer: IME snapshot: japanese=Some(true) ime_on=Some(false) romaji=None conv=Some("0x00000009") guard=false
2026-09-21T03:27:16.145300Z DEBUG awase::journal: ime event seq=1355 elapsed_ms=221036 event_kind="ObserverReported"
2026-09-21T03:27:16.663771Z DEBUG awase_windows::observer::ime_observer: IME snapshot: japanese=Some(true) ime_on=Some(false) romaji=None conv=Some("0x00000009") guard=false
2026-09-21T03:27:16.663860Z DEBUG awase::journal: ime event seq=1356 elapsed_ms=221554 event_kind="ObserverReported"
2026-09-21T03:27:17.181949Z DEBUG awase_windows::observer::ime_observer: IME snapshot: japanese=Some(true) ime_on=Some(false) romaji=None conv=Some("0x00000009") guard=false
2026-09-21T03:27:17.182038Z DEBUG awase::journal: ime event seq=1357 elapsed_ms=222073 event_kind="ObserverReported"
2026-09-21T03:27:17.182430Z  WARN awase_windows::runtime::message_handlers: Hook watchdog: no activity for 19719ms (OS全体の最終入力は19719ms前、OSも無操作のため単なるアイドルの可能性が高い)
script error: Output type incorrect: bool (expecting ())
