2026-09-20T14:24:22.009725Z DEBUG awase_windows::runtime: [focus-sync] hwnd=0x13034E class="ImeKeyMatrixSpikeWindowClass" app_kind=Win32 hint=Default → mode=Unicode
2026-09-20T14:24:22.009784Z DEBUG awase_windows::tsf::tsf_gate: [tsf-gate] focus change → PendingWarmup (held cleared)
2026-09-20T14:24:22.075271Z DEBUG awase_windows::runtime: [focus-sync] hwnd=0x15009C class="Edit" app_kind=Win32 hint=Default → mode=Unicode
2026-09-20T14:24:22.075306Z DEBUG awase_windows::output: [tsf-gate] focus change while PendingWarmup — held バッファを保持して再初期化スキップ (Chrome等の連続フォーカスイベント対策)
2026-09-20T14:24:22.102994Z  INFO apply_focus_probe_result: awase_windows::runtime::focus_tracking: AppKind changed: Uwp → Win32 (class=Edit)
2026-09-20T14:24:22.104340Z DEBUG apply_focus_probe_result: awase_windows::runtime::focus_tracking: Focus kind changed: Undetermined → TextInput (reason=KnownTextClass(Edit))
2026-09-20T14:24:22.104505Z DEBUG apply_focus_probe_result: awase::journal: focus transition seq=11 elapsed_ms=6044 changed_process=true changed_window=true changed_app_kind=true changed_focus_kind=true dwell_ms=5969 profile="ImmCross"
2026-09-20T14:24:22.104703Z  INFO apply_focus_probe_result: awase_windows::runtime::focus_tracking: FocusChange [19092→19956] Edit: stale ime_on=true intent=None mode=ObservedRomaji japanese=true
2026-09-20T14:24:22.104721Z DEBUG apply_focus_probe_result: awase_windows::tsf::probe: [composition] focus changed → marked cold
2026-09-20T14:24:22.104732Z DEBUG apply_focus_probe_result: awase_windows::runtime: [keymap] active rules recomputed: 0 rule(s) for process="ime_key_matrix_spike.exe"
2026-09-20T14:24:22.104740Z DEBUG apply_focus_probe_result: awase_windows::runtime::focus_tracking: [keymap] active rules updated on focus change: 0 rule(s) (hwnd=HWND(0x15009c) kind=TextInput focus_epoch=2)
2026-09-20T14:24:22.104757Z DEBUG apply_focus_probe_result:reduce: awase_windows::state::ime_model: [explicit-intent] cleared (focus change)
2026-09-20T14:24:22.104770Z DEBUG apply_focus_probe_result: awase::journal: ime event seq=12 elapsed_ms=6044 event_kind="FocusChanged"
2026-09-20T14:24:22.104797Z DEBUG apply_focus_probe_result: awase_windows::runtime::focus_tracking: [focus] Imm32Unavailable hard pre-sync applied=true (prevent spurious VK_KANJI on first character key)
2026-09-20T14:24:22.106551Z DEBUG awase_windows::observer::ime_observer: IME snapshot: japanese=Some(true) ime_on=Some(false) romaji=Some(true) conv=Some("0x00000019") guard=false
2026-09-20T14:24:22.106621Z DEBUG awase::journal: ime event seq=13 elapsed_ms=6046 event_kind="ObserverReported"
2026-09-20T14:24:22.106635Z DEBUG awase::journal: ime event seq=14 elapsed_ms=6046 event_kind="InputModeObserved"
2026-09-20T14:24:22.106650Z  INFO awase_windows::runtime::ime_refresh: ObserverPoll +0ms since focus: ime_on true → false(intent=None) 
2026-09-20T14:24:22.109769Z DEBUG awase_windows::ime_diagnostic: [ime-diag] label=focus_changed t=6273156 hwnd=0x0 pid=0 tid=17720 class="" hkl=04110411 lang=0411 imm_bridge=true imc_open=- imc_conv=- shadow_on=false shadow_romaji=false shadow_jp=false inject=Unknown dt_focus_ms=- dt_activity_ms=-
2026-09-20T14:24:22.109852Z DEBUG awase_windows::runtime::ime_refresh: [composition] focus change → marking cold
2026-09-20T14:24:22.109906Z DEBUG awase_windows::tsf::probe: [composition] marked cold reason=FocusChange idle=18446744073709551615ms → next VK/TSF output will send VK_DBE_HIRAGANA warmup
2026-09-20T14:24:22.110071Z DEBUG awase_windows::tsf::ime_mode_fsm: [ime-mode] FocusChange → Unknown
2026-09-20T14:24:22.110447Z DEBUG awase::journal: gji fsm transition seq=7 elapsed_ms=88 trigger="ImeOn(gji_idle_ms=6267203)" state_before="OffCold" state_after="OnCold(Long)"
2026-09-20T14:24:22.110516Z DEBUG awase::journal: tsf probe started seq=8 elapsed_ms=88 source="GjiAction::StartProbe" cold_seq=0 probe_id=0 probe_id_present=true gji_state="OnCold(Long)" consecutive_at_start=0 pending_deferred_len=0
2026-09-20T14:24:22.110541Z DEBUG awase::journal: gji fsm transition seq=15 elapsed_ms=6050 trigger="FocusChange(gji_idle_ms=5953)" state_before="MsImeStrategy" state_after="MsImeStrategy"
2026-09-20T14:24:22.110586Z DEBUG awase_windows::runtime::ime_refresh: [composition] FocusChange: send_eager_tsf_warmup called (ime_on via warmup_ime_on())
2026-09-20T14:24:22.110611Z DEBUG awase_windows::ime_controller: [warrant-shadow] chain=set_ime_open open=false origin=EventOrigin { source: SelfActuated { strategy: "focus_change_enforce_off" }, epoch: Generation(0) } warranted
2026-09-20T14:24:22.110955Z DEBUG awase_windows::runtime::ime_refresh: [composition] FocusChange: set_ime_open(false) sent=true (applied_open OFF → enforce IME OFF on new window; ADR-090 A-2: sent=false means warrant was refused, no write happened)
2026-09-20T14:24:22.111434Z  INFO awase::engine::engine: Engine deactivated (ime=false, romaji=true, japanese=true, user=true, reason=Inactive(ImeOff))
2026-09-20T14:24:22.111522Z DEBUG execute_from_loop: awase_windows::runtime::executor: [focus-settle] SetOpen(false) effect stripped from decision (focus transition barrier still settling)
2026-09-20T14:24:22.124513Z DEBUG execute_from_loop:execute_one{generation=None}: awase_windows::platform: [engine-state-key] suppressed (polling/focus-triggered, enabled=false)
2026-09-20T14:24:22.125150Z DEBUG awase_windows::runtime: [focus-settle] SetOpen stripped from execute_from_loop decision → 150ms 後に refresh で再試行
2026-09-20T14:24:22.126555Z  WARN awase_windows::runtime::message_handlers: Hook watchdog: no activity for 5984ms (OS全体の最終入力は5984ms前、OSも無操作のため単なるアイドルの可能性が高い)
2026-09-20T14:24:22.129566Z DEBUG awase_windows::ime: [idle-conv-check-diag] focused_hwnd=HWND(0x15009c) ime_wnd=Some(HWND(0x2406fe))
2026-09-20T14:24:22.130427Z DEBUG awase_windows::platform: [ime-mode] FocusProbe: checkpoint3でGJI actuationとの交錯を検知 → hint更新をabandon
2026-09-20T14:24:22.130449Z DEBUG set_ime_open_cross_process{open=false}: awase_windows::shadow_send_trace: [shadow-send] channel=ImeControl cmd=0x0006 lparam=0 issue_us=6070388
2026-09-20T14:24:22.130494Z DEBUG set_ime_open_cross_process{open=false}: awase_windows::ime: set_ime_open_for_target: hwnd=HWND(0x15009c) ime_wnd=HWND(0x2406fe) open=false success=true send_elapsed=0ms candidate_visible=false
2026-09-20T14:24:22.131048Z DEBUG awase::journal: ime event seq=16 elapsed_ms=6071 event_kind="ObserverReported"
2026-09-20T14:24:22.131102Z DEBUG awase_windows::runtime::focus_tracking: [ImmCrossProbe/focus] child-hwnd IME=false → High confidence 観測記録
2026-09-20T14:24:22.181906Z DEBUG awase_windows::runtime: [focus-sync] hwnd=0x110648 class="RICHEDIT50W" app_kind=Win32 hint=Default → mode=Unicode
2026-09-20T14:24:22.182022Z DEBUG awase_windows::tsf::tsf_gate: [tsf-gate] focus change → PendingWarmup (held cleared)
2026-09-20T14:24:22.200886Z DEBUG awase_windows::runtime: [focus-sync] hwnd=0x15009C class="Edit" app_kind=Win32 hint=Default → mode=Unicode
2026-09-20T14:24:22.200989Z DEBUG awase_windows::output: [tsf-gate] focus change while PendingWarmup — held バッファを保持して再初期化スキップ (Chrome等の連続フォーカスイベント対策)
2026-09-20T14:24:22.257589Z DEBUG awase_windows::observer::ime_observer: IME snapshot: japanese=Some(true) ime_on=Some(false) romaji=Some(true) conv=Some("0x00000019") guard=false
2026-09-20T14:24:22.257633Z DEBUG awase::journal: ime event seq=17 elapsed_ms=6197 event_kind="ObserverReported"
2026-09-20T14:24:22.257650Z DEBUG awase::journal: ime event seq=18 elapsed_ms=6197 event_kind="InputModeObserved"
2026-09-20T14:24:22.602601Z DEBUG awase_windows::hook: [hook] IME-mode vk=0xF0 up self_injected=false injected=false scan=0x70 extra=0x5350494B since_actuation_us=Some(6461013)
2026-09-20T14:24:22.602922Z DEBUG awase::journal: hook ime-mode diagnostic seq=19 elapsed_ms=6542 vk_code=240 is_down=false self_injected=false injected=false scan=112
2026-09-20T14:24:22.602957Z DEBUG awase_windows::hook: [hook] IME-mode vk=0xF2 down self_injected=false injected=true scan=0x70 extra=0x5350494B since_actuation_us=Some(6461379)
2026-09-20T14:24:22.615609Z DEBUG awase_windows::runtime::key_pipeline: [engine-input] vk=0xF0 KeyUp ts=6543339us delay=11ms state=Idle mods(c=false s=false a=false w=false) gas_ctrl=false phys_ctrl=false extra=0x5350494B pending_drain=0 gate_active=false l_thumb=None r_thumb=None [diag-ctx] ime_on=
2026-09-20T14:24:22.617148Z DEBUG awase::journal: key input seq=20 elapsed_ms=6557 vk_code=240 is_down=false injected=false key_class="Passthrough" state_before="Idle" state_after="Idle" decision="PassThrough" physical="Suppress" repeat_count=1 last_timestamp_us=6543339 last_elapsed_ms=0
2026-09-20T14:24:22.617757Z DEBUG awase_windows::runtime::key_pipeline: [imm-cross] key suppress vk=0xf0 KeyUp (physical disposition)
2026-09-20T14:24:22.617907Z DEBUG awase::journal: hook ime-mode diagnostic seq=21 elapsed_ms=6557 vk_code=242 is_down=true self_injected=false injected=true scan=112
2026-09-20T14:24:22.618088Z  INFO awase_windows::runtime::key_pipeline: [shadow-toggle] injected IME キー vk=0xF2 はユーザー意図に昇格させない (BUG-14) — belief 追従は may_change_ime refresh 観測に委譲
2026-09-20T14:24:22.618138Z DEBUG awase_windows::runtime::key_pipeline: [engine-input] vk=0xF2 KeyDown ts=6543657us delay=15ms state=Idle mods(c=false s=false a=false w=false) gas_ctrl=false phys_ctrl=false extra=0x5350494B pending_drain=0 gate_active=false l_thumb=None r_thumb=None [diag-ctx] ime_o
2026-09-20T14:24:22.618218Z DEBUG awase::journal: key input seq=22 elapsed_ms=6558 vk_code=242 is_down=true injected=true key_class="Passthrough" state_before="Idle" state_after="Idle" decision="PassThrough" physical="Allow" repeat_count=1 last_timestamp_us=6543657 last_elapsed_ms=0
2026-09-20T14:24:22.619439Z DEBUG awase_windows::runtime::key_pipeline: may_change_ime key passed through → IME refresh scheduled (20ms)
2026-09-20T14:24:22.619519Z DEBUG execute_from_hook: awase_windows::runtime::executor: [relay-passthrough] PassThrough idle: direct OS pass-through (vk=0xf2 down)
2026-09-20T14:24:22.620360Z DEBUG execute_one{generation=None}: awase_windows::runtime::executor: [reinject] vk=0xf2 down (queued passthrough now firing)
2026-09-20T14:24:22.620953Z DEBUG awase_windows::hook: [hook] IME-mode vk=0xF0 up self_injected=true injected=false scan=0x0 extra=0x4B45594D since_actuation_us=Some(6479384)
2026-09-20T14:24:22.621837Z DEBUG awase_windows::hook: [hook] IME-mode vk=0xF2 down self_injected=true injected=true scan=0x0 extra=0x4B45594D since_actuation_us=Some(6480269)
2026-09-20T14:24:22.622282Z DEBUG awase::journal: hook ime-mode diagnostic seq=23 elapsed_ms=6562 vk_code=240 is_down=false self_injected=true injected=false scan=0
2026-09-20T14:24:22.622308Z DEBUG awase::journal: hook ime-mode diagnostic seq=24 elapsed_ms=6562 vk_code=242 is_down=true self_injected=true injected=true scan=0
2026-09-20T14:24:22.622388Z DEBUG awase::journal: ime event seq=25 elapsed_ms=6562 event_kind="ObserverReported"
2026-09-20T14:24:22.622413Z  INFO awase_windows::runtime::key_pipeline: FocusProbe +15ms: ime_on=false mode=ObservedRomaji [ime=MicrosoftIme sig1=false]
2026-09-20T14:24:22.626050Z DEBUG awase::journal: ime event seq=26 elapsed_ms=6565 event_kind="ObserverReported"
2026-09-20T14:24:22.626075Z DEBUG awase_windows::runtime::key_pipeline: [ImmCrossProbe] child-hwnd IME=false → High confidence 観測記録
2026-09-20T14:24:22.626105Z DEBUG awase_windows::observer::ime_observer: IME snapshot: japanese=Some(true) ime_on=Some(false) romaji=Some(true) conv=Some("0x00000019") guard=false
2026-09-20T14:24:22.626168Z DEBUG awase::journal: ime event seq=27 elapsed_ms=6566 event_kind="InputModeObserved"
2026-09-20T14:24:22.653609Z DEBUG awase_windows::runtime::ime_refresh: Skipping observer/SSOT write: typing active (idle=32ms)
2026-09-20T14:24:22.653672Z  WARN ir_apply_drift_correction: awase_windows::runtime::ime_refresh: [drift] correction: observed=false ≠ desired=true for 547ms → set_ime_open(true) (source=ImmCrossProbe confidence=High)
2026-09-20T14:24:22.653711Z DEBUG ir_apply_drift_correction: awase::journal: ime actuation seq=28 elapsed_ms=6593 target_open=true attempts=0 policy="Read" action="Send"
2026-09-20T14:24:22.653731Z DEBUG ir_apply_drift_correction: awase::journal: ime event seq=29 elapsed_ms=6593 event_kind="DriftDetected"
2026-09-20T14:24:22.653752Z  INFO ir_apply_drift_correction: awase_windows::ime_controller: [warrant-shadow] chain=set_ime_open open=true origin=EventOrigin { source: SelfActuated { strategy: "drift_correction_read" }, epoch: Generation(0) } would_have_blocked=true (A-1 shadow: 書き込みは止めない。A-2 で強制する際の
2026-09-20T14:24:23.158280Z DEBUG awase_windows::observer::ime_observer: IME snapshot: japanese=Some(true) ime_on=Some(true) romaji=None conv=Some("0x00000009") guard=false
2026-09-20T14:24:23.158379Z DEBUG awase::journal: ime event seq=30 elapsed_ms=7098 event_kind="ObserverReported"
2026-09-20T14:24:23.665160Z DEBUG awase_windows::observer::ime_observer: IME snapshot: japanese=Some(true) ime_on=Some(true) romaji=None conv=Some("0x00000009") guard=false
2026-09-20T14:24:23.665269Z DEBUG awase::journal: ime event seq=31 elapsed_ms=7605 event_kind="ObserverReported"
2026-09-20T14:24:24.168496Z DEBUG awase_windows::observer::ime_observer: IME snapshot: japanese=Some(true) ime_on=Some(true) romaji=None conv=Some("0x00000009") guard=false
2026-09-20T14:24:24.168574Z DEBUG awase::journal: ime event seq=32 elapsed_ms=8108 event_kind="ObserverReported"
2026-09-20T14:24:24.368694Z DEBUG awase_windows::hook: [hook] IME-mode vk=0xF2 down self_injected=false injected=true scan=0x70 extra=0x5350494B since_actuation_us=Some(8227106)
2026-09-20T14:24:24.369000Z DEBUG awase::journal: hook ime-mode diagnostic seq=33 elapsed_ms=8308 vk_code=242 is_down=true self_injected=false injected=true scan=112
2026-09-20T14:24:24.369202Z  INFO awase_windows::runtime::key_pipeline: [shadow-toggle] injected IME キー vk=0xF2 はユーザー意図に昇格させない (BUG-14) — belief 追従は may_change_ime refresh 観測に委譲
2026-09-20T14:24:24.369255Z DEBUG awase_windows::runtime::key_pipeline: [engine-input] vk=0xF2 KeyDown ts=8309425us delay=0ms state=Idle mods(c=false s=false a=false w=false) gas_ctrl=false phys_ctrl=false extra=0x5350494B pending_drain=0 gate_active=false l_thumb=None r_thumb=None [diag-ctx] ime_on
2026-09-20T14:24:24.369355Z DEBUG awase::journal: key input seq=34 elapsed_ms=8309 vk_code=242 is_down=true injected=true key_class="Passthrough" state_before="Idle" state_after="Idle" decision="PassThrough" physical="Allow" repeat_count=1 last_timestamp_us=8309425 last_elapsed_ms=0
2026-09-20T14:24:24.369419Z DEBUG awase_windows::runtime::key_pipeline: may_change_ime key passed through → IME refresh scheduled (20ms)
2026-09-20T14:24:24.369543Z DEBUG execute_from_hook: awase_windows::runtime::executor: [relay-passthrough] PassThrough idle: direct OS pass-through (vk=0xf2 down)
2026-09-20T14:24:24.369605Z DEBUG execute_one{generation=None}: awase_windows::runtime::executor: [reinject] vk=0xf2 down (queued passthrough now firing)
2026-09-20T14:24:24.370561Z DEBUG awase_windows::hook: [hook] IME-mode vk=0xF2 down self_injected=true injected=true scan=0x0 extra=0x4B45594D since_actuation_us=Some(8228980)
2026-09-20T14:24:24.372506Z DEBUG awase::journal: hook ime-mode diagnostic seq=35 elapsed_ms=8312 vk_code=242 is_down=true self_injected=true injected=true scan=0
2026-09-20T14:24:24.403308Z DEBUG awase_windows::runtime::ime_refresh: Skipping observer/SSOT write: typing active (idle=32ms)
2026-09-20T14:24:24.903225Z DEBUG awase_windows::observer::ime_observer: IME snapshot: japanese=Some(true) ime_on=Some(false) romaji=None conv=Some("0x00000009") guard=false
2026-09-20T14:24:24.903311Z DEBUG awase::journal: ime event seq=36 elapsed_ms=8842 event_kind="ObserverReported"
2026-09-20T14:24:25.407880Z DEBUG awase_windows::observer::ime_observer: IME snapshot: japanese=Some(true) ime_on=Some(false) romaji=None conv=Some("0x00000009") guard=false
2026-09-20T14:24:25.407936Z DEBUG awase::journal: ime event seq=37 elapsed_ms=9347 event_kind="ObserverReported"
2026-09-20T14:24:25.580117Z DEBUG awase_windows::runtime::key_pipeline: [engine-input] vk=0x41 KeyDown ts=9520329us delay=0ms state=Idle mods(c=false s=false a=false w=false) gas_ctrl=false phys_ctrl=false extra=0x5350494B pending_drain=0 gate_active=false l_thumb=None r_thumb=None [diag-ctx] ime_on
2026-09-20T14:24:25.580229Z DEBUG awase::journal: key input seq=38 elapsed_ms=9519 vk_code=65 is_down=true injected=true key_class="Char" state_before="Idle" state_after="Idle" decision="PassThrough" physical="Allow" repeat_count=1 last_timestamp_us=9520329 last_elapsed_ms=0
2026-09-20T14:24:25.580372Z DEBUG execute_one{generation=None}: awase_windows::runtime::executor: [reinject] vk=0x41 down (queued passthrough now firing)
2026-09-20T14:24:25.689514Z DEBUG awase_windows::runtime::key_pipeline: [engine-input] vk=0x41 KeyUp ts=9629730us delay=0ms state=Idle mods(c=false s=false a=false w=false) gas_ctrl=false phys_ctrl=false extra=0x5350494B pending_drain=0 gate_active=false l_thumb=None r_thumb=None [diag-ctx] ime_on=f
2026-09-20T14:24:25.689631Z DEBUG awase::journal: key input seq=39 elapsed_ms=9629 vk_code=65 is_down=false injected=true key_class="Char" state_before="Idle" state_after="Idle" decision="PassThrough" physical="Allow" repeat_count=1 last_timestamp_us=9629730 last_elapsed_ms=0
2026-09-20T14:24:25.689922Z DEBUG execute_one{generation=None}: awase_windows::runtime::executor: [reinject] vk=0x41 up (queued passthrough now firing)
2026-09-20T14:24:25.916544Z DEBUG awase_windows::runtime::ime_refresh: Skipping observer/SSOT write: typing active (idle=234ms)
2026-09-20T14:24:26.423900Z DEBUG awase_windows::observer::ime_observer: IME snapshot: japanese=Some(true) ime_on=Some(false) romaji=None conv=Some("0x00000009") guard=false
2026-09-20T14:24:26.423982Z DEBUG awase::journal: ime event seq=40 elapsed_ms=10363 event_kind="ObserverReported"
2026-09-20T14:24:26.562964Z DEBUG awase_windows::runtime::key_pipeline: [engine-input] vk=0x1B KeyDown ts=10503194us delay=0ms state=Idle mods(c=false s=false a=false w=false) gas_ctrl=false phys_ctrl=false extra=0x5350494B pending_drain=0 gate_active=false l_thumb=None r_thumb=None [diag-ctx] ime_o
2026-09-20T14:24:26.563076Z DEBUG awase::journal: key input seq=41 elapsed_ms=10502 vk_code=27 is_down=true injected=true key_class="Passthrough" state_before="Idle" state_after="Idle" decision="PassThrough" physical="Allow" repeat_count=1 last_timestamp_us=10503194 last_elapsed_ms=0
2026-09-20T14:24:26.563189Z DEBUG execute_from_hook: awase_windows::runtime::executor: [relay-passthrough] PassThrough idle: direct OS pass-through (vk=0x1b down)
2026-09-20T14:24:26.563266Z DEBUG execute_one{generation=None}: awase_windows::runtime::executor: [reinject] vk=0x1b down (queued passthrough now firing)
2026-09-20T14:24:26.626553Z DEBUG awase_windows::runtime::key_pipeline: [engine-input] vk=0x1B KeyUp ts=10566639us delay=0ms state=Idle mods(c=false s=false a=false w=false) gas_ctrl=false phys_ctrl=false extra=0x5350494B pending_drain=0 gate_active=false l_thumb=None r_thumb=None [diag-ctx] ime_on=
2026-09-20T14:24:26.626677Z DEBUG awase::journal: key input seq=42 elapsed_ms=10566 vk_code=27 is_down=false injected=true key_class="Passthrough" state_before="Idle" state_after="Idle" decision="PassThrough" physical="Allow" repeat_count=1 last_timestamp_us=10566639 last_elapsed_ms=0
2026-09-20T14:24:26.626803Z DEBUG execute_from_hook: awase_windows::runtime::executor: [relay-passthrough] PassThrough idle: direct OS pass-through (vk=0x1b up)
2026-09-20T14:24:26.626884Z DEBUG execute_one{generation=None}: awase_windows::runtime::executor: [reinject] vk=0x1b up (queued passthrough now firing)
2026-09-20T14:24:26.925651Z DEBUG awase_windows::runtime::ime_refresh: Skipping observer/SSOT write: typing active (idle=297ms)
2026-09-20T14:24:27.429239Z DEBUG awase_windows::observer::ime_observer: IME snapshot: japanese=Some(true) ime_on=Some(false) romaji=None conv=Some("0x00000009") guard=false
2026-09-20T14:24:27.429328Z DEBUG awase::journal: ime event seq=43 elapsed_ms=11368 event_kind="ObserverReported"
2026-09-20T14:24:27.567433Z DEBUG awase_windows::hook: [hook] IME-mode vk=0xF0 up self_injected=false injected=false scan=0x70 extra=0x5350494B since_actuation_us=Some(11425837)
2026-09-20T14:24:27.567678Z DEBUG awase::journal: hook ime-mode diagnostic seq=44 elapsed_ms=11506 vk_code=240 is_down=false self_injected=false injected=false scan=112
2026-09-20T14:24:27.567885Z DEBUG awase_windows::runtime::key_pipeline: [engine-input] vk=0xF0 KeyUp ts=11508183us delay=0ms state=Idle mods(c=false s=false a=false w=false) gas_ctrl=false phys_ctrl=false extra=0x5350494B pending_drain=0 gate_active=false l_thumb=None r_thumb=None [diag-ctx] ime_on=
2026-09-20T14:24:27.567862Z DEBUG awase_windows::hook: [hook] IME-mode vk=0xF2 down self_injected=false injected=true scan=0x70 extra=0x5350494B since_actuation_us=Some(11426273)
2026-09-20T14:24:27.568027Z DEBUG awase::journal: key input seq=45 elapsed_ms=11507 vk_code=240 is_down=false injected=false key_class="Passthrough" state_before="Idle" state_after="Idle" decision="PassThrough" physical="Suppress" repeat_count=1 last_timestamp_us=11508183 last_elapsed_ms=0
2026-09-20T14:24:27.568080Z DEBUG awase_windows::runtime::key_pipeline: [imm-cross] key suppress vk=0xf0 KeyUp (physical disposition)
2026-09-20T14:24:27.568382Z DEBUG awase::journal: hook ime-mode diagnostic seq=46 elapsed_ms=11507 vk_code=242 is_down=true self_injected=false injected=true scan=112
2026-09-20T14:24:27.568630Z  INFO awase_windows::runtime::key_pipeline: [shadow-toggle] injected IME キー vk=0xF2 はユーザー意図に昇格させない (BUG-14) — belief 追従は may_change_ime refresh 観測に委譲
2026-09-20T14:24:27.568681Z DEBUG awase_windows::runtime::key_pipeline: [engine-input] vk=0xF2 KeyDown ts=11508579us delay=0ms state=Idle mods(c=false s=false a=false w=false) gas_ctrl=false phys_ctrl=false extra=0x5350494B pending_drain=0 gate_active=false l_thumb=None r_thumb=None [diag-ctx] ime_o
2026-09-20T14:24:27.569279Z DEBUG awase::journal: key input seq=47 elapsed_ms=11508 vk_code=242 is_down=true injected=true key_class="Passthrough" state_before="Idle" state_after="Idle" decision="PassThrough" physical="Allow" repeat_count=1 last_timestamp_us=11508579 last_elapsed_ms=0
2026-09-20T14:24:27.569614Z DEBUG awase_windows::runtime::key_pipeline: may_change_ime key passed through → IME refresh scheduled (20ms)
2026-09-20T14:24:27.569842Z DEBUG execute_from_hook: awase_windows::runtime::executor: [relay-passthrough] PassThrough idle: direct OS pass-through (vk=0xf2 down)
2026-09-20T14:24:27.570020Z DEBUG execute_one{generation=None}: awase_windows::runtime::executor: [reinject] vk=0xf2 down (queued passthrough now firing)
2026-09-20T14:24:27.570662Z DEBUG awase_windows::hook: [hook] IME-mode vk=0xF0 up self_injected=true injected=false scan=0x0 extra=0x4B45594D since_actuation_us=Some(11429078)
2026-09-20T14:24:27.572746Z DEBUG awase_windows::hook: [hook] IME-mode vk=0xF2 down self_injected=true injected=true scan=0x0 extra=0x4B45594D since_actuation_us=Some(11431158)
2026-09-20T14:24:27.574827Z DEBUG awase::journal: hook ime-mode diagnostic seq=48 elapsed_ms=11514 vk_code=240 is_down=false self_injected=true injected=false scan=0
2026-09-20T14:24:27.574908Z DEBUG awase::journal: hook ime-mode diagnostic seq=49 elapsed_ms=11514 vk_code=242 is_down=true self_injected=true injected=true scan=0
2026-09-20T14:24:27.617345Z DEBUG awase_windows::runtime::ime_refresh: Skipping observer/SSOT write: typing active (idle=46ms)
2026-09-20T14:24:28.134785Z DEBUG awase_windows::observer::ime_observer: IME snapshot: japanese=Some(true) ime_on=Some(true) romaji=None conv=Some("0x00000009") guard=false
2026-09-20T14:24:28.134877Z DEBUG awase::journal: ime event seq=50 elapsed_ms=12074 event_kind="ObserverReported"
2026-09-20T14:24:28.134907Z  INFO awase_windows::runtime::ime_refresh: ObserverPoll +6031ms since focus: ime_on false → true(intent=None) 
2026-09-20T14:24:28.134968Z  INFO awase::engine::engine: Engine activated (ime=true, romaji=true, japanese=true, user=true, reason=Active)
2026-09-20T14:24:28.135114Z DEBUG execute_from_loop:execute_one{generation=None}:dispatch_ime_set_open{open=true generation=None}: awase_windows::runtime::executor: [dispatch-ime] ImmCross async: optimistic applied_snapshot=true (suppress send_engine_state_ime_key)
2026-09-20T14:24:28.137672Z DEBUG execute_from_loop:execute_one{generation=None}: awase_windows::platform: [engine-state-key] suppressed (polling/focus-triggered, enabled=true)
2026-09-20T14:24:28.145136Z DEBUG run_open_chain_async: awase_windows::ime_controller: [warrant-shadow] chain=async open=true origin=EventOrigin { source: SelfActuated { strategy: "engine_decision_async" }, epoch: Generation(0) } warranted
2026-09-20T14:24:28.146072Z  INFO run_open_chain_async:imm_cross_write{open=true}: awase_windows::runtime::open_chain: [apply-ime] ImmCross async: open=true composition_active=false show_seq=0 change_seq=0 (issue #138診断)
2026-09-20T14:24:28.216520Z DEBUG awase_windows::shadow_send_trace: [shadow-send] channel=ImeControl cmd=0x0006 lparam=1 issue_us=12088894
2026-09-20T14:24:28.216544Z DEBUG awase_windows::ime: set_ime_open_for_target: hwnd=HWND(0x15009c) ime_wnd=HWND(0x2406fe) open=true success=true send_elapsed=68ms candidate_visible=false
2026-09-20T14:24:28.217913Z DEBUG awase_windows::shadow_send_trace: [shadow-send] channel=ImeControl cmd=0x0002 lparam=25 issue_us=12157881
2026-09-20T14:24:28.217920Z DEBUG awase_windows::ime: [imm-romaji] conv 0x00000009 → 0x00000019 success=true target=None
2026-09-20T14:24:28.219150Z DEBUG run_open_chain_async:imm_cross_write{open=true}: awase_windows::ime: [imm-cross-actuate] hwnd=HWND(0x15009c) open=Written conv=Some(Written)
2026-09-20T14:24:28.219261Z DEBUG run_open_chain_async:imm_cross_write{open=true}: awase_windows::runtime::open_chain: [apply-ime] ROMAN 補完結果: Written
2026-09-20T14:24:28.219327Z DEBUG run_open_chain_async: awase::journal: actuation decision seq=51 elapsed_ms=12158 site="DispatchImeSetOpen" caller="None" open=true chain_len=4 attempts_len=1 gate_profile="Standard" gate_kind="MsIme" gate_shadow_known=true gate_shadow_on=true gate_input_mode="Observ
2026-09-20T14:24:28.219857Z DEBUG on_ime_apply_complete{open=true outcome=AppliedWithoutSendInput generation=None reason=EngineDecision}: awase::journal: ime open applied seq=52 elapsed_ms=12159 open=true outcome="AppliedWithoutSendInput" reason="EngineDecision"
2026-09-20T14:24:28.219997Z DEBUG on_ime_apply_complete{open=true outcome=AppliedWithoutSendInput generation=None reason=EngineDecision}: awase_windows::tsf::ime_mode_fsm: [ime-mode] SetOpen(true) applied → Hiragana (belief, unconfirmed)
2026-09-20T14:24:28.220026Z DEBUG on_ime_apply_complete{open=true outcome=AppliedWithoutSendInput generation=None reason=EngineDecision}: awase_windows::platform: [composition] ImeEffect::SetOpen(true) → marking cold
2026-09-20T14:24:28.220035Z DEBUG on_ime_apply_complete{open=true outcome=AppliedWithoutSendInput generation=None reason=EngineDecision}: awase_windows::tsf::probe: [composition] marked cold reason=SetOpenTrue idle=18446744073709551615ms → next VK/TSF output will send VK_DBE_HIRAGANA warmup
2026-09-20T14:24:28.220133Z DEBUG awase::journal: gji fsm transition seq=53 elapsed_ms=12159 trigger="ImeOn(gji_idle_ms=12062)" state_before="MsImeStrategy" state_after="MsImeStrategy"
2026-09-20T14:24:28.256980Z DEBUG awase_windows::observer::ime_observer: IME snapshot: japanese=Some(true) ime_on=Some(true) romaji=Some(true) conv=Some("0x00000019") guard=false
2026-09-20T14:24:28.257059Z DEBUG awase::journal: ime event seq=54 elapsed_ms=12196 event_kind="ObserverReported"
2026-09-20T14:24:28.257087Z DEBUG awase::journal: ime event seq=55 elapsed_ms=12196 event_kind="InputModeObserved"
2026-09-20T14:24:28.775570Z DEBUG awase_windows::observer::ime_observer: IME snapshot: japanese=Some(true) ime_on=Some(true) romaji=Some(true) conv=Some("0x00000019") guard=false
2026-09-20T14:24:28.775764Z DEBUG awase::journal: ime event seq=56 elapsed_ms=12714 event_kind="ObserverReported"
2026-09-20T14:24:28.775840Z DEBUG awase::journal: ime event seq=57 elapsed_ms=12715 event_kind="InputModeObserved"
2026-09-20T14:24:29.275283Z DEBUG awase_windows::hook: [hook] IME-mode vk=0xF2 down self_injected=false injected=true scan=0x70 extra=0x5350494B since_actuation_us=Some(13133705)
2026-09-20T14:24:29.275465Z DEBUG awase::journal: hook ime-mode diagnostic seq=58 elapsed_ms=13214 vk_code=242 is_down=true self_injected=false injected=true scan=112
2026-09-20T14:24:29.275868Z  INFO awase_windows::runtime::key_pipeline: [shadow-toggle] injected IME キー vk=0xF2 はユーザー意図に昇格させない (BUG-14) — belief 追従は may_change_ime refresh 観測に委譲
2026-09-20T14:24:29.275897Z DEBUG awase_windows::runtime::key_pipeline: [engine-input] vk=0xF2 KeyDown ts=13216006us delay=0ms state=Idle mods(c=false s=false a=false w=false) gas_ctrl=false phys_ctrl=false extra=0x5350494B pending_drain=0 gate_active=false l_thumb=None r_thumb=None [diag-ctx] ime_o
2026-09-20T14:24:29.282906Z DEBUG awase::journal: key input seq=59 elapsed_ms=13221 vk_code=242 is_down=true injected=true key_class="Passthrough" state_before="Idle" state_after="Idle" decision="PassThrough" physical="Allow" repeat_count=1 last_timestamp_us=13216006 last_elapsed_ms=0
2026-09-20T14:24:29.283000Z DEBUG awase_windows::runtime::key_pipeline: may_change_ime key passed through → IME refresh scheduled (20ms)
2026-09-20T14:24:29.283084Z DEBUG execute_from_hook: awase_windows::runtime::executor: [relay-passthrough] PassThrough idle: direct OS pass-through (vk=0xf2 down)
2026-09-20T14:24:29.283308Z DEBUG execute_one{generation=None}: awase_windows::runtime::executor: [reinject] vk=0xf2 down (queued passthrough now firing)
2026-09-20T14:24:29.283610Z DEBUG awase_windows::hook: [hook] IME-mode vk=0xF2 down self_injected=true injected=true scan=0x0 extra=0x4B45594D since_actuation_us=Some(13142021)
2026-09-20T14:24:29.288182Z DEBUG awase::journal: hook ime-mode diagnostic seq=60 elapsed_ms=13227 vk_code=242 is_down=true self_injected=true injected=true scan=0
2026-09-20T14:24:29.289416Z DEBUG awase_windows::runtime::ime_refresh: Skipping observer/SSOT write: typing active (idle=15ms)
2026-09-20T14:24:29.803019Z DEBUG awase_windows::observer::ime_observer: IME snapshot: japanese=Some(true) ime_on=Some(false) romaji=Some(true) conv=Some("0x00000019") guard=false
2026-09-20T14:24:29.803203Z DEBUG awase::journal: ime event seq=61 elapsed_ms=13742 event_kind="ObserverReported"
2026-09-20T14:24:29.803276Z DEBUG awase::journal: ime event seq=62 elapsed_ms=13742 event_kind="InputModeObserved"
2026-09-20T14:24:29.803322Z  INFO awase_windows::runtime::ime_refresh: ObserverPoll +7703ms since focus: ime_on true → false(intent=None) 
2026-09-20T14:24:29.803484Z  INFO awase::engine::engine: Engine deactivated (ime=false, romaji=true, japanese=true, user=true, reason=Inactive(ImeOff))
2026-09-20T14:24:29.803814Z DEBUG execute_from_loop:execute_one{generation=None}:dispatch_ime_set_open{open=false generation=None}: awase_windows::runtime::executor: [dispatch-ime] ImmCross async: optimistic applied_snapshot=false (suppress send_engine_state_ime_key)
2026-09-20T14:24:29.806539Z DEBUG execute_from_loop:execute_one{generation=None}: awase_windows::platform: [engine-state-key] suppressed (polling/focus-triggered, enabled=false)
2026-09-20T14:24:29.810983Z DEBUG run_open_chain_async: awase_windows::ime_controller: [warrant-shadow] chain=async open=false origin=EventOrigin { source: SelfActuated { strategy: "engine_decision_async" }, epoch: Generation(0) } warranted
2026-09-20T14:24:29.811233Z  INFO run_open_chain_async:imm_cross_write{open=false}: awase_windows::runtime::open_chain: [apply-ime] ImmCross async: open=false composition_active=false show_seq=0 change_seq=0 (issue #138診断)
2026-09-20T14:24:29.817780Z DEBUG awase_windows::shadow_send_trace: [shadow-send] channel=ImeControl cmd=0x0006 lparam=0 issue_us=13757815
2026-09-20T14:24:29.817815Z DEBUG awase_windows::ime: set_ime_open_for_target: hwnd=HWND(0x15009c) ime_wnd=HWND(0x2406fe) open=false success=true send_elapsed=0ms candidate_visible=false
2026-09-20T14:24:29.818065Z DEBUG run_open_chain_async:imm_cross_write{open=false}: awase_windows::ime: [imm-cross-actuate] hwnd=HWND(0x15009c) open=Written conv=None
2026-09-20T14:24:29.818253Z DEBUG run_open_chain_async: awase::journal: actuation decision seq=63 elapsed_ms=13757 site="DispatchImeSetOpen" caller="None" open=false chain_len=4 attempts_len=1 gate_profile="Standard" gate_kind="MsIme" gate_shadow_known=true gate_shadow_on=true gate_input_mode="Obser
2026-09-20T14:24:29.818916Z DEBUG on_ime_apply_complete{open=false outcome=AppliedWithoutSendInput generation=None reason=EngineDecision}: awase::journal: ime open applied seq=64 elapsed_ms=13757 open=false outcome="AppliedWithoutSendInput" reason="EngineDecision"
2026-09-20T14:24:29.819236Z DEBUG on_ime_apply_complete{open=false outcome=AppliedWithoutSendInput generation=None reason=EngineDecision}: awase_windows::tsf::ime_mode_fsm: [ime-mode] SetOpen(false) applied → Off (belief, unconfirmed)
2026-09-20T14:24:29.819320Z DEBUG on_ime_apply_complete{open=false outcome=AppliedWithoutSendInput generation=None reason=EngineDecision}: awase_windows::platform: [composition] ImeEffect::SetOpen(false) → marking cold (prevent warm+TSF Enter leak)
2026-09-20T14:24:29.819396Z DEBUG on_ime_apply_complete{open=false outcome=AppliedWithoutSendInput generation=None reason=EngineDecision}: awase_windows::tsf::probe: [composition] marked cold reason=SetOpenFalse idle=18446744073709551615ms → next VK/TSF output will send VK_DBE_HIRAGANA warmup
2026-09-20T14:24:29.819708Z DEBUG awase::journal: gji fsm transition seq=65 elapsed_ms=13758 trigger="ImeOff" state_before="MsImeStrategy" state_after="MsImeStrategy"
2026-09-20T14:24:29.864877Z DEBUG awase_windows::observer::ime_observer: IME snapshot: japanese=Some(true) ime_on=Some(false) romaji=Some(true) conv=Some("0x00000019") guard=false
2026-09-20T14:24:29.865035Z DEBUG awase::journal: ime event seq=66 elapsed_ms=13804 event_kind="ObserverReported"
2026-09-20T14:24:29.865100Z DEBUG awase::journal: ime event seq=67 elapsed_ms=13804 event_kind="InputModeObserved"
2026-09-20T14:24:30.387340Z DEBUG awase_windows::observer::ime_observer: IME snapshot: japanese=Some(true) ime_on=Some(false) romaji=Some(true) conv=Some("0x00000019") guard=false
2026-09-20T14:24:30.387516Z DEBUG awase::journal: ime event seq=68 elapsed_ms=14326 event_kind="ObserverReported"
2026-09-20T14:24:30.387588Z DEBUG awase::journal: ime event seq=69 elapsed_ms=14326 event_kind="InputModeObserved"
2026-09-20T14:24:30.550650Z DEBUG awase_windows::runtime::key_pipeline: [engine-input] vk=0x41 KeyDown ts=14490698us delay=0ms state=Idle mods(c=false s=false a=false w=false) gas_ctrl=false phys_ctrl=false extra=0x5350494B pending_drain=0 gate_active=false l_thumb=None r_thumb=None [diag-ctx] ime_o
2026-09-20T14:24:30.550770Z DEBUG awase::journal: key input seq=70 elapsed_ms=14489 vk_code=65 is_down=true injected=true key_class="Char" state_before="Idle" state_after="Idle" decision="PassThrough" physical="Allow" repeat_count=1 last_timestamp_us=14490698 last_elapsed_ms=0
2026-09-20T14:24:30.550947Z DEBUG execute_one{generation=None}: awase_windows::runtime::executor: [reinject] vk=0x41 down (queued passthrough now firing)
2026-09-20T14:24:30.650885Z DEBUG awase_windows::runtime::key_pipeline: [engine-input] vk=0x41 KeyUp ts=14591040us delay=0ms state=Idle mods(c=false s=false a=false w=false) gas_ctrl=false phys_ctrl=false extra=0x5350494B pending_drain=0 gate_active=false l_thumb=None r_thumb=None [diag-ctx] ime_on=
2026-09-20T14:24:30.651081Z DEBUG awase::journal: key input seq=71 elapsed_ms=14590 vk_code=65 is_down=false injected=true key_class="Char" state_before="Idle" state_after="Idle" decision="PassThrough" physical="Allow" repeat_count=1 last_timestamp_us=14591040 last_elapsed_ms=0
2026-09-20T14:24:30.651224Z DEBUG execute_one{generation=None}: awase_windows::runtime::executor: [reinject] vk=0x41 up (queued passthrough now firing)
2026-09-20T14:24:30.908222Z DEBUG awase_windows::runtime::ime_refresh: Skipping observer/SSOT write: typing active (idle=250ms)
2026-09-20T14:24:31.414928Z DEBUG awase_windows::observer::ime_observer: IME snapshot: japanese=Some(true) ime_on=Some(false) romaji=Some(true) conv=Some("0x00000019") guard=false
2026-09-20T14:24:31.414985Z DEBUG awase::journal: ime event seq=72 elapsed_ms=15353 event_kind="ObserverReported"
2026-09-20T14:24:31.415006Z DEBUG awase::journal: ime event seq=73 elapsed_ms=15353 event_kind="InputModeObserved"
2026-09-20T14:24:31.522123Z DEBUG awase_windows::runtime::key_pipeline: [engine-input] vk=0x1B KeyDown ts=15462111us delay=0ms state=Idle mods(c=false s=false a=false w=false) gas_ctrl=false phys_ctrl=false extra=0x5350494B pending_drain=0 gate_active=false l_thumb=None r_thumb=None [diag-ctx] ime_o
2026-09-20T14:24:31.522220Z DEBUG awase::journal: key input seq=74 elapsed_ms=15461 vk_code=27 is_down=true injected=true key_class="Passthrough" state_before="Idle" state_after="Idle" decision="PassThrough" physical="Allow" repeat_count=1 last_timestamp_us=15462111 last_elapsed_ms=0
2026-09-20T14:24:31.522337Z DEBUG execute_from_hook: awase_windows::runtime::executor: [relay-passthrough] PassThrough idle: direct OS pass-through (vk=0x1b down)
2026-09-20T14:24:31.522480Z DEBUG execute_one{generation=None}: awase_windows::runtime::executor: [reinject] vk=0x1b down (queued passthrough now firing)
2026-09-20T14:24:31.599322Z DEBUG awase_windows::runtime::key_pipeline: [engine-input] vk=0x1B KeyUp ts=15539685us delay=0ms state=Idle mods(c=false s=false a=false w=false) gas_ctrl=false phys_ctrl=false extra=0x5350494B pending_drain=0 gate_active=false l_thumb=None r_thumb=None [diag-ctx] ime_on=
2026-09-20T14:24:31.599411Z DEBUG awase::journal: key input seq=75 elapsed_ms=15538 vk_code=27 is_down=false injected=true key_class="Passthrough" state_before="Idle" state_after="Idle" decision="PassThrough" physical="Allow" repeat_count=1 last_timestamp_us=15539685 last_elapsed_ms=0
2026-09-20T14:24:31.599506Z DEBUG execute_from_hook: awase_windows::runtime::executor: [relay-passthrough] PassThrough idle: direct OS pass-through (vk=0x1b up)
2026-09-20T14:24:31.599574Z DEBUG execute_one{generation=None}: awase_windows::runtime::executor: [reinject] vk=0x1b up (queued passthrough now firing)
2026-09-20T14:24:31.932549Z DEBUG awase_windows::runtime::ime_refresh: Skipping observer/SSOT write: typing active (idle=328ms)
2026-09-20T14:24:32.446525Z DEBUG awase_windows::observer::ime_observer: IME snapshot: japanese=Some(true) ime_on=Some(false) romaji=Some(true) conv=Some("0x00000019") guard=false
2026-09-20T14:24:32.446616Z DEBUG awase::journal: ime event seq=76 elapsed_ms=16385 event_kind="ObserverReported"
2026-09-20T14:24:32.446649Z DEBUG awase::journal: ime event seq=77 elapsed_ms=16385 event_kind="InputModeObserved"
2026-09-20T14:24:32.566006Z DEBUG awase_windows::hook: [hook] IME-mode vk=0xF0 up self_injected=false injected=false scan=0x70 extra=0x5350494B since_actuation_us=Some(16424411)
2026-09-20T14:24:32.566349Z DEBUG awase::journal: hook ime-mode diagnostic seq=78 elapsed_ms=16505 vk_code=240 is_down=false self_injected=false injected=false scan=112
2026-09-20T14:24:32.566437Z DEBUG awase_windows::hook: [hook] IME-mode vk=0xF2 down self_injected=false injected=true scan=0x70 extra=0x5350494B since_actuation_us=Some(16424863)
2026-09-20T14:24:32.566706Z DEBUG awase_windows::runtime::key_pipeline: [engine-input] vk=0xF0 KeyUp ts=16506777us delay=0ms state=Idle mods(c=false s=false a=false w=false) gas_ctrl=false phys_ctrl=false extra=0x5350494B pending_drain=0 gate_active=false l_thumb=None r_thumb=None [diag-ctx] ime_on=
2026-09-20T14:24:32.566881Z DEBUG awase::journal: key input seq=79 elapsed_ms=16505 vk_code=240 is_down=false injected=false key_class="Passthrough" state_before="Idle" state_after="Idle" decision="PassThrough" physical="Suppress" repeat_count=1 last_timestamp_us=16506777 last_elapsed_ms=0
2026-09-20T14:24:32.566944Z DEBUG awase_windows::runtime::key_pipeline: [imm-cross] key suppress vk=0xf0 KeyUp (physical disposition)
2026-09-20T14:24:32.567010Z DEBUG awase::journal: hook ime-mode diagnostic seq=80 elapsed_ms=16505 vk_code=242 is_down=true self_injected=false injected=true scan=112
2026-09-20T14:24:32.567085Z  INFO awase_windows::runtime::key_pipeline: [shadow-toggle] injected IME キー vk=0xF2 はユーザー意図に昇格させない (BUG-14) — belief 追従は may_change_ime refresh 観測に委譲
2026-09-20T14:24:32.567112Z DEBUG awase_windows::runtime::key_pipeline: [engine-input] vk=0xF2 KeyDown ts=16507106us delay=0ms state=Idle mods(c=false s=false a=false w=false) gas_ctrl=false phys_ctrl=false extra=0x5350494B pending_drain=0 gate_active=false l_thumb=None r_thumb=None [diag-ctx] ime_o
2026-09-20T14:24:32.567246Z DEBUG awase::journal: key input seq=81 elapsed_ms=16505 vk_code=242 is_down=true injected=true key_class="Passthrough" state_before="Idle" state_after="Idle" decision="PassThrough" physical="Allow" repeat_count=1 last_timestamp_us=16507106 last_elapsed_ms=0
2026-09-20T14:24:32.567320Z DEBUG awase_windows::runtime::key_pipeline: may_change_ime key passed through → IME refresh scheduled (20ms)
2026-09-20T14:24:32.567392Z DEBUG execute_from_hook: awase_windows::runtime::executor: [relay-passthrough] PassThrough idle: direct OS pass-through (vk=0xf2 down)
2026-09-20T14:24:32.567451Z DEBUG execute_one{generation=None}: awase_windows::runtime::executor: [reinject] vk=0xf2 down (queued passthrough now firing)
2026-09-20T14:24:32.568099Z DEBUG awase_windows::hook: [hook] IME-mode vk=0xF0 up self_injected=true injected=false scan=0x0 extra=0x4B45594D since_actuation_us=Some(16426516)
2026-09-20T14:24:32.569988Z DEBUG awase_windows::hook: [hook] IME-mode vk=0xF2 down self_injected=true injected=true scan=0x0 extra=0x4B45594D since_actuation_us=Some(16428403)
2026-09-20T14:24:32.572906Z DEBUG awase::journal: hook ime-mode diagnostic seq=82 elapsed_ms=16511 vk_code=240 is_down=false self_injected=true injected=false scan=0
2026-09-20T14:24:32.572966Z DEBUG awase::journal: hook ime-mode diagnostic seq=83 elapsed_ms=16511 vk_code=242 is_down=true self_injected=true injected=true scan=0
2026-09-20T14:24:32.589503Z DEBUG awase_windows::runtime::ime_refresh: Skipping observer/SSOT write: typing active (idle=31ms)
2026-09-20T14:24:33.103117Z DEBUG awase_windows::observer::ime_observer: IME snapshot: japanese=Some(true) ime_on=Some(true) romaji=None conv=Some("0x00000009") guard=false
2026-09-20T14:24:33.103263Z DEBUG awase::journal: ime event seq=84 elapsed_ms=17041 event_kind="ObserverReported"
2026-09-20T14:24:33.103368Z  INFO awase::engine::engine: Engine activated (ime=true, romaji=true, japanese=true, user=true, reason=Active)
2026-09-20T14:24:33.103571Z DEBUG execute_from_loop:execute_one{generation=None}:dispatch_ime_set_open{open=true generation=None}: awase_windows::runtime::executor: [dispatch-ime] ImmCross async: optimistic applied_snapshot=true (suppress send_engine_state_ime_key)
2026-09-20T14:24:33.105745Z DEBUG execute_from_loop:execute_one{generation=None}: awase_windows::platform: [engine-state-key] suppressed (polling/focus-triggered, enabled=true)
2026-09-20T14:24:33.107283Z DEBUG run_open_chain_async: awase_windows::ime_controller: [warrant-shadow] chain=async open=true origin=EventOrigin { source: SelfActuated { strategy: "engine_decision_async" }, epoch: Generation(0) } warranted
2026-09-20T14:24:33.107317Z  INFO run_open_chain_async:imm_cross_write{open=true}: awase_windows::runtime::open_chain: [apply-ime] ImmCross async: open=true composition_active=false show_seq=0 change_seq=0 (issue #138診断)
2026-09-20T14:24:33.109605Z DEBUG awase_windows::shadow_send_trace: [shadow-send] channel=ImeControl cmd=0x0006 lparam=1 issue_us=17049667
2026-09-20T14:24:33.109645Z DEBUG awase_windows::ime: set_ime_open_for_target: hwnd=HWND(0x15009c) ime_wnd=HWND(0x2406fe) open=true success=true send_elapsed=0ms candidate_visible=false
2026-09-20T14:24:33.111341Z DEBUG awase_windows::shadow_send_trace: [shadow-send] channel=ImeControl cmd=0x0002 lparam=25 issue_us=17050779
2026-09-20T14:24:33.111369Z DEBUG awase_windows::ime: [imm-romaji] conv 0x00000009 → 0x00000019 success=true target=None
2026-09-20T14:24:33.111731Z DEBUG run_open_chain_async:imm_cross_write{open=true}: awase_windows::ime: [imm-cross-actuate] hwnd=HWND(0x15009c) open=Written conv=Some(Written)
2026-09-20T14:24:33.111854Z DEBUG run_open_chain_async:imm_cross_write{open=true}: awase_windows::runtime::open_chain: [apply-ime] ROMAN 補完結果: Written
2026-09-20T14:24:33.111967Z DEBUG run_open_chain_async: awase::journal: actuation decision seq=85 elapsed_ms=17050 site="DispatchImeSetOpen" caller="None" open=true chain_len=4 attempts_len=1 gate_profile="Standard" gate_kind="MsIme" gate_shadow_known=true gate_shadow_on=false gate_input_mode="Obser
2026-09-20T14:24:33.113958Z DEBUG on_ime_apply_complete{open=true outcome=AppliedWithoutSendInput generation=None reason=EngineDecision}: awase::journal: ime open applied seq=86 elapsed_ms=17052 open=true outcome="AppliedWithoutSendInput" reason="EngineDecision"
2026-09-20T14:24:33.114503Z DEBUG on_ime_apply_complete{open=true outcome=AppliedWithoutSendInput generation=None reason=EngineDecision}: awase_windows::tsf::ime_mode_fsm: [ime-mode] SetOpen(true) applied → Hiragana (belief, unconfirmed)
2026-09-20T14:24:33.114544Z DEBUG on_ime_apply_complete{open=true outcome=AppliedWithoutSendInput generation=None reason=EngineDecision}: awase_windows::platform: [composition] ImeEffect::SetOpen(true) → marking cold
2026-09-20T14:24:33.114566Z DEBUG on_ime_apply_complete{open=true outcome=AppliedWithoutSendInput generation=None reason=EngineDecision}: awase_windows::tsf::probe: [composition] marked cold reason=SetOpenTrue idle=18446744073709551615ms → next VK/TSF output will send VK_DBE_HIRAGANA warmup
2026-09-20T14:24:33.114977Z DEBUG awase::journal: gji fsm transition seq=87 elapsed_ms=17053 trigger="ImeOn(gji_idle_ms=16968)" state_before="MsImeStrategy" state_after="MsImeStrategy"
2026-09-20T14:24:33.217590Z DEBUG awase_windows::observer::ime_observer: IME snapshot: japanese=Some(true) ime_on=None romaji=Some(true) conv=Some("0x00000019") guard=false
2026-09-20T14:24:33.217651Z DEBUG awase::journal: ime event seq=88 elapsed_ms=17156 event_kind="InputModeObserved"
2026-09-20T14:24:33.716525Z DEBUG awase_windows::observer::ime_observer: IME snapshot: japanese=Some(true) ime_on=Some(true) romaji=Some(true) conv=Some("0x00000019") guard=false
2026-09-20T14:24:33.716608Z DEBUG awase::journal: ime event seq=89 elapsed_ms=17655 event_kind="ObserverReported"
2026-09-20T14:24:33.716638Z DEBUG awase::journal: ime event seq=90 elapsed_ms=17655 event_kind="InputModeObserved"
2026-09-20T14:24:34.269039Z DEBUG awase_windows::observer::ime_observer: IME snapshot: japanese=Some(true) ime_on=Some(true) romaji=Some(true) conv=Some("0x00000019") guard=false
2026-09-20T14:24:34.269140Z DEBUG awase::journal: ime event seq=91 elapsed_ms=18207 event_kind="ObserverReported"
2026-09-20T14:24:34.269176Z DEBUG awase::journal: ime event seq=92 elapsed_ms=18207 event_kind="InputModeObserved"
2026-09-20T14:24:34.314027Z DEBUG awase_windows::hook: [hook] IME-mode vk=0xF2 down self_injected=false injected=true scan=0x70 extra=0x5350494B since_actuation_us=Some(18172437)
2026-09-20T14:24:34.314368Z DEBUG awase::journal: hook ime-mode diagnostic seq=93 elapsed_ms=18252 vk_code=242 is_down=true self_injected=false injected=true scan=112
2026-09-20T14:24:34.314565Z  INFO awase_windows::runtime::key_pipeline: [shadow-toggle] injected IME キー vk=0xF2 はユーザー意図に昇格させない (BUG-14) — belief 追従は may_change_ime refresh 観測に委譲
2026-09-20T14:24:34.314618Z DEBUG awase_windows::runtime::key_pipeline: [engine-input] vk=0xF2 KeyDown ts=18254768us delay=0ms state=Idle mods(c=false s=false a=false w=false) gas_ctrl=false phys_ctrl=false extra=0x5350494B pending_drain=0 gate_active=false l_thumb=None r_thumb=None [diag-ctx] ime_o
2026-09-20T14:24:34.314708Z DEBUG awase::journal: key input seq=94 elapsed_ms=18253 vk_code=242 is_down=true injected=true key_class="Passthrough" state_before="Idle" state_after="Idle" decision="PassThrough" physical="Allow" repeat_count=1 last_timestamp_us=18254768 last_elapsed_ms=0
2026-09-20T14:24:34.314796Z DEBUG awase_windows::runtime::key_pipeline: may_change_ime key passed through → IME refresh scheduled (20ms)
2026-09-20T14:24:34.314865Z DEBUG execute_from_hook: awase_windows::runtime::executor: [relay-passthrough] PassThrough idle: direct OS pass-through (vk=0xf2 down)
2026-09-20T14:24:34.314931Z DEBUG execute_one{generation=None}: awase_windows::runtime::executor: [reinject] vk=0xf2 down (queued passthrough now firing)
2026-09-20T14:24:34.315681Z DEBUG awase_windows::hook: [hook] IME-mode vk=0xF2 down self_injected=true injected=true scan=0x0 extra=0x4B45594D since_actuation_us=Some(18174102)
2026-09-20T14:24:34.317634Z DEBUG awase::journal: hook ime-mode diagnostic seq=95 elapsed_ms=18256 vk_code=242 is_down=true self_injected=true injected=true scan=0
2026-09-20T14:24:34.348926Z DEBUG awase_windows::runtime::ime_refresh: Skipping observer/SSOT write: typing active (idle=47ms)
2026-09-20T14:24:34.856977Z DEBUG awase_windows::observer::ime_observer: IME snapshot: japanese=Some(true) ime_on=Some(false) romaji=Some(true) conv=Some("0x00000019") guard=false
2026-09-20T14:24:34.857059Z DEBUG awase::journal: ime event seq=96 elapsed_ms=18795 event_kind="ObserverReported"
2026-09-20T14:24:34.857089Z DEBUG awase::journal: ime event seq=97 elapsed_ms=18795 event_kind="InputModeObserved"
2026-09-20T14:24:34.857176Z  INFO awase::engine::engine: Engine deactivated (ime=false, romaji=true, japanese=true, user=true, reason=Inactive(ImeOff))
2026-09-20T14:24:34.857331Z DEBUG execute_from_loop:execute_one{generation=None}:dispatch_ime_set_open{open=false generation=None}: awase_windows::runtime::executor: [dispatch-ime] ImmCross async: optimistic applied_snapshot=false (suppress send_engine_state_ime_key)
2026-09-20T14:24:34.859108Z DEBUG execute_from_loop:execute_one{generation=None}: awase_windows::platform: [engine-state-key] suppressed (polling/focus-triggered, enabled=false)
2026-09-20T14:24:34.861848Z DEBUG run_open_chain_async: awase_windows::ime_controller: [warrant-shadow] chain=async open=false origin=EventOrigin { source: SelfActuated { strategy: "engine_decision_async" }, epoch: Generation(0) } warranted
2026-09-20T14:24:34.862063Z  INFO run_open_chain_async:imm_cross_write{open=false}: awase_windows::runtime::open_chain: [apply-ime] ImmCross async: open=false composition_active=false show_seq=0 change_seq=0 (issue #138診断)
2026-09-20T14:24:34.864783Z DEBUG awase_windows::shadow_send_trace: [shadow-send] channel=ImeControl cmd=0x0006 lparam=0 issue_us=18804986
2026-09-20T14:24:34.864811Z DEBUG awase_windows::ime: set_ime_open_for_target: hwnd=HWND(0x15009c) ime_wnd=HWND(0x2406fe) open=false success=true send_elapsed=0ms candidate_visible=false
2026-09-20T14:24:34.865097Z DEBUG run_open_chain_async:imm_cross_write{open=false}: awase_windows::ime: [imm-cross-actuate] hwnd=HWND(0x15009c) open=Written conv=None
2026-09-20T14:24:34.865251Z DEBUG run_open_chain_async: awase::journal: actuation decision seq=98 elapsed_ms=18803 site="DispatchImeSetOpen" caller="None" open=false chain_len=4 attempts_len=1 gate_profile="Standard" gate_kind="MsIme" gate_shadow_known=true gate_shadow_on=true gate_input_mode="Obser
2026-09-20T14:24:34.865554Z DEBUG on_ime_apply_complete{open=false outcome=AppliedWithoutSendInput generation=None reason=EngineDecision}: awase::journal: ime open applied seq=99 elapsed_ms=18803 open=false outcome="AppliedWithoutSendInput" reason="EngineDecision"
2026-09-20T14:24:34.865652Z DEBUG on_ime_apply_complete{open=false outcome=AppliedWithoutSendInput generation=None reason=EngineDecision}: awase_windows::tsf::ime_mode_fsm: [ime-mode] SetOpen(false) applied → Off (belief, unconfirmed)
2026-09-20T14:24:34.865678Z DEBUG on_ime_apply_complete{open=false outcome=AppliedWithoutSendInput generation=None reason=EngineDecision}: awase_windows::platform: [composition] ImeEffect::SetOpen(false) → marking cold (prevent warm+TSF Enter leak)
2026-09-20T14:24:34.865700Z DEBUG on_ime_apply_complete{open=false outcome=AppliedWithoutSendInput generation=None reason=EngineDecision}: awase_windows::tsf::probe: [composition] marked cold reason=SetOpenFalse idle=18446744073709551615ms → next VK/TSF output will send VK_DBE_HIRAGANA warmup
2026-09-20T14:24:34.865829Z DEBUG awase::journal: gji fsm transition seq=100 elapsed_ms=18804 trigger="ImeOff" state_before="MsImeStrategy" state_after="MsImeStrategy"
2026-09-20T14:24:34.903860Z DEBUG awase_windows::observer::ime_observer: IME snapshot: japanese=Some(true) ime_on=Some(false) romaji=Some(true) conv=Some("0x00000019") guard=false
2026-09-20T14:24:34.904025Z DEBUG awase::journal: ime event seq=101 elapsed_ms=18842 event_kind="ObserverReported"
2026-09-20T14:24:34.904091Z DEBUG awase::journal: ime event seq=102 elapsed_ms=18842 event_kind="InputModeObserved"
2026-09-20T14:24:35.409034Z DEBUG awase_windows::observer::ime_observer: IME snapshot: japanese=Some(true) ime_on=Some(false) romaji=Some(true) conv=Some("0x00000019") guard=false
2026-09-20T14:24:35.409369Z DEBUG awase::journal: ime event seq=103 elapsed_ms=19347 event_kind="ObserverReported"
2026-09-20T14:24:35.409442Z DEBUG awase::journal: ime event seq=104 elapsed_ms=19347 event_kind="InputModeObserved"
2026-09-20T14:24:35.586387Z DEBUG awase_windows::runtime::key_pipeline: [engine-input] vk=0x41 KeyDown ts=19526494us delay=0ms state=Idle mods(c=false s=false a=false w=false) gas_ctrl=false phys_ctrl=false extra=0x5350494B pending_drain=0 gate_active=false l_thumb=None r_thumb=None [diag-ctx] ime_o
2026-09-20T14:24:35.586537Z DEBUG awase::journal: key input seq=105 elapsed_ms=19524 vk_code=65 is_down=true injected=true key_class="Char" state_before="Idle" state_after="Idle" decision="PassThrough" physical="Allow" repeat_count=1 last_timestamp_us=19526494 last_elapsed_ms=0
2026-09-20T14:24:35.586764Z DEBUG execute_one{generation=None}: awase_windows::runtime::executor: [reinject] vk=0x41 down (queued passthrough now firing)
2026-09-20T14:24:35.686723Z DEBUG awase_windows::runtime::key_pipeline: [engine-input] vk=0x41 KeyUp ts=19626948us delay=0ms state=Idle mods(c=false s=false a=false w=false) gas_ctrl=false phys_ctrl=false extra=0x5350494B pending_drain=0 gate_active=false l_thumb=None r_thumb=None [diag-ctx] ime_on=
2026-09-20T14:24:35.686872Z DEBUG awase::journal: key input seq=106 elapsed_ms=19625 vk_code=65 is_down=false injected=true key_class="Char" state_before="Idle" state_after="Idle" decision="PassThrough" physical="Allow" repeat_count=1 last_timestamp_us=19626948 last_elapsed_ms=0
2026-09-20T14:24:35.687099Z DEBUG execute_one{generation=None}: awase_windows::runtime::executor: [reinject] vk=0x41 up (queued passthrough now firing)
2026-09-20T14:24:35.905591Z DEBUG awase_windows::runtime::ime_refresh: Skipping observer/SSOT write: typing active (idle=219ms)
2026-09-20T14:24:36.411782Z DEBUG awase_windows::observer::ime_observer: IME snapshot: japanese=Some(true) ime_on=Some(false) romaji=Some(true) conv=Some("0x00000019") guard=false
2026-09-20T14:24:36.411873Z DEBUG awase::journal: ime event seq=107 elapsed_ms=20350 event_kind="ObserverReported"
2026-09-20T14:24:36.411905Z DEBUG awase::journal: ime event seq=108 elapsed_ms=20350 event_kind="InputModeObserved"
2026-09-20T14:24:36.566872Z DEBUG awase_windows::runtime::key_pipeline: [engine-input] vk=0x1B KeyDown ts=20506881us delay=0ms state=Idle mods(c=false s=false a=false w=false) gas_ctrl=false phys_ctrl=false extra=0x5350494B pending_drain=0 gate_active=false l_thumb=None r_thumb=None [diag-ctx] ime_o
2026-09-20T14:24:36.567035Z DEBUG awase::journal: key input seq=109 elapsed_ms=20505 vk_code=27 is_down=true injected=true key_class="Passthrough" state_before="Idle" state_after="Idle" decision="PassThrough" physical="Allow" repeat_count=1 last_timestamp_us=20506881 last_elapsed_ms=0
2026-09-20T14:24:36.567264Z DEBUG execute_from_hook: awase_windows::runtime::executor: [relay-passthrough] PassThrough idle: direct OS pass-through (vk=0x1b down)
2026-09-20T14:24:36.567427Z DEBUG execute_one{generation=None}: awase_windows::runtime::executor: [reinject] vk=0x1b down (queued passthrough now firing)
2026-09-20T14:24:36.629915Z DEBUG awase_windows::runtime::key_pipeline: [engine-input] vk=0x1B KeyUp ts=20569700us delay=0ms state=Idle mods(c=false s=false a=false w=false) gas_ctrl=false phys_ctrl=false extra=0x5350494B pending_drain=0 gate_active=false l_thumb=None r_thumb=None [diag-ctx] ime_on=
2026-09-20T14:24:36.630195Z DEBUG awase::journal: key input seq=110 elapsed_ms=20568 vk_code=27 is_down=false injected=true key_class="Passthrough" state_before="Idle" state_after="Idle" decision="PassThrough" physical="Allow" repeat_count=1 last_timestamp_us=20569700 last_elapsed_ms=0
2026-09-20T14:24:36.630344Z DEBUG execute_from_hook: awase_windows::runtime::executor: [relay-passthrough] PassThrough idle: direct OS pass-through (vk=0x1b up)
2026-09-20T14:24:36.630435Z DEBUG execute_one{generation=None}: awase_windows::runtime::executor: [reinject] vk=0x1b up (queued passthrough now firing)
2026-09-20T14:24:36.917872Z DEBUG awase_windows::runtime::ime_refresh: Skipping observer/SSOT write: typing active (idle=297ms)
2026-09-20T14:24:37.416810Z DEBUG awase_windows::observer::ime_observer: IME snapshot: japanese=Some(true) ime_on=Some(false) romaji=Some(true) conv=Some("0x00000019") guard=false
2026-09-20T14:24:37.416901Z DEBUG awase::journal: ime event seq=111 elapsed_ms=21355 event_kind="ObserverReported"
2026-09-20T14:24:37.416935Z DEBUG awase::journal: ime event seq=112 elapsed_ms=21355 event_kind="InputModeObserved"
2026-09-20T14:24:37.630448Z DEBUG awase_windows::hook: [hook] IME-mode vk=0xF0 up self_injected=false injected=false scan=0x70 extra=0x5350494B since_actuation_us=Some(21488859)
2026-09-20T14:24:37.630975Z DEBUG awase::journal: hook ime-mode diagnostic seq=113 elapsed_ms=21569 vk_code=240 is_down=false self_injected=false injected=false scan=112
2026-09-20T14:24:37.631000Z DEBUG awase_windows::hook: [hook] IME-mode vk=0xF2 down self_injected=false injected=true scan=0x70 extra=0x5350494B since_actuation_us=Some(21489412)
2026-09-20T14:24:37.631254Z DEBUG awase_windows::runtime::key_pipeline: [engine-input] vk=0xF0 KeyUp ts=21571213us delay=0ms state=Idle mods(c=false s=false a=false w=false) gas_ctrl=false phys_ctrl=false extra=0x5350494B pending_drain=0 gate_active=false l_thumb=None r_thumb=None [diag-ctx] ime_on=
2026-09-20T14:24:37.631444Z DEBUG awase::journal: key input seq=114 elapsed_ms=21569 vk_code=240 is_down=false injected=false key_class="Passthrough" state_before="Idle" state_after="Idle" decision="PassThrough" physical="Suppress" repeat_count=1 last_timestamp_us=21571213 last_elapsed_ms=0
2026-09-20T14:24:37.631508Z DEBUG awase_windows::runtime::key_pipeline: [imm-cross] key suppress vk=0xf0 KeyUp (physical disposition)
2026-09-20T14:24:37.631572Z DEBUG awase::journal: hook ime-mode diagnostic seq=115 elapsed_ms=21569 vk_code=242 is_down=true self_injected=false injected=true scan=112
2026-09-20T14:24:37.631652Z  INFO awase_windows::runtime::key_pipeline: [shadow-toggle] injected IME キー vk=0xF2 はユーザー意図に昇格させない (BUG-14) — belief 追従は may_change_ime refresh 観測に委譲
2026-09-20T14:24:37.631682Z DEBUG awase_windows::runtime::key_pipeline: [engine-input] vk=0xF2 KeyDown ts=21571714us delay=0ms state=Idle mods(c=false s=false a=false w=false) gas_ctrl=false phys_ctrl=false extra=0x5350494B pending_drain=0 gate_active=false l_thumb=None r_thumb=None [diag-ctx] ime_o
2026-09-20T14:24:37.631746Z DEBUG awase::journal: key input seq=116 elapsed_ms=21569 vk_code=242 is_down=true injected=true key_class="Passthrough" state_before="Idle" state_after="Idle" decision="PassThrough" physical="Allow" repeat_count=1 last_timestamp_us=21571714 last_elapsed_ms=0
2026-09-20T14:24:37.632008Z DEBUG awase_windows::runtime::key_pipeline: may_change_ime key passed through → IME refresh scheduled (20ms)
2026-09-20T14:24:37.632096Z DEBUG execute_from_hook: awase_windows::runtime::executor: [relay-passthrough] PassThrough idle: direct OS pass-through (vk=0xf2 down)
2026-09-20T14:24:37.632168Z DEBUG execute_one{generation=None}: awase_windows::runtime::executor: [reinject] vk=0xf2 down (queued passthrough now firing)
2026-09-20T14:24:37.632866Z DEBUG awase_windows::hook: [hook] IME-mode vk=0xF0 up self_injected=true injected=false scan=0x0 extra=0x4B45594D since_actuation_us=Some(21491288)
2026-09-20T14:24:37.634682Z DEBUG awase_windows::hook: [hook] IME-mode vk=0xF2 down self_injected=true injected=true scan=0x0 extra=0x4B45594D since_actuation_us=Some(21493099)
2026-09-20T14:24:37.636666Z DEBUG awase::journal: hook ime-mode diagnostic seq=117 elapsed_ms=21574 vk_code=240 is_down=false self_injected=true injected=false scan=0
2026-09-20T14:24:37.636728Z DEBUG awase::journal: hook ime-mode diagnostic seq=118 elapsed_ms=21574 vk_code=242 is_down=true self_injected=true injected=true scan=0
2026-09-20T14:24:37.680882Z DEBUG awase_windows::runtime::ime_refresh: Skipping observer/SSOT write: typing active (idle=47ms)
2026-09-20T14:24:38.257598Z DEBUG awase_windows::observer::ime_observer: IME snapshot: japanese=Some(true) ime_on=Some(true) romaji=None conv=Some("0x00000009") guard=false
2026-09-20T14:24:38.257687Z DEBUG awase::journal: ime event seq=119 elapsed_ms=22195 event_kind="ObserverReported"
2026-09-20T14:24:38.257753Z  INFO awase::engine::engine: Engine activated (ime=true, romaji=true, japanese=true, user=true, reason=Active)
2026-09-20T14:24:38.257887Z DEBUG execute_from_loop:execute_one{generation=None}:dispatch_ime_set_open{open=true generation=None}: awase_windows::runtime::executor: [dispatch-ime] ImmCross async: optimistic applied_snapshot=true (suppress send_engine_state_ime_key)
2026-09-20T14:24:38.259342Z DEBUG execute_from_loop:execute_one{generation=None}: awase_windows::platform: [engine-state-key] suppressed (polling/focus-triggered, enabled=true)
2026-09-20T14:24:38.261316Z DEBUG run_open_chain_async: awase_windows::ime_controller: [warrant-shadow] chain=async open=true origin=EventOrigin { source: SelfActuated { strategy: "engine_decision_async" }, epoch: Generation(0) } warranted
2026-09-20T14:24:38.261549Z  INFO run_open_chain_async:imm_cross_write{open=true}: awase_windows::runtime::open_chain: [apply-ime] ImmCross async: open=true composition_active=false show_seq=0 change_seq=0 (issue #138診断)
2026-09-20T14:24:38.263426Z DEBUG awase_windows::shadow_send_trace: [shadow-send] channel=ImeControl cmd=0x0006 lparam=1 issue_us=22203688
2026-09-20T14:24:38.263442Z DEBUG awase_windows::ime: set_ime_open_for_target: hwnd=HWND(0x15009c) ime_wnd=HWND(0x2406fe) open=true success=true send_elapsed=0ms candidate_visible=false
2026-09-20T14:24:38.264255Z DEBUG awase_windows::shadow_send_trace: [shadow-send] channel=ImeControl cmd=0x0002 lparam=25 issue_us=22204307
2026-09-20T14:24:38.264270Z DEBUG awase_windows::ime: [imm-romaji] conv 0x00000009 → 0x00000019 success=true target=None
2026-09-20T14:24:38.264946Z DEBUG run_open_chain_async:imm_cross_write{open=true}: awase_windows::ime: [imm-cross-actuate] hwnd=HWND(0x15009c) open=Written conv=Some(Written)
2026-09-20T14:24:38.264995Z DEBUG run_open_chain_async:imm_cross_write{open=true}: awase_windows::runtime::open_chain: [apply-ime] ROMAN 補完結果: Written
2026-09-20T14:24:38.265046Z DEBUG run_open_chain_async: awase::journal: actuation decision seq=120 elapsed_ms=22203 site="DispatchImeSetOpen" caller="None" open=true chain_len=4 attempts_len=1 gate_profile="Standard" gate_kind="MsIme" gate_shadow_known=true gate_shadow_on=false gate_input_mode="Obse
2026-09-20T14:24:38.265690Z DEBUG on_ime_apply_complete{open=true outcome=AppliedWithoutSendInput generation=None reason=EngineDecision}: awase::journal: ime open applied seq=121 elapsed_ms=22203 open=true outcome="AppliedWithoutSendInput" reason="EngineDecision"
2026-09-20T14:24:38.265819Z DEBUG on_ime_apply_complete{open=true outcome=AppliedWithoutSendInput generation=None reason=EngineDecision}: awase_windows::tsf::ime_mode_fsm: [ime-mode] SetOpen(true) applied → Hiragana (belief, unconfirmed)
2026-09-20T14:24:38.265850Z DEBUG on_ime_apply_complete{open=true outcome=AppliedWithoutSendInput generation=None reason=EngineDecision}: awase_windows::platform: [composition] ImeEffect::SetOpen(true) → marking cold
2026-09-20T14:24:38.265870Z DEBUG on_ime_apply_complete{open=true outcome=AppliedWithoutSendInput generation=None reason=EngineDecision}: awase_windows::tsf::probe: [composition] marked cold reason=SetOpenTrue idle=18446744073709551615ms → next VK/TSF output will send VK_DBE_HIRAGANA warmup
2026-09-20T14:24:38.266003Z DEBUG awase::journal: gji fsm transition seq=122 elapsed_ms=22203 trigger="ImeOn(gji_idle_ms=22109)" state_before="MsImeStrategy" state_after="MsImeStrategy"
2026-09-20T14:24:38.293719Z DEBUG awase_windows::observer::ime_observer: IME snapshot: japanese=Some(true) ime_on=Some(true) romaji=Some(true) conv=Some("0x00000019") guard=false
2026-09-20T14:24:38.293927Z DEBUG awase::journal: ime event seq=123 elapsed_ms=22231 event_kind="ObserverReported"
2026-09-20T14:24:38.294001Z DEBUG awase::journal: ime event seq=124 elapsed_ms=22232 event_kind="InputModeObserved"
2026-09-20T14:24:38.804383Z DEBUG awase_windows::observer::ime_observer: IME snapshot: japanese=Some(true) ime_on=Some(true) romaji=Some(true) conv=Some("0x00000019") guard=false
2026-09-20T14:24:38.804506Z DEBUG awase::journal: ime event seq=125 elapsed_ms=22742 event_kind="ObserverReported"
2026-09-20T14:24:38.804545Z DEBUG awase::journal: ime event seq=126 elapsed_ms=22742 event_kind="InputModeObserved"
2026-09-20T14:24:39.308260Z DEBUG awase_windows::observer::ime_observer: IME snapshot: japanese=Some(true) ime_on=Some(true) romaji=Some(true) conv=Some("0x00000019") guard=false
2026-09-20T14:24:39.308344Z DEBUG awase::journal: ime event seq=127 elapsed_ms=23246 event_kind="ObserverReported"
2026-09-20T14:24:39.308375Z DEBUG awase::journal: ime event seq=128 elapsed_ms=23246 event_kind="InputModeObserved"
2026-09-20T14:24:39.447465Z DEBUG awase_windows::hook: [hook] IME-mode vk=0xF2 down self_injected=false injected=true scan=0x70 extra=0x5350494B since_actuation_us=Some(23305871)
2026-09-20T14:24:39.447688Z DEBUG awase::journal: hook ime-mode diagnostic seq=129 elapsed_ms=23385 vk_code=242 is_down=true self_injected=false injected=true scan=112
2026-09-20T14:24:39.447881Z  INFO awase_windows::runtime::key_pipeline: [shadow-toggle] injected IME キー vk=0xF2 はユーザー意図に昇格させない (BUG-14) — belief 追従は may_change_ime refresh 観測に委譲
2026-09-20T14:24:39.447940Z DEBUG awase_windows::runtime::key_pipeline: [engine-input] vk=0xF2 KeyDown ts=23388231us delay=0ms state=Idle mods(c=false s=false a=false w=false) gas_ctrl=false phys_ctrl=false extra=0x5350494B pending_drain=0 gate_active=false l_thumb=None r_thumb=None [diag-ctx] ime_o
2026-09-20T14:24:39.448042Z DEBUG awase::journal: key input seq=130 elapsed_ms=23385 vk_code=242 is_down=true injected=true key_class="Passthrough" state_before="Idle" state_after="Idle" decision="PassThrough" physical="Allow" repeat_count=1 last_timestamp_us=23388231 last_elapsed_ms=0
2026-09-20T14:24:39.448128Z DEBUG awase_windows::runtime::key_pipeline: may_change_ime key passed through → IME refresh scheduled (20ms)
2026-09-20T14:24:39.448208Z DEBUG execute_from_hook: awase_windows::runtime::executor: [relay-passthrough] PassThrough idle: direct OS pass-through (vk=0xf2 down)
2026-09-20T14:24:39.448274Z DEBUG execute_one{generation=None}: awase_windows::runtime::executor: [reinject] vk=0xf2 down (queued passthrough now firing)
2026-09-20T14:24:39.449269Z DEBUG awase_windows::hook: [hook] IME-mode vk=0xF2 down self_injected=true injected=true scan=0x0 extra=0x4B45594D since_actuation_us=Some(23307686)
2026-09-20T14:24:39.451738Z DEBUG awase::journal: hook ime-mode diagnostic seq=131 elapsed_ms=23389 vk_code=242 is_down=true self_injected=true injected=true scan=0
2026-09-20T14:24:39.480787Z DEBUG awase_windows::runtime::ime_refresh: Skipping observer/SSOT write: typing active (idle=31ms)
2026-09-20T14:24:39.990040Z DEBUG awase_windows::observer::ime_observer: IME snapshot: japanese=Some(true) ime_on=Some(false) romaji=Some(true) conv=Some("0x00000019") guard=false
2026-09-20T14:24:39.990146Z DEBUG awase::journal: ime event seq=132 elapsed_ms=23927 event_kind="ObserverReported"
2026-09-20T14:24:39.990184Z DEBUG awase::journal: ime event seq=133 elapsed_ms=23927 event_kind="InputModeObserved"
2026-09-20T14:24:39.990294Z  INFO awase::engine::engine: Engine deactivated (ime=false, romaji=true, japanese=true, user=true, reason=Inactive(ImeOff))
2026-09-20T14:24:39.990507Z DEBUG execute_from_loop:execute_one{generation=None}:dispatch_ime_set_open{open=false generation=None}: awase_windows::runtime::executor: [dispatch-ime] ImmCross async: optimistic applied_snapshot=false (suppress send_engine_state_ime_key)
2026-09-20T14:24:39.992816Z DEBUG execute_from_loop:execute_one{generation=None}: awase_windows::platform: [engine-state-key] suppressed (polling/focus-triggered, enabled=false)
2026-09-20T14:24:39.996080Z DEBUG run_open_chain_async: awase_windows::ime_controller: [warrant-shadow] chain=async open=false origin=EventOrigin { source: SelfActuated { strategy: "engine_decision_async" }, epoch: Generation(0) } warranted
2026-09-20T14:24:39.996183Z  INFO run_open_chain_async:imm_cross_write{open=false}: awase_windows::runtime::open_chain: [apply-ime] ImmCross async: open=false composition_active=false show_seq=0 change_seq=0 (issue #138診断)
2026-09-20T14:24:39.999000Z DEBUG awase_windows::shadow_send_trace: [shadow-send] channel=ImeControl cmd=0x0006 lparam=0 issue_us=23939145
2026-09-20T14:24:39.999020Z DEBUG awase_windows::ime: set_ime_open_for_target: hwnd=HWND(0x15009c) ime_wnd=HWND(0x2406fe) open=false success=true send_elapsed=0ms candidate_visible=false
2026-09-20T14:24:39.999356Z DEBUG run_open_chain_async:imm_cross_write{open=false}: awase_windows::ime: [imm-cross-actuate] hwnd=HWND(0x15009c) open=Written conv=None
2026-09-20T14:24:39.999497Z DEBUG run_open_chain_async: awase::journal: actuation decision seq=134 elapsed_ms=23937 site="DispatchImeSetOpen" caller="None" open=false chain_len=4 attempts_len=1 gate_profile="Standard" gate_kind="MsIme" gate_shadow_known=true gate_shadow_on=true gate_input_mode="Obse
2026-09-20T14:24:39.999742Z DEBUG on_ime_apply_complete{open=false outcome=AppliedWithoutSendInput generation=None reason=EngineDecision}: awase::journal: ime open applied seq=135 elapsed_ms=23937 open=false outcome="AppliedWithoutSendInput" reason="EngineDecision"
2026-09-20T14:24:39.999831Z DEBUG on_ime_apply_complete{open=false outcome=AppliedWithoutSendInput generation=None reason=EngineDecision}: awase_windows::tsf::ime_mode_fsm: [ime-mode] SetOpen(false) applied → Off (belief, unconfirmed)
2026-09-20T14:24:39.999859Z DEBUG on_ime_apply_complete{open=false outcome=AppliedWithoutSendInput generation=None reason=EngineDecision}: awase_windows::platform: [composition] ImeEffect::SetOpen(false) → marking cold (prevent warm+TSF Enter leak)
2026-09-20T14:24:39.999883Z DEBUG on_ime_apply_complete{open=false outcome=AppliedWithoutSendInput generation=None reason=EngineDecision}: awase_windows::tsf::probe: [composition] marked cold reason=SetOpenFalse idle=18446744073709551615ms → next VK/TSF output will send VK_DBE_HIRAGANA warmup
2026-09-20T14:24:40.000007Z DEBUG awase::journal: gji fsm transition seq=136 elapsed_ms=23937 trigger="ImeOff" state_before="MsImeStrategy" state_after="MsImeStrategy"
2026-09-20T14:24:40.035776Z DEBUG awase_windows::observer::ime_observer: IME snapshot: japanese=Some(true) ime_on=Some(false) romaji=Some(true) conv=Some("0x00000019") guard=false
2026-09-20T14:24:40.035880Z DEBUG awase::journal: ime event seq=137 elapsed_ms=23973 event_kind="ObserverReported"
2026-09-20T14:24:40.035919Z DEBUG awase::journal: ime event seq=138 elapsed_ms=23973 event_kind="InputModeObserved"
2026-09-20T14:24:40.525751Z DEBUG awase_windows::observer::ime_observer: IME snapshot: japanese=Some(true) ime_on=Some(false) romaji=Some(true) conv=Some("0x00000019") guard=false
2026-09-20T14:24:40.525785Z DEBUG awase::journal: ime event seq=139 elapsed_ms=24463 event_kind="ObserverReported"
2026-09-20T14:24:40.525798Z DEBUG awase::journal: ime event seq=140 elapsed_ms=24463 event_kind="InputModeObserved"
2026-09-20T14:24:40.719795Z DEBUG awase_windows::runtime::key_pipeline: [engine-input] vk=0x41 KeyDown ts=24659497us delay=0ms state=Idle mods(c=false s=false a=false w=false) gas_ctrl=false phys_ctrl=false extra=0x5350494B pending_drain=0 gate_active=false l_thumb=None r_thumb=None [diag-ctx] ime_o
2026-09-20T14:24:40.719910Z DEBUG awase::journal: key input seq=141 elapsed_ms=24657 vk_code=65 is_down=true injected=true key_class="Char" state_before="Idle" state_after="Idle" decision="PassThrough" physical="Allow" repeat_count=1 last_timestamp_us=24659497 last_elapsed_ms=0
2026-09-20T14:24:40.720067Z DEBUG execute_one{generation=None}: awase_windows::runtime::executor: [reinject] vk=0x41 down (queued passthrough now firing)
2026-09-20T14:24:40.824621Z DEBUG awase_windows::runtime::key_pipeline: [engine-input] vk=0x41 KeyUp ts=24764853us delay=0ms state=Idle mods(c=false s=false a=false w=false) gas_ctrl=false phys_ctrl=false extra=0x5350494B pending_drain=0 gate_active=false l_thumb=None r_thumb=None [diag-ctx] ime_on=
2026-09-20T14:24:40.824782Z DEBUG awase::journal: key input seq=142 elapsed_ms=24762 vk_code=65 is_down=false injected=true key_class="Char" state_before="Idle" state_after="Idle" decision="PassThrough" physical="Allow" repeat_count=1 last_timestamp_us=24764853 last_elapsed_ms=0
2026-09-20T14:24:40.825031Z DEBUG execute_one{generation=None}: awase_windows::runtime::executor: [reinject] vk=0x41 up (queued passthrough now firing)
2026-09-20T14:24:41.096207Z DEBUG awase_windows::runtime::ime_refresh: Skipping observer/SSOT write: typing active (idle=265ms)
2026-09-20T14:24:41.603864Z DEBUG awase_windows::observer::ime_observer: IME snapshot: japanese=Some(true) ime_on=Some(false) romaji=Some(true) conv=Some("0x00000019") guard=false
2026-09-20T14:24:41.604025Z DEBUG awase::journal: ime event seq=143 elapsed_ms=25541 event_kind="ObserverReported"
2026-09-20T14:24:41.604070Z DEBUG awase::journal: ime event seq=144 elapsed_ms=25541 event_kind="InputModeObserved"
2026-09-20T14:24:41.710688Z DEBUG awase_windows::runtime::key_pipeline: [engine-input] vk=0x1B KeyDown ts=25650791us delay=0ms state=Idle mods(c=false s=false a=false w=false) gas_ctrl=false phys_ctrl=false extra=0x5350494B pending_drain=0 gate_active=false l_thumb=None r_thumb=None [diag-ctx] ime_o
2026-09-20T14:24:41.711101Z DEBUG awase::journal: key input seq=145 elapsed_ms=25648 vk_code=27 is_down=true injected=true key_class="Passthrough" state_before="Idle" state_after="Idle" decision="PassThrough" physical="Allow" repeat_count=1 last_timestamp_us=25650791 last_elapsed_ms=0
2026-09-20T14:24:41.711247Z DEBUG execute_from_hook: awase_windows::runtime::executor: [relay-passthrough] PassThrough idle: direct OS pass-through (vk=0x1b down)
2026-09-20T14:24:41.711354Z DEBUG execute_one{generation=None}: awase_windows::runtime::executor: [reinject] vk=0x1b down (queued passthrough now firing)
2026-09-20T14:24:41.772022Z DEBUG awase_windows::runtime::key_pipeline: [engine-input] vk=0x1B KeyUp ts=25712295us delay=0ms state=Idle mods(c=false s=false a=false w=false) gas_ctrl=false phys_ctrl=false extra=0x5350494B pending_drain=0 gate_active=false l_thumb=None r_thumb=None [diag-ctx] ime_on=
2026-09-20T14:24:41.772146Z DEBUG awase::journal: key input seq=146 elapsed_ms=25709 vk_code=27 is_down=false injected=true key_class="Passthrough" state_before="Idle" state_after="Idle" decision="PassThrough" physical="Allow" repeat_count=1 last_timestamp_us=25712295 last_elapsed_ms=0
2026-09-20T14:24:41.772283Z DEBUG execute_from_hook: awase_windows::runtime::executor: [relay-passthrough] PassThrough idle: direct OS pass-through (vk=0x1b up)
2026-09-20T14:24:41.772382Z DEBUG execute_one{generation=None}: awase_windows::runtime::executor: [reinject] vk=0x1b up (queued passthrough now firing)
2026-09-20T14:24:42.104649Z DEBUG awase_windows::runtime::ime_refresh: Skipping observer/SSOT write: typing active (idle=328ms)
2026-09-20T14:24:42.619511Z DEBUG awase_windows::observer::ime_observer: IME snapshot: japanese=Some(true) ime_on=Some(false) romaji=Some(true) conv=Some("0x00000019") guard=false
2026-09-20T14:24:42.619604Z DEBUG awase::journal: ime event seq=147 elapsed_ms=26557 event_kind="ObserverReported"
2026-09-20T14:24:42.619646Z DEBUG awase::journal: ime event seq=148 elapsed_ms=26557 event_kind="InputModeObserved"
2026-09-20T14:24:42.709266Z DEBUG awase_windows::hook: [hook] IME-mode vk=0xF0 up self_injected=false injected=false scan=0x70 extra=0x5350494B since_actuation_us=Some(26567675)
2026-09-20T14:24:42.709776Z DEBUG awase::journal: hook ime-mode diagnostic seq=149 elapsed_ms=26647 vk_code=240 is_down=false self_injected=false injected=false scan=112
2026-09-20T14:24:42.710018Z DEBUG awase_windows::hook: [hook] IME-mode vk=0xF2 down self_injected=false injected=true scan=0x70 extra=0x5350494B since_actuation_us=Some(26568432)
2026-09-20T14:24:42.710043Z DEBUG awase_windows::runtime::key_pipeline: [engine-input] vk=0xF0 KeyUp ts=26650012us delay=0ms state=Idle mods(c=false s=false a=false w=false) gas_ctrl=false phys_ctrl=false extra=0x5350494B pending_drain=0 gate_active=false l_thumb=None r_thumb=None [diag-ctx] ime_on=
2026-09-20T14:24:42.710440Z DEBUG awase::journal: key input seq=150 elapsed_ms=26647 vk_code=240 is_down=false injected=false key_class="Passthrough" state_before="Idle" state_after="Idle" decision="PassThrough" physical="Suppress" repeat_count=1 last_timestamp_us=26650012 last_elapsed_ms=0
2026-09-20T14:24:42.710501Z DEBUG awase_windows::runtime::key_pipeline: [imm-cross] key suppress vk=0xf0 KeyUp (physical disposition)
2026-09-20T14:24:42.710669Z DEBUG awase::journal: hook ime-mode diagnostic seq=151 elapsed_ms=26648 vk_code=242 is_down=true self_injected=false injected=true scan=112
2026-09-20T14:24:42.710795Z  INFO awase_windows::runtime::key_pipeline: [shadow-toggle] injected IME キー vk=0xF2 はユーザー意図に昇格させない (BUG-14) — belief 追従は may_change_ime refresh 観測に委譲
2026-09-20T14:24:42.710845Z DEBUG awase_windows::runtime::key_pipeline: [engine-input] vk=0xF2 KeyDown ts=26650724us delay=0ms state=Idle mods(c=false s=false a=false w=false) gas_ctrl=false phys_ctrl=false extra=0x5350494B pending_drain=0 gate_active=false l_thumb=None r_thumb=None [diag-ctx] ime_o
2026-09-20T14:24:42.710925Z DEBUG awase::journal: key input seq=152 elapsed_ms=26648 vk_code=242 is_down=true injected=true key_class="Passthrough" state_before="Idle" state_after="Idle" decision="PassThrough" physical="Allow" repeat_count=1 last_timestamp_us=26650724 last_elapsed_ms=0
2026-09-20T14:24:42.711011Z DEBUG awase_windows::runtime::key_pipeline: may_change_ime key passed through → IME refresh scheduled (20ms)
2026-09-20T14:24:42.711081Z DEBUG execute_from_hook: awase_windows::runtime::executor: [relay-passthrough] PassThrough idle: direct OS pass-through (vk=0xf2 down)
2026-09-20T14:24:42.711147Z DEBUG execute_one{generation=None}: awase_windows::runtime::executor: [reinject] vk=0xf2 down (queued passthrough now firing)
2026-09-20T14:24:42.711720Z DEBUG awase_windows::hook: [hook] IME-mode vk=0xF0 up self_injected=true injected=false scan=0x0 extra=0x4B45594D since_actuation_us=Some(26570137)
2026-09-20T14:24:42.714313Z DEBUG awase_windows::hook: [hook] IME-mode vk=0xF2 down self_injected=true injected=true scan=0x0 extra=0x4B45594D since_actuation_us=Some(26572730)
2026-09-20T14:24:42.716435Z DEBUG awase::journal: hook ime-mode diagnostic seq=153 elapsed_ms=26653 vk_code=240 is_down=false self_injected=true injected=false scan=0
2026-09-20T14:24:42.716500Z DEBUG awase::journal: hook ime-mode diagnostic seq=154 elapsed_ms=26653 vk_code=242 is_down=true self_injected=true injected=true scan=0
2026-09-20T14:24:42.742697Z DEBUG awase_windows::runtime::ime_refresh: Skipping observer/SSOT write: typing active (idle=31ms)
2026-09-20T14:24:43.259122Z DEBUG awase_windows::observer::ime_observer: IME snapshot: japanese=Some(true) ime_on=Some(true) romaji=None conv=Some("0x00000009") guard=false
2026-09-20T14:24:43.259215Z DEBUG awase::journal: ime event seq=155 elapsed_ms=27196 event_kind="ObserverReported"
2026-09-20T14:24:43.259286Z  INFO awase::engine::engine: Engine activated (ime=true, romaji=true, japanese=true, user=true, reason=Active)
2026-09-20T14:24:43.259422Z DEBUG execute_from_loop:execute_one{generation=None}:dispatch_ime_set_open{open=true generation=None}: awase_windows::runtime::executor: [dispatch-ime] ImmCross async: optimistic applied_snapshot=true (suppress send_engine_state_ime_key)
2026-09-20T14:24:43.261487Z DEBUG execute_from_loop:execute_one{generation=None}: awase_windows::platform: [engine-state-key] suppressed (polling/focus-triggered, enabled=true)
2026-09-20T14:24:43.263657Z DEBUG run_open_chain_async: awase_windows::ime_controller: [warrant-shadow] chain=async open=true origin=EventOrigin { source: SelfActuated { strategy: "engine_decision_async" }, epoch: Generation(0) } warranted
2026-09-20T14:24:43.263836Z  INFO run_open_chain_async:imm_cross_write{open=true}: awase_windows::runtime::open_chain: [apply-ime] ImmCross async: open=true composition_active=false show_seq=0 change_seq=0 (issue #138診断)
2026-09-20T14:24:43.266603Z DEBUG awase_windows::shadow_send_trace: [shadow-send] channel=ImeControl cmd=0x0006 lparam=1 issue_us=27206859
2026-09-20T14:24:43.266621Z DEBUG awase_windows::ime: set_ime_open_for_target: hwnd=HWND(0x15009c) ime_wnd=HWND(0x2406fe) open=true success=true send_elapsed=0ms candidate_visible=false
2026-09-20T14:24:43.268600Z DEBUG awase_windows::shadow_send_trace: [shadow-send] channel=ImeControl cmd=0x0002 lparam=25 issue_us=27207737
2026-09-20T14:24:43.268619Z DEBUG awase_windows::ime: [imm-romaji] conv 0x00000009 → 0x00000019 success=true target=None
2026-09-20T14:24:43.269269Z DEBUG run_open_chain_async:imm_cross_write{open=true}: awase_windows::ime: [imm-cross-actuate] hwnd=HWND(0x15009c) open=Written conv=Some(Written)
2026-09-20T14:24:43.269349Z DEBUG run_open_chain_async:imm_cross_write{open=true}: awase_windows::runtime::open_chain: [apply-ime] ROMAN 補完結果: Written
2026-09-20T14:24:43.269423Z DEBUG run_open_chain_async: awase::journal: actuation decision seq=156 elapsed_ms=27206 site="DispatchImeSetOpen" caller="None" open=true chain_len=4 attempts_len=1 gate_profile="Standard" gate_kind="MsIme" gate_shadow_known=true gate_shadow_on=false gate_input_mode="Obse
2026-09-20T14:24:43.270395Z DEBUG on_ime_apply_complete{open=true outcome=AppliedWithoutSendInput generation=None reason=EngineDecision}: awase::journal: ime open applied seq=157 elapsed_ms=27207 open=true outcome="AppliedWithoutSendInput" reason="EngineDecision"
2026-09-20T14:24:43.270754Z DEBUG on_ime_apply_complete{open=true outcome=AppliedWithoutSendInput generation=None reason=EngineDecision}: awase_windows::tsf::ime_mode_fsm: [ime-mode] SetOpen(true) applied → Hiragana (belief, unconfirmed)
2026-09-20T14:24:43.270817Z DEBUG on_ime_apply_complete{open=true outcome=AppliedWithoutSendInput generation=None reason=EngineDecision}: awase_windows::platform: [composition] ImeEffect::SetOpen(true) → marking cold
2026-09-20T14:24:43.270841Z DEBUG on_ime_apply_complete{open=true outcome=AppliedWithoutSendInput generation=None reason=EngineDecision}: awase_windows::tsf::probe: [composition] marked cold reason=SetOpenTrue idle=18446744073709551615ms → next VK/TSF output will send VK_DBE_HIRAGANA warmup
2026-09-20T14:24:43.271536Z DEBUG awase::journal: gji fsm transition seq=158 elapsed_ms=27208 trigger="ImeOn(gji_idle_ms=27125)" state_before="MsImeStrategy" state_after="MsImeStrategy"
2026-09-20T14:24:43.375053Z DEBUG awase_windows::observer::ime_observer: IME snapshot: japanese=Some(true) ime_on=Some(true) romaji=Some(true) conv=Some("0x00000019") guard=false
2026-09-20T14:24:43.375155Z DEBUG awase::journal: ime event seq=159 elapsed_ms=27312 event_kind="ObserverReported"
2026-09-20T14:24:43.375195Z DEBUG awase::journal: ime event seq=160 elapsed_ms=27312 event_kind="InputModeObserved"
2026-09-20T14:24:43.874340Z DEBUG awase_windows::observer::ime_observer: IME snapshot: japanese=Some(true) ime_on=Some(true) romaji=Some(true) conv=Some("0x00000019") guard=false
2026-09-20T14:24:43.874449Z DEBUG awase::journal: ime event seq=161 elapsed_ms=27811 event_kind="ObserverReported"
2026-09-20T14:24:43.874488Z DEBUG awase::journal: ime event seq=162 elapsed_ms=27811 event_kind="InputModeObserved"
2026-09-20T14:24:44.378958Z DEBUG awase_windows::observer::ime_observer: IME snapshot: japanese=Some(true) ime_on=Some(true) romaji=Some(true) conv=Some("0x00000019") guard=false
2026-09-20T14:24:44.379159Z DEBUG awase::journal: ime event seq=163 elapsed_ms=28316 event_kind="ObserverReported"
2026-09-20T14:24:44.379215Z DEBUG awase::journal: ime event seq=164 elapsed_ms=28316 event_kind="InputModeObserved"
2026-09-20T14:24:44.469752Z DEBUG awase_windows::hook: [hook] IME-mode vk=0xF2 down self_injected=false injected=true scan=0x70 extra=0x5350494B since_actuation_us=Some(28328156)
2026-09-20T14:24:44.470071Z DEBUG awase::journal: hook ime-mode diagnostic seq=165 elapsed_ms=28407 vk_code=242 is_down=true self_injected=false injected=true scan=112
2026-09-20T14:24:44.470298Z  INFO awase_windows::runtime::key_pipeline: [shadow-toggle] injected IME キー vk=0xF2 はユーザー意図に昇格させない (BUG-14) — belief 追従は may_change_ime refresh 観測に委譲
2026-09-20T14:24:44.470360Z DEBUG awase_windows::runtime::key_pipeline: [engine-input] vk=0xF2 KeyDown ts=28410528us delay=0ms state=Idle mods(c=false s=false a=false w=false) gas_ctrl=false phys_ctrl=false extra=0x5350494B pending_drain=0 gate_active=false l_thumb=None r_thumb=None [diag-ctx] ime_o
2026-09-20T14:24:44.470461Z DEBUG awase::journal: key input seq=166 elapsed_ms=28407 vk_code=242 is_down=true injected=true key_class="Passthrough" state_before="Idle" state_after="Idle" decision="PassThrough" physical="Allow" repeat_count=1 last_timestamp_us=28410528 last_elapsed_ms=0
2026-09-20T14:24:44.470542Z DEBUG awase_windows::runtime::key_pipeline: may_change_ime key passed through → IME refresh scheduled (20ms)
2026-09-20T14:24:44.470618Z DEBUG execute_from_hook: awase_windows::runtime::executor: [relay-passthrough] PassThrough idle: direct OS pass-through (vk=0xf2 down)
2026-09-20T14:24:44.470700Z DEBUG execute_one{generation=None}: awase_windows::runtime::executor: [reinject] vk=0xf2 down (queued passthrough now firing)
2026-09-20T14:24:44.471824Z DEBUG awase_windows::hook: [hook] IME-mode vk=0xF2 down self_injected=true injected=true scan=0x0 extra=0x4B45594D since_actuation_us=Some(28330238)
2026-09-20T14:24:44.474065Z DEBUG awase::journal: hook ime-mode diagnostic seq=167 elapsed_ms=28411 vk_code=242 is_down=true self_injected=true injected=true scan=0
2026-09-20T14:24:44.505256Z DEBUG awase_windows::runtime::ime_refresh: Skipping observer/SSOT write: typing active (idle=47ms)
2026-09-20T14:24:45.012328Z DEBUG awase_windows::observer::ime_observer: IME snapshot: japanese=Some(true) ime_on=Some(false) romaji=Some(true) conv=Some("0x00000019") guard=false
2026-09-20T14:24:45.012364Z DEBUG awase::journal: ime event seq=168 elapsed_ms=28949 event_kind="ObserverReported"
2026-09-20T14:24:45.012376Z DEBUG awase::journal: ime event seq=169 elapsed_ms=28949 event_kind="InputModeObserved"
2026-09-20T14:24:45.012417Z  INFO awase::engine::engine: Engine deactivated (ime=false, romaji=true, japanese=true, user=true, reason=Inactive(ImeOff))
2026-09-20T14:24:45.012478Z DEBUG execute_from_loop:execute_one{generation=None}:dispatch_ime_set_open{open=false generation=None}: awase_windows::runtime::executor: [dispatch-ime] ImmCross async: optimistic applied_snapshot=false (suppress send_engine_state_ime_key)
2026-09-20T14:24:45.013697Z DEBUG execute_from_loop:execute_one{generation=None}: awase_windows::platform: [engine-state-key] suppressed (polling/focus-triggered, enabled=false)
2026-09-20T14:24:45.015105Z DEBUG run_open_chain_async: awase_windows::ime_controller: [warrant-shadow] chain=async open=false origin=EventOrigin { source: SelfActuated { strategy: "engine_decision_async" }, epoch: Generation(0) } warranted
2026-09-20T14:24:45.015148Z  INFO run_open_chain_async:imm_cross_write{open=false}: awase_windows::runtime::open_chain: [apply-ime] ImmCross async: open=false composition_active=false show_seq=0 change_seq=0 (issue #138診断)
2026-09-20T14:24:45.016175Z DEBUG awase_windows::shadow_send_trace: [shadow-send] channel=ImeControl cmd=0x0006 lparam=0 issue_us=28956649
2026-09-20T14:24:45.016209Z DEBUG awase_windows::ime: set_ime_open_for_target: hwnd=HWND(0x15009c) ime_wnd=HWND(0x2406fe) open=false success=true send_elapsed=0ms candidate_visible=false
2026-09-20T14:24:45.016258Z DEBUG run_open_chain_async:imm_cross_write{open=false}: awase_windows::ime: [imm-cross-actuate] hwnd=HWND(0x15009c) open=Written conv=None
2026-09-20T14:24:45.016301Z DEBUG run_open_chain_async: awase::journal: actuation decision seq=170 elapsed_ms=28953 site="DispatchImeSetOpen" caller="None" open=false chain_len=4 attempts_len=1 gate_profile="Standard" gate_kind="MsIme" gate_shadow_known=true gate_shadow_on=true gate_input_mode="Obse
2026-09-20T14:24:45.016377Z DEBUG on_ime_apply_complete{open=false outcome=AppliedWithoutSendInput generation=None reason=EngineDecision}: awase::journal: ime open applied seq=171 elapsed_ms=28953 open=false outcome="AppliedWithoutSendInput" reason="EngineDecision"
2026-09-20T14:24:45.016406Z DEBUG on_ime_apply_complete{open=false outcome=AppliedWithoutSendInput generation=None reason=EngineDecision}: awase_windows::tsf::ime_mode_fsm: [ime-mode] SetOpen(false) applied → Off (belief, unconfirmed)
2026-09-20T14:24:45.016415Z DEBUG on_ime_apply_complete{open=false outcome=AppliedWithoutSendInput generation=None reason=EngineDecision}: awase_windows::platform: [composition] ImeEffect::SetOpen(false) → marking cold (prevent warm+TSF Enter leak)
2026-09-20T14:24:45.016423Z DEBUG on_ime_apply_complete{open=false outcome=AppliedWithoutSendInput generation=None reason=EngineDecision}: awase_windows::tsf::probe: [composition] marked cold reason=SetOpenFalse idle=18446744073709551615ms → next VK/TSF output will send VK_DBE_HIRAGANA warmup
2026-09-20T14:24:45.016465Z DEBUG awase::journal: gji fsm transition seq=172 elapsed_ms=28953 trigger="ImeOff" state_before="MsImeStrategy" state_after="MsImeStrategy"
2026-09-20T14:24:45.044000Z DEBUG awase_windows::observer::ime_observer: IME snapshot: japanese=Some(true) ime_on=Some(false) romaji=Some(true) conv=Some("0x00000019") guard=false
2026-09-20T14:24:45.044083Z DEBUG awase::journal: ime event seq=173 elapsed_ms=28981 event_kind="ObserverReported"
2026-09-20T14:24:45.044113Z DEBUG awase::journal: ime event seq=174 elapsed_ms=28981 event_kind="InputModeObserved"
2026-09-20T14:24:45.549525Z DEBUG awase_windows::observer::ime_observer: IME snapshot: japanese=Some(true) ime_on=Some(false) romaji=Some(true) conv=Some("0x00000019") guard=false
2026-09-20T14:24:45.549626Z DEBUG awase::journal: ime event seq=175 elapsed_ms=29486 event_kind="ObserverReported"
2026-09-20T14:24:45.549663Z DEBUG awase::journal: ime event seq=176 elapsed_ms=29486 event_kind="InputModeObserved"
2026-09-20T14:24:45.739318Z DEBUG awase_windows::runtime::key_pipeline: [engine-input] vk=0x41 KeyDown ts=29679359us delay=0ms state=Idle mods(c=false s=false a=false w=false) gas_ctrl=false phys_ctrl=false extra=0x5350494B pending_drain=0 gate_active=false l_thumb=None r_thumb=None [diag-ctx] ime_o
2026-09-20T14:24:45.739373Z DEBUG awase::journal: key input seq=177 elapsed_ms=29676 vk_code=65 is_down=true injected=true key_class="Char" state_before="Idle" state_after="Idle" decision="PassThrough" physical="Allow" repeat_count=1 last_timestamp_us=29679359 last_elapsed_ms=0
2026-09-20T14:24:45.739451Z DEBUG execute_one{generation=None}: awase_windows::runtime::executor: [reinject] vk=0x41 down (queued passthrough now firing)
2026-09-20T14:24:45.844875Z DEBUG awase_windows::runtime::key_pipeline: [engine-input] vk=0x41 KeyUp ts=29784914us delay=0ms state=Idle mods(c=false s=false a=false w=false) gas_ctrl=false phys_ctrl=false extra=0x5350494B pending_drain=0 gate_active=false l_thumb=None r_thumb=None [diag-ctx] ime_on=
2026-09-20T14:24:45.844993Z DEBUG awase::journal: key input seq=178 elapsed_ms=29782 vk_code=65 is_down=false injected=true key_class="Char" state_before="Idle" state_after="Idle" decision="PassThrough" physical="Allow" repeat_count=1 last_timestamp_us=29784914 last_elapsed_ms=0
2026-09-20T14:24:45.845257Z DEBUG execute_one{generation=None}: awase_windows::runtime::executor: [reinject] vk=0x41 up (queued passthrough now firing)
2026-09-20T14:24:46.116301Z DEBUG awase_windows::runtime::ime_refresh: Skipping observer/SSOT write: typing active (idle=281ms)
2026-09-20T14:24:46.635972Z DEBUG awase_windows::observer::ime_observer: IME snapshot: japanese=Some(true) ime_on=Some(false) romaji=Some(true) conv=Some("0x00000019") guard=false
2026-09-20T14:24:46.636014Z DEBUG awase::journal: ime event seq=179 elapsed_ms=30573 event_kind="ObserverReported"
2026-09-20T14:24:46.636030Z DEBUG awase::journal: ime event seq=180 elapsed_ms=30573 event_kind="InputModeObserved"
2026-09-20T14:24:46.711010Z DEBUG awase_windows::runtime::key_pipeline: [engine-input] vk=0x1B KeyDown ts=30651333us delay=0ms state=Idle mods(c=false s=false a=false w=false) gas_ctrl=false phys_ctrl=false extra=0x5350494B pending_drain=0 gate_active=false l_thumb=None r_thumb=None [diag-ctx] ime_o
2026-09-20T14:24:46.711116Z DEBUG awase::journal: key input seq=181 elapsed_ms=30648 vk_code=27 is_down=true injected=true key_class="Passthrough" state_before="Idle" state_after="Idle" decision="PassThrough" physical="Allow" repeat_count=1 last_timestamp_us=30651333 last_elapsed_ms=0
2026-09-20T14:24:46.711227Z DEBUG execute_from_hook: awase_windows::runtime::executor: [relay-passthrough] PassThrough idle: direct OS pass-through (vk=0x1b down)
2026-09-20T14:24:46.711310Z DEBUG execute_one{generation=None}: awase_windows::runtime::executor: [reinject] vk=0x1b down (queued passthrough now firing)
2026-09-20T14:24:46.773581Z DEBUG awase_windows::runtime::key_pipeline: [engine-input] vk=0x1B KeyUp ts=30713934us delay=0ms state=Idle mods(c=false s=false a=false w=false) gas_ctrl=false phys_ctrl=false extra=0x5350494B pending_drain=0 gate_active=false l_thumb=None r_thumb=None [diag-ctx] ime_on=
2026-09-20T14:24:46.773644Z DEBUG awase::journal: key input seq=182 elapsed_ms=30710 vk_code=27 is_down=false injected=true key_class="Passthrough" state_before="Idle" state_after="Idle" decision="PassThrough" physical="Allow" repeat_count=1 last_timestamp_us=30713934 last_elapsed_ms=0
2026-09-20T14:24:46.773710Z DEBUG execute_from_hook: awase_windows::runtime::executor: [relay-passthrough] PassThrough idle: direct OS pass-through (vk=0x1b up)
2026-09-20T14:24:46.773753Z DEBUG execute_one{generation=None}: awase_windows::runtime::executor: [reinject] vk=0x1b up (queued passthrough now firing)
2026-09-20T14:24:47.141055Z DEBUG awase_windows::runtime::ime_refresh: Skipping observer/SSOT write: typing active (idle=359ms)
2026-09-20T14:24:47.639965Z DEBUG awase_windows::observer::ime_observer: IME snapshot: japanese=Some(true) ime_on=Some(false) romaji=Some(true) conv=Some("0x00000019") guard=false
2026-09-20T14:24:47.640125Z DEBUG awase::journal: ime event seq=183 elapsed_ms=31576 event_kind="ObserverReported"
2026-09-20T14:24:47.640189Z DEBUG awase::journal: ime event seq=184 elapsed_ms=31577 event_kind="InputModeObserved"
2026-09-20T14:24:47.713659Z DEBUG awase_windows::hook: [hook] IME-mode vk=0xF0 up self_injected=false injected=false scan=0x70 extra=0x5350494B since_actuation_us=Some(31572066)
2026-09-20T14:24:47.714147Z DEBUG awase::journal: hook ime-mode diagnostic seq=185 elapsed_ms=31650 vk_code=240 is_down=false self_injected=false injected=false scan=112
2026-09-20T14:24:47.714407Z DEBUG awase_windows::runtime::key_pipeline: [engine-input] vk=0xF0 KeyUp ts=31654425us delay=0ms state=Idle mods(c=false s=false a=false w=false) gas_ctrl=false phys_ctrl=false extra=0x5350494B pending_drain=0 gate_active=false l_thumb=None r_thumb=None [diag-ctx] ime_on=
2026-09-20T14:24:47.714421Z DEBUG awase_windows::hook: [hook] IME-mode vk=0xF2 down self_injected=false injected=true scan=0x70 extra=0x5350494B since_actuation_us=Some(31572827)
2026-09-20T14:24:47.714566Z DEBUG awase::journal: key input seq=186 elapsed_ms=31651 vk_code=240 is_down=false injected=false key_class="Passthrough" state_before="Idle" state_after="Idle" decision="PassThrough" physical="Suppress" repeat_count=1 last_timestamp_us=31654425 last_elapsed_ms=0
2026-09-20T14:24:47.714832Z DEBUG awase_windows::runtime::key_pipeline: [imm-cross] key suppress vk=0xf0 KeyUp (physical disposition)
2026-09-20T14:24:47.714984Z DEBUG awase::journal: hook ime-mode diagnostic seq=187 elapsed_ms=31651 vk_code=242 is_down=true self_injected=false injected=true scan=112
2026-09-20T14:24:47.715081Z  INFO awase_windows::runtime::key_pipeline: [shadow-toggle] injected IME キー vk=0xF2 はユーザー意図に昇格させない (BUG-14) — belief 追従は may_change_ime refresh 観測に委譲
2026-09-20T14:24:47.715130Z DEBUG awase_windows::runtime::key_pipeline: [engine-input] vk=0xF2 KeyDown ts=31655171us delay=0ms state=Idle mods(c=false s=false a=false w=false) gas_ctrl=false phys_ctrl=false extra=0x5350494B pending_drain=0 gate_active=false l_thumb=None r_thumb=None [diag-ctx] ime_o
2026-09-20T14:24:47.715209Z DEBUG awase::journal: key input seq=188 elapsed_ms=31652 vk_code=242 is_down=true injected=true key_class="Passthrough" state_before="Idle" state_after="Idle" decision="PassThrough" physical="Allow" repeat_count=1 last_timestamp_us=31655171 last_elapsed_ms=0
2026-09-20T14:24:47.715285Z DEBUG awase_windows::runtime::key_pipeline: may_change_ime key passed through → IME refresh scheduled (20ms)
2026-09-20T14:24:47.715361Z DEBUG execute_from_hook: awase_windows::runtime::executor: [relay-passthrough] PassThrough idle: direct OS pass-through (vk=0xf2 down)
2026-09-20T14:24:47.715425Z DEBUG execute_one{generation=None}: awase_windows::runtime::executor: [reinject] vk=0xf2 down (queued passthrough now firing)
2026-09-20T14:24:47.716173Z DEBUG awase_windows::hook: [hook] IME-mode vk=0xF0 up self_injected=true injected=false scan=0x0 extra=0x4B45594D since_actuation_us=Some(31574590)
2026-09-20T14:24:47.718374Z DEBUG awase_windows::hook: [hook] IME-mode vk=0xF2 down self_injected=true injected=true scan=0x0 extra=0x4B45594D since_actuation_us=Some(31576788)
2026-09-20T14:24:47.720832Z DEBUG awase::journal: hook ime-mode diagnostic seq=189 elapsed_ms=31657 vk_code=240 is_down=false self_injected=true injected=false scan=0
2026-09-20T14:24:47.720901Z DEBUG awase::journal: hook ime-mode diagnostic seq=190 elapsed_ms=31657 vk_code=242 is_down=true self_injected=true injected=true scan=0
2026-09-20T14:24:47.749407Z DEBUG awase_windows::runtime::ime_refresh: Skipping observer/SSOT write: typing active (idle=31ms)
2026-09-20T14:24:48.249840Z DEBUG awase_windows::observer::ime_observer: IME snapshot: japanese=Some(true) ime_on=Some(true) romaji=None conv=Some("0x00000009") guard=false
2026-09-20T14:24:48.249939Z DEBUG awase::journal: ime event seq=191 elapsed_ms=32186 event_kind="ObserverReported"
2026-09-20T14:24:48.250014Z  INFO awase::engine::engine: Engine activated (ime=true, romaji=true, japanese=true, user=true, reason=Active)
2026-09-20T14:24:48.250155Z DEBUG execute_from_loop:execute_one{generation=None}:dispatch_ime_set_open{open=true generation=None}: awase_windows::runtime::executor: [dispatch-ime] ImmCross async: optimistic applied_snapshot=true (suppress send_engine_state_ime_key)
2026-09-20T14:24:48.252544Z DEBUG execute_from_loop:execute_one{generation=None}: awase_windows::platform: [engine-state-key] suppressed (polling/focus-triggered, enabled=true)
2026-09-20T14:24:48.254952Z DEBUG run_open_chain_async: awase_windows::ime_controller: [warrant-shadow] chain=async open=true origin=EventOrigin { source: SelfActuated { strategy: "engine_decision_async" }, epoch: Generation(0) } warranted
2026-09-20T14:24:48.255049Z  INFO run_open_chain_async:imm_cross_write{open=true}: awase_windows::runtime::open_chain: [apply-ime] ImmCross async: open=true composition_active=false show_seq=0 change_seq=0 (issue #138診断)
2026-09-20T14:24:48.257288Z DEBUG awase_windows::shadow_send_trace: [shadow-send] channel=ImeControl cmd=0x0006 lparam=1 issue_us=32197484
2026-09-20T14:24:48.257306Z DEBUG awase_windows::ime: set_ime_open_for_target: hwnd=HWND(0x15009c) ime_wnd=HWND(0x2406fe) open=true success=true send_elapsed=0ms candidate_visible=false
2026-09-20T14:24:48.259197Z DEBUG awase_windows::shadow_send_trace: [shadow-send] channel=ImeControl cmd=0x0002 lparam=25 issue_us=32198357
2026-09-20T14:24:48.259225Z DEBUG awase_windows::ime: [imm-romaji] conv 0x00000009 → 0x00000019 success=true target=None
2026-09-20T14:24:48.260351Z DEBUG run_open_chain_async:imm_cross_write{open=true}: awase_windows::ime: [imm-cross-actuate] hwnd=HWND(0x15009c) open=Written conv=Some(Written)
2026-09-20T14:24:48.260444Z DEBUG run_open_chain_async:imm_cross_write{open=true}: awase_windows::runtime::open_chain: [apply-ime] ROMAN 補完結果: Written
2026-09-20T14:24:48.260541Z DEBUG run_open_chain_async: awase::journal: actuation decision seq=192 elapsed_ms=32197 site="DispatchImeSetOpen" caller="None" open=true chain_len=4 attempts_len=1 gate_profile="Standard" gate_kind="MsIme" gate_shadow_known=true gate_shadow_on=false gate_input_mode="Obse
2026-09-20T14:24:48.261357Z DEBUG on_ime_apply_complete{open=true outcome=AppliedWithoutSendInput generation=None reason=EngineDecision}: awase::journal: ime open applied seq=193 elapsed_ms=32198 open=true outcome="AppliedWithoutSendInput" reason="EngineDecision"
2026-09-20T14:24:48.262162Z DEBUG on_ime_apply_complete{open=true outcome=AppliedWithoutSendInput generation=None reason=EngineDecision}: awase_windows::tsf::ime_mode_fsm: [ime-mode] SetOpen(true) applied → Hiragana (belief, unconfirmed)
2026-09-20T14:24:48.262243Z DEBUG on_ime_apply_complete{open=true outcome=AppliedWithoutSendInput generation=None reason=EngineDecision}: awase_windows::platform: [composition] ImeEffect::SetOpen(true) → marking cold
2026-09-20T14:24:48.262266Z DEBUG on_ime_apply_complete{open=true outcome=AppliedWithoutSendInput generation=None reason=EngineDecision}: awase_windows::tsf::probe: [composition] marked cold reason=SetOpenTrue idle=18446744073709551615ms → next VK/TSF output will send VK_DBE_HIRAGANA warmup
2026-09-20T14:24:48.262864Z DEBUG awase::journal: gji fsm transition seq=194 elapsed_ms=32199 trigger="ImeOn(gji_idle_ms=32109)" state_before="MsImeStrategy" state_after="MsImeStrategy"
2026-09-20T14:24:48.369909Z DEBUG awase_windows::observer::ime_observer: IME snapshot: japanese=Some(true) ime_on=None romaji=Some(true) conv=Some("0x00000019") guard=false
2026-09-20T14:24:48.370170Z DEBUG awase::journal: ime event seq=195 elapsed_ms=32306 event_kind="InputModeObserved"
2026-09-20T14:24:48.881126Z DEBUG awase_windows::observer::ime_observer: IME snapshot: japanese=Some(true) ime_on=Some(true) romaji=Some(true) conv=Some("0x00000019") guard=false
2026-09-20T14:24:48.881216Z DEBUG awase::journal: ime event seq=196 elapsed_ms=32817 event_kind="ObserverReported"
2026-09-20T14:24:48.881250Z DEBUG awase::journal: ime event seq=197 elapsed_ms=32817 event_kind="InputModeObserved"
2026-09-20T14:24:49.397433Z DEBUG awase_windows::observer::ime_observer: IME snapshot: japanese=Some(true) ime_on=Some(true) romaji=Some(true) conv=Some("0x00000019") guard=false
2026-09-20T14:24:49.397580Z DEBUG awase::journal: ime event seq=198 elapsed_ms=33334 event_kind="ObserverReported"
2026-09-20T14:24:49.397635Z DEBUG awase::journal: ime event seq=199 elapsed_ms=33334 event_kind="InputModeObserved"
2026-09-20T14:24:49.474239Z DEBUG awase_windows::hook: [hook] IME-mode vk=0xF2 down self_injected=false injected=true scan=0x70 extra=0x5350494B since_actuation_us=Some(33332649)
2026-09-20T14:24:49.474547Z DEBUG awase::journal: hook ime-mode diagnostic seq=200 elapsed_ms=33411 vk_code=242 is_down=true self_injected=false injected=true scan=112
2026-09-20T14:24:49.474807Z  INFO awase_windows::runtime::key_pipeline: [shadow-toggle] injected IME キー vk=0xF2 はユーザー意図に昇格させない (BUG-14) — belief 追従は may_change_ime refresh 観測に委譲
2026-09-20T14:24:49.474874Z DEBUG awase_windows::runtime::key_pipeline: [engine-input] vk=0xF2 KeyDown ts=33414992us delay=0ms state=Idle mods(c=false s=false a=false w=false) gas_ctrl=false phys_ctrl=false extra=0x5350494B pending_drain=0 gate_active=false l_thumb=None r_thumb=None [diag-ctx] ime_o
2026-09-20T14:24:49.475001Z DEBUG awase::journal: key input seq=201 elapsed_ms=33411 vk_code=242 is_down=true injected=true key_class="Passthrough" state_before="Idle" state_after="Idle" decision="PassThrough" physical="Allow" repeat_count=1 last_timestamp_us=33414992 last_elapsed_ms=0
2026-09-20T14:24:49.475119Z DEBUG awase_windows::runtime::key_pipeline: may_change_ime key passed through → IME refresh scheduled (20ms)
2026-09-20T14:24:49.475224Z DEBUG execute_from_hook: awase_windows::runtime::executor: [relay-passthrough] PassThrough idle: direct OS pass-through (vk=0xf2 down)
2026-09-20T14:24:49.475424Z DEBUG execute_one{generation=None}: awase_windows::runtime::executor: [reinject] vk=0xf2 down (queued passthrough now firing)
2026-09-20T14:24:49.475809Z DEBUG awase_windows::hook: [hook] IME-mode vk=0xF2 down self_injected=true injected=true scan=0x0 extra=0x4B45594D since_actuation_us=Some(33334236)
2026-09-20T14:24:49.477373Z DEBUG awase::journal: hook ime-mode diagnostic seq=202 elapsed_ms=33413 vk_code=242 is_down=true self_injected=true injected=true scan=0
2026-09-20T14:24:49.525140Z DEBUG awase_windows::runtime::ime_refresh: Skipping observer/SSOT write: typing active (idle=47ms)
2026-09-20T14:24:50.031735Z DEBUG awase_windows::observer::ime_observer: IME snapshot: japanese=Some(true) ime_on=Some(false) romaji=Some(true) conv=Some("0x00000019") guard=false
2026-09-20T14:24:50.031827Z DEBUG awase::journal: ime event seq=203 elapsed_ms=33968 event_kind="ObserverReported"
2026-09-20T14:24:50.031860Z DEBUG awase::journal: ime event seq=204 elapsed_ms=33968 event_kind="InputModeObserved"
2026-09-20T14:24:50.031980Z  INFO awase::engine::engine: Engine deactivated (ime=false, romaji=true, japanese=true, user=true, reason=Inactive(ImeOff))
2026-09-20T14:24:50.032148Z DEBUG execute_from_loop:execute_one{generation=None}:dispatch_ime_set_open{open=false generation=None}: awase_windows::runtime::executor: [dispatch-ime] ImmCross async: optimistic applied_snapshot=false (suppress send_engine_state_ime_key)
2026-09-20T14:24:50.034051Z DEBUG execute_from_loop:execute_one{generation=None}: awase_windows::platform: [engine-state-key] suppressed (polling/focus-triggered, enabled=false)
2026-09-20T14:24:50.035515Z DEBUG run_open_chain_async: awase_windows::ime_controller: [warrant-shadow] chain=async open=false origin=EventOrigin { source: SelfActuated { strategy: "engine_decision_async" }, epoch: Generation(0) } warranted
2026-09-20T14:24:50.035565Z  INFO run_open_chain_async:imm_cross_write{open=false}: awase_windows::runtime::open_chain: [apply-ime] ImmCross async: open=false composition_active=false show_seq=0 change_seq=0 (issue #138診断)
2026-09-20T14:24:50.037360Z DEBUG awase_windows::shadow_send_trace: [shadow-send] channel=ImeControl cmd=0x0006 lparam=0 issue_us=33977748
2026-09-20T14:24:50.037368Z DEBUG awase_windows::ime: set_ime_open_for_target: hwnd=HWND(0x15009c) ime_wnd=HWND(0x2406fe) open=false success=true send_elapsed=0ms candidate_visible=false
2026-09-20T14:24:50.037605Z DEBUG run_open_chain_async:imm_cross_write{open=false}: awase_windows::ime: [imm-cross-actuate] hwnd=HWND(0x15009c) open=Written conv=None
2026-09-20T14:24:50.037663Z DEBUG run_open_chain_async: awase::journal: actuation decision seq=205 elapsed_ms=33974 site="DispatchImeSetOpen" caller="None" open=false chain_len=4 attempts_len=1 gate_profile="Standard" gate_kind="MsIme" gate_shadow_known=true gate_shadow_on=true gate_input_mode="Obse
2026-09-20T14:24:50.037757Z DEBUG on_ime_apply_complete{open=false outcome=AppliedWithoutSendInput generation=None reason=EngineDecision}: awase::journal: ime open applied seq=206 elapsed_ms=33974 open=false outcome="AppliedWithoutSendInput" reason="EngineDecision"
2026-09-20T14:24:50.037804Z DEBUG on_ime_apply_complete{open=false outcome=AppliedWithoutSendInput generation=None reason=EngineDecision}: awase_windows::tsf::ime_mode_fsm: [ime-mode] SetOpen(false) applied → Off (belief, unconfirmed)
2026-09-20T14:24:50.037817Z DEBUG on_ime_apply_complete{open=false outcome=AppliedWithoutSendInput generation=None reason=EngineDecision}: awase_windows::platform: [composition] ImeEffect::SetOpen(false) → marking cold (prevent warm+TSF Enter leak)
2026-09-20T14:24:50.037827Z DEBUG on_ime_apply_complete{open=false outcome=AppliedWithoutSendInput generation=None reason=EngineDecision}: awase_windows::tsf::probe: [composition] marked cold reason=SetOpenFalse idle=18446744073709551615ms → next VK/TSF output will send VK_DBE_HIRAGANA warmup
2026-09-20T14:24:50.038073Z DEBUG awase::journal: gji fsm transition seq=207 elapsed_ms=33974 trigger="ImeOff" state_before="MsImeStrategy" state_after="MsImeStrategy"
2026-09-20T14:24:50.075225Z DEBUG awase_windows::observer::ime_observer: IME snapshot: japanese=Some(true) ime_on=Some(false) romaji=Some(true) conv=Some("0x00000019") guard=false
2026-09-20T14:24:50.075299Z DEBUG awase::journal: ime event seq=208 elapsed_ms=34011 event_kind="ObserverReported"
2026-09-20T14:24:50.075313Z DEBUG awase::journal: ime event seq=209 elapsed_ms=34011 event_kind="InputModeObserved"
2026-09-20T14:24:50.582237Z DEBUG awase_windows::observer::ime_observer: IME snapshot: japanese=Some(true) ime_on=Some(false) romaji=Some(true) conv=Some("0x00000019") guard=false
2026-09-20T14:24:50.582316Z DEBUG awase::journal: ime event seq=210 elapsed_ms=34518 event_kind="ObserverReported"
2026-09-20T14:24:50.582345Z DEBUG awase::journal: ime event seq=211 elapsed_ms=34518 event_kind="InputModeObserved"
2026-09-20T14:24:50.749463Z DEBUG awase_windows::runtime::key_pipeline: [engine-input] vk=0x41 KeyDown ts=34689585us delay=0ms state=Idle mods(c=false s=false a=false w=false) gas_ctrl=false phys_ctrl=false extra=0x5350494B pending_drain=0 gate_active=false l_thumb=None r_thumb=None [diag-ctx] ime_o
2026-09-20T14:24:50.749580Z DEBUG awase::journal: key input seq=212 elapsed_ms=34686 vk_code=65 is_down=true injected=true key_class="Char" state_before="Idle" state_after="Idle" decision="PassThrough" physical="Allow" repeat_count=1 last_timestamp_us=34689585 last_elapsed_ms=0
2026-09-20T14:24:50.749752Z DEBUG execute_one{generation=None}: awase_windows::runtime::executor: [reinject] vk=0x41 down (queued passthrough now firing)
2026-09-20T14:24:50.847971Z DEBUG awase_windows::runtime::key_pipeline: [engine-input] vk=0x41 KeyUp ts=34788119us delay=0ms state=Idle mods(c=false s=false a=false w=false) gas_ctrl=false phys_ctrl=false extra=0x5350494B pending_drain=0 gate_active=false l_thumb=None r_thumb=None [diag-ctx] ime_on=
2026-09-20T14:24:50.848060Z DEBUG awase::journal: key input seq=213 elapsed_ms=34784 vk_code=65 is_down=false injected=true key_class="Char" state_before="Idle" state_after="Idle" decision="PassThrough" physical="Allow" repeat_count=1 last_timestamp_us=34788119 last_elapsed_ms=0
2026-09-20T14:24:50.848193Z DEBUG execute_one{generation=None}: awase_windows::runtime::executor: [reinject] vk=0x41 up (queued passthrough now firing)
2026-09-20T14:24:51.166199Z DEBUG awase_windows::runtime::ime_refresh: Skipping observer/SSOT write: typing active (idle=328ms)
2026-09-20T14:24:51.674687Z DEBUG awase_windows::observer::ime_observer: IME snapshot: japanese=Some(true) ime_on=Some(false) romaji=Some(true) conv=Some("0x00000019") guard=false
2026-09-20T14:24:51.674778Z DEBUG awase::journal: ime event seq=214 elapsed_ms=35611 event_kind="ObserverReported"
2026-09-20T14:24:51.674874Z DEBUG awase::journal: ime event seq=215 elapsed_ms=35611 event_kind="InputModeObserved"
2026-09-20T14:24:51.719376Z DEBUG awase_windows::runtime::key_pipeline: [engine-input] vk=0x1B KeyDown ts=35659311us delay=0ms state=Idle mods(c=false s=false a=false w=false) gas_ctrl=false phys_ctrl=false extra=0x5350494B pending_drain=0 gate_active=false l_thumb=None r_thumb=None [diag-ctx] ime_o
2026-09-20T14:24:51.719478Z DEBUG awase::journal: key input seq=216 elapsed_ms=35655 vk_code=27 is_down=true injected=true key_class="Passthrough" state_before="Idle" state_after="Idle" decision="PassThrough" physical="Allow" repeat_count=1 last_timestamp_us=35659311 last_elapsed_ms=0
2026-09-20T14:24:51.719580Z DEBUG execute_from_hook: awase_windows::runtime::executor: [relay-passthrough] PassThrough idle: direct OS pass-through (vk=0x1b down)
2026-09-20T14:24:51.719657Z DEBUG execute_one{generation=None}: awase_windows::runtime::executor: [reinject] vk=0x1b down (queued passthrough now firing)
2026-09-20T14:24:51.780726Z DEBUG awase_windows::runtime::key_pipeline: [engine-input] vk=0x1B KeyUp ts=35720976us delay=0ms state=Idle mods(c=false s=false a=false w=false) gas_ctrl=false phys_ctrl=false extra=0x5350494B pending_drain=0 gate_active=false l_thumb=None r_thumb=None [diag-ctx] ime_on=
2026-09-20T14:24:51.780816Z DEBUG awase::journal: key input seq=217 elapsed_ms=35717 vk_code=27 is_down=false injected=true key_class="Passthrough" state_before="Idle" state_after="Idle" decision="PassThrough" physical="Allow" repeat_count=1 last_timestamp_us=35720976 last_elapsed_ms=0
2026-09-20T14:24:51.780912Z DEBUG execute_from_hook: awase_windows::runtime::executor: [relay-passthrough] PassThrough idle: direct OS pass-through (vk=0x1b up)
2026-09-20T14:24:51.780973Z DEBUG execute_one{generation=None}: awase_windows::runtime::executor: [reinject] vk=0x1b up (queued passthrough now firing)
2026-09-20T14:24:52.176473Z DEBUG awase_windows::runtime::ime_refresh: Skipping observer/SSOT write: typing active (idle=390ms)
2026-09-20T14:24:52.673729Z DEBUG awase_windows::observer::ime_observer: IME snapshot: japanese=Some(true) ime_on=Some(false) romaji=Some(true) conv=Some("0x00000019") guard=false
2026-09-20T14:24:52.673786Z DEBUG awase::journal: ime event seq=218 elapsed_ms=36610 event_kind="ObserverReported"
2026-09-20T14:24:52.673806Z DEBUG awase::journal: ime event seq=219 elapsed_ms=36610 event_kind="InputModeObserved"
2026-09-20T14:24:52.717952Z DEBUG awase_windows::hook: [hook] IME-mode vk=0xF0 up self_injected=false injected=false scan=0x70 extra=0x5350494B since_actuation_us=Some(36576358)
2026-09-20T14:24:52.718493Z DEBUG awase::journal: hook ime-mode diagnostic seq=220 elapsed_ms=36654 vk_code=240 is_down=false self_injected=false injected=false scan=112
2026-09-20T14:24:52.718727Z DEBUG awase_windows::hook: [hook] IME-mode vk=0xF2 down self_injected=false injected=true scan=0x70 extra=0x5350494B since_actuation_us=Some(36577141)
2026-09-20T14:24:52.718980Z DEBUG awase_windows::runtime::key_pipeline: [engine-input] vk=0xF0 KeyUp ts=36658718us delay=0ms state=Idle mods(c=false s=false a=false w=false) gas_ctrl=false phys_ctrl=false extra=0x5350494B pending_drain=0 gate_active=false l_thumb=None r_thumb=None [diag-ctx] ime_on=
2026-09-20T14:24:52.719286Z DEBUG awase::journal: key input seq=221 elapsed_ms=36655 vk_code=240 is_down=false injected=false key_class="Passthrough" state_before="Idle" state_after="Idle" decision="PassThrough" physical="Suppress" repeat_count=1 last_timestamp_us=36658718 last_elapsed_ms=0
2026-09-20T14:24:52.719537Z DEBUG awase_windows::runtime::key_pipeline: [imm-cross] key suppress vk=0xf0 KeyUp (physical disposition)
2026-09-20T14:24:52.719666Z DEBUG awase::journal: hook ime-mode diagnostic seq=222 elapsed_ms=36655 vk_code=242 is_down=true self_injected=false injected=true scan=112
2026-09-20T14:24:52.719765Z  INFO awase_windows::runtime::key_pipeline: [shadow-toggle] injected IME キー vk=0xF2 はユーザー意図に昇格させない (BUG-14) — belief 追従は may_change_ime refresh 観測に委譲
2026-09-20T14:24:52.719817Z DEBUG awase_windows::runtime::key_pipeline: [engine-input] vk=0xF2 KeyDown ts=36659466us delay=0ms state=Idle mods(c=false s=false a=false w=false) gas_ctrl=false phys_ctrl=false extra=0x5350494B pending_drain=0 gate_active=false l_thumb=None r_thumb=None [diag-ctx] ime_o
2026-09-20T14:24:52.719906Z DEBUG awase::journal: key input seq=223 elapsed_ms=36656 vk_code=242 is_down=true injected=true key_class="Passthrough" state_before="Idle" state_after="Idle" decision="PassThrough" physical="Allow" repeat_count=1 last_timestamp_us=36659466 last_elapsed_ms=0
2026-09-20T14:24:52.719985Z DEBUG awase_windows::runtime::key_pipeline: may_change_ime key passed through → IME refresh scheduled (20ms)
2026-09-20T14:24:52.720067Z DEBUG execute_from_hook: awase_windows::runtime::executor: [relay-passthrough] PassThrough idle: direct OS pass-through (vk=0xf2 down)
2026-09-20T14:24:52.720135Z DEBUG execute_one{generation=None}: awase_windows::runtime::executor: [reinject] vk=0xf2 down (queued passthrough now firing)
2026-09-20T14:24:52.720500Z DEBUG awase_windows::hook: [hook] IME-mode vk=0xF0 up self_injected=true injected=false scan=0x0 extra=0x4B45594D since_actuation_us=Some(36578921)
2026-09-20T14:24:52.723179Z DEBUG awase_windows::hook: [hook] IME-mode vk=0xF2 down self_injected=true injected=true scan=0x0 extra=0x4B45594D since_actuation_us=Some(36581592)
2026-09-20T14:24:52.725433Z DEBUG awase::journal: hook ime-mode diagnostic seq=224 elapsed_ms=36661 vk_code=240 is_down=false self_injected=true injected=false scan=0
2026-09-20T14:24:52.725498Z DEBUG awase::journal: hook ime-mode diagnostic seq=225 elapsed_ms=36661 vk_code=242 is_down=true self_injected=true injected=true scan=0
2026-09-20T14:24:52.752117Z DEBUG awase_windows::runtime::ime_refresh: Skipping observer/SSOT write: typing active (idle=31ms)
2026-09-20T14:24:53.251185Z DEBUG awase_windows::observer::ime_observer: IME snapshot: japanese=Some(true) ime_on=Some(true) romaji=None conv=Some("0x00000009") guard=false
2026-09-20T14:24:53.251301Z DEBUG awase::journal: ime event seq=226 elapsed_ms=37187 event_kind="ObserverReported"
2026-09-20T14:24:53.251372Z  INFO awase::engine::engine: Engine activated (ime=true, romaji=true, japanese=true, user=true, reason=Active)
2026-09-20T14:24:53.251510Z DEBUG execute_from_loop:execute_one{generation=None}:dispatch_ime_set_open{open=true generation=None}: awase_windows::runtime::executor: [dispatch-ime] ImmCross async: optimistic applied_snapshot=true (suppress send_engine_state_ime_key)
2026-09-20T14:24:53.253376Z DEBUG execute_from_loop:execute_one{generation=None}: awase_windows::platform: [engine-state-key] suppressed (polling/focus-triggered, enabled=true)
2026-09-20T14:24:53.255699Z DEBUG run_open_chain_async: awase_windows::ime_controller: [warrant-shadow] chain=async open=true origin=EventOrigin { source: SelfActuated { strategy: "engine_decision_async" }, epoch: Generation(0) } warranted
2026-09-20T14:24:53.255925Z  INFO run_open_chain_async:imm_cross_write{open=true}: awase_windows::runtime::open_chain: [apply-ime] ImmCross async: open=true composition_active=false show_seq=0 change_seq=0 (issue #138診断)
2026-09-20T14:24:53.258867Z DEBUG awase_windows::shadow_send_trace: [shadow-send] channel=ImeControl cmd=0x0006 lparam=1 issue_us=37199008
2026-09-20T14:24:53.258887Z DEBUG awase_windows::ime: set_ime_open_for_target: hwnd=HWND(0x15009c) ime_wnd=HWND(0x2406fe) open=true success=true send_elapsed=0ms candidate_visible=false
2026-09-20T14:24:53.260554Z DEBUG awase_windows::shadow_send_trace: [shadow-send] channel=ImeControl cmd=0x0002 lparam=25 issue_us=37199986
2026-09-20T14:24:53.260560Z DEBUG awase_windows::ime: [imm-romaji] conv 0x00000009 → 0x00000019 success=true target=None
2026-09-20T14:24:53.261040Z DEBUG run_open_chain_async:imm_cross_write{open=true}: awase_windows::ime: [imm-cross-actuate] hwnd=HWND(0x15009c) open=Written conv=Some(Written)
2026-09-20T14:24:53.261068Z DEBUG run_open_chain_async:imm_cross_write{open=true}: awase_windows::runtime::open_chain: [apply-ime] ROMAN 補完結果: Written
2026-09-20T14:24:53.261105Z DEBUG run_open_chain_async: awase::journal: actuation decision seq=227 elapsed_ms=37197 site="DispatchImeSetOpen" caller="None" open=true chain_len=4 attempts_len=1 gate_profile="Standard" gate_kind="MsIme" gate_shadow_known=true gate_shadow_on=false gate_input_mode="Obse
2026-09-20T14:24:53.261358Z DEBUG on_ime_apply_complete{open=true outcome=AppliedWithoutSendInput generation=None reason=EngineDecision}: awase::journal: ime open applied seq=228 elapsed_ms=37197 open=true outcome="AppliedWithoutSendInput" reason="EngineDecision"
2026-09-20T14:24:53.261393Z DEBUG on_ime_apply_complete{open=true outcome=AppliedWithoutSendInput generation=None reason=EngineDecision}: awase_windows::tsf::ime_mode_fsm: [ime-mode] SetOpen(true) applied → Hiragana (belief, unconfirmed)
2026-09-20T14:24:53.261431Z DEBUG on_ime_apply_complete{open=true outcome=AppliedWithoutSendInput generation=None reason=EngineDecision}: awase_windows::platform: [composition] ImeEffect::SetOpen(true) → marking cold
2026-09-20T14:24:53.261511Z DEBUG on_ime_apply_complete{open=true outcome=AppliedWithoutSendInput generation=None reason=EngineDecision}: awase_windows::tsf::probe: [composition] marked cold reason=SetOpenTrue idle=18446744073709551615ms → next VK/TSF output will send VK_DBE_HIRAGANA warmup
2026-09-20T14:24:53.261620Z DEBUG awase::journal: gji fsm transition seq=229 elapsed_ms=37197 trigger="ImeOn(gji_idle_ms=37109)" state_before="MsImeStrategy" state_after="MsImeStrategy"
2026-09-20T14:24:53.300216Z DEBUG awase_windows::observer::ime_observer: IME snapshot: japanese=Some(true) ime_on=Some(true) romaji=Some(true) conv=Some("0x00000019") guard=false
2026-09-20T14:24:53.300317Z DEBUG awase::journal: ime event seq=230 elapsed_ms=37236 event_kind="ObserverReported"
2026-09-20T14:24:53.300660Z DEBUG awase::journal: ime event seq=231 elapsed_ms=37236 event_kind="InputModeObserved"
2026-09-20T14:24:53.802561Z DEBUG awase_windows::observer::ime_observer: IME snapshot: japanese=Some(true) ime_on=Some(true) romaji=Some(true) conv=Some("0x00000019") guard=false
2026-09-20T14:24:53.802703Z DEBUG awase::journal: ime event seq=232 elapsed_ms=37738 event_kind="ObserverReported"
2026-09-20T14:24:53.802763Z DEBUG awase::journal: ime event seq=233 elapsed_ms=37738 event_kind="InputModeObserved"
2026-09-20T14:24:54.308043Z DEBUG awase_windows::observer::ime_observer: IME snapshot: japanese=Some(true) ime_on=Some(true) romaji=Some(true) conv=Some("0x00000019") guard=false
2026-09-20T14:24:54.308261Z DEBUG awase::journal: ime event seq=234 elapsed_ms=38244 event_kind="ObserverReported"
2026-09-20T14:24:54.308348Z DEBUG awase::journal: ime event seq=235 elapsed_ms=38244 event_kind="InputModeObserved"
2026-09-20T14:24:54.525169Z DEBUG awase_windows::hook: [hook] IME-mode vk=0xF2 down self_injected=false injected=true scan=0x70 extra=0x5350494B since_actuation_us=Some(38383576)
2026-09-20T14:24:54.525440Z DEBUG awase::journal: hook ime-mode diagnostic seq=236 elapsed_ms=38461 vk_code=242 is_down=true self_injected=false injected=true scan=112
2026-09-20T14:24:54.525871Z  INFO awase_windows::runtime::key_pipeline: [shadow-toggle] injected IME キー vk=0xF2 はユーザー意図に昇格させない (BUG-14) — belief 追従は may_change_ime refresh 観測に委譲
2026-09-20T14:24:54.526062Z DEBUG awase_windows::runtime::key_pipeline: [engine-input] vk=0xF2 KeyDown ts=38466087us delay=0ms state=Idle mods(c=false s=false a=false w=false) gas_ctrl=false phys_ctrl=false extra=0x5350494B pending_drain=0 gate_active=false l_thumb=None r_thumb=None [diag-ctx] ime_o
2026-09-20T14:24:54.526327Z DEBUG awase::journal: key input seq=237 elapsed_ms=38462 vk_code=242 is_down=true injected=true key_class="Passthrough" state_before="Idle" state_after="Idle" decision="PassThrough" physical="Allow" repeat_count=1 last_timestamp_us=38466087 last_elapsed_ms=0
2026-09-20T14:24:54.526475Z DEBUG awase_windows::runtime::key_pipeline: may_change_ime key passed through → IME refresh scheduled (20ms)
2026-09-20T14:24:54.526613Z DEBUG execute_from_hook: awase_windows::runtime::executor: [relay-passthrough] PassThrough idle: direct OS pass-through (vk=0xf2 down)
2026-09-20T14:24:54.526787Z DEBUG execute_one{generation=None}: awase_windows::runtime::executor: [reinject] vk=0xf2 down (queued passthrough now firing)
2026-09-20T14:24:54.527307Z DEBUG awase_windows::hook: [hook] IME-mode vk=0xF2 down self_injected=true injected=true scan=0x0 extra=0x4B45594D since_actuation_us=Some(38385723)
2026-09-20T14:24:54.529327Z DEBUG awase::journal: hook ime-mode diagnostic seq=238 elapsed_ms=38465 vk_code=242 is_down=true self_injected=true injected=true scan=0
2026-09-20T14:24:54.561392Z DEBUG awase_windows::runtime::ime_refresh: Skipping observer/SSOT write: typing active (idle=31ms)
2026-09-20T14:24:55.067618Z DEBUG awase_windows::observer::ime_observer: IME snapshot: japanese=Some(true) ime_on=Some(false) romaji=Some(true) conv=Some("0x00000019") guard=false
2026-09-20T14:24:55.068024Z DEBUG awase::journal: ime event seq=239 elapsed_ms=39003 event_kind="ObserverReported"
2026-09-20T14:24:55.068093Z DEBUG awase::journal: ime event seq=240 elapsed_ms=39004 event_kind="InputModeObserved"
2026-09-20T14:24:55.068343Z  INFO awase::engine::engine: Engine deactivated (ime=false, romaji=true, japanese=true, user=true, reason=Inactive(ImeOff))
2026-09-20T14:24:55.068562Z DEBUG execute_from_loop:execute_one{generation=None}:dispatch_ime_set_open{open=false generation=None}: awase_windows::runtime::executor: [dispatch-ime] ImmCross async: optimistic applied_snapshot=false (suppress send_engine_state_ime_key)
2026-09-20T14:24:55.070810Z DEBUG execute_from_loop:execute_one{generation=None}: awase_windows::platform: [engine-state-key] suppressed (polling/focus-triggered, enabled=false)
2026-09-20T14:24:55.074782Z DEBUG run_open_chain_async: awase_windows::ime_controller: [warrant-shadow] chain=async open=false origin=EventOrigin { source: SelfActuated { strategy: "engine_decision_async" }, epoch: Generation(0) } warranted
2026-09-20T14:24:55.074895Z  INFO run_open_chain_async:imm_cross_write{open=false}: awase_windows::runtime::open_chain: [apply-ime] ImmCross async: open=false composition_active=false show_seq=0 change_seq=0 (issue #138診断)
2026-09-20T14:24:55.077935Z DEBUG awase_windows::shadow_send_trace: [shadow-send] channel=ImeControl cmd=0x0006 lparam=0 issue_us=39017877
2026-09-20T14:24:55.077956Z DEBUG awase_windows::ime: set_ime_open_for_target: hwnd=HWND(0x15009c) ime_wnd=HWND(0x2406fe) open=false success=true send_elapsed=0ms candidate_visible=false
2026-09-20T14:24:55.078559Z DEBUG run_open_chain_async:imm_cross_write{open=false}: awase_windows::ime: [imm-cross-actuate] hwnd=HWND(0x15009c) open=Written conv=None
2026-09-20T14:24:55.078750Z DEBUG run_open_chain_async: awase::journal: actuation decision seq=241 elapsed_ms=39014 site="DispatchImeSetOpen" caller="None" open=false chain_len=4 attempts_len=1 gate_profile="Standard" gate_kind="MsIme" gate_shadow_known=true gate_shadow_on=true gate_input_mode="Obse
2026-09-20T14:24:55.078970Z DEBUG on_ime_apply_complete{open=false outcome=AppliedWithoutSendInput generation=None reason=EngineDecision}: awase::journal: ime open applied seq=242 elapsed_ms=39014 open=false outcome="AppliedWithoutSendInput" reason="EngineDecision"
2026-09-20T14:24:55.079062Z DEBUG on_ime_apply_complete{open=false outcome=AppliedWithoutSendInput generation=None reason=EngineDecision}: awase_windows::tsf::ime_mode_fsm: [ime-mode] SetOpen(false) applied → Off (belief, unconfirmed)
2026-09-20T14:24:55.079091Z DEBUG on_ime_apply_complete{open=false outcome=AppliedWithoutSendInput generation=None reason=EngineDecision}: awase_windows::platform: [composition] ImeEffect::SetOpen(false) → marking cold (prevent warm+TSF Enter leak)
2026-09-20T14:24:55.079115Z DEBUG on_ime_apply_complete{open=false outcome=AppliedWithoutSendInput generation=None reason=EngineDecision}: awase_windows::tsf::probe: [composition] marked cold reason=SetOpenFalse idle=18446744073709551615ms → next VK/TSF output will send VK_DBE_HIRAGANA warmup
2026-09-20T14:24:55.079240Z DEBUG awase::journal: gji fsm transition seq=243 elapsed_ms=39015 trigger="ImeOff" state_before="MsImeStrategy" state_after="MsImeStrategy"
2026-09-20T14:24:55.115048Z DEBUG awase_windows::observer::ime_observer: IME snapshot: japanese=Some(true) ime_on=Some(false) romaji=Some(true) conv=Some("0x00000019") guard=false
2026-09-20T14:24:55.115142Z DEBUG awase::journal: ime event seq=244 elapsed_ms=39051 event_kind="ObserverReported"
2026-09-20T14:24:55.115176Z DEBUG awase::journal: ime event seq=245 elapsed_ms=39051 event_kind="InputModeObserved"
2026-09-20T14:24:55.634667Z DEBUG awase_windows::observer::ime_observer: IME snapshot: japanese=Some(true) ime_on=Some(false) romaji=Some(true) conv=Some("0x00000019") guard=false
2026-09-20T14:24:55.634768Z DEBUG awase::journal: ime event seq=246 elapsed_ms=39570 event_kind="ObserverReported"
2026-09-20T14:24:55.634804Z DEBUG awase::journal: ime event seq=247 elapsed_ms=39570 event_kind="InputModeObserved"
2026-09-20T14:24:55.755278Z DEBUG awase_windows::runtime::key_pipeline: [engine-input] vk=0x41 KeyDown ts=39695205us delay=0ms state=Idle mods(c=false s=false a=false w=false) gas_ctrl=false phys_ctrl=false extra=0x5350494B pending_drain=0 gate_active=false l_thumb=None r_thumb=None [diag-ctx] ime_o
2026-09-20T14:24:55.755397Z DEBUG awase::journal: key input seq=248 elapsed_ms=39691 vk_code=65 is_down=true injected=true key_class="Char" state_before="Idle" state_after="Idle" decision="PassThrough" physical="Allow" repeat_count=1 last_timestamp_us=39695205 last_elapsed_ms=0
2026-09-20T14:24:55.755780Z DEBUG execute_one{generation=None}: awase_windows::runtime::executor: [reinject] vk=0x41 down (queued passthrough now firing)
2026-09-20T14:24:55.851972Z DEBUG awase_windows::runtime::key_pipeline: [engine-input] vk=0x41 KeyUp ts=39792300us delay=0ms state=Idle mods(c=false s=false a=false w=false) gas_ctrl=false phys_ctrl=false extra=0x5350494B pending_drain=0 gate_active=false l_thumb=None r_thumb=None [diag-ctx] ime_on=
2026-09-20T14:24:55.852080Z DEBUG awase::journal: key input seq=249 elapsed_ms=39787 vk_code=65 is_down=false injected=true key_class="Char" state_before="Idle" state_after="Idle" decision="PassThrough" physical="Allow" repeat_count=1 last_timestamp_us=39792300 last_elapsed_ms=0
2026-09-20T14:24:55.852228Z DEBUG execute_one{generation=None}: awase_windows::runtime::executor: [reinject] vk=0x41 up (queued passthrough now firing)
2026-09-20T14:24:56.177060Z DEBUG awase_windows::runtime::ime_refresh: Skipping observer/SSOT write: typing active (idle=312ms)
2026-09-20T14:24:56.700813Z DEBUG awase_windows::observer::ime_observer: IME snapshot: japanese=Some(true) ime_on=Some(false) romaji=Some(true) conv=Some("0x00000019") guard=false
2026-09-20T14:24:56.700907Z DEBUG awase::journal: ime event seq=250 elapsed_ms=40636 event_kind="ObserverReported"
2026-09-20T14:24:56.700940Z DEBUG awase::journal: ime event seq=251 elapsed_ms=40636 event_kind="InputModeObserved"
2026-09-20T14:24:56.733092Z DEBUG awase_windows::runtime::key_pipeline: [engine-input] vk=0x1B KeyDown ts=40673171us delay=0ms state=Idle mods(c=false s=false a=false w=false) gas_ctrl=false phys_ctrl=false extra=0x5350494B pending_drain=0 gate_active=false l_thumb=None r_thumb=None [diag-ctx] ime_o
2026-09-20T14:24:56.733198Z DEBUG awase::journal: key input seq=252 elapsed_ms=40668 vk_code=27 is_down=true injected=true key_class="Passthrough" state_before="Idle" state_after="Idle" decision="PassThrough" physical="Allow" repeat_count=1 last_timestamp_us=40673171 last_elapsed_ms=0
2026-09-20T14:24:56.733303Z DEBUG execute_from_hook: awase_windows::runtime::executor: [relay-passthrough] PassThrough idle: direct OS pass-through (vk=0x1b down)
2026-09-20T14:24:56.733385Z DEBUG execute_one{generation=None}: awase_windows::runtime::executor: [reinject] vk=0x1b down (queued passthrough now firing)
2026-09-20T14:24:56.793448Z DEBUG awase_windows::runtime::key_pipeline: [engine-input] vk=0x1B KeyUp ts=40733731us delay=0ms state=Idle mods(c=false s=false a=false w=false) gas_ctrl=false phys_ctrl=false extra=0x5350494B pending_drain=0 gate_active=false l_thumb=None r_thumb=None [diag-ctx] ime_on=
2026-09-20T14:24:56.793599Z DEBUG awase::journal: key input seq=253 elapsed_ms=40729 vk_code=27 is_down=false injected=true key_class="Passthrough" state_before="Idle" state_after="Idle" decision="PassThrough" physical="Allow" repeat_count=1 last_timestamp_us=40733731 last_elapsed_ms=0
2026-09-20T14:24:56.793765Z DEBUG execute_from_hook: awase_windows::runtime::executor: [relay-passthrough] PassThrough idle: direct OS pass-through (vk=0x1b up)
2026-09-20T14:24:56.793886Z DEBUG execute_one{generation=None}: awase_windows::runtime::executor: [reinject] vk=0x1b up (queued passthrough now firing)
2026-09-20T14:24:57.205472Z DEBUG awase_windows::runtime::ime_refresh: Skipping observer/SSOT write: typing active (idle=407ms)
2026-09-20T14:24:57.703188Z DEBUG awase_windows::observer::ime_observer: IME snapshot: japanese=Some(true) ime_on=Some(false) romaji=Some(true) conv=Some("0x00000019") guard=false
2026-09-20T14:24:57.703361Z DEBUG awase::journal: ime event seq=254 elapsed_ms=41639 event_kind="ObserverReported"
2026-09-20T14:24:57.703401Z DEBUG awase::journal: ime event seq=255 elapsed_ms=41639 event_kind="InputModeObserved"
2026-09-20T14:24:57.791741Z DEBUG awase_windows::hook: [hook] IME-mode vk=0xF0 up self_injected=false injected=false scan=0x70 extra=0x5350494B since_actuation_us=Some(41650153)
2026-09-20T14:24:57.791913Z DEBUG awase::journal: hook ime-mode diagnostic seq=256 elapsed_ms=41727 vk_code=240 is_down=false self_injected=false injected=false scan=112
2026-09-20T14:24:57.792382Z DEBUG awase_windows::hook: [hook] IME-mode vk=0xF2 down self_injected=false injected=true scan=0x70 extra=0x5350494B since_actuation_us=Some(41650802)
2026-09-20T14:24:57.792505Z DEBUG awase_windows::runtime::key_pipeline: [engine-input] vk=0xF0 KeyUp ts=41732504us delay=0ms state=Idle mods(c=false s=false a=false w=false) gas_ctrl=false phys_ctrl=false extra=0x5350494B pending_drain=0 gate_active=false l_thumb=None r_thumb=None [diag-ctx] ime_on=
2026-09-20T14:24:57.792646Z DEBUG awase::journal: key input seq=257 elapsed_ms=41728 vk_code=240 is_down=false injected=false key_class="Passthrough" state_before="Idle" state_after="Idle" decision="PassThrough" physical="Suppress" repeat_count=1 last_timestamp_us=41732504 last_elapsed_ms=0
2026-09-20T14:24:57.792695Z DEBUG awase_windows::runtime::key_pipeline: [imm-cross] key suppress vk=0xf0 KeyUp (physical disposition)
2026-09-20T14:24:57.792750Z DEBUG awase::journal: hook ime-mode diagnostic seq=258 elapsed_ms=41728 vk_code=242 is_down=true self_injected=false injected=true scan=112
2026-09-20T14:24:57.792800Z  INFO awase_windows::runtime::key_pipeline: [shadow-toggle] injected IME キー vk=0xF2 はユーザー意図に昇格させない (BUG-14) — belief 追従は may_change_ime refresh 観測に委譲
2026-09-20T14:24:57.792820Z DEBUG awase_windows::runtime::key_pipeline: [engine-input] vk=0xF2 KeyDown ts=41733081us delay=0ms state=Idle mods(c=false s=false a=false w=false) gas_ctrl=false phys_ctrl=false extra=0x5350494B pending_drain=0 gate_active=false l_thumb=None r_thumb=None [diag-ctx] ime_o
2026-09-20T14:24:57.792869Z DEBUG awase::journal: key input seq=259 elapsed_ms=41728 vk_code=242 is_down=true injected=true key_class="Passthrough" state_before="Idle" state_after="Idle" decision="PassThrough" physical="Allow" repeat_count=1 last_timestamp_us=41733081 last_elapsed_ms=0
2026-09-20T14:24:57.792925Z DEBUG awase_windows::runtime::key_pipeline: may_change_ime key passed through → IME refresh scheduled (20ms)
2026-09-20T14:24:57.792977Z DEBUG execute_from_hook: awase_windows::runtime::executor: [relay-passthrough] PassThrough idle: direct OS pass-through (vk=0xf2 down)
2026-09-20T14:24:57.793026Z DEBUG execute_one{generation=None}: awase_windows::runtime::executor: [reinject] vk=0xf2 down (queued passthrough now firing)
2026-09-20T14:24:57.793794Z DEBUG awase_windows::hook: [hook] IME-mode vk=0xF0 up self_injected=true injected=false scan=0x0 extra=0x4B45594D since_actuation_us=Some(41652215)
2026-09-20T14:24:57.795417Z DEBUG awase_windows::hook: [hook] IME-mode vk=0xF2 down self_injected=true injected=true scan=0x0 extra=0x4B45594D since_actuation_us=Some(41653838)
2026-09-20T14:24:57.797743Z DEBUG awase::journal: hook ime-mode diagnostic seq=260 elapsed_ms=41733 vk_code=240 is_down=false self_injected=true injected=false scan=0
2026-09-20T14:24:57.797811Z DEBUG awase::journal: hook ime-mode diagnostic seq=261 elapsed_ms=41733 vk_code=242 is_down=true self_injected=true injected=true scan=0
2026-09-20T14:24:57.826743Z DEBUG awase_windows::runtime::ime_refresh: Skipping observer/SSOT write: typing active (idle=32ms)
2026-09-20T14:24:58.329606Z DEBUG awase_windows::observer::ime_observer: IME snapshot: japanese=Some(true) ime_on=Some(true) romaji=None conv=Some("0x00000009") guard=false
2026-09-20T14:24:58.329716Z DEBUG awase::journal: ime event seq=262 elapsed_ms=42265 event_kind="ObserverReported"
2026-09-20T14:24:58.330012Z  INFO awase::engine::engine: Engine activated (ime=true, romaji=true, japanese=true, user=true, reason=Active)
2026-09-20T14:24:58.330254Z DEBUG execute_from_loop:execute_one{generation=None}:dispatch_ime_set_open{open=true generation=None}: awase_windows::runtime::executor: [dispatch-ime] ImmCross async: optimistic applied_snapshot=true (suppress send_engine_state_ime_key)
2026-09-20T14:24:58.333422Z DEBUG execute_from_loop:execute_one{generation=None}: awase_windows::platform: [engine-state-key] suppressed (polling/focus-triggered, enabled=true)
2026-09-20T14:24:58.337253Z DEBUG run_open_chain_async: awase_windows::ime_controller: [warrant-shadow] chain=async open=true origin=EventOrigin { source: SelfActuated { strategy: "engine_decision_async" }, epoch: Generation(0) } warranted
2026-09-20T14:24:58.337597Z  INFO run_open_chain_async:imm_cross_write{open=true}: awase_windows::runtime::open_chain: [apply-ime] ImmCross async: open=true composition_active=false show_seq=0 change_seq=0 (issue #138診断)
2026-09-20T14:24:58.341514Z DEBUG awase_windows::shadow_send_trace: [shadow-send] channel=ImeControl cmd=0x0006 lparam=1 issue_us=42281619
2026-09-20T14:24:58.341547Z DEBUG awase_windows::ime: set_ime_open_for_target: hwnd=HWND(0x15009c) ime_wnd=HWND(0x2406fe) open=true success=true send_elapsed=0ms candidate_visible=false
2026-09-20T14:24:58.343097Z DEBUG awase_windows::shadow_send_trace: [shadow-send] channel=ImeControl cmd=0x0002 lparam=25 issue_us=42282492
2026-09-20T14:24:58.343129Z DEBUG awase_windows::ime: [imm-romaji] conv 0x00000009 → 0x00000019 success=true target=None
2026-09-20T14:24:58.344635Z DEBUG run_open_chain_async:imm_cross_write{open=true}: awase_windows::ime: [imm-cross-actuate] hwnd=HWND(0x15009c) open=Written conv=Some(Written)
2026-09-20T14:24:58.344804Z DEBUG run_open_chain_async:imm_cross_write{open=true}: awase_windows::runtime::open_chain: [apply-ime] ROMAN 補完結果: Written
2026-09-20T14:24:58.344941Z DEBUG run_open_chain_async: awase::journal: actuation decision seq=263 elapsed_ms=42280 site="DispatchImeSetOpen" caller="None" open=true chain_len=4 attempts_len=1 gate_profile="Standard" gate_kind="MsIme" gate_shadow_known=true gate_shadow_on=false gate_input_mode="Obse
2026-09-20T14:24:58.346022Z DEBUG on_ime_apply_complete{open=true outcome=AppliedWithoutSendInput generation=None reason=EngineDecision}: awase::journal: ime open applied seq=264 elapsed_ms=42281 open=true outcome="AppliedWithoutSendInput" reason="EngineDecision"
2026-09-20T14:24:58.346298Z DEBUG on_ime_apply_complete{open=true outcome=AppliedWithoutSendInput generation=None reason=EngineDecision}: awase_windows::tsf::ime_mode_fsm: [ime-mode] SetOpen(true) applied → Hiragana (belief, unconfirmed)
2026-09-20T14:24:58.346360Z DEBUG on_ime_apply_complete{open=true outcome=AppliedWithoutSendInput generation=None reason=EngineDecision}: awase_windows::platform: [composition] ImeEffect::SetOpen(true) → marking cold
2026-09-20T14:24:58.346403Z DEBUG on_ime_apply_complete{open=true outcome=AppliedWithoutSendInput generation=None reason=EngineDecision}: awase_windows::tsf::probe: [composition] marked cold reason=SetOpenTrue idle=18446744073709551615ms → next VK/TSF output will send VK_DBE_HIRAGANA warmup
2026-09-20T14:24:58.348062Z DEBUG awase::journal: gji fsm transition seq=265 elapsed_ms=42282 trigger="ImeOn(gji_idle_ms=42187)" state_before="MsImeStrategy" state_after="MsImeStrategy"
2026-09-20T14:24:58.432035Z DEBUG awase_windows::observer::ime_observer: IME snapshot: japanese=Some(true) ime_on=None romaji=Some(true) conv=Some("0x00000019") guard=false
2026-09-20T14:24:58.432095Z DEBUG awase::journal: ime event seq=266 elapsed_ms=42367 event_kind="InputModeObserved"
2026-09-20T14:24:58.940425Z DEBUG awase_windows::observer::ime_observer: IME snapshot: japanese=Some(true) ime_on=Some(true) romaji=Some(true) conv=Some("0x00000019") guard=false
2026-09-20T14:24:58.940525Z DEBUG awase::journal: ime event seq=267 elapsed_ms=42876 event_kind="ObserverReported"
2026-09-20T14:24:58.940605Z DEBUG awase::journal: ime event seq=268 elapsed_ms=42876 event_kind="InputModeObserved"
2026-09-20T14:24:59.445716Z DEBUG awase_windows::observer::ime_observer: IME snapshot: japanese=Some(true) ime_on=Some(true) romaji=Some(true) conv=Some("0x00000019") guard=false
2026-09-20T14:24:59.445749Z DEBUG awase::journal: ime event seq=269 elapsed_ms=43381 event_kind="ObserverReported"
2026-09-20T14:24:59.445762Z DEBUG awase::journal: ime event seq=270 elapsed_ms=43381 event_kind="InputModeObserved"
2026-09-20T14:24:59.552121Z DEBUG awase_windows::hook: [hook] IME-mode vk=0xF2 down self_injected=false injected=true scan=0x70 extra=0x5350494B since_actuation_us=Some(43410530)
2026-09-20T14:24:59.552755Z DEBUG awase::journal: hook ime-mode diagnostic seq=271 elapsed_ms=43488 vk_code=242 is_down=true self_injected=false injected=true scan=112
2026-09-20T14:24:59.553053Z  INFO awase_windows::runtime::key_pipeline: [shadow-toggle] injected IME キー vk=0xF2 はユーザー意図に昇格させない (BUG-14) — belief 追従は may_change_ime refresh 観測に委譲
2026-09-20T14:24:59.553111Z DEBUG awase_windows::runtime::key_pipeline: [engine-input] vk=0xF2 KeyDown ts=43493229us delay=0ms state=Idle mods(c=false s=false a=false w=false) gas_ctrl=false phys_ctrl=false extra=0x5350494B pending_drain=0 gate_active=false l_thumb=None r_thumb=None [diag-ctx] ime_o
2026-09-20T14:24:59.553200Z DEBUG awase::journal: key input seq=272 elapsed_ms=43488 vk_code=242 is_down=true injected=true key_class="Passthrough" state_before="Idle" state_after="Idle" decision="PassThrough" physical="Allow" repeat_count=1 last_timestamp_us=43493229 last_elapsed_ms=0
2026-09-20T14:24:59.553383Z DEBUG awase_windows::runtime::key_pipeline: may_change_ime key passed through → IME refresh scheduled (20ms)
2026-09-20T14:24:59.553505Z DEBUG execute_from_hook: awase_windows::runtime::executor: [relay-passthrough] PassThrough idle: direct OS pass-through (vk=0xf2 down)
2026-09-20T14:24:59.553612Z DEBUG execute_one{generation=None}: awase_windows::runtime::executor: [reinject] vk=0xf2 down (queued passthrough now firing)
2026-09-20T14:24:59.554388Z DEBUG awase_windows::hook: [hook] IME-mode vk=0xF2 down self_injected=true injected=true scan=0x0 extra=0x4B45594D since_actuation_us=Some(43412809)
2026-09-20T14:24:59.556531Z DEBUG awase::journal: hook ime-mode diagnostic seq=273 elapsed_ms=43491 vk_code=242 is_down=true self_injected=true injected=true scan=0
2026-09-20T14:24:59.603017Z DEBUG awase_windows::runtime::ime_refresh: Skipping observer/SSOT write: typing active (idle=47ms)
2026-09-20T14:25:00.112140Z DEBUG awase_windows::observer::ime_observer: IME snapshot: japanese=Some(true) ime_on=Some(false) romaji=Some(true) conv=Some("0x00000019") guard=false
2026-09-20T14:25:00.112244Z DEBUG awase::journal: ime event seq=274 elapsed_ms=44047 event_kind="ObserverReported"
2026-09-20T14:25:00.112283Z DEBUG awase::journal: ime event seq=275 elapsed_ms=44047 event_kind="InputModeObserved"
2026-09-20T14:25:00.112395Z  INFO awase::engine::engine: Engine deactivated (ime=false, romaji=true, japanese=true, user=true, reason=Inactive(ImeOff))
2026-09-20T14:25:00.112583Z DEBUG execute_from_loop:execute_one{generation=None}:dispatch_ime_set_open{open=false generation=None}: awase_windows::runtime::executor: [dispatch-ime] ImmCross async: optimistic applied_snapshot=false (suppress send_engine_state_ime_key)
2026-09-20T14:25:00.114623Z DEBUG execute_from_loop:execute_one{generation=None}: awase_windows::platform: [engine-state-key] suppressed (polling/focus-triggered, enabled=false)
2026-09-20T14:25:00.117248Z DEBUG run_open_chain_async: awase_windows::ime_controller: [warrant-shadow] chain=async open=false origin=EventOrigin { source: SelfActuated { strategy: "engine_decision_async" }, epoch: Generation(0) } warranted
2026-09-20T14:25:00.117584Z  INFO run_open_chain_async:imm_cross_write{open=false}: awase_windows::runtime::open_chain: [apply-ime] ImmCross async: open=false composition_active=false show_seq=0 change_seq=0 (issue #138診断)
2026-09-20T14:25:00.122319Z DEBUG awase_windows::shadow_send_trace: [shadow-send] channel=ImeControl cmd=0x0006 lparam=0 issue_us=44062255
2026-09-20T14:25:00.122343Z DEBUG awase_windows::ime: set_ime_open_for_target: hwnd=HWND(0x15009c) ime_wnd=HWND(0x2406fe) open=false success=true send_elapsed=0ms candidate_visible=false
2026-09-20T14:25:00.122647Z DEBUG run_open_chain_async:imm_cross_write{open=false}: awase_windows::ime: [imm-cross-actuate] hwnd=HWND(0x15009c) open=Written conv=None
2026-09-20T14:25:00.122777Z DEBUG run_open_chain_async: awase::journal: actuation decision seq=276 elapsed_ms=44058 site="DispatchImeSetOpen" caller="None" open=false chain_len=4 attempts_len=1 gate_profile="Standard" gate_kind="MsIme" gate_shadow_known=true gate_shadow_on=true gate_input_mode="Obse
2026-09-20T14:25:00.123074Z DEBUG on_ime_apply_complete{open=false outcome=AppliedWithoutSendInput generation=None reason=EngineDecision}: awase::journal: ime open applied seq=277 elapsed_ms=44058 open=false outcome="AppliedWithoutSendInput" reason="EngineDecision"
2026-09-20T14:25:00.123175Z DEBUG on_ime_apply_complete{open=false outcome=AppliedWithoutSendInput generation=None reason=EngineDecision}: awase_windows::tsf::ime_mode_fsm: [ime-mode] SetOpen(false) applied → Off (belief, unconfirmed)
2026-09-20T14:25:00.123207Z DEBUG on_ime_apply_complete{open=false outcome=AppliedWithoutSendInput generation=None reason=EngineDecision}: awase_windows::platform: [composition] ImeEffect::SetOpen(false) → marking cold (prevent warm+TSF Enter leak)
2026-09-20T14:25:00.123234Z DEBUG on_ime_apply_complete{open=false outcome=AppliedWithoutSendInput generation=None reason=EngineDecision}: awase_windows::tsf::probe: [composition] marked cold reason=SetOpenFalse idle=18446744073709551615ms → next VK/TSF output will send VK_DBE_HIRAGANA warmup
2026-09-20T14:25:00.123377Z DEBUG awase::journal: gji fsm transition seq=278 elapsed_ms=44058 trigger="ImeOff" state_before="MsImeStrategy" state_after="MsImeStrategy"
2026-09-20T14:25:00.158352Z DEBUG awase_windows::observer::ime_observer: IME snapshot: japanese=Some(true) ime_on=Some(false) romaji=Some(true) conv=Some("0x00000019") guard=false
2026-09-20T14:25:00.158508Z DEBUG awase::journal: ime event seq=279 elapsed_ms=44093 event_kind="ObserverReported"
2026-09-20T14:25:00.158573Z DEBUG awase::journal: ime event seq=280 elapsed_ms=44093 event_kind="InputModeObserved"
2026-09-20T14:25:00.660194Z DEBUG awase_windows::observer::ime_observer: IME snapshot: japanese=Some(true) ime_on=Some(false) romaji=Some(true) conv=Some("0x00000019") guard=false
2026-09-20T14:25:00.660250Z DEBUG awase::journal: ime event seq=281 elapsed_ms=44595 event_kind="ObserverReported"
2026-09-20T14:25:00.660270Z DEBUG awase::journal: ime event seq=282 elapsed_ms=44595 event_kind="InputModeObserved"
2026-09-20T14:25:00.814018Z DEBUG awase_windows::runtime::key_pipeline: [engine-input] vk=0x41 KeyDown ts=44754154us delay=0ms state=Idle mods(c=false s=false a=false w=false) gas_ctrl=false phys_ctrl=false extra=0x5350494B pending_drain=0 gate_active=false l_thumb=None r_thumb=None [diag-ctx] ime_o
2026-09-20T14:25:00.814165Z DEBUG awase::journal: key input seq=283 elapsed_ms=44749 vk_code=65 is_down=true injected=true key_class="Char" state_before="Idle" state_after="Idle" decision="PassThrough" physical="Allow" repeat_count=1 last_timestamp_us=44754154 last_elapsed_ms=0
2026-09-20T14:25:00.814376Z DEBUG execute_one{generation=None}: awase_windows::runtime::executor: [reinject] vk=0x41 down (queued passthrough now firing)
2026-09-20T14:25:00.927867Z DEBUG awase_windows::runtime::key_pipeline: [engine-input] vk=0x41 KeyUp ts=44867873us delay=0ms state=Idle mods(c=false s=false a=false w=false) gas_ctrl=false phys_ctrl=false extra=0x5350494B pending_drain=0 gate_active=false l_thumb=None r_thumb=None [diag-ctx] ime_on=
2026-09-20T14:25:00.927973Z DEBUG awase::journal: key input seq=284 elapsed_ms=44863 vk_code=65 is_down=false injected=true key_class="Char" state_before="Idle" state_after="Idle" decision="PassThrough" physical="Allow" repeat_count=1 last_timestamp_us=44867873 last_elapsed_ms=0
2026-09-20T14:25:00.928154Z DEBUG execute_one{generation=None}: awase_windows::runtime::executor: [reinject] vk=0x41 up (queued passthrough now firing)
2026-09-20T14:25:01.194022Z DEBUG awase_windows::runtime::ime_refresh: Skipping observer/SSOT write: typing active (idle=266ms)
2026-09-20T14:25:01.705859Z DEBUG awase_windows::observer::ime_observer: IME snapshot: japanese=Some(true) ime_on=Some(false) romaji=Some(true) conv=Some("0x00000019") guard=false
2026-09-20T14:25:01.705961Z DEBUG awase::journal: ime event seq=285 elapsed_ms=45641 event_kind="ObserverReported"
2026-09-20T14:25:01.705998Z DEBUG awase::journal: ime event seq=286 elapsed_ms=45641 event_kind="InputModeObserved"
2026-09-20T14:25:01.813056Z DEBUG awase_windows::runtime::key_pipeline: [engine-input] vk=0x1B KeyDown ts=45753261us delay=0ms state=Idle mods(c=false s=false a=false w=false) gas_ctrl=false phys_ctrl=false extra=0x5350494B pending_drain=0 gate_active=false l_thumb=None r_thumb=None [diag-ctx] ime_o
2026-09-20T14:25:01.813162Z DEBUG awase::journal: key input seq=287 elapsed_ms=45748 vk_code=27 is_down=true injected=true key_class="Passthrough" state_before="Idle" state_after="Idle" decision="PassThrough" physical="Allow" repeat_count=1 last_timestamp_us=45753261 last_elapsed_ms=0
2026-09-20T14:25:01.813268Z DEBUG execute_from_hook: awase_windows::runtime::executor: [relay-passthrough] PassThrough idle: direct OS pass-through (vk=0x1b down)
2026-09-20T14:25:01.813353Z DEBUG execute_one{generation=None}: awase_windows::runtime::executor: [reinject] vk=0x1b down (queued passthrough now firing)
2026-09-20T14:25:01.874069Z DEBUG awase_windows::runtime::key_pipeline: [engine-input] vk=0x1B KeyUp ts=45814389us delay=0ms state=Idle mods(c=false s=false a=false w=false) gas_ctrl=false phys_ctrl=false extra=0x5350494B pending_drain=0 gate_active=false l_thumb=None r_thumb=None [diag-ctx] ime_on=
2026-09-20T14:25:01.874207Z DEBUG awase::journal: key input seq=288 elapsed_ms=45809 vk_code=27 is_down=false injected=true key_class="Passthrough" state_before="Idle" state_after="Idle" decision="PassThrough" physical="Allow" repeat_count=1 last_timestamp_us=45814389 last_elapsed_ms=0
2026-09-20T14:25:01.874360Z DEBUG execute_from_hook: awase_windows::runtime::executor: [relay-passthrough] PassThrough idle: direct OS pass-through (vk=0x1b up)
2026-09-20T14:25:01.874467Z DEBUG execute_one{generation=None}: awase_windows::runtime::executor: [reinject] vk=0x1b up (queued passthrough now firing)
2026-09-20T14:25:02.207566Z DEBUG awase_windows::runtime::ime_refresh: Skipping observer/SSOT write: typing active (idle=329ms)
2026-09-20T14:25:02.707021Z DEBUG awase_windows::observer::ime_observer: IME snapshot: japanese=Some(true) ime_on=Some(false) romaji=Some(true) conv=Some("0x00000019") guard=false
2026-09-20T14:25:02.707104Z DEBUG awase::journal: ime event seq=289 elapsed_ms=46642 event_kind="ObserverReported"
2026-09-20T14:25:02.707135Z DEBUG awase::journal: ime event seq=290 elapsed_ms=46642 event_kind="InputModeObserved"
2026-09-20T14:25:02.811302Z DEBUG awase_windows::hook: [hook] IME-mode vk=0xF0 up self_injected=false injected=false scan=0x70 extra=0x5350494B since_actuation_us=Some(46669714)
2026-09-20T14:25:02.811821Z DEBUG awase::journal: hook ime-mode diagnostic seq=291 elapsed_ms=46746 vk_code=240 is_down=false self_injected=false injected=false scan=112
2026-09-20T14:25:02.812035Z DEBUG awase_windows::runtime::key_pipeline: [engine-input] vk=0xF0 KeyUp ts=46752045us delay=0ms state=Idle mods(c=false s=false a=false w=false) gas_ctrl=false phys_ctrl=false extra=0x5350494B pending_drain=0 gate_active=false l_thumb=None r_thumb=None [diag-ctx] ime_on=
2026-09-20T14:25:02.812056Z DEBUG awase_windows::hook: [hook] IME-mode vk=0xF2 down self_injected=false injected=true scan=0x70 extra=0x5350494B since_actuation_us=Some(46670467)
2026-09-20T14:25:02.812540Z DEBUG awase::journal: key input seq=292 elapsed_ms=46747 vk_code=240 is_down=false injected=false key_class="Passthrough" state_before="Idle" state_after="Idle" decision="PassThrough" physical="Suppress" repeat_count=1 last_timestamp_us=46752045 last_elapsed_ms=0
2026-09-20T14:25:02.812621Z DEBUG awase_windows::runtime::key_pipeline: [imm-cross] key suppress vk=0xf0 KeyUp (physical disposition)
2026-09-20T14:25:02.812701Z DEBUG awase::journal: hook ime-mode diagnostic seq=293 elapsed_ms=46747 vk_code=242 is_down=true self_injected=false injected=true scan=112
2026-09-20T14:25:02.812780Z  INFO awase_windows::runtime::key_pipeline: [shadow-toggle] injected IME キー vk=0xF2 はユーザー意図に昇格させない (BUG-14) — belief 追従は may_change_ime refresh 観測に委譲
2026-09-20T14:25:02.812820Z DEBUG awase_windows::runtime::key_pipeline: [engine-input] vk=0xF2 KeyDown ts=46752985us delay=0ms state=Idle mods(c=false s=false a=false w=false) gas_ctrl=false phys_ctrl=false extra=0x5350494B pending_drain=0 gate_active=false l_thumb=None r_thumb=None [diag-ctx] ime_o
2026-09-20T14:25:02.812894Z DEBUG awase::journal: key input seq=294 elapsed_ms=46747 vk_code=242 is_down=true injected=true key_class="Passthrough" state_before="Idle" state_after="Idle" decision="PassThrough" physical="Allow" repeat_count=1 last_timestamp_us=46752985 last_elapsed_ms=0
2026-09-20T14:25:02.812962Z DEBUG awase_windows::runtime::key_pipeline: may_change_ime key passed through → IME refresh scheduled (20ms)
2026-09-20T14:25:02.813033Z DEBUG execute_from_hook: awase_windows::runtime::executor: [relay-passthrough] PassThrough idle: direct OS pass-through (vk=0xf2 down)
2026-09-20T14:25:02.813134Z DEBUG execute_one{generation=None}: awase_windows::runtime::executor: [reinject] vk=0xf2 down (queued passthrough now firing)
2026-09-20T14:25:02.813782Z DEBUG awase_windows::hook: [hook] IME-mode vk=0xF0 up self_injected=true injected=false scan=0x0 extra=0x4B45594D since_actuation_us=Some(46672201)
2026-09-20T14:25:02.815751Z DEBUG awase_windows::hook: [hook] IME-mode vk=0xF2 down self_injected=true injected=true scan=0x0 extra=0x4B45594D since_actuation_us=Some(46674157)
2026-09-20T14:25:02.818259Z DEBUG awase::journal: hook ime-mode diagnostic seq=295 elapsed_ms=46753 vk_code=240 is_down=false self_injected=true injected=false scan=0
2026-09-20T14:25:02.818322Z DEBUG awase::journal: hook ime-mode diagnostic seq=296 elapsed_ms=46753 vk_code=242 is_down=true self_injected=true injected=true scan=0
2026-09-20T14:25:02.845551Z DEBUG awase_windows::runtime::ime_refresh: Skipping observer/SSOT write: typing active (idle=31ms)
2026-09-20T14:25:03.345964Z DEBUG awase_windows::observer::ime_observer: IME snapshot: japanese=Some(true) ime_on=Some(true) romaji=None conv=Some("0x00000009") guard=false
2026-09-20T14:25:03.346063Z DEBUG awase::journal: ime event seq=297 elapsed_ms=47281 event_kind="ObserverReported"
2026-09-20T14:25:03.346142Z  INFO awase::engine::engine: Engine activated (ime=true, romaji=true, japanese=true, user=true, reason=Active)
2026-09-20T14:25:03.346298Z DEBUG execute_from_loop:execute_one{generation=None}:dispatch_ime_set_open{open=true generation=None}: awase_windows::runtime::executor: [dispatch-ime] ImmCross async: optimistic applied_snapshot=true (suppress send_engine_state_ime_key)
2026-09-20T14:25:03.348492Z DEBUG execute_from_loop:execute_one{generation=None}: awase_windows::platform: [engine-state-key] suppressed (polling/focus-triggered, enabled=true)
2026-09-20T14:25:03.352166Z DEBUG run_open_chain_async: awase_windows::ime_controller: [warrant-shadow] chain=async open=true origin=EventOrigin { source: SelfActuated { strategy: "engine_decision_async" }, epoch: Generation(0) } warranted
2026-09-20T14:25:03.352279Z  INFO run_open_chain_async:imm_cross_write{open=true}: awase_windows::runtime::open_chain: [apply-ime] ImmCross async: open=true composition_active=false show_seq=0 change_seq=0 (issue #138診断)
2026-09-20T14:25:03.356167Z DEBUG awase_windows::shadow_send_trace: [shadow-send] channel=ImeControl cmd=0x0006 lparam=1 issue_us=47296276
2026-09-20T14:25:03.356187Z DEBUG awase_windows::ime: set_ime_open_for_target: hwnd=HWND(0x15009c) ime_wnd=HWND(0x2406fe) open=true success=true send_elapsed=0ms candidate_visible=false
2026-09-20T14:25:03.357706Z DEBUG awase_windows::shadow_send_trace: [shadow-send] channel=ImeControl cmd=0x0002 lparam=25 issue_us=47297285
2026-09-20T14:25:03.357727Z DEBUG awase_windows::ime: [imm-romaji] conv 0x00000009 → 0x00000019 success=true target=None
2026-09-20T14:25:03.358877Z DEBUG run_open_chain_async:imm_cross_write{open=true}: awase_windows::ime: [imm-cross-actuate] hwnd=HWND(0x15009c) open=Written conv=Some(Written)
2026-09-20T14:25:03.358966Z DEBUG run_open_chain_async:imm_cross_write{open=true}: awase_windows::runtime::open_chain: [apply-ime] ROMAN 補完結果: Written
2026-09-20T14:25:03.359044Z DEBUG run_open_chain_async: awase::journal: actuation decision seq=298 elapsed_ms=47293 site="DispatchImeSetOpen" caller="None" open=true chain_len=4 attempts_len=1 gate_profile="Standard" gate_kind="MsIme" gate_shadow_known=true gate_shadow_on=false gate_input_mode="Obse
2026-09-20T14:25:03.360473Z DEBUG on_ime_apply_complete{open=true outcome=AppliedWithoutSendInput generation=None reason=EngineDecision}: awase::journal: ime open applied seq=299 elapsed_ms=47295 open=true outcome="AppliedWithoutSendInput" reason="EngineDecision"
2026-09-20T14:25:03.361321Z DEBUG on_ime_apply_complete{open=true outcome=AppliedWithoutSendInput generation=None reason=EngineDecision}: awase_windows::tsf::ime_mode_fsm: [ime-mode] SetOpen(true) applied → Hiragana (belief, unconfirmed)
2026-09-20T14:25:03.361414Z DEBUG on_ime_apply_complete{open=true outcome=AppliedWithoutSendInput generation=None reason=EngineDecision}: awase_windows::platform: [composition] ImeEffect::SetOpen(true) → marking cold
2026-09-20T14:25:03.361440Z DEBUG on_ime_apply_complete{open=true outcome=AppliedWithoutSendInput generation=None reason=EngineDecision}: awase_windows::tsf::probe: [composition] marked cold reason=SetOpenTrue idle=18446744073709551615ms → next VK/TSF output will send VK_DBE_HIRAGANA warmup
2026-09-20T14:25:03.362027Z DEBUG awase::journal: gji fsm transition seq=300 elapsed_ms=47296 trigger="ImeOn(gji_idle_ms=47203)" state_before="MsImeStrategy" state_after="MsImeStrategy"
2026-09-20T14:25:03.391688Z DEBUG awase_windows::observer::ime_observer: IME snapshot: japanese=Some(true) ime_on=Some(true) romaji=Some(true) conv=Some("0x00000019") guard=false
2026-09-20T14:25:03.391784Z DEBUG awase::journal: ime event seq=301 elapsed_ms=47326 event_kind="ObserverReported"
2026-09-20T14:25:03.391819Z DEBUG awase::journal: ime event seq=302 elapsed_ms=47326 event_kind="InputModeObserved"
2026-09-20T14:25:03.896571Z DEBUG awase_windows::observer::ime_observer: IME snapshot: japanese=Some(true) ime_on=Some(true) romaji=Some(true) conv=Some("0x00000019") guard=false
2026-09-20T14:25:03.896662Z DEBUG awase::journal: ime event seq=303 elapsed_ms=47831 event_kind="ObserverReported"
2026-09-20T14:25:03.896695Z DEBUG awase::journal: ime event seq=304 elapsed_ms=47831 event_kind="InputModeObserved"
2026-09-20T14:25:04.403137Z DEBUG awase_windows::observer::ime_observer: IME snapshot: japanese=Some(true) ime_on=Some(true) romaji=Some(true) conv=Some("0x00000019") guard=false
2026-09-20T14:25:04.403177Z DEBUG awase::journal: ime event seq=305 elapsed_ms=48338 event_kind="ObserverReported"
2026-09-20T14:25:04.403191Z DEBUG awase::journal: ime event seq=306 elapsed_ms=48338 event_kind="InputModeObserved"
2026-09-20T14:25:04.621533Z DEBUG awase_windows::hook: [hook] IME-mode vk=0xF2 down self_injected=false injected=true scan=0x70 extra=0x5350494B since_actuation_us=Some(48479935)
2026-09-20T14:25:04.622231Z DEBUG awase::journal: hook ime-mode diagnostic seq=307 elapsed_ms=48557 vk_code=242 is_down=true self_injected=false injected=true scan=112
2026-09-20T14:25:04.622510Z  INFO awase_windows::runtime::key_pipeline: [shadow-toggle] injected IME キー vk=0xF2 はユーザー意図に昇格させない (BUG-14) — belief 追従は may_change_ime refresh 観測に委譲
2026-09-20T14:25:04.622577Z DEBUG awase_windows::runtime::key_pipeline: [engine-input] vk=0xF2 KeyDown ts=48562302us delay=0ms state=Idle mods(c=false s=false a=false w=false) gas_ctrl=false phys_ctrl=false extra=0x5350494B pending_drain=0 gate_active=false l_thumb=None r_thumb=None [diag-ctx] ime_o
2026-09-20T14:25:04.622689Z DEBUG awase::journal: key input seq=308 elapsed_ms=48557 vk_code=242 is_down=true injected=true key_class="Passthrough" state_before="Idle" state_after="Idle" decision="PassThrough" physical="Allow" repeat_count=1 last_timestamp_us=48562302 last_elapsed_ms=0
2026-09-20T14:25:04.622781Z DEBUG awase_windows::runtime::key_pipeline: may_change_ime key passed through → IME refresh scheduled (20ms)
2026-09-20T14:25:04.622902Z DEBUG execute_from_hook: awase_windows::runtime::executor: [relay-passthrough] PassThrough idle: direct OS pass-through (vk=0xf2 down)
2026-09-20T14:25:04.622992Z DEBUG execute_one{generation=None}: awase_windows::runtime::executor: [reinject] vk=0xf2 down (queued passthrough now firing)
2026-09-20T14:25:04.623762Z DEBUG awase_windows::hook: [hook] IME-mode vk=0xF2 down self_injected=true injected=true scan=0x0 extra=0x4B45594D since_actuation_us=Some(48482175)
2026-09-20T14:25:04.625934Z DEBUG awase::journal: hook ime-mode diagnostic seq=309 elapsed_ms=48560 vk_code=242 is_down=true self_injected=true injected=true scan=0
2026-09-20T14:25:04.656431Z DEBUG awase_windows::runtime::ime_refresh: Skipping observer/SSOT write: typing active (idle=32ms)
2026-09-20T14:25:05.164210Z DEBUG awase_windows::observer::ime_observer: IME snapshot: japanese=Some(true) ime_on=Some(false) romaji=Some(true) conv=Some("0x00000019") guard=false
2026-09-20T14:25:05.164366Z DEBUG awase::journal: ime event seq=310 elapsed_ms=49099 event_kind="ObserverReported"
2026-09-20T14:25:05.164424Z DEBUG awase::journal: ime event seq=311 elapsed_ms=49099 event_kind="InputModeObserved"
2026-09-20T14:25:05.164556Z  INFO awase::engine::engine: Engine deactivated (ime=false, romaji=true, japanese=true, user=true, reason=Inactive(ImeOff))
2026-09-20T14:25:05.164932Z DEBUG execute_from_loop:execute_one{generation=None}:dispatch_ime_set_open{open=false generation=None}: awase_windows::runtime::executor: [dispatch-ime] ImmCross async: optimistic applied_snapshot=false (suppress send_engine_state_ime_key)
2026-09-20T14:25:05.167707Z DEBUG execute_from_loop:execute_one{generation=None}: awase_windows::platform: [engine-state-key] suppressed (polling/focus-triggered, enabled=false)
2026-09-20T14:25:05.170992Z DEBUG run_open_chain_async: awase_windows::ime_controller: [warrant-shadow] chain=async open=false origin=EventOrigin { source: SelfActuated { strategy: "engine_decision_async" }, epoch: Generation(0) } warranted
2026-09-20T14:25:05.171199Z  INFO run_open_chain_async:imm_cross_write{open=false}: awase_windows::runtime::open_chain: [apply-ime] ImmCross async: open=false composition_active=false show_seq=0 change_seq=0 (issue #138診断)
2026-09-20T14:25:05.173337Z DEBUG awase_windows::shadow_send_trace: [shadow-send] channel=ImeControl cmd=0x0006 lparam=0 issue_us=49113745
2026-09-20T14:25:05.173352Z DEBUG awase_windows::ime: set_ime_open_for_target: hwnd=HWND(0x15009c) ime_wnd=HWND(0x2406fe) open=false success=true send_elapsed=0ms candidate_visible=false
2026-09-20T14:25:05.173733Z DEBUG run_open_chain_async:imm_cross_write{open=false}: awase_windows::ime: [imm-cross-actuate] hwnd=HWND(0x15009c) open=Written conv=None
2026-09-20T14:25:05.173834Z DEBUG run_open_chain_async: awase::journal: actuation decision seq=312 elapsed_ms=49108 site="DispatchImeSetOpen" caller="None" open=false chain_len=4 attempts_len=1 gate_profile="Standard" gate_kind="MsIme" gate_shadow_known=true gate_shadow_on=true gate_input_mode="Obse
2026-09-20T14:25:05.173980Z DEBUG on_ime_apply_complete{open=false outcome=AppliedWithoutSendInput generation=None reason=EngineDecision}: awase::journal: ime open applied seq=313 elapsed_ms=49108 open=false outcome="AppliedWithoutSendInput" reason="EngineDecision"
2026-09-20T14:25:05.174041Z DEBUG on_ime_apply_complete{open=false outcome=AppliedWithoutSendInput generation=None reason=EngineDecision}: awase_windows::tsf::ime_mode_fsm: [ime-mode] SetOpen(false) applied → Off (belief, unconfirmed)
2026-09-20T14:25:05.174061Z DEBUG on_ime_apply_complete{open=false outcome=AppliedWithoutSendInput generation=None reason=EngineDecision}: awase_windows::platform: [composition] ImeEffect::SetOpen(false) → marking cold (prevent warm+TSF Enter leak)
2026-09-20T14:25:05.174077Z DEBUG on_ime_apply_complete{open=false outcome=AppliedWithoutSendInput generation=None reason=EngineDecision}: awase_windows::tsf::probe: [composition] marked cold reason=SetOpenFalse idle=18446744073709551615ms → next VK/TSF output will send VK_DBE_HIRAGANA warmup
2026-09-20T14:25:05.174163Z DEBUG awase::journal: gji fsm transition seq=314 elapsed_ms=49108 trigger="ImeOff" state_before="MsImeStrategy" state_after="MsImeStrategy"
2026-09-20T14:25:05.209658Z DEBUG awase_windows::observer::ime_observer: IME snapshot: japanese=Some(true) ime_on=Some(false) romaji=Some(true) conv=Some("0x00000019") guard=false
2026-09-20T14:25:05.209824Z DEBUG awase::journal: ime event seq=315 elapsed_ms=49144 event_kind="ObserverReported"
2026-09-20T14:25:05.209890Z DEBUG awase::journal: ime event seq=316 elapsed_ms=49144 event_kind="InputModeObserved"
2026-09-20T14:25:05.710973Z DEBUG awase_windows::observer::ime_observer: IME snapshot: japanese=Some(true) ime_on=Some(false) romaji=Some(true) conv=Some("0x00000019") guard=false
2026-09-20T14:25:05.711012Z DEBUG awase::journal: ime event seq=317 elapsed_ms=49645 event_kind="ObserverReported"
2026-09-20T14:25:05.711026Z DEBUG awase::journal: ime event seq=318 elapsed_ms=49645 event_kind="InputModeObserved"
2026-09-20T14:25:05.834696Z DEBUG awase_windows::runtime::key_pipeline: [engine-input] vk=0x41 KeyDown ts=49775069us delay=0ms state=Idle mods(c=false s=false a=false w=false) gas_ctrl=false phys_ctrl=false extra=0x5350494B pending_drain=0 gate_active=false l_thumb=None r_thumb=None [diag-ctx] ime_o
2026-09-20T14:25:05.834865Z DEBUG awase::journal: key input seq=319 elapsed_ms=49769 vk_code=65 is_down=true injected=true key_class="Char" state_before="Idle" state_after="Idle" decision="PassThrough" physical="Allow" repeat_count=1 last_timestamp_us=49775069 last_elapsed_ms=0
2026-09-20T14:25:05.835032Z DEBUG execute_one{generation=None}: awase_windows::runtime::executor: [reinject] vk=0x41 down (queued passthrough now firing)
2026-09-20T14:25:05.944780Z DEBUG awase_windows::runtime::key_pipeline: [engine-input] vk=0x41 KeyUp ts=49885247us delay=0ms state=Idle mods(c=false s=false a=false w=false) gas_ctrl=false phys_ctrl=false extra=0x5350494B pending_drain=0 gate_active=false l_thumb=None r_thumb=None [diag-ctx] ime_on=
2026-09-20T14:25:05.944831Z DEBUG awase::journal: key input seq=320 elapsed_ms=49879 vk_code=65 is_down=false injected=true key_class="Char" state_before="Idle" state_after="Idle" decision="PassThrough" physical="Allow" repeat_count=1 last_timestamp_us=49885247 last_elapsed_ms=0
2026-09-20T14:25:05.944899Z DEBUG execute_one{generation=None}: awase_windows::runtime::executor: [reinject] vk=0x41 up (queued passthrough now firing)
2026-09-20T14:25:06.264246Z DEBUG awase_windows::runtime::ime_refresh: Skipping observer/SSOT write: typing active (idle=312ms)
2026-09-20T14:25:06.773013Z DEBUG awase_windows::observer::ime_observer: IME snapshot: japanese=Some(true) ime_on=Some(false) romaji=Some(true) conv=Some("0x00000019") guard=false
2026-09-20T14:25:06.773104Z DEBUG awase::journal: ime event seq=321 elapsed_ms=50707 event_kind="ObserverReported"
2026-09-20T14:25:06.773141Z DEBUG awase::journal: ime event seq=322 elapsed_ms=50707 event_kind="InputModeObserved"
2026-09-20T14:25:06.823595Z DEBUG awase_windows::runtime::key_pipeline: [engine-input] vk=0x1B KeyDown ts=50763953us delay=0ms state=Idle mods(c=false s=false a=false w=false) gas_ctrl=false phys_ctrl=false extra=0x5350494B pending_drain=0 gate_active=false l_thumb=None r_thumb=None [diag-ctx] ime_o
2026-09-20T14:25:06.823698Z DEBUG awase::journal: key input seq=323 elapsed_ms=50758 vk_code=27 is_down=true injected=true key_class="Passthrough" state_before="Idle" state_after="Idle" decision="PassThrough" physical="Allow" repeat_count=1 last_timestamp_us=50763953 last_elapsed_ms=0
2026-09-20T14:25:06.823804Z DEBUG execute_from_hook: awase_windows::runtime::executor: [relay-passthrough] PassThrough idle: direct OS pass-through (vk=0x1b down)
2026-09-20T14:25:06.823892Z DEBUG execute_one{generation=None}: awase_windows::runtime::executor: [reinject] vk=0x1b down (queued passthrough now firing)
2026-09-20T14:25:06.886803Z DEBUG awase_windows::runtime::key_pipeline: [engine-input] vk=0x1B KeyUp ts=50827246us delay=0ms state=Idle mods(c=false s=false a=false w=false) gas_ctrl=false phys_ctrl=false extra=0x5350494B pending_drain=0 gate_active=false l_thumb=None r_thumb=None [diag-ctx] ime_on=
2026-09-20T14:25:06.886859Z DEBUG awase::journal: key input seq=324 elapsed_ms=50821 vk_code=27 is_down=false injected=true key_class="Passthrough" state_before="Idle" state_after="Idle" decision="PassThrough" physical="Allow" repeat_count=1 last_timestamp_us=50827246 last_elapsed_ms=0
2026-09-20T14:25:06.886916Z DEBUG execute_from_hook: awase_windows::runtime::executor: [relay-passthrough] PassThrough idle: direct OS pass-through (vk=0x1b up)
2026-09-20T14:25:06.887017Z DEBUG execute_one{generation=None}: awase_windows::runtime::executor: [reinject] vk=0x1b up (queued passthrough now firing)
2026-09-20T14:25:07.280239Z DEBUG awase_windows::runtime::ime_refresh: Skipping observer/SSOT write: typing active (idle=391ms)
2026-09-20T14:25:07.781344Z DEBUG awase_windows::observer::ime_observer: IME snapshot: japanese=Some(true) ime_on=Some(false) romaji=Some(true) conv=Some("0x00000019") guard=false
2026-09-20T14:25:07.781434Z DEBUG awase::journal: ime event seq=325 elapsed_ms=51715 event_kind="ObserverReported"
2026-09-20T14:25:07.781472Z DEBUG awase::journal: ime event seq=326 elapsed_ms=51715 event_kind="InputModeObserved"
2026-09-20T14:25:07.826367Z DEBUG awase_windows::hook: [hook] IME-mode vk=0xF0 up self_injected=false injected=false scan=0x70 extra=0x5350494B since_actuation_us=Some(51684786)
2026-09-20T14:25:07.826561Z DEBUG awase::journal: hook ime-mode diagnostic seq=327 elapsed_ms=51760 vk_code=240 is_down=false self_injected=false injected=false scan=112
2026-09-20T14:25:07.826638Z DEBUG awase_windows::hook: [hook] IME-mode vk=0xF2 down self_injected=false injected=true scan=0x70 extra=0x5350494B since_actuation_us=Some(51685067)
2026-09-20T14:25:07.826721Z DEBUG awase_windows::runtime::key_pipeline: [engine-input] vk=0xF0 KeyUp ts=51767046us delay=0ms state=Idle mods(c=false s=false a=false w=false) gas_ctrl=false phys_ctrl=false extra=0x5350494B pending_drain=0 gate_active=false l_thumb=None r_thumb=None [diag-ctx] ime_on=
2026-09-20T14:25:07.826794Z DEBUG awase::journal: key input seq=328 elapsed_ms=51761 vk_code=240 is_down=false injected=false key_class="Passthrough" state_before="Idle" state_after="Idle" decision="PassThrough" physical="Suppress" repeat_count=1 last_timestamp_us=51767046 last_elapsed_ms=0
2026-09-20T14:25:07.826817Z DEBUG awase_windows::runtime::key_pipeline: [imm-cross] key suppress vk=0xf0 KeyUp (physical disposition)
2026-09-20T14:25:07.826840Z DEBUG awase::journal: hook ime-mode diagnostic seq=329 elapsed_ms=51761 vk_code=242 is_down=true self_injected=false injected=true scan=112
2026-09-20T14:25:07.826865Z  INFO awase_windows::runtime::key_pipeline: [shadow-toggle] injected IME キー vk=0xF2 はユーザー意図に昇格させない (BUG-14) — belief 追従は may_change_ime refresh 観測に委譲
2026-09-20T14:25:07.826875Z DEBUG awase_windows::runtime::key_pipeline: [engine-input] vk=0xF2 KeyDown ts=51767306us delay=0ms state=Idle mods(c=false s=false a=false w=false) gas_ctrl=false phys_ctrl=false extra=0x5350494B pending_drain=0 gate_active=false l_thumb=None r_thumb=None [diag-ctx] ime_o
2026-09-20T14:25:07.826899Z DEBUG awase::journal: key input seq=330 elapsed_ms=51761 vk_code=242 is_down=true injected=true key_class="Passthrough" state_before="Idle" state_after="Idle" decision="PassThrough" physical="Allow" repeat_count=1 last_timestamp_us=51767306 last_elapsed_ms=0
2026-09-20T14:25:07.826927Z DEBUG awase_windows::runtime::key_pipeline: may_change_ime key passed through → IME refresh scheduled (20ms)
2026-09-20T14:25:07.826953Z DEBUG execute_from_hook: awase_windows::runtime::executor: [relay-passthrough] PassThrough idle: direct OS pass-through (vk=0xf2 down)
2026-09-20T14:25:07.826975Z DEBUG execute_one{generation=None}: awase_windows::runtime::executor: [reinject] vk=0xf2 down (queued passthrough now firing)
2026-09-20T14:25:07.827281Z DEBUG awase_windows::hook: [hook] IME-mode vk=0xF0 up self_injected=true injected=false scan=0x0 extra=0x4B45594D since_actuation_us=Some(51685708)
2026-09-20T14:25:07.828059Z DEBUG awase_windows::hook: [hook] IME-mode vk=0xF2 down self_injected=true injected=true scan=0x0 extra=0x4B45594D since_actuation_us=Some(51686485)
2026-09-20T14:25:07.828855Z DEBUG awase::journal: hook ime-mode diagnostic seq=331 elapsed_ms=51763 vk_code=240 is_down=false self_injected=true injected=false scan=0
2026-09-20T14:25:07.828908Z DEBUG awase::journal: hook ime-mode diagnostic seq=332 elapsed_ms=51763 vk_code=242 is_down=true self_injected=true injected=true scan=0
2026-09-20T14:25:07.859902Z DEBUG awase_windows::runtime::ime_refresh: Skipping observer/SSOT write: typing active (idle=31ms)
2026-09-20T14:25:08.363573Z DEBUG awase_windows::observer::ime_observer: IME snapshot: japanese=Some(true) ime_on=Some(true) romaji=None conv=Some("0x00000009") guard=false
2026-09-20T14:25:08.363692Z DEBUG awase::journal: ime event seq=333 elapsed_ms=52298 event_kind="ObserverReported"
2026-09-20T14:25:08.363784Z  INFO awase::engine::engine: Engine activated (ime=true, romaji=true, japanese=true, user=true, reason=Active)
2026-09-20T14:25:08.363955Z DEBUG execute_from_loop:execute_one{generation=None}:dispatch_ime_set_open{open=true generation=None}: awase_windows::runtime::executor: [dispatch-ime] ImmCross async: optimistic applied_snapshot=true (suppress send_engine_state_ime_key)
2026-09-20T14:25:08.365451Z DEBUG execute_from_loop:execute_one{generation=None}: awase_windows::platform: [engine-state-key] suppressed (polling/focus-triggered, enabled=true)
2026-09-20T14:25:08.367218Z DEBUG run_open_chain_async: awase_windows::ime_controller: [warrant-shadow] chain=async open=true origin=EventOrigin { source: SelfActuated { strategy: "engine_decision_async" }, epoch: Generation(0) } warranted
2026-09-20T14:25:08.367356Z  INFO run_open_chain_async:imm_cross_write{open=true}: awase_windows::runtime::open_chain: [apply-ime] ImmCross async: open=true composition_active=false show_seq=0 change_seq=0 (issue #138診断)
2026-09-20T14:25:08.369089Z DEBUG awase_windows::shadow_send_trace: [shadow-send] channel=ImeControl cmd=0x0006 lparam=1 issue_us=52309465
2026-09-20T14:25:08.369113Z DEBUG awase_windows::ime: set_ime_open_for_target: hwnd=HWND(0x15009c) ime_wnd=HWND(0x2406fe) open=true success=true send_elapsed=0ms candidate_visible=false
2026-09-20T14:25:08.369973Z DEBUG awase_windows::shadow_send_trace: [shadow-send] channel=ImeControl cmd=0x0002 lparam=25 issue_us=52309917
2026-09-20T14:25:08.369994Z DEBUG awase_windows::ime: [imm-romaji] conv 0x00000009 → 0x00000019 success=true target=None
2026-09-20T14:25:08.370245Z DEBUG run_open_chain_async:imm_cross_write{open=true}: awase_windows::ime: [imm-cross-actuate] hwnd=HWND(0x15009c) open=Written conv=Some(Written)
2026-09-20T14:25:08.370322Z DEBUG run_open_chain_async:imm_cross_write{open=true}: awase_windows::runtime::open_chain: [apply-ime] ROMAN 補完結果: Written
2026-09-20T14:25:08.370403Z DEBUG run_open_chain_async: awase::journal: actuation decision seq=334 elapsed_ms=52304 site="DispatchImeSetOpen" caller="None" open=true chain_len=4 attempts_len=1 gate_profile="Standard" gate_kind="MsIme" gate_shadow_known=true gate_shadow_on=false gate_input_mode="Obse
2026-09-20T14:25:08.371022Z DEBUG on_ime_apply_complete{open=true outcome=AppliedWithoutSendInput generation=None reason=EngineDecision}: awase::journal: ime open applied seq=335 elapsed_ms=52305 open=true outcome="AppliedWithoutSendInput" reason="EngineDecision"
2026-09-20T14:25:08.371227Z DEBUG on_ime_apply_complete{open=true outcome=AppliedWithoutSendInput generation=None reason=EngineDecision}: awase_windows::tsf::ime_mode_fsm: [ime-mode] SetOpen(true) applied → Hiragana (belief, unconfirmed)
2026-09-20T14:25:08.371335Z DEBUG on_ime_apply_complete{open=true outcome=AppliedWithoutSendInput generation=None reason=EngineDecision}: awase_windows::platform: [composition] ImeEffect::SetOpen(true) → marking cold
2026-09-20T14:25:08.371358Z DEBUG on_ime_apply_complete{open=true outcome=AppliedWithoutSendInput generation=None reason=EngineDecision}: awase_windows::tsf::probe: [composition] marked cold reason=SetOpenTrue idle=18446744073709551615ms → next VK/TSF output will send VK_DBE_HIRAGANA warmup
2026-09-20T14:25:08.371730Z DEBUG awase::journal: gji fsm transition seq=336 elapsed_ms=52305 trigger="ImeOn(gji_idle_ms=52218)" state_before="MsImeStrategy" state_after="MsImeStrategy"
2026-09-20T14:25:08.449818Z DEBUG awase_windows::observer::ime_observer: IME snapshot: japanese=Some(true) ime_on=Some(true) romaji=Some(true) conv=Some("0x00000019") guard=false
2026-09-20T14:25:08.449906Z DEBUG awase::journal: ime event seq=337 elapsed_ms=52384 event_kind="ObserverReported"
2026-09-20T14:25:08.449943Z DEBUG awase::journal: ime event seq=338 elapsed_ms=52384 event_kind="InputModeObserved"
2026-09-20T14:25:08.947065Z DEBUG awase_windows::observer::ime_observer: IME snapshot: japanese=Some(true) ime_on=Some(true) romaji=Some(true) conv=Some("0x00000019") guard=false
2026-09-20T14:25:08.947160Z DEBUG awase::journal: ime event seq=339 elapsed_ms=52881 event_kind="ObserverReported"
2026-09-20T14:25:08.947199Z DEBUG awase::journal: ime event seq=340 elapsed_ms=52881 event_kind="InputModeObserved"
2026-09-20T14:25:09.518594Z DEBUG awase_windows::observer::ime_observer: IME snapshot: japanese=Some(true) ime_on=None romaji=Some(true) conv=Some("0x00000019") guard=false
2026-09-20T14:25:09.518657Z DEBUG awase::journal: ime event seq=341 elapsed_ms=53452 event_kind="InputModeObserved"
2026-09-20T14:25:09.577579Z DEBUG awase_windows::hook: [hook] IME-mode vk=0xF2 down self_injected=false injected=true scan=0x70 extra=0x5350494B since_actuation_us=Some(53435993)
2026-09-20T14:25:09.577726Z DEBUG awase::journal: hook ime-mode diagnostic seq=342 elapsed_ms=53511 vk_code=242 is_down=true self_injected=false injected=true scan=112
2026-09-20T14:25:09.577900Z  INFO awase_windows::runtime::key_pipeline: [shadow-toggle] injected IME キー vk=0xF2 はユーザー意図に昇格させない (BUG-14) — belief 追従は may_change_ime refresh 観測に委譲
2026-09-20T14:25:09.577949Z DEBUG awase_windows::runtime::key_pipeline: [engine-input] vk=0xF2 KeyDown ts=53518322us delay=0ms state=Idle mods(c=false s=false a=false w=false) gas_ctrl=false phys_ctrl=false extra=0x5350494B pending_drain=0 gate_active=false l_thumb=None r_thumb=None [diag-ctx] ime_o
2026-09-20T14:25:09.578041Z DEBUG awase::journal: key input seq=343 elapsed_ms=53512 vk_code=242 is_down=true injected=true key_class="Passthrough" state_before="Idle" state_after="Idle" decision="PassThrough" physical="Allow" repeat_count=1 last_timestamp_us=53518322 last_elapsed_ms=0
2026-09-20T14:25:09.578111Z DEBUG awase_windows::runtime::key_pipeline: may_change_ime key passed through → IME refresh scheduled (20ms)
2026-09-20T14:25:09.578252Z DEBUG execute_from_hook: awase_windows::runtime::executor: [relay-passthrough] PassThrough idle: direct OS pass-through (vk=0xf2 down)
2026-09-20T14:25:09.578392Z DEBUG execute_one{generation=None}: awase_windows::runtime::executor: [reinject] vk=0xf2 down (queued passthrough now firing)
2026-09-20T14:25:09.578550Z DEBUG awase_windows::hook: [hook] IME-mode vk=0xF2 down self_injected=true injected=true scan=0x0 extra=0x4B45594D since_actuation_us=Some(53436979)
2026-09-20T14:25:09.580126Z DEBUG awase::journal: hook ime-mode diagnostic seq=344 elapsed_ms=53514 vk_code=242 is_down=true self_injected=true injected=true scan=0
2026-09-20T14:25:09.613156Z DEBUG awase_windows::runtime::ime_refresh: Skipping observer/SSOT write: typing active (idle=31ms)
2026-09-20T14:25:10.117043Z DEBUG awase_windows::observer::ime_observer: IME snapshot: japanese=Some(true) ime_on=Some(false) romaji=Some(true) conv=Some("0x00000019") guard=false
2026-09-20T14:25:10.117162Z DEBUG awase::journal: ime event seq=345 elapsed_ms=54051 event_kind="ObserverReported"
2026-09-20T14:25:10.117238Z DEBUG awase::journal: ime event seq=346 elapsed_ms=54051 event_kind="InputModeObserved"
2026-09-20T14:25:10.117367Z  INFO awase::engine::engine: Engine deactivated (ime=false, romaji=true, japanese=true, user=true, reason=Inactive(ImeOff))
2026-09-20T14:25:10.117612Z DEBUG execute_from_loop:execute_one{generation=None}:dispatch_ime_set_open{open=false generation=None}: awase_windows::runtime::executor: [dispatch-ime] ImmCross async: optimistic applied_snapshot=false (suppress send_engine_state_ime_key)
2026-09-20T14:25:10.119441Z DEBUG execute_from_loop:execute_one{generation=None}: awase_windows::platform: [engine-state-key] suppressed (polling/focus-triggered, enabled=false)
2026-09-20T14:25:10.121002Z DEBUG run_open_chain_async: awase_windows::ime_controller: [warrant-shadow] chain=async open=false origin=EventOrigin { source: SelfActuated { strategy: "engine_decision_async" }, epoch: Generation(0) } warranted
2026-09-20T14:25:10.121079Z  INFO run_open_chain_async:imm_cross_write{open=false}: awase_windows::runtime::open_chain: [apply-ime] ImmCross async: open=false composition_active=false show_seq=0 change_seq=0 (issue #138診断)
2026-09-20T14:25:10.122327Z DEBUG awase_windows::shadow_send_trace: [shadow-send] channel=ImeControl cmd=0x0006 lparam=0 issue_us=54062673
2026-09-20T14:25:10.122343Z DEBUG awase_windows::ime: set_ime_open_for_target: hwnd=HWND(0x15009c) ime_wnd=HWND(0x2406fe) open=false success=true send_elapsed=0ms candidate_visible=false
2026-09-20T14:25:10.122414Z DEBUG run_open_chain_async:imm_cross_write{open=false}: awase_windows::ime: [imm-cross-actuate] hwnd=HWND(0x15009c) open=Written conv=None
2026-09-20T14:25:10.122468Z DEBUG run_open_chain_async: awase::journal: actuation decision seq=347 elapsed_ms=54056 site="DispatchImeSetOpen" caller="None" open=false chain_len=4 attempts_len=1 gate_profile="Standard" gate_kind="MsIme" gate_shadow_known=true gate_shadow_on=true gate_input_mode="Obse
2026-09-20T14:25:10.122643Z DEBUG on_ime_apply_complete{open=false outcome=AppliedWithoutSendInput generation=None reason=EngineDecision}: awase::journal: ime open applied seq=348 elapsed_ms=54056 open=false outcome="AppliedWithoutSendInput" reason="EngineDecision"
2026-09-20T14:25:10.122684Z DEBUG on_ime_apply_complete{open=false outcome=AppliedWithoutSendInput generation=None reason=EngineDecision}: awase_windows::tsf::ime_mode_fsm: [ime-mode] SetOpen(false) applied → Off (belief, unconfirmed)
2026-09-20T14:25:10.122696Z DEBUG on_ime_apply_complete{open=false outcome=AppliedWithoutSendInput generation=None reason=EngineDecision}: awase_windows::platform: [composition] ImeEffect::SetOpen(false) → marking cold (prevent warm+TSF Enter leak)
2026-09-20T14:25:10.122705Z DEBUG on_ime_apply_complete{open=false outcome=AppliedWithoutSendInput generation=None reason=EngineDecision}: awase_windows::tsf::probe: [composition] marked cold reason=SetOpenFalse idle=18446744073709551615ms → next VK/TSF output will send VK_DBE_HIRAGANA warmup
2026-09-20T14:25:10.122791Z DEBUG awase::journal: gji fsm transition seq=349 elapsed_ms=54056 trigger="ImeOff" state_before="MsImeStrategy" state_after="MsImeStrategy"
2026-09-20T14:25:10.163805Z DEBUG awase_windows::observer::ime_observer: IME snapshot: japanese=Some(true) ime_on=Some(false) romaji=Some(true) conv=Some("0x00000019") guard=false
2026-09-20T14:25:10.163897Z DEBUG awase::journal: ime event seq=350 elapsed_ms=54098 event_kind="ObserverReported"
2026-09-20T14:25:10.163937Z DEBUG awase::journal: ime event seq=351 elapsed_ms=54098 event_kind="InputModeObserved"
2026-09-20T14:25:10.667881Z DEBUG awase_windows::observer::ime_observer: IME snapshot: japanese=Some(true) ime_on=Some(false) romaji=Some(true) conv=Some("0x00000019") guard=false
2026-09-20T14:25:10.667967Z DEBUG awase::journal: ime event seq=352 elapsed_ms=54602 event_kind="ObserverReported"
2026-09-20T14:25:10.668006Z DEBUG awase::journal: ime event seq=353 elapsed_ms=54602 event_kind="InputModeObserved"
2026-09-20T14:25:10.836695Z DEBUG awase_windows::runtime::key_pipeline: [engine-input] vk=0x41 KeyDown ts=54777044us delay=0ms state=Idle mods(c=false s=false a=false w=false) gas_ctrl=false phys_ctrl=false extra=0x5350494B pending_drain=0 gate_active=false l_thumb=None r_thumb=None [diag-ctx] ime_o
2026-09-20T14:25:10.836789Z DEBUG awase::journal: key input seq=354 elapsed_ms=54770 vk_code=65 is_down=true injected=true key_class="Char" state_before="Idle" state_after="Idle" decision="PassThrough" physical="Allow" repeat_count=1 last_timestamp_us=54777044 last_elapsed_ms=0
2026-09-20T14:25:10.836930Z DEBUG execute_one{generation=None}: awase_windows::runtime::executor: [reinject] vk=0x41 down (queued passthrough now firing)
2026-09-20T14:25:10.951037Z DEBUG awase_windows::runtime::key_pipeline: [engine-input] vk=0x41 KeyUp ts=54891399us delay=0ms state=Idle mods(c=false s=false a=false w=false) gas_ctrl=false phys_ctrl=false extra=0x5350494B pending_drain=0 gate_active=false l_thumb=None r_thumb=None [diag-ctx] ime_on=
2026-09-20T14:25:10.951130Z DEBUG awase::journal: key input seq=355 elapsed_ms=54885 vk_code=65 is_down=false injected=true key_class="Char" state_before="Idle" state_after="Idle" decision="PassThrough" physical="Allow" repeat_count=1 last_timestamp_us=54891399 last_elapsed_ms=0
2026-09-20T14:25:10.951286Z DEBUG execute_one{generation=None}: awase_windows::runtime::executor: [reinject] vk=0x41 up (queued passthrough now firing)
2026-09-20T14:25:11.198390Z DEBUG awase_windows::runtime::ime_refresh: Skipping observer/SSOT write: typing active (idle=250ms)
2026-09-20T14:25:11.696352Z DEBUG awase_windows::observer::ime_observer: IME snapshot: japanese=Some(true) ime_on=Some(false) romaji=Some(true) conv=Some("0x00000019") guard=false
2026-09-20T14:25:11.696438Z DEBUG awase::journal: ime event seq=356 elapsed_ms=55630 event_kind="ObserverReported"
2026-09-20T14:25:11.696473Z DEBUG awase::journal: ime event seq=357 elapsed_ms=55630 event_kind="InputModeObserved"
2026-09-20T14:25:11.820693Z DEBUG awase_windows::runtime::key_pipeline: [engine-input] vk=0x1B KeyDown ts=55760932us delay=0ms state=Idle mods(c=false s=false a=false w=false) gas_ctrl=false phys_ctrl=false extra=0x5350494B pending_drain=0 gate_active=false l_thumb=None r_thumb=None [diag-ctx] ime_o
2026-09-20T14:25:11.820802Z DEBUG awase::journal: key input seq=358 elapsed_ms=55754 vk_code=27 is_down=true injected=true key_class="Passthrough" state_before="Idle" state_after="Idle" decision="PassThrough" physical="Allow" repeat_count=1 last_timestamp_us=55760932 last_elapsed_ms=0
2026-09-20T14:25:11.820906Z DEBUG execute_from_hook: awase_windows::runtime::executor: [relay-passthrough] PassThrough idle: direct OS pass-through (vk=0x1b down)
2026-09-20T14:25:11.820987Z DEBUG execute_one{generation=None}: awase_windows::runtime::executor: [reinject] vk=0x1b down (queued passthrough now firing)
2026-09-20T14:25:11.883532Z DEBUG awase_windows::runtime::key_pipeline: [engine-input] vk=0x1B KeyUp ts=55823920us delay=0ms state=Idle mods(c=false s=false a=false w=false) gas_ctrl=false phys_ctrl=false extra=0x5350494B pending_drain=0 gate_active=false l_thumb=None r_thumb=None [diag-ctx] ime_on=
2026-09-20T14:25:11.883629Z DEBUG awase::journal: key input seq=359 elapsed_ms=55817 vk_code=27 is_down=false injected=true key_class="Passthrough" state_before="Idle" state_after="Idle" decision="PassThrough" physical="Allow" repeat_count=1 last_timestamp_us=55823920 last_elapsed_ms=0
2026-09-20T14:25:11.883742Z DEBUG execute_from_hook: awase_windows::runtime::executor: [relay-passthrough] PassThrough idle: direct OS pass-through (vk=0x1b up)
2026-09-20T14:25:11.883822Z DEBUG execute_one{generation=None}: awase_windows::runtime::executor: [reinject] vk=0x1b up (queued passthrough now firing)
2026-09-20T14:25:12.197210Z DEBUG awase_windows::runtime::ime_refresh: Skipping observer/SSOT write: typing active (idle=313ms)
2026-09-20T14:25:12.695795Z DEBUG awase_windows::observer::ime_observer: IME snapshot: japanese=Some(true) ime_on=Some(false) romaji=Some(true) conv=Some("0x00000019") guard=false
2026-09-20T14:25:12.695874Z DEBUG awase::journal: ime event seq=360 elapsed_ms=56629 event_kind="ObserverReported"
2026-09-20T14:25:12.695908Z DEBUG awase::journal: ime event seq=361 elapsed_ms=56629 event_kind="InputModeObserved"
2026-09-20T14:25:12.881040Z DEBUG awase_windows::hook: [hook] IME-mode vk=0xF0 up self_injected=false injected=false scan=0x70 extra=0x5350494B since_actuation_us=Some(56739459)
2026-09-20T14:25:12.881232Z DEBUG awase::journal: hook ime-mode diagnostic seq=362 elapsed_ms=56815 vk_code=240 is_down=false self_injected=false injected=false scan=112
2026-09-20T14:25:12.881359Z DEBUG awase_windows::hook: [hook] IME-mode vk=0xF2 down self_injected=false injected=true scan=0x70 extra=0x5350494B since_actuation_us=Some(56739788)
2026-09-20T14:25:12.881383Z DEBUG awase_windows::runtime::key_pipeline: [engine-input] vk=0xF0 KeyUp ts=56821788us delay=0ms state=Idle mods(c=false s=false a=false w=false) gas_ctrl=false phys_ctrl=false extra=0x5350494B pending_drain=0 gate_active=false l_thumb=None r_thumb=None [diag-ctx] ime_on=
2026-09-20T14:25:12.881508Z DEBUG awase::journal: key input seq=363 elapsed_ms=56815 vk_code=240 is_down=false injected=false key_class="Passthrough" state_before="Idle" state_after="Idle" decision="PassThrough" physical="Suppress" repeat_count=1 last_timestamp_us=56821788 last_elapsed_ms=0
2026-09-20T14:25:12.881556Z DEBUG awase_windows::runtime::key_pipeline: [imm-cross] key suppress vk=0xf0 KeyUp (physical disposition)
2026-09-20T14:25:12.881605Z DEBUG awase::journal: hook ime-mode diagnostic seq=364 elapsed_ms=56815 vk_code=242 is_down=true self_injected=false injected=true scan=112
2026-09-20T14:25:12.881673Z  INFO awase_windows::runtime::key_pipeline: [shadow-toggle] injected IME キー vk=0xF2 はユーザー意図に昇格させない (BUG-14) — belief 追従は may_change_ime refresh 観測に委譲
2026-09-20T14:25:12.881702Z DEBUG awase_windows::runtime::key_pipeline: [engine-input] vk=0xF2 KeyDown ts=56822022us delay=0ms state=Idle mods(c=false s=false a=false w=false) gas_ctrl=false phys_ctrl=false extra=0x5350494B pending_drain=0 gate_active=false l_thumb=None r_thumb=None [diag-ctx] ime_o
2026-09-20T14:25:12.881811Z DEBUG awase::journal: key input seq=365 elapsed_ms=56815 vk_code=242 is_down=true injected=true key_class="Passthrough" state_before="Idle" state_after="Idle" decision="PassThrough" physical="Allow" repeat_count=1 last_timestamp_us=56822022 last_elapsed_ms=0
2026-09-20T14:25:12.881851Z DEBUG awase_windows::runtime::key_pipeline: may_change_ime key passed through → IME refresh scheduled (20ms)
2026-09-20T14:25:12.881892Z DEBUG execute_from_hook: awase_windows::runtime::executor: [relay-passthrough] PassThrough idle: direct OS pass-through (vk=0xf2 down)
2026-09-20T14:25:12.881926Z DEBUG execute_one{generation=None}: awase_windows::runtime::executor: [reinject] vk=0xf2 down (queued passthrough now firing)
2026-09-20T14:25:12.882100Z DEBUG awase_windows::hook: [hook] IME-mode vk=0xF0 up self_injected=true injected=false scan=0x0 extra=0x4B45594D since_actuation_us=Some(56740528)
2026-09-20T14:25:12.883388Z DEBUG awase_windows::hook: [hook] IME-mode vk=0xF2 down self_injected=true injected=true scan=0x0 extra=0x4B45594D since_actuation_us=Some(56741813)
2026-09-20T14:25:12.884390Z DEBUG awase::journal: hook ime-mode diagnostic seq=366 elapsed_ms=56818 vk_code=240 is_down=false self_injected=true injected=false scan=0
2026-09-20T14:25:12.884411Z DEBUG awase::journal: hook ime-mode diagnostic seq=367 elapsed_ms=56818 vk_code=242 is_down=true self_injected=true injected=true scan=0
2026-09-20T14:25:12.914421Z DEBUG awase_windows::runtime::ime_refresh: Skipping observer/SSOT write: typing active (idle=31ms)
2026-09-20T14:25:13.429110Z DEBUG awase_windows::observer::ime_observer: IME snapshot: japanese=Some(true) ime_on=Some(true) romaji=None conv=Some("0x00000009") guard=false
2026-09-20T14:25:13.429233Z DEBUG awase::journal: ime event seq=368 elapsed_ms=57362 event_kind="ObserverReported"
2026-09-20T14:25:13.429376Z  INFO awase::engine::engine: Engine activated (ime=true, romaji=true, japanese=true, user=true, reason=Active)
2026-09-20T14:25:13.429560Z DEBUG execute_from_loop:execute_one{generation=None}:dispatch_ime_set_open{open=true generation=None}: awase_windows::runtime::executor: [dispatch-ime] ImmCross async: optimistic applied_snapshot=true (suppress send_engine_state_ime_key)
2026-09-20T14:25:13.431586Z DEBUG execute_from_loop:execute_one{generation=None}: awase_windows::platform: [engine-state-key] suppressed (polling/focus-triggered, enabled=true)
2026-09-20T14:25:13.433892Z DEBUG run_open_chain_async: awase_windows::ime_controller: [warrant-shadow] chain=async open=true origin=EventOrigin { source: SelfActuated { strategy: "engine_decision_async" }, epoch: Generation(0) } warranted
2026-09-20T14:25:13.434030Z  INFO run_open_chain_async:imm_cross_write{open=true}: awase_windows::runtime::open_chain: [apply-ime] ImmCross async: open=true composition_active=false show_seq=0 change_seq=0 (issue #138診断)
2026-09-20T14:25:13.436467Z DEBUG awase_windows::shadow_send_trace: [shadow-send] channel=ImeControl cmd=0x0006 lparam=1 issue_us=57376647
2026-09-20T14:25:13.436490Z DEBUG awase_windows::ime: set_ime_open_for_target: hwnd=HWND(0x15009c) ime_wnd=HWND(0x2406fe) open=true success=true send_elapsed=0ms candidate_visible=false
2026-09-20T14:25:13.437510Z DEBUG awase_windows::shadow_send_trace: [shadow-send] channel=ImeControl cmd=0x0002 lparam=25 issue_us=57377483
2026-09-20T14:25:13.437535Z DEBUG awase_windows::ime: [imm-romaji] conv 0x00000009 → 0x00000019 success=true target=None
2026-09-20T14:25:13.438374Z DEBUG run_open_chain_async:imm_cross_write{open=true}: awase_windows::ime: [imm-cross-actuate] hwnd=HWND(0x15009c) open=Written conv=Some(Written)
2026-09-20T14:25:13.438447Z DEBUG run_open_chain_async:imm_cross_write{open=true}: awase_windows::runtime::open_chain: [apply-ime] ROMAN 補完結果: Written
2026-09-20T14:25:13.438524Z DEBUG run_open_chain_async: awase::journal: actuation decision seq=369 elapsed_ms=57372 site="DispatchImeSetOpen" caller="None" open=true chain_len=4 attempts_len=1 gate_profile="Standard" gate_kind="MsIme" gate_shadow_known=true gate_shadow_on=false gate_input_mode="Obse
2026-09-20T14:25:13.439292Z DEBUG on_ime_apply_complete{open=true outcome=AppliedWithoutSendInput generation=None reason=EngineDecision}: awase::journal: ime open applied seq=370 elapsed_ms=57373 open=true outcome="AppliedWithoutSendInput" reason="EngineDecision"
2026-09-20T14:25:13.439851Z DEBUG on_ime_apply_complete{open=true outcome=AppliedWithoutSendInput generation=None reason=EngineDecision}: awase_windows::tsf::ime_mode_fsm: [ime-mode] SetOpen(true) applied → Hiragana (belief, unconfirmed)
2026-09-20T14:25:13.439937Z DEBUG on_ime_apply_complete{open=true outcome=AppliedWithoutSendInput generation=None reason=EngineDecision}: awase_windows::platform: [composition] ImeEffect::SetOpen(true) → marking cold
2026-09-20T14:25:13.439977Z DEBUG on_ime_apply_complete{open=true outcome=AppliedWithoutSendInput generation=None reason=EngineDecision}: awase_windows::tsf::probe: [composition] marked cold reason=SetOpenTrue idle=18446744073709551615ms → next VK/TSF output will send VK_DBE_HIRAGANA warmup
2026-09-20T14:25:13.440422Z DEBUG awase::journal: gji fsm transition seq=371 elapsed_ms=57373 trigger="ImeOn(gji_idle_ms=57281)" state_before="MsImeStrategy" state_after="MsImeStrategy"
2026-09-20T14:25:13.476043Z DEBUG awase_windows::observer::ime_observer: IME snapshot: japanese=Some(true) ime_on=Some(true) romaji=Some(true) conv=Some("0x00000019") guard=false
2026-09-20T14:25:13.476175Z DEBUG awase::journal: ime event seq=372 elapsed_ms=57409 event_kind="ObserverReported"
2026-09-20T14:25:13.476230Z DEBUG awase::journal: ime event seq=373 elapsed_ms=57409 event_kind="InputModeObserved"
2026-09-20T14:25:13.982473Z DEBUG awase_windows::observer::ime_observer: IME snapshot: japanese=Some(true) ime_on=Some(true) romaji=Some(true) conv=Some("0x00000019") guard=false
2026-09-20T14:25:13.982595Z DEBUG awase::journal: ime event seq=374 elapsed_ms=57916 event_kind="ObserverReported"
2026-09-20T14:25:13.982659Z DEBUG awase::journal: ime event seq=375 elapsed_ms=57916 event_kind="InputModeObserved"
2026-09-20T14:25:14.488298Z DEBUG awase_windows::observer::ime_observer: IME snapshot: japanese=Some(true) ime_on=Some(true) romaji=Some(true) conv=Some("0x00000019") guard=false
2026-09-20T14:25:14.488342Z DEBUG awase::journal: ime event seq=376 elapsed_ms=58421 event_kind="ObserverReported"
2026-09-20T14:25:14.488358Z DEBUG awase::journal: ime event seq=377 elapsed_ms=58421 event_kind="InputModeObserved"
2026-09-20T14:25:14.643760Z DEBUG awase_windows::hook: [hook] IME-mode vk=0xF2 down self_injected=false injected=true scan=0x70 extra=0x5350494B since_actuation_us=Some(58502178)
2026-09-20T14:25:14.643930Z DEBUG awase::journal: hook ime-mode diagnostic seq=378 elapsed_ms=58577 vk_code=242 is_down=true self_injected=false injected=true scan=112
2026-09-20T14:25:14.644109Z  INFO awase_windows::runtime::key_pipeline: [shadow-toggle] injected IME キー vk=0xF2 はユーザー意図に昇格させない (BUG-14) — belief 追従は may_change_ime refresh 観測に委譲
2026-09-20T14:25:14.644159Z DEBUG awase_windows::runtime::key_pipeline: [engine-input] vk=0xF2 KeyDown ts=58584483us delay=0ms state=Idle mods(c=false s=false a=false w=false) gas_ctrl=false phys_ctrl=false extra=0x5350494B pending_drain=0 gate_active=false l_thumb=None r_thumb=None [diag-ctx] ime_o
2026-09-20T14:25:14.644253Z DEBUG awase::journal: key input seq=379 elapsed_ms=58577 vk_code=242 is_down=true injected=true key_class="Passthrough" state_before="Idle" state_after="Idle" decision="PassThrough" physical="Allow" repeat_count=1 last_timestamp_us=58584483 last_elapsed_ms=0
2026-09-20T14:25:14.644329Z DEBUG awase_windows::runtime::key_pipeline: may_change_ime key passed through → IME refresh scheduled (20ms)
2026-09-20T14:25:14.644408Z DEBUG execute_from_hook: awase_windows::runtime::executor: [relay-passthrough] PassThrough idle: direct OS pass-through (vk=0xf2 down)
2026-09-20T14:25:14.644487Z DEBUG execute_one{generation=None}: awase_windows::runtime::executor: [reinject] vk=0xf2 down (queued passthrough now firing)
2026-09-20T14:25:14.645152Z DEBUG awase_windows::hook: [hook] IME-mode vk=0xF2 down self_injected=true injected=true scan=0x0 extra=0x4B45594D since_actuation_us=Some(58503579)
2026-09-20T14:25:14.646560Z DEBUG awase::journal: hook ime-mode diagnostic seq=380 elapsed_ms=58580 vk_code=242 is_down=true self_injected=true injected=true scan=0
2026-09-20T14:25:14.678314Z DEBUG awase_windows::runtime::ime_refresh: Skipping observer/SSOT write: typing active (idle=47ms)
2026-09-20T14:25:15.186206Z DEBUG awase_windows::observer::ime_observer: IME snapshot: japanese=Some(true) ime_on=Some(false) romaji=Some(true) conv=Some("0x00000019") guard=false
2026-09-20T14:25:15.186362Z DEBUG awase::journal: ime event seq=381 elapsed_ms=59119 event_kind="ObserverReported"
2026-09-20T14:25:15.186394Z DEBUG awase::journal: ime event seq=382 elapsed_ms=59119 event_kind="InputModeObserved"
2026-09-20T14:25:15.186489Z  INFO awase::engine::engine: Engine deactivated (ime=false, romaji=true, japanese=true, user=true, reason=Inactive(ImeOff))
2026-09-20T14:25:15.186816Z DEBUG execute_from_loop:execute_one{generation=None}:dispatch_ime_set_open{open=false generation=None}: awase_windows::runtime::executor: [dispatch-ime] ImmCross async: optimistic applied_snapshot=false (suppress send_engine_state_ime_key)
2026-09-20T14:25:15.188352Z DEBUG execute_from_loop:execute_one{generation=None}: awase_windows::platform: [engine-state-key] suppressed (polling/focus-triggered, enabled=false)
2026-09-20T14:25:15.190892Z DEBUG run_open_chain_async: awase_windows::ime_controller: [warrant-shadow] chain=async open=false origin=EventOrigin { source: SelfActuated { strategy: "engine_decision_async" }, epoch: Generation(0) } warranted
2026-09-20T14:25:15.190985Z  INFO run_open_chain_async:imm_cross_write{open=false}: awase_windows::runtime::open_chain: [apply-ime] ImmCross async: open=false composition_active=false show_seq=0 change_seq=0 (issue #138診断)
2026-09-20T14:25:15.193568Z DEBUG awase_windows::shadow_send_trace: [shadow-send] channel=ImeControl cmd=0x0006 lparam=0 issue_us=59133754
2026-09-20T14:25:15.193595Z DEBUG awase_windows::ime: set_ime_open_for_target: hwnd=HWND(0x15009c) ime_wnd=HWND(0x2406fe) open=false success=true send_elapsed=0ms candidate_visible=false
2026-09-20T14:25:15.193829Z DEBUG run_open_chain_async:imm_cross_write{open=false}: awase_windows::ime: [imm-cross-actuate] hwnd=HWND(0x15009c) open=Written conv=None
2026-09-20T14:25:15.193926Z DEBUG run_open_chain_async: awase::journal: actuation decision seq=383 elapsed_ms=59127 site="DispatchImeSetOpen" caller="None" open=false chain_len=4 attempts_len=1 gate_profile="Standard" gate_kind="MsIme" gate_shadow_known=true gate_shadow_on=true gate_input_mode="Obse
2026-09-20T14:25:15.194109Z DEBUG on_ime_apply_complete{open=false outcome=AppliedWithoutSendInput generation=None reason=EngineDecision}: awase::journal: ime open applied seq=384 elapsed_ms=59127 open=false outcome="AppliedWithoutSendInput" reason="EngineDecision"
2026-09-20T14:25:15.194184Z DEBUG on_ime_apply_complete{open=false outcome=AppliedWithoutSendInput generation=None reason=EngineDecision}: awase_windows::tsf::ime_mode_fsm: [ime-mode] SetOpen(false) applied → Off (belief, unconfirmed)
2026-09-20T14:25:15.194203Z DEBUG on_ime_apply_complete{open=false outcome=AppliedWithoutSendInput generation=None reason=EngineDecision}: awase_windows::platform: [composition] ImeEffect::SetOpen(false) → marking cold (prevent warm+TSF Enter leak)
2026-09-20T14:25:15.194219Z DEBUG on_ime_apply_complete{open=false outcome=AppliedWithoutSendInput generation=None reason=EngineDecision}: awase_windows::tsf::probe: [composition] marked cold reason=SetOpenFalse idle=18446744073709551615ms → next VK/TSF output will send VK_DBE_HIRAGANA warmup
2026-09-20T14:25:15.194616Z DEBUG awase::journal: gji fsm transition seq=385 elapsed_ms=59127 trigger="ImeOff" state_before="MsImeStrategy" state_after="MsImeStrategy"
2026-09-20T14:25:15.232098Z DEBUG awase_windows::observer::ime_observer: IME snapshot: japanese=Some(true) ime_on=Some(false) romaji=Some(true) conv=Some("0x00000019") guard=false
2026-09-20T14:25:15.232253Z DEBUG awase::journal: ime event seq=386 elapsed_ms=59165 event_kind="ObserverReported"
2026-09-20T14:25:15.232317Z DEBUG awase::journal: ime event seq=387 elapsed_ms=59165 event_kind="InputModeObserved"
2026-09-20T14:25:15.739064Z DEBUG awase_windows::observer::ime_observer: IME snapshot: japanese=Some(true) ime_on=Some(false) romaji=Some(true) conv=Some("0x00000019") guard=false
2026-09-20T14:25:15.739336Z DEBUG awase::journal: ime event seq=388 elapsed_ms=59672 event_kind="ObserverReported"
2026-09-20T14:25:15.739432Z DEBUG awase::journal: ime event seq=389 elapsed_ms=59672 event_kind="InputModeObserved"
2026-09-20T14:25:15.895568Z DEBUG awase_windows::runtime::key_pipeline: [engine-input] vk=0x41 KeyDown ts=59835819us delay=0ms state=Idle mods(c=false s=false a=false w=false) gas_ctrl=false phys_ctrl=false extra=0x5350494B pending_drain=0 gate_active=false l_thumb=None r_thumb=None [diag-ctx] ime_o
2026-09-20T14:25:15.895719Z DEBUG awase::journal: key input seq=390 elapsed_ms=59829 vk_code=65 is_down=true injected=true key_class="Char" state_before="Idle" state_after="Idle" decision="PassThrough" physical="Allow" repeat_count=1 last_timestamp_us=59835819 last_elapsed_ms=0
2026-09-20T14:25:15.895984Z DEBUG execute_one{generation=None}: awase_windows::runtime::executor: [reinject] vk=0x41 down (queued passthrough now firing)
2026-09-20T14:25:16.019915Z DEBUG awase_windows::runtime::key_pipeline: [engine-input] vk=0x41 KeyUp ts=59960046us delay=0ms state=Idle mods(c=false s=false a=false w=false) gas_ctrl=false phys_ctrl=false extra=0x5350494B pending_drain=0 gate_active=false l_thumb=None r_thumb=None [diag-ctx] ime_on=
2026-09-20T14:25:16.019991Z DEBUG awase::journal: key input seq=391 elapsed_ms=59953 vk_code=65 is_down=false injected=true key_class="Char" state_before="Idle" state_after="Idle" decision="PassThrough" physical="Allow" repeat_count=1 last_timestamp_us=59960046 last_elapsed_ms=0
2026-09-20T14:25:16.020105Z DEBUG execute_one{generation=None}: awase_windows::runtime::executor: [reinject] vk=0x41 up (queued passthrough now firing)
2026-09-20T14:25:16.244394Z DEBUG awase_windows::runtime::ime_refresh: Skipping observer/SSOT write: typing active (idle=234ms)
2026-09-20T14:25:16.752340Z DEBUG awase_windows::observer::ime_observer: IME snapshot: japanese=Some(true) ime_on=Some(false) romaji=Some(true) conv=Some("0x00000019") guard=false
2026-09-20T14:25:16.752411Z DEBUG awase::journal: ime event seq=392 elapsed_ms=60685 event_kind="ObserverReported"
2026-09-20T14:25:16.752437Z DEBUG awase::journal: ime event seq=393 elapsed_ms=60685 event_kind="InputModeObserved"
2026-09-20T14:25:16.906916Z DEBUG awase_windows::runtime::key_pipeline: [engine-input] vk=0x1B KeyDown ts=60847279us delay=0ms state=Idle mods(c=false s=false a=false w=false) gas_ctrl=false phys_ctrl=false extra=0x5350494B pending_drain=0 gate_active=false l_thumb=None r_thumb=None [diag-ctx] ime_o
2026-09-20T14:25:16.906977Z DEBUG awase::journal: key input seq=394 elapsed_ms=60840 vk_code=27 is_down=true injected=true key_class="Passthrough" state_before="Idle" state_after="Idle" decision="PassThrough" physical="Allow" repeat_count=1 last_timestamp_us=60847279 last_elapsed_ms=0
2026-09-20T14:25:16.907043Z DEBUG execute_from_hook: awase_windows::runtime::executor: [relay-passthrough] PassThrough idle: direct OS pass-through (vk=0x1b down)
2026-09-20T14:25:16.907090Z DEBUG execute_one{generation=None}: awase_windows::runtime::executor: [reinject] vk=0x1b down (queued passthrough now firing)
2026-09-20T14:25:16.970372Z DEBUG awase_windows::runtime::key_pipeline: [engine-input] vk=0x1B KeyUp ts=60910700us delay=0ms state=Idle mods(c=false s=false a=false w=false) gas_ctrl=false phys_ctrl=false extra=0x5350494B pending_drain=0 gate_active=false l_thumb=None r_thumb=None [diag-ctx] ime_on=
2026-09-20T14:25:16.970456Z DEBUG awase::journal: key input seq=395 elapsed_ms=60903 vk_code=27 is_down=false injected=true key_class="Passthrough" state_before="Idle" state_after="Idle" decision="PassThrough" physical="Allow" repeat_count=1 last_timestamp_us=60910700 last_elapsed_ms=0
2026-09-20T14:25:16.970508Z DEBUG execute_from_hook: awase_windows::runtime::executor: [relay-passthrough] PassThrough idle: direct OS pass-through (vk=0x1b up)
2026-09-20T14:25:16.970542Z DEBUG execute_one{generation=None}: awase_windows::runtime::executor: [reinject] vk=0x1b up (queued passthrough now firing)
2026-09-20T14:25:17.254556Z DEBUG awase_windows::runtime::ime_refresh: Skipping observer/SSOT write: typing active (idle=281ms)
2026-09-20T14:25:17.752780Z DEBUG awase_windows::observer::ime_observer: IME snapshot: japanese=Some(true) ime_on=Some(false) romaji=Some(true) conv=Some("0x00000019") guard=false
2026-09-20T14:25:17.752817Z DEBUG awase::journal: ime event seq=396 elapsed_ms=61686 event_kind="ObserverReported"
2026-09-20T14:25:17.752831Z DEBUG awase::journal: ime event seq=397 elapsed_ms=61686 event_kind="InputModeObserved"
2026-09-20T14:25:17.907817Z DEBUG awase_windows::hook: [hook] IME-mode vk=0xF0 up self_injected=false injected=false scan=0x70 extra=0x5350494B since_actuation_us=Some(61766237)
2026-09-20T14:25:17.907998Z DEBUG awase::journal: hook ime-mode diagnostic seq=398 elapsed_ms=61841 vk_code=240 is_down=false self_injected=false injected=false scan=112
2026-09-20T14:25:17.907998Z DEBUG awase_windows::hook: [hook] IME-mode vk=0xF2 down self_injected=false injected=true scan=0x70 extra=0x5350494B since_actuation_us=Some(61766424)
2026-09-20T14:25:17.908132Z DEBUG awase_windows::runtime::key_pipeline: [engine-input] vk=0xF0 KeyUp ts=61848499us delay=0ms state=Idle mods(c=false s=false a=false w=false) gas_ctrl=false phys_ctrl=false extra=0x5350494B pending_drain=0 gate_active=false l_thumb=None r_thumb=None [diag-ctx] ime_on=
2026-09-20T14:25:17.908265Z DEBUG awase::journal: key input seq=399 elapsed_ms=61841 vk_code=240 is_down=false injected=false key_class="Passthrough" state_before="Idle" state_after="Idle" decision="PassThrough" physical="Suppress" repeat_count=1 last_timestamp_us=61848499 last_elapsed_ms=0
2026-09-20T14:25:17.908319Z DEBUG awase_windows::runtime::key_pipeline: [imm-cross] key suppress vk=0xf0 KeyUp (physical disposition)
2026-09-20T14:25:17.908366Z DEBUG awase::journal: hook ime-mode diagnostic seq=400 elapsed_ms=61841 vk_code=242 is_down=true self_injected=false injected=true scan=112
2026-09-20T14:25:17.908434Z  INFO awase_windows::runtime::key_pipeline: [shadow-toggle] injected IME キー vk=0xF2 はユーザー意図に昇格させない (BUG-14) — belief 追従は may_change_ime refresh 観測に委譲
2026-09-20T14:25:17.908458Z DEBUG awase_windows::runtime::key_pipeline: [engine-input] vk=0xF2 KeyDown ts=61848686us delay=0ms state=Idle mods(c=false s=false a=false w=false) gas_ctrl=false phys_ctrl=false extra=0x5350494B pending_drain=0 gate_active=false l_thumb=None r_thumb=None [diag-ctx] ime_o
2026-09-20T14:25:17.908515Z DEBUG awase::journal: key input seq=401 elapsed_ms=61841 vk_code=242 is_down=true injected=true key_class="Passthrough" state_before="Idle" state_after="Idle" decision="PassThrough" physical="Allow" repeat_count=1 last_timestamp_us=61848686 last_elapsed_ms=0
2026-09-20T14:25:17.908579Z DEBUG awase_windows::runtime::key_pipeline: may_change_ime key passed through → IME refresh scheduled (20ms)
2026-09-20T14:25:17.909171Z DEBUG execute_from_hook: awase_windows::runtime::executor: [relay-passthrough] PassThrough idle: direct OS pass-through (vk=0xf2 down)
2026-09-20T14:25:17.909262Z DEBUG execute_one{generation=None}: awase_windows::runtime::executor: [reinject] vk=0xf2 down (queued passthrough now firing)
2026-09-20T14:25:17.909647Z DEBUG awase_windows::hook: [hook] IME-mode vk=0xF0 up self_injected=true injected=false scan=0x0 extra=0x4B45594D since_actuation_us=Some(61768066)
2026-09-20T14:25:17.910974Z DEBUG awase_windows::hook: [hook] IME-mode vk=0xF2 down self_injected=true injected=true scan=0x0 extra=0x4B45594D since_actuation_us=Some(61769394)
2026-09-20T14:25:17.912399Z DEBUG awase::journal: hook ime-mode diagnostic seq=402 elapsed_ms=61845 vk_code=240 is_down=false self_injected=true injected=false scan=0
2026-09-20T14:25:17.912440Z DEBUG awase::journal: hook ime-mode diagnostic seq=403 elapsed_ms=61845 vk_code=242 is_down=true self_injected=true injected=true scan=0
2026-09-20T14:25:17.941130Z DEBUG awase_windows::runtime::ime_refresh: Skipping observer/SSOT write: typing active (idle=31ms)
2026-09-20T14:25:18.440959Z DEBUG awase_windows::observer::ime_observer: IME snapshot: japanese=Some(true) ime_on=Some(true) romaji=None conv=Some("0x00000009") guard=false
2026-09-20T14:25:18.441063Z DEBUG awase::journal: ime event seq=404 elapsed_ms=62374 event_kind="ObserverReported"
2026-09-20T14:25:18.441143Z  INFO awase::engine::engine: Engine activated (ime=true, romaji=true, japanese=true, user=true, reason=Active)
2026-09-20T14:25:18.441293Z DEBUG execute_from_loop:execute_one{generation=None}:dispatch_ime_set_open{open=true generation=None}: awase_windows::runtime::executor: [dispatch-ime] ImmCross async: optimistic applied_snapshot=true (suppress send_engine_state_ime_key)
2026-09-20T14:25:18.442635Z DEBUG execute_from_loop:execute_one{generation=None}: awase_windows::platform: [engine-state-key] suppressed (polling/focus-triggered, enabled=true)
2026-09-20T14:25:18.444016Z DEBUG run_open_chain_async: awase_windows::ime_controller: [warrant-shadow] chain=async open=true origin=EventOrigin { source: SelfActuated { strategy: "engine_decision_async" }, epoch: Generation(0) } warranted
2026-09-20T14:25:18.444148Z  INFO run_open_chain_async:imm_cross_write{open=true}: awase_windows::runtime::open_chain: [apply-ime] ImmCross async: open=true composition_active=false show_seq=0 change_seq=0 (issue #138診断)
2026-09-20T14:25:18.445854Z DEBUG awase_windows::shadow_send_trace: [shadow-send] channel=ImeControl cmd=0x0006 lparam=1 issue_us=62386242
2026-09-20T14:25:18.445872Z DEBUG awase_windows::ime: set_ime_open_for_target: hwnd=HWND(0x15009c) ime_wnd=HWND(0x2406fe) open=true success=true send_elapsed=0ms candidate_visible=false
2026-09-20T14:25:18.446266Z DEBUG awase_windows::shadow_send_trace: [shadow-send] channel=ImeControl cmd=0x0002 lparam=25 issue_us=62386601
2026-09-20T14:25:18.446282Z DEBUG awase_windows::ime: [imm-romaji] conv 0x00000009 → 0x00000019 success=true target=None
2026-09-20T14:25:18.446613Z DEBUG run_open_chain_async:imm_cross_write{open=true}: awase_windows::ime: [imm-cross-actuate] hwnd=HWND(0x15009c) open=Written conv=Some(Written)
2026-09-20T14:25:18.446661Z DEBUG run_open_chain_async:imm_cross_write{open=true}: awase_windows::runtime::open_chain: [apply-ime] ROMAN 補完結果: Written
2026-09-20T14:25:18.446720Z DEBUG run_open_chain_async: awase::journal: actuation decision seq=405 elapsed_ms=62379 site="DispatchImeSetOpen" caller="None" open=true chain_len=4 attempts_len=1 gate_profile="Standard" gate_kind="MsIme" gate_shadow_known=true gate_shadow_on=false gate_input_mode="Obse
2026-09-20T14:25:18.447087Z DEBUG on_ime_apply_complete{open=true outcome=AppliedWithoutSendInput generation=None reason=EngineDecision}: awase::journal: ime open applied seq=406 elapsed_ms=62380 open=true outcome="AppliedWithoutSendInput" reason="EngineDecision"
2026-09-20T14:25:18.447320Z DEBUG on_ime_apply_complete{open=true outcome=AppliedWithoutSendInput generation=None reason=EngineDecision}: awase_windows::tsf::ime_mode_fsm: [ime-mode] SetOpen(true) applied → Hiragana (belief, unconfirmed)
2026-09-20T14:25:18.447376Z DEBUG on_ime_apply_complete{open=true outcome=AppliedWithoutSendInput generation=None reason=EngineDecision}: awase_windows::platform: [composition] ImeEffect::SetOpen(true) → marking cold
2026-09-20T14:25:18.447411Z DEBUG on_ime_apply_complete{open=true outcome=AppliedWithoutSendInput generation=None reason=EngineDecision}: awase_windows::tsf::probe: [composition] marked cold reason=SetOpenTrue idle=18446744073709551615ms → next VK/TSF output will send VK_DBE_HIRAGANA warmup
2026-09-20T14:25:18.447623Z DEBUG awase::journal: gji fsm transition seq=407 elapsed_ms=62380 trigger="ImeOn(gji_idle_ms=62297)" state_before="MsImeStrategy" state_after="MsImeStrategy"
2026-09-20T14:25:18.488338Z DEBUG awase_windows::observer::ime_observer: IME snapshot: japanese=Some(true) ime_on=Some(true) romaji=Some(true) conv=Some("0x00000019") guard=false
2026-09-20T14:25:18.488421Z DEBUG awase::journal: ime event seq=408 elapsed_ms=62421 event_kind="ObserverReported"
2026-09-20T14:25:18.488455Z DEBUG awase::journal: ime event seq=409 elapsed_ms=62421 event_kind="InputModeObserved"
2026-09-20T14:25:18.977354Z DEBUG awase_windows::observer::ime_observer: IME snapshot: japanese=Some(true) ime_on=Some(true) romaji=Some(true) conv=Some("0x00000019") guard=false
2026-09-20T14:25:18.977394Z DEBUG awase::journal: ime event seq=410 elapsed_ms=62910 event_kind="ObserverReported"
2026-09-20T14:25:18.977408Z DEBUG awase::journal: ime event seq=411 elapsed_ms=62910 event_kind="InputModeObserved"
2026-09-20T14:25:19.483821Z DEBUG awase_windows::observer::ime_observer: IME snapshot: japanese=Some(true) ime_on=Some(true) romaji=Some(true) conv=Some("0x00000019") guard=false
2026-09-20T14:25:19.483900Z DEBUG awase::journal: ime event seq=412 elapsed_ms=63416 event_kind="ObserverReported"
2026-09-20T14:25:19.483924Z DEBUG awase::journal: ime event seq=413 elapsed_ms=63416 event_kind="InputModeObserved"
2026-09-20T14:25:19.655167Z DEBUG awase_windows::hook: [hook] IME-mode vk=0xF2 down self_injected=false injected=true scan=0x70 extra=0x5350494B since_actuation_us=Some(63513585)
2026-09-20T14:25:19.655318Z DEBUG awase::journal: hook ime-mode diagnostic seq=414 elapsed_ms=63588 vk_code=242 is_down=true self_injected=false injected=true scan=112
2026-09-20T14:25:19.655524Z  INFO awase_windows::runtime::key_pipeline: [shadow-toggle] injected IME キー vk=0xF2 はユーザー意図に昇格させない (BUG-14) — belief 追従は may_change_ime refresh 観測に委譲
2026-09-20T14:25:19.655567Z DEBUG awase_windows::runtime::key_pipeline: [engine-input] vk=0xF2 KeyDown ts=63595870us delay=0ms state=Idle mods(c=false s=false a=false w=false) gas_ctrl=false phys_ctrl=false extra=0x5350494B pending_drain=0 gate_active=false l_thumb=None r_thumb=None [diag-ctx] ime_o
2026-09-20T14:25:19.655647Z DEBUG awase::journal: key input seq=415 elapsed_ms=63588 vk_code=242 is_down=true injected=true key_class="Passthrough" state_before="Idle" state_after="Idle" decision="PassThrough" physical="Allow" repeat_count=1 last_timestamp_us=63595870 last_elapsed_ms=0
2026-09-20T14:25:19.655712Z DEBUG awase_windows::runtime::key_pipeline: may_change_ime key passed through → IME refresh scheduled (20ms)
2026-09-20T14:25:19.655779Z DEBUG execute_from_hook: awase_windows::runtime::executor: [relay-passthrough] PassThrough idle: direct OS pass-through (vk=0xf2 down)
2026-09-20T14:25:19.655869Z DEBUG execute_one{generation=None}: awase_windows::runtime::executor: [reinject] vk=0xf2 down (queued passthrough now firing)
2026-09-20T14:25:19.656161Z DEBUG awase_windows::hook: [hook] IME-mode vk=0xF2 down self_injected=true injected=true scan=0x0 extra=0x4B45594D since_actuation_us=Some(63514589)
2026-09-20T14:25:19.657103Z DEBUG awase::journal: hook ime-mode diagnostic seq=416 elapsed_ms=63590 vk_code=242 is_down=true self_injected=true injected=true scan=0
2026-09-20T14:25:19.689822Z DEBUG awase_windows::runtime::ime_refresh: Skipping observer/SSOT write: typing active (idle=31ms)
2026-09-20T14:25:20.196249Z DEBUG awase_windows::observer::ime_observer: IME snapshot: japanese=Some(true) ime_on=Some(false) romaji=Some(true) conv=Some("0x00000019") guard=false
2026-09-20T14:25:20.196291Z DEBUG awase::journal: ime event seq=417 elapsed_ms=64129 event_kind="ObserverReported"
2026-09-20T14:25:20.196304Z DEBUG awase::journal: ime event seq=418 elapsed_ms=64129 event_kind="InputModeObserved"
2026-09-20T14:25:20.196352Z  INFO awase::engine::engine: Engine deactivated (ime=false, romaji=true, japanese=true, user=true, reason=Inactive(ImeOff))
2026-09-20T14:25:20.196417Z DEBUG execute_from_loop:execute_one{generation=None}:dispatch_ime_set_open{open=false generation=None}: awase_windows::runtime::executor: [dispatch-ime] ImmCross async: optimistic applied_snapshot=false (suppress send_engine_state_ime_key)
2026-09-20T14:25:20.197646Z DEBUG execute_from_loop:execute_one{generation=None}: awase_windows::platform: [engine-state-key] suppressed (polling/focus-triggered, enabled=false)
2026-09-20T14:25:20.200084Z DEBUG run_open_chain_async: awase_windows::ime_controller: [warrant-shadow] chain=async open=false origin=EventOrigin { source: SelfActuated { strategy: "engine_decision_async" }, epoch: Generation(0) } warranted
2026-09-20T14:25:20.200303Z  INFO run_open_chain_async:imm_cross_write{open=false}: awase_windows::runtime::open_chain: [apply-ime] ImmCross async: open=false composition_active=false show_seq=0 change_seq=0 (issue #138診断)
2026-09-20T14:25:20.202045Z DEBUG awase_windows::shadow_send_trace: [shadow-send] channel=ImeControl cmd=0x0006 lparam=0 issue_us=64142305
2026-09-20T14:25:20.202076Z DEBUG awase_windows::ime: set_ime_open_for_target: hwnd=HWND(0x15009c) ime_wnd=HWND(0x2406fe) open=false success=true send_elapsed=0ms candidate_visible=false
2026-09-20T14:25:20.202299Z DEBUG run_open_chain_async:imm_cross_write{open=false}: awase_windows::ime: [imm-cross-actuate] hwnd=HWND(0x15009c) open=Written conv=None
2026-09-20T14:25:20.202403Z DEBUG run_open_chain_async: awase::journal: actuation decision seq=419 elapsed_ms=64135 site="DispatchImeSetOpen" caller="None" open=false chain_len=4 attempts_len=1 gate_profile="Standard" gate_kind="MsIme" gate_shadow_known=true gate_shadow_on=true gate_input_mode="Obse
2026-09-20T14:25:20.202656Z DEBUG on_ime_apply_complete{open=false outcome=AppliedWithoutSendInput generation=None reason=EngineDecision}: awase::journal: ime open applied seq=420 elapsed_ms=64135 open=false outcome="AppliedWithoutSendInput" reason="EngineDecision"
2026-09-20T14:25:20.202729Z DEBUG on_ime_apply_complete{open=false outcome=AppliedWithoutSendInput generation=None reason=EngineDecision}: awase_windows::tsf::ime_mode_fsm: [ime-mode] SetOpen(false) applied → Off (belief, unconfirmed)
2026-09-20T14:25:20.202782Z DEBUG on_ime_apply_complete{open=false outcome=AppliedWithoutSendInput generation=None reason=EngineDecision}: awase_windows::platform: [composition] ImeEffect::SetOpen(false) → marking cold (prevent warm+TSF Enter leak)
2026-09-20T14:25:20.202894Z DEBUG on_ime_apply_complete{open=false outcome=AppliedWithoutSendInput generation=None reason=EngineDecision}: awase_windows::tsf::probe: [composition] marked cold reason=SetOpenFalse idle=18446744073709551615ms → next VK/TSF output will send VK_DBE_HIRAGANA warmup
2026-09-20T14:25:20.203008Z DEBUG awase::journal: gji fsm transition seq=421 elapsed_ms=64135 trigger="ImeOff" state_before="MsImeStrategy" state_after="MsImeStrategy"
2026-09-20T14:25:20.244141Z DEBUG awase_windows::observer::ime_observer: IME snapshot: japanese=Some(true) ime_on=Some(false) romaji=Some(true) conv=Some("0x00000019") guard=false
2026-09-20T14:25:20.244291Z DEBUG awase::journal: ime event seq=422 elapsed_ms=64177 event_kind="ObserverReported"
2026-09-20T14:25:20.244353Z DEBUG awase::journal: ime event seq=423 elapsed_ms=64177 event_kind="InputModeObserved"
2026-09-20T14:25:20.744784Z DEBUG awase_windows::observer::ime_observer: IME snapshot: japanese=Some(true) ime_on=Some(false) romaji=Some(true) conv=Some("0x00000019") guard=false
2026-09-20T14:25:20.744861Z DEBUG awase::journal: ime event seq=424 elapsed_ms=64677 event_kind="ObserverReported"
2026-09-20T14:25:20.744889Z DEBUG awase::journal: ime event seq=425 elapsed_ms=64677 event_kind="InputModeObserved"
2026-09-20T14:25:20.849666Z DEBUG awase_windows::runtime::key_pipeline: [engine-input] vk=0x41 KeyDown ts=64790063us delay=0ms state=Idle mods(c=false s=false a=false w=false) gas_ctrl=false phys_ctrl=false extra=0x5350494B pending_drain=0 gate_active=false l_thumb=None r_thumb=None [diag-ctx] ime_o
2026-09-20T14:25:20.849761Z DEBUG awase::journal: key input seq=426 elapsed_ms=64782 vk_code=65 is_down=true injected=true key_class="Char" state_before="Idle" state_after="Idle" decision="PassThrough" physical="Allow" repeat_count=1 last_timestamp_us=64790063 last_elapsed_ms=0
2026-09-20T14:25:20.849899Z DEBUG execute_one{generation=None}: awase_windows::runtime::executor: [reinject] vk=0x41 down (queued passthrough now firing)
2026-09-20T14:25:20.959430Z DEBUG awase_windows::runtime::key_pipeline: [engine-input] vk=0x41 KeyUp ts=64899839us delay=0ms state=Idle mods(c=false s=false a=false w=false) gas_ctrl=false phys_ctrl=false extra=0x5350494B pending_drain=0 gate_active=false l_thumb=None r_thumb=None [diag-ctx] ime_on=
2026-09-20T14:25:20.959481Z DEBUG awase::journal: key input seq=427 elapsed_ms=64892 vk_code=65 is_down=false injected=true key_class="Char" state_before="Idle" state_after="Idle" decision="PassThrough" physical="Allow" repeat_count=1 last_timestamp_us=64899839 last_elapsed_ms=0
2026-09-20T14:25:20.959555Z DEBUG execute_one{generation=None}: awase_windows::runtime::executor: [reinject] vk=0x41 up (queued passthrough now firing)
2026-09-20T14:25:21.247347Z DEBUG awase_windows::runtime::ime_refresh: Skipping observer/SSOT write: typing active (idle=281ms)
2026-09-20T14:25:21.750393Z DEBUG awase_windows::observer::ime_observer: IME snapshot: japanese=Some(true) ime_on=Some(false) romaji=Some(true) conv=Some("0x00000019") guard=false
2026-09-20T14:25:21.750478Z DEBUG awase::journal: ime event seq=428 elapsed_ms=65683 event_kind="ObserverReported"
2026-09-20T14:25:21.750513Z DEBUG awase::journal: ime event seq=429 elapsed_ms=65683 event_kind="InputModeObserved"
2026-09-20T14:25:21.842110Z DEBUG awase_windows::runtime::key_pipeline: [engine-input] vk=0x1B KeyDown ts=65782448us delay=0ms state=Idle mods(c=false s=false a=false w=false) gas_ctrl=false phys_ctrl=false extra=0x5350494B pending_drain=0 gate_active=false l_thumb=None r_thumb=None [diag-ctx] ime_o
2026-09-20T14:25:21.842197Z DEBUG awase::journal: key input seq=430 elapsed_ms=65774 vk_code=27 is_down=true injected=true key_class="Passthrough" state_before="Idle" state_after="Idle" decision="PassThrough" physical="Allow" repeat_count=1 last_timestamp_us=65782448 last_elapsed_ms=0
2026-09-20T14:25:21.842281Z DEBUG execute_from_hook: awase_windows::runtime::executor: [relay-passthrough] PassThrough idle: direct OS pass-through (vk=0x1b down)
2026-09-20T14:25:21.842468Z DEBUG execute_one{generation=None}: awase_windows::runtime::executor: [reinject] vk=0x1b down (queued passthrough now firing)
2026-09-20T14:25:21.905336Z DEBUG awase_windows::runtime::key_pipeline: [engine-input] vk=0x1B KeyUp ts=65845714us delay=0ms state=Idle mods(c=false s=false a=false w=false) gas_ctrl=false phys_ctrl=false extra=0x5350494B pending_drain=0 gate_active=false l_thumb=None r_thumb=None [diag-ctx] ime_on=
2026-09-20T14:25:21.905452Z DEBUG awase::journal: key input seq=431 elapsed_ms=65838 vk_code=27 is_down=false injected=true key_class="Passthrough" state_before="Idle" state_after="Idle" decision="PassThrough" physical="Allow" repeat_count=1 last_timestamp_us=65845714 last_elapsed_ms=0
2026-09-20T14:25:21.905557Z DEBUG execute_from_hook: awase_windows::runtime::executor: [relay-passthrough] PassThrough idle: direct OS pass-through (vk=0x1b up)
2026-09-20T14:25:21.905638Z DEBUG execute_one{generation=None}: awase_windows::runtime::executor: [reinject] vk=0x1b up (queued passthrough now firing)
2026-09-20T14:25:22.254383Z DEBUG awase_windows::runtime::ime_refresh: Skipping observer/SSOT write: typing active (idle=343ms)
2026-09-20T14:25:22.754141Z DEBUG awase_windows::observer::ime_observer: IME snapshot: japanese=Some(true) ime_on=Some(false) romaji=Some(true) conv=Some("0x00000019") guard=false
2026-09-20T14:25:22.754176Z DEBUG awase::journal: ime event seq=432 elapsed_ms=66686 event_kind="ObserverReported"
2026-09-20T14:25:22.754190Z DEBUG awase::journal: ime event seq=433 elapsed_ms=66686 event_kind="InputModeObserved"
2026-09-20T14:25:23.242326Z DEBUG awase_windows::observer::ime_observer: IME snapshot: japanese=Some(true) ime_on=Some(false) romaji=Some(true) conv=Some("0x00000019") guard=false
2026-09-20T14:25:23.242429Z DEBUG awase::journal: ime event seq=434 elapsed_ms=67174 event_kind="ObserverReported"
2026-09-20T14:25:23.242473Z DEBUG awase::journal: ime event seq=435 elapsed_ms=67175 event_kind="InputModeObserved"
2026-09-20T14:25:23.746729Z DEBUG awase_windows::observer::ime_observer: IME snapshot: japanese=Some(true) ime_on=Some(false) romaji=Some(true) conv=Some("0x00000019") guard=false
2026-09-20T14:25:23.746768Z DEBUG awase::journal: ime event seq=436 elapsed_ms=67679 event_kind="ObserverReported"
2026-09-20T14:25:23.746782Z DEBUG awase::journal: ime event seq=437 elapsed_ms=67679 event_kind="InputModeObserved"
2026-09-20T14:25:24.253083Z DEBUG awase_windows::observer::ime_observer: IME snapshot: japanese=Some(true) ime_on=Some(false) romaji=Some(true) conv=Some("0x00000019") guard=false
2026-09-20T14:25:24.253178Z DEBUG awase::journal: ime event seq=438 elapsed_ms=68185 event_kind="ObserverReported"
2026-09-20T14:25:24.253209Z DEBUG awase::journal: ime event seq=439 elapsed_ms=68185 event_kind="InputModeObserved"
2026-09-20T14:25:24.390479Z DEBUG awase_windows::runtime: [focus-sync] hwnd=0x3031E class="CASCADIA_HOSTING_WINDOW_CLASS" app_kind=Win32 hint=ForceTsf → mode=Tsf
2026-09-20T14:25:24.390592Z DEBUG awase_windows::tsf::tsf_gate: [tsf-gate] focus change → PendingWarmup (held cleared)
2026-09-20T14:25:24.395087Z DEBUG awase_windows::runtime: [focus-sync] hwnd=0x40048 class="Windows.UI.Composition.DesktopWindowContentBridge" app_kind=Win32 hint=Default → mode=Unicode
2026-09-20T14:25:24.395147Z DEBUG awase_windows::output: [tsf-gate] focus change while PendingWarmup — held バッファを保持して再初期化スキップ (Chrome等の連続フォーカスイベント対策)
2026-09-20T14:25:24.398332Z DEBUG awase_windows::runtime: [focus-sync] hwnd=0x200C8 class="Windows.UI.Input.InputSite.WindowClass" app_kind=Uwp hint=ForceTsf → mode=Tsf
2026-09-20T14:25:24.398402Z DEBUG awase_windows::output: [tsf-gate] focus change while PendingWarmup — held バッファを保持して再初期化スキップ (Chrome等の連続フォーカスイベント対策)
2026-09-20T14:25:24.474470Z  INFO apply_focus_probe_result: awase_windows::runtime::focus_tracking: AppKind changed: Win32 → Uwp (class=Windows.UI.Input.InputSite.WindowClass)
2026-09-20T14:25:24.479140Z DEBUG apply_focus_probe_result: awase_windows::runtime::focus_tracking: Focus kind changed: TextInput → Undetermined (reason=Undetermined)
2026-09-20T14:25:24.479537Z DEBUG apply_focus_probe_result: awase::journal: focus transition seq=440 elapsed_ms=68411 changed_process=true changed_window=true changed_app_kind=true changed_focus_kind=true dwell_ms=62375 profile="TsfNative"
2026-09-20T14:25:24.479900Z  INFO apply_focus_probe_result: awase_windows::runtime::focus_tracking: FocusChange [19956→19092] Windows.UI.Input.InputSite.WindowClass: stale ime_on=false intent=None mode=ObservedRomaji japanese=true
2026-09-20T14:25:24.479936Z DEBUG apply_focus_probe_result: awase_windows::tsf::probe: [composition] focus changed → marked cold
2026-09-20T14:25:24.479967Z DEBUG apply_focus_probe_result: awase_windows::runtime: [keymap] active rules recomputed: 0 rule(s) for process="windowsterminal.exe"
2026-09-20T14:25:24.479996Z DEBUG apply_focus_probe_result: awase_windows::runtime::focus_tracking: [keymap] active rules updated on focus change: 0 rule(s) (hwnd=HWND(0x200c8) kind=Undetermined focus_epoch=3)
2026-09-20T14:25:24.480050Z DEBUG apply_focus_probe_result:reduce: awase_windows::state::ime_model: [explicit-intent] cleared (focus change)
2026-09-20T14:25:24.480096Z DEBUG apply_focus_probe_result: awase::journal: ime event seq=441 elapsed_ms=68412 event_kind="FocusChanged"
2026-09-20T14:25:24.480183Z DEBUG apply_focus_probe_result: awase_windows::runtime::focus_tracking: [focus] TsfNative/SSOT: cache restore スキップ (desired_open=true cache_hwnd=Some(131272) new_hwnd=131272) — 最初のキー入力で dispatch_ime が apply
2026-09-20T14:25:24.480370Z  INFO awase::engine::engine: Engine activated (ime=true, romaji=true, japanese=true, user=true, reason=Active)
2026-09-20T14:25:24.480429Z DEBUG execute_from_loop: awase_windows::runtime::executor: [focus-settle] SetOpen(true) effect stripped from decision (focus transition barrier still settling)
2026-09-20T14:25:24.482340Z DEBUG execute_from_loop:execute_one{generation=None}: awase_windows::platform: [engine-state-key] suppressed (polling/focus-triggered, enabled=true)
2026-09-20T14:25:24.482483Z DEBUG awase_windows::runtime: [focus-settle] SetOpen stripped from execute_from_loop decision → 250ms 後に refresh で再試行
2026-09-20T14:25:24.482605Z DEBUG awase_windows::runtime::ime_refresh: Skipping IMM query for known-broken class (shadow state SSOT)
2026-09-20T14:25:24.482655Z DEBUG awase_windows::runtime::ime_refresh: [composition] focus change → marking cold
2026-09-20T14:25:24.482681Z DEBUG awase_windows::tsf::probe: [composition] marked cold reason=FocusChange idle=18446744073709551615ms → next VK/TSF output will send VK_DBE_HIRAGANA warmup
2026-09-20T14:25:24.482807Z DEBUG awase_windows::tsf::ime_mode_fsm: [ime-mode] FocusChange → Unknown
2026-09-20T14:25:24.482871Z DEBUG awase::journal: gji fsm transition seq=442 elapsed_ms=68415 trigger="FocusChange(gji_idle_ms=68328)" state_before="MsImeStrategy" state_after="MsImeStrategy"
2026-09-20T14:25:24.482926Z DEBUG awase_windows::runtime::ime_refresh: [composition] FocusChange: send_eager_tsf_warmup called (ime_on via warmup_ime_on())
2026-09-20T14:25:24.487942Z DEBUG awase_windows::ime: [idle-conv-check-diag] focused_hwnd=HWND(0x200c8) ime_wnd=Some(HWND(0x304b8))
2026-09-20T14:25:24.490068Z DEBUG awase_windows::tsf::ime_mode_fsm: [ime-mode] cold hint: Unknown → Hiragana (conv=0x00000009, unconfirmed)
2026-09-20T14:25:24.744736Z DEBUG awase_windows::runtime::ime_refresh: Skipping IMM query for known-broken class (shadow state SSOT)
2026-09-20T14:25:28.116205Z  WARN awase_windows::runtime::message_handlers: Hook watchdog: no activity for 6218ms (OS全体の最終入力は6218ms前、OSも無操作のため単なるアイドルの可能性が高い)
2026-09-20T14:25:31.121826Z  WARN awase_windows::runtime::message_handlers: Hook watchdog: no activity for 9218ms (OS全体の最終入力は9218ms前、OSも無操作のため単なるアイドルの可能性が高い)
2026-09-20T14:25:34.128212Z  WARN awase_windows::runtime::message_handlers: Hook watchdog: no activity for 12218ms (OS全体の最終入力は12218ms前、OSも無操作のため単なるアイドルの可能性が高い)
2026-09-20T14:25:37.116748Z  WARN awase_windows::runtime::message_handlers: Hook watchdog: no activity for 15218ms (OS全体の最終入力は15218ms前、OSも無操作のため単なるアイドルの可能性が高い)
2026-09-20T14:25:40.120730Z  WARN awase_windows::runtime::message_handlers: Hook watchdog: no activity for 18218ms (OS全体の最終入力は18218ms前、OSも無操作のため単なるアイドルの可能性が高い)
2026-09-20T14:25:43.114250Z  WARN awase_windows::runtime::message_handlers: Hook watchdog: no activity for 21218ms (OS全体の最終入力は21218ms前、OSも無操作のため単なるアイドルの可能性が高い)
2026-09-20T14:25:46.115118Z  WARN awase_windows::runtime::message_handlers: Hook watchdog: no activity for 24218ms (OS全体の最終入力は24218ms前、OSも無操作のため単なるアイドルの可能性が高い)
2026-09-20T14:25:49.122653Z  WARN awase_windows::runtime::message_handlers: Hook watchdog: no activity for 27218ms (OS全体の最終入力は27218ms前、OSも無操作のため単なるアイドルの可能性が高い)
2026-09-20T14:25:52.127080Z  WARN awase_windows::runtime::message_handlers: Hook watchdog: no activity for 30218ms (OS全体の最終入力は30218ms前、OSも無操作のため単なるアイドルの可能性が高い)
2026-09-20T14:25:55.120017Z  WARN awase_windows::runtime::message_handlers: Hook watchdog: no activity for 33218ms (OS全体の最終入力は33218ms前、OSも無操作のため単なるアイドルの可能性が高い)
2026-09-20T14:25:58.125349Z  WARN awase_windows::runtime::message_handlers: Hook watchdog: no activity for 36218ms (OS全体の最終入力は36218ms前、OSも無操作のため単なるアイドルの可能性が高い)
2026-09-20T14:26:01.119773Z  WARN awase_windows::runtime::message_handlers: Hook watchdog: no activity for 39218ms (OS全体の最終入力は39218ms前、OSも無操作のため単なるアイドルの可能性が高い)
2026-09-20T14:26:04.123023Z  WARN awase_windows::runtime::message_handlers: Hook watchdog: no activity for 42218ms (OS全体の最終入力は42218ms前、OSも無操作のため単なるアイドルの可能性が高い)
script error: Output type incorrect: bool (expecting ())
